steps,epi,revenue,cost_total,cost_heat,cost_co2,cost_elec,fruit_dm_growth,energy_heat_kwh_m2,energy_elec_kwh_m2,co2_kg_m2,t_in_in_corridor_pct,t_in_violation_steps,t_in_violation_area,co2_in_corridor_pct,co2_violation_steps,co2_violation_area,rh_in_corridor_pct,rh_violation_steps,rh_violation_area,violation_steps_total,boiler_sum,lamp_sum,co2_injection_sum,vent_sum,solver_failures,steps_expected,season_fraction,truncated,solver_aborted,stop_reason,block,condition,factor,value,seed,test_year,regen_id,config_hash,git_sha,image,nonzero,xi_uboil,rep
5760,4.508733655098398,12.243854226644746,7.735120571546349,4.755424205892002,2.8719775342578955,0.10771883139645064,497406.57795744285,52.83804673213336,0.35906277132150216,9.57325844752632,64.34027777777777,2054,2323.558843612671,100.0,0,0.0,60.954861111111114,2249,5805.632026672363,4303,1625.7860531610213,12.381474826045793,2127.3907659071715,1498.1318861130117,0,5760,1.0,False,False,complete,design,mpc_horizon=8,mpc_horizon,8.0,0,2020,regen-v2,637c6b535a9e,86e95e8,local,,,
5760,3.614909147313293,11.861187190067026,8.246278042753733,4.69059764751408,3.4431915342611767,0.11248886097847582,481860.7295964729,52.11775163904534,0.3749628699282528,11.477305114203922,63.454861111111114,2105,2349.107416152954,92.74305555555556,418,84414.1875,60.86805555555556,2254,5981.5756759643555,4777,1603.623127981886,12.929754132876885,2550.5122468500003,1481.8592644015682,0,5760,1.0,False,False,complete,design,mpc_horizon=12,mpc_horizon,12.0,0,2020,regen-v2,637c6b535a9e,86e95e8,local,,,
5760,0.8896387990506156,11.53056147036813,10.640922671317515,4.610458826795343,5.239980686789953,0.7904831577322196,468429.05973370536,51.22732029772603,2.634943859107399,17.466602289299843,67.65625,1863,1613.4303226470947,50.260416666666664,2865,2929281.384033203,51.80555555555556,2776,6690.213485717773,7504,1576.2252402744891,90.86013295736633,3881.467172851867,1427.2974379796035,0,5760,1.0,False,False,complete,design,mpc_horizon=20,mpc_horizon,20.0,0,2020,regen-v2,637c6b535a9e,86e95e8,local,,,
5760,0.16111901791325867,11.312729784783144,11.151610766869888,4.588664045170226,5.647989405914953,0.9149573157847068,459579.64750681526,50.98515605744696,3.049857719282356,18.826631353049844,68.45486111111111,1817,1566.5661811828613,43.888888888888886,3232,3663782.9611816406,50.05208333333333,2877,7097.004917144775,7926,1568.774032949465,105.16750753990755,4183.695856132691,1417.160358580033,0,5760,1.0,False,False,complete,design,mpc_horizon=30,mpc_horizon,30.0,0,2020,regen-v2,637c6b535a9e,86e95e8,local,,,
5760,5.239355158535211,16.459563804046727,11.220208645511516,4.834062571885738,5.876334322479495,0.5098117511462821,668669.7795393983,53.71180635428598,1.6993725038209404,19.587781074931648,66.35416666666667,1938,1488.6133880615234,60.06944444444444,2300,2382255.991088867,62.37847222222223,2167,4103.057266235352,6405,1652.6709646571458,58.599051990114994,4352.840238335507,1400.2776222054704,0,5760,1.0,False,False,complete,design,stlsq_threshold=0.01,stlsq_threshold,0.01,0,2020,regen-v2,637c6b535a9e,86e95e8,local,40.0,0.04019382680448582,
5760,8.22037780525468,16.214189747395068,7.99381194214039,4.665711762237587,2.4168538126695562,0.9112463672332458,658701.4584879247,51.84124180263986,3.037487890777486,8.056179375565188,58.21180555555555,2407,2537.7472763061523,100.0,0,0.0,62.53472222222223,2158,5025.203601837158,4565,1595.1151320524832,104.74096163848174,1790.2620832332332,1455.3788588920984,0,5760,1.0,False,False,complete,design,stlsq_threshold=0.05,stlsq_threshold,0.05,0,2020,regen-v2,637c6b535a9e,86e95e8,local,27.0,0.0,
5760,2.7401147008557762,5.7510378028774864,3.0109231020217098,0.16346845229538157,2.036700057507333,0.8107545922189952,233635.91074189788,1.8163161366153509,2.702515307396651,6.78900019169111,32.447916666666664,3891,18157.498202323914,95.29513888888889,271,156524.32165527344,24.72222222222222,4336,32271.12099838257,8498,55.88665041382169,93.19018309771965,1508.6667094830382,1369.0775308129535,0,5760,1.0,False,False,complete,design,stlsq_threshold=0.1,stlsq_threshold,0.1,0,2020,regen-v2,637c6b535a9e,86e95e8,local,20.0,0.0,
5760,-2.404927319833475,2.8147551217839113,5.219682441617387,0.8547946131228469,0.902780379356189,3.4621074491383506,114349.4268224714,9.497717923587189,11.540358163794503,3.009267931187297,26.875,4212,23290.433930635452,76.77083333333333,1338,2599808.7786865234,28.125,4140,25735.41411590576,9690,292.23747492804085,397.94338488029337,668.7262068338524,866.9359525290063,0,5760,1.0,False,False,complete,design,stlsq_threshold=0.2,stlsq_threshold,0.2,0,2020,regen-v2,637c6b535a9e,86e95e8,local,11.0,0.0,
5760,1.251848409542745,11.258871824896746,10.007023415354002,4.728480148425307,4.8835572826999245,0.39498598422877035,457391.66788643034,52.538668315836745,1.3166199474292346,16.278524275666417,66.21527777777779,1946,1753.5777263641357,61.49305555555556,2218,1463811.7943115234,59.010416666666664,2361,5589.6244468688965,6525,1616.574411251961,45.40068779693817,3617.4498372671897,1470.6155330481424,0,5760,1.0,False,False,complete,design,coef_perturb=0.02,coef_perturb,0.02,0,2020,regen-v2,637c6b535a9e,86e95e8,local,,,0.0
5760,1.2546858038849837,11.26793373326652,10.013247929381539,4.5028326649841635,4.735688431638566,0.7747268327588088,457759.8079139524,50.0314740553796,2.582422775862696,15.785628105461889,65.65972222222223,1978,1859.2470798492432,56.90972222222223,2482,2416311.2576904297,49.91319444444444,2885,7061.880386352539,7345,1539.4299699281528,89.04906108307596,3507.9173559922865,1430.6153433766758,0,5760,1.0,False,False,complete,design,coef_perturb=0.02,coef_perturb,0.02,0,2020,regen-v2,637c6b535a9e,86e95e8,local,,,1.0
5760,2.9035978005526113,12.08205483515734,9.17845703460473,4.740372120776578,4.126402014783677,0.3116828990444741,490833.47767826694,52.670801341961976,1.0389429968149138,13.754673382612257,65.85069444444444,1967,1815.5589723587036,76.97916666666667,1326,759028.91796875,57.65625,2439,5957.991958618164,5732,1620.6400399242666,35.82562060334399,3056.59408384331,1457.2120325068395,0,5760,1.0,False,False,complete,design,coef_perturb=0.02,coef_perturb,0.02,0,2020,regen-v2,637c6b535a9e,86e95e8,local,,,2.0
5760,1.7573324731290274,11.93229454525765,10.174962072128624,4.879518754782927,4.9614026732917225,0.33404064405397416,484749.46590109204,54.21687505314363,1.1134688135132473,16.538008910972408,69.14930555555556,1777,1485.2200899124146,61.31944444444445,2228,1556836.6245117188,62.89930555555555,2137,4537.348930358887,6142,1668.211540926142,38.39547632270552,3675.113092020726,1498.893791170478,0,5760,1.0,False,False,complete,design,coef_perturb=0.02,coef_perturb,0.02,0,2020,regen-v2,637c6b535a9e,86e95e8,local,,,3.0
5760,4.424578711227807,11.422956817143552,6.998378105915746,4.535985180431393,2.2466219066462787,0.21577101883807379,464057.6206964568,50.399835338126586,0.719236729460246,7.488739688820929,61.49305555555556,2218,2598.7061653137207,98.76736111111111,71,19807.812255859375,56.458333333333336,2508,6932.044219970703,4797,1550.764163730332,24.80126648298673,1664.1643755912428,1500.1925143335893,0,5760,1.0,False,False,complete,design,coef_perturb=0.05,coef_perturb,0.05,0,2020,regen-v2,637c6b535a9e,86e95e8,local,,,0.0
5760,4.465788732733718,11.196833557062424,6.731044824328707,4.3415219018540085,2.156359649950935,0.2331632725237633,454871.36325566104,48.23913224282232,0.7772109084125444,7.18786549983645,58.50694444444444,2390,3140.147355079651,99.20138888888889,46,8373.830078125,53.05555555555556,2704,7275.340297698975,5140,1484.280991730882,26.800376178388134,1597.303444897785,1478.267385516332,0,5760,1.0,False,False,complete,design,coef_perturb=0.05,coef_perturb,0.05,0,2020,regen-v2,637c6b535a9e,86e95e8,local,,,1.0
5760,0.9369597751247345,11.92926793659863,10.992308161473895,4.537452526734793,5.207030788891405,1.2478248458476973,484626.50992431934,50.41613918594214,4.159416152825658,17.356769296304684,65.65972222222223,1978,1838.768494606018,49.70486111111111,2897,3058646.3033447266,47.82986111111111,3005,7058.394775390625,7880,1551.2658204513673,143.42814300746141,3857.059843450591,1432.9048581038974,0,5760,1.0,False,False,complete,design,coef_perturb=0.05,coef_perturb,0.05,0,2020,regen-v2,637c6b535a9e,86e95e8,local,,,2.0
5760,1.0730717401721732,12.51230117948235,11.439229439310177,4.778426934313493,5.942820255445712,0.7179822495509712,508312.23541647044,53.09363260348326,2.3932741651699043,19.80940085148571,72.77777777777777,1568,1075.3675699234009,40.27777777777778,3440,3866335.6055908203,56.423611111111114,2510,5586.366561889648,7518,1633.650234067949,82.5266954304785,4402.089078652187,1403.4743568779716,0,5760,1.0,False,False,complete,design,coef_perturb=0.05,coef_perturb,0.05,0,2020,regen-v2,637c6b535a9e,86e95e8,local,,,3.0
5760,4.9398221908866,11.698283222567104,6.758461031680503,3.8511009423301923,2.199377394915112,0.7079826944351986,475242.7559167886,42.790010470335474,2.3599423147839955,7.3312579830503735,56.70138888888889,2494,3526.1080751419067,88.75,648,716057.9167480469,43.28125,3267,11398.672973632812,6409,1316.6157072915673,81.37732106770042,1629.168441203755,1401.3165339698394,0,5760,1.0,False,False,complete,design,coef_perturb=0.1,coef_perturb,0.1,0,2020,regen-v2,637c6b535a9e,86e95e8,local,,,0.0
5760,1.6635804355193138,11.950518344747453,10.28693790922814,4.627857886180084,4.8125243103083575,0.8465557127396983,485489.80775536527,51.42064317977871,2.8218523757989944,16.04174770102786,72.65625,1575,1219.2033891677856,56.267361111111114,2519,2239238.612060547,48.420138888888886,2971,5989.736267089844,7065,1582.1736362786783,97.30525446427299,3564.8328209635447,1382.0584224706754,0,5760,1.0,False,False,complete,design,coef_perturb=0.1,coef_perturb,0.1,0,2020,regen-v2,637c6b535a9e,86e95e8,local,,,1.0
5760,-34.17963305148473,2.088722943594531,36.268355995079254,8.65322952312013,3.187202572098693,24.42792389986043,84854.36958352782,96.14699470133478,81.42641299953478,10.62400857366231,40.69444444444444,3416,23282.256225585938,49.84375,2889,46965370.75415039,77.55208333333333,1293,7027.1776485443115,7598,2958.369067322177,2807.8073447597694,2360.8907949608956,611.3750756361744,0,5760,1.0,False,False,complete,design,coef_perturb=0.1,coef_perturb,0.1,0,2020,regen-v2,637c6b535a9e,86e95e8,local,,,2.0
5760,0.1798330795047942,7.735639304802621,7.555806225297827,4.871273303264163,1.9152203593751114,0.7693125626585533,314260.3467576065,54.12525892515737,2.5643752088618443,6.384067864583705,66.75347222222221,1915,2412.3619327545166,99.98263888888889,1,80.8026123046875,76.92708333333333,1329,3750.8578872680664,3245,1665.392581639659,88.42673149821707,1418.6817475916107,1712.1790891055648,0,5760,1.0,False,False,complete,design,coef_perturb=0.1,coef_perturb,0.1,0,2020,regen-v2,637c6b535a9e,86e95e8,local,,,3.0
5760,1.4508532081184469,11.77553896736554,10.324685759247092,4.849674846243301,4.872432531208987,0.602578381794805,478381.27054922504,53.88527606937001,2.0085946059826836,16.241441770696625,67.15277777777777,1892,1593.472728729248,67.96875,1845,854632.6622314453,59.375,2340,5828.6933517456055,6077,1658.008494957515,69.26188290271404,3609.2092822374707,1430.7885979210168,0,5760,1.0,False,False,complete,design,coef_perturb=0.15,coef_perturb,0.15,0,2020,regen-v2,637c6b535a9e,86e95e8,local,,,0.0
5760,-2.225536412605253,9.056426046584026,11.281962459189277,4.979424962776557,3.4140731636803343,2.888464332732387,367917.308142476,55.32694403085063,9.62821444244129,11.380243878934449,65.24305555555556,2002,4020.044856071472,86.44097222222223,781,870158.4630126953,55.93749999999999,2538,8737.147537231445,5321,1702.3675088818804,332.0073946164322,2528.9430846312553,1443.0053164381516,0,5760,1.0,False,False,complete,design,coef_perturb=0.15,coef_perturb,0.15,0,2020,regen-v2,637c6b535a9e,86e95e8,local,,,1.0
5760,3.157667910559962,12.451432060687505,9.293764150127544,4.349193514271855,4.3459908938371345,0.5985797420185525,505839.4274654299,48.32437238079839,1.9952658067285083,14.486636312790448,61.12847222222222,2239,3039.4856872558594,76.63194444444444,1346,455533.0118408203,53.94097222222223,2653,5941.848445892334,6238,1486.9037649174454,68.80226923481959,3219.252513559948,1357.83647450524,0,5760,1.0,False,False,complete,design,coef_perturb=0.15,coef_perturb,0.15,0,2020,regen-v2,637c6b535a9e,86e95e8,local,,,2.0
5760,-1.0374549322569542,10.106698738050815,11.14415367030777,3.7738588753729725,4.608989933753303,2.761304861181493,410584.6362333143,41.93176528192192,9.204349537271645,15.363299779177678,75.64236111111111,1403,1418.9417905807495,32.361111111111114,3896,9643821.311401367,22.46527777777778,4466,15542.968746185303,9765,1290.2081622385758,317.39136328791284,3414.0666168360485,693.4462824502432,0,5760,1.0,False,False,complete,design,coef_perturb=0.15,coef_perturb,0.15,0,2020,regen-v2,637c6b535a9e,86e95e8,local,,,3.0
5760,-4.463746213142536,1.8840736295588083,6.347819842701345,2.3843211768533648,2.262702749033759,1.7007959168142204,76540.4912008266,26.492457520592943,5.669319722714068,7.542342496779197,49.201388888888886,2926,8364.698299407959,86.12847222222221,799,419545.5634765625,48.78472222222222,2950,12474.539890289307,6675,815.1525390032796,195.49378361958125,1676.076109829381,1170.3971560642003,0,5760,1.0,False,False,complete,design,coef_perturb=0.2,coef_perturb,0.2,0,2020,regen-v2,637c6b535a9e,86e95e8,local,,,0.0
3200,-39.8440398503126,-0.5432035845532981,39.3008362657593,9.16290913406373,3.4105962283911055,26.72733090330446,-22067.645622477736,101.810101489597,89.09110301101487,11.36865409463702,26.468750000000004,2353,20236.928950309753,3.375,3092,64326477.34265137,76.875,740,3378.4067344665527,6185,3132.6185072424587,3072.107000399165,2526.3675767240593,39.03901661087433,0,5760,0.5556,True,False,env_terminated,design,coef_perturb=0.2,coef_perturb,0.2,0,2020,regen-v2,637c6b535a9e,86e95e8,local,,,1.0
5760,5.911754421668889,13.07304589003579,7.161291468366901,4.483193195722071,1.9511194210685159,0.7269788515763134,531092.489282704,49.81325773024524,2.4232628385877115,6.50373140356172,58.66319444444444,2381,3016.4703407287598,100.0,0,0.0,55.295138888888886,2575,7378.270782470703,4956,1532.7156224741316,83.5607874845112,1445.273644950136,1555.1109037120737,0,5760,1.0,False,False,complete,design,coef_perturb=0.2,coef_perturb,0.2,0,2020,regen-v2,637c6b535a9e,86e95e8,local,,,2.0
5760,-5.335268526686741,10.956890115460318,16.292158642147058,6.929926021322661,2.9161030346496846,6.446129586174711,445123.6609405754,76.99917801469624,21.487098620582373,9.720343448832283,81.68402777777779,1055,644.3189735412598,97.22222222222221,160,37076.69860839844,80.08680555555556,1147,3538.3721199035645,2362,2369.205478368949,740.9344352312568,2160.076322374751,2044.9663129227101,0,5760,1.0,False,False,complete,design,coef_perturb=0.2,coef_perturb,0.2,0,2020,regen-v2,637c6b535a9e,86e95e8,local,,,3.0
5760,5.8392852590367585,14.587769597942593,8.748484338905836,4.853129908808141,3.8505865832271158,0.04476784687057953,592628.1399164179,53.92366565342379,0.1492261562352651,12.835288610757052,53.767361111111114,2663,3272.4634408950806,97.10069444444444,167,29623.348876953125,73.47222222222223,1528,3080.3809394836426,4358,1659.189711861094,5.145729525672292,2852.286356714601,1479.8481838038365,0,5760,1.0,False,False,complete,design,mpc_horizon=8,mpc_horizon,8.0,1,2020,regen-v2,637c6b535a9e,86e95e8,local,,,
5760,4.517530198977366,14.615334036054579,10.097803837077215,4.8327949509245745,4.817836888862445,0.447171997290196,593747.9452147173,53.69772167693972,1.4905733243006534,16.05945629620815,56.18055555555556,2524,2641.5145120620728,76.96180555555556,1327,945953.2825927734,70.05208333333334,1725,3228.120132446289,5576,1652.237589901,51.399080172858966,3568.7680660773226,1426.1234746613745,0,5760,1.0,False,False,complete,design,mpc_horizon=12,mpc_horizon,12.0,1,2020,regen-v2,637c6b535a9e,86e95e8,local,,,
5760,3.221003745113683,15.080772319295473,11.859768574181789,4.948031209040995,5.789348782310368,1.122388582830427,612656.3754713786,54.97812454489994,3.7412952761014235,19.297829274367896,62.03125000000001,2187,1931.4894437789917,56.70138888888889,2494,2849477.0723876953,62.60416666666667,2154,4035.1046562194824,6835,1691.6346008187018,129.01018174704058,4288.406505967995,1372.0955231142661,0,5760,1.0,False,False,complete,design,mpc_horizon=20,mpc_horizon,20.0,1,2020,regen-v2,637c6b535a9e,86e95e8,local,,,
5760,-0.8288667650468147,13.755367953475398,14.584234718522213,5.4257111596576975,5.750743842529172,3.4077797163353445,558811.8231099381,60.285679551752196,11.359265721117815,19.169146141763907,63.22916666666667,2118,3889.9957370758057,50.520833333333336,2850,7082545.364135742,59.791666666666664,2316,5505.868450164795,7284,1854.9439854267482,391.6988177517144,4259.810254799919,1241.760171516188,0,5760,1.0,False,False,complete,design,mpc_horizon=30,mpc_horizon,30.0,1,2020,regen-v2,637c6b535a9e,86e95e8,local,,,
5760,3.7540660931072085,15.376670161428024,11.622604068320816,4.9667586666783015,5.697668675889686,0.958176725752829,624677.2253080135,55.186207407536685,3.1939224191760966,18.992228919632286,62.04861111111111,2186,1908.8993253707886,57.10069444444444,2471,2749133.731567383,63.420138888888886,2107,3920.9862899780273,6764,1698.0371504608784,110.13525585105471,4220.495315065403,1374.3919768496012,0,5760,1.0,False,False,complete,design,stlsq_threshold=0.01,stlsq_threshold,0.01,1,2020,regen-v2,637c6b535a9e,86e95e8,local,44.0,0.03782694555918662,
5760,0.1707619271904569,10.492215664077907,10.32145373688745,4.684448913247388,5.615104685484785,0.021900138155277818,426246.26135316497,52.04943236941542,0.07300046051759274,18.717015618282616,58.94097222222222,2365,3858.4584798812866,59.91319444444444,2309,2277692.689819336,53.923611111111114,2654,4891.328544616699,7328,1601.5209974370825,2.517257263520005,4159.336803886658,1468.9569969229337,0,5760,1.0,False,False,complete,design,stlsq_threshold=0.05,stlsq_threshold,0.05,1,2020,regen-v2,637c6b535a9e,86e95e8,local,30.0,0.0,
5760,2.47127980719134,5.495947131096981,3.0246673239056414,0.13867999518821017,2.2011612358178407,0.6848260928995907,223272.85220081487,1.5408888354245576,2.2827536429986357,7.337204119392803,32.22222222222222,3904,18760.053397893906,95.69444444444444,248,133967.77270507812,25.590277777777775,4286,31840.392475128174,8438,47.41196421375517,78.71564285756536,1630.4898034961102,1468.5661601677039,0,5760,1.0,False,False,complete,design,stlsq_threshold=0.1,stlsq_threshold,0.1,1,2020,regen-v2,637c6b535a9e,86e95e8,local,20.0,0.0,
5760,4.3643812772069355,5.86347342453374,1.499092147326805,0.21375228807181118,0.3048811610586572,0.9804586981963365,238203.6078716832,2.375025423020124,3.268195660654455,1.0162705368621907,33.385416666666664,3837,17621.652975082397,91.21527777777779,506,730587.5543212891,25.972222222222225,4264,31362.21070098877,8607,73.07770525945818,112.69640207594841,225.8378969990062,1303.0520600018103,0,5760,1.0,False,False,complete,design,stlsq_threshold=0.2,stlsq_threshold,0.2,1,2020,regen-v2,637c6b535a9e,86e95e8,local,13.0,0.0,
5760,3.4616752813852587,14.427149738197961,10.965474456812704,5.214171684124116,5.5210132627597,0.23028950992888791,586102.9581142922,57.935240934712404,0.7676316997629598,18.403377542532336,61.42361111111111,2222,2252.501625061035,68.45486111111111,1817,1240792.614868164,70.92013888888889,1675,3156.2962226867676,5714,1782.6227976901719,26.470058722954526,4089.639453424846,1436.8574989054287,0,5760,1.0,False,False,complete,design,coef_perturb=0.02,coef_perturb,0.02,1,2020,regen-v2,637c6b535a9e,86e95e8,local,,,0.0
5760,3.1002533625350077,15.515810129013506,12.415556766478499,5.006925582530975,6.015204049934394,1.3934271340131277,630329.7864911737,55.6325064725664,4.644757113377093,20.050680166447982,65.52083333333333,1986,1536.1535444259644,50.798611111111114,2834,3321073.918823242,60.24305555555556,2290,4534.024982452393,7110,1711.7694304284196,160.16403837323128,4455.706701791715,1335.7452205441082,0,5760,1.0,False,False,complete,design,coef_perturb=0.02,coef_perturb,0.02,1,2020,regen-v2,637c6b535a9e,86e95e8,local,,,1.0
5760,3.5933489675571444,14.993295130600192,11.39994616304305,4.890641150944404,5.348174353687014,1.16113065841163,609102.6146806328,54.3404572327156,3.870435528038767,17.827247845623383,61.111111111111114,2240,2020.2742357254028,60.9375,2250,2544423.3591308594,63.09027777777778,2126,4013.7291526794434,6616,1672.0140695837558,133.46329350271867,3961.610632063768,1393.1824747723326,0,5760,1.0,False,False,complete,design,coef_perturb=0.02,coef_perturb,0.02,1,2020,regen-v2,637c6b535a9e,86e95e8,local,,,2.0
5760,3.073620265385748,14.84698052539627,11.773360260010524,4.942026390092429,5.684297078788164,1.1470367911299304,603158.5838442235,54.91140433436032,3.8234559704331015,18.94765692929388,62.517361111111114,2159,1919.3693599700928,57.34375000000001,2457,2951419.5922851562,62.30902777777778,2171,4030.27632522583,6787,1689.5816721615506,131.84330924075937,4210.590427059271,1390.6160344892596,0,5760,1.0,False,False,complete,design,coef_perturb=0.02,coef_perturb,0.02,1,2020,regen-v2,637c6b535a9e,86e95e8,local,,,3.0
5760,3.454172143412663,13.929658991726388,10.475486848313725,4.964101821984762,4.889750541041641,0.6216344852873219,565892.3965388845,55.15668691094181,2.0721149509577397,16.299168470138806,51.736111111111114,2780,4302.388914108276,81.84027777777779,1046,1096759.8862304688,75.03472222222223,1438,2857.45027923584,5264,1697.12882876996,71.45223972625567,3622.0374380608096,1477.7710637183043,0,5760,1.0,False,False,complete,design,coef_perturb=0.05,coef_perturb,0.05,1,2020,regen-v2,637c6b535a9e,86e95e8,local,,,0.0
5760,4.017304181063407,15.058108632654198,11.040804451590795,4.922171556400317,4.554884824368418,1.5637480708220577,611735.6632015769,54.69079507111463,5.212493569406859,15.182949414561396,54.166666666666664,2640,3724.748351097107,67.23958333333333,1887,2987384.0228271484,64.09722222222223,2068,4793.845783233643,6595,1682.7936937382456,179.74115756115788,3373.9887573158558,1303.5299287186376,0,5760,1.0,False,False,complete,design,coef_perturb=0.05,coef_perturb,0.05,1,2020,regen-v2,637c6b535a9e,86e95e8,local,,,1.0
5760,0.27006592297686716,12.822712884132926,12.552646961156057,4.975069096897727,6.693289531410784,0.8842883328475478,520922.7109179001,55.27854552108585,2.947627776158493,22.310965104702614,60.90277777777777,2252,2554.5428323745728,42.96875,3285,3410874.7346191406,67.13541666666667,1893,3427.917995452881,7430,1700.8783231135035,101.64233727325018,4957.992245377867,1479.9738873423503,0,5760,1.0,False,False,complete,design,coef_perturb=0.05,coef_perturb,0.05,1,2020,regen-v2,637c6b535a9e,86e95e8,local,,,2.0
5760,1.498574826602101,14.120244037276816,12.621669210674716,5.657216111287815,6.782085487424981,0.18236761196191908,573634.9140143706,62.85795679208684,0.6078920398730636,22.606951624749936,72.23958333333333,1599,1618.811679840088,43.24652777777778,3269,3354867.5,76.19791666666667,1371,2475.539237976074,6239,1934.0909787236565,20.961794473919362,5023.767027479771,1514.1695855295625,0,5760,1.0,False,False,complete,design,coef_perturb=0.05,coef_perturb,0.05,1,2020,regen-v2,637c6b535a9e,86e95e8,local,,,3.0
5760,3.4907312697626036,14.97593726920308,11.485205999440474,4.880893909388669,6.007362420161923,0.5969496698898841,608397.451561375,54.232154548762985,1.9898322329662803,20.024541400539743,66.28472222222223,1942,1787.6441187858582,38.4375,3546,2541341.2529296875,60.3125,2286,4802.166690826416,7774,1668.681677325112,68.61490437326316,4449.898087675854,1237.2049169835545,0,5760,1.0,False,False,complete,design,coef_perturb=0.1,coef_perturb,0.1,1,2020,regen-v2,637c6b535a9e,86e95e8,local,,,0.0
5760,-6.919965901992478,9.09220273981139,16.012168641803868,5.873521000806934,4.404509903048394,5.734137737948541,369370.73630483774,65.26134445341039,19.11379245982847,14.681699676827982,49.201388888888886,2926,9149.270067214966,70.72916666666667,1686,8223475.068359375,72.01388888888889,1612,4735.083221435547,6224,2008.0413679392545,659.0962915646307,3262.5999278543604,1251.9836087261076,0,5760,1.0,False,False,complete,design,coef_perturb=0.1,coef_perturb,0.1,1,2020,regen-v2,637c6b535a9e,86e95e8,local,,,1.0
5760,1.1106534650602031,13.659797301846895,12.549143836786694,5.461614031126375,6.3151363098071105,0.7723934958532095,554929.2653875302,60.684600345848615,2.5746449861773653,21.050454366023704,92.29166666666667,444,348.9769592285156,35.06944444444444,3740,7282258.966430664,56.267361111111114,2519,4744.8130531311035,6703,1867.2184722977097,88.7808615903999,4677.878747792036,884.8127449258776,0,5760,1.0,False,False,complete,design,coef_perturb=0.1,coef_perturb,0.1,1,2020,regen-v2,637c6b535a9e,86e95e8,local,,,2.0
5760,6.249729981045849,16.67632654765754,10.426596566611689,4.574343947737578,5.148430021804983,0.7038225970691288,677475.7659985875,50.82604386375087,2.346075323563763,17.16143340601661,52.326388888888886,2746,3393.291093826294,71.38888888888889,1648,1388850.6904296875,60.59027777777778,2270,4501.083995819092,6664,1563.8782726956592,80.89914910006574,3813.6518668921626,1278.5707805813781,0,5760,1.0,False,False,complete,design,coef_perturb=0.1,coef_perturb,0.1,1,2020,regen-v2,637c6b535a9e,86e95e8,local,,,3.0
5760,-3.169545293062689,11.751828137791302,14.92137343085399,6.190345904237603,4.902091045364129,3.8289364812522604,477418.0180977717,68.78162115819559,12.763121604174202,16.340303484547096,62.58680555555556,2155,6350.622467517853,71.94444444444444,1616,5184218.75378418,81.05902777777779,1091,4560.998371124268,4862,2116.3575727077114,440.1076414880222,3631.1785509977854,1428.349015881503,0,5760,1.0,False,False,complete,design,coef_perturb=0.15,coef_perturb,0.15,1,2020,regen-v2,637c6b535a9e,86e95e8,local,,,0.0
5760,4.0126628635664,11.906455560125917,7.893792696559517,6.380632443747129,1.513160252812388,0.0,483699.7571301154,70.89591604163478,0.0,5.043867509374627,69.87847222222221,1735,2316.95414352417,100.0,0,0.0,85.98958333333333,807,2190.731605529785,2542,2181.4128014324983,0.0,1120.8594466881484,1789.3706186805925,0,5760,1.0,False,False,complete,design,coef_perturb=0.15,coef_perturb,0.15,1,2020,regen-v2,637c6b535a9e,86e95e8,local,,,1.0
5760,4.430901910758977,16.08209745673766,11.651195545978682,6.932394632550782,3.1451719391315622,1.5736289742963376,653335.2091799674,77.02660702834203,5.245429914321126,10.483906463771875,93.94097222222221,349,457.3806200027466,98.87152777777779,65,13870.981719970703,74.11458333333333,1491,3767.8320236206055,1905,2370.0494474569105,180.8768936615781,2329.7569915601816,1186.1548627459974,0,5760,1.0,False,False,complete,design,coef_perturb=0.15,coef_perturb,0.15,1,2020,regen-v2,637c6b535a9e,86e95e8,local,,,2.0
5760,7.029976832721983,14.750831375564044,7.720854542842062,4.790411920438078,2.5582923956706187,0.3721502267333642,599252.5246322893,53.22679911597865,1.2405007557778807,8.527641318902063,44.583333333333336,3192,4090.269552230835,100.0,0,0.0,63.22916666666667,2118,4810.241371154785,5310,1637.7476652490186,42.77588808657111,1895.0314047715515,1565.136727889467,0,5760,1.0,False,False,complete,design,coef_perturb=0.15,coef_perturb,0.15,1,2020,regen-v2,637c6b535a9e,86e95e8,local,,,3.0
5760,5.402411302244504,17.157311651626095,11.754900349381591,6.2169919199979855,5.130491516592241,0.4074169127913647,697015.7858473101,69.07768799997761,1.3580563759712159,17.101638388640804,61.44097222222222,2221,1864.945065498352,92.08333333333333,456,80965.69201660156,65.65972222222223,1978,4518.996688842773,4655,2125.4673228788474,46.829530184784105,3800.364086968751,1368.7677542263368,0,5760,1.0,False,False,complete,design,coef_perturb=0.2,coef_perturb,0.2,1,2020,regen-v2,637c6b535a9e,86e95e8,local,,,0.0
5760,8.159218862162366,15.492954246915204,7.3337353847528375,4.177536768070252,2.7836557689054224,0.3725428477771627,629401.2662809301,46.41707520078058,1.2418094925905423,9.278852563018075,46.26736111111111,3095,4638.1282386779785,94.30555555555556,328,259550.18530273438,59.47916666666667,2334,5605.870018005371,5757,1428.2176963425813,42.82101708586798,2061.967234755023,1439.380528476592,0,5760,1.0,False,False,complete,design,coef_perturb=0.2,coef_perturb,0.2,1,2020,regen-v2,637c6b535a9e,86e95e8,local,,,1.0
5760,-10.017240450227868,9.261974609703152,19.279215059931023,7.6535366170445585,2.683097779858618,8.942580663027847,376267.7185191906,85.03929574493954,29.808602210092825,8.943659266195395,84.47916666666667,894,5543.73229598999,83.90625,927,328743.26948547363,77.96875,1269,6390.517070770264,3090,2616.5937159141827,1027.8828348275908,1987.479836885237,1084.899503878832,0,5760,1.0,False,False,complete,design,coef_perturb=0.2,coef_perturb,0.2,1,2020,regen-v2,637c6b535a9e,86e95e8,local,,,2.0
5760,4.274951465132937,14.736000272590507,10.461048807457573,6.909569672491818,2.8214570890331547,0.7300220459325989,598650.0110739894,76.7729963610202,2.4334068197753296,9.40485696344385,98.09027777777779,110,82.64375877380371,95.48611111111111,260,151587.33865356445,83.88888888888889,928,2732.7382164001465,1298,2362.246041068609,83.91057994545505,2089.968213633012,1194.9974015734838,0,5760,1.0,False,False,complete,design,coef_perturb=0.2,coef_perturb,0.2,1,2020,regen-v2,637c6b535a9e,86e95e8,local,,,3.0
5760,6.393929361853889,14.597359992733354,8.203430630879465,4.984288452924164,3.1054428494636763,0.11369932849162356,593017.7497047925,55.38098281026849,0.3789977616387452,10.351476164878921,61.71875,2205,2178.115634918213,100.0,0,0.0,70.17361111111111,1718,3574.8539123535156,3923,1704.030239543638,13.068888292213947,2300.328036737648,1371.8598964489638,0,5760,1.0,False,False,complete,design,mpc_horizon=8,mpc_horizon,8.0,2,2020,regen-v2,637c6b535a9e,86e95e8,local,,,
5760,5.629425657826859,14.412759710790052,8.783334052963195,4.985949946438484,3.686113826982258,0.11127027954245208,585518.3632508459,55.39944384931649,0.37090093180817363,12.28704608994086,61.63194444444444,2210,2132.4350204467773,96.02430555555556,229,37362.51428222656,70.57291666666666,1695,3340.0377349853516,4134,1704.5982714221218,12.78968732338969,2730.4546864673216,1381.6338811814849,0,5760,1.0,False,False,complete,design,mpc_horizon=12,mpc_horizon,12.0,2,2020,regen-v2,637c6b535a9e,86e95e8,local,,,
5760,4.622763717810863,14.58036856584788,9.957604848037018,5.018326408722068,4.799552853604223,0.13972558571072846,592327.4729875702,55.75918231913409,0.4657519523690949,15.998509512014078,61.96180555555556,2191,1980.603247642517,76.75347222222221,1339,554836.8041992188,70.64236111111111,1691,3276.887321472168,5221,1715.6671477620878,16.060412125500562,3555.2243350983244,1400.172596691929,0,5760,1.0,False,False,complete,design,mpc_horizon=20,mpc_horizon,20.0,2,2020,regen-v2,637c6b535a9e,86e95e8,local,,,
5760,3.431626487963945,15.01996973086242,11.588343242898475,4.997964494159132,6.06201333590033,0.5283654128390122,610186.2703162858,55.53293882399036,1.7612180427967072,20.20671111966777,67.44791666666666,1875,1415.2074785232544,52.34375,2745,3126147.6640625,64.56597222222223,2041,3770.822135925293,6661,1708.7058104738483,60.73165659912639,4490.380246463873,1365.5061842926925,0,5760,1.0,False,False,complete,design,mpc_horizon=30,mpc_horizon,30.0,2,2020,regen-v2,637c6b535a9e,86e95e8,local,,,
5760,6.38130323827717,16.33542051344116,9.954117275163991,4.997640761112933,4.806292103718489,0.1501844103325698,663626.4583585472,55.529341790143704,0.500614701108566,16.02097367906163,64.49652777777779,2045,1828.3184518814087,82.84722222222223,988,385712.85290527344,68.125,1836,3487.014846801758,4869,1708.5951316553324,17.262575761836917,3560.2163711675257,1432.0337357840476,0,5760,1.0,False,False,complete,design,stlsq_threshold=0.01,stlsq_threshold,0.01,2,2020,regen-v2,637c6b535a9e,86e95e8,local,41.0,0.042262976134812266,
5760,8.264838150347614,16.8785060947591,8.613667944411485,4.576176653078216,2.5758597934973113,1.461631497835958,685689.3100995885,50.84640725642462,4.872104992786527,8.586199311657705,58.12500000000001,2412,3011.715627670288,100.0,0,0.0,63.95833333333333,2076,5263.276805877686,4488,1564.5048391789546,168.0036203200618,1908.044291067538,1322.9484898704625,0,5760,1.0,False,False,complete,design,stlsq_threshold=0.05,stlsq_threshold,0.05,2,2020,regen-v2,637c6b535a9e,86e95e8,local,27.0,0.0,
5760,2.5206493414988094,5.677416737823994,3.1567673963251837,0.1569363241782412,2.236096255864328,0.7637348162826151,230645.05497409974,1.743736935313791,2.5457827209420505,7.453654186214426,32.760416666666664,3873,18292.273956775665,95.3125,270,145786.73803710938,24.583333333333332,4344,32499.304332733154,8487,53.65344410799652,87.78561111222945,1656.3675971176613,1404.473922018952,0,5760,1.0,False,False,complete,design,stlsq_threshold=0.1,stlsq_threshold,0.1,2,2020,regen-v2,637c6b535a9e,86e95e8,local,19.0,0.0,
5760,-2.284572211263472,2.7777045120762383,5.062276723339711,0.8191153182137757,0.8813375972206935,3.361823807905242,112844.2458030972,9.101281313486396,11.206079359684141,2.937791990735645,26.354166666666668,4242,23573.927372932434,77.11805555555556,1318,2529894.932373047,27.916666666666668,4152,25987.613849639893,9712,280.0394248458899,386.41652971983206,652.8426646037601,880.601290101165,0,5760,1.0,False,False,complete,design,stlsq_threshold=0.2,stlsq_threshold,0.2,2,2020,regen-v2,637c6b535a9e,86e95e8,local,11.0,0.0,
5760,3.744718063066649,15.105224151368514,11.360506088301864,4.986890689596159,6.047108882252202,0.32650651645350554,613649.7311493459,55.409896551068435,1.0883550548450185,20.15702960750734,62.10069444444445,2183,1889.3365364074707,53.71527777777778,2666,2529433.8026123047,70.27777777777777,1712,3024.7447204589844,6561,1704.9198946764288,37.52948463905229,4479.339911774581,1354.7736515092884,0,5760,1.0,False,False,complete,design,coef_perturb=0.02,coef_perturb,0.02,2,2020,regen-v2,637c6b535a9e,86e95e8,local,,,0.0
5760,5.058174518877467,14.901519523892315,9.84334500501485,4.915733781276314,4.719677237508754,0.20793398622978126,605374.2306581254,54.619264236403495,0.6931132874326043,15.732257458362513,60.26041666666667,2289,2150.572010040283,79.23611111111111,1196,516701.2521972656,68.90625,1791,3476.425624847412,5276,1680.592745834817,23.900458118991168,3496.057213065893,1387.127855251828,0,5760,1.0,False,False,complete,design,coef_perturb=0.02,coef_perturb,0.02,2,2020,regen-v2,637c6b535a9e,86e95e8,local,,,1.0
5760,4.635522394693639,14.74667264107577,10.111150246382131,4.844214760002424,5.059036490932889,0.207898995446818,599083.5760437031,53.82460844447137,0.6929966514893934,16.863454969776296,59.13194444444444,2354,2317.2989206314087,70.17361111111111,1718,987057.7236328125,70.81597222222223,1681,3415.8017539978027,5753,1656.1417978474722,23.89643629097325,3747.4344374697284,1392.424654013189,0,5760,1.0,False,False,complete,design,coef_perturb=0.02,coef_perturb,0.02,2,2020,regen-v2,637c6b535a9e,86e95e8,local,,,2.0
5760,4.905986138220353,14.618249033022117,9.712262894801764,5.125726656087227,4.4922951090587,0.09424112965583539,593866.3669665235,56.9525184009692,0.3141370988527847,14.974317030195667,64.51388888888889,2044,1765.9275856018066,82.96875,981,315550.9782714844,70.69444444444444,1688,3404.59663772583,4713,1752.385181184826,10.832313768032718,3327.6260076522476,1429.395798222877,0,5760,1.0,False,False,complete,design,coef_perturb=0.02,coef_perturb,0.02,2,2020,regen-v2,637c6b535a9e,86e95e8,local,,,3.0
5760,3.6085523735046388,14.357693168656626,10.749140795151988,5.1658533572967285,5.371070065255997,0.21221737259926152,583281.2849766754,57.39837063663032,0.7073912419975384,17.903566884186656,67.5,1872,1566.3244915008545,58.28124999999999,2403,1432864.4486083984,68.48958333333334,1815,3799.844284057617,6090,1766.103712035579,24.392801560636613,3978.570418937643,1344.2498992980936,0,5760,1.0,False,False,complete,design,coef_perturb=0.05,coef_perturb,0.05,2,2020,regen-v2,637c6b535a9e,86e95e8,local,,,0.0
5760,4.432179590091929,15.413387645952195,10.981208055860268,4.856820788594838,5.726619565564768,0.39776770170066206,626168.873116808,53.96467542883154,1.3258923390022068,19.088731885215893,59.114583333333336,2355,2540.9733905792236,61.458333333333336,2220,1649397.6380615234,67.62152777777779,1865,3277.226531982422,6440,1660.4515516966126,45.720425456635375,4241.940418286538,1352.8083819658639,0,5760,1.0,False,False,complete,design,coef_perturb=0.05,coef_perturb,0.05,2,2020,regen-v2,637c6b535a9e,86e95e8,local,,,1.0
5760,4.225175180923071,14.385071327428495,10.159896146505423,4.897529982166201,5.15541417645297,0.10695198788625135,584393.5226767826,54.416999801846686,0.3565066262875045,17.1847139215099,62.517361111111114,2159,2233.2510929107666,63.35069444444444,2111,1204440.1339111328,72.15277777777777,1604,3537.633918762207,5874,1674.36922516218,12.293331963524693,3818.825316003238,1310.33484169655,0,5760,1.0,False,False,complete,design,coef_perturb=0.05,coef_perturb,0.05,2,2020,regen-v2,637c6b535a9e,86e95e8,local,,,2.0
5760,6.547282485035116,14.542440500915454,7.995158015880339,5.102405983976983,2.783715509887956,0.10903652201539991,590786.6453496903,56.69339982196647,0.36345507338466637,9.27905169962652,64.28819444444444,2057,1789.1829223632812,98.97569444444444,59,13969.314453125,69.56597222222223,1753,3737.6757850646973,3869,1744.4123019148892,12.532933566230634,2062.0114889374922,1452.8594730134996,0,5760,1.0,False,False,complete,design,coef_perturb=0.05,coef_perturb,0.05,2,2020,regen-v2,637c6b535a9e,86e95e8,local,,,3.0
5760,4.819259416006164,16.20177730455216,11.382517888545994,6.775302954270558,3.1407234043471757,1.4664915299282586,658197.2029974314,75.28114393633953,4.888305099760863,10.469078014490586,93.94097222222221,349,382.8043794631958,99.07986111111111,53,10599.253112792969,79.46180555555556,1183,3039.967041015625,1585,2316.3428900599965,168.56224507692878,2326.4617809313036,1061.601414190628,0,5760,1.0,False,False,complete,design,coef_perturb=0.1,coef_perturb,0.1,2,2020,regen-v2,637c6b535a9e,86e95e8,local,,,0.0
5760,0.930056577445773,14.470409012987542,13.54035243554177,6.015805091888055,5.458665397300339,2.0658819463533753,587860.3661526189,66.84227879875617,6.886273154511251,18.195551324334463,81.70138888888889,1054,1773.3757019042969,66.04166666666667,1956,1254694.7483520508,73.92361111111111,1502,2866.048728942871,4512,2056.6855011390044,237.45769465171267,4043.4558493495033,1353.758581612376,0,5760,1.0,False,False,complete,design,coef_perturb=0.1,coef_perturb,0.1,2,2020,regen-v2,637c6b535a9e,86e95e8,local,,,1.0
5760,7.404711969383714,14.252061318740834,6.8473493493571205,4.473270807382962,2.043307543286138,0.33077099868801974,578989.9910738464,49.7030089709218,1.1025699956267325,6.811025144287126,50.03472222222223,2878,3469.4199256896973,100.0,0,0.0,60.22569444444444,2291,5157.759021759033,5169,1529.3233527123475,38.01965515797018,1513.5611431875523,1412.809788556623,0,5760,1.0,False,False,complete,design,coef_perturb=0.1,coef_perturb,0.1,2,2020,regen-v2,637c6b535a9e,86e95e8,local,,,2.0
5760,6.24852302061109,14.868481230708229,8.619958210097138,4.228650934437091,3.868742893606319,0.5225643820537279,604032.0499975218,46.98501038263435,1.7418812735124265,12.895809645354397,43.125,3276,5912.0666847229,91.09375,513,185720.77575683594,71.73611111111111,1628,2976.6625366210938,5417,1445.6926273850522,60.064871445848134,2865.7354760345556,1252.695008148175,0,5760,1.0,False,False,complete,design,coef_perturb=0.1,coef_perturb,0.1,2,2020,regen-v2,637c6b535a9e,86e95e8,local,,,3.0
5760,7.356782460310589,14.712216266340516,7.355433806029928,3.7106221181450314,2.1322589733435526,1.5125527145413438,597683.7858200835,41.229134646055904,5.0418423818044795,7.107529911145176,40.50347222222222,3427,7443.763698577881,99.79166666666667,12,9754.67724609375,53.35069444444444,2687,6855.326805114746,6126,1268.5887584853963,173.85663371367832,1579.4510917905152,1078.0175131168253,0,5760,1.0,False,False,complete,design,coef_perturb=0.15,coef_perturb,0.15,2,2020,regen-v2,637c6b535a9e,86e95e8,local,,,0.0
5760,9.179277517867336,17.228843755103448,8.049566237236112,3.3560308769401814,3.3699521497383254,1.3235832105576035,699921.7775510775,37.28923196600202,4.411944035192012,11.233173832461086,48.4375,2970,4733.243733406067,99.98263888888889,1,125.6024169921875,30.677083333333332,3993,14441.048568725586,6964,1147.3609835354798,152.1360009319,2496.2608510310083,1010.6195716442519,0,5760,1.0,False,False,complete,design,coef_perturb=0.15,coef_perturb,0.15,2,2020,regen-v2,637c6b535a9e,86e95e8,local,,,1.0
5760,2.526324815878204,14.506401567983957,11.980076752105754,6.792893588952737,3.665338492137138,1.5218446710158788,589322.5636993482,75.47659543280818,5.07281557005293,12.21779497379046,95.86805555555556,238,400.5775737762451,82.98611111111111,980,321420.1398925781,78.92361111111111,1214,2177.811496734619,2432,2322.3567825942037,174.92467466999125,2715.065548926963,802.7639088002587,0,5760,1.0,False,False,complete,design,coef_perturb=0.15,coef_perturb,0.15,2,2020,regen-v2,637c6b535a9e,86e95e8,local,,,2.0
5760,3.671996190532772,13.569679222976482,9.89768303244371,6.364413476922845,3.240236556373768,0.293032999147097,551268.2184334196,70.71570529914273,0.9767766638236568,10.800788521245893,95.03472222222223,286,447.4184694290161,90.32986111111111,557,124146.9794921875,67.51736111111111,1871,3173.0683822631836,2714,2175.867855230721,33.68195395858444,2400.17522676345,641.654329242821,0,5760,1.0,False,False,complete,design,coef_perturb=0.15,coef_perturb,0.15,2,2020,regen-v2,637c6b535a9e,86e95e8,local,,,3.0
5760,-0.3921794530766083,12.90662879968557,13.298808252762178,4.973945517028014,5.2442356505726435,3.0806270851615194,524331.7949872263,55.266061300311264,10.268756950538398,17.480785501908812,52.37847222222223,2743,6498.607949256897,68.17708333333333,1833,1233697.9029541016,66.75347222222221,1915,5009.213497161865,6491,1700.4941921163024,354.0950670429773,3884.619000670993,1332.6808933107,0,5760,1.0,False,False,complete,design,coef_perturb=0.2,coef_perturb,0.2,2,2020,regen-v2,637c6b535a9e,86e95e8,local,,,0.0
5760,8.670708371520348,16.17843200162097,7.507723630100623,3.1459806452300954,3.0959935855650107,1.2657493993055164,657248.800065852,34.955340502556616,4.219164664351721,10.319978618550037,50.572916666666664,2847,4693.17830657959,99.65277777777779,20,1414.13037109375,28.87152777777778,4097,13600.170623779297,6964,1075.5489382001042,145.4884368328132,2293.328581155164,1157.8013947173072,0,5760,1.0,False,False,complete,design,coef_perturb=0.2,coef_perturb,0.2,2,2020,regen-v2,637c6b535a9e,86e95e8,local,,,1.0
5760,-12.481140768331858,15.599575283696666,28.080716052028528,7.726326147931601,3.087147356795726,17.267242547301194,633732.745900177,85.84806831035112,57.55747515767065,10.290491189319088,92.23958333333333,447,886.6470336914062,99.39236111111111,35,1917.3778076171875,96.52777777777779,200,412.74497985839844,682,2641.4790249360303,1984.7405227152612,2286.7758195801994,1498.4569629534772,0,5760,1.0,False,False,complete,design,coef_perturb=0.2,coef_perturb,0.2,2,2020,regen-v2,637c6b535a9e,86e95e8,local,,,2.0
5760,7.384970250019078,15.431505430188203,8.046535180169123,4.163297524686231,3.17621271845056,0.7070249370323319,626904.9081013957,46.258861385402575,2.356749790107773,10.587375728168533,51.78819444444444,2777,3135.3620138168335,98.36805555555556,94,12555.059814453125,48.47222222222222,2968,7491.213481903076,5839,1423.3495811802686,81.2672340343093,2352.750160503557,1233.1456661822817,0,5760,1.0,False,False,complete,design,coef_perturb=0.2,coef_perturb,0.2,2,2020,regen-v2,637c6b535a9e,86e95e8,local,,,3.0
5760,6.177209600150356,13.935961455057804,7.75875185490745,4.815073319359064,2.8986449507248144,0.04503358482357115,566148.4341117233,53.500814659545156,0.15011194941190384,9.662149835749382,57.58680555555556,2443,2988.9041709899902,100.0,0,0.0,70.9375,1674,3380.1049156188965,4117,1646.178913041678,5.17627410636412,2147.14440814526,1496.8527180973597,0,5760,1.0,False,False,complete,design,mpc_horizon=8,mpc_horizon,8.0,3,2020,regen-v2,637c6b535a9e,86e95e8,local,,,
5760,5.428940128862892,13.549314077391971,8.12037394852908,4.811446186668087,3.248964368108748,0.05996339375224387,550440.8843940488,53.46051318520097,0.19987797917414624,10.82988122702916,57.86458333333333,2427,2991.4926900863647,98.09027777777779,110,21686.1064453125,70.3125,1710,3366.489906311035,4247,1644.938867023274,6.89234411451252,2406.640271976174,1492.997010243971,0,5760,1.0,False,False,complete,design,mpc_horizon=12,mpc_horizon,12.0,3,2020,regen-v2,637c6b535a9e,86e95e8,local,,,
5760,4.7231651127780445,13.496121688795634,8.77295657601759,4.906131090471671,3.647263813215151,0.21956167233076695,548279.9436073226,54.51256767190746,0.7318722411025566,12.157546044050504,59.166666666666664,2352,2819.9385957717896,92.27430555555556,445,251518.3631591797,67.96875,1845,3500.256336212158,4642,1677.3097739447173,25.23697381155805,2701.6769000388017,1534.2405993589564,0,5760,1.0,False,False,complete,design,mpc_horizon=20,mpc_horizon,20.0,3,2020,regen-v2,637c6b535a9e,86e95e8,local,,,
5760,4.331954421515129,13.684241120707057,9.35228669919193,5.015540962046902,3.9852093223962166,0.35153641474881264,555922.2955287243,55.72823291163225,1.1717880491627088,13.284031074654056,62.135416666666664,2181,2586.5211095809937,85.41666666666666,840,622183.1164550781,65.17361111111111,2006,3910.835880279541,5027,1714.7148595789276,40.40648435761323,2952.006904176287,1524.0868090967488,0,5760,1.0,False,False,complete,design,mpc_horizon=30,mpc_horizon,30.0,3,2020,regen-v2,637c6b535a9e,86e95e8,local,,,
5760,5.353899779057966,14.340808805917634,8.986909026859667,4.909807825993333,3.8334984450199947,0.24360275584633892,582595.3577404039,54.55342028881481,0.812009186154463,12.778328150066649,58.92361111111111,2366,2774.218687057495,91.61458333333333,483,293012.1696777344,67.63888888888889,1864,3659.905029296875,4713,1678.5667785847486,28.0003167964179,2839.628477412887,1522.87222412919,0,5760,1.0,False,False,complete,design,stlsq_threshold=0.01,stlsq_threshold,0.01,3,2020,regen-v2,637c6b535a9e,86e95e8,local,45.0,0.03130943798110284,
5760,-0.2796052286518187,12.57707020959224,12.856675438244057,4.747804367904426,2.2427105522419186,5.866160518097714,510943.47726468474,52.75338186560474,19.553868393659048,7.475701840806396,50.53819444444444,2849,4467.502234458923,100.0,0,0.0,66.37152777777777,1937,4423.5560302734375,4786,1623.1809804066966,674.2713237559877,1661.2670759452726,1534.0488826437008,0,5760,1.0,False,False,complete,design,stlsq_threshold=0.05,stlsq_threshold,0.05,3,2020,regen-v2,637c6b535a9e,86e95e8,local,31.0,0.0,
5760,2.896571012857823,5.874442165937466,2.9778711530796427,0.15298333674757741,2.069004639335506,0.7558831769965588,238649.21299120953,1.6998148527508603,2.5196105899885297,6.896682131118354,32.673611111111114,3878,18166.21288394928,95.05208333333334,285,179585.1494140625,24.54861111111111,4346,32007.38145828247,8509,52.301995467388465,86.88312383231278,1532.5960296473038,1400.767596786034,0,5760,1.0,False,False,complete,design,stlsq_threshold=0.1,stlsq_threshold,0.1,3,2020,regen-v2,637c6b535a9e,86e95e8,local,19.0,0.0,
5760,-0.9929213328317661,5.911703033768864,6.904624366600631,1.234912259080843,1.162510815536866,4.507201291982923,240162.93574686017,13.721247323120478,15.024004306609745,3.8750360517895532,28.819444444444443,4100,19611.848736047745,63.62847222222222,2095,2832897.50100708,20.104166666666668,4602,33246.37895965576,10797,422.192225014674,518.0691136347219,861.1191229953138,420.2465426726858,0,5760,1.0,False,False,complete,design,stlsq_threshold=0.2,stlsq_threshold,0.2,3,2020,regen-v2,637c6b535a9e,86e95e8,local,11.0,0.0,
5760,4.925617746738385,13.452052264230456,8.526434517492074,4.997848420489084,3.3489048344432346,0.1796812625597542,546489.6232343623,55.53164911654538,0.5989375418658474,11.163016114810782,61.63194444444444,2210,2543.5923738479614,93.48958333333334,375,196473.21545410156,69.09722222222221,1780,3392.745677947998,4365,1708.6661265924442,20.653018658019025,2480.6702485772116,1525.9391733890925,0,5760,1.0,False,False,complete,design,coef_perturb=0.02,coef_perturb,0.02,3,2020,regen-v2,637c6b535a9e,86e95e8,local,,,0.0
5760,5.604504594796846,13.88406279980409,8.279558205007245,4.674362516853973,3.2779051653436637,0.32729052280960735,564040.0512420412,51.93736129837748,1.090968409365358,10.926350551145546,53.489583333333336,2679,3228.937089920044,92.56944444444444,428,312292.83361816406,67.08333333333333,1896,3850.975296020508,5003,1598.072655628912,37.619600392098604,2428.0779000560756,1489.2578746428794,0,5760,1.0,False,False,complete,design,coef_perturb=0.02,coef_perturb,0.02,3,2020,regen-v2,637c6b535a9e,86e95e8,local,,,1.0
5760,4.406269536622821,13.314686394596459,8.908416857973636,4.8905924957394795,3.826222724062349,0.1916016381718082,540909.1347804811,54.33991661932755,0.6386721272393607,12.754075746874499,57.32638888888889,2458,3019.3846187591553,91.37152777777777,497,282280.05419921875,68.69791666666667,1803,3381.4370880126953,4758,1671.9974336036787,22.023176902614487,2834.2390540758647,1557.3624290486678,0,5760,1.0,False,False,complete,design,coef_perturb=0.02,coef_perturb,0.02,3,2020,regen-v2,637c6b535a9e,86e95e8,local,,,2.0
5760,5.409592069703826,13.61401658648823,8.204424516784405,4.729451374163468,3.161960647123717,0.31301249549721977,553069.4238260844,52.54945971292743,1.0433749849907326,10.539868823745724,54.49652777777778,2621,3170.15274143219,94.18402777777779,335,266598.87841796875,67.69097222222223,1861,3591.102554321289,4817,1616.9064516049614,35.97844772648125,2342.1930716426577,1528.3193983692888,0,5760,1.0,False,False,complete,design,coef_perturb=0.02,coef_perturb,0.02,3,2020,regen-v2,637c6b535a9e,86e95e8,local,,,3.0
5760,5.660702859840773,13.797042519661522,8.136339659820752,4.627331148802845,3.290734642155054,0.21827386886285222,560504.8523612494,51.41479054225383,0.7275795628761741,10.96911547385018,55.295138888888886,2575,2913.975277900696,92.79513888888889,415,150435.90954589844,65.48611111111111,1988,3714.355724334717,4978,1581.9935551309518,25.088950571148864,2437.581215333332,1499.3386363220297,0,5760,1.0,False,False,complete,design,coef_perturb=0.05,coef_perturb,0.05,3,2020,regen-v2,637c6b535a9e,86e95e8,local,,,0.0
5760,6.163595911791459,13.160663155171997,6.997067243380538,4.444778654818952,2.3124538452044603,0.2398347433571258,534651.9406788624,49.38642949798836,0.7994491445237527,7.708179484014868,50.08680555555556,2875,4216.599174499512,97.98611111111111,116,114788.78820800781,69.32291666666667,1767,3246.2444076538086,4758,1519.582446609306,27.56721177773032,1712.9287750000753,1489.6589765672384,0,5760,1.0,False,False,complete,design,coef_perturb=0.05,coef_perturb,0.05,3,2020,regen-v2,637c6b535a9e,86e95e8,local,,,1.0
5760,5.393854940397639,13.439307688665059,8.045452748267422,4.73392904293224,3.076090892899459,0.23543281243572312,545971.8748520181,52.599211588136,0.7847760414524104,10.253636309664865,57.395833333333336,2454,3008.6543760299683,94.94791666666667,291,189583.71630859375,66.77083333333333,1914,3475.9637451171875,4659,1618.4372792966424,27.061242890757427,2278.5858465472384,1492.8677020967596,0,5760,1.0,False,False,complete,design,coef_perturb=0.05,coef_perturb,0.05,3,2020,regen-v2,637c6b535a9e,86e95e8,local,,,2.0
5760,5.262314874737644,14.325599953174564,9.063285078436921,6.356847524769021,2.641151791092538,0.06528576257536187,581977.4980977167,70.63163916410024,0.21761920858453956,8.803839303641794,95.29513888888889,271,264.2280626296997,99.32291666666667,39,22595.87841796875,83.36805555555556,958,2622.9284858703613,1268,2173.2812044867046,7.504110676337488,1956.4087341617812,1063.3201013009286,0,5760,1.0,False,False,complete,design,coef_perturb=0.05,coef_perturb,0.05,3,2020,regen-v2,637c6b535a9e,86e95e8,local,,,3.0
5760,6.148321647857264,15.564295951765523,9.41597430390826,4.743536660245464,4.321756852369625,0.3506807912931714,632299.5230404744,52.705962891616274,1.1689359709772382,14.405856174565418,58.15972222222222,2410,2293.818307876587,89.53125,603,373737.439453125,64.42708333333333,2049,4143.297981262207,5062,1621.7219363597649,40.30813686475584,3201.3013721421594,1250.8202750125047,0,5760,1.0,False,False,complete,design,coef_perturb=0.1,coef_perturb,0.1,3,2020,regen-v2,637c6b535a9e,86e95e8,local,,,0.0
5760,5.0200609285302065,14.089596070936413,9.069535142406208,4.28804430944059,4.436703773191181,0.344787059774436,572389.8403817918,47.64493677156211,1.1492901992481201,14.789012577303938,46.37152777777778,3089,5926.9977197647095,88.38541666666667,669,489438.44665527344,72.1875,1602,2703.6677322387695,5360,1465.9980546965862,39.63069659188653,3286.447238966448,1491.4704267481352,0,5760,1.0,False,False,complete,design,coef_perturb=0.1,coef_perturb,0.1,3,2020,regen-v2,637c6b535a9e,86e95e8,local,,,1.0
5760,4.689948307032243,13.751595738798517,9.061647431766273,4.566220102058015,4.160280725875314,0.33514660383294365,558658.5768886898,50.73577891175572,1.1171553461098123,13.86760241958438,54.53125,2619,3525.020118713379,82.67361111111111,998,530656.6585693359,62.77777777777778,2144,4296.151256561279,5761,1561.1008890637909,38.52259815248688,3081.689426995921,1459.555350459709,0,5760,1.0,False,False,complete,design,coef_perturb=0.1,coef_perturb,0.1,3,2020,regen-v2,637c6b535a9e,86e95e8,local,,,2.0
5760,6.177221196816013,13.616909195695513,7.4396879988795,4.237035423498039,2.4986911157343044,0.7039614596471574,553186.9360751302,47.07817137220044,2.346538198823858,8.328970385781014,55.677083333333336,2553,2974.8258934020996,94.47916666666667,318,216658.12353515625,50.83333333333333,2832,6176.260456085205,5703,1448.5591197652489,80.91511031341224,1850.8823071399136,1355.3708645083884,0,5760,1.0,False,False,complete,design,coef_perturb=0.1,coef_perturb,0.1,3,2020,regen-v2,637c6b535a9e,86e95e8,local,,,3.0
5760,5.398049378982002,12.5187327287635,7.1206833497814985,4.840797634298215,2.108852734248181,0.1710329812351025,508573.5171060172,53.78664038109128,0.5701099374503417,7.029509114160604,82.55208333333334,1005,868.8661546707153,95.97222222222223,232,162509.24096679688,45.12152777777778,3161,8060.914047241211,4398,1654.973551771903,19.65896343169915,1562.1131358462962,691.3705564258379,0,5760,1.0,False,False,complete,design,coef_perturb=0.15,coef_perturb,0.15,3,2020,regen-v2,637c6b535a9e,86e95e8,local,,,0.0
5760,-3.1933734594689684,13.306784901340059,16.500158360809024,6.3075387585398275,2.225950154737539,7.96666944753166,540588.1366169399,70.08376398377587,26.555564825105535,7.41983384912513,83.61111111111111,944,1093.566330909729,99.34027777777777,38,72970.31030273438,84.91319444444444,869,2362.357032775879,1851,2156.4235079399728,915.7091319184865,1648.8519665116132,1305.2979157226073,0,5760,1.0,False,False,complete,design,coef_perturb=0.15,coef_perturb,0.15,3,2020,regen-v2,637c6b535a9e,86e95e8,local,,,1.0
3203,-39.015462298225486,-0.37115193072330505,38.644310367502186,8.839080806453246,4.046677802821345,25.758551758227586,-15078.04718563427,98.21200896059163,85.86183919409196,13.488926009404485,28.69185138932251,2284,19129.465544700623,7.586637527318139,2960,79755826.28540039,78.86356540743054,677,3256.900402069092,5921,3021.907968098866,2960.753075535838,2997.5391131372344,71.79849670542909,0,5760,0.5561,True,False,env_terminated,design,coef_perturb=0.15,coef_perturb,0.15,3,2020,regen-v2,637c6b535a9e,86e95e8,local,,,2.0
5760,-23.908735646642185,3.4582713616713208,27.367007008313504,7.070483024199724,2.3096156332704014,17.98690835084338,140492.2740678974,78.56092249110804,59.95636116947793,7.698718777568005,41.57986111111111,3365,18788.1073884964,62.79513888888889,2143,13128776.529785156,59.87847222222222,2311,9901.674926757812,7819,2417.2591539637738,2067.460729883139,1710.8263953585583,716.4399184355027,0,5760,1.0,False,False,complete,design,coef_perturb=0.15,coef_perturb,0.15,3,2020,regen-v2,637c6b535a9e,86e95e8,local,,,3.0
5760,6.962946331076909,11.087895675518924,4.124949344442015,2.8913319860034923,1.0880662861164279,0.14555107232209516,450445.76181795634,32.12591095559436,0.48517024107365053,3.626887620388093,42.74305555555556,3298,7463.920738220215,99.56597222222221,25,7685.7154541015625,44.72222222222222,3184,17313.409969329834,6507,988.4895677498804,16.73000831679546,805.975026138573,1245.9202652492465,0,5760,1.0,False,False,complete,design,coef_perturb=0.2,coef_perturb,0.2,3,2020,regen-v2,637c6b535a9e,86e95e8,local,,,0.0
5760,5.5746366146701405,12.269639075638896,6.695002460968755,4.774929984981156,1.8867767007593244,0.03329577522827523,498454.0874478301,53.05477761090174,0.11098591742758411,6.289255669197748,64.04513888888889,2071,2432.7598180770874,99.98263888888889,1,3.140869140625,69.70486111111111,1745,4952.310520172119,3817,1632.4546970803785,3.827100567750511,1397.6123711706105,1545.6666031313853,0,5760,1.0,False,False,complete,design,coef_perturb=0.2,coef_perturb,0.2,3,2020,regen-v2,637c6b535a9e,86e95e8,local,,,1.0
5760,3.0744101189994617,11.503454342118317,8.429044223118854,4.645247365087895,1.9745604611680945,1.809236396862865,467327.8326485566,51.61385961208773,6.030787989542884,6.581868203893649,55.41666666666667,2568,4502.67086315155,95.90277777777779,236,887058.8499755859,64.23611111111111,2060,8756.671817779541,4864,1588.1187579881123,207.95820657142355,1462.6373787368052,1535.782632561493,0,5760,1.0,False,False,complete,design,coef_perturb=0.2,coef_perturb,0.2,3,2020,regen-v2,637c6b535a9e,86e95e8,local,,,2.0
5760,-16.83023396336097,8.23021126678374,25.060445230144715,7.5020452620168285,4.158549029016989,13.399850939110898,334352.3327130895,83.35605846685365,44.66616979703633,13.861830096723295,71.77083333333333,1626,10453.883477210999,72.8125,1566,9306870.53918457,72.1875,1602,9500.485185623169,4794,2564.8017990085737,1540.2127513769449,3080.406688174946,1402.8769489836063,0,5760,1.0,False,False,complete,design,coef_perturb=0.2,coef_perturb,0.2,3,2020,regen-v2,637c6b535a9e,86e95e8,local,,,3.0
5760,7.628694905967866,16.395263624726272,8.766568718758407,4.964682694007457,3.615008898580106,0.18687712617084323,666057.5847545048,55.1631410445273,0.6229237539028109,12.050029661933687,57.65625,2439,2499.820610523224,95.95486111111111,233,282797.46337890625,74.6875,1458,2731.267562866211,4130,1697.3274173125185,21.480129516397916,2677.784369357327,1478.931465960526,0,5760,1.0,False,False,complete,design,mpc_horizon=8,mpc_horizon,8.0,4,2020,regen-v2,637c6b535a9e,86e95e8,local,,,
5760,5.635703658965517,16.73390201759797,11.098198358632455,4.822680751500846,5.2717264297811095,1.0037911773504988,679814.7694649176,53.58534168334273,3.3459705911683297,17.5724214326037,62.482638888888886,2161,1874.4467430114746,66.57986111111111,1925,2388289.2911376953,66.54513888888889,1927,3794.9979209899902,6013,1648.7797440978943,115.37829610667893,3904.982540863123,1400.4945573237555,0,5760,1.0,False,False,complete,design,mpc_horizon=12,mpc_horizon,12.0,4,2020,regen-v2,637c6b535a9e,86e95e8,local,,,
5760,4.6426475622753856,16.931142059737063,12.288494497461677,4.714988952747042,6.11675599234128,1.4567495523733553,687827.6461768182,52.3887661416338,4.855831841244518,20.3891866411376,66.52777777777777,1928,1733.8530926704407,55.71180555555556,2551,3577913.6466064453,62.291666666666664,2172,4506.735454559326,6651,1611.9620347617913,167.44247734427853,4530.930366150403,1407.1656428430574,0,5760,1.0,False,False,complete,design,mpc_horizon=20,mpc_horizon,20.0,4,2020,regen-v2,637c6b535a9e,86e95e8,local,,,
5760,-0.6553728239295408,14.811332147660497,15.466704971590039,5.092025110465569,6.0521365204984425,4.322543340626028,601710.3684987078,56.57805678295077,14.408477802086761,20.173788401661476,67.36111111111111,1880,3920.7488765716553,50.15625,2871,9680335.139648438,58.78472222222222,2374,6220.937294006348,7125,1740.8632862169766,496.84406205354003,4483.06408944179,1295.7555923364575,0,5760,1.0,False,False,complete,design,mpc_horizon=30,mpc_horizon,30.0,4,2020,regen-v2,637c6b535a9e,86e95e8,local,,,
5760,4.636190201525697,16.876142455782144,12.239952254256451,4.7055908104827875,6.085628620998506,1.4487328227751592,685593.2872661498,52.28434233869764,4.829109409250531,20.285428736661686,66.07638888888889,1954,1741.6287631988525,55.989583333333336,2535,3543570.1068115234,61.979166666666664,2190,4427.463088989258,6679,1608.7489947546064,166.52101408258426,4507.873052067925,1413.9412771244222,0,5760,1.0,False,False,complete,design,stlsq_threshold=0.01,stlsq_threshold,0.01,4,2020,regen-v2,637c6b535a9e,86e95e8,local,45.0,0.035566755863252204,
5760,-0.20245239713611907,9.382638672758365,9.585091069894485,4.386743829530255,5.106723376288037,0.09162386407619341,381169.69608080864,48.741598105891725,0.30541288025397806,17.022411254293456,43.107638888888886,3277,6708.621046543121,70.19097222222223,1717,2089587.0069580078,65.03472222222221,2014,3655.864944458008,7008,1499.741480460596,10.531478619167519,3782.758056828865,1559.7625430240073,0,5760,1.0,False,False,complete,design,stlsq_threshold=0.05,stlsq_threshold,0.05,4,2020,regen-v2,637c6b535a9e,86e95e8,local,28.0,0.0,
5760,2.4275894442148713,5.47554747850134,3.047958034286468,0.1584974671036005,2.1193343343790683,0.7701262328037992,222444.11631411692,1.7610829678177833,2.567087442679331,7.064447781263561,32.55208333333333,3885,18565.318613529205,95.13888888888889,280,171428.12353515625,25.243055555555554,4306,32216.360565185547,8471,54.18716836570967,88.52025649307689,1569.8772843972235,1475.536501808311,0,5760,1.0,False,False,complete,design,stlsq_threshold=0.1,stlsq_threshold,0.1,4,2020,regen-v2,637c6b535a9e,86e95e8,local,21.0,0.0,
5760,4.409570747514909,5.969426837128628,1.5598560896137177,0.22464451583884654,0.31383157561900177,1.0213799981558696,242507.96525835048,2.496050175987184,3.404599993852899,1.0461052520633394,33.4375,3834,17457.12644815445,91.04166666666667,516,763066.2591552734,25.399305555555557,4297,31419.10242843628,8647,76.80154399590367,117.39999972547693,232.4678336630895,1311.4455810446339,0,5760,1.0,False,False,complete,design,stlsq_threshold=0.2,stlsq_threshold,0.2,4,2020,regen-v2,637c6b535a9e,86e95e8,local,13.0,0.0,
5760,1.9169566755694882,16.17472843510233,14.25777175953284,4.899206657085584,5.763082193520237,3.5954829089270195,657098.3426760321,54.435629523173155,11.984943029756732,19.210273978400792,69.65277777777777,1748,2840.20085811615,55.12152777777778,2585,7204914.735839844,56.267361111111114,2519,6100.668865203857,6852,1674.9424469636401,413.2738983072507,4268.9497733709,1348.2205892473544,0,5760,1.0,False,False,complete,design,coef_perturb=0.02,coef_perturb,0.02,4,2020,regen-v2,637c6b535a9e,86e95e8,local,,,0.0
5760,4.993393157784189,16.788485205492865,11.79509204770868,4.507224522425595,5.807932061538863,1.4799354637442215,682032.2114731477,50.0802724713955,4.933118212480738,19.35977353846288,61.38888888888889,2224,2350.1006298065186,60.12152777777777,2297,3128797.9321289062,62.18749999999999,2178,4607.358295440674,6699,1540.9314609165567,170.107524733376,4302.171896789463,1392.07116455201,0,5760,1.0,False,False,complete,design,coef_perturb=0.02,coef_perturb,0.02,4,2020,regen-v2,637c6b535a9e,86e95e8,local,,,1.0
5760,4.998355641470908,16.845526950236227,11.847171308765319,4.737217522836188,5.925660860374265,1.1842929255548664,684349.5323533467,52.635750253735424,3.947643085182888,19.752202867914217,66.61458333333333,1923,1653.0488538742065,58.62847222222223,2383,3301727.0682373047,62.62152777777777,2153,4407.540954589844,6459,1619.5615460667134,136.12562378289013,4389.378413855551,1397.3688463241863,0,5760,1.0,False,False,complete,design,coef_perturb=0.02,coef_perturb,0.02,4,2020,regen-v2,637c6b535a9e,86e95e8,local,,,2.0
5760,4.898900107111419,16.927658343173178,12.028758236061757,4.675863262269985,5.986183374460311,1.3667115993314618,687686.1201914103,51.95403624744428,4.555705331104873,19.953944581534373,63.854166666666664,2082,1989.872498512268,58.576388888888886,2386,3231294.6737060547,63.142361111111114,2123,4338.3830642700195,6591,1598.585731268159,157.09328719397314,4434.209906722708,1398.4597922255011,0,5760,1.0,False,False,complete,design,coef_perturb=0.02,coef_perturb,0.02,4,2020,regen-v2,637c6b535a9e,86e95e8,local,,,3.0
5760,4.552304150743794,16.832296385149704,12.27999223440591,5.286120775132591,6.484515711053844,0.5093557482194752,683812.0406467067,58.734675279251015,1.6978524940649173,21.61505237017948,65.55555555555556,1984,1514.3146777153015,49.91319444444444,2885,3032334.4155273438,72.39583333333334,1590,2975.4578895568848,6459,1807.220777710179,58.54663772185229,4803.344971071933,1242.3639025530365,0,5760,1.0,False,False,complete,design,coef_perturb=0.05,coef_perturb,0.05,4,2020,regen-v2,637c6b535a9e,86e95e8,local,,,0.0
5760,1.831690594580545,16.11174020651574,14.280049611935198,4.9452781476370555,6.712303137124259,2.622468327173884,654539.4458897021,54.947534973745064,8.741561090579614,22.374343790414198,78.47222222222221,1240,966.7100458145142,44.166666666666664,3216,5314350.244506836,62.88194444444445,2138,4530.965217590332,6594,1690.6933855051684,301.4331413806532,4972.076397246461,1427.0592985375933,0,5760,1.0,False,False,complete,design,coef_perturb=0.05,coef_perturb,0.05,4,2020,regen-v2,637c6b535a9e,86e95e8,local,,,1.0
5760,-1.1871495300437518,13.082537997697418,14.269687527741167,5.3367508273851305,3.439823774997487,5.493112925358552,531478.1061564576,59.29723141539034,18.31037641786184,11.466079249991624,58.94097222222222,2365,6162.892550468445,79.63541666666667,1173,10584769.064697266,64.21875,2061,5253.938545227051,5599,1824.5301965738627,631.392289925599,2548.0176116923712,1284.9946287553473,0,5760,1.0,False,False,complete,design,coef_perturb=0.05,coef_perturb,0.05,4,2020,regen-v2,637c6b535a9e,86e95e8,local,,,2.0
5760,4.142693323570132,16.876196585113988,12.733503261543856,4.593333073976072,6.137836877917922,2.0023333096498614,685595.4862702558,51.03703415528969,6.6744443654995385,20.45945625972641,68.4375,1818,1757.0984525680542,50.67708333333333,2841,4013472.716064453,60.53819444444445,2273,5304.484664916992,6932,1570.3702815968218,230.15325369360286,4546.545834326367,1430.3634710905749,0,5760,1.0,False,False,complete,design,coef_perturb=0.05,coef_perturb,0.05,4,2020,regen-v2,637c6b535a9e,86e95e8,local,,,3.0
5760,6.25966023366364,16.507630226514003,10.247969992850365,4.247539005109703,4.5281092539060595,1.4723217338346024,670622.4779521314,47.19487783455225,4.907739112782008,15.0936975130202,56.73611111111111,2492,3091.722080230713,71.42361111111111,1646,2292129.3784179688,59.25347222222223,2347,5549.317752838135,6485,1452.1500865896264,169.232383206466,3354.1550019754977,1382.824370184428,0,5760,1.0,False,False,complete,design,coef_perturb=0.1,coef_perturb,0.1,4,2020,regen-v2,637c6b535a9e,86e95e8,local,,,0.0
5760,7.461684204958537,16.183476970889252,8.721792765930715,5.566824218457358,2.9667824101530686,0.18818613732028752,657453.7519423759,61.85360242730398,0.6272871244009585,9.88927470051023,68.85416666666667,1794,1832.0371398925781,98.31597222222223,97,234174.84338378906,78.21180555555556,1255,2230.1652908325195,3146,1903.1877663306896,21.63059043464862,2197.616600179157,1612.6193995525575,0,5760,1.0,False,False,complete,design,coef_perturb=0.1,coef_perturb,0.1,4,2020,regen-v2,637c6b535a9e,86e95e8,local,,,1.0
5760,7.3356889821122415,16.47561138935819,9.139922407245948,4.0629068187158754,2.811256138023353,2.2657594505067196,669321.7126926765,45.143409096843065,7.5525315016890655,9.370853793411177,58.55902777777777,2387,2685.3409852981567,86.75347222222223,763,2067283.9735107422,53.83680555555556,2659,6940.735511779785,5809,1389.027971525408,260.43212046638934,2082.4119529427767,1459.2766099281016,0,5760,1.0,False,False,complete,design,coef_perturb=0.1,coef_perturb,0.1,4,2020,regen-v2,637c6b535a9e,86e95e8,local,,,2.0
5760,5.742809761286903,17.07797367922452,11.335163917937617,4.602906309480627,5.643719709196742,1.0885378992602497,693792.6807184962,51.14340343867363,3.6284596642008324,18.812399030655808,55.79861111111111,2546,2861.525736808777,67.58680555555556,1867,2332856.6173095703,66.80555555555556,1912,4009.330707550049,6325,1573.6431836097902,125.11929841020483,4180.533117959316,1430.7917705420145,0,5760,1.0,False,False,complete,design,coef_perturb=0.1,coef_perturb,0.1,4,2020,regen-v2,637c6b535a9e,86e95e8,local,,,3.0
5760,-8.694259516090774,7.468444556814848,16.162704072905623,6.72590042508547,3.620752032828782,5.816051614991371,303405.5601206032,74.73222694539412,19.386838716637904,12.069173442762606,96.28472222222221,214,219.02299785614014,43.50694444444444,3254,8934885.392700195,60.729166666666664,2262,5892.055854797363,5730,2299.453136280552,668.5116799555623,2682.0385429011467,832.6117466896733,0,5760,1.0,False,False,complete,design,coef_perturb=0.15,coef_perturb,0.15,4,2020,regen-v2,637c6b535a9e,86e95e8,local,,,0.0
5760,5.692785409626936,16.275186406928654,10.58240099730172,5.340907262276512,2.504698169750492,2.736795565274716,661179.4477814767,59.34341402529458,9.122651884249054,8.348993899168308,58.072916666666664,2415,3487.713088989258,84.86111111111111,872,3713383.0943603516,63.97569444444444,2075,3954.9569053649902,5362,1825.9512011063869,314.5742028698318,1855.3319778705406,643.0619564799408,0,5760,1.0,False,False,complete,design,coef_perturb=0.15,coef_perturb,0.15,4,2020,regen-v2,637c6b535a9e,86e95e8,local,,,1.0
3584,-40.03246234735579,-0.039591397466101186,39.99287094988969,9.501866579912193,3.86037183753886,26.630632532438632,-1608.400522060365,105.5762953323577,88.76877510812878,12.867906125129533,28.152901785714285,2575,21751.289858341217,14.6484375,3059,73476671.0090332,79.04575892857143,751,4274.98551940918,6385,3248.5013948383744,3060.992245133429,2859.53469425355,125.40320087520742,0,5760,0.6222,True,False,env_terminated,design,coef_perturb=0.15,coef_perturb,0.15,4,2020,regen-v2,637c6b535a9e,86e95e8,local,,,2.0
5760,8.040184979039083,16.18408969521801,8.143904716178929,4.0837217969153095,3.927093125494771,0.13308979376884783,657478.6438682317,45.374686632392326,0.44363264589615947,13.090310418315905,43.90625,3231,6430.646656036377,100.0,0,0.0,67.86458333333333,1851,2635.4635696411133,5082,1396.1442024890132,15.29767752970292,2908.9578719121246,1432.081126348889,0,5760,1.0,False,False,complete,design,coef_perturb=0.15,coef_perturb,0.15,4,2020,regen-v2,637c6b535a9e,86e95e8,local,,,3.0
3202,-38.898492783728244,-0.2985038330684646,38.59998895065979,8.8984837728312,3.862505177828586,25.839,-12126.718218406371,98.87204192034667,86.13,12.87501725942862,26.889444097439103,2341,19711.28279352188,7.30793254216115,2968,74709716.11035156,81.6677076826983,587,2706.7854804992676,5896,3042.216674655063,2970.0,2861.1149468469716,71.30372632148274,0,5760,0.5559,True,False,env_terminated,design,coef_perturb=0.2,coef_perturb,0.2,4,2020,regen-v2,637c6b535a9e,86e95e8,local,,,0.0
5760,9.843019480210526,17.580272433631905,7.73725295342138,4.035321052650012,3.1427021257111063,0.5592297750602616,714198.5676162961,44.83690058500014,1.8640992502008722,10.475673752370355,56.54513888888889,2503,4493.203669548035,90.01736111111111,575,199093.0098876953,35.64236111111111,3707,12254.931198120117,6785,1379.596941447297,64.27928436851295,2327.9275000940047,480.7870157887508,0,5760,1.0,False,False,complete,design,coef_perturb=0.2,coef_perturb,0.2,4,2020,regen-v2,637c6b535a9e,86e95e8,local,,,1.0
5760,2.1091119079070286,17.42574534994216,15.316633442035133,5.906696956350341,4.978019602574544,4.431916883110249,707920.9048414003,65.62996618167047,14.773056277034165,16.59339867524848,86.875,756,996.3618268966675,81.99652777777777,1037,573472.908203125,72.30902777777779,1595,3328.358238220215,3388,2019.3835749975553,509.41573368611193,3687.421926712341,979.7504066330291,0,5760,1.0,False,False,complete,design,coef_perturb=0.2,coef_perturb,0.2,4,2020,regen-v2,637c6b535a9e,86e95e8,local,,,2.0
5760,7.219630157667714,14.333197033059193,7.113566875391479,3.016273193407324,2.8245699455092597,1.2727237364748953,582286.1294680297,33.514146593414715,4.242412454916318,9.415233151697533,41.64930555555556,3361,9918.80937576294,97.23958333333333,159,528573.2586669922,53.22916666666667,2694,8605.01477432251,6214,1031.2045101799588,146.29008462095797,2092.27403271261,1271.1346988324726,0,5760,1.0,False,False,complete,design,coef_perturb=0.2,coef_perturb,0.2,4,2020,regen-v2,637c6b535a9e,86e95e8,local,,,3.0
5760,5.709994127854207,15.824854777561995,10.11486064970779,5.0726434126838935,4.396733453050991,0.6454837839729062,642884.7253384561,56.3627045853766,2.151612613243021,14.655778176836636,57.74305555555556,2434,2160.6009635925293,86.5625,774,690747.9083251953,69.54861111111111,1754,3305.6503295898438,4962,1734.2370628925091,74.19353845022815,3256.8395949916594,1385.101019441674,0,5760,1.0,False,False,complete,design,mpc_horizon=8,mpc_horizon,8.0,5,2020,regen-v2,637c6b535a9e,86e95e8,local,,,
5760,4.27830318587204,16.484989884514412,12.206686698642374,4.901046607697366,5.738437904653164,1.5672021862918428,669702.714058398,54.456073418859624,5.224007287639476,19.12812634884388,67.93402777777777,1847,1351.6208448410034,53.42013888888889,2683,2959220.4135742188,56.892361111111114,2483,4953.254535675049,7013,1675.5714905063346,180.13818165991142,4250.694744477596,1291.0912938748124,0,5760,1.0,False,False,complete,design,mpc_horizon=12,mpc_horizon,12.0,5,2020,regen-v2,637c6b535a9e,86e95e8,local,,,
5760,4.262024529432205,16.8957439902993,12.633719460867095,4.7517540530385265,6.1652193251545135,1.7167460826740553,686389.5996059091,52.79726725598363,5.722486942246851,20.55073108384838,70.83333333333334,1680,1279.6006169319153,52.06597222222222,2761,3261676.075439453,55.65972222222222,2554,5569.716579437256,6995,1624.5312996131756,197.3271359995358,4566.829128566274,1335.836673745036,0,5760,1.0,False,False,complete,design,mpc_horizon=20,mpc_horizon,20.0,5,2020,regen-v2,637c6b535a9e,86e95e8,local,,,
5760,-5.385264732305858,12.62894779429553,18.01421252660139,5.571621278054782,5.603481844035489,6.83910940451112,513051.004143256,61.90690308949758,22.797031348370403,18.67827281345163,70.60763888888889,1693,5454.416502952576,43.26388888888889,3268,11283734.646118164,54.53125,2619,7013.933006286621,7580,1904.8277865887396,786.1045292044164,4150.727291945355,1122.6244284185182,0,5760,1.0,False,False,complete,design,mpc_horizon=30,mpc_horizon,30.0,5,2020,regen-v2,637c6b535a9e,86e95e8,local,,,
5760,1.6131722100290056,14.139468327132054,12.526296117103048,4.867998262362004,6.167409654503638,1.4908882002374062,574415.9007897397,54.08886958180005,4.969627334124688,20.558032181678794,70.27777777777777,1712,1290.1030073165894,52.43055555555556,2740,3032867.5571289062,54.56597222222223,2617,5483.815635681152,7069,1664.2729102333678,171.3664598505472,4568.451595453691,1351.5053705506598,0,5760,1.0,False,False,complete,design,stlsq_threshold=0.01,stlsq_threshold,0.01,5,2020,regen-v2,637c6b535a9e,86e95e8,local,43.0,0.042180666638484896,
5760,-0.14130251562692675,9.369585781524481,9.510888297151409,4.3436445827951875,5.09473101658894,0.07251269776728003,380639.4223744321,48.2627175866132,0.24170899255760012,16.982436721963136,43.385416666666664,3261,6977.969194412231,70.59027777777777,1694,1713546.254272461,62.34375,2169,3907.2517280578613,7124,1485.0066954221138,8.33479284470567,3773.8748265268146,1505.0036131206887,0,5760,1.0,False,False,complete,design,stlsq_threshold=0.05,stlsq_threshold,0.05,5,2020,regen-v2,637c6b535a9e,86e95e8,local,27.0,0.0,
5760,2.7746581994970794,5.712779661941065,2.938121462443986,0.13892020737729036,2.1161330966696172,0.6830681583970786,232081.6737663558,1.5435578597476707,2.2768938613235954,7.053776988898725,32.58680555555556,3883,18547.534348726273,95.64236111111111,251,149301.83166503906,24.80902777777778,4331,32103.210529327393,8465,47.49408797611795,78.51358137574536,1567.505999112023,1456.759280976095,0,5760,1.0,False,False,complete,design,stlsq_threshold=0.1,stlsq_threshold,0.1,5,2020,regen-v2,637c6b535a9e,86e95e8,local,19.0,0.0,
5760,-0.17713189727715628,5.501955591516415,5.679087488793571,1.024642106308951,0.9098347694786388,3.7446106130059804,223516.94590535434,11.384912292321678,12.482035376686602,3.0327825649287963,28.125,4140,21670.614227294922,72.01388888888889,1612,2285777.445327759,20.381944444444443,4586,32194.442726135254,10338,350.30499369673146,430.4150127488924,673.9516808339663,439.699024547981,0,5760,1.0,False,False,complete,design,stlsq_threshold=0.2,stlsq_threshold,0.2,5,2020,regen-v2,637c6b535a9e,86e95e8,local,13.0,0.0,
5760,3.9949128786235177,16.657968383132946,12.66305550450943,4.790026347094685,6.133977195438116,1.7390519619766298,676729.965564776,53.22251496771872,5.796839873255433,20.446590651460387,70.86805555555556,1678,1316.7591228485107,52.760416666666664,2721,3356492.166870117,57.604166666666664,2442,5359.176193237305,6841,1637.6158455666096,199.89102984388626,4543.686810817919,1319.9687229793965,0,5760,1.0,False,False,complete,design,coef_perturb=0.02,coef_perturb,0.02,5,2020,regen-v2,637c6b535a9e,86e95e8,local,,,0.0
5760,3.950057398853783,16.7247250358565,12.774667637002718,4.72381894020014,6.248846904012589,1.8020017927899894,679441.9545816703,52.486877113334884,6.006672642633299,20.829489680041963,69.89583333333333,1734,1439.245129585266,50.74652777777777,2837,3468356.0931396484,58.21180555555555,2407,5423.646770477295,6978,1614.9808349063883,207.12664263672346,4628.775485049067,1338.462795736034,0,5760,1.0,False,False,complete,design,coef_perturb=0.02,coef_perturb,0.02,5,2020,regen-v2,637c6b535a9e,86e95e8,local,,,1.0
5760,2.811258522516435,16.45726441556319,13.646005893046757,4.8734227202707,6.168769267130119,2.6038139056459406,668576.3668822547,54.14914133634111,8.679379685486468,20.562564223767065,74.13194444444444,1490,1760.9539365768433,48.78472222222222,2950,4865880.601806641,54.861111111111114,2600,6472.443962097168,7040,1666.1274252621877,299.2889547313513,4569.458716085403,1300.238335988472,0,5760,1.0,False,False,complete,design,coef_perturb=0.02,coef_perturb,0.02,5,2020,regen-v2,637c6b535a9e,86e95e8,local,,,2.0
5760,2.989824157616596,16.319857676787635,13.330033519171039,4.88910674621277,5.993056790225831,2.4478699827324393,662994.2181194976,54.323408291253,8.159566609108131,19.976855967419436,74.67013888888889,1459,1678.663242816925,49.82638888888889,2890,4623685.4326171875,54.13194444444444,2642,6388.6228675842285,6991,1671.4894870534686,281.36436585409433,4439.301325850343,1311.1912599445488,0,5760,1.0,False,False,complete,design,coef_perturb=0.02,coef_perturb,0.02,5,2020,regen-v2,637c6b535a9e,86e95e8,local,,,3.0
5760,3.558361476724283,16.540647361855093,12.98228588513081,4.822099575205261,6.082683252069382,2.0775030578561684,671963.7990753632,53.57888416894735,6.925010192853895,20.275610840231273,69.14930555555556,1777,1627.640034198761,53.732638888888886,2665,3742165.7772216797,59.548611111111114,2330,5225.415599822998,6772,1648.5810505261245,238.79345462822656,4505.691297341106,1367.1535167685483,0,5760,1.0,False,False,complete,design,coef_perturb=0.05,coef_perturb,0.05,5,2020,regen-v2,637c6b535a9e,86e95e8,local,,,0.0
5760,2.826921198532525,16.933061477361658,14.106140278829136,4.984562118137206,6.181760073061012,2.9398180876309157,687905.6225178174,55.384023534857846,9.799393625436386,20.605866910203375,75.71180555555556,1399,1573.310926914215,50.173611111111114,2870,4941273.112548828,54.01041666666667,2649,6285.97993850708,6918,1704.1238010075053,337.91012458131274,4579.08153616585,1271.0780190459236,0,5760,1.0,False,False,complete,design,coef_perturb=0.05,coef_perturb,0.05,5,2020,regen-v2,637c6b535a9e,86e95e8,local,,,1.0
5760,4.688153528847396,15.811450361332623,11.123296832485227,5.423291277709955,4.228054959072059,1.4719505957032133,642340.1709291379,60.25879197455506,4.9065019856773775,14.093516530240198,68.62847222222223,1807,1512.0889501571655,80.64236111111111,1115,1286667.7355957031,66.59722222222221,1924,4078.6363945007324,4846,1854.1166759592224,169.1897235791588,3131.892560819352,1488.4935828282294,0,5760,1.0,False,False,complete,design,coef_perturb=0.05,coef_perturb,0.05,5,2020,regen-v2,637c6b535a9e,86e95e8,local,,,2.0
5760,3.9826874059551223,16.030431411615055,12.047744005659933,5.50781029017833,5.270983219889462,1.2689504955921393,651236.2760968616,61.197892113092564,4.229834985307131,17.56994406629821,76.78819444444444,1337,943.6644468307495,65.69444444444444,1976,2366214.065307617,62.708333333333336,2148,4797.124248504639,5461,1883.0120658892606,145.85637870241928,3904.4320146933715,1382.7458582817164,0,5760,1.0,False,False,complete,design,coef_perturb=0.05,coef_perturb,0.05,5,2020,regen-v2,637c6b535a9e,86e95e8,local,,,3.0
5760,2.9420267072991773,17.45935024929829,14.517323541999113,4.833419011711172,5.778229717510162,3.905674812777782,709286.1038777431,53.70465568567969,13.018916042592606,19.260765725033874,66.26736111111111,1943,1414.954240322113,52.864583333333336,2715,2775848.4512939453,51.51041666666667,2793,5843.358600616455,7451,1652.4509443032878,448.92813975039076,4280.170161917241,1373.1180316610457,0,5760,1.0,False,False,complete,design,coef_perturb=0.1,coef_perturb,0.1,5,2020,regen-v2,637c6b535a9e,86e95e8,local,,,0.0
5760,3.996819709118107,15.122630998015037,11.12581128889693,4.956845810180003,5.637055001298853,0.5319104774180767,614356.8842943609,55.07606455755559,1.7730349247269226,18.790183337662842,65.48611111111111,1988,2064.5448956489563,63.99305555555556,2074,920238.4437255859,66.21527777777779,1946,3938.4243392944336,6008,1694.6481392761089,61.13913538876777,4175.596296460064,1346.3667871327395,0,5760,1.0,False,False,complete,design,coef_perturb=0.1,coef_perturb,0.1,5,2020,regen-v2,637c6b535a9e,86e95e8,local,,,1.0
5760,4.874222443365587,16.263954528627664,11.389732085262079,4.788007256610071,5.925774775806465,0.6759500528455428,660723.1527254989,53.200080629000794,2.253166842818476,19.75258258602155,60.520833333333336,2274,2119.0572261810303,58.40277777777778,2396,1987026.4440917969,66.12847222222223,1951,3906.115577697754,6621,1636.9255568983626,77.6954082882373,4389.462796791665,1402.1181564872625,0,5760,1.0,False,False,complete,design,coef_perturb=0.1,coef_perturb,0.1,5,2020,regen-v2,637c6b535a9e,86e95e8,local,,,2.0
5760,-9.16744849686432,11.792427081173741,20.95987557803806,5.723439794747266,3.587933549996255,11.64850223329454,479067.35017268325,63.59377549719185,38.82834077764847,11.959778499987516,55.885416666666664,2541,8990.346843719482,58.732638888888886,2377,14359272.38696289,56.68402777777778,2495,8814.590776443481,7413,1956.7315536972199,1338.9083032091332,2657.728554964654,1023.6504004024487,0,5760,1.0,False,False,complete,design,coef_perturb=0.1,coef_perturb,0.1,5,2020,regen-v2,637c6b535a9e,86e95e8,local,,,3.0
5760,1.8520971790680227,16.719376006104817,14.867278827036795,5.201245228081703,4.960144397850503,4.705889201104588,679224.6502480082,57.79161364535226,15.686297337015294,16.53381465950168,56.57986111111111,2501,2538.5172295570374,87.43055555555556,724,195262.37841796875,70.36458333333333,1707,3151.130428314209,4932,1778.2034965888647,540.9068047457333,3674.1810353545293,1418.070475000271,0,5760,1.0,False,False,complete,design,coef_perturb=0.15,coef_perturb,0.15,5,2020,regen-v2,637c6b535a9e,86e95e8,local,,,0.0
5760,-5.770474424009729,15.621804149433853,21.392278573443583,8.263969143714242,6.787560099484546,6.340749330244793,634635.7935707503,91.82187937460269,21.135831100815977,22.625200331615154,83.35069444444444,959,1195.8457641601562,72.88194444444444,1562,989932.8577880859,90.19097222222221,565,1825.0967826843262,3086,2825.288595312257,728.8217621092796,5027.8222957468715,1801.9154664216949,0,5760,1.0,False,False,complete,design,coef_perturb=0.15,coef_perturb,0.15,5,2020,regen-v2,637c6b535a9e,86e95e8,local,,,1.0
5760,3.5121739228924898,14.94255824355488,11.43038432066239,4.5310569963748275,4.964181642211997,1.9351456820755637,607041.428644417,50.34507773749809,6.450485606918546,16.54727214070666,46.857638888888886,3061,6294.726097106934,74.82638888888889,1450,2202208.0341796875,58.87152777777778,2369,5439.590351104736,6880,1549.0793156180011,222.43053832448715,3677.1715869845157,1284.2195184443294,0,5760,1.0,False,False,complete,design,coef_perturb=0.15,coef_perturb,0.15,5,2020,regen-v2,637c6b535a9e,86e95e8,local,,,2.0
5760,-6.325189929282322,13.594116110983492,19.919306040265816,6.6237972478006935,2.2183059339738396,11.077202858491283,552260.9670087044,73.59774719778548,36.92400952830428,7.394353113246132,88.85416666666667,642,800.2645444869995,91.45833333333333,492,98996.11073303223,82.20486111111111,1025,3121.589256286621,2159,2264.5460666776985,1273.241708016496,1643.1895803864093,1670.3986417964181,0,5760,1.0,False,False,complete,design,coef_perturb=0.15,coef_perturb,0.15,5,2020,regen-v2,637c6b535a9e,86e95e8,local,,,3.0
3587,-40.585460763659306,-0.1475030439499312,40.437957719709374,9.932979692727605,3.8357062926219054,26.66927173435986,-5992.311160465957,110.36644103030672,88.89757244786621,12.785687642073018,32.06021745190967,2437,21383.94676876068,14.580429328129357,3064,73364591.90270996,79.42570393086145,738,4412.647220611572,6239,3395.8904935962782,3065.433532671157,2841.2639200678072,184.75260682945523,0,5760,0.6227,True,False,env_terminated,design,coef_perturb=0.2,coef_perturb,0.2,5,2020,regen-v2,637c6b535a9e,86e95e8,local,,,0.0
3685,-37.45887677934208,0.43405099194991686,37.892927771291994,8.938747822543066,2.0077443511169872,26.946435597631933,17633.321547965374,99.31942025047852,89.82145199210645,6.692481170389958,36.01085481682497,2358,20027.292278289795,12.53731343283582,3223,38697028.123168945,85.56309362279512,532,2052.9203548431396,6113,3055.9821615490227,3097.2914481014245,1487.2180381369426,53.74234469625833,0,5760,0.6398,True,False,env_terminated,design,coef_perturb=0.2,coef_perturb,0.2,5,2020,regen-v2,637c6b535a9e,86e95e8,local,,,1.0
5705,6.477624660698671,13.249003530870272,6.771378870171601,2.4510284389524086,3.431207902212722,0.88914252900647,538240.7684416048,27.23364932169343,2.9638084300215666,11.437359674042407,35.72304995617879,3667,11714.25205898285,99.82471516213847,10,13201.961547851562,43.76862401402279,3208,9341.662284851074,6885,837.9584408197884,102.20029068363138,2541.635483333622,1286.57433774544,0,5760,0.9905,True,False,env_terminated,design,coef_perturb=0.2,coef_perturb,0.2,5,2020,regen-v2,637c6b535a9e,86e95e8,local,,,2.0
5760,8.325766127786716,14.872437449360515,6.5466713215737995,2.9071369441261847,1.9735674878705394,1.6659668895770756,604192.771380271,32.30152160140205,5.553222965256919,6.578558292901798,48.52430555555556,2965,4032.900725364685,96.02430555555556,229,57336.94967651367,23.506944444444443,4406,17491.270332336426,7600,993.8929723280787,191.49044706420312,1461.9018427004848,888.124846273639,0,5760,1.0,False,False,complete,design,coef_perturb=0.2,coef_perturb,0.2,5,2020,regen-v2,637c6b535a9e,86e95e8,local,,,3.0
5760,5.794927106818111,14.09762163641053,8.302694529592419,4.882841451886348,3.3555367558391818,0.0643163218668889,572715.8789791778,54.25379390984831,0.21438773955629636,11.18512251946394,61.84027777777777,2198,2156.4774074554443,97.76041666666667,129,52625.81921386719,64.32291666666666,2055,4380.259635925293,4382,1669.3475054837804,7.3926806777740905,2485.582783540877,1433.9096226153374,0,5760,1.0,False,False,complete,design,mpc_horizon=8,mpc_horizon,8.0,6,2020,regen-v2,637c6b535a9e,86e95e8,local,,,
5760,6.298168051379361,15.13276930472173,8.83460125334237,4.876645793008985,3.867452861173222,0.09050259916016233,614768.7530043203,54.18495325565539,0.30167533053387446,12.891509537244074,62.41319444444444,2165,2096.6064805984497,94.61805555555556,310,86368.60205078125,65.34722222222223,1996,4003.029655456543,4471,1667.2293308644335,10.402597599680508,2864.779895877996,1416.9421799133038,0,5760,1.0,False,False,complete,design,mpc_horizon=12,mpc_horizon,12.0,6,2020,regen-v2,637c6b535a9e,86e95e8,local,,,
5760,5.641585537039824,16.26712499993505,10.625539462895224,4.894042219082781,5.335487976074293,0.39600926773814865,660851.9531223613,54.37824687869757,1.3200308924604955,17.784959920247644,72.25694444444444,1598,1053.5112314224243,59.375,2340,2824181.7401123047,55.625,2556,5118.074378967285,6494,1673.1768275051238,45.518306641583656,3952.2133156030864,1312.7316091331547,0,5760,1.0,False,False,complete,design,mpc_horizon=20,mpc_horizon,20.0,6,2020,regen-v2,637c6b535a9e,86e95e8,local,,,
5760,2.630833143848872,15.085564834981191,12.45473169113232,5.170620952099034,5.372646270152303,1.9114644688809828,612851.0714211109,57.45134391221149,6.371548229603276,17.908820900507678,73.59375,1521,2355.3669023513794,54.46180555555556,2623,6281930.748046875,53.71527777777778,2666,6113.224773406982,6810,1767.7336598998857,219.7085595717664,3979.737978352748,1236.1225967944752,0,5760,1.0,False,False,complete,design,mpc_horizon=30,mpc_horizon,30.0,6,2020,regen-v2,637c6b535a9e,86e95e8,local,,,
5760,6.077023199194143,16.73976598959529,10.66274279040115,4.849388072236721,5.485804904688633,0.32754981347579676,680052.9933273088,53.88208969151912,1.0918327115859892,18.28601634896211,71.80555555555556,1624,1050.1316967010498,58.10763888888889,2413,2758432.790283203,54.30555555555555,2632,5250.765110015869,6669,1657.9104528931455,37.649403739797776,4063.5591881881173,1296.7107692172851,0,5760,1.0,False,False,complete,design,stlsq_threshold=0.01,stlsq_threshold,0.01,6,2020,regen-v2,637c6b535a9e,86e95e8,local,43.0,0.04292996231324513,
5760,8.691810523905083,16.226471283371897,7.534660759466814,4.983268356736382,2.252554971579919,0.2988374311505131,659200.3958869834,55.36964840818202,0.9961247705017103,7.508516571933064,60.86805555555556,2254,2458.253044128418,100.0,0,0.0,67.06597222222223,1897,3656.1465911865234,4151,1703.681490209806,34.34912982703375,1668.5592381263327,1481.601331512352,0,5760,1.0,False,False,complete,design,stlsq_threshold=0.05,stlsq_threshold,0.05,6,2020,regen-v2,637c6b535a9e,86e95e8,local,30.0,0.0,
5760,2.688073118747658,5.667203755213889,2.9791306364662313,0.15040850534965283,2.089302816993447,0.7394193141231312,230230.15255556424,1.6712056149961427,2.464731047077104,6.964342723311491,32.170138888888886,3907,18512.409526109695,95.59027777777777,254,148233.953125,25.90277777777778,4268,31425.33892059326,8429,51.42171120150451,84.99072582602918,1547.6317168193589,1395.8660344063815,0,5760,1.0,False,False,complete,design,stlsq_threshold=0.1,stlsq_threshold,0.1,6,2020,regen-v2,637c6b535a9e,86e95e8,local,19.0,0.0,
5760,-0.9346213433317685,3.6901343899798507,4.624755733311619,0.734514648249722,0.81411685221782,3.076124232844077,149911.70959293144,8.161273869441356,10.25374744281359,2.7137228407260667,31.440972222222225,3949,23246.104239225388,78.59375,1233,2224944.4154052734,28.78472222222222,4102,24136.940464019775,9284,251.1161191703293,353.5774977963355,603.0495195477691,637.9499699883106,0,5760,1.0,False,False,complete,design,stlsq_threshold=0.2,stlsq_threshold,0.2,6,2020,regen-v2,637c6b535a9e,86e95e8,local,12.0,0.0,
5760,4.54686343699646,15.523436028807916,10.976572591811458,5.009772430032536,5.700350704521858,0.2664494572570626,630639.5886703216,55.664138111472624,0.888164857523542,19.00116901507286,75.53819444444444,1409,834.572359085083,54.84375,2601,2826647.1900634766,58.21180555555555,2407,4715.770805358887,6417,1712.7427108276909,30.626374336811317,4222.482004038,1346.5999289163299,0,5760,1.0,False,False,complete,design,coef_perturb=0.02,coef_perturb,0.02,6,2020,regen-v2,637c6b535a9e,86e95e8,local,,,0.0
5760,6.70954807188188,16.512856413603608,9.803308341721724,4.736295388780911,4.624706111717515,0.4423068412232992,670834.7918026465,52.6255043197879,1.4743561374109975,15.415687039058383,67.27430555555556,1885,1446.5302057266235,67.10069444444444,1895,2260377.0900878906,54.77430555555556,2605,5455.144069671631,6385,1619.2462874226494,50.839866918260356,3425.708231636784,1323.2775787102137,0,5760,1.0,False,False,complete,design,coef_perturb=0.02,coef_perturb,0.02,6,2020,regen-v2,637c6b535a9e,86e95e8,local,,,1.0
5760,5.446034354808978,16.4577369211256,11.011702566316625,4.911412365917977,5.767482081782472,0.3328081186161764,668595.5624207276,54.57124851019975,1.1093603953872546,19.22494027260824,70.67708333333333,1689,1112.4317321777344,55.74652777777778,2549,2742096.9342041016,56.21527777777777,2522,4913.114231109619,6760,1679.115338580892,38.253806750219894,4272.208949298594,1306.4401604699383,0,5760,1.0,False,False,complete,design,coef_perturb=0.02,coef_perturb,0.02,6,2020,regen-v2,637c6b535a9e,86e95e8,local,,,2.0
5760,5.7064071278586255,16.40469746139946,10.698290333540836,4.960477800926463,5.438213110530542,0.29959942208383117,666440.8343693531,55.116420010294036,0.9986647402794373,18.12737703510181,73.40277777777777,1532,935.691478729248,59.07986111111111,2357,2540665.926635742,56.111111111111114,2528,5061.559631347656,6417,1695.889845796091,34.43671516831131,4028.306007116044,1277.4269662353613,0,5760,1.0,False,False,complete,design,coef_perturb=0.02,coef_perturb,0.02,6,2020,regen-v2,637c6b535a9e,86e95e8,local,,,3.0
5760,4.00732626105877,16.243566420897192,12.23624015983842,5.327536717698795,6.389964848233959,0.5187385939056679,659894.8858489484,59.1948524188755,1.7291286463522264,21.29988282744653,75.59027777777779,1406,1383.0397901535034,48.87152777777778,2945,3297764.032470703,61.25000000000001,2232,5478.824321746826,6583,1821.3800732104196,59.62512573033095,4733.307295056309,1255.702113750971,0,5760,1.0,False,False,complete,design,coef_perturb=0.05,coef_perturb,0.05,6,2020,regen-v2,637c6b535a9e,86e95e8,local,,,0.0
5760,6.707827380547605,16.973797623161467,10.26597024261386,4.888062964673304,4.854147270846578,0.5237600070939781,689560.5284409345,54.31181071859226,1.7458666903132602,16.18049090282193,69.04513888888889,1783,1159.5128688812256,65.83333333333333,1968,2216809.215209961,53.66319444444444,2669,5500.630722045898,6420,1671.1326374424186,60.20229973689891,3595.664644521099,1240.7999976587744,0,5760,1.0,False,False,complete,design,coef_perturb=0.05,coef_perturb,0.05,6,2020,regen-v2,637c6b535a9e,86e95e8,local,,,1.0
5760,6.432970328480295,16.51919439333208,10.086224064851786,4.485626157667565,5.280443546882077,0.3201543603021435,671092.2722291158,49.84029064075072,1.067181201007145,17.601478489606926,58.64583333333333,2382,2587.738492012024,66.49305555555556,1930,1612801.9119873047,57.204861111111114,2465,5057.14236831665,6777,1533.5474035945413,36.79935176405286,3911.4396634149152,1337.6004956370211,0,5760,1.0,False,False,complete,design,coef_perturb=0.05,coef_perturb,0.05,6,2020,regen-v2,637c6b535a9e,86e95e8,local,,,2.0
5760,5.653976054058981,15.049519548873484,9.395543494814499,5.001941358634954,4.220371566693788,0.173230569485758,611386.7316729852,55.577126207055045,0.5774352316191933,14.067905222312627,68.94097222222221,1789,1522.1684036254883,82.82986111111111,989,513309.4637451172,62.239583333333336,2175,4539.306434631348,4953,1710.0654222093012,19.911559723167013,3126.2011613063046,1437.7491071151976,0,5760,1.0,False,False,complete,design,coef_perturb=0.05,coef_perturb,0.05,6,2020,regen-v2,637c6b535a9e,86e95e8,local,,,3.0
5760,8.445449321749424,15.726403313196567,7.280953991447144,3.8852547833608435,2.8965800334697756,0.4991191746165262,638885.1345986106,43.16949759289826,1.6637305820550874,9.655266778232585,55.41666666666667,2568,4027.052740097046,84.20138888888889,910,774848.8468017578,48.97569444444444,2939,7602.600311279297,6417,1328.292234506829,57.370019941051154,2145.614838714603,1508.0971125700505,0,5760,1.0,False,False,complete,design,coef_perturb=0.1,coef_perturb,0.1,6,2020,regen-v2,637c6b535a9e,86e95e8,local,,,0.0
5760,7.447337566165527,15.925233956202458,8.477896390036932,5.2618264491869375,3.1629634827668247,0.05310645808316767,646962.6294707248,58.46473832429931,0.17702152694389223,10.54321160922275,69.25347222222223,1771,1524.1189618110657,99.02777777777779,56,22378.123657226562,66.97916666666667,1902,3772.8160438537598,3729,1798.9150264044843,6.104190559701143,2342.935913519672,1527.1778324293095,0,5760,1.0,False,False,complete,design,coef_perturb=0.1,coef_perturb,0.1,6,2020,regen-v2,637c6b535a9e,86e95e8,local,,,1.0
5760,6.953167533522815,17.212770877730915,10.259603344208099,5.27755845627574,4.767019337134513,0.2150255507978483,699268.8169078184,58.63953840306378,0.7167518359928277,15.890064457115043,66.73611111111111,1916,1569.248044013977,94.65277777777777,308,92413.72900390625,64.79166666666667,2028,4368.293807983398,4252,1804.2934896408658,24.715580601818562,3531.1254354293355,1409.47008150885,0,5760,1.0,False,False,complete,design,coef_perturb=0.1,coef_perturb,0.1,6,2020,regen-v2,637c6b535a9e,86e95e8,local,,,2.0
5760,5.7802362993950664,15.54144034573893,9.761204046343865,6.707910794651157,2.7364482733966957,0.3168449782960117,631371.0140456441,74.53234216279064,1.0561499276533723,9.121494244655652,97.5,144,95.62786769866943,99.14930555555556,49,36936.77169799805,76.04166666666666,1380,3813.654644012451,1573,2293.3028359895666,36.418962915403824,2026.9987204141203,1065.2760219856712,0,5760,1.0,False,False,complete,design,coef_perturb=0.1,coef_perturb,0.1,6,2020,regen-v2,637c6b535a9e,86e95e8,local,,,3.0
5760,1.7807643994127753,13.229359494915027,11.448595095502254,5.316950211329883,5.91008135677699,0.22156352739538104,537442.729480923,59.077224570332035,0.7385450913179369,19.700271189256636,92.27430555555556,445,192.92016792297363,40.03472222222222,3454,6360945.966308594,47.25694444444444,3038,7600.191535949707,6937,1817.7607557120364,25.467072126834555,4377.838041474101,855.5550603887848,0,5760,1.0,False,False,complete,design,coef_perturb=0.15,coef_perturb,0.15,6,2020,regen-v2,637c6b535a9e,86e95e8,local,,,0.0
5760,-1.4325646013168298,15.195531305614939,16.62809590693177,8.265457772376688,7.419584231586903,0.943053902968179,617318.4592906069,91.83841969307431,3.14351300989393,24.73194743862301,96.12847222222223,223,151.73535919189453,47.27430555555556,3037,977672.2875976562,89.87847222222223,583,1731.2508010864258,3843,2825.797529108302,108.39700028856687,5495.98831992874,1906.5779193793192,0,5760,1.0,False,False,complete,design,coef_perturb=0.15,coef_perturb,0.15,6,2020,regen-v2,637c6b535a9e,86e95e8,local,,,1.0
5760,6.771262931105773,16.786971412465817,10.015708481360045,4.692772886174515,4.7000401695411504,0.6228954256443798,681970.7136314239,52.14192095749461,2.076318085481266,15.66680056513717,74.30555555555556,1480,902.599705696106,62.58680555555556,2155,2424996.7442626953,47.69097222222222,3013,7055.416332244873,6648,1604.3667987050299,71.59717515559169,3481.5112350271165,1286.0971051130655,0,5760,1.0,False,False,complete,design,coef_perturb=0.15,coef_perturb,0.15,6,2020,regen-v2,637c6b535a9e,86e95e8,local,,,2.0
5760,8.262956127847627,16.22104544698206,7.958089319134434,4.337827457458574,2.6612069973768344,0.9590548642990246,658979.9712836462,48.19808286065082,3.196849547663416,8.870689991256116,57.74305555555556,2434,2714.391288757324,92.04861111111111,458,738735.7236328125,52.65625000000001,2727,7928.964321136475,5619,1483.0179333088984,110.2361914404361,1971.2644410120888,1321.236683204853,0,5760,1.0,False,False,complete,design,coef_perturb=0.15,coef_perturb,0.15,6,2020,regen-v2,637c6b535a9e,86e95e8,local,,,3.0
4171,-35.23336273308634,0.9693242857623976,36.20268701884874,8.717772909629584,3.9527296287550646,23.532184480464082,39378.799109097396,96.86414344032872,78.44061493488027,13.17576542918355,30.088707743946298,2916,24238.099210739136,35.602972908175495,2686,77661802.8137207,62.7906976744186,1552,5957.796096801758,7154,2980.4351827944415,2704.8487908924494,2927.9478728967542,380.6659080084888,0,5760,0.7241,True,False,env_terminated,design,coef_perturb=0.2,coef_perturb,0.2,6,2020,regen-v2,637c6b535a9e,86e95e8,local,,,0.0
5760,-29.954877955494712,4.315699668510469,34.27057762400518,8.572124735939331,3.377844600742144,22.3206082873237,175325.2990332378,95.24583039932591,74.40202762441234,11.259482002473813,46.145833333333336,3102,21461.202164649963,43.420138888888886,3259,28896411.655151367,72.51736111111111,1583,8648.61082649231,7944,2930.6409354385546,2565.587159172044,2502.10711119175,405.2130698058225,0,5760,1.0,False,False,complete,design,coef_perturb=0.2,coef_perturb,0.2,6,2020,regen-v2,637c6b535a9e,86e95e8,local,,,1.0
5760,1.095411655068088,17.800939884601487,16.7055282295334,8.869612646296154,5.7239206056945156,2.1119949775427305,723163.1828119354,98.55125162551283,7.039983258475768,19.07973535231505,98.48958333333333,87,59.2070426940918,54.93055555555556,2596,1837435.464477539,79.42708333333334,1185,3680.5952186584473,3868,3032.3462038319126,242.7580435578538,4239.941189436875,977.1281825270715,0,5760,1.0,False,False,complete,design,coef_perturb=0.2,coef_perturb,0.2,6,2020,regen-v2,637c6b535a9e,86e95e8,local,,,2.0
4545,-42.16361753602629,0.7817619994687668,42.94537953549505,10.322747316213452,3.1236644032099186,29.49896781607168,31759.081228418654,114.69719240237168,98.32989272023893,10.412214677366396,37.57975797579758,2837,24880.143967151642,23.256325632563257,3488,49559358.345947266,77.90979097909792,1004,4730.8400592803955,7329,3529.144381860517,3390.6859559567793,2313.825484293293,299.54074733629227,0,5760,0.7891,True,False,env_terminated,design,coef_perturb=0.2,coef_perturb,0.2,6,2020,regen-v2,637c6b535a9e,86e95e8,local,,,3.0
5760,6.876753695419532,15.174516975557738,8.297763280138208,5.016852319093419,3.204475108702309,0.07643585234247832,616464.7521320331,55.74280354548244,0.25478617447492774,10.681583695674364,59.635416666666664,2325,2137.8492374420166,100.0,0,0.0,70.22569444444444,1715,3521.174472808838,4040,1715.1631865582358,8.78573018803651,2373.6852652709194,1368.6600790935947,0,5760,1.0,False,False,complete,design,mpc_horizon=8,mpc_horizon,8.0,7,2020,regen-v2,637c6b535a9e,86e95e8,local,,,
5760,6.146342303949982,14.94841944127855,8.802077137328565,4.982310868385083,3.7303983720973326,0.08936789684614949,607279.539801941,55.359009648723145,0.29789298948716497,12.434661240324443,61.05902777777777,2243,2053.4921913146973,92.96875,405,94377.71850585938,69.84375,1737,3483.9647369384766,4385,1703.3541444417403,10.272172133260408,2763.258052831651,1356.1747481608745,0,5760,1.0,False,False,complete,design,mpc_horizon=12,mpc_horizon,12.0,7,2020,regen-v2,637c6b535a9e,86e95e8,local,,,
5760,4.828661766830856,15.514533021445244,10.68587125461439,4.956240933479661,5.140374334976857,0.5892559861578717,630277.9039962131,55.069343705329565,1.964186620526239,17.134581116589526,72.06597222222221,1609,998.2111721038818,57.88194444444444,2426,2602589.998413086,55.50347222222223,2563,5033.026527404785,6598,1694.44134494015,67.7305730917494,3807.6846929555422,1292.017489664417,0,5760,1.0,False,False,complete,design,mpc_horizon=20,mpc_horizon,20.0,7,2020,regen-v2,637c6b535a9e,86e95e8,local,,,
5760,4.098067476795256,15.418423134884875,11.320355658089621,4.986687866579664,5.342453676625981,0.9912141148839773,626373.4398546981,55.40764296199627,3.3040470496132577,17.808178922086604,73.35069444444444,1535,1456.5256805419922,54.045138888888886,2647,3765479.671508789,53.50694444444445,2678,5832.875949859619,6860,1704.8505530258096,113.93265661876482,3957.3730925091877,1257.9398412191576,0,5760,1.0,False,False,complete,design,mpc_horizon=30,mpc_horizon,30.0,7,2020,regen-v2,637c6b535a9e,86e95e8,local,,,
5760,6.092110233343495,16.701136821534693,10.609026588191197,4.850340598449655,5.299759570074064,0.45892641966747716,678483.6833748468,53.892673316107285,1.5297547322249239,17.665865233580217,76.07638888888889,1378,801.9097480773926,61.076388888888886,2242,2235607.5645751953,52.11805555555556,2758,5559.797653198242,6378,1658.236101993542,52.7501631084542,3925.747828872032,1311.2610867775948,0,5760,1.0,False,False,complete,design,stlsq_threshold=0.01,stlsq_threshold,0.01,7,2020,regen-v2,637c6b535a9e,86e95e8,local,43.0,0.05334290433269929,
5760,8.79923970013204,16.22474171231194,7.4255020121799,5.0262875651660135,2.245957976379769,0.15325647063411724,659130.1320626725,55.84763961295571,0.5108549021137242,7.486526587932563,70.19097222222223,1717,1411.8487586975098,100.0,0,0.0,62.20486111111111,2177,4446.3661460876465,3894,1718.3889113109658,17.615686271526506,1663.6725759157785,1384.8122231822065,0,5760,1.0,False,False,complete,design,stlsq_threshold=0.05,stlsq_threshold,0.05,7,2020,regen-v2,637c6b535a9e,86e95e8,local,28.0,0.058521510948575814,
5760,2.5586837595182472,5.669604267803224,3.110920508284977,0.16627687203017996,2.128156627030874,0.8164870092239231,230327.67337950598,1.847520800335333,2.721623364079744,7.093855423436247,32.22222222222222,3904,18328.791355133057,94.84375,297,194236.07446289062,24.84375,4329,31975.688762664795,8530,56.84679391535491,93.84908167780654,1576.4123161665304,1392.0473469547496,0,5760,1.0,False,False,complete,design,stlsq_threshold=0.1,stlsq_threshold,0.1,7,2020,regen-v2,637c6b535a9e,86e95e8,local,19.0,0.0,
5760,-1.5648816943956414,4.72718184168099,6.292063536076631,1.1387497173965677,1.0193218803554185,4.133991938324645,192041.76231829025,12.652774637739642,13.779973127748816,3.3977396011847283,31.54513888888889,3943,20770.580828905106,74.375,1476,2858184.1385498047,24.774305555555557,4333,27741.937381744385,9752,389.3161424985117,475.1714873551183,755.0532440260698,560.004655874278,0,5760,1.0,False,False,complete,design,stlsq_threshold=0.2,stlsq_threshold,0.2,7,2020,regen-v2,637c6b535a9e,86e95e8,local,11.0,0.0,
5760,4.610372183575607,15.561454564261023,10.951082380685417,4.989090002749915,5.209186183258327,0.7528061946771736,632184.0916731041,55.434333363887944,2.5093539822572453,17.363953944194424,73.47222222222223,1528,927.4185762405396,56.56250000000001,2502,2784240.9626464844,53.43750000000001,2682,5329.0424880981445,6712,1705.671797268309,86.52944752623188,3858.656432429402,1298.1085220373402,0,5760,1.0,False,False,complete,design,coef_perturb=0.02,coef_perturb,0.02,7,2020,regen-v2,637c6b535a9e,86e95e8,local,,,0.0
5760,3.9869376723261376,15.431254710953354,11.444317038627215,5.090576103571815,5.575993800978015,0.7777471340773856,626894.72263248,56.5619567063535,2.592490446924619,18.58664600326005,77.84722222222223,1276,721.840892791748,51.23263888888889,2809,3234417.4208984375,53.94097222222223,2653,5244.8410987854,6738,1740.3678995816954,89.3962223956876,4130.365776227445,1282.7315410846331,0,5760,1.0,False,False,complete,design,coef_perturb=0.02,coef_perturb,0.02,7,2020,regen-v2,637c6b535a9e,86e95e8,local,,,1.0
5760,5.287685222159033,15.908012384482415,10.620327162323383,4.894475250394237,4.883418041229039,0.8424338707001079,646263.0031195981,54.38305833771374,2.808112902333693,16.27806013743013,70.08680555555556,1723,1096.9275569915771,61.892361111111114,2195,2324671.8463134766,50.97222222222222,2824,5681.988109588623,6742,1673.3248739200483,96.83147949756588,3617.3466967087916,1295.8766439405056,0,5760,1.0,False,False,complete,design,coef_perturb=0.02,coef_perturb,0.02,7,2020,regen-v2,637c6b535a9e,86e95e8,local,,,2.0
5760,4.1673682044611375,15.202016578656988,11.03464837419585,4.990744420274458,5.320167919364167,0.7237360345572251,617581.9235079401,55.45271578082732,2.412453448524084,17.733893064547225,74.40972222222221,1474,884.5177583694458,53.697916666666664,2667,3027230.393432617,53.80208333333333,2661,5271.752002716064,6802,1706.2374076678539,83.18804982481093,3940.8651259347953,1295.0017267007343,0,5760,1.0,False,False,complete,design,coef_perturb=0.02,coef_perturb,0.02,7,2020,regen-v2,637c6b535a9e,86e95e8,local,,,3.0
5760,5.182582202171876,16.23267475519308,11.050092553021203,5.198333608736277,5.469751980527871,0.38200696375705356,659452.4119297188,57.75926231929197,1.2733565458568452,18.23250660175957,72.56944444444444,1580,981.3233489990234,59.72222222222222,2320,1849692.8737792969,54.63541666666667,2613,4989.923778533936,6513,1777.2080712744132,43.908846315648745,4051.6681332970106,1321.0471068712632,0,5760,1.0,False,False,complete,design,coef_perturb=0.05,coef_perturb,0.05,7,2020,regen-v2,637c6b535a9e,86e95e8,local,,,0.0
5760,6.998450737829701,14.398391433894938,7.3999406960652365,4.758337227866425,2.5703016075362033,0.07130186066260638,584934.6520019819,52.87041364296028,0.2376728688753546,8.567672025120679,50.46874999999999,2853,3846.122452735901,99.72222222222223,16,3632.607177734375,71.78819444444444,1625,2935.291000366211,4494,1626.7819589861833,8.195616145087268,1903.927117994112,1510.2299852482656,0,5760,1.0,False,False,complete,design,coef_perturb=0.05,coef_perturb,0.05,7,2020,regen-v2,637c6b535a9e,86e95e8,local,,,1.0
5760,4.27412037385439,15.530754392077583,11.256634018223192,5.233286668746282,5.561095028118977,0.4622523213579326,630936.8971781518,58.14762965273647,1.5408410711931086,18.53698342706326,68.64583333333333,1806,1197.0239944458008,55.17361111111111,2582,2955696.8002929688,60.26041666666667,2289,4404.537750244141,6677,1789.1578356679843,53.132450655282334,4119.329650066071,1396.049877706461,0,5760,1.0,False,False,complete,design,coef_perturb=0.05,coef_perturb,0.05,7,2020,regen-v2,637c6b535a9e,86e95e8,local,,,2.0
5760,6.112354089054303,16.02687337627611,9.914519287221811,4.90583770315485,4.539668642268066,0.46901294179889286,651091.730911217,54.509307812831665,1.5633764726629762,15.132228807560221,64.42708333333333,2049,1482.2184734344482,67.95138888888889,1846,1487271.8369140625,56.40625,2511,5120.243618011475,6406,1677.209471011004,53.90953355048626,3362.7175133469027,1293.5240199164216,0,5760,1.0,False,False,complete,design,coef_perturb=0.05,coef_perturb,0.05,7,2020,regen-v2,637c6b535a9e,86e95e8,local,,,3.0
5760,5.524576883117281,15.453524835361847,9.928947952244567,4.52571449845934,3.9554425842654597,1.4477908695197663,627799.446436575,50.28571664954823,4.825969565065888,13.1848086142182,68.62847222222223,1807,1313.6990537643433,66.37152777777777,1937,1885343.439819336,37.864583333333336,3579,8541.535675048828,7323,1547.2528197226916,166.41274377359133,2929.9574689469755,1307.1916297153673,0,5760,1.0,False,False,complete,design,coef_perturb=0.1,coef_perturb,0.1,7,2020,regen-v2,637c6b535a9e,86e95e8,local,,,0.0
5760,6.1375262452227215,14.908713507185002,8.771187261962279,6.15361446486016,2.411269685084507,0.20630311201761287,605666.4862293907,68.37349405400178,0.6876770400587096,8.037565616948356,90.83333333333333,528,351.0989685058594,100.0,0,0.0,77.56944444444444,1292,2928.4924659729004,1820,2103.7998190302537,23.713001410401304,1786.125692049877,936.8048991907572,0,5760,1.0,False,False,complete,design,coef_perturb=0.1,coef_perturb,0.1,7,2020,regen-v2,637c6b535a9e,86e95e8,local,,,1.0
5760,5.7179689795286315,15.242502368513724,9.524533388985093,6.396194393888979,2.7139543735109823,0.41438462158513056,619226.65872087,71.06882659876644,1.3812820719504353,9.046514578369942,93.68055555555556,364,347.2384214401245,99.09722222222223,52,42031.22216796875,77.60416666666666,1290,3018.6512184143066,1706,2186.7331274391327,47.630416175724775,2010.3365723355373,899.1331888706388,0,5760,1.0,False,False,complete,design,coef_perturb=0.1,coef_perturb,0.1,7,2020,regen-v2,637c6b535a9e,86e95e8,local,,,2.0
5760,6.49777166693449,17.197849648964795,10.700077982030304,4.703995506077414,5.296543626728846,0.6995388492240433,698662.6419891948,52.266616734193484,2.3317961640801443,17.655145422429488,57.32638888888889,2458,2620.919104576111,63.24652777777777,2117,1711191.0832519531,55.833333333333336,2544,5473.982086181641,7119,1608.203590915318,80.4067643577098,3923.365649092283,1080.405334047302,0,5760,1.0,False,False,complete,design,coef_perturb=0.1,coef_perturb,0.1,7,2020,regen-v2,637c6b535a9e,86e95e8,local,,,3.0
5760,0.7910696344137346,14.556765876462276,13.765696242048541,8.347802582075671,3.1017818030910096,2.3161118568818595,591368.61373128,92.75336202306302,7.720372856272865,10.339272676970033,94.14930555555556,337,642.2663669586182,97.34375,153,109179.1456451416,85.92013888888889,811,2229.2051277160645,1301,2853.9496006044164,266.219753392294,2297.6161503025314,1198.5568433646008,0,5760,1.0,False,False,complete,design,coef_perturb=0.15,coef_perturb,0.15,7,2020,regen-v2,637c6b535a9e,86e95e8,local,,,0.0
5760,7.509427154882655,15.241076402813501,7.731649247930848,4.958273542003319,2.642389759316318,0.13098594661121163,619168.7288642986,55.09192824448132,0.4366198220373721,8.807965864387727,48.71527777777778,2954,3618.6657552719116,100.0,0,0.0,65.57291666666667,1983,4399.065196990967,4937,1695.1362541085168,15.055855952006052,1957.3257477005036,1529.3344558188169,0,5760,1.0,False,False,complete,design,coef_perturb=0.15,coef_perturb,0.15,7,2020,regen-v2,637c6b535a9e,86e95e8,local,,,1.0
5760,-1.4189337907506392,14.758713155527484,16.177646946278124,6.102094072108525,4.339731237033092,5.735821637136507,599572.7219433041,67.80104524565027,19.11940545712169,14.465770790110309,96.21527777777777,218,291.7751131057739,42.62152777777778,3305,4989786.068496704,59.42708333333333,2337,4828.209373474121,5860,2086.186007453541,659.2898431932257,3214.6157318558767,941.3168091852635,0,5760,1.0,False,False,complete,design,coef_perturb=0.15,coef_perturb,0.15,7,2020,regen-v2,637c6b535a9e,86e95e8,local,,,2.0
5760,-2.497071861175299,15.330654426880232,17.827726288055533,6.606590252209458,7.291681019142716,3.929455016703357,622807.8360920094,73.40655835788287,13.09818338901119,24.305603397142388,91.52777777777777,488,793.8830232620239,51.51041666666667,2793,2027467.0183105469,81.21527777777777,1082,2278.275245666504,4363,2258.6633334009907,451.66149624267086,5401.245199673551,1526.5018099420952,0,5760,1.0,False,False,complete,design,coef_perturb=0.15,coef_perturb,0.15,7,2020,regen-v2,637c6b535a9e,86e95e8,local,,,3.0
5760,-6.863005549546909,11.145760225445564,18.00876577499247,10.33585974602738,1.4751699051501495,6.197736123814942,452796.509158726,114.84288606697089,20.659120412716476,4.917233017167165,54.045138888888886,2647,8621.877076148987,100.0,0,0.0,81.85763888888889,1045,5169.445056915283,3692,3533.62726397151,712.3834625201271,1092.7184486456165,1609.8685030738247,0,5760,1.0,False,False,complete,design,coef_perturb=0.2,coef_perturb,0.2,7,2020,regen-v2,637c6b535a9e,86e95e8,local,,,0.0
4634,-39.564255529655085,0.7641772925308915,40.32843282218597,10.412157320587927,0.20823944866188882,29.708036052936162,31044.702509067472,115.6906368954214,99.02678684312055,0.6941314955396294,31.2473025463962,3186,27852.010716438293,77.75140267587398,1031,656668.7841339111,77.85930082002591,1026,4106.30770111084,5243,3559.7119048778936,3414.7167876684366,154.25144338291096,61.34479151017569,0,5760,0.8045,True,False,env_terminated,design,coef_perturb=0.2,coef_perturb,0.2,7,2020,regen-v2,637c6b535a9e,86e95e8,local,,,1.0
5760,3.654147752293898,16.324473889231363,12.670326136937467,6.460418254094187,4.032881037689593,2.1770268451536854,663181.7517500242,71.78242504549097,7.256756150512285,13.442936792298646,93.14236111111111,395,442.38179206848145,65.74652777777777,1973,2384835.8581848145,65.46875,1989,3830.476894378662,4357,2208.690000668509,250.23297069109617,2987.3192882068433,807.5120556926115,0,5760,1.0,False,False,complete,design,coef_perturb=0.2,coef_perturb,0.2,7,2020,regen-v2,637c6b535a9e,86e95e8,local,,,2.0
5760,6.168634845071804,17.246924215725127,11.078289370653323,4.9270402231306525,3.2115933778618575,2.9396557696608143,700656.2962638333,54.74489136811836,9.798852565536048,10.705311259539526,60.15625,2295,2401.9206399917603,97.67361111111111,134,22113.655029296875,36.12847222222222,3679,9962.597324371338,6108,1684.458195465893,337.89146772802206,2378.958057078288,712.3806901012897,0,5760,1.0,False,False,complete,design,coef_perturb=0.2,coef_perturb,0.2,7,2020,regen-v2,637c6b535a9e,86e95e8,local,,,3.0
5760,7.449580753835695,16.173710304920892,8.724129551085198,5.093144616807888,3.406416864265668,0.2245680700116424,657056.9811374113,56.59049574230987,0.7485602333721413,11.35472288088556,63.142361111111114,2123,2266.0704383850098,96.45833333333333,204,409080.70068359375,67.29166666666667,1884,4015.508975982666,4211,1741.246022770247,25.812421904059594,2523.2717498364927,1450.4054004177406,0,5760,1.0,False,False,complete,design,mpc_horizon=8,mpc_horizon,8.0,8,2020,regen-v2,637c6b535a9e,86e95e8,local,,,
5760,6.8806714251234435,16.197223791593714,9.31655236647027,5.049561736842348,3.9476364263263783,0.31935420330154435,658012.2165334946,56.10624152047053,1.0645140110051479,13.158788087754594,64.73958333333333,2031,2162.929298400879,94.16666666666667,336,539609.8056640625,66.25,1944,3890.2422943115234,4311,1726.3458930480192,36.707379630198474,2924.175131229069,1455.727423951754,0,5760,1.0,False,False,complete,design,mpc_horizon=12,mpc_horizon,12.0,8,2020,regen-v2,637c6b535a9e,86e95e8,local,,,
5760,5.764378966988263,16.320055565649746,10.555676598661485,4.980607088278971,5.059500176984171,0.5155693333983421,663002.257354521,55.34007875865523,1.7185644446611403,16.86500058994724,66.78819444444444,1913,1951.0502939224243,76.42361111111111,1358,1382915.3642578125,64.27083333333333,2058,4046.6971740722656,5329,1702.7716539284809,59.2608429927891,3747.7779092137257,1462.4217662165092,0,5760,1.0,False,False,complete,design,mpc_horizon=20,mpc_horizon,20.0,8,2020,regen-v2,637c6b535a9e,86e95e8,local,,,
5760,4.04373122218248,16.694299443233565,12.650568221051088,5.040676716990797,6.290863481191163,1.319028022869128,678205.9148813636,56.007519077675525,4.396760076230427,20.96954493730388,74.54861111111111,1466,1335.6948623657227,50.45138888888889,2854,4348941.915649414,56.857638888888886,2485,5310.384185791016,6805,1723.3082787129727,151.61241624517268,4659.89887342847,1398.2033715525622,0,5760,1.0,False,False,complete,design,mpc_horizon=30,mpc_horizon,30.0,8,2020,regen-v2,637c6b535a9e,86e95e8,local,,,
5760,6.039054197503449,16.568427814925506,10.52937361742206,4.947519600585992,5.03341372663877,0.5484402901972973,673092.3799813488,54.97244000651103,1.8281343006576578,16.778045755462568,67.39583333333333,1878,1914.2650890350342,76.59722222222223,1348,1443228.6998291016,64.07986111111111,2069,4109.111255645752,5295,1691.4596922848907,63.0391137903339,3728.454611950616,1446.8337362219872,0,5760,1.0,False,False,complete,design,stlsq_threshold=0.01,stlsq_threshold,0.01,8,2020,regen-v2,637c6b535a9e,86e95e8,local,43.0,0.03849248667995279,
5760,8.314367196681008,16.214604192494605,7.900236995813599,5.167458628250354,2.732778367563246,0.0,658718.2953200934,57.41620698055949,0.0,9.10926122521082,54.53125,2619,3608.2092094421387,100.0,0,0.0,79.23611111111111,1196,2728.1905670166016,3815,1766.6525230940013,0.0,2024.280272791701,1541.231380977217,0,5760,1.0,False,False,complete,design,stlsq_threshold=0.05,stlsq_threshold,0.05,8,2020,regen-v2,637c6b535a9e,86e95e8,local,28.0,0.0,
5760,2.784434519658804,5.782555627132634,2.99812110747383,0.14749112799447028,2.127975728015276,0.7226542514640837,234916.32235226326,1.6387903110496698,2.408847504880279,7.093252426717586,32.708333333333336,3876,18314.694720745087,95.64236111111111,251,150394.7412109375,24.774305555555557,4333,32219.635139465332,8460,50.42431723408805,83.06370711970341,1576.2783164198763,1394.808439616389,0,5760,1.0,False,False,complete,design,stlsq_threshold=0.1,stlsq_threshold,0.1,8,2020,regen-v2,637c6b535a9e,86e95e8,local,19.0,0.0,
5760,-3.2148501012255073,4.226880315612192,7.441730416837699,1.2402624704641056,1.344754653765929,4.856713292607665,171717.0128217453,13.78069411626784,16.189044308692218,4.482515512553097,32.27430555555556,3901,20864.467142939568,69.60069444444444,1751,3749835.6154785156,26.319444444444446,4244,27559.173027038574,9896,424.0213573689924,558.2429070180739,996.1145587154998,684.1105434031531,0,5760,1.0,False,False,complete,design,stlsq_threshold=0.2,stlsq_threshold,0.2,8,2020,regen-v2,637c6b535a9e,86e95e8,local,10.0,0.0,
5760,5.522059355238776,16.44559949927825,10.923540144039473,5.050036252732296,5.253589945818146,0.6199139454890301,668102.4796581789,56.111513919247734,2.066379818296767,17.511966486060487,70.3125,1710,1666.139636039734,71.97916666666667,1614,1867092.0262451172,63.47222222222222,2104,4182.409610748291,5428,1726.5081205286624,71.25447652609301,3891.5481071216986,1443.36271183511,0,5760,1.0,False,False,complete,design,coef_perturb=0.02,coef_perturb,0.02,8,2020,regen-v2,637c6b535a9e,86e95e8,local,,,0.0
5760,4.529411139911198,16.2516141352055,11.722202995294303,5.231398785942639,6.070621146625838,0.42018306272582406,660221.8242427234,58.12665317714044,1.4006102090860804,20.235403822086127,71.47569444444444,1643,1335.2058992385864,56.19791666666667,2523,2697176.253173828,64.35763888888889,2053,4092.2767372131348,6219,1788.512405521555,48.29690366305722,4496.756403105733,1404.0313584249939,0,5760,1.0,False,False,complete,design,coef_perturb=0.02,coef_perturb,0.02,8,2020,regen-v2,637c6b535a9e,86e95e8,local,,,1.0
5760,5.728946658508472,16.50175315127825,10.772806492769782,5.097385473623103,5.147569769530396,0.527851249616281,670383.721770679,56.63761637359003,1.7595041653876036,17.158565898434652,69.89583333333333,1734,1646.9662780761719,74.39236111111111,1475,1514627.4464111328,63.420138888888886,2107,4154.9515380859375,5316,1742.6958884107,60.672557554797095,3813.014643416188,1448.6411255943874,0,5760,1.0,False,False,complete,design,coef_perturb=0.02,coef_perturb,0.02,8,2020,regen-v2,637c6b535a9e,86e95e8,local,,,2.0
5760,4.611335346069018,16.457331773420314,11.845996427351297,5.099861329407145,6.073136268828794,0.6729988291153575,668579.1032952003,56.66512588230161,2.243329430384525,20.24378756276265,69.375,1764,1512.6004719734192,60.03472222222223,2302,2888313.2635498047,68.07291666666667,1839,3303.7130279541016,5905,1743.542333840658,77.35618712956189,4498.619457569444,1441.5557734140698,0,5760,1.0,False,False,complete,design,coef_perturb=0.02,coef_perturb,0.02,8,2020,regen-v2,637c6b535a9e,86e95e8,local,,,3.0
5760,4.9168832394787465,16.05701004835786,11.140126808879115,4.832804998002876,5.795457657313557,0.5118641535626827,652316.0332145381,53.69783331114307,1.7062138452089424,19.318192191045192,56.49305555555556,2506,3275.611036300659,69.32291666666667,1767,1806356.1926269531,74.79166666666667,1452,2778.5946350097656,5725,1652.2410241323564,58.83496029292888,4292.931597578517,1444.3899223836834,0,5760,1.0,False,False,complete,design,coef_perturb=0.05,coef_perturb,0.05,8,2020,regen-v2,637c6b535a9e,86e95e8,local,,,0.0
5760,6.409575763747386,16.347053052025746,9.937477288278362,4.852491389439477,4.437606699811851,0.6473791990270338,664099.030238546,53.91657099377197,2.157930663423446,14.79202233270617,63.020833333333336,2130,2468.895025253296,82.15277777777777,1028,1473042.2667236328,64.46180555555556,2047,4144.240493774414,5205,1658.9714150227983,74.4114020862847,3287.116074220421,1498.6176008613152,0,5760,1.0,False,False,complete,design,coef_perturb=0.05,coef_perturb,0.05,8,2020,regen-v2,637c6b535a9e,86e95e8,local,,,1.0
5760,5.828068070312874,15.50464882768744,9.676580757374566,5.026873861630246,3.22893708420633,1.420769811537989,629876.3586248022,55.85415401811385,4.7358993717932965,10.7631236140211,58.24652777777778,2405,2587.6563444137573,92.53472222222221,430,1670415.1719970703,67.79513888888889,1855,4012.646842956543,4690,1718.5893532963057,163.30687466047675,2391.805246951063,1451.3078444486455,0,5760,1.0,False,False,complete,design,coef_perturb=0.05,coef_perturb,0.05,8,2020,regen-v2,637c6b535a9e,86e95e8,local,,,2.0
5760,6.348326778042273,16.45280439168263,10.104477613640356,4.729751422103507,4.681856978049761,0.692869213487088,668395.1784121068,52.55279357892786,2.30956404495696,15.606189926832537,58.31597222222222,2401,2435.5070428848267,76.89236111111111,1331,1631377.3178710938,58.81944444444444,2372,4811.445957183838,6104,1617.0090333041192,79.6401394757967,3468.042207686833,1382.0077706622028,0,5760,1.0,False,False,complete,design,coef_perturb=0.05,coef_perturb,0.05,8,2020,regen-v2,637c6b535a9e,86e95e8,local,,,3.0
5760,6.261288486788214,16.361206398262063,10.099917911473849,5.534657797257886,4.426077092251012,0.1391830219649505,664674.0099293963,61.49619774730984,0.463943406549835,14.753590307503375,66.92708333333334,1905,1602.7862005233765,89.49652777777779,605,366471.9581298828,69.23611111111111,1772,3645.7253494262695,4282,1892.1906994612227,15.998048535986758,3278.5756216336576,1443.924413389672,0,5760,1.0,False,False,complete,design,coef_perturb=0.1,coef_perturb,0.1,8,2020,regen-v2,637c6b535a9e,86e95e8,local,,,0.0
5760,5.622144849996853,16.354959126881727,10.732814276884875,6.179797889714763,4.088280708882193,0.4647356782879194,664420.2145295702,68.6644209968307,1.5491189276263981,13.627602362940644,92.39583333333333,438,307.06196212768555,61.28472222222222,2230,3189246.7279052734,63.94097222222223,2077,5049.050971984863,4745,2112.751415230585,53.417894030365815,3028.3560813078034,812.5801643241199,0,5760,1.0,False,False,complete,design,coef_perturb=0.1,coef_perturb,0.1,8,2020,regen-v2,637c6b535a9e,86e95e8,local,,,1.0
5760,-14.545028214274643,11.355338355922552,25.900366570197193,6.363193760569725,4.792002902945871,14.745169906681596,461310.6207093537,70.70215289521917,49.15056635560532,15.97334300981957,47.04861111111111,3050,12178.875824451447,60.798611111111114,2258,31495854.235351562,79.0625,1206,4170.118453979492,6514,2175.4508585250665,1694.8471157872245,3549.6317804160763,1093.5693006495653,0,5760,1.0,False,False,complete,design,coef_perturb=0.1,coef_perturb,0.1,8,2020,regen-v2,637c6b535a9e,86e95e8,local,,,2.0
5760,5.959250639768079,16.35501672787489,10.39576608810681,5.055785993076189,5.048592728991535,0.29138736603908677,664422.5545699174,56.17539992306877,0.9712912201302892,16.828642429971783,77.88194444444444,1274,908.9470500946045,67.70833333333334,1860,1171555.859375,59.60069444444444,2327,4924.874984741211,5461,1728.4738438608342,33.49280074000173,3739.69831726383,1227.4173030194966,0,5760,1.0,False,False,complete,design,coef_perturb=0.1,coef_perturb,0.1,8,2020,regen-v2,637c6b535a9e,86e95e8,local,,,3.0
5760,-42.86705718875886,0.8987146389550562,43.76577182771392,10.926829604754442,4.977635681340331,27.86130654161914,36510.28220754916,121.40921783060492,92.87102180539713,16.592118937801104,45.9375,3114,27988.528138160706,42.239583333333336,3327,87827305.9284668,70.08680555555556,1723,12892.728149414062,8164,3735.6682417830707,3202.4490278034627,3687.1375413991364,760.6236595661834,0,5760,1.0,False,False,complete,design,coef_perturb=0.15,coef_perturb,0.15,8,2020,regen-v2,637c6b535a9e,86e95e8,local,,,0.0
5760,4.831149429889175,15.77422752799156,10.943078098102385,5.191183936484856,5.439308369786436,0.31258579183109264,640827.9933246571,57.67982151649841,1.0419526394369756,18.13102789928812,47.96875,2997,5735.182855606079,86.35416666666667,786,798427.1805419922,83.78472222222221,934,1958.855182647705,4717,1774.7637392424779,35.929401367224635,4029.117311119567,1625.8852537384955,0,5760,1.0,False,False,complete,design,coef_perturb=0.15,coef_perturb,0.15,8,2020,regen-v2,637c6b535a9e,86e95e8,local,,,1.0
5760,-26.977128837680993,5.656499302555422,32.633628140236425,6.58378143215077,3.888628936947957,22.16121777113769,229795.284166314,73.15312702389745,73.8707259037923,12.96209645649319,77.27430555555556,1309,12637.484822273254,54.65277777777777,2612,66077371.4699707,60.06944444444444,2300,10092.121501922607,6221,2250.865447579159,2547.2664105808362,2880.465879384414,480.06085545490146,0,5760,1.0,False,False,complete,design,coef_perturb=0.15,coef_perturb,0.15,8,2020,regen-v2,637c6b535a9e,86e95e8,local,,,2.0
3695,-4.3683209216896435,9.664568433594427,14.03288935528407,6.458861033045501,1.606433572709851,5.967594749528718,392623.0926147736,71.76512258939447,19.891982498429062,5.354778575699504,89.74289580514208,379,811.1146860122681,95.39918809201625,170,193069.8515625,91.52909336941813,313,1113.5671043395996,862,2208.15761798055,685.9304309994565,1189.9507942676555,1129.8689776964798,0,5760,0.6415,True,False,env_terminated,design,coef_perturb=0.15,coef_perturb,0.15,8,2020,regen-v2,637c6b535a9e,86e95e8,local,,,3.0
5760,-1.021832534362885,11.962985608127802,12.984818142490688,6.114207236179143,1.9095601133600033,4.96105079295154,485996.29033019196,67.93563595754604,16.536835976505134,6.365200377866678,94.27083333333334,330,649.026463508606,99.28819444444444,41,11741.19091796875,78.50694444444444,1238,5148.301792144775,1609,2090.327257788241,570.2357230267588,1414.4889725468522,737.7971941720415,0,5760,1.0,False,False,complete,design,coef_perturb=0.2,coef_perturb,0.2,8,2020,regen-v2,637c6b535a9e,86e95e8,local,,,0.0
5699,-0.2361011185199391,14.55531662525555,14.79141774377549,10.040324191378243,3.1098461598375993,1.641247392559645,591309.7379010067,111.55915768198048,5.470824641865483,10.366153866125332,93.75329005088612,356,337.30200815200806,99.14020003509387,49,11176.676879882812,96.73626952096859,186,498.7066535949707,591,3432.5894679025632,188.64912550252745,2303.589747100456,1974.515738570363,0,5760,0.9894,True,False,env_terminated,design,coef_perturb=0.2,coef_perturb,0.2,8,2020,regen-v2,637c6b535a9e,86e95e8,local,,,1.0
5760,4.037013178952994,16.27026068570445,12.233247506751457,6.273752451834589,2.869149075145885,3.090345979770983,660979.3403567433,69.70836057593988,10.301153265903277,9.563830250486284,89.07986111111111,629,475.9244213104248,86.21527777777777,794,882826.4992980957,69.65277777777777,1748,4227.41130065918,3171,2144.8726328358257,355.21218152669064,2125.2956113519704,1250.5476517076117,0,5760,1.0,False,False,complete,design,coef_perturb=0.2,coef_perturb,0.2,8,2020,regen-v2,637c6b535a9e,86e95e8,local,,,2.0
3199,-40.67626355009506,-0.5013484742718102,40.17491507582325,9.261758098155353,3.50393926528045,27.409217712387438,-20367.28176729229,102.90842331283726,91.36405904129147,11.679797550934834,25.53923100969053,2382,20731.762669563293,1.5004688965301656,3151,67174527.74328613,73.27289778055642,855,3808.6512451171875,6388,3166.4130248789916,3150.4847944994453,2595.5105669972345,5.28121118610132,0,5760,0.5554,True,False,env_terminated,design,coef_perturb=0.2,coef_perturb,0.2,8,2020,regen-v2,637c6b535a9e,86e95e8,local,,,3.0
5760,5.932681244636097,14.308777611371902,8.376096366735805,4.756610900981764,3.5001873691459773,0.11929809660806133,581294.0904619835,52.851232233130716,0.3976603220268711,11.667291230486592,52.25694444444444,2750,3301.486909866333,99.98263888888889,1,7.3870849609375,75.13888888888889,1432,2811.7570190429688,4183,1626.1917608711028,13.712424856389847,2592.731384654764,1461.964869285861,0,5760,1.0,False,False,complete,design,mpc_horizon=8,mpc_horizon,8.0,9,2020,regen-v2,637c6b535a9e,86e95e8,local,,,
5760,4.911934680741258,13.985335523247844,9.073400842506587,4.757655462928559,4.18080939516936,0.13493598440866736,568154.2556319437,52.862838476983995,0.44978661469555786,13.936031317231201,52.30902777777777,2747,3217.588610649109,91.23263888888889,505,105287.80419921875,75.13888888888889,1432,2631.175765991211,4684,1626.5488768309388,15.50988336534492,3096.895848182144,1460.1528165533543,0,5760,1.0,False,False,complete,design,mpc_horizon=12,mpc_horizon,12.0,9,2020,regen-v2,637c6b535a9e,86e95e8,local,,,
5760,3.0001131737919886,14.346915748243116,11.346802574451129,4.720976431710468,5.716942656405151,0.908883486335509,582843.4522723766,52.45529368567186,3.0296116211183635,19.056475521350503,55.08680555555555,2587,2649.5794982910156,59.53125,2331,2953328.9310302734,68.81944444444444,1796,3458.998851776123,6714,1614.0090372203963,104.46936620398752,4234.772339295036,1447.5832338034056,0,5760,1.0,False,False,complete,design,mpc_horizon=20,mpc_horizon,20.0,9,2020,regen-v2,637c6b535a9e,86e95e8,local,,,
5760,2.84232097769202,14.613665125802642,11.771344148110625,4.736229823032278,6.056803038169571,0.9783112869087747,593680.1457357324,52.62477581146975,3.261037623029249,20.189343460565237,56.37152777777777,2513,2513.508688926697,56.92708333333333,2481,3496166.1907958984,66.70138888888889,1918,3761.369659423828,6912,1619.223871057286,112.44957349134658,4486.520770076269,1452.4712581636595,0,5760,1.0,False,False,complete,design,mpc_horizon=30,mpc_horizon,30.0,9,2020,regen-v2,637c6b535a9e,86e95e8,local,,,
5760,3.0494435171641405,13.208283852994416,10.158840335830277,4.612132402619875,4.760701346877383,0.7860065863330185,536586.5315278982,51.24591558466528,2.620021954443395,15.869004489591276,62.39583333333333,2166,2219.680953025818,63.420138888888886,2107,2352249.3638916016,55.69444444444444,2552,5755.675109863281,6825,1576.79740350508,90.34558470852194,3526.4454404185553,1493.3352544451272,0,5760,1.0,False,False,complete,design,stlsq_threshold=0.01,stlsq_threshold,0.01,9,2020,regen-v2,637c6b535a9e,86e95e8,local,42.0,0.026779644510015813,
5760,8.073497728771404,16.118506498615844,8.045008769844438,4.759925968823926,2.527093686149045,0.7579891148714668,654814.3265062686,52.88806632026584,2.5266303829048895,8.423645620496817,57.65625,2439,3222.752239227295,100.0,0,0.0,66.07638888888889,1954,4097.324249267578,4393,1627.3251180370914,87.12518552301526,1871.9212490810419,1536.224488561266,0,5760,1.0,False,False,complete,design,stlsq_threshold=0.05,stlsq_threshold,0.05,9,2020,regen-v2,637c6b535a9e,86e95e8,local,29.0,0.0,
5760,2.3050469009951935,5.546775703042387,3.2417288020471937,0.13852925404077393,2.3942640812773153,0.7089354667291046,225337.762936097,1.539213933786377,2.363118222430349,7.980880270924384,32.65625,3879,18579.455990314484,94.91319444444444,293,128864.41479492188,24.72222222222222,4336,32426.442737579346,8508,47.36042877196364,81.48683505284323,1773.5289483944373,1440.4178297044868,0,5760,1.0,False,False,complete,design,stlsq_threshold=0.1,stlsq_threshold,0.1,9,2020,regen-v2,637c6b535a9e,86e95e8,local,17.0,0.0,
5760,2.6904621330716494,4.513743642807137,1.823281509735488,0.26955889710774644,0.3580700809163566,1.1956525317113846,183370.83548903995,2.9950988567527386,3.985508439037949,1.1935669363878554,29.635416666666664,4053,18360.56544303894,89.54861111111111,602,939217.5795898438,25.12152777777778,4313,32973.14818191528,8968,92.15688784327571,137.4313254326556,265.2370973168391,1528.4154940816816,0,5760,1.0,False,False,complete,design,stlsq_threshold=0.2,stlsq_threshold,0.2,9,2020,regen-v2,637c6b535a9e,86e95e8,local,12.0,0.0,
5760,4.6464973073383335,15.02303804261445,10.376540735276114,4.663030954541252,4.8113053241753505,0.9022044565595113,610310.920481212,51.81145505045836,3.0073481885317044,16.037684413917837,52.170138888888886,2755,2948.3024253845215,71.44097222222221,1645,2100298.6423339844,66.42361111111111,1934,3781.659942626953,6334,1594.198616202687,103.70166170130062,3563.9298691277627,1413.9165025964849,0,5760,1.0,False,False,complete,design,coef_perturb=0.02,coef_perturb,0.02,9,2020,regen-v2,637c6b535a9e,86e95e8,local,,,0.0
5760,2.3693191435858303,14.116459383222455,11.747140239636625,4.772084339682275,6.094908179464933,0.8801477204894176,573481.1624434122,53.02315932980306,2.933825734964725,20.316360598216445,56.423611111111114,2510,2563.7159938812256,54.25347222222222,2635,3161447.342895508,69.70486111111111,1745,3225.4820518493652,6890,1631.4818249862476,101.16640484150682,4514.746799164563,1472.491748724607,0,5760,1.0,False,False,complete,design,coef_perturb=0.02,coef_perturb,0.02,9,2020,regen-v2,637c6b535a9e,86e95e8,local,,,1.0
5760,3.1259696910745,14.406444114072428,11.28047442299793,4.644178325209284,5.672547246895277,0.9637488508933678,585261.7921341924,51.60198139121427,3.2124961696445595,18.90849082298426,53.923611111111114,2654,2865.7865285873413,60.24305555555556,2290,2910281.1813964844,67.13541666666667,1893,3602.6658935546875,6837,1587.7532737307652,110.77573024623717,4201.886848016116,1435.4647557897401,0,5760,1.0,False,False,complete,design,coef_perturb=0.02,coef_perturb,0.02,9,2020,regen-v2,637c6b535a9e,86e95e8,local,,,2.0
5760,3.7734616083346233,14.08545975938981,10.311998151055187,4.993530171951894,4.968324819836091,0.35014315926720074,572221.802725211,55.48366857724327,1.1671438642240026,16.56108273278697,62.77777777777778,2144,2142.144558906555,71.45833333333333,1644,1246631.974975586,69.25347222222223,1771,3016.420742034912,5559,1707.1898023700924,40.24634016632778,3680.240608082305,1484.0614672224283,0,5760,1.0,False,False,complete,design,coef_perturb=0.02,coef_perturb,0.02,9,2020,regen-v2,637c6b535a9e,86e95e8,local,,,3.0
5760,1.3800011277270117,13.951387879303544,12.571386751576533,5.051182462224476,6.555023533199278,0.9651807561527799,566775.1325967065,56.124249580271965,3.217269187175933,21.850078443997592,64.60069444444444,2039,1852.9311695098877,43.81944444444444,3236,3918943.8049316406,72.27430555555556,1597,2544.8846473693848,6872,1726.8999872336367,110.94031676680561,4855.572988510325,1495.9750602905556,0,5760,1.0,False,False,complete,design,coef_perturb=0.05,coef_perturb,0.05,9,2020,regen-v2,637c6b535a9e,86e95e8,local,,,0.0
5760,3.4222621772348276,14.210270946046405,10.78800876881158,4.799790901612884,5.3584194388222235,0.6297984283764715,577292.2571831353,53.33101001792093,2.0993280945882384,17.861398129407412,61.99652777777778,2189,2215.2332830429077,60.10416666666667,2298,2724757.013305664,66.63194444444444,1922,3798.982795715332,6409,1640.9541548912107,72.39062394867122,3969.199583763782,1498.3489369105107,0,5760,1.0,False,False,complete,design,coef_perturb=0.05,coef_perturb,0.05,9,2020,regen-v2,637c6b535a9e,86e95e8,local,,,1.0
5760,0.0648672713930265,14.240510103850472,14.175642832457449,5.683458187798547,6.987145601005939,1.505039043652962,578520.7229689255,63.14953541998386,5.01679681217654,23.290485336686466,70.41666666666667,1704,1502.8134241104126,39.25347222222222,3499,3344493.669189453,80.50347222222223,1123,2126.071075439453,6326,1943.0626282319208,172.99299341983073,5175.663407138252,1487.1948526022557,0,5760,1.0,False,False,complete,design,coef_perturb=0.05,coef_perturb,0.05,9,2020,regen-v2,637c6b535a9e,86e95e8,local,,,2.0
5760,1.6009864838114585,14.860481204852654,13.259494721041197,5.274090711625847,6.824585656469997,1.1608183529453517,603707.0489471391,58.60100790695386,3.8693945098178393,22.74861885489999,66.12847222222223,1951,1699.3628425598145,44.18402777777778,3215,3632442.3489990234,70.41666666666667,1704,2972.4463539123535,6870,1803.1079364175275,133.42739688949175,5055.248633608308,1474.7026927903603,0,5760,1.0,False,False,complete,design,coef_perturb=0.05,coef_perturb,0.05,9,2020,regen-v2,637c6b535a9e,86e95e8,local,,,3.0
5760,3.7918856567517243,14.555348079532148,10.763462422780425,4.660205246093372,5.886609705908839,0.21664747077821617,591311.0157309936,51.78005828992636,0.7221582359273873,19.622032353029464,53.36805555555556,2686,3130.6104879379272,59.96527777777778,2306,970055.5821533203,72.77777777777777,1568,3044.124828338623,6560,1593.232561743279,24.902008038378632,4360.45163477166,1374.1093500988536,0,5760,1.0,False,False,complete,design,coef_perturb=0.1,coef_perturb,0.1,9,2020,regen-v2,637c6b535a9e,86e95e8,local,,,0.0
5760,5.27795808338163,16.382999794210804,11.105041710829173,4.9888409605862485,5.697550121144944,0.41865062909797995,665559.3666398139,55.431566228736095,1.3955020969932665,18.991833737149815,55.92013888888889,2539,2648.198413848877,68.76736111111111,1799,1176827.5557861328,64.60069444444444,2039,3752.9110412597656,6377,1705.5866522698143,48.12076195583919,4220.407497722668,1410.771708910891,0,5760,1.0,False,False,complete,design,coef_perturb=0.1,coef_perturb,0.1,9,2020,regen-v2,637c6b535a9e,86e95e8,local,,,1.0
5760,4.425665788266114,15.22687409254808,10.801208304281968,5.149417314103047,5.38110615519654,0.270684834982379,618591.7600097657,57.21574793447831,0.9022827832745967,17.937020517321802,56.78819444444444,2489,2266.1965713500977,82.41319444444444,1013,411619.1994628906,73.92361111111111,1502,2589.9000282287598,5004,1760.4845509973125,31.113199337383765,3986.0045573313664,1439.0976417667882,0,5760,1.0,False,False,complete,design,coef_perturb=0.1,coef_perturb,0.1,9,2020,regen-v2,637c6b535a9e,86e95e8,local,,,2.0
5760,1.6742746044282493,13.650184454178467,11.975909849750217,5.410174730883821,6.512260246372188,0.053474872494209555,554538.7434510002,60.11305256537579,0.17824957498069852,21.70753415457396,66.21527777777779,1946,1741.8771486282349,50.572916666666664,2847,1509941.2346191406,80.22569444444444,1139,1833.746395111084,5932,1849.632386334401,6.1465371413891985,4823.896478421015,1382.7370516379644,0,5760,1.0,False,False,complete,design,coef_perturb=0.1,coef_perturb,0.1,9,2020,regen-v2,637c6b535a9e,86e95e8,local,,,3.0
5760,-9.176622379322165,11.590791477228642,20.767413856550807,8.52279060548916,2.016938315639941,10.227684935421705,470875.90376241354,94.697673394324,34.09228311807235,6.7231277187998035,92.48263888888889,433,917.7192296981812,99.27083333333333,42,19762.420776367188,88.125,684,2620.4985160827637,1159,2913.7745656176176,1175.5959695575225,1494.028382437013,1257.8340038557224,0,5760,1.0,False,False,complete,design,coef_perturb=0.15,coef_perturb,0.15,9,2020,regen-v2,637c6b535a9e,86e95e8,local,,,0.0
3685,-36.72743815425612,0.5276265890699662,37.25506474332609,8.62309624795586,3.7330309520484444,24.89893754332177,21434.830180967372,95.8121805328429,82.99645847773924,12.443436506828148,35.25101763907734,2386,18697.048191070557,20.78697421981004,2919,72358778.65673828,78.69742198100407,785,3594.1319217681885,6090,2948.0670931256127,2861.946844084807,2765.208112194964,127.60952167664705,0,5760,0.6398,True,False,env_terminated,design,coef_perturb=0.15,coef_perturb,0.15,9,2020,regen-v2,637c6b535a9e,86e95e8,local,,,1.0
5760,6.92825430836522,15.9969607564895,9.06870644812428,4.3121601279526445,3.7499422842057126,1.0066040359659207,649876.5307323859,47.91289031058494,3.3553467865530693,12.499807614019042,45.13888888888889,3160,4810.029043197632,99.13194444444444,50,14141.746337890625,50.0,2880,5320.9013671875,6090,1474.2427796159818,115.70161344958242,2777.735024847092,1091.3824352673196,0,5760,1.0,False,False,complete,design,coef_perturb=0.15,coef_perturb,0.15,9,2020,regen-v2,637c6b535a9e,86e95e8,local,,,2.0
5760,0.13344238515372342,13.10950121455631,12.976058829402586,4.562935827000779,6.143853277075931,2.2692697253258776,532573.4868413501,50.69928696667533,7.564232417752925,20.47951092358644,59.947916666666664,2307,2834.6544485092163,44.46180555555556,3199,4189789.492553711,69.02777777777777,1784,4200.450775146484,7290,1559.9780607132266,260.83560034770346,4551.002427334756,1441.4252978690888,0,5760,1.0,False,False,complete,design,coef_perturb=0.15,coef_perturb,0.15,9,2020,regen-v2,637c6b535a9e,86e95e8,local,,,3.0
5760,8.472942070185626,15.569510176765865,7.096568106580241,2.751096015867356,3.387441864002709,0.9580302267101752,632511.3509311134,30.56773350963729,3.1934340890339175,11.29147288000903,46.979166666666664,3054,5337.800272941589,94.53125,315,55543.186279296875,27.500000000000004,4176,15440.038581848145,7545,940.5456466956375,110.1184166553059,2509.2161959954447,1329.4355965320378,0,5760,1.0,False,False,complete,design,coef_perturb=0.2,coef_perturb,0.2,9,2020,regen-v2,637c6b535a9e,86e95e8,local,,,0.0
5700,-33.56085279809719,2.38260195189813,35.94345474999532,10.992193450638133,6.589435393395418,18.361825905961766,96793.20429586153,122.13548278486816,61.20608635320589,21.964784644651395,66.54385964912281,1907,17042.987614631653,24.736842105263158,4290,37822340.64538574,87.31578947368422,723,3343.556427001953,6920,3758.0148545804586,2110.554701813684,4881.063253943463,1145.8173921308132,0,5760,0.9896,True,False,env_terminated,design,coef_perturb=0.2,coef_perturb,0.2,9,2020,regen-v2,637c6b535a9e,86e95e8,local,,,1.0
5721,-0.4598808519292935,13.165583077187703,13.625463929117,7.264979457021363,4.439693610816493,1.920790861279142,534851.8125107505,80.72199396690404,6.402636204263807,14.798978702721643,85.02010138087746,857,3118.968062400818,88.63834993882188,650,189989.6614303589,82.46809998252054,1003,1891.8503074645996,2510,2483.7536610534753,220.78055879691982,3288.6619343468283,1402.7861569729778,0,5760,0.9932,True,False,env_terminated,design,coef_perturb=0.2,coef_perturb,0.2,9,2020,regen-v2,637c6b535a9e,86e95e8,local,,,2.0
5760,-1.7718563634371487,15.529216852973995,17.30107321641114,7.119868392108473,3.1150498471897854,7.066154977112885,630874.4346520685,79.10964880120525,23.553849923709617,10.383499490632618,91.12847222222223,511,868.4810075759888,99.34027777777777,38,5515.512054443359,90.45138888888889,550,1666.3046264648438,1099,2434.143039988106,812.2017214307572,2307.444331200846,1119.6711768050081,0,5760,1.0,False,False,complete,design,coef_perturb=0.2,coef_perturb,0.2,9,2020,regen-v2,637c6b535a9e,86e95e8,local,,,3.0
