ood,violation
8.822852850312907,1
8.782136792485801,1
8.780972696230767,1
8.78451396149189,1
8.793364787030763,1
8.808090014275725,1
8.817435587006061,1
8.833765743303674,1
8.85752749854187,1
8.88897042459901,1
8.881476654498277,1
8.882704776476224,1
8.892709985274488,1
8.911778685679312,1
8.974369498523416,1
9.045218258531866,1
9.1241184524391,1
9.210453394152742,1
9.186929551401118,1
9.168925666781622,1
9.154860762468255,1
9.143591111000873,1
9.025698647578812,1
8.910813633508305,1
8.797791834468269,1
8.687124856049,1
8.640719720822387,1
8.596851939993353,1
8.556118001345876,1
8.51894321796438,1
8.499130901293745,1
8.480704672980362,1
8.464032754139527,1
8.449214716461428,1
8.422623927231857,1
8.395769383458022,1
8.368740288946945,1
8.341796686414243,1
8.32366319671669,1
8.30354747948223,1
8.281599820700963,1
8.257563324546242,1
8.212940842939993,1
8.166175460037415,1
8.116445584858617,1
8.063577249901904,1
7.9813885086058916,1
7.897530057951809,1
7.810745148539149,1
7.721622461715851,1
7.650567464238224,1
7.578011963022875,1
7.5031310435881355,1
7.4262389599871454,1
7.44374910390857,1
7.456816625473942,1
7.467828537892694,1
7.478992550423323,1
7.613775020022536,1
7.7420017272002335,1
7.866324130739834,1
7.984462015429279,1
8.022295798236348,1
8.057939640948224,1
8.090940505192089,1
8.121766974991845,1
8.146555926350473,1
8.174776863018911,1
8.205980921795687,1
8.23894013330451,1
8.240391904195263,1
8.24487272307947,1
8.251764611259576,1
8.259504380677926,1
8.234838759810394,1
8.212342406092198,1
8.191356037033474,1
8.172020304667445,1
8.165362833722753,1
8.159177453778954,1
8.15346150593216,1
8.145265853074946,1
8.092720142813514,1
8.040102690797392,1
7.987275258766245,1
7.934376041536228,1
7.893091339630925,1
7.8509804630824,1
7.808599725823747,1
7.766098459921137,1
7.723696437762271,1
7.681685175756482,1
7.640427723826377,1
7.599304856725684,1
7.536956790116198,1
7.477317131717621,1
7.420498417641082,1
7.368573343853632,1
7.355723053961337,1
7.346789890028791,1
7.343500322422173,1
7.34654393260629,1
7.356575146031962,1
7.374195280712657,1
7.399934969868863,1
7.436158229457022,1
7.527640761617452,1
7.626370672030719,1
7.733954094915607,1
7.844552466490767,1
7.888504697038188,1
7.942111499721787,1
8.004516292052239,1
8.074293523592107,1
8.131323289774736,1
8.193333136456097,1
8.259246640118743,1
8.323140407019741,1
8.27743507639042,1
8.237031072742262,1
8.197293248344028,1
8.154571190735204,1
8.05789354547137,1
7.9622091443862635,1
7.865740465085595,1
7.765359660793558,1
7.619391198456703,1
7.473000941210628,1
7.324920575858965,1
7.178781162209944,1
7.082673035621049,1
6.982200642958497,1
6.878210195531481,1
6.769607487433762,1
6.655524974584331,1
6.540748122011525,1
6.4264900509656915,1
6.315424379289881,1
6.2296828756263025,1
6.13910212447595,1
6.044997624861535,1
5.949597353710949,1
5.84787274253079,1
5.746405879708788,1
5.642545796699592,1
5.547343397325588,1
5.595604990445365,1
5.63449516004357,1
5.668062825522177,1
5.702759468221425,1
5.822763236538349,1
5.935112387973383,1
6.0428466855084135,1
6.154047593178578,1
6.359544277777446,1
6.557527213225888,1
6.751211295514525,1
6.924783637361847,1
6.945742450067423,1
6.966399466797015,1
6.984900629636943,1
6.992863906857319,1
6.928866901260427,1
6.868378075925428,1
6.810983439292404,1
6.756632776901929,1
6.70566624717369,1
6.658025461453152,1
6.613651337953911,1
6.584140958796485,1
6.704371954948065,1
6.821156571465527,1
6.940454180315745,1
7.04706168156924,1
7.0392147512732315,1
7.033717926577657,1
7.0288992092677445,1
7.003953968727763,1
6.756895716886366,1
6.519789243299669,1
6.283375098554735,1
6.0732613420332004,1
6.046062705431938,1
6.016977836204903,1
5.987155045317858,1
5.961139756847279,1
5.978009747040435,1
5.993197752212615,1
6.00881365757822,1
6.0179784082001815,1
5.977834042558944,1
5.940157667967721,1
5.905280954633177,1
5.872390842918125,1
5.833899924994921,1
5.8006855066972784,1
5.773638414064248,1
5.762376032190306,1
5.847616962566262,1
5.93691080843998,1
6.035173951802531,1
6.1349073539477095,1
6.1933817867893195,1
6.262594518783572,1
6.341864148499894,1
6.433841599225303,1
6.555817672203655,1
6.686194187846602,1
6.824988165694566,1
6.949825625462997,1
6.911751618565505,1
6.88434711426678,1
6.861133914148997,1
6.824598939421789,1
6.664411897299441,1
6.509777365828985,1
6.356222339844055,1
6.206564511543839,1
6.077832759060759,1
5.949992528902827,1
5.82375494170507,1
5.70437934785464,1
5.617495603311492,1
5.530981398588653,1
5.446074686262592,1
5.360396705333431,1
5.257035973352109,1
5.1526048097383255,1
5.047335649669401,1
4.945250145618162,1
4.864781764438445,1
4.78156697147122,1
4.6963759919481785,1
4.617475731534768,1
4.578796852111719,1
4.536887237670308,1
4.491694863326473,1
4.427494157276091,1
4.264471724679267,1
4.10410645068674,1
3.9427099624174478,1
3.801493396008847,1
3.7660565668589037,1
3.7308878200498885,1
3.6954038424122113,1
3.6767537649544204,1
3.77103162511304,1
3.8594182421770915,1
3.9456704951620387,1
4.0148700424196235,1
4.010221543233137,1
4.007013761268373,1
4.0046638460946475,1
4.045137428578996,1
4.358128674906513,1
4.6828387526787845,1
5.02474176590168,1
5.326315254117711,1
5.380547021073383,1
5.4465061275475115,1
5.520885240491422,1
5.5716679494894965,1
5.490848503663343,1
5.414318371240395,1
5.342091763352826,1
5.282943096848969,1
5.278523253035971,1
5.276009936569146,1
5.276901447728709,1
5.2961343562162275,1
5.396799938902456,1
5.496793763877926,1
5.597756971659855,1
5.699133535126673,1
5.800466152048298,1
5.901398624323397,1
6.0016775410419,1
6.059910515106468,1
5.9372950380256135,1
5.816293690799169,1
5.694868896118933,1
5.596466152804358,1
5.601749651071205,1
5.605049866128019,1
5.6086260778978705,1
5.608598331946368,1
5.5911513019750485,1
5.576047225964681,1
5.5637922153566794,1
5.543933233895654,1
5.481296768580818,1
5.42470509321533,1
5.3744448960209095,1
5.346822683034799,1
5.3946907978405525,1
5.449735946840131,1
5.514193770308497,1
5.590768107653478,1
5.6868057144035795,1
5.792807595345611,1
5.908881725805032,1
6.030205990075402,1
6.143111781524865,1
6.265608308521959,1
6.396860881341638,1
6.50381284099312,1
6.483604018380588,1
6.470669852562011,1
6.461337178021838,1
6.438735157876479,1
6.354300397577049,1
6.272361040535873,1
6.191453913346887,1
6.102202780576611,1
5.9784412599537315,1
5.855332532535745,1
5.732300032458887,1
5.611818687454787,1
5.499259900308457,1
5.384920909276862,1
5.26893592999312,1
5.154185280929853,1
5.047344555974824,1
4.937977232763065,1
4.826441109023647,1
4.725532300226847,1
4.667141725904365,1
4.6044243809850345,1
4.537804438109756,1
4.474312643192738,1
4.431706235325118,1
4.383959412177113,1
4.331016993045057,1
4.277950817658563,1
4.238459472833928,1
4.195777071740799,1
4.14909595781974,1
4.113845947574842,1
4.127899172434185,1
4.13596696793172,1
4.138373499973971,1
4.153518897606226,1
4.22511263430032,1
4.289801548442734,1
4.348491615234026,1
4.405682313171096,1
4.471335270516264,1
4.530900149998076,1
4.585250773816311,1
4.624498735044805,1
4.628261649528057,1
4.629702077619805,1
4.62901692931836,1
4.615704655644189,1
4.572626172608055,1
4.536808392872722,1
4.508279734632851,1
4.484538889961724,1
4.46016688600049,1
4.442940302505311,1
4.432491047671185,1
4.436850434026184,1
4.472766034482533,1
4.513799325870728,1
4.559358931254733,1
4.5998094791536,1
4.617509439060373,1
4.6374596126083665,1
4.658799244944281,1
4.677944506956316,1
4.688829508105011,1
4.699481814127559,1
4.709426236454388,1
4.718341326798405,1
4.726010443692784,1
4.732329224449419,1
4.737309062651141,1
4.7410830110749975,1
4.743905492148818,1
4.746152515528173,1
4.7483170423564225,1
4.741845366550683,1
4.711820152821654,1
4.683540484467996,1
4.658112755795485,1
4.6578406378135115,1
4.7213283160574795,1
4.790395505843951,1
4.866461612666211,1
4.940829003405792,1
4.998641156206698,1
5.065754292307807,1
5.142625448692598,1
5.220101679147909,1
5.283466921911814,1
5.357809605347651,1
5.443049204124584,1
5.53272690621883,1
5.61710646845871,1
5.711826459853453,1
5.816225560400109,1
5.921276071236194,1
6.011960460811856,1
6.107712926626795,1
6.207634467084554,1
6.289699194288406,1
6.320432225157837,1
6.3520714294299525,1
6.38360496755546,1
6.413574255531956,1
6.4400768250737865,1
6.464292261585324,1
6.485785517449407,1
6.470057070451341,1
6.377460131190397,1
6.295715434149918,1
6.226170775337648,1
6.174308152667781,1
6.139712924606214,1
6.111023322440114,1
6.089523236422402,1
6.061641363782233,1
6.001123205023114,1
5.938226646468205,1
5.872293044186399,1
5.811816394148219,1
5.768085459178478,1
5.72001852449166,1
5.667044920940703,1
5.6241797721171105,1
5.610623880738679,1
5.592870965259889,1
5.570332802209019,1
5.534551573194906,1
5.4756306031622985,1
5.411484046625239,1
5.341838838727483,1
5.297229037229239,1
5.317154456741504,1
5.334827764674564,1
5.349994392519891,1
5.385382253576169,1
5.467184915566956,1
5.545295926199662,1
5.619867772605231,1
5.675529616240408,1
5.6960862662407905,1
5.716593956393707,1
5.737416294156641,1
5.729798606651794,1
5.6642260464737655,1
5.6026514666239,1
5.545389646133005,1
5.507397528680669,1
5.50532408472649,1
5.508640742704508,1
5.517151186414979,1
5.522643460905338,1
5.516905031118911,1
5.514832805249195,1
5.515938151732635,1
5.500565017945607,1
5.448615691501261,1
5.398425599281119,1
5.349539063296602,1
5.305330389047864,1
5.269149771275228,1
5.232915600910681,1
5.19627266854486,1
5.212461840760563,1
5.333349679795171,1
5.453230072340215,1
5.572275870729805,1
5.648038003086247,1
5.640089602945825,1
5.631962084477944,1
5.62409466612874,1
5.613090818495012,1
5.595915029077865,1
5.580819123577325,1
5.56857204474106,1
5.571972050656786,1
5.602736952639682,1
5.6390189637087795,1
5.681651319005388,1
5.719296810125571,1
5.742079824410191,1
5.773458573438854,1
5.814044150499169,1
5.848160084519963,1
5.8626684583027115,1
5.887965473158993,1
5.924224802463494,1
5.991276136142659,1
6.104728114369812,1
6.227550345309887,1
6.359143755953865,1
6.467745229023682,1
6.525432671235704,1
6.586695532841524,1
6.650939690646565,1
6.698997814014038,1
6.715506956785091,1
6.732824315630184,1
6.750320646751691,1
6.748668865184099,1
6.712955233520442,1
6.675590501160003,1
6.636120083141386,1
6.561957344264517,1
6.433325575885496,1
6.3090102725783,1
6.189965673626545,1
6.079569109975432,1
5.982358206352089,1
5.898088331090185,1
5.829107986629052,1
5.74973610826558,1
5.628598992575213,1
5.506907652648586,1
5.383895715356543,1
5.279175863913637,1
5.205389854223945,1
5.128073665478758,1
5.04726431370066,1
4.992224330102991,1
4.9826336423068565,1
4.96990380792449,1
4.9534857420801925,1
4.899786929300598,1
4.793546605907347,1
4.690495362702947,1
4.5898172742763705,1
4.534357018361735,1
4.549511814961286,1
4.56489950026388,1
4.580035196646589,1
4.638884388091689,1
4.764333701864443,1
4.884361196015348,1
4.9992666903589225,1
5.074667321495793,1
5.0921396316879415,1
5.107487145611152,1
5.121132395699354,1
5.126769154197681,1
5.126537801532841,1
5.1334556946104835,1
5.1475203797028515,1
5.1469096550379705,1
5.118977967725482,1
5.0966706470002485,1
5.079773745278902,1
5.049944941299451,1
4.996823452815842,1
4.947934344400914,1
4.902518187372626,1
4.864939208077232,1
4.8368755687277325,1
4.810868395752381,1
4.786339012118703,1
4.762723902717574,1
4.739489004273844,1
4.716149806498858,1
4.692375155561362,1
4.681188288450002,1
4.688906544650929,1
4.695255015111931,1
4.700244065849702,1
4.726871924658501,1
4.785838839447741,1
4.844475122433989,1
4.9033488089030515,1
4.977115456269814,1
5.072776010970177,1
5.171138557835268,1
5.273103807739841,1
5.369704670443246,1
5.457916352918276,1
5.551951001975782,1
5.652568133510987,1
5.731389530302878,1
5.7774009755511315,1
5.831932303363024,1
5.895534874865498,1
5.949260375494318,1
5.986241259288713,1
6.033636604412844,1
6.0915520042271,1
6.183731670279762,1
6.318082650590958,1
6.46135292688927,1
6.612946992504763,1
6.625465322201579,1
6.446507200279848,1
6.273605877615738,1
6.106629626102899,1
5.959522877201197,1
5.834247830902153,1
5.7101588696088355,1
5.5870059317562175,1
5.469563953127036,1
5.359739255971925,1
5.251280265217425,1
5.1444702475609425,1
5.045628314609389,1
4.955467765704049,1
4.866139553234675,1
4.77823085374442,1
4.705253808494455,1
4.648724773124676,1
4.591068531756242,1
4.533051687471861,1
4.487444123927768,1
4.456215204162941,1
4.423204939501494,1
4.388751251099287,1
4.36523599622987,1
4.354654864389151,1
4.341172663757948,1
4.324522745690024,1
4.243777057295986,1
4.087564887074912,1
3.932034284928934,1
3.7769002433772068,1
3.667978435366419,1
3.6164669052621905,1
3.564829212338893,1
3.5123464750605424,1
3.501312139757595,1
3.542990893330764,1
3.5853199011637376,1
3.627571535183946,1
3.790443423585206,1
4.097635777720759,1
4.4026531084856275,1
4.705118451189094,1
4.950626192116423,1
5.13168316947909,1
5.313695658558105,1
5.496548979415312,1
5.597503875300873,1
5.606002750358652,1
5.620691786470297,1
5.641650770916113,1
5.595805607895306,1
5.469875112134631,1
5.347736570079388,1
5.22963424771798,1
4.977162838076425,1
4.570871324222104,1
4.170891404044169,1
3.7790686598608745,1
3.633789376120039,1
3.7626389963862903,1
3.8946086209512205,1
4.02848277196536,1
4.295005879538655,1
4.711874727107157,1
5.1309642511719415,1
5.551446011125142,1
5.743670106339126,1
5.68139022193857,1
5.6183411265850856,1
5.55450271728928,1
5.489945809589948,1
5.424837490699872,1
5.359448573153097,1
5.294155954496672,1
5.256849929069066,1
5.250541850146965,1
5.2463017867582575,1
5.244941052816322,1
5.219533678841551,1
5.168888048184896,1
5.123722390582127,1
5.085049115606345,1
5.070667342258512,1
5.082483235585376,1
5.103527074673227,1
5.134500523609277,1
5.181530613439723,1
5.245261213486427,1
5.319775484907756,1
5.405306841159442,1
5.4909007413989155,1
5.576030294616222,1
5.6713446049092955,1
5.77621604071119,1
5.8094607516952905,1
5.765942351746116,1
5.726519862649814,1
5.690573911490413,1
5.600165899377161,1
5.453241425337821,1
5.307047377907689,1
5.1612355358023185,1
5.021190041104517,1
4.887799264790084,1
4.7559582245460685,1
4.626108526418358,1
4.5148888591311565,1
4.41964256203198,1
4.324361979671544,1
4.229454406956964,1
4.131193394293047,1
4.029085733474449,1
3.927405144713391,1
3.8275932924245044,1
3.742914837357211,1
3.6688877019036727,1
3.592841818471676,1
3.514760616940391,1
3.4474938828489257,1
3.3901816284001765,1
3.330177806951226,1
3.2670314339259345,1
3.219001487934409,1
3.189535877069799,1
3.16133496554791,1
3.133065873268004,1
3.1283822621222086,1
3.1514071662684224,1
3.1794046635665465,1
3.210755808358694,1
3.2689859693797367,1
3.3469228582237185,1
3.4198787725335484,1
3.487680377902858,1
3.5753612248527955,1
3.680397881688619,1
3.7796533745297776,1
3.8739131163721554,1
3.927480552369558,1
3.945152672348883,1
3.9601249152937057,1
3.9728843202540127,1
3.9667876905943356,1
3.9536903787756255,1
3.9519905455643936,1
3.961634157335751,1
3.9770428154345208,1
3.9983942987905365,1
4.0297314909606134,1
4.070266410502603,1
4.113134635419383,1
4.157968282499689,1
4.208911800643913,1
4.265074104110847,1
4.319019204063115,1
4.3709686203373055,1
4.425151434152011,1
4.480755997845905,1
4.537055656296148,1
4.593420499192108,1
4.649330142534427,1
4.704379368623686,1
4.746063547538265,1
4.776171314510979,1
4.804921870075725,1
4.832365366649393,1
4.858673523975128,1
4.884137280875587,1
4.909164993749792,1
4.934274129003088,1
4.960084816068416,1
4.987308166867809,1
5.016819849601703,1
5.049213215193766,1
5.079300524686465,1
5.1090535507305725,1
5.14452978456675,1
5.186628106775381,1
5.242603536058822,1
5.311961415682028,1
5.390291527934001,1
5.477821298675849,1
5.568898778366553,1
5.664761671810075,1
5.770874908086788,1
5.887078524686529,1
6.000828785068657,1
6.114568929674231,1
6.237541964506934,1
6.369157880634895,1
6.4663057062474945,1
6.535148110043232,1
6.607286158191312,1
6.682158189081924,1
6.727726518928806,1
6.750875609647877,1
6.775381418012509,1
6.80094730299616,1
6.797926611511724,1
6.776454699846448,1
6.759899316596033,1
6.7486363988139235,1
6.724692393117573,1
6.688230115022971,1
6.651849240050205,1
6.6157209529238274,1
6.570603280559771,1
6.517315500985984,1
6.462371563098204,1
6.405818546413772,1
6.356319547686451,1
6.311371698011974,1
6.264878492458673,1
6.217190876668467,1
6.170430147404946,1
6.122562729739088,1
6.071888990735808,1
6.018479339533427,1
6.010703551072228,1
6.0342648455055485,1
6.054488002912784,1
6.07096087520256,1
6.026587544876521,1
5.94156001180289,1
5.85629881222128,1
5.77016253991813,1
5.726213062350798,1
5.712715565828398,1
5.699181980002183,1
5.685155258515487,1
5.741111231023027,1
5.843366669340846,1
5.9426003689516635,1
6.038790270791197,1
6.113351254930546,1
6.171450591487595,1
6.225918771783248,1
6.277126603633723,1
6.292709442460198,1
6.289091532347818,1
6.28985254593971,1
6.295080282953246,1
6.312349976744099,1
6.339382263386188,1
6.370986464528317,1
6.4068433551725406,1
6.432516593040641,1
6.452307838613765,1
6.475017482587507,1
6.500209643356888,1
6.499060354997246,1
6.481098296177205,1
6.464355364289687,1
6.448448598998821,1
6.4259162683450235,1
6.398997124389558,1
6.371958691127244,1
6.344558358484566,1
6.28118474430482,1
6.194836453581244,1
6.107924285799678,1
6.020438654837713,1
5.868813824130637,1
5.677268582367886,1
5.4858908706014295,1
5.2949430943405575,1
5.231611921812506,1
5.2481408399381735,1
5.266839494506296,1
5.288523375978282,1
5.39282079319889,1
5.550582189539962,1
5.714522053503311,1
5.885262188682083,1
5.845347725493336,1
5.682120656545665,1
5.528392563913646,1
5.385378073521308,1
5.297201497773288,1
5.246744536063476,1
5.208896067093784,1
5.184125067096102,1
5.214515974157078,1
5.28114180090403,1
5.358539029052898,1
5.446073272739699,1
5.37391262203443,1
5.2103314894896515,1
5.052919802403653,1
4.901254516018052,1
4.849025756681432,1
4.8530182480406,1
4.858186026510908,1
4.864274680914508,1
4.8385753372837925,1
4.795675063322824,1
4.754008290406464,1
4.714098042521497,1
4.7518267368036575,1
4.832410621425392,1
4.91202249786306,1
4.989530872569606,1
5.077717170593466,1
5.179482912401345,1
5.286831823193295,1
5.397250660059021,1
5.586356668751048,1
5.818533247048089,1
6.049184018680939,1
6.276268093288985,1
6.417112788965918,1
6.505719993251199,1
6.585429894798618,1
6.656486257337439,1
6.703091660277376,1
6.731225842098499,1
6.749180556388063,1
6.757092886735833,1
6.705114480267583,1
6.621129484608626,1
6.533250477530417,1
6.442250565201324,1
6.3952430042425625,1
6.3656247825401815,1
6.328773155769012,1
6.285355455940502,1
6.248898208357835,1
6.2136461375883325,1
6.173796482778205,1
6.129810866070914,1
6.07501003927046,1
6.014810377598785,1
5.95369847374626,1
5.892204157339938,1
5.819661027133033,1
5.7443095804723665,1
5.672605036914948,1
5.604899370243055,1
5.534278080663454,1
5.464511069486323,1
5.399209261582464,1
5.338346315726499,1
5.281795544330148,1
5.229334572999123,1
5.1806554941764,1
5.135373660772512,1
5.116369305050152,1
5.111080170504126,1
5.1074128461020285,1
5.105098450974796,1
5.1034973024454535,1
5.102113335981794,1
5.100508891765534,1
5.098314538241411,1
5.102985840898693,1
5.110187551703251,1
5.116218638116957,1
5.121155880294776,1
5.039838004047857,1
4.918616198140634,1
4.7970430546510725,1
4.675350932004851,1
4.616055098479467,1
4.58567114009542,1
4.557233244854031,1
4.531523009367252,1
4.517363781673692,1
4.51151709185616,1
4.511544128044471,1
4.518573771708473,1
4.493993776969868,1
4.461065194851456,1
4.438332929448044,1
4.4267487094241345,1
4.434948652272402,1
4.458969365068253,1
4.495742631956797,1
4.545337337750876,1
4.637490213970932,1
4.753763420302908,1
4.880422349116098,1
5.016578960142462,1
5.174901302460876,1
5.344682429422381,1
5.518933889386805,1
5.696926700092825,1
5.8324978994486,1
5.9507974885223875,1
6.069538185111857,1
6.187918204109501,1
6.296431819214377,1
6.400599402242217,1
6.503240539395052,1
6.6034591165232035,1
6.6324831446427535,1
6.630813465534409,1
6.626061316716433,1
6.618334137749271,1
6.584802385019661,1
6.5396257099583375,1
6.492674154888285,1
6.444015534841737,1
6.473411591417297,1
6.569098210898145,1
6.707204229077485,1
6.889070958431386,1
6.8080020061993105,1
6.623282022433422,1
6.446569442499833,1
6.276501628583041,1
6.210223173240539,1
6.187958019978138,1
6.174889246856286,1
6.17257404192445,1
6.157398718967532,1
6.1337255120278735,1
6.108918100875575,1
6.082121222483975,1
6.092843915427242,1
6.115258324667347,1
6.134232887586672,1
6.149127002540428,1
6.256941689128858,1
6.397001392815307,1
6.534083162226878,1
6.668613331790392,1
6.74084095715446,1
6.788135885783597,1
6.8313801485775025,1
6.871597911619347,1
6.847772702059871,1
6.805065925909739,1
6.765174800500485,1
6.728481372995675,1
6.679100228360096,1
6.627739140778039,1
6.5797718292366865,1
6.535009278704478,1
6.519619365462361,1
6.51624788539962,1
6.515664150864924,1
6.517353851601168,1
6.538731242949952,1
6.567532771743122,1
6.597470618073822,1
6.62822278033268,1
6.650415140479654,1
6.66984528828436,1
6.688917707172434,1
6.707820664958133,1
6.708255829132701,1
6.702460289131591,1
6.696028581067476,1
6.6892888280927965,1
6.664154468311425,1
6.633363829816583,1
6.602705474107516,1
6.572704272309595,1
6.534640599001576,1
6.4953965058878005,1
6.458293162080337,1
6.423847155406915,1
6.45539020831224,1
6.5108507713608565,1
6.571670097345443,1
6.639563242939297,1
6.65838536924294,1
6.668831964154781,1
6.687249099634008,1
6.714366480373129,1
6.7412868548771,1
6.775071223239213,1
6.818574743259534,1
6.872164360851687,1
6.892573480595262,1
6.91034744532761,1
6.937997895375423,1
6.975841773161081,1
6.895405994193231,1
6.782486498533496,1
6.673099364439329,1
6.567181086305088,1
6.435101479081209,1
6.298153426397897,1
6.164113950734606,1
6.032765568641653,1
5.919202620213018,1
5.812270595911507,1
5.7080619645731385,1
5.606492312712733,1
5.54632925736679,1
5.496258861466536,1
5.446311928564194,1
5.396370133905934,1
5.367814215393823,1
5.344030216255038,1
5.319632185474036,1
5.292661869339145,1
5.339048872668106,1
5.400603322266819,1
5.460427910879489,1
5.5184108214452925,1
5.582440914422777,1
5.647350403698594,1
5.71021050850938,1
5.7722041312668875,1
5.74705831506875,1
5.700198072259923,1
5.6504160166156465,1
5.596386015961116,1
5.590426849166779,1
5.591989586266938,1
5.588315405405139,1
5.579169398732339,1
5.621832169182087,1
5.677648934422175,1
5.732048547869974,1
5.783674840726565,1
5.885448419617958,1
5.996455858809122,1
6.104526988433588,1
6.210804578523476,1
6.261822440797789,1
6.29742210718001,1
6.328969291963539,1
6.3609087551255366,1
6.285872830610582,1
6.193175873039017,1
6.102867295310222,1
6.015243639665484,1
5.996740773873869,1
5.998598683887969,1
6.005163680896717,1
6.015424177451263,1
6.078283715825421,1
6.15540020824653,1
6.235953783989754,1
6.318192443466313,1
6.471499778151258,1
6.640704963342166,1
6.811066067140796,1
6.99027919793472,1
6.97173876419393,1
6.920663159361849,1
6.869533967462187,1
6.818144550467828,1
6.69967017884904,1
6.566181626651742,1
6.432366221124724,1
6.295087091245271,1
6.315640868446041,1
6.365801925752161,1
6.416129392147962,1
6.468259712531075,1
6.480858601249288,1
6.488105872119055,1
6.497604433864006,1
6.512385960181795,1
6.419801713407487,1
6.311661589531839,1
6.20861706201187,1
6.110996520042527,1
6.040817721305197,1
5.981816408538931,1
5.931468596065365,1
5.890961942718347,1
5.840641206139971,1
5.797877422535363,1
5.766692096485292,1
5.747472020996855,1
5.741519753704196,1
5.747485964531215,1
5.764915897727298,1
5.794211927938815,1
5.794470509446298,1
5.792528681876793,1
5.793839467277942,1
5.798673200215756,1
5.768600685896989,1
5.735006823877887,1
5.702985499449913,1
5.67184134685555,1
5.635842911184711,1
5.59914076977891,1
5.562484216851346,1
5.524747924575369,1
5.53035854152603,1
5.549072309189739,1
5.576043402198896,1
5.610959662589972,1
5.67520138557158,1
5.7411445470780516,1
5.804929812473927,1
5.865104436767956,1
5.971483539105577,1
6.0890716465270485,1
6.211309358547389,1
6.3423865456138255,1
6.339416333842984,1
6.314864892060996,1
6.286408642997964,1
6.251121278704251,1
6.331057056791527,1
6.422507196890493,1
6.509493273188319,1
6.592169252255614,1
6.654305959071908,1
6.709380319621643,1
6.759403587760092,1
6.805671921061387,1
6.782610780899497,1
6.750796690347244,1
6.718534826150883,1
6.683590072505588,1
6.77101204276859,1
6.871320920015416,1
6.967897602515038,1
7.057346430525386,1
7.310795729506432,1
7.58179823796934,1
7.850118586425728,1
8.132919693686173,1
7.969409587625011,1
7.763066656851719,1
7.556816719214851,1
7.344753115254109,1
7.260574973973572,1
7.188758671862353,1
7.1196966178008045,1
7.05338748447107,1
7.082373087462149,1
7.126948549280988,1
7.17403894279303,1
7.226546907401398,1
7.201525111531564,1
7.171449517454493,1
7.142384219326724,1
7.1151707773561865,1
7.054950083559613,1
6.992060874958372,1
6.929152303408609,1
6.86643238878685,1
6.750938719403233,1
6.628876544327218,1
6.506528085865753,1
6.380382007562116,1
6.394685001911151,1
6.421760588522688,1
6.448970736758146,1
6.4783599320737135,1
6.464095077919083,1
6.448050106694762,1
6.434190936225467,1
6.422635426411981,1
6.447254018381205,1
6.479388959657653,1
6.5167521210566335,1
6.560397463982643,1
6.599550941391745,1
6.645169540738945,1
6.6987136958550915,1
6.75962111689649,1
6.894607112119733,1
7.044119155918921,1
7.202409997569429,1
7.369393238152439,1
7.547644418094777,1
7.733908968624222,1
7.927493300841919,1
8.133864389578669,1
8.193906857345743,1
8.248973047243682,1
8.306919994988803,1
8.36742640206524,1
8.434356993041051,1
8.507426493134263,1
8.586209829134148,1
8.671181558913139,1
8.736616654046571,1
8.805396151771447,1
8.879292082948911,1
8.95860411711665,1
9.036763189592921,1
9.117438554622867,1
9.201097178631938,1
9.289028792408331,1
9.35134255435792,1
9.412496050515852,1
9.473400660031759,1
9.535313561633032,1
9.480968528848004,1
9.423896217089933,1
9.371232059322786,1
9.31897724715819,1
9.314675138880421,1
9.31310549460546,0
9.314515768061417,1
9.318130339302124,1
9.371854802036188,1
9.432664332222354,1
9.497633831720698,1
9.568153013184386,1
9.563564021277253,1
9.553359493692591,1
9.53952227150561,1
9.522034574299905,1
9.480904769204313,1
9.437547850867407,1
9.392746129725374,1
9.344514669681532,1
9.361599142572787,1
9.376194825565983,1
9.385619195347733,1
9.38895168467681,1
9.459662837904755,1
9.529693031569634,1
9.596023589027622,1
9.659222424086467,1
9.691751837057442,1
9.7239707031654,1
9.757498249145684,1
9.79278150111744,1
9.810328486465469,1
9.828914549136506,1
9.849210021358902,1
9.870924089631757,1
9.905778749016445,1
9.942407773344273,1
9.980213655622467,1
10.01977305887336,1
10.024667436167542,1
10.029170114859532,1
10.03406020433955,1
10.038589190485379,1
10.089578682862403,1
10.14206926644459,1
10.194367309241805,1
10.246915115796817,1
10.275586076277015,1
10.303545680206609,1
10.331420618970743,1
10.359788784752393,1
10.364845457223291,1
10.369889903879265,1
10.375742811656698,1
10.382750812532787,1
10.391306271939829,1
10.401842439821465,1
10.414827509781567,1
2.1649970924448234,1
2.1678134358132057,1
2.154467469149438,1
2.144145709292183,1
2.138748881769319,1
2.1401755090575194,1
2.100305219607199,1
2.071782724362853,1
2.057050308531392,1
2.0586741005188154,1
2.210919302753447,1
2.3715115005940537,1
2.538283035295646,1
2.7089824133325306,1
2.776679382565293,1
2.8491134313300166,1
2.9244670363057326,1
3.0014110566801877,1
3.002787583719089,1
3.008880404660563,1
3.019453892231756,1
3.034538531513049,1
3.0159858177079952,1
3.0032477342190074,1
2.9973012589439234,1
2.9993055076773087,1
2.9867198040168415,1
1.7369867996110442,1
1.6898491511787104,1
1.6607921861290484,1
1.63976300929932,1
1.6305585986813007,1
1.6359807938444437,1
1.6459727794402241,1
1.675140533813977,1
1.7246342172664566,1
1.7946444740293206,1
1.8844668477484174,1
1.992692197832788,1
2.117449715895581,1
2.256630703212495,1
2.398244054244619,1
2.5487742365225516,1
2.706484485421053,1
2.8694722029584416,1
2.9561788329488503,1
3.044657297167434,1
3.132742873424502,1
3.2192620671011185,1
3.1693579111472236,1
3.1177331572854277,1
3.0623743033364024,1
3.0018292238726976,1
2.8464579364715754,1
2.688312137252097,1
2.5273136917217385,1
2.3635237454531266,1
2.156842715145848,1
1.9590996429231027,1
1.7766807359638415,1
1.622435125768354,1
1.597921052636468,1
1.5748416576626878,1
1.553116698211595,1
1.5354911149927117,1
1.6143808080219413,1
1.7020548286173747,1
1.7951856278742948,1
1.8902480287375383,1
2.074321481310626,1
2.2621724018443814,1
2.4506960090821734,1
2.6319862054905405,1
2.6563319645586287,1
2.67693242740971,1
2.6948079717211986,1
2.70943930591761,1
2.6525635023333805,1
2.5906471853072546,1
2.5237706827624575,1
2.454856912148007,1
2.626567597169503,1
2.7952018884901078,1
2.9649812162844547,1
3.130940325253775,1
3.1612689444575106,1
3.1902994224986925,1
3.2169312156397414,1
3.235354600554869,1
3.0927168524188935,1
2.952109407520206,1
2.813824329637914,1
2.677990382858611,1
2.5345441047285187,1
2.403436480077636,1
2.2874374573249363,1
2.1875075933758046,1
2.0207019556445824,1
1.8731018968235251,1
1.744501555563269,1
1.6380601254094649,1
1.5763527639467443,1
1.5334060889197367,1
1.508407026762403,1
1.5007632849615982,1
1.5343597578306856,1
1.5797186228131666,1
1.6334715908280746,1
1.6908295833379525,1
1.6626224243039196,1
1.6497035129942133,1
1.646732721998655,1
1.6521826686201289,1
1.6647867585519345,1
1.6836213996134435,1
1.7081487313740344,1
1.7371876206585846,1
1.7458030448689055,1
1.751420032485419,1
1.7550536886739474,1
1.7583518482927736,1
1.7908189799115128,1
1.8323414298438787,1
1.8846300216829073,1
1.9480921802438305,1
1.9851944694141312,1
2.0344341689326924,1
2.096862030668271,1
2.1733667741665674,1
2.2562872358357406,1
2.3550765713946307,1
2.4696686582628375,1
2.6002466918233527,1
2.754799807803123,1
2.922972122795373,1
3.103837382901585,1
3.291759471421277,1
3.4263607444542483,1
3.570370151924605,1
3.7219445856742914,1
3.8724815840145346,1
3.8503148054290612,1
3.8369829347693294,1
3.8253341221722224,1
3.8130338513333197,1
3.7767918791456587,1
3.743532390791189,1
3.712591444166954,1
3.686955118172726,1
3.7026156100145835,1
3.7157704106153937,1
3.726996800493667,1
3.736114421192677,1
3.7429867414276,1
3.7476168458440378,1
3.750145943146724,1
3.756530506432557,1
3.822968413281231,1
3.884799034966098,1
3.942138891167268,1
3.9925493238422733,1
4.019299099820365,1
4.0549370627896595,1
4.0961743216946775,1
4.1367467625931775,1
4.132399731109228,1
4.126780286838657,1
4.120254940812156,1
4.117011746436933,1
4.147726067199496,1
4.172110460577261,1
4.191787051780489,1
4.210011196877023,1
4.2591961344045695,1
4.302628184598337,1
4.3406827172869225,1
4.373153680809,1
4.40018603900242,1
4.424667502887308,1
4.44592540063533,1
4.469298148339229,1
4.5502138499074185,1
4.624050455428573,1
4.692778840495325,1
4.747839433184513,1
4.712382451849786,1
4.6775566053315245,1
4.642445088113204,1
4.600943658977474,1
4.505843556924672,1
4.4165695012636625,1
4.333081835686196,1
4.254719633363894,1
4.172937151908468,1
4.097735246097189,1
4.028982550551625,1
3.967544012229231,1
3.922811346638797,1
3.8831975575250657,1
3.848872049063454,1
3.8190357030485074,1
3.792948636344571,1
3.7699571508091747,1
3.7488700892649263,1
3.733226383332417,1
3.759536214742681,1
3.7835758303949247,1
3.8067169028555665,1
3.8103694693989394,1
3.642079428037304,1
3.4801811734330754,1
3.3187357835392044,1
3.1940064143689506,1
3.413987792519096,1
3.6251622823499896,1
3.840023916296479,1
4.01631169491753,1
3.8936004774358395,1
3.775574658928278,1
3.6600352687178987,1
3.5631139520969017,1
3.59071010852398,1
3.621905928572347,1
3.6610232904212685,1
3.7034586208480804,1
3.7168133952571316,1
3.7418042360479054,1
3.7787750318269997,1
3.823120722171579,1
3.8417600394489417,1
3.875685279968756,1
3.9239526402948237,1
3.9864106882829753,1
4.061990992461105,1
4.148073582958025,1
4.243836674772277,1
4.32716959633619,1
4.233539308816329,1
4.1504654250287345,1
4.068903725167232,1
3.9806335502846553,1
3.837542107053021,1
3.697778260397293,1
3.5598369678086406,1
3.4256083331364238,1
3.3031474827642717,1
3.1807725429874165,1
3.0591433294420973,1
2.954177702489026,1
2.941415366494972,1
2.9243777496996652,1
2.9039728517413055,1
2.8939853618621996,1
2.9959103819734305,1
3.1468132108751896,1
3.335811760201933,1
3.530387489938306,1
3.6109066399068555,1
3.681514951719499,1
3.741129190308228,1
3.8082645591710698,1
3.9969739203451593,1
4.169792207739833,1
4.331951392033142,1
4.459274805478636,1
4.446604920151533,1
4.424720353052175,1
4.391730817330994,1
4.334870722753499,1
4.191380505415049,1
4.052455103128281,1
3.9177180677634387,1
3.812780840589806,1
3.8459914583456998,1
3.86646074065973,1
3.8793104628714032,1
3.8998475426413686,1
3.9991869136111506,1
4.090529796934932,1
4.176488516208157,1
4.2356450688072655,1
4.183367165597744,1
4.132929415921656,1
4.083619372657988,1
4.029828727746211,1
3.950310376374065,1
3.878781466413001,1
3.8153017772870657,1
3.756695094671424,1
3.689022406683847,1
3.629631507897114,1
3.578205935236067,1
3.536470902773864,1
3.5110767096481785,1
3.4924112257026723,1
3.479920797012077,1
3.470351076568745,1
3.45601021262142,1
3.4451341602323997,1
3.4366256687847754,1
3.433319836035806,1
3.4486507422493604,1
3.4631280100491204,1
3.476537528190379,1
3.4958569848937406,1
3.548853288539788,1
3.5987936708827744,1
3.646616714517296,1
3.6865019085145967,1
3.6983284737762685,1
3.7092822600296236,1
3.7195515486482496,1
3.741811278553138,1
3.819953445605388,1
3.8995822062339096,1
3.98305728847166,1
4.058190522228502,1
4.084239368978154,1
4.117261456310072,1
4.157676983261721,1
4.208696559436602,1
4.2783094216211,1
4.357787647477227,1
4.447852605470084,1
4.537287847455204,1
4.593432251231761,1
4.661861391243186,1
4.742281980406468,1
4.830070654180362,1
4.913966478881028,1
5.007291770283852,1
5.109457329736539,1
5.180200844372476,1
5.085354489693617,1
5.000346964047722,1
4.919140032930155,1
4.851498279974675,1
4.82545568612074,1
4.799657159352136,1
4.7738215359029486,1
4.719935241686956,1
4.5623201565903395,1
4.411961566705092,1
4.268069981098301,1
4.159010889388315,1
4.147695845327317,1
4.132576933050975,1
4.114829894899589,1
4.108277355918396,1
4.149117456796412,1
4.1884763373791305,1
4.225318215359747,1
4.242125997610288,1
4.214006196949801,1
4.2155619364656065,1
4.248803006111485,1
4.301118986760567,1
4.314897323040753,1
4.325971632474378,1
4.33357005627475,1
4.338619522497371,1
4.34641501328475,1
4.3535408611326245,1
4.358864905862609,1
4.354609664873063,1
4.327656968102978,1
4.302493030466598,1
4.2779310424914625,1
4.276392348766261,1
4.352955109083527,1
4.426553115648774,1
4.498060497110047,1
4.584479596453923,1
4.723162174124613,1
4.855764880758226,1
4.9833391926463975,1
5.06141245876377,1
4.999670971008568,1
4.937398756777917,1
4.874642407208342,1
4.801664922697109,1
4.700579191743179,1
4.60423089429606,1
4.513066528985338,1
4.430175880134856,1
4.3615792198636365,1
4.299170265102483,1
4.243013409896707,1
4.20127651742391,1
4.190915994064533,1
4.185725551591328,1
4.185311002905578,1
4.180189793810096,1
4.153159542720272,1
4.128843534857877,1
4.106534670403252,1
4.099390898646941,1
4.134553703229778,1
4.168786580041009,1
4.202084161046706,1
4.231177651910539,1
4.250537666727518,1
4.268306404948366,1
4.284439288615797,1
4.302004344573134,1
4.326555220779059,1
4.350303062202511,1
4.373863533214971,1
4.400909342694948,1
4.437508387995484,1
4.4762848833261275,1
4.518227525850299,1
4.551901331395075,1
4.557387394810511,1
4.568892901205446,1
4.587329371549552,1
4.600955819833726,1
4.59054922298825,1
4.590031084458265,1
4.6002479249990404,1
4.628068792217892,1
4.684053355800232,1
4.751695834799711,1
4.831121542281771,1
4.916615962221354,1
4.998989920266268,1
5.091111216324823,1
5.192327628718037,1
5.252632232057076,1
5.191924065817032,1
5.135566577869552,1
5.081993846475626,1
5.017648758594556,1
4.9222662492034726,1
4.827284902966868,1
4.732152824822921,1
4.644585800581006,1
4.581588926223699,1
4.527126940591006,1
4.482399378430242,1
4.462500246103295,1
4.480701015032157,1
4.500490457182829,1
4.522431799103671,1
4.530374024701114,1
4.498850091423498,1
4.466061703984244,1
4.432106911260075,1
4.385721305330919,1
4.32743060590312,1
4.292209159932568,1
4.277312328355585,1
4.280042838709845,1
4.295533720289486,1
4.320052610478026,1
4.351321618210307,1
4.349146323646374,1
4.258687329727345,1
4.163588634696694,1
4.06364979879293,1
3.986349325573957,1
3.9773383704275185,1
3.9815489909823287,1
4.000534943354709,1
4.07165357745111,1
4.224613510168856,1
4.372087673606309,1
4.513995408964189,1
4.64922319822264,1
4.775816345298934,1
4.896849139623433,1
5.012576559390629,1
5.08087006528053,1
5.056891171977301,1
5.0337205177705435,1
5.011850746924626,1
4.988704789235431,1
4.964269539874504,1
4.946721208135685,1
4.936197914243124,1
4.889776820863406,1
4.759291717590923,1
4.633402203863129,1
4.512335459449403,1
4.399897921578388,1
4.300003182632947,1
4.204965622591552,1
4.114522453937426,1
4.054244444240017,1
4.049994567187376,1
4.048337198090677,1
4.048487730925623,1
4.045991673211024,1
4.036506762879681,1
4.026950027702347,1
4.016454510594117,1
3.993881356442499,1
3.948214788719425,1
3.901045019130169,1
3.852218236791977,1
3.8017081319331383,1
3.74962696917991,1
3.696235448202084,1
3.6419511495055166,1
3.649883308542305,1
3.780334971135747,1
3.9147352051220907,1
4.0539949013448995,1
4.195119635871525,1
4.3353401181652576,1
4.482751943708028,1
4.63814529288724,1
4.754008318464719,1
4.789088219902389,1
4.833642733592404,1
4.88832114988042,1
4.949638793009868,1
5.014608281807951,1
5.090792457021007,1
5.178162166460763,1
5.211551875383479,1
5.13922195900861,1
5.080924272131997,1
5.0368657797526035,1
4.990535450538096,1
4.921522139988102,1
4.855146665031671,1
4.790820476426348,1
4.715791937754921,1
4.6200294031534765,1
4.525150139557554,1
4.431109934449401,1
4.323149734282278,1
4.190811220825533,1
4.060444798966746,1
3.9324107508869632,1
3.830809887151943,1
3.7716141992757226,1
3.7139534989812426,1
3.6582488929548522,1
3.6130562633376893,1
3.57960727924599,1
3.544645897418759,1
3.508251088187023,1
3.480952408573281,1
3.4690165083830404,1
3.4543545521717207,1
3.4365966732490167,1
3.4146441608355933,1
3.3892415865285415,1
3.3618101672758027,1
3.3311027359941163,1
3.276504481262728,1
3.1906871635867424,1
3.1081708844000335,1
3.028114701971839,1
2.978920614635981,1
2.981533335641932,1
2.988549183420378,1
2.998841349380414,1
3.067553857085831,1
3.2242400652277055,1
3.3759038559502828,1
3.5222491372456495,1
3.6714078378956474,1
3.829108384043559,1
3.982771024361918,1
4.132643814158998,1
4.250531114808956,1
4.331678524508008,1
4.426269357302562,1
4.533463716087449,1
4.504192378207249,1
4.247836485774315,1
3.9930515360679153,1
3.740921026491349,1
3.5398611448772317,1
3.4176441764334964,1
3.3026469426418994,1
3.195446287753996,1
3.137187565835825,1
3.1510260220938235,1
3.1733921105212675,1
3.203018973685589,1
3.2301517716505432,1
3.2486929445262915,1
3.2708118706039095,1
3.295232831076923,1
3.3080658683735593,1
3.3023586397146123,1
3.2964596378555,1
3.289646927425742,1
3.2813176759531104,1
3.2710046391094547,1
3.2583860864399563,1
3.243297633407313,1
3.2257400531549925,1
3.2058880240176117,1
3.184093540454665,1
3.160891475334671,1
3.1200623308328144,1
3.0550363603183994,1
2.9910451995587275,1
2.9292796956615814,1
2.8969517930341167,1
2.9064070053066975,1
2.9230028026376695,1
2.948598641644086,1
2.9712305971103903,1
2.986913334928907,1
3.0153650838767216,1
3.057553838006803,1
3.1184193195911205,1
3.19968574716429,1
3.295170109425054,1
3.4043884484066247,1
3.5060677897176333,1
3.5921633793283854,1
3.689915858388985,1
3.7981820719226107,1
3.8691559201226284,1
3.8817627710253646,1
3.8966506898703,1
3.913049283110197,1
3.912389046369201,1
3.8877495924810104,1
3.863058228206702,1
3.8378449133335715,1
3.8092845946241614,1
3.7757924995449126,1
3.7403260601011237,1
3.702893111680697,1
3.6667310938972073,1
3.6318067970002086,1
3.5924575407643986,1
3.548425416437734,1
3.5182774988662313,1
3.5067656555334725,1
3.489426321785454,1
3.4657199229484137,1
3.457190193754176,1
3.4707932555139402,1
3.4790577672092287,1
3.4809863384830546,1
3.475140334357688,1
3.460249166850688,1
3.436873007836013,1
3.4052215055875155,1
3.376044294653504,1
3.355270773826056,1
3.330484784057388,1
3.3010345444205162,1
3.3033852748578627,1
3.345971802298249,1
3.3829761786801757,1
3.4140820717799407,1
3.4528958761526125,1
3.500506216042794,1
3.5405239692767623,1
3.5731713063252597,1
3.604102805761941,1
3.634919075861562,1
3.6599300331337212,1
3.679754963218353,1
3.6418336364300083,1
3.5398556564522363,1
3.4391411964618963,1
3.3406390771841386,1
3.238489431388696,1
3.1357305664157664,1
3.042795818960837,1
2.960253798401917,1
2.893434218806443,1
2.8438565450739994,1
2.807188346851993,1
2.782692409358212,1
2.765597690073003,1
2.7539362397338483,1
2.751903146053107,1
2.7582660441518008,1
2.7620533751833287,1
2.760600481576483,1
2.7635058300820137,1
2.7694721911306184,1
2.7819721504894694,1
2.8003140614624886,1
2.8181295234461494,1
2.8345419565546224,1
2.844209312169636,1
2.846165416169453,1
2.845209152708116,1
2.841150606689934,1
2.843220122486956,1
2.8525937449364966,1
2.8596696993064126,1
2.865144143974016,1
2.8460633250651255,1
2.8010485897631434,1
2.7569092082297146,1
2.714955742308636,1
2.686403611210113,1
2.673774508592486,1
2.668475559037608,1
2.6722610094701897,1
2.6719381559776054,1
2.668327848222275,1
2.6787389288584524,1
2.7043960398882207,1
2.731920309099336,1
2.762088027540059,1
2.8102627478002113,1
2.8760897243728305,1
2.9704138116103778,1
3.0902495323805677,1
3.221356108695063,1
3.3622313109915023,1
3.4743911085417927,1
3.5521585143442715,1
3.6319852406945663,1
3.7128917833260413,1
3.7719639972238634,1
3.8078973303287134,1
3.84226683301831,1
3.874451195047303,1
3.885488386485377,1
3.878610261246796,1
3.8736319036826203,1
3.8705168912607433,1
3.8870846785691033,1
3.917663333416386,1
3.9430763834654874,1
3.9623935594473374,1
4.006794767897287,1
4.075126762303554,1
4.136380239071072,1
4.190258458429088,1
4.262192913257016,1
4.363424362615754,1
4.470508071990029,1
4.5806353363673065,1
4.591301759955274,1
4.498573913437307,1
4.395965876024003,1
4.283934216859501,1
4.203489083679023,1
4.167496082634092,1
4.142122281696289,1
4.12701059068646,1
4.162536879072174,1
4.23123536222657,1
4.290713706720643,1
4.341247262667845,1
4.355686637233871,1
4.338034077668264,1
4.314720836263756,1
4.286386018913619,1
4.218827137489639,1
4.115088629703376,1
4.007232700878515,1
3.8964431943734077,1
3.802283975865976,1
3.73189932657785,1
3.6720077607552772,1
3.623648763908492,1
3.5556691815871035,1
3.468673311533137,1
3.390462017931997,1
3.3222019957605444,1
3.274533372690905,1
3.2473517217681915,1
3.231691911598129,1
3.227057473509213,1
3.198932231953128,1
3.1498710014752143,1
3.1084130689791336,1
3.07386121984537,1
3.028327798222358,1
2.9735322895160308,1
2.923371727057938,1
2.876929812788789,1
2.8550959745949696,1
2.8528718659303647,1
2.850611749978656,1
2.846932246764723,1
2.815116310359304,1
2.7595035291977656,1
2.7020966209795554,1
2.642475997192843,1
2.6205620319789165,1
2.6287184656767235,1
2.6340026286588616,1
2.637505856599914,1
2.5984862948069445,1
2.524501276359506,1
2.4513399155947377,1
2.3801695865790284,1
2.3280433469970045,1
2.293983411919312,1
2.26755520525759,1
2.25092251481725,1
2.319509822674456,1
2.462811033135481,1
2.6223816768531636,1
2.7975103637199314,1
2.903428571493476,1
2.9583139552272883,1
3.029073107597229,1
3.115267441138073,1
3.2358226645103594,1
3.383240260673368,1
3.5402452709046357,1
3.7055919579417504,1
3.7477235534000006,1
3.694567867674342,1
3.646296517979472,1
3.602055672219102,1
3.5915865137110523,1
3.60489418378832,1
3.617061654996795,1
3.6272204892435123,1
3.731423987617716,1
3.9072962558977404,1
4.080624457398725,1
4.250125424783317,1
4.315870460954872,1
4.303644894867002,1
4.287889855202687,1
4.2688088051250945,1
4.211511695172424,1
4.123803798986258,1
4.031859416216612,1
3.9365060256594036,1
3.958225664580765,1
4.066280554246453,1
4.17175584260755,1
4.272863543588087,1
4.377388611830419,1
4.482212412853335,1
4.579725612616646,1
4.669057181824595,1
4.755454475032161,1
4.8358906322377955,1
4.906155780187101,1
4.966292676969798,1
4.98300243741887,1
4.965544710245398,1
4.937924855936016,1
4.900519603166946,1
4.863409264230579,1
4.8246910240773895,1
4.778356955489054,1
4.7250327130964225,1
4.714432534248661,1
4.734640131691376,1
4.753115897804718,1
4.770432060778182,1
4.73621394354994,1
4.668038841313666,1
4.60153347040851,1
4.537413182861159,1
4.475404430863387,1
4.4184599748822535,1
4.368722430621053,1
4.32643283884854,1
4.317498036093898,1
4.334398156012419,1
4.359861720983558,1
4.3932596159234265,1
4.386374173811727,1
4.3540256590652895,1
4.326720741566206,1
4.3038924763766016,1
4.278050362838638,1
4.250943396056501,1
4.226345267787088,1
4.203566403567232,1
4.209145969181559,1
4.2324449902822225,1
4.255363297419593,1
4.27741634383432,1
4.264354692720484,1
4.2285409957559015,1
4.191292585858626,1
4.152507467098591,1
4.105476289931808,1
4.052889647433828,1
3.9992399210818546,1
3.9449411467280955,1
3.93123411413391,1
3.9433453893424213,1
3.957524744064365,1
3.974691469560011,1
3.975171029934842,1
3.9679882857133753,1
3.96699031832505,1
3.973376605606009,1
3.981307989719025,1
3.994657097470211,1
4.01863968881216,1
4.054082919857272,1
4.067102139669241,1
4.072938620798972,1
4.092804994470833,1
4.1268789930453655,1
4.214455123764088,1
4.336658188057808,1
4.468972601850897,1
4.610455381238575,1
4.6882330399551835,1
4.7301717640503185,1
4.7769585389939175,1
4.827700218941938,1
4.900938829695596,1
4.987375174086048,1
5.074784516223972,1
5.162149898201934,1
5.245037621069971,1
5.323590430863648,1
5.39885453395464,1
5.470067273963669,1
5.590408795395576,1
5.735966196285062,1
5.875835892926142,1
6.009284970594965,1
6.147834453622719,1
6.286273063008092,1
6.41696760951615,1
6.5394407254945035,1
6.602632726846761,1
6.6301651148531615,1
6.6499076334972544,1
6.662134286189236,1
6.760320851777251,1
6.899573402697133,1
7.028796018473472,1
7.147883321458804,1
7.176715716609544,1
7.152858961073078,1
7.118971328161374,1
7.075047378048188,1
7.009867543818869,1
6.929835941993546,1
6.8415678266220645,1
6.74563835667414,1
6.667811299324117,1
6.595826770619087,1
6.517036204007316,1
6.432044788748795,1
6.34037577630154,1
6.243568340833079,1
6.142954690658551,1
6.039235920461932,1
5.918629721915909,1
5.789791553646584,1
5.660982501270855,1
5.533041607040088,1
5.420745059487316,1
5.318683069961925,1
5.220314433198138,1
5.126113247411891,1
5.029046088104812,1
4.932981954467629,1
4.841740610470761,1
4.75540435725878,1
4.681560240851163,1
4.616200579503394,1
4.555331416833421,1
4.498558317024829,1
4.460741160922581,1
4.433302079985113,1
4.408217578930494,1
4.384833158657988,1
4.377757127408082,1
4.37824067138414,1
4.378476003327373,1
4.37800743986933,1
4.353719732742108,1
4.317603604980078,1
4.280099787727142,1
4.241109559366267,1
4.215718764322668,1
4.195971440585759,1
4.175255638420807,1
4.154071378735387,1
4.117799360495272,1
4.07541941899499,1
4.034673875466885,1
3.9965266019140415,1
4.008261700362692,1
4.045993647224915,1
4.090146799596497,1
4.141841897852187,1
4.170601265912756,1
4.194903031183155,1
4.229479310587782,1
4.275078572597533,1
4.332257218392336,1
4.401358485576453,1
4.482497677802568,1
4.575550429775228,1
4.688433886366246,1
4.81514138222528,1
4.951320301671017,1
5.096296704742196,1
5.147724757325854,1
5.1597062504377185,1
5.174043287335035,1
5.190277591477707,1
5.179274727476031,1
5.159599509128638,1
5.143427973114906,1
5.13079522819027,1
5.105572161500058,1
5.076658603150356,1
5.050782838152169,1
5.02832636017035,1
5.003972069542174,1
4.9781585688098335,1
4.952869041272247,1
4.928640708844241,1
4.8840937491452845,1
4.830861219472198,1
4.776273100007101,1
4.719464485205033,1
4.689835478221053,1
4.6711062027653485,1
4.65085088793801,1
4.627570635729334,1
4.63091195381422,1
4.653184693427957,1
4.68298661742979,1
4.718272206281206,1
4.736557597058744,1
4.746831028542608,1
4.757182332992399,1
4.768821196925299,1
4.764801668151859,1
4.756649608838477,1
4.750267221344545,1
4.74473111177357,1
4.810595309847247,1
4.897099440830555,1
4.976817808879584,1
5.049496477727465,1
5.207964937729176,1
5.395312745510415,1
5.5786032234239595,1
5.759015573835708,1
5.844539885378826,1
5.901750576429144,1
5.963742828755497,1
6.032119816152814,1
5.9932273981292,1
5.92000412535715,1
5.850408549372615,1
5.784661932322656,1
5.748352114100443,1
5.725547719381147,1
5.7074931793346915,1
5.693997717243482,1
5.684781209935181,1
5.679486925105972,1
5.677693633409904,1
5.678861034606893,1
5.691344464055757,1
5.708733281100012,1
5.7276015322832,1
5.747364809845782,1
5.776429346837332,1
5.808470870669284,1
5.840069557438067,1
5.871258734331096,1
5.892844793891353,1
5.910782197616886,1
5.927833034926033,1
5.9441723546579075,1
5.950995086566898,1
5.954752987807686,1
5.958321962492526,1
5.962066345936902,1
6.00223700400897,1
6.055093188792201,1
6.11033805556373,1
6.168427141206996,1
6.257470181043412,1
6.359430148261107,1
6.466867850418665,1
6.580840165842864,1
6.674015720102323,1
6.766485774400434,1
6.866759973149771,1
6.97737920228602,1
6.985206465898834,1
6.971640507672168,1
6.968012367364149,1
6.975114877274452,1
6.826620330777604,1
6.6418868840193985,1
6.471334146387551,1
6.314877091970475,1
6.222921729724424,1
6.151858654736183,1
6.0864177376986675,1
6.026131405079698,1
5.961967496188296,1
5.899056243691179,1
5.8388366526943924,1
5.780389644731683,1
5.727117943397874,1
5.673570592566672,1
5.61779265432979,1
5.559015791255164,1
5.5039237251739195,1
5.446749226266628,1
5.384928950782074,1
5.318401748082507,1
5.247685018210669,1
5.18090759241283,1
5.120365503422359,1
5.066810747749006,1
5.065802218187506,1
5.07160039647298,1
5.07208362221674,1
5.0654221963527295,1
5.086507186917581,1
5.112223748992301,1
5.135377539179728,1
5.154779431149103,1
5.1456001331594985,1
5.122556517415986,1
5.091720815658575,1
5.0522169409382665,1
5.038525720567317,1
5.025691945395359,1
5.006231425932602,1
4.979652615612232,1
5.0543306048909376,1
5.1503262945483295,1
5.240407296739727,1
5.323942290701609,1
5.442937691017111,1
5.565398868426696,1
5.682231187311758,1
5.799152496805637,1
5.75271091758893,1
5.674387208713457,1
5.596587567620347,1
5.52045374066408,1
5.429252408819678,1
5.33802147788426,1
5.250740563169972,1
5.167545624422642,1
5.16137130069041,1
5.178477764978817,1
5.201930356225151,1
5.233098132253572,1
5.210303081110654,1
5.180648992306053,1
5.15492167709435,1
5.132661726074539,1
5.1133588361737266,1
5.09647126710803,1
5.081441345488407,1
5.067968553864435,1
5.045531424130438,1
5.021374322511104,1
4.997207637240536,1
4.972548733828346,1
4.947086536251381,1
4.920596258929225,1
4.8929460343385776,1
4.864108940296422,1
4.834166586000749,1
4.803317918538742,1
4.771879345223822,1
4.740585042466129,1
4.699804637668499,1
4.658388821005734,1
4.618789278550717,1
4.581531440372352,1
4.614578606727949,1
4.665870349533409,1
4.723328601261111,1
4.788736955028858,1
4.831490510473563,1
4.877974727421733,1
4.933807072469371,1
4.998613761811552,1
5.142150904899311,1
5.308052372856943,1
5.4838482075150665,1
5.671710951498784,1
5.799590644380659,1
5.92665198362095,1
6.062603834884139,1
6.209145040660696,1
6.209399911804505,1
6.186906993071255,1
6.167202602536253,1
6.151168493996911,1
6.063636921603794,1
5.966997445567566,1
5.873116651562345,1
5.781265000396926,1
5.718379958465195,1
5.661728916902221,1
5.607603698303947,1
5.5559900083510145,1
5.518457200272112,1
5.48303985352374,1
5.448126771572904,1
5.413649941105997,1
5.403890304748104,1
5.399206197377369,1
5.394828155128049,1
5.388371554434062,1
5.397427326460562,1
5.4111361483242035,1
5.427049084500616,1
5.442591737630496,1
5.4762441158996635,1
5.510351197622234,1
5.541742315344779,1
5.569266665686533,1
5.59237401472059,1
5.610198991491365,1
5.622009629610917,1
5.628141882533722,1
5.638587452608721,1
5.64489868235985,1
5.6446278111567825,1
5.637398349212452,1
5.696645362755167,1
5.758652922198242,1
5.813473237577857,1
5.860267418793722,1
5.951845454273428,1
6.043741130564576,1
6.130224082481917,1
6.215042887800887,1
6.203438711193808,1
6.183664758461031,1
6.1658410480091,1
6.150350080637342,1
6.1401280066478545,1
6.1347755081665625,1
6.134340939708493,1
6.140377772488182,1
6.108571803278115,1
6.0768902218957015,1
6.049390698220496,1
6.026258715336674,1
5.996107003990568,1
5.968359347590339,1
5.943759689623519,1
5.922272288192174,1
5.892185834283381,1
5.862998836922171,1
5.835301529162285,1
5.808086120099634,1
5.8236025404321365,1
5.843957588787783,1
5.864044352705445,1
5.883321010827215,1
5.912602800583071,1
5.9420387633334455,1
5.970588533377419,1
5.99833604653629,1
6.02546263116681,1
6.052244243529606,1
6.0790501688444,1
6.108552815594344,1
6.082925740802894,1
6.054826691820696,1
6.028839190291325,1
6.004999938886963,1
6.04872240439447,1
6.103601716349422,1
6.163891415569099,1
6.233089703599633,1
6.240580591601024,1
6.251322472518829,1
6.270306139836242,1
6.2979063123383785,1
6.345764267888794,1
6.404154576152067,1
6.472373305637395,1
6.550813537917646,1
6.6295550534955145,1
6.717052949522956,1
6.813544898516443,1
6.919585069526548,1
6.913902012401524,1
6.9007922915479,1
6.890524329796332,1
6.883562293101478,1
6.83627845777218,1
6.789543066632206,1
6.74640086826603,1
6.707458669864328,1
6.645324030022748,1
6.584016243885414,1
6.5254137826377745,1
6.4684567118142215,1
6.458711423730243,1
6.452502255364096,1
6.44742316766211,1
6.443246624130181,1
6.457799237237892,1
6.472566516396239,1
6.486462455743783,1
6.5006707255703935,1
6.497710347562185,1
6.4930081993046285,1
6.486151314566798,1
6.475423130179514,1
6.465306308826559,1
6.452111905784806,1
6.436466737550988,1
6.4187525495923525,1
6.330362093382751,1
6.237761735264094,1
6.1442196523655515,1
6.046882345988406,1
6.028907384271929,1
6.014736796581502,1
5.999969980845194,1
5.983047628585659,1
6.043600097221823,1
6.106356327479609,1
6.166229667124311,1
6.222403737167368,1
6.30226680855917,1
6.377274490222168,1
6.446440225720521,1
6.511898792323653,1
6.508314209606193,1
6.503922793762123,1
6.50150476709453,1
6.5018635412220425,1
6.486356159450695,1
6.474134747156401,1
6.466140769648602,1
6.462492960771447,1
6.463215713453597,1
6.46823999698272,1
6.477410878416604,1
6.492163571088031,1
6.4519596884439725,1
6.413444637852944,1
6.377688490001416,1
6.3443742336640065,1
6.313146721146054,1
6.283625322932442,1
6.255500413838341,1
6.228129916941588,1
6.201386538873039,1
6.174836061423124,1
6.148166928906373,1
6.121117994078566,1
6.09348881126445,1
6.065148817853116,1
6.036045300071154,1
6.006066960415427,1
5.986812917046031,1
5.967486853400838,1
5.948090861876629,1
5.929042178658082,1
5.910848436452612,1
5.894103837732399,1
5.879480588771942,1
6.380218129296839,1
6.337785089739684,1
6.2996803815004485,1
6.266722684301934,1
6.23974308170722,1
6.219564971042285,1
6.218682944566167,1
6.2260598068492,1
6.242358646921045,1
6.268129845504684,1
6.315313258640961,1
6.372455700850924,1
6.439685640172251,1
6.516936251543944,1
6.60398931366442,1
6.7004810607326215,1
6.80591223483014,1
6.919409104405639,1
7.0189992219246315,1
7.125789427222691,1
7.238892860459693,1
7.357308324862339,1
7.437527005202992,1
7.520515745947536,1
7.604849038658194,1
7.689107706627772,1
7.671780768114883,1
7.653437176841074,1
7.632680552207462,1
7.609456716833972,1
7.614086396798917,1
7.615428548374568,1
7.613684026027571,1
7.609932113374526,1
7.673105189179881,1
7.7312131544916385,1
7.784479473966518,1
7.8336866216592,1
7.9051104561066685,1
7.970767186774903,1
8.030601501418808,1
8.084503900737795,1
8.13480407984171,1
8.178247525650807,1
8.214757380251397,1
8.244742906544683,1
8.300307260107711,1
8.348368940303288,1
8.389398981777603,1
8.423359740494583,1
8.45572328808363,1
8.481529843157738,1
8.500708770612604,1
8.513666256513194,1
8.542246118802808,1
8.56355701708975,1
8.578190463832618,1
8.584931592855423,1
8.540787078335354,1
8.49421534815942,1
8.445339107929236,1
8.395108585807463,1
8.35872274311645,1
8.322902060482273,1
8.28828607282793,1
8.254892543434252,1
8.212105235621227,1
8.171494643214158,1
8.133095758415873,1
8.096638815830856,1
8.05114410883789,1
8.008160528788137,1
7.967483872487049,1
7.929018429198661,1
7.892617248870746,1
7.858089424743186,1
7.825208426644792,1
7.793721268741971,1
7.763358279975016,1
7.733843240611472,1
7.704903653039473,1
7.677316295736817,1
7.6849896306258945,1
7.691485178779241,1
7.69764148684495,1
7.702304390442177,1
7.683784114754178,1
7.665203276642028,1
7.646296117293257,1
7.62667831645998,1
7.595779610940592,1
7.565442874057662,1
7.535845935267774,1
7.507906726344442,1
7.493207575468804,1
7.480487943583122,1
7.470665384350361,1
7.461060562121596,1
7.386891287213919,1
7.319126955162926,1
7.256986170722936,1
7.200672706454977,1
7.13997212230832,1
7.087419187407615,1
7.043388134877606,1
7.008478825118174,1
6.9831991348145985,1
6.967945873898275,1
6.9629882252192505,1
6.969880366703892,1
7.008776230591017,1
7.057179534344102,1
7.115063177411355,1
7.180817826055567,1
7.23344540542879,1
7.294799618397255,1
7.363368780578078,1
7.437654377195196,1
7.5069773480072,1
7.579554341127832,1
7.6541983091971755,1
7.726725643520632,1
7.739174745914914,1
7.751691001937356,1
7.761898412798783,1
7.766883477305045,1
7.7282747758618955,1
7.6881655012114285,1
7.645346018188917,1
7.601885574829044,1
7.581907943026617,1
7.556695862130817,1
7.526635614543818,1
7.492850543352091,1
7.467321606840544,1
7.435341071148389,1
7.397083118219514,1
7.3573496452584655,1
7.362811385474663,1
7.3609723046624875,1
7.352086315654216,1
7.34042757528127,1
7.376694347814314,1
7.404763822504605,1
7.4256816777619505,1
7.440641445400827,1
7.467273936799087,1
7.486729881438515,1
7.499447659399157,1
7.5076817929864585,1
7.538076972761673,1
7.560386384295423,1
7.575771836690691,1
7.582121110765461,1
7.5598647930079315,1
7.535906857138717,1
7.5104184444028625,1
7.482055682098866,1
7.435817668705205,1
7.391287728001128,1
7.348531124030634,1
7.307973719330108,1
7.26997019637986,1
7.23479939230919,1
7.202661314253352,1
7.172559222365866,1
7.134918649375075,1
7.1005924218094245,1
7.069257602764646,1
7.041851442398448,1
7.028051884604888,1
7.016328246113826,1
7.006692644558305,1
6.9999352239845924,1
7.005490291495818,1
7.011744459995657,1
7.018663210320227,1
7.024691205177725,1
7.020046160295016,1
7.015478250505615,1
7.01054039625364,1
6.99529644821248,1
6.8938892919283425,1
6.794339032966602,1
6.6944047904425314,1
6.5985000939144856,1
6.533183188623653,1
6.467694831601067,1
6.402670796648291,1
6.340128979586431,1
6.2890872308143955,1
6.2401384746560575,1
6.193979588896467,1
6.1513694364190785,1
6.113115689614525,1
6.080058652520201,1
6.053052189612363,1
6.0307524292472845,1
5.993964761594979,1
5.966831840249811,1
5.948997141151292,1
5.952272852709488,1
6.061963261419436,1
6.177625580108929,1
6.302950157281017,1
6.424970206639894,1
6.478468975818809,1
6.542561164278356,1
6.6162732824341255,1
6.700640954271436,1
6.802460048945701,1
6.911518804481363,1
7.026899332136033,1
7.140882734753316,1
7.200530002589093,1
7.266551610452431,1
7.335112402073484,1
7.400738721442541,1
7.434885056079783,1
7.468393927103878,1
7.499467325758783,1
7.533376902754834,1
7.600631669421847,1
7.6625217716146725,1
7.719019705527504,1
7.772720336576385,1
7.839295887800289,1
7.898432018800959,1
7.950020891513232,1
8.000452963474526,1
8.082979926842647,1
8.156765650007605,1
8.222559317385192,1
8.280863633819434,1
8.335103539491179,1
8.383800267818243,1
8.42744481570763,1
8.478872736221426,1
8.603427737976663,1
8.717262895145696,1
8.82315631078248,1
8.913224406282561,1
8.950888098714776,1
8.982052900616779,1
9.006314027058973,1
9.025425890212082,1
9.045621001879377,1
9.058976304575076,1
9.066017490098627,1
9.053202557968925,1
8.96919756449251,1
8.882291274227573,1
8.792652825233523,1
8.725738190790644,1
8.810031641926711,1
8.891003055591563,1
8.974636594394687,1
9.031430210393353,1
8.958567191923539,1
8.886951870895093,1
8.816825262007189,1
8.743081231807416,1
8.639956530558056,1
8.539795054656969,1
8.441391376928108,1
8.342750933985801,1
8.23578791858553,1
8.130673334952007,1
8.027048335021792,1
7.937571538881922,1
7.907954799097034,1
7.878341323580922,1
7.849276751115445,1
7.8304762334248235,1
7.862062170309825,1
7.891901808665935,1
7.921383277708579,1
7.948276528307085,1
7.96496356704748,1
7.981430219055561,1
7.997616054742863,1
8.028447146453354,1
8.128623964280333,1
8.227638903021294,1
8.327688377522207,1
8.415589002556318,1
8.447672983256837,1
8.482930344825425,1
8.521238400482014,1
8.545886335150945,1
8.50911918740084,1
8.477066010851214,1
8.450366894308909,1
8.438213496713162,1
8.472722273972966,1
8.51294235773842,1
8.560680071749807,1
8.63215955444815,1
8.779919154168992,1
8.933968867236455,1
9.09597264574558,1
9.243600727928458,1
9.315981221214562,1
9.396914225001842,1
9.485666226071395,1
9.586456986975884,1
9.712777649897927,1
9.844833395257812,1
9.982374694769145,1
10.098681756229988,1
10.116028856226253,1
10.138485120424667,1
10.163299017671168,1
10.167160039270586,1
10.083069923889157,1
9.99979435914586,1
9.914983646786581,1
9.843134357524944,1
9.823474695389061,1
9.80046535513992,1
9.77413061663016,1
9.749071392625101,1
9.73816839891616,1
9.722241117490213,1
9.701261057774298,1
9.674816437839828,1
9.642157148401527,1
9.60389458120583,1
9.559993600435776,1
9.521697146097983,1
9.51699656561748,1
9.513331154556864,1
9.509303354980727,1
9.524584760331281,1
9.60745114758335,1
9.680961877648038,1
9.746664433366089,1
9.782420611295425,1
9.739263564070077,1
9.690509321947053,1
9.636256975908324,1
9.586716431039562,1
9.56294485037706,1
9.532071041392182,1
9.494679369320883,1
9.443066487463838,1
9.361806584242727,1
9.277424127652521,1
9.190290846398,1
9.085901192329764,1
8.930188533263182,1
8.774264579023244,1
8.61773885060416,1
8.463919746086171,1
8.319216885205412,1
8.175307270560321,1
8.032624819967605,1
7.89437234819537,1
7.766736170776736,1
7.641043022148342,1
7.51746827684578,1
7.405024275231635,1
7.321113059307376,1
7.239157487978826,1
7.159103551110863,1
7.0837504426678946,1
7.018574569822805,1
6.954466400227032,1
6.891175691916137,1
6.822424683629876,1
6.736377247977146,1
6.650600465884169,1
6.564677471304376,1
6.481479815800258,1
6.406398882410002,1
6.330711741921147,1
6.254475594476874,1
6.193033795502289,1
6.174087446519258,1
6.15480689475087,1
6.135937254091298,1
6.127252446669546,1
6.145784568410685,1
6.166369352392271,1
6.189933359650269,1
6.197942972677548,1
6.15972714219547,1
6.126695346368331,1
6.0996956222014,1
6.082733209619354,1
6.082025547909974,1
6.089621722127308,1
6.106249981851447,1
6.135651878393869,1
6.183381469134576,1
6.241177215616398,1
6.309172150583541,1
6.380851486798324,1
6.4464554286235005,1
6.5219638717825354,1
6.606897383228009,1
6.700640954271436,1
6.802460048945701,1
6.911518804481363,1
7.026899332136033,1
7.1476166183592635,1
7.2723208567561395,1
7.39983882065399,1
7.529164836767283,1
7.652305142233435,1
7.757311895267182,1
7.860468721055676,1
7.960793536948102,1
8.061062053470454,1
8.165263826660503,1
8.26479610473684,1
8.359089497080891,1
8.449041301936607,1
8.536221845324151,1
8.616812205912241,1
8.690313486997741,1
8.733817365071296,1
8.719679823804537,1
8.70279070866997,1
8.683540189921622,1
8.686672738066141,1
8.740691858659273,1
8.788358512341661,1
8.829105277093404,1
8.88548740453966,1
8.986029993610558,1
9.07786934626966,1
9.161279881595531,1
9.20932201296737,1
9.189955570042805,1
9.164492037946863,1
9.133446980410609,1
9.100179243749453,1
9.066931738297246,1
9.02705552305099,1
8.980937877181873,1
8.926801018390112,1
8.863984146165842,1
8.79852769264782,1
8.731000206410762,1
8.658977304504718,1
8.57989977067154,1
8.500789671499437,1
8.42212884061296,1
8.458184349209299,1
8.739416287158116,1
9.026564005249256,1
9.31899557504051,1
9.547362606100627,1
9.63588811123439,1
9.726598570613511,1
9.819281305627081,1
9.933114511745204,1
10.088381915011617,1
10.244984710408897,1
10.402622073176836,1
10.549231027048204,1
10.672462412081655,1
10.795967519280731,1
10.919566504025704,1
11.031238113039176,1
11.119012528162724,1
11.20658949412516,1
11.293951599497358,1
11.373147509276363,1
11.436481314453832,1
11.499829315225472,1
11.563358799531775,1
11.659478452770262,1
11.819047995931388,1
11.979658569701689,1
12.141672779086324,1
12.366480480578783,1
12.71104270696123,1
13.05847771765146,1
13.409201082600307,1
13.652593368104,1
13.688953292436066,1
13.729567888999323,1
13.774859562660634,1
13.808639730739781,1
13.816758521351254,1
13.830708450151004,1
13.850814218460933,1
13.881528410009176,1
13.926622025298288,1
13.978511201111646,1
14.037290016358254,1
14.09460071823162,1
14.143499259417412,1
14.199238859863414,1
14.261644181692866,1
14.334661252732293,1
14.421317867207572,1
14.513639329756701,1
14.61118345886623,1
14.698418896386599,1
14.762322002152384,1
14.82887277650689,1
14.89754958658391,1
14.967479234008703,1
15.037771870553287,1
15.108657334426846,1
15.179908424910291,1
15.242378692905502,1
15.289176836995154,1
15.335684882079635,1
15.381800708131443,1
15.418174400426892,1
15.437254274887154,1
15.454487353239987,1
15.469759211973459,1
15.478735686195765,1
15.477786824914077,1
15.473678752535438,1
15.466219672086824,1
15.44961791439537,1
15.419869925378697,1
15.386131573131935,1
15.348116041156635,1
15.43871668480945,1
15.745254858510053,1
16.047034098888346,1
16.34386795418096,1
16.51034692508587,1
16.467362116677474,1
16.419996557006645,1
16.368025841576806,1
16.325645253943303,1
16.30146853164246,1
16.272165127150494,1
16.23773579254085,1
16.200143314908328,1
16.161287170825698,1
16.118652038032906,1
16.07253119051424,1
16.028828065967634,1
15.991808630246766,1
15.953231599409053,1
15.913367244355754,1
15.87708775360636,1
15.847224174472206,1
15.816766473922554,1
15.785872008763567,1
15.749986023547399,1
15.706664949283715,1
15.663198903769823,1
15.619646440435838,1
15.580776343768699,1
15.549080185975994,1
15.517355080819422,1
15.485587085054815,1
15.448983626938608,1
15.40511987560659,1
15.361147055672717,1
15.317050391211891,1
15.27282367181582,1
15.228476329123854,1
15.184035738692238,1
15.13955193864268,1
15.095099221990349,1
15.050781795785376,1
15.006734339961461,1
14.963124670559475,1
14.92015299212426,1
14.87805495477602,1
14.837099385892795,1
14.797587931843141,1
14.867638519269372,1
15.094458884139117,1
15.323962059385535,1
15.556540785405188,1
15.713525631157822,1
15.762287869833864,1
15.815193572613978,1
15.872624972970819,1
15.895124836093888,1
15.867119819170659,1
15.844697579287104,1
15.828162528517801,1
15.822784252959604,1
15.830690413611919,1
15.845112788141746,1
15.866155387949158,1
15.883819258124847,1
15.894440018557003,1
15.91169271971465,1
15.935436375470214,1
15.970488295734482,1
16.018306931753575,1
16.07175555888222,1
16.13043794950343,1
16.18143148517203,1
16.219311525420398,1
16.259959047452643,1
16.30287999472063,1
16.359246749673062,1
16.43213177728727,1
16.505752813017363,1
16.57988417919976,1
16.634000402786256,1
16.661643940279653,1
16.689152225286534,1
16.71641839062232,1
16.7364895890049,1
16.746500843182645,1
16.75487335681156,1
16.761487039127676,1
16.754559219805316,1
16.730199018512774,1
16.70287897351979,1
16.67239432134664,1
16.641940223209925,1
16.61219756952935,1
16.57863662211084,1
16.54098058288068,1
16.59745256891322,1
16.772239520007574,1
16.942568003017342,1
17.108187269103837,1
17.1625306558252,1
17.08172857530439,1
16.99675961342073,1
16.90739059990808,1
16.851578520958505,1
16.837234535170648,1
16.817823554319173,1
16.793339274281504,1
16.772323359354093,1
16.75728170468802,1
16.738500436904495,1
16.716259490906356,1
16.687190535872674,1
16.651597711632483,1
16.614361195365117,1
16.57574361058831,1
16.535984388844714,1
16.49529884973498,1
16.453875138832462,1
16.411876280475887,1
16.380457618428423,1
16.361538145841465,1
16.34240768285636,1
16.323117428751836,1
16.28702438660941,1
16.231658651298616,1
16.176170645119967,1
16.120562854011553,1
16.076020360220063,1
16.044041346707985,1
16.011911455354632,1
15.979624993139039,1
15.941558907112663,1
15.897050827973908,1
15.852450080869541,1
15.807815533752066,1
15.768885960527525,1
15.736385163640094,1
15.704181959026382,1
15.672448243879517,1
15.630013792758273,1
15.576018349398492,1
15.523199719869236,1
15.471854114221001,1
15.536797838266734,1
15.728073381099291,1
15.922002590193792,1
16.11897162243555,1
16.140610470521775,1
15.974435528832137,1
15.812344437871145,1
15.654753108872205,1
15.554276213302874,1
15.514377583649244,1
15.480107109651671,1
15.451780372652411,1
15.429671415420405,1
15.414009819342997,1
15.404971087238467,1
15.402675052685966,1
15.418853378533639,1
15.453857403651902,1
15.495498689427023,1
15.543621804841449,1
15.598004539803817,1
15.658359792853195,1
15.724338585125725,1
15.795534108716417,1
15.845589316834218,1
15.872949675112098,1
15.903078068153945,1
15.935475288556269,1
15.947565709503545,1
15.938525757468302,1
15.930001201101843,1
15.921747829703074,1
15.9014723389272,1
15.869059769392491,1
15.836267923423364,1
15.802979472362061,1
15.755636606095697,1
15.69366926958016,1
15.629823355516242,1
15.5639589087506,1
15.507894337834443,1
15.460607354868689,1
15.410193744217494,1
15.356448889960587,1
15.303055896494362,1
15.249692624047793,1
15.192377867443705,1
15.130815050557835,1
15.20997289142381,1
15.421739617830577,1
15.628810487345575,1
15.830956306694953,1
15.918367526657708,1
15.899012441406173,1
15.875215008521966,1
15.846746683236836,1
15.838669567108797,1
15.848772707992568,1
15.853682840881312,1
15.85340460027354,1
15.83180224403114,1
15.791096668491061,1
15.746534809672161,1
15.69841262565391,1
15.649052388664158,1
15.599400271539826,1
15.548191097552717,1
15.495705491397924,1
15.448453375056362,1
15.406014974212043,1
15.363022503794673,1
15.319641877851717,1
15.282333847136703,1
15.250472529120792,1
15.218565756181938,1
15.186663178588773,1
15.1484130177605,1
15.104638898731464,1
15.060888250125224,1
15.017142973794973,1
14.97337791520386,1
14.92956352304898,1
14.885671393029318,1
14.841677140950754,1
14.804012268776335,1
14.771713545788502,1
14.739314116582012,1
14.706858397673285,1
14.66147098427241,1
14.605314676131547,1
14.54941106788312,1
14.493922951912934,1
14.44555165175759,1
14.40343488733442,1
14.362434750506567,1
14.322853961887219,1
14.343899494678203,1
14.415500921554246,1
14.489671422842294,1
14.56681915420305,1
14.588103665977405,1
14.565012625817907,1
14.546101852568523,1
14.531789281398561,1
14.529099315610198,1
14.537108763183463,1
14.550848912510144,1
14.570632053084804,1
14.603369305268197,1
14.647891886482228,1
14.699075255548557,1
14.757009710958474,1
14.808416895622447,1
14.856176651165876,1
14.910642048646471,1
14.971646284947234,1
15.038953783300684,1
15.112262903975834,1
15.191209801163664,1
15.275371085635905,1
15.354433536502313,1
15.429288043971647,1
15.506741507499713,1
15.586290834160824,1
15.640283022026122,1
15.674564953543072,1
15.709328347874276,1
15.744322295548212,1
15.808558023512125,1
15.89480804604246,1
15.981142470017764,1
16.06748005126749,1
16.106733163778312,1
16.109801002495143,1
16.110967186903597,1
16.110070822815025,1
16.09495914618401,1
16.06833144477675,1
16.038559821175404,1
16.005337763251678,1
15.97460853173916,1
15.944554003027047,1
15.910407156789809,1
15.871879845824704,1
16.03540604738302,1
16.34178166164957,1
16.643246636636118,1
16.93969970434757,1
17.05037667058366,1
17.028747635991955,1
17.002275133085924,1
16.970793131104557,1
16.943367893320602,1
16.91731068239067,1
16.8862081495885,1
16.850052983868153,1
16.798540676637103,1
16.73553423596567,1
16.668558967187007,1
16.597893498628732,1
16.540823458410372,1
16.493142388586524,1
16.443790012986067,1
16.39303507247127,1
16.33404376281367,1
16.26932396591594,1
16.203833458467575,1
16.137747770312995,1
16.078364298754042,1
16.02342599523944,1
15.968272275882429,1
15.912968901583428,1
15.857559865525234,1
15.802070125625393,1
15.746508807130466,1
15.690872810599435,1
15.635150751894953,1
15.57932715377868,1
15.523386803369297,1
15.46731918607268,1
15.411122904572313,1
15.354809990962247,1
15.298410020971117,1
15.241973941306357,1
15.178279885349445,1
15.110107775236013,1
15.042215773827893,1
14.974768068711318,1
14.915289957456157,1
14.861274307847278,1
14.808398781936962,1
14.756962848487728,1
14.692565682349432,1
14.621175328517719,1
14.552284784833715,1
14.486295033942904,1
14.342164396556129,1
14.15197517222242,1
13.965953826032239,1
13.784561894552956,1
13.75704347140418,1
13.824814005797572,1
13.898389567018961,1
13.97806690566034,1
14.079018590647477,1
14.19538039811172,1
14.318363527660274,1
14.448021149963038,1
14.5245989709922,1
14.572798046322088,1
14.627755451266887,1
14.689301303807046,1
14.734857499427937,1
14.773593023157364,1
14.818175559822986,1
14.868188018805197,1
14.911498407755305,1
14.951577236659737,1
14.994405971991032,1
15.039464678311031,1
15.035421750187139,1
15.003126932475066,1
14.970909104252481,1
14.93843781251883,1
14.902346211707142,1
14.863649241353157,1
14.823599593581866,1
14.781741776981937,1
14.806891474558718,1
14.867747092118476,1
14.92560740411925,1
14.98014283019395,1
14.988598358362486,1
14.97028905420106,1
14.948412443062574,1
14.92295417264169,1
14.913105180215357,1
14.910614388626811,1
14.905448421048035,1
14.897870568932422,1
15.064330944293456,1
15.320618574519909,1
15.572147580826902,1
15.818690342542473,1
15.770823179462258,1
15.570809080367065,1
15.371642620601046,1
15.17299711990693,1
14.949394446970183,1
14.707785390437984,1
14.460330509330046,1
14.207172442984959,1
14.012638794292938,1
13.846547216810544,1
13.676502872563999,1
13.502872782374366,1
13.35354813014145,1
13.21598057219427,1
13.076742672282398,1
12.936194308366591,1
12.84167881250265,1
12.770275821389134,1
12.698775145887582,1
12.627372439890117,1
12.55622671777564,1
12.48545864381012,1
12.415153257522777,1
12.345359002160555,1
12.300099234083623,1
12.267079708804665,1
12.234557712514714,1
12.202462686072973,1
12.146565008253717,1
12.079322815352555,1
12.012250833795296,1
11.945271863618991,1
11.8621757588029,1
11.771407129973653,1
11.680585158758081,1
11.589692125977281,1
11.506837981877034,1
11.427752699314336,1
11.34874039003601,1
11.269937116510933,1
11.17527933593697,1
11.073731902524694,1
10.973046963949498,1
10.873480783835575,1
11.068871167337864,1
11.400386008452212,1
11.734831379861768,1
12.073196516346956,1
12.061141033283606,1
11.894607820521925,1
11.732387747944909,1
11.575037656841449,1
11.398279374830183,1
11.216508717593006,1
11.041225524881861,1
10.87288083904784,1
10.75344781236686,1
10.659802204245612,1
10.574278012729618,1
10.49708310683454,1
10.453174453148456,1
10.428291568804989,1
10.4117721771406,1
10.403416878565368,1
10.419307848208264,1
10.449462442980133,1
10.486513474261452,1
10.529924247083654,1
10.574914671802548,1
10.622392456504668,1
10.673224951506812,1
10.726720995249885,1
10.77104625167884,1
10.811124457466814,1
10.850687979396952,1
10.889076402077762,1
10.934823314066486,1
10.98179161825826,1
11.025801969998081,1
11.066365105478717,1
11.113784075058902,1
11.16138145768126,1
11.204474762256286,1
11.242565579592254,1
11.255707176363662,1
11.2557018233488,1
11.2501431419915,1
11.23902941507135,1
11.216014180990836,1
11.185433434776858,1
11.150008284022404,1
11.109510245659811,1
11.339082566481249,1
11.669009570454028,1
11.99427602116124,1
12.317721713413075,1
12.3012299257259,1
12.159553340470874,1
12.015862363031658,1
11.869524640169619,1
11.758182030695881,1
11.654451735965514,1
11.544533681734572,1
11.428645041815336,1
11.313561097665904,1
11.196380870690973,1
11.075409438309437,1
10.950886778635063,1
10.844750212932734,1
10.744469670489163,1
10.643210363670017,1
10.54138378076507,1
10.43936719912052,1
10.33749923203803,1
10.236076044529412,1
10.134922953674605,1
10.087663538817319,1
10.059766674734092,1
10.033266117309125,1
10.008370006715115,1
9.966757462942624,1
9.920428927066272,1
9.87517199951491,1
9.830757137133471,1
9.813818145661584,1
9.806495263357117,1
9.799599242162627,1
9.793650456550136,1
9.73330578491437,1
9.655727243501628,1
9.578101005463818,1
9.500230313891679,1
9.431299634169465,1
9.365024996023621,1
9.298625205832948,1
9.23220262436651,1
9.16591510665604,1
9.099978614641046,1
9.034668606675979,1
8.97011542825521,1
9.058948516275057,1
9.198663994059585,1
9.341019218280604,1
9.49001493509857,1
9.482934696161447,1
9.434714132698916,1
9.39107565140444,1
9.352688360997115,1
9.310880828325606,1
9.272653747962263,1
9.241298644620109,1
9.217404011508718,1
9.192091689952937,1
9.172294944414206,1
9.160998533118185,1
9.158508567086452,1
9.155651315444853,1
9.159060615663305,1
9.17125392619138,1
9.192127577608613,1
9.212209650253994,1
9.237708262927624,1
9.270630507065551,1
9.31035725053338,1
9.35819589563387,1
9.411221350707835,1
9.46796044152931,1
9.527423714725792,1
9.599782743918638,1
9.675102285879047,1
9.749638971897683,1
9.823083421209972,1
9.85336580508707,1
9.869605592473802,1
9.882306598370894,1
9.889068297923544,1
9.960302067015034,1
10.042927996164702,1
10.120318960511973,1
10.192260077034106,1
10.240768977484114,1
10.278446295065084,1
10.309610672218064,1
10.333216008260154,1
10.373710220813724,1
10.412228192935348,1
10.44339481583223,1
10.466969697233006,1
10.61109925818869,1
10.782700521405145,1
10.948007835612033,1
11.111741156361662,1
11.13376947159925,1
11.119767261991504,1
11.098463803009468,1
11.069681246841599,1
11.064901438012338,1
11.061713052479794,1
11.053099730825652,1
11.040178457750422,1
10.998906490078937,1
10.949300012853842,1
10.896812025615846,1
10.84217953272358,1
10.751023408724064,1
10.650312016682173,1
10.54864033992617,1
10.445843634936544,1
10.36274152308298,1
10.283929915544656,1
10.205740323547067,1
10.127997871406148,1
10.061590279020734,1
9.99824913018441,1
9.936183241538597,1
9.87541192765476,1
9.806312562569506,1
9.736158021613662,1
9.667105632626338,1
9.5986116301916,1
9.56074605234239,1
9.529766990742498,1
9.499274033447843,1
9.468914672599618,1
9.448707046095613,1
9.43048704874469,1
9.412136143468251,1
9.394912859147222,1
9.32642734400316,1
9.248416471256846,1
9.170280536062775,1
9.092115286071037,1
9.014071976322857,1
8.936360437223032,1
8.859251039784192,1
8.7821480771366,1
8.941673182282567,1
9.152143419600224,1
9.36542950239747,1
9.59256615553812,1
9.58666719857368,1
9.550340818087019,1
9.518590040796996,1
9.4919966286251,1
9.461282010127942,1
9.43484019293847,1
9.415203073758644,1
9.403138925549785,1
9.368637390606477,1
9.33668355260129,1
9.313204034394793,1
9.298413881012802,1
9.292428770742005,1
9.295258111249852,1
9.306801261209326,1
9.326185767197778,1
9.37428753054249,1
9.43291456785739,1
9.498471980637389,1
9.570817250374443,1
9.611473412125168,1
9.650777028417066,1
9.694274874387036,1
9.740842645893597,1
9.802444450540508,1
9.866217434640715,1
9.929402156145894,1
9.991506731848485,1
10.041733574696464,1
10.08802076846824,1
10.131153761972122,1
10.169897458555903,1
10.223502920292672,1
10.274653026525675,1
10.320307999225424,1
10.359830908515379,1
10.40245240588223,1
10.439811640063962,1
10.470294447070328,1
10.493790607776008,1
10.510084081435103,1
10.519111053489427,1
10.520859142442937,1
10.51390839688188,1
10.610412102544835,1
10.715655188163911,1
10.81353666918147,1
10.908818793327637,1
10.903983401771525,1
10.883160622592728,1
10.855354023117576,1
10.820880570260995,1
10.8058680634248,1
10.788592663312603,1
10.765245386922917,1
10.736249992561138,1
10.699373659475869,1
10.658692922469376,1
10.6150568487757,1
10.568731318581492,1
10.524674947451533,1
10.480173154088572,1
10.435308353345153,1
10.390830381031321,1
10.33579430570279,1
10.280209483658266,1
10.225414306723824,1
10.171418813040816,1
10.12926436141424,1
10.089665742272523,1
10.051402244119162,1
10.014911023651663,1
9.968391861484582,1
9.922064528976202,1
9.87680829226101,1
9.832491852622248,1
9.788964577995555,1
9.746063809623644,1
9.703622452738273,1
9.66124233446282,1
9.640434119026704,1
9.622093481130843,1
9.60362315092958,1
9.585826282818903,1
9.545068628278186,1
9.502343923322504,1
9.459487157997593,1
9.41661192018069,1
9.373887560050012,1
9.331541048642464,1
9.289857497105933,1
9.248687134947556,1
9.326032928838629,1
9.41872863833166,1
9.513968431285608,1
9.617274601619634,1
9.607960401664613,1
9.595319370470746,1
9.587304440054098,1
9.585607900976054,1
9.565954351891952,1
9.551326747141367,1
9.543454048965199,1
9.542792077426252,1
9.54973475531159,1
9.56460271530208,1
9.587633278389081,1
9.618972194607563,1
9.658667471725705,1
9.706665528259087,1
9.762809800758426,1
9.82684182063549,1
9.898404662720992,1
9.97704856579496,1
10.062238442344727,1
10.153362936044859,1
10.220616891616624,1
10.289530113800826,1
10.362199216141578,1
10.438426677969938,1
10.47937221875281,1
10.518126615672665,1
10.556751429818574,1
10.593955305083561,1
10.64962370481762,1
10.704314019477916,1
10.756177114235602,1
10.803939105546823,1
10.868288904386107,1
10.929051023712935,1
10.984619483632457,1
11.03489829745948,1
11.058824036592247,1
11.075074112100564,1
11.084650215325937,1
11.085776029796635,1
11.119733366255721,1
11.14796334175588,1
11.168738369201852,1
11.181327114707214,1
11.206940674985248,1
11.22566794825307,1
11.236473510216408,1
11.239884018377746,1
11.216412097611935,1
11.185303526349822,1
11.147870797498431,1
11.104053971212986,1
11.063677490757442,1
11.017750539419287,1
10.966573370764236,1
10.91051223555461,1
10.863223076848866,1
10.813564614435593,1
10.761251831534935,1
10.7071570033842,1
10.641573475679875,1
10.574750944416657,1
10.507308526256075,1
10.43963813422407,1
10.372092308098281,1
10.30498029851051,1
10.238564985396241,1
10.173060729467311,1
10.09750508919113,1
10.022447896688838,1
9.948609891117412,1
9.87602393873167,1
9.804678833485454,1
9.73452315027068,1
9.665470131937166,1
9.596981490778584,1
9.564017148721419,1
9.533037181633901,1
9.502542776154902,1
9.47190683353855,1
9.498772127327033,1
9.527840813061461,1
9.556726440262283,1
9.586860737678398,1
9.557187908440195,1
9.526265901863196,1
9.495245057279798,1
9.464857762734873,1
9.410542934033574,1
9.356396758886492,1
9.30291480469182,1
9.250434646653197,1
9.210719138544556,1
9.173297525619336,1
9.138224954410196,1
9.721711122167557,1
9.681432554970822,1
9.621422732058406,1
9.565966332271396,1
9.515652257487083,1
9.471063048950887,1
9.432762196058396,1
9.4012808831666,1
9.37710455041292,1
9.360802453512166,1
9.411596548480079,1
9.470277351057668,1
9.537142948828475,1
9.612133731148953,1
9.683578976028743,1
9.763043463991911,1
9.850204741424989,1
9.94440167134087,1
9.998721220957949,1
10.058473533806724,1
10.122889819661081,1
10.1912371751056,1
10.233891637712537,1
10.27817999723165,1
10.323352444060701,1
10.368628485898753,1
10.379598760365152,1
10.390332724121276,1
10.400018042304975,1
10.40798198309794,1
10.395345480687633,1
10.380574596905054,1
10.363175845904623,1
10.342396276954881,1
10.278559466111693,1
10.215980229930029,1
10.154703864296074,1
10.09507020955569,1
10.018767647553542,1
9.946695511382375,1
9.879646557113356,1
9.820721593709619,1
9.838791631387123,1
9.853254363632004,1
9.864174194602471,1
9.871268205943128,1
9.778221627722287,1
9.69464007195534,1
9.616542899659764,1
9.545451488253084,1
9.568097900955122,1
9.584144458183257,1
9.594540372879163,1
9.600126748038859,1
9.65146424529991,1
9.696877607041138,1
9.737441955025274,1
9.77305565463046,1
9.80042434989146,1
9.8227846272837,1
9.840268472968544,1
9.850872697565867,1
9.799782064509866,1
9.746097199339932,1
9.689792837819223,1
9.63054225551284,1
9.548435957877922,1
9.46762008572641,1
9.387942002772817,1
9.310630603403332,1
9.282038768513763,1
9.253937331807583,1
9.227542873380303,1
9.202774382395425,1
9.179510950643174,1
9.157598023810438,1
9.136854972231719,1
9.11514297336924,1
9.060613421562442,1
9.006672596803348,1
8.953132141816866,1
8.900240783101529,1
8.871519328605032,1
8.841751112652362,1
8.811764914845433,1
8.78095132182533,1
8.738474125302922,1
8.695929437434327,1
8.653258358696029,1
8.610621941611447,1
8.568244273917049,1
8.526476770810087,1
8.485480984336117,1
8.446304743946882,1
8.42058276206971,1
8.396848679883112,1
8.376005188222207,1
8.358012227642547,1
8.332798546699284,1
8.312506374854774,1
8.297609431848914,1
8.288738662153627,1
8.286496366668592,1
8.291440743349833,1
8.304070650564842,1
8.323932115356941,1
8.341386035090915,1
8.367598508526099,1
8.402722322841568,1
8.446055272540518,1
8.474836938168611,1
8.513602674781541,1
8.561013650083511,1
8.614766745895183,1
8.636056979053501,1
8.665349879613698,1
8.70068138987738,1
8.740448898186044,1
8.769587122750687,1
8.801029424137315,1
8.833764009113152,1
8.86806886868076,1
8.917352367927476,1
8.964921011793377,1
9.010749286445957,1
9.051812494814488,1
9.053274357779713,1
9.064087486207596,1
9.083619364733185,1
9.110113624759334,1
9.116603968199405,1
9.120119190266786,1
9.12065202229877,1
9.120031799749475,1
9.141132955668942,1
9.159111599900402,1
9.174747179525271,1
9.188616935754483,1
9.20271265513738,1
9.212450149381672,1
9.217675090500098,1
9.223577455988863,1
9.291565800740667,1
9.353780662699453,1
9.412269692943985,1
9.46010332227923,1
9.39180867472803,1
9.325445185930414,1
9.255785496498394,1
9.187929427263363,1
9.207521944407063,1
9.219179461629475,1
9.227051316065637,1
9.23962992731123,1
9.353720390006611,1
9.459393757269277,1
9.560323617125501,1
9.658129174927437,1
9.763538891867565,1
9.866577519630566,1
9.96746662650575,1
10.060831977590947,1
10.09576115897604,1
10.133887697494218,1
10.17370168880312,1
10.210504976360127,1
10.205662624440144,1
10.203083564029958,1
10.201892994379772,1
10.198212195416367,1
10.163415236654876,1
10.130129258962615,1
10.097722128011805,1
10.073908732536085,1
10.141621887666679,1
10.20581579941927,1
10.270175090227282,1
10.330757155398814,1
10.358730430226274,1
10.387246679424734,1
10.415549012914793,1
10.443637646146087,1
10.471560791588612,1
10.499416557495206,1
10.527354963619024,1
10.552922516177222,1
10.557523852078242,1
10.56342822522117,1
10.570505635774984,1
10.57914520770715,1
10.589776028638907,1
10.602861303170139,1
10.618891376451081,1
10.622650893526657,1
10.49957446340275,1
10.384874555489963,1
10.275184791434205,1
10.180695496581357,1
10.154390317598166,1
10.134258672824231,1
10.121162051560932,1
10.111704075231643,1
10.077001228275842,1
10.051754477490578,1
10.03484440017863,1
10.029457461895664,1
10.053164625929599,1
10.084693906955783,1
10.124183631127876,1
10.156717293847686,1
10.071916514188002,1
9.996623301109329,1
9.925220745802719,1
9.847028838779405,1
9.699447018836453,1
9.55625657756556,1
9.415274525041408,1
9.279923382865464,1
9.170386037003496,1
9.062964059808223,1
8.958393238034038,1
8.872562908740505,1
8.88413257028194,1
8.896249882088785,1
8.910749858676784,1
8.932472323006111,1
8.982140822028498,1
9.031665536171579,1
9.081507099972718,1
9.132615080909714,1
9.187008494838617,1
9.239836317036168,1
9.291290322657007,1
9.332831415420713,1
9.322720211407818,1
9.311495478097457,1
9.297755642754812,1
9.282280204812055,1
9.263748484073759,1
9.2438792687259,1
9.221290692884116,1
9.192235902158401,1
9.142082902825283,1
9.091022738302094,1
9.038012351574812,1
8.988171305237222,1
8.970672101550004,1
8.950594781438634,1
8.928759289372698,1
8.912652326887011,1
8.936954274782554,1
8.957078910627876,1
8.97416474417012,1
8.986015271740822,1
8.981743467345472,1
8.974370690732817,1
8.963845098650516,1
8.950584775937598,1
8.934590890972588,1
8.920915368426218,1
8.909218133375912,1
8.895531067794005,1
8.864185283854697,1
8.835108094667998,1
8.807939964383158,1
8.775870729679774,1
8.716739280370845,1
8.659082473784212,1
8.602738772179004,1
8.543778484843914,1
8.465035456211757,1
8.387841048092355,1
8.31118027599831,1
8.234852603266722,1
8.158670138151946,1
8.08246655773136,1
8.006105800097243,1
7.934142812594794,1
7.880660834354589,1
7.82684180533156,1
7.772760735282985,1
7.724515460921876,1
7.706636942840025,1
7.688046460095263,1
7.670229416003471,1
7.6423853395122565,1
7.568107403051642,1
7.496747780221535,1
7.428194798544235,1
7.372137262458843,1
7.358968091983041,1
7.350036653285982,1
7.3467478960303385,1
7.349791142888735,1
7.359820575081384,1
7.377437291965061,1
7.403171856118819,1
7.428161398283885,1
7.424055286863159,1
7.430089653313042,1
7.445818035002755,1
7.464538823752417,1
7.46483923458324,1
7.475809648520922,1
7.496520488584846,1
7.521642707138518,1
7.534782828028979,1
7.553825890051985,1
7.577865987547892,1
7.603253934931824,1
7.619556624169171,1
7.636760875623103,1
7.654155564715776,1
7.675032474855097,1
7.709647662496132,1
7.742995734723705,1
7.774617366451368,1
7.808089573491633,1
7.854366227828615,1
7.897410389686543,1
7.936718013902273,1
7.9739476037277335,1
8.01451286085322,1
8.049504467674094,1
8.078557927779316,1
8.096533386971004,1
8.092659154356799,1
8.085579686702456,1
8.075499999327041,1
8.086397121857592,1
8.176901694571992,1
8.265160709319819,1
8.350866154064555,1
8.408682571674372,1
8.385019219269527,1
8.36470819397968,1
8.348243871144026,1
8.32616891115914,1
8.267871421966575,1
8.203713888057678,1
8.133838847556992,1
8.08046444971845,1
8.09349241393484,1
8.099641762031068,1
8.100042539837398,1
8.107820244918559,1
8.152889373608419,1
8.192482662039872,1
8.227395466649005,1
8.236686742022963,1
8.177640354177068,1
8.115552147905865,1
8.050578186888162,1
7.99437090451494,1
7.973154888405753,1
7.954186002335479,1
7.9378317337262505,1
7.952717261375541,1
8.059907626902506,1
8.169360045898213,1
8.28191508880901,1
8.36090692119728,1
8.336485721406445,1
8.31410433549594,1
8.293100340926767,1
8.24937626944935,1
8.135482263232896,1
8.023172089423031,1
7.911534890393171,1
7.803419428965864,1
7.704325855803312,1
7.60522974018232,1
7.506030274742035,1
7.422106589683342,1
7.380882582123314,1
7.339095740027821,1
7.296936277257605,1
7.23923802560784,1
7.138061570691815,1
7.037609713485403,1
6.937763548216492,1
6.873230106907218,1
6.905070226085997,1
6.938530907451719,1
6.974998708583974,1
6.99251426691994,1
6.954880542102519,1
6.922238831284144,1
6.895350333943039,1
6.8717820941880055,1
6.846872508690423,1
6.829869822119703,1
6.821570024992632,1
6.828708933624487,1
6.862263179093555,1
6.905390109746662,1
6.958350872604424,1
7.024166426557921,1
7.107826410717263,1
7.200586560070831,1
7.3021018213460005,1
7.409216152666371,1
7.51735332161695,1
7.63156833694979,1
7.751090181354072,1
7.857443030924938,1
7.9226370846706775,1
7.990126669191008,1
8.05894782394208,1
8.140416482680598,1
8.25127597408499,1
8.360749119253496,1
8.468156903338834,1
8.563325659893358,1
8.632064151507647,1
8.697029530616753,1
8.75762863996083,1
8.81057224370852,1
8.851085712459781,1
8.886137694092413,1
8.915457756599153,1
8.982506883304277,1
9.145904007223914,1
9.302925691581878,1
9.453234487602995,1
9.64047264993697,1
9.92211654602181,1
10.196212016432428,1
10.463026426712569,1
10.661198788056037,1
10.714481419785027,1
10.762285160147252,1
10.804998624467613,1
10.827752716039413,1
10.810956362125763,1
10.787965517943304,1
10.75913966183791,1
10.740926589684463,1
10.752899727198866,1
10.759827323839437,1
10.762167274439213,1
10.761667016030117,1
10.759711449661781,1
10.753453483799111,1
10.743249735519479,1
10.719053604637061,1
10.670277148989431,1
10.619970123400146,1
10.568477712097902,1
10.511516445044395,1
10.44491960510065,1
10.378969231790272,1
10.313877556605815,1
10.253629449372191,1
10.202508668245718,1
10.152629018781294,1
10.104000960963534,1
10.07599934833323,1
10.089063670187782,1
10.103218709106065,1
10.11829325346419,1
10.134101798281696,1
10.150456824352567,1
10.167176405847227,1
10.184091947268913,1
10.208960326579277,1
10.249551715542209,1
10.289961693473913,1
10.33014444477271,1
10.37408116118312,1
10.425697437483603,1
10.47723527958051,1
10.528851860057777,1
10.57674250143375,1
10.61735348147991,1
10.658817602615288,1
10.701488595395602,1
10.725485585250201,1
10.712458997800756,1
10.701867717473917,1
10.694198143199053,1
10.698151019390886,1
10.72163432645541,1
10.749605184193936,1
10.782571900154307,1
10.816887642303147,1
10.849390088837518,1
10.888259198342828,1
10.933867954404985,1
10.98652978759144,1
11.046490257853884,1
11.113920063831753,1
11.18890960494597,1
11.246482391893336,1
11.266090377307115,1
11.293436269948874,1
11.328326977337884,1
11.306151053150392,1
11.172848107979123,1
11.043422671085523,1
10.917511875905962,1
10.800556794305628,1
10.697127214279492,1
10.596791160395094,1
10.49944455360423,1
10.43585040778909,1
10.43006049886321,1
10.428115638951962,1
10.430148479758607,1
10.452019895937926,1
10.50399738741501,1
10.558233632969094,1
10.614888358409388,1
10.682313676524231,1
10.765075537204424,1
10.84859574964569,1
10.932999323841257,1
11.007763090497912,1
11.064139468276093,1
11.119537541483384,1
11.173863102735362,1
11.208605342628088,1
11.211544779940574,1
11.213308839289711,1
11.213348433322201,1
11.249700834651815,1
11.347140071278101,1
11.441497384367644,1
11.532533251659713,1
11.539922335064098,1
11.41690098510972,1
11.296028612301267,1
11.176708118348529,1
11.081644021419805,1
11.02270313918075,1
10.961135728569403,1
10.896715014450695,1
10.873587385963491,1
10.917300767691914,1
10.956756518282795,1
10.992026694556381,1
11.013716691052817,1
11.016296277171623,1
11.014935969082876,1
11.009897900506342,1
10.997709244718717,1
10.979063549948286,1
10.961099783100003,1
10.943974240835892,1
10.928125221404887,1
10.91385146201027,1
10.900692245597858,1
10.888627655661383,1
10.85877035310977,1
10.801166499324795,1
10.744374243267162,1
10.688297067426094,1
10.61858073548968,1
10.527942691697401,1
10.437681620215566,1
10.347680318385896,1
10.24351342808621,1
10.118165320736038,1
9.992835588573177,1
9.867464994894108,1
9.756390369795017,1
9.666306325382847,1
9.57615430340545,1
9.486033906460989,1
9.415358328479073,1
9.373013651302369,1
9.331337686869032,1
9.29067248823719,1
9.231999801114599,1
9.14732198415801,1
9.064948826957117,1
8.985413280136147,1
8.953350086302608,1
8.987796896635349,1
9.026956069335409,1
9.071401786021422,1
9.106871008860978,1
9.12796351236033,1
9.155908777119167,1
9.191142211563006,1
9.22412134142763,1
9.251394404136688,1
9.286917134744645,1
9.330821312437548,1
9.373265507209583,1
9.410675730517276,1
9.456446921939273,1
9.510323648111855,1
9.532979833823065,1
9.507827003096875,1
9.486138215638857,1
9.46750229262822,1
9.444874744783286,1
9.416634946043954,1
9.391817718147887,1
9.37032059832031,1
9.343445369751665,1
9.308603800206651,1
9.277378371246563,1
9.249946408618714,1
9.245653967924186,1
9.268873497127242,1
9.29418526867689,1
9.321795025402572,1
9.343764334193743,1
9.355918259061024,1
9.367596197250638,1
9.378250893899686,1
9.412261047364304,1
9.477626767707868,1
9.54344955124552,1
9.610090576218221,1
9.644102435299393,1
9.635771305812884,1
9.626661773871628,1
9.616040454565074,1
9.65933974527966,1
9.76914067943505,1
9.875139982386546,1
9.977224167892224,1
9.98912598346813,1
9.8970835197653,1
9.808911004866953,1
9.723915055146628,1
9.660982623502205,1
9.619354300253335,1
9.573217294172675,1
9.522646672219034,1
9.503336631452015,1
9.522392409487415,1
9.536790934540651,1
9.546665114076943,1
9.54513076461325,1
9.531303969703295,1
9.513966280339924,1
9.493424718802363,1
9.463962492638812,1
9.427457968005074,1
9.392197015522445,1
9.358362628540801,1
9.321016932224703,1
9.279436354764183,1
9.239541670829107,1
9.201313979734293,1
9.164687574684736,1
9.129555228718429,1
9.095774450149566,1
9.063174502707323,1
9.03156436180083,1
9.000740581534865,1
8.970496016951248,1
8.940628372026177,1
8.89981258352174,1
8.846551665801687,1
8.793212442851766,1
8.739690983319832,1
8.708258146914442,1
8.701295336288501,1
8.694069505148878,1
8.686695955766345,1
8.679353043890574,1
8.672282772315048,1
8.665790281711844,1
8.660241915944804,1
8.644794557029343,1
8.61881812490853,1
8.595219618128537,1
8.574559636541103,1
8.551590774210938,1
8.52664853165304,1
8.506427439661014,1
8.491559757448286,1
8.465434036649931,1
8.42764862875253,1
8.397109772525672,1
8.374160822928514,1
8.382463778797797,1
8.423259873283547,1
8.47264786990218,1
8.53074282266819,1
8.609307961137715,1
8.708426468054718,1
8.81560747436252,1
8.930499392676532,1
9.013476760131528,1
9.061219767451524,1
9.112733847749688,1
9.167555786647837,1
9.223998667693403,1
9.28115377338962,1
9.33971697732454,1
9.399350733744031,1
9.465238919718624,1
9.545136789124808,1
9.636305637842248,1
9.738941055189446,1
9.838891116083465,1
9.928210383611532,1
10.018580044697888,1
10.110000309405995,1
10.181335289827695,1
10.2316716066899,1
10.280905818163877,1
10.328642893133866,1
10.373223445045332,1
10.415008943492204,1
10.455491571608142,1
10.494804088698256,1
10.519052375297731,1
10.527642449611898,1
10.533412121780794,1
10.536200886841627,1
10.587107529755313,1
10.68334086374117,1
10.776260889429743,1
10.865535355574764,1
10.866124111936083,1
10.784797545783341,1
10.700691734796713,1
10.613415108545496,1
10.5621129232225,1
10.544155328258341,1
10.523058267443028,1
10.498598636038968,1
10.536336133668282,1
10.630165173762201,1
10.720047719801745,1
10.806017774746252,1
10.88376144560479,1
10.953516003391014,1
11.019389723418689,1
11.081640624042457,1
11.124347420155862,1
11.152418646265746,1
11.181329081877408,1
11.211182633131914,1
11.255494302401782,1
11.312878590533275,1
11.371492023642,1
11.43124871383569,1
11.447570804975044,1
11.425978830798414,1
11.405078846377345,1
11.38476679653518,1
11.33935425571219,1
11.272289366470332,1
11.20548636367163,1
11.138842955217036,1
11.085099099310824,1
11.04224416355096,1
10.999290250364236,1
10.956207204156968,1
10.9516348995428,1
10.979453671687468,1
11.007254041209755,1
11.035190135653297,1
11.050521767566558,1
11.055675098324144,1
11.061707429792662,1
11.068957190088199,1
11.071292285662173,1
11.070282822469137,1
11.071730330482927,1
11.076111152008258,1
11.024891826167755,1
10.929599111541856,1
10.838712738353086,1
10.752776081523413,1
10.678922884895606,1
10.616375782083471,1
10.560333168409942,1
10.511251690170011,1
10.535603171338353,1
10.619836935735618,1
10.711600841600967,1
10.810962784433185,1
10.93812014186553,1
11.088418895751108,1
11.24573084029848,1
11.409762023578443,1
11.463066325422323,1
11.429660743807974,1
11.39948980240456,1
11.372212289185859,1
11.346085942206276,1
11.322777100933877,1
11.303676421961478,1
11.288721034701773,1
11.316759261310853,1
11.378492392400888,1
11.444541489559917,1
11.514986995447108,1
11.591746960835655,1
11.67265389522931,1
11.755946153624837,1
11.841739226886393,1
11.895568351224888,1
11.924266869524088,1
11.952660047192794,1
11.98056774936301,0
12.006030866364151,1
12.02939894605426,1
12.051936465911707,1
12.073637079224534,1
12.079344890526889,1
12.072600829517528,0
12.063922821230793,1
12.053034285550487,1
12.092140331107657,1
12.16629131360378,1
12.237751584729258,0
12.306205417207702,1
12.25157107426559,1
12.111311517155803,1
11.970160784911803,1
11.82764846422091,1
11.7175039237534,1
11.630466217735615,1
11.542750820759316,1
11.453971565815763,1
11.549325069812719,1
11.769368293201813,1
11.985816547981857,1
12.198637414232792,1
12.238859588235394,1
12.159857296486667,1
12.076815955886925,1
11.989981286327849,1
11.958290326723745,1
11.965610537360964,1
11.973328320437021,1
11.981575487148096,1
11.977260053094408,1
11.964904005663694,1
11.9533183910598,1
11.942500135861001,1
11.896531826060817,1
11.827604812966737,1
11.759238722932137,1
11.691368516706373,1
11.652779346662392,1
11.63324143212316,1
11.613899674995235,1
11.594648522765445,1
11.57539691437543,1
11.55607250512403,1
11.53662916572089,1
11.517050391361872,1
11.511886045641667,1
11.51586365194409,1
11.51987771852766,1
11.524079843621308,1
11.50677966303749,1
11.47639925318636,1
11.446926008251035,1
11.418685478498446,1
11.406717734127772,1
11.405847682557026,1
11.407443802438138,1
11.411973598628327,1
11.419922790778596,1
11.431787154255806,1
11.448063613383445,1
11.469240759831223,1
11.466100316850012,1
11.450868399762237,1
11.441902260975573,1
11.439593206760081,1
11.451718235038616,1
11.475528120287168,1
11.506780360568454,1
11.545596574207154,1
11.585095559178889,1
11.62806080850939,1
11.678443066027214,1
11.736035825469969,1
11.788253904422733,1
11.837578514287761,1
11.89031005613555,1
11.94609371515844,1
11.995811846703182,1
12.043312679457948,1
12.093492979985594,1
12.146154618599192,1
12.198645683153158,1
12.252329041034768,1
12.30863712376668,1
12.367542960366743,1
12.433170689699073,1
12.502333665925976,1
12.572376313207961,1
12.643283351208108,1
12.719782292629176,1
12.799655707115237,1
12.88035266643691,1
12.962007832447751,1
13.020658779538596,1
13.065292641444808,1
13.108532152490953,1
13.150266987401215,1
13.171075336766314,1
13.179747746389804,1
13.186313926850321,1
13.190370360276399,1
13.305624978880223,1
13.478845625264261,1
13.64892651092827,1
13.815537275597132,1
13.823837669413862,1
13.749215829252481,1
13.67304402082575,1
13.594870749183569,1
13.556376444462742,1
13.536611277857423,1
13.513387504345197,1
13.486530366633401,1
13.473175283677167,1
13.464299131196356,1
13.450977336755475,1
13.433300061118988,1
13.42807438831884,1
13.427285308734684,1
13.4227258560353,1
13.414634956818917,1
13.418755637055844,1
13.42994904469323,1
13.441111328895449,1
13.452375605873272,1
13.480922192092432,1
13.518327973472697,1
13.556208666902316,1
13.59454928599697,1
13.625296439323526,1
13.652494714872264,1
13.679980549821178,1
13.707679767651328,1
13.735513614655842,1
13.76340568233278,1
13.791284494125579,1
13.819092788730524,1
13.83869676236293,1
13.854333813836405,1
13.86984255082141,1
13.885257126301061,1
13.8925200936965,1
13.896053771889084,1
13.899785403504428,1
13.903889396212291,1
13.900412431745481,1
13.89399233375534,1
13.88866465232935,1
13.884731031942032,1
13.898932535424022,1
13.922719690306549,1
13.949041068646604,1
13.97831097320073,1
14.010956358156804,1
14.04740637131308,1
14.088088695597431,1
14.133483339144972,1
14.150734372254465,1
14.158799875417511,1
14.172647569116828,1
14.192596112588806,1
14.21891680247409,1
14.251830546409403,1
14.291498368064405,1
14.338020150218247,1
14.393227814108402,1
14.455907401970483,1
14.5251438477424,1
14.600828278683602,1
14.613065743300995,1
14.599552791611153,1
14.589198078763264,1
14.581724939105467,1
14.588263775035024,1
14.603850376547511,1
14.62390599416242,1
14.648449261410265,1
14.640386640668538,1
14.62115982853497,1
14.605883748206224,1
14.594730664604395,1
14.56243798621449,1
14.522591644175693,1
14.485163342504695,1
14.450368767826355,1
14.398157662956104,1
14.339151350234243,1
14.281012059395524,1
14.223912877257403,1
14.155206693664319,1
14.081546193783876,1
14.00738249025742,1
13.932603308317043,0
13.849184165217611,0
13.76160689833389,1
13.672614931603562,1
13.581224270882212,1
13.554576515049277,1
13.551121632749389,1
13.545914689477824,1
13.539059706787434,1
13.429068305532757,1
13.28053265862651,1
13.130568082813417,1
12.978552902792746,1
12.862974288672428,1
12.76057745264069,1
12.65707591509618,1
12.551926578209871,1
12.554209926125965,1
12.594440585587767,1
12.632541672717249,1
12.668271691074263,1
12.715560729912943,1
12.763588112849902,1
12.807537223020459,1
12.848530256338746,1
12.820746064208928,1
12.770217348653189,1
12.719418547909083,1
12.668490987433488,1
12.620276791996186,1
12.573333733562214,1
12.526892308318068,1
12.48098585136469,1
12.435615895912475,1
12.39075766553834,1
12.346362576360162,1
12.302282729398023,1
12.276415129895188,1
12.256783568580444,1
12.23728339120619,1
12.218350768166403,1
12.136114254984653,1
12.033318505853943,1
11.93047953647155,1
11.827342634186584,1
11.74247747044236,1
11.663304616314582,1
11.584222002554943,1
11.505231915651958,1
11.435833032951498,1
11.36985596860397,1
11.30477065162689,1
11.240687434023666,1
11.205499056805671,1
11.180796272044486,1
11.158533973936974,1
11.139329665308994,1
11.114223338167164,1
11.09030019357905,1
11.07079977517209,1
11.056233734077967,1
11.047101086840486,1
11.043875831950809,1
11.046998086539604,1
11.057101299652821,1
11.05566797322841,1
11.056295636154003,1
11.064567050484726,1
11.080380244197663,1
11.11477839625201,1
11.159659421493716,1
11.212014442273587,1
11.27160020495398,1
11.31960429727145,1
11.36623117821738,1
11.416402508711775,1
11.47001526392573,1
11.493869994215006,1
11.510716007800998,1
11.529327727592202,1
11.549798392582634,1
11.563143421841433,1
11.579473726998422,1
11.600219738530654,1
11.624754081797297,1
11.625963141996868,1
11.619200548698938,1
11.610720838410034,1
11.600768459384105,1
11.552988592170257,1
11.494531246779813,1
11.434822983986798,1
11.374060535538003,1
11.314974411710573,1
11.253770803802604,1
11.189481368723689,1
11.120798779042723,1
11.067702577853623,1
11.016120408003857,1
10.9626119328791,1
10.903807186411054,1
10.946923927122699,1
11.011301178332209,1
11.073544639878005,1
11.135366269389795,1
11.027787115472005,1
10.885280366556147,1
10.750234670075276,1
10.62021755414208,1
10.57439547989869,1
10.540401867686267,1
10.500178252500453,1
10.45333340936982,1
10.454757594490996,1
10.464310267984494,1
10.469710069102856,1
10.47168959159478,1
10.456246070641441,1
10.435365314945926,1
10.412357660847467,1
10.387878454833041,1
10.346366403031071,1
10.301943990930372,1
10.258354299110488,1
10.215590617229324,1
10.174694491185226,1
10.135198010599678,1
10.09701854362813,1
10.060149784175453,1
10.024544155562124,1
9.990117608032458,1
9.956755318746447,1
9.925173487224772,1
9.863699873891967,1
9.797110584291914,1
9.730876675076692,1
9.66458055646392,1
9.608994316851314,1
9.555175557467864,1
9.501274482436282,1
9.447214413468185,1
9.392956372682875,1
9.338504965291866,1
9.283913514411015,1
9.229288334323943,1
9.203864297924754,1
9.185096831934395,1
9.167038730350873,1
9.151257668747192,1
9.10494967768859,1
9.055661644256991,1
9.008704129144284,1
8.964617076387352,1
8.972934779776844,1
8.995554009705291,1
9.022871445143526,1
9.055467256669695,1
9.093898465803694,1
9.138685674147254,1
9.190300378234951,1
9.24844981029464,1
9.354956666679225,1
9.476327588826587,1
9.60549507195538,1
9.746954916668809,1
9.771518336573648,1
9.786059252204328,1
9.80869701059368,1
9.840167687711997,1
9.78677138461941,1
9.720876683797286,1
9.658261336744326,1
9.598866705568504,1
9.535319085354892,1
9.474146299055347,1
9.41609631956136,1
9.361937386013425,1
9.271426927660507,1
9.18051891485849,1
9.09583840772726,1
9.018814008303472,1
8.935432680380398,1
8.851742391698417,1
8.768086170798506,1
8.682735753211993,1
8.651443553697574,1
8.627678036080646,1
8.603978360013194,1
8.578484669364334,1
8.606823267005176,1
8.640538994427672,1
8.672619170353174,1
8.702911261099516,1
8.715859812521845,1
8.724079994522171,1
8.729674020399168,1
8.733235255049797,1
8.670386804298865,1
8.594897606735064,1
8.51605843778095,1
8.43125203980315,1
8.372929984718517,1
8.31536789200866,1
8.25644629909815,1
8.195112449195143,1
8.203250160084671,1
8.221079786935494,1
8.237639125614239,1
8.24982136452764,1
8.419400103860188,1
8.605799927604563,1
8.7880915483027,1
8.967510962668536,1
9.099247209727768,1
9.222080455119325,1
9.34121051154057,1
9.459187140027055,1
9.497969504588204,1
9.52977961087283,1
9.563105547888426,1
9.598527736185414,1
9.616770592132227,1
9.634838881380073,1
9.654710497063551,1
9.676292481566417,1
9.699454001826743,1
9.724032874723889,1
9.749843043441869,1
9.78076906939638,1
9.710151489587505,1
9.631700127628049,1
9.553756704728336,1
9.475000024287423,1
9.493057821295842,1
9.522129348783928,1
9.551017714237954,1
9.583735473540344,1
9.513601440862985,1
9.435474337697798,1
9.357242452072555,1
9.27784132780399,1
9.242937253653226,1
9.212379699534052,1
9.182471484090641,1
9.154724456301391,1
9.073297643522098,1
8.98856400815549,1
8.906125397328235,1
8.824777440332195,1
8.81394543756278,1
8.812799055237933,1
8.81635338388427,1
8.82477565053478,1
8.861254861287374,1
8.906104755486924,1
8.957859308710201,1
9.01725656391731,1
9.073029694486968,1
9.13593638256232,1
9.206993859158239,1
9.288562713710027,1
9.302362036564704,1
9.31926804974859,1
9.34437449663599,1
9.378432684140535,1
9.342405832185554,1
9.30329011594335,1
9.267256494216909,1
9.234556682837205,1
9.176546236111625,1
9.118621564267606,1
9.062449473847366,1
9.007300582808718,1
8.975651958877036,1
8.948799584535664,1
8.925407136935828,1
8.905126429634898,1
8.907012849600356,1
8.916892807136074,1
8.934220795645587,1
8.961430439120578,1
8.941552620550102,1
8.92029514702079,1
8.900274393000254,1
8.882307578282322,1
8.86633168629476,1
8.850604511602924,1
8.833941877596033,1
8.81764109595075,1
8.750219810948368,1
8.678821930058097,1
8.605697825196286,1
8.531162454447049,1
8.377656985909233,1
8.21834480194452,1
8.057972026950697,1
7.891966816887648,1
7.822129236412574,1
7.75426705850457,1
7.685085864385685,1
7.613790454732332,1
7.617027433999144,1
7.6245280391420405,1
7.630794624432545,1
7.6333421076874926,1
7.794166946529467,1
7.960662951998103,1
8.124089816961124,1
8.285743941843034,1
8.384639385412134,1
8.47694850621943,1
8.565191035879586,1
8.650699951893369,1
8.678157251483814,1
8.705115528767319,1
8.733900173111847,1
8.765382060433375,1
8.767961920846604,1
8.771808847581985,1
8.777730991869886,1
8.786054205613487,1
8.784658523569375,1
8.784631719271548,1
8.786145810585706,1
8.789210557113865,1
8.78163087540442,1
8.774545582677085,1
8.768064297443823,1
8.763576730512819,1
8.699707652109472,1
8.634827101897843,1
8.56989182247375,1
8.504788206665664,1
8.439441709210303,1
8.373823834537216,1
8.307958398192627,1
8.241561832095845,1
8.187139172999842,1
8.133008904239325,1
8.079347094394825,1
8.026504781732585,1
7.929663268398386,1
7.83274061390957,1
7.738070953124728,1
