ood,violation
8.655597626077864,1
8.617056999086739,1
8.617379381603818,1
8.622811259476423,1
8.633965360180566,1
8.651412314372383,1
8.664260783171654,1
8.684509912708524,1
8.71259833415023,1
8.748765388716281,1
8.74783274724,1
8.75597310775393,1
8.773213884446958,1
8.799797308629886,1
8.869037145372594,1
8.946728337182423,1
9.032612635770846,1
9.126026932589495,1
9.109480453700298,1
9.098413257563084,1
9.091199134722888,1
9.086636538921514,1
8.969823134709696,1
8.85592193300012,1
8.743707325809046,1
8.633622433088096,1
8.584655053709806,1
8.538051918929996,1
8.494384449644507,1
8.454101251778937,1
8.432727488816006,1
8.412469255347286,1
8.39371370196732,1
8.376621032081157,1
8.350721608557828,1
8.324207579171372,1
8.297200987270859,1
8.270035652955983,1
8.254081424799901,1
8.23575993914254,1
8.215238881394226,1
8.192331309806054,1
8.151990967749903,1
8.109076355635976,1
8.062816347090997,1
8.013075568996818,1
7.937297894371631,1
7.859406664396738,1
7.778222194507676,1
7.694350607984159,1
7.630100441745692,1
7.56397510021196,1
7.495203189828967,1
7.424125208590243,1
7.4462910515959155,1
7.4638141298792915,1
7.479043562317594,1
7.494121617222558,1
7.628578089458316,1
7.756403631747544,1
7.880190388710508,1
7.9975226479766555,1
8.030096387652259,1
8.060433419407913,1
8.088067436650688,1
8.11329543510473,1
8.128684100277324,1
8.147555875222627,1
8.16951485703151,1
8.193404266868136,1
8.186979910003087,1
8.18377367333651,1
8.183205830460844,1
8.183774337169217,1
8.153223884226714,1
8.125109040033404,1
8.098792622873244,1
8.074409828740768,1
8.062653911928992,1
8.051675140987252,1
8.041462161351951,1
8.0291451657606,1
7.97411163919105,1
7.919299313529111,1
7.864566317335132,1
7.810040582633783,1
7.767047425151318,1
7.723524756899746,1
7.6800155697848185,1
7.636672426389719,1
7.593720594459437,1
7.551459446319818,1
7.510262229741798,1
7.46955445409076,1
7.4086622947328555,1
7.350816069815781,1
7.296160453096409,1
7.246741991442759,1
7.235730793490354,1
7.229084623448862,1
7.228509928969956,1
7.234703532976834,1
7.248322049721282,1
7.269963041584031,1
7.300146759326169,1
7.341159694400616,1
7.436353135315756,1
7.539183799531628,1
7.651171322424544,1
7.766619874243185,1
7.818072779326198,1
7.879340901232691,1
7.949530188147359,1
8.027082362780678,1
8.08927392737795,1
8.15651688434159,1
8.22756504933744,1
8.296302799290451,1
8.252198244005518,1
8.213312636299994,1
8.174884381560267,1
8.13334881614167,1
8.039380166656004,1
7.946074265292455,1
7.851686137849158,1
7.753185144261105,1
7.610451856392183,1
7.4669069211621615,1
7.321321798986523,1
7.177724822240633,1
7.0879325463097995,1
6.99330295615826,1
6.89469827990532,1
6.790711752569428,1
6.675264281110009,1
6.55903837485013,1
6.44304637886912,1
6.330437093224927,1
6.247055032398778,1
6.158442144293321,1
6.06594522018284,1
5.972160868174636,1
5.878251822350652,1
5.783838777485366,1
5.686587012179108,1
5.597240533758363,1
5.647045880704926,1
5.687274257925172,1
5.721873616986406,1
5.757329588441273,1
5.877808376698348,1
5.990412478987308,1
6.098183563942585,1
6.209100619322594,1
6.412604049253484,1
6.608501824557,1
6.7999754783503645,1
6.970960075602141,1
6.986771812136785,1
7.002215225519779,1
7.015431677751025,1
7.017878498533971,1
6.947090569219736,1
6.87984861652187,1
6.815794659248802,1
6.754920221432005,1
6.697591439726135,1
6.643782605152975,1
6.593461884012641,1
6.557906147823505,1
6.668040968678752,1
6.7751644015920425,1
6.885058323259651,1
6.982963881768978,1
6.97014548449249,1
6.959937022734964,1
6.950704251791786,1
6.922256656088277,1
6.678714753028373,1
6.445159664207872,1
6.2126001079544295,1
6.005847709888814,1
5.976677778868664,1
5.945924237490837,1
5.914701217864118,1
5.887419804333913,1
5.901956753681889,1
5.9151457781611185,1
5.929058718694411,1
5.93706267711453,1
5.897665342351479,1
5.861076406141259,1
5.827660770606808,1
5.796676326267849,1
5.760817058042774,1
5.73066917456244,1
5.707138490709765,1
5.699580069517818,1
5.786216280474997,1
5.877478987310856,1
5.978130475041258,1
6.080894483365599,1
6.144388933613754,1
6.218938685264489,1
6.303840393499415,1
6.401605329049231,1
6.528888796382718,1
6.664728632505288,1
6.809069612665505,1
6.939755614462124,1
6.909003925666911,1
6.888821263813777,1
6.8726846713155805,1
6.842502769685519,1
6.684184940775381,1
6.531424768483393,1
6.379554648947653,1
6.231239175879824,1
6.102736380907894,1
5.974916975901222,1
5.848462075809598,1
5.728715115499966,1
5.641762802407939,1
5.554891669264885,1
5.469357558267862,1
5.383390603124191,1
5.283018331529876,1
5.181149712130601,1
5.07809574522239,1
4.978147427460331,1
4.9008813058346155,1
4.820470716636915,1
4.737714177306752,1
4.661166760016201,1
4.626136799496786,1
4.587436750613268,1
4.545068973827575,1
4.484142414175036,1
4.329144626122095,1
4.1760368568658,1
4.021275472879907,1
3.8858673809649735,1
3.855180722646742,1
3.8241847970129275,1
3.7923512532242234,1
3.7767227845906213,1
3.8727611924907612,1
3.9627057431245656,1
4.05028699313408,1
4.120830747125042,1
4.118276395404291,1
4.116695524090581,1
4.115524719110325,1
4.155971133814806,1
4.462478727498916,1
4.777983032827436,1
5.108612172250977,1
5.398026906044419,1
5.442589456484511,1
5.498528873338376,1
5.562707613927365,1
5.604084987593569,1
5.517796655405059,1
5.435969943647968,1
5.35864973005917,1
5.294386028379403,1
5.283655693751254,1
5.275144222395041,1
5.270310247070122,1
5.283651837298289,1
5.376392107093143,1
5.468784579765767,1
5.562405530696111,1
5.656697431925774,1
5.75119963877082,1
5.845552035629324,1
5.939497753093715,1
5.992905987604033,1
5.871256525142377,1
5.751435059236215,1
5.6314640937037845,1
5.534061866502276,1
5.53738654279367,1
5.539063936381169,1
5.541310885134298,1
5.540401781775937,1
5.52298927287027,1
5.50826319694923,1
5.496759960296632,1
5.478398706550889,1
5.419145560289351,1
5.366357339730258,1
5.320358664407312,1
5.296988059339809,1
5.347466699136252,1
5.405622487053346,1
5.473621564858965,1
5.554068988566071,1
5.654048217227182,1
5.764323353347122,1
5.8849502581173345,1
6.011207820691506,1
6.1298189067993745,1
6.258134027436916,1
6.395271591449364,1
6.508245526028921,1
6.494298520015941,1
6.487543628785093,1
6.484243100395202,1
6.466466061432862,1
6.382544739945201,1
6.301043915385041,1
6.220381972700241,1
6.131504221309851,1
6.009176627494298,1
5.88722935680977,1
5.765095221601448,1
5.645757030430097,1
5.535911634721195,1
5.42392865671728,1
5.309962601630826,1
5.197175984134818,1
5.092947680166617,1
4.985814320515275,1
4.87615318279466,1
4.777647214616829,1
4.724024064264468,1
4.665636746999182,1
4.602899085919819,1
4.542980286154468,1
4.504063029895794,1
4.4595473134927435,1
4.409421784704981,1
4.359388596670085,1
4.324676156083045,1
4.286211555572207,1
4.243253594148868,1
4.211145709877436,1
4.227577495529282,1
4.237672778778391,1
4.241773826397859,1
4.258197696587539,1
4.330465701907231,1
4.39562918920725,1
4.454605569993491,1
4.511792898701342,1
4.576906364276696,1
4.635811285756388,1
4.689382566865677,1
4.727226079083575,1
4.727818808986772,1
4.7259591776530545,1
4.721854880237551,1
4.704320012012695,1
4.654767489429498,1
4.6122687084045735,1
4.576909955018873,1
4.5462976794398084,1
4.515187410794411,1
4.491258785570538,1
4.474197201829226,1
4.471852539982925,1
4.500531524888657,1
4.5345212727660575,1
4.573255976714823,1
4.607372976337073,1
4.619735431478832,1
4.63462607391914,1
4.651189543289075,1
4.665925520331506,1
4.6729279262545855,1
4.679967652192046,1
4.686563540596535,1
4.692387160454257,1
4.697216470045358,1
4.7009440394558695,1
4.703581207642881,1
4.705264385966352,1
4.7062551406303035,1
4.706940526373194,1
4.707828448290765,1
4.700669694030244,1
4.671056748123451,1
4.643543905451772,1
4.619258554366031,1
4.619863867383633,1
4.682816296898737,1
4.751797140414914,1
4.828222337889818,1
4.903698265241087,1
4.9638597990086755,1
5.033766469235498,1
5.113858723190449,1
5.195261298434366,1
5.263711560571605,1
5.343458600945457,1
5.434371826059067,1
5.530143424731153,1
5.621295422206646,1
5.722875018889952,1
5.834161461749352,1
5.945685565968118,1
6.041774313961092,1
6.1428299706145495,1
6.247908665153018,1
6.334744661498507,1
6.369534398522401,1
6.405007016562469,1
6.4401273244100405,1
6.472964750547703,1
6.500958640829224,1
6.526389413701347,1
6.548803043225915,1
6.5312316599126525,1
6.430490865966123,1
6.3402462780180935,1
6.261863297797211,1
6.202091010596157,1
6.162181555282753,1
6.127928983848117,1
6.100664285861047,1
6.070514232570445,1
6.015830893460679,1
5.958327285430663,1
5.897341887965348,1
5.84124283137524,1
5.801163414632949,1
5.756324966935834,1
5.706175682057247,1
5.666345684705711,1
5.656816874195281,1
5.642679723594935,1
5.623365279830458,1
5.590826881630351,1
5.535654667088811,1
5.474884432413229,1
5.408264306900381,1
5.366834335989985,1
5.390679589473823,1
5.411955776456606,1
5.430427835893988,1
5.46838155801695,1
5.551538966765092,1
5.630846962323523,1
5.706480517910263,1
5.760957466860529,1
5.775600530362789,1
5.789996850358236,1
5.80454312656723,1
5.790500288247031,1
5.7183836564598165,1
5.650260525387548,1
5.586485405519352,1
5.541621163663256,1
5.531863492052532,1
5.527618152862423,1
5.528726985403849,1
5.527237972308416,1
5.515194867516885,1
5.507078294942881,1
5.502415855158979,1
5.482121638238729,1
5.426687358269954,1
5.3733218218180285,1
5.321567512235807,1
5.274679981180491,1
5.235887180891874,1
5.197327891651321,1
5.158639285233183,1
5.171417458437237,1
5.285895090865132,1
5.399585714469704,1
5.512669063901295,1
5.584032416286215,1
5.574534330133062,1
5.565138726035815,1
5.556298093914827,1
5.544754518417507,1
5.527604911095051,1
5.512886873898976,1
5.5013914367068795,1
5.505567696918344,1
5.536817993867722,1
5.574016363234697,1
5.618008742746184,1
5.657842528133873,1
5.68397739790119,1
5.719158062767687,1
5.763980138254542,1
5.803257164478906,1
5.824262768440289,1
5.856400373990698,1
5.899792518283074,1
5.973558714637135,1
6.092707271506276,1
6.221345714376699,1
6.358820097906995,1
6.472703918416999,1
6.534525923715779,1
6.599837314296,1
6.6680101873177975,1
6.719923112695842,1
6.740241914988412,1
6.761156245413862,1
6.782011601733751,1
6.783325442068315,1
6.7500675921944735,1
6.714866321605295,1
6.6772510367752895,1
6.602731059590106,1
6.4701616235064625,1
6.3416415904395835,1
6.218135104675644,1
6.102674691505125,1
5.99958479288916,1
5.90934023625856,1
5.834380513877519,1
5.754417498841636,1
5.6414156427762805,1
5.527415297266126,1
5.4116358347393225,1
5.3124603875673575,1
5.241750672023694,1
5.167124405528163,1
5.088634901468229,1
5.036320207455018,1
5.030338817216415,1
5.0208408700283,1
5.007287901256197,1
4.95847787481375,1
4.860538915527112,1
4.765211751023269,1
4.671642282961104,1
4.621982824736276,1
4.641373258120774,1
4.66058102161181,1
4.679137766523225,1
4.739561518413647,1
4.864023947650052,1
4.982922943247218,1
5.0965755959030625,1
5.169626741600984,1
5.183035829567791,1
5.194164823667766,1
5.20346164633534,1
5.2033338812879055,1
5.19509506505229,1
5.193814360004545,1
5.1995560984917315,1
5.191134124007631,1
5.156317443280905,1
5.127239857088971,1
5.103728327334262,1
5.067984916406658,1
5.009969520097758,1
4.95645299128215,1
4.9066881221678855,1
4.864927064518162,1
4.832784205418866,1
4.803000215381694,1
4.774995396960486,1
4.748201997004024,1
4.722079490136383,1
4.696135521610257,1
4.670034342477841,1
4.656365461604358,1
4.661249794703356,1
4.665012508229001,1
4.66766385281658,1
4.691494901111589,1
4.746882097551928,1
4.80219538939657,1
4.85802025783422,1
4.928595985958949,1
5.020752219999839,1
5.115946356094496,1
5.215108253759902,1
5.3095784197509,1
5.39649086628175,1
5.489650877159638,1
5.589829347779738,1
5.669558580537393,1
5.718194350763617,1
5.775795172686482,1
5.842896620794245,1
5.901141997950271,1
5.9438744052064125,1
5.997362879898937,1
6.06166483194275,1
6.159689307360119,1
6.298999338423088,1
6.447357615671682,1
6.604116477527629,1
6.624245136772379,1
6.456075873820536,1
6.293792073127769,1
6.137190989674865,1
5.99659525883162,1
5.872873010618925,1
5.750167820251014,1
5.628208924257696,1
5.511401049485232,1
5.4015268210125,1
5.29278842631838,1
5.185460079793154,1
5.086424229507565,1
4.996542219228756,1
4.9072133525169805,1
4.819027771561567,1
4.746432518706487,1
4.691161522774938,1
4.634436492365094,1
4.577024576431917,1
4.532322596876967,1
4.502437447246014,1
4.470424351768353,1
4.4366349272380265,1
4.414511638988033,1
4.406281226041733,1
4.394781719521294,1
4.379757639226143,1
4.303555045411042,1
4.155426043132592,1
4.0073499215656545,1
3.8589944421839295,1
3.7556960789370843,1
3.708665184194382,1
3.660944699571558,1
3.611815039780819,1
3.603625625626407,1
3.6477480073041124,1
3.692111445853809,1
3.7360165199598376,1
3.8988503627584548,1
4.203701919215613,1
4.505692899332517,1
4.804581393122294,1
5.045022386185252,1
5.219244089894428,1
5.393924368502505,1
5.5690358667624436,1
5.661800007996998,1
5.661768127101921,1
5.667809606268288,1
5.680062373816906,1
5.627542549965737,1
5.497414979055228,1
5.371269146776601,1
5.249378542982446,1
4.997249298657362,1
4.5959355235277535,1
4.201021169504579,1
3.8142614816042233,1
3.6678657363571,1
3.788751588214055,1
3.912871702021031,1
4.039041733045758,1
4.294206484584751,1
4.69528740682917,1
5.098457435634413,1
5.502997147876399,1
5.686356502887912,1
5.62322560048171,1
5.559596044441945,1
5.495446637541826,1
5.43084992684927,1
5.365978012647969,1
5.301110229347172,1
5.236635692222921,1
5.199606349935849,1
5.19297881127209,1
5.188770033833261,1
5.187814523849405,1
5.164073385305406,1
5.116442505006091,1
5.074736468511333,1
5.039984255066643,1
5.029469621895658,1
5.045064262533283,1
5.0703444253667485,1
5.1059924752190655,1
5.157927221149607,1
5.226746386570238,1
5.306663967693709,1
5.397869301717808,1
5.489660188707559,1
5.581457860568748,1
5.6835259089869385,1
5.7951770504959,1
5.835009111054054,1
5.797818272879277,1
5.764583607229529,1
5.734647906138253,1
5.648526376466929,1
5.504180564366636,1
5.360384567872537,1
5.216770087393057,1
5.07781919497146,1
4.944423660918218,1
4.812356968941813,1
4.682051445625949,1
4.571097598743877,1
4.476786209089945,1
4.382149853824047,1
4.287594871681775,1
4.190118102073482,1
4.089183088259362,1
3.988366888835496,1
3.8891097148349862,1
3.806371653013166,1
3.735526526422673,1
3.662256089651913,1
3.5865545063933166,1
3.522296756972488,1
3.468533379397266,1
3.4116427881188414,1
3.3511869319216445,1
3.3068127488202834,1
3.2817710632748787,1
3.2574228099101004,1
3.2324411780011695,1
3.2311909797891016,1
3.2576123043338576,1
3.288294666230934,1
3.3216543598259283,1
3.3809956165056514,1
3.4594955045752767,1
3.5328198579260937,1
3.6008119050101226,1
3.688472568619286,1
3.793273875529705,1
3.892144202611661,1
3.985871162517976,1
4.038165396441538,1
4.0538300044777,1
4.066611747603257,1
4.077019585648065,1
4.066971302658097,1
4.04808853860885,1
4.040013450111449,1
4.042781397282513,1
4.050973441744058,1
4.064882238036454,1
4.0886006435964735,1
4.121432517582651,1
4.156751916558943,1
4.194255478835778,1
4.238011511825371,1
4.287168177465935,1
4.334500311188184,1
4.380223506453522,1
4.428436615657695,1
4.478332066362102,1
4.529182383754686,1
4.580353643936135,1
4.6313197092476965,1
4.681669276223703,1
4.719264827177423,1
4.745839184144634,1
4.771298279938205,1
4.7956931963793945,1
4.819200043247596,1
4.842117886092541,1
4.864866953402897,1
4.887980268791514,1
4.912096790391302,1
4.937949161571823,1
4.9664405063584,1
4.998175986088594,1
5.028200926722891,1
5.0584689421754705,1
5.094896093206332,1
5.1383946583093225,1
5.196026254814067,1
5.267332889416756,1
5.348053077844349,1
5.438402598270902,1
5.5328986483683815,1
5.632713066961319,1
5.7431013248929395,1
5.863858920800913,1
5.982750403800335,1
6.102087501982025,1
6.230776681400568,1
6.36817381420649,1
6.469775727157169,1
6.5419903075760955,1
6.6174200823521305,1
6.695470637091487,1
6.741929075842517,1
6.764165856895281,1
6.787579378054793,1
6.811850041060924,1
6.805632512419709,1
6.779482770103658,1
6.758045511405094,1
6.741701501299645,1
6.715656840493182,1
6.679195129009738,1
6.642515710438773,1
6.60578939217117,1
6.561735740369958,1
6.510609261718421,1
6.457460355343564,1
6.402340508206365,1
6.354073063626527,1
6.310111624562204,1
6.264257868625184,1
6.216879711391378,1
6.171692132697455,1
6.126172321512884,1
6.077478161488747,1
6.025695849346416,1
6.019679961302079,1
6.044977448170084,1
6.066586091483578,1
6.084100947290291,1
6.0444253782302315,1
5.966571561590127,1
5.888132878323856,1
5.808462665511252,1
5.770407572842933,1
5.76233672930138,1
5.753924936861577,1
5.744722964606536,1
5.803338521394804,1
5.906767351884014,1
6.007025398164762,1
6.104113393088889,1
6.176737019858814,1
6.230923657407774,1
6.2813801933106275,1
6.328502029760094,1
6.33747394237138,1
6.325524712184367,1
6.317937649850898,1
6.314847442408444,1
6.323578585588941,1
6.341989017392246,1
6.365124124312704,1
6.392700242224863,1
6.410722168988136,1
6.423380134909959,1
6.439223383974285,1
6.4578286864192,1
6.451220325363287,1
6.428644159440657,1
6.407589168771,1
6.387670424664647,1
6.361635942256782,1
6.331644373996224,1
6.301820714360469,1
6.27191649964418,1
6.207400486701262,1
6.120876023273148,1
6.034064435622777,1
5.946955010449624,1
5.79795699626524,1
5.610557450098612,1
5.423614204127139,1
5.237398295317787,1
5.175155000735302,1
5.190652585267801,1
5.208668639528467,1
5.230041810877473,1
5.331976663627952,1
5.486281007201637,1
5.647177213465521,1
5.8152974923536025,1
5.779968933788393,1
5.6258934382592285,1
5.481800898122549,1
5.348893169360647,1
5.269890160582964,1
5.228176225467738,1
5.199401205406456,1
5.183963804323787,1
5.2223720367467275,1
5.296253055608679,1
5.380961441330272,1
5.475799160204904,1
5.412168656613321,1
5.25766791732418,1
5.109046075399168,1
4.965807387879203,1
4.916099497273951,1
4.919248583984275,1
4.923387593800837,1
4.928240464121912,1
4.901169148297986,1
4.856714726499883,1
4.813245548253613,1
4.771273725072738,1
4.811231002844552,1
4.896239577455569,1
4.97989045682964,1
5.0610474284029685,1
5.156687041331656,1
5.267537431939038,1
5.383212701584482,1
5.501215236055517,1
5.697495050493158,1
5.936408967080521,1
6.173254049060256,1
6.406030813970652,1
6.5479861292737604,1
6.635094306108755,1
6.712924701674799,1
6.78171458479315,1
6.8277512005752605,1
6.856105320438559,1
6.873977839184225,1
6.88151580458443,1
6.8263570830076805,1
6.737518225406813,1
6.644426797671952,1
6.547868751833272,1
6.497800490028877,1
6.466347186706224,1
6.427440526519722,1
6.381764178525887,1
6.342473476441661,1
6.304013805601481,1
6.260788173092421,1
6.213279734876616,1
6.154089183657805,1
6.089003559647512,1
6.022905533297002,1
5.956350932253934,1
5.877924998806568,1
5.796279665642647,1
5.718292991776667,1
5.6443545136379925,1
5.5677468909953305,1
5.492202172864444,1
5.421288182129456,1
5.355010506067348,1
5.293271122108275,1
5.235872433970816,1
5.182526900157187,1
5.132865624245837,1
5.109104651355722,1
5.099027648175172,1
5.090874544638103,1
5.084367343675235,1
5.078864785961995,1
5.073864575807874,1
5.068921753473234,1
5.063659543510296,1
5.065290163173144,1
5.069596722073542,1
5.0729857177591,1
5.075532749608108,1
4.994732186646559,1
4.875522520638178,1
4.756243241115263,1
4.637140473123532,1
4.578807955427811,1
4.548843935489741,1
4.5211762789655,1
4.496614947419701,1
4.4837649157483686,1
4.479545596801295,1
4.481648219181428,1
4.491214777346479,1
4.47088590562346,1
4.443235571330691,1
4.426248875881068,1
4.420851090673752,1
4.435384490725834,1
4.465974148720499,1
4.50959759015391,1
4.566253984638911,1
4.664614727912188,1
4.786759589218777,1
4.9193257811748365,1
5.061373196389736,1
5.2241465224164685,1
5.397725914104037,1
5.575682562807045,1
5.757254850524947,1
5.896311948982469,1
6.017930914302723,1
6.139785533660664,1
6.261047541031658,1
6.373991228617899,1
6.483004541525783,1
6.590156525412184,1
6.694545570252785,1
6.723260060321617,1
6.719266130422276,1
6.711849173451218,1
6.7011008213721395,1
6.6641647870247125,1
6.6152098087095315,1
6.564095593488393,1
6.510923126854351,1
6.525239697848872,1
6.601119882353013,1
6.719014852665192,1
6.880558669001566,1
6.805101144159758,1
6.635426599307826,1
6.47322836994139,1
6.3171328599736,1
6.249104320413523,1
6.21914891645043,1
6.198243362182666,1
6.187991507496351,1
6.1748427506333075,1
6.156629793655641,1
6.136954880385424,1
6.114968590149548,1
6.129217052444321,1
6.154516461595036,1
6.176111045701683,1
6.193379185930989,1
6.302187196986934,1
6.442650798307168,1
6.5799984845611155,1
6.714698624405316,1
6.784785343429558,1
6.8290642953211815,1
6.8692102537292845,1
6.906322516580926,1
6.876318060989824,1
6.826431792613463,1
6.77940576611523,1
6.7356565512532685,1
6.679655193908825,1
6.621943231256187,1
6.567817843450745,1
6.517121336136424,1
6.495275242288152,1
6.485444337981713,1
6.478674385731503,1
6.474466995815717,1
6.489716454594761,1
6.512509160080685,1
6.536730631718535,1
6.5620542508367565,1
6.5793732377051555,1
6.594304173045322,1
6.609149106568408,1
6.624096142066832,1
6.621392963581612,1
6.61290134986777,1
6.604043872732726,1
6.595141938672756,1
6.568676215275006,1
6.5370066003068406,1
6.505761216293278,1
6.475472275417745,1
6.437718619685405,1
6.399202544404421,1
6.363179796818597,1
6.33019153516376,1
6.361658276183429,1
6.416849038991486,1
6.47781679558887,1
6.546255705317576,1
6.567783342002972,1
6.581866206787615,1
6.604361525747556,1
6.635982216363248,1
6.668106489353275,1
6.707561190831014,1
6.757085058110042,1
6.816995109604948,1
6.845196074711694,1
6.871322812748361,1
6.907473376726992,1
6.953887614382843,1
6.880766199586591,1
6.774701155126742,1
6.672073651359411,1
6.572822900070203,1
6.442743239068805,1
6.306409498328275,1
6.17284331876167,1
6.041808276974996,1
5.928498959433473,1
5.821658112208788,1
5.717333595320045,1
5.6154095928534735,1
5.556455882244321,1
5.507755085525795,1
5.458876129520268,1
5.409684425368393,1
5.382300617358367,1
5.359533775753862,1
5.335822005414516,1
5.309232424688627,1
5.35556118443078,1
5.416698863700833,1
5.475758294075407,1
5.532585089414265,1
5.598290552667438,1
5.665297847043594,1
5.729884128258808,1
5.793157421945951,1
5.772642700066473,1
5.730891270005419,1
5.685818985077866,1
5.636137836640342,1
5.632078611567257,1
5.634714562285517,1
5.631798623181664,1
5.623070170858876,1
5.6685996169879616,1
5.7276538349797175,1
5.785039611624244,1
5.839431267318658,1
5.942676507883326,1
6.05473879477201,1
6.163719092256922,1
6.27085339335883,1
6.319837658130148,1
6.352718332793244,1
6.381466263127567,1
6.410632935576014,1
6.330404192829392,1
6.232072256037476,1
6.136178482967573,1
6.043063417849328,1
6.017069736155048,1
6.01106231201012,1
6.009911658902862,1
6.012663872241855,1
6.066822343990272,1
6.135161457648486,1
6.207180319923733,1
6.281177088907877,1
6.424475658341841,1
6.583504958072665,1
6.743944063219494,1
6.913244046371183,1
6.891012676006388,1
6.837525921480876,1
6.784277332779876,1
6.731055016010427,1
6.61307012866422,1
6.480808052385225,1
6.348502424244042,1
6.213111089009196,1
6.23093935309713,1
6.277725305585659,1
6.324960968268658,1
6.374260277434785,1
6.3856004004067,1
6.39213729299842,1
6.401276789041294,1
6.415997561502063,1
6.327167341158401,1
6.223805960619723,1
6.125973642192377,1
6.034033493998472,1
5.969360740277662,1
5.916226073121209,1
5.872207493730439,1
5.838468084850883,1
5.795977575484964,1
5.7615511416939995,1
5.739054067752434,1
5.728815499659607,1
5.731824204332906,1
5.746852917027645,1
5.773420633533312,1
5.8118389072320475,1
5.817440990981956,1
5.820035843570543,1
5.825778869598646,1
5.83487020735639,1
5.810616313881526,1
5.782878321078309,1
5.756445016113807,1
5.730682345363358,1
5.694496172334196,1
5.656512727113608,1
5.618317807152636,1
5.578868561804446,1
5.578427910501941,1
5.590160464959025,1
5.609840341127813,1
5.636658255326821,1
5.703727322430028,1
5.773352415792425,1
5.840409498256599,1
5.903479779493416,1
6.00355795302599,1
6.113044655583473,1
6.226876926112221,1
6.348869449536029,1
6.348255149301468,1
6.327049384882128,1
6.301526159822918,1
6.268836561020091,1
6.34781815655739,1
6.4375160044717825,1
6.5223964836332,1
6.602585654825642,1
6.664572124086947,1
6.719538513861645,1
6.769128407210013,1
6.814545583647605,1
6.7970473677941445,1
6.771415136269365,1
6.745059466733813,1
6.715819919503516,1
6.804573190485314,1
6.905492021197906,1
7.002521607331604,1
7.092507990871674,1
7.337715294026083,1
7.599272875613292,1
7.8579791566686765,1
8.130825440319507,1
7.96436601281068,1
7.755891195579202,1
7.547605877757162,1
7.33383544120179,1
7.244050147431069,1
7.166493916450139,1
7.091897465034012,1
7.020284416858964,1
7.041489472558666,1
7.078162693310623,1
7.117618025663775,1
7.162670779654892,1
7.132834899828397,1
7.098436631143459,1
7.065351444142222,1
7.034384588471417,1
6.971715247503825,1
6.906762690385255,1
6.8420842391741905,1
6.777870177197197,1
6.662769581660769,1
6.541577274297764,1
6.42037922949268,1
6.2957706839515835,1
6.307537574168828,1
6.331951103250292,1
6.356785179318252,1
6.384047805055296,1
6.369355579233419,1
6.353319989563777,1
6.339822203972252,1
6.329017216652044,1
6.3537726190996215,1
6.386357506507068,1
6.42459286724122,1
6.469534270270997,1
6.51076916634914,1
6.558938070851868,1
6.615468937165158,1
6.679819965914173,1
6.816599937900075,1
6.968086603594666,1
7.128680173927714,1
7.298256157868613,1
7.4789024188383175,1
7.6677083553821594,1
7.863982964658303,1
8.072973172401602,1
8.134133466874255,1
8.189922893674384,1
8.248534240399083,1
8.309724943418614,1
8.370858924079757,1
8.437572726477912,1
8.509925549132909,1
8.588359275857155,1
8.648241108507047,1
8.711434137343852,1
8.779638659681764,1
8.853099314787082,1
8.927465098409673,1
9.004286929663518,1
9.083906774984431,1
9.167436537475405,0
9.230369869939993,1
9.292060326424426,1
9.353171178738421,0
9.414806871298712,1
9.370465122072668,1
9.323919590331787,0
9.281537006815787,1
9.239635031821244,1
9.231800633038423,0
9.225834104525395,1
9.222691858689547,1
9.221488567679629,0
9.28156480631139,1
9.34926850944146,1
9.420947823337087,0
9.49796191708432,1
9.49845522788871,1
9.49291197820423,1
9.483395877682554,1
9.469830309696421,1
9.436201388969497,1
9.400267824174847,1
9.362621646354263,1
9.321493450429198,1
9.33780085120123,1
9.35111697762678,1
9.359074615295762,1
9.360831438018307,1
9.426835821447582,1
9.491915257356707,1
9.553209660323189,1
9.611489845463103,1
9.634886454976378,1
9.657970636807892,1
9.682452797722192,1
9.708811901295554,1
9.717841856106698,1
9.728112907205675,1
9.740302450724327,1
9.75414592007272,1
9.781028936630186,1
9.809933550546324,1
9.840285248840999,1
9.872645438132178,1
9.871684341056346,1
9.870650426485676,1
9.870296034061983,1
9.869890551501467,1
9.914839998666439,1
9.961529181437545,1
10.008311657025939,1
10.055613855791469,1
10.080042245951974,1
10.1040628240238,1
10.128288619970574,1
10.153287800436706,1
10.155990902425046,1
10.159002463196671,1
10.16313464354663,1
10.16874281246482,1
10.176229219703378,1
10.186037862245202,1
10.198648168892449,1
2.072613587793799,1
2.0722803432476127,1
2.0572956904625164,1
2.0457306367792,1
2.039669443941733,1
2.041196650642931,1
2.0062508674061945,1
1.9839295412210463,1
1.9768100624341285,1
1.9874377093996454,1
2.126417560514957,1
2.274717352895032,1
2.429922273658979,1
2.5896562405837438,1
2.6491160203885245,1
2.713813768087325,1
2.7818777886253163,1
2.851955420085093,1
2.8505424834792645,1
2.8543700985101887,1
2.8632579238289657,1
2.8772984273637445,1
2.8601405397198603,1
2.849458423777349,1
2.8463298524913467,1
2.8519747373726325,1
2.8410712258392214,1
2.833775651001491,1
2.8317837147337053,1
2.835932129555404,1
2.8102488858523405,1
2.7889857469955515,1
1.7736983669635507,1
1.7280931474640624,1
1.701281494168012,1
1.682994386546975,1
1.6769813703380188,1
1.685965707628179,1
1.6994835722089148,1
1.7322916024444728,1
1.7854320546818778,1
1.8590165528086466,1
1.9523000553796315,1
2.0638680311357196,1
2.1918680951012712,1
2.334220860603927,1
2.479049110072897,1
2.6327842476735297,1
2.793698363082871,1
2.959897084881131,1
3.048509316718867,1
3.1388910009000393,1
3.2288716044791306,1
3.317244898770895,1
3.266586836860141,1
3.2141147274765918,1
3.1577888233167157,1
3.0961421806573193,1
2.9377842694309066,1
2.776430238966622,1
2.611939821296039,1
2.444346393825322,1
2.234279116085156,1
2.032883611952345,1
1.8463939101423703,1
1.687305082982043,1
1.6541375652186028,1
1.620911953985816,1
1.5875941498395287,1
1.5570676505032883,1
1.6265260791696232,1
1.7045698628154873,1
1.7879499086780966,1
1.8733725490768274,1
2.05221395286883,1
2.235192201113881,1
2.4189471854854183,1
2.595492044646431,1
2.60618676107775,1
2.6127431225363202,1
2.6158960820894355,1
2.615650435804794,1
2.561981273171812,1
2.5026128214491656,1
2.4378264097282627,1
2.3706339094655267,1
2.548998039509018,1
2.7234215849655206,1
2.898257114154621,1
3.068582781856185,1
3.101870681879003,1
3.1334312289435595,1
3.162185434049207,1
3.1822775619330383,1
3.0379097591958586,1
2.8953404426322096,1
2.7548312179361116,1
2.6162431476855175,1
2.461825631405419,1
2.3193467609296556,1
2.191725345497419,1
2.0805674555060025,1
1.920674342132209,1
1.780513685228389,1
1.6605975629864733,1
1.5638716591371404,1
1.5053794867967607,1
1.4667890495941096,1
1.4470233904917216,1
1.444731883242159,1
1.4749661684728308,1
1.5179433767234314,1
1.5700060789523462,1
1.6264952480349184,1
1.6150959499833677,1
1.6171515988140925,1
1.6276940520966519,1
1.6450383021138613,1
1.6678642350467936,1
1.6952736529564683,1
1.7268079809215806,1
1.7612666817642166,1
1.7718803114007977,1
1.7793846408279201,1
1.7848138498332196,1
1.7899397741699652,1
1.824910087749649,1
1.868381251247467,1
1.9221953203541586,1
1.9868455442594206,1
2.025511055750436,1
2.0765128459176507,1
2.140910431358245,1
2.2195957849285533,1
2.305098014682257,1
2.4066649115582317,1
2.52420458043205,1
2.6578583366177413,1
2.8153533437166325,1
2.9865565785926975,1
3.170518747429952,1
3.3616785714764252,1
3.5002975892848385,1
3.648322492336822,1
3.8038632835622255,1
3.9581858114690003,1
3.936412158962772,1
3.9235478425140644,1
3.9122653123980524,1
3.9001457165463,1
3.8628048219246187,1
3.8282870474505275,1
3.795875209587274,1
3.768717692019404,1
3.7851781727932226,1
3.798851791527875,1
3.810350311275564,1
3.8194856462745213,1
3.826175828102206,1
3.8303401467663742,1
3.8321114653720803,1
3.837699559920065,1
3.905844061749287,1
3.9690258591942755,1
4.027378209756819,1
4.078909105207851,1
4.114120576900171,1
4.156942012514136,1
4.20442291640716,1
4.249733222626368,1
4.242458707807427,1
4.233611049752062,1
4.223413725238622,1
4.216326684487593,1
4.245089066492151,1
4.267223046248362,1
4.2843379057852955,1
4.299980358817922,1
4.351660836405323,1
4.396990207457457,1
4.436642727252492,1
4.470573297970961,1
4.500464621775347,1
4.5274028615790884,1
4.550799044849249,1
4.5758758887785875,1
4.6568057963939635,1
4.7305687297284225,1
4.799119167242441,1
4.853550524137541,1
4.814200309761236,1
4.775338751186285,1
4.736039871951394,1
4.690103633105073,1
4.589662034953284,1
4.494955787992778,1
4.405992268967214,1
4.322174094982048,1
4.235213974024731,1
4.154917808527468,1
4.081196109331019,1
4.014925296171418,1
3.9652801102130346,1
3.920988772875612,1
3.882227031601083,1
3.848220419435014,1
3.8182436785052687,1
3.791648146425297,1
3.7672564329722773,1
3.748485213826875,1
3.7707852986187618,1
3.7911109235133327,1
3.810789619455253,1
3.8117542160275577,1
3.6460734832961323,1
3.4868141488258293,1
3.32818636418666,1
3.2053836058740424,1
3.4173443980697997,1
3.62074053611917,1
3.8278231649771115,1
3.997766091855339,1
3.878340234841677,1
3.7638529743560936,1
3.6522328352878515,1
3.559180092267079,1
3.5873961015379754,1
3.619753544931455,1
3.660491565237894,1
3.7051895664646217,1
3.722497694797337,1
3.7518728073391916,1
3.793638509864306,1
3.843309301482267,1
3.8688315058920413,1
3.9098168308002794,1
3.965267974837897,1
4.034850527521959,1
4.116620151987025,1
4.208872141844313,1
4.31069114419778,1
4.3996691752910495,1
4.309335028715051,1
4.229505928765131,1
4.151026168647065,1
4.065345809629413,1
3.922540473559696,1
3.7829942163203354,1
3.6451177749021975,1
3.5109652628178236,1
3.389566412741023,1
3.267988082853324,1
3.146902935109315,1
3.042610734095027,1
3.0325020951440624,1
3.0177455156766513,1
2.999284822872426,1
2.9920344417694884,1
3.103034679979383,1
3.2598177385454323,1
3.4522580058225985,1
3.648423970066642,1
3.730101534386677,1
3.801709491563793,1
3.8621603754961527,1
3.9302361999156497,1
4.121642527353875,1
4.296806396733795,1
4.461046688496074,1
4.589852451276772,1
4.576605281920607,1
4.5538746187170505,1
4.519762992271614,1
4.461607815163714,1
4.316947651258164,1
4.176382412775312,1
4.039481709762677,1
3.932208255235904,1
3.9650848456906242,1
3.9849945205553743,1
3.9971301241085087,1
4.016902508001665,1
4.115812633225762,1
4.206482670843249,1
4.29156984317846,1
4.349346553127452,1
4.293936259368307,1
4.240133548484522,1
4.187230426296493,1
4.129463655119292,1
4.045002709495031,1
3.9682870549847733,1
3.899419931980527,1
3.835341067899006,1
3.7624731927715747,1
3.6978760374406456,1
3.6412846678775237,1
3.5944281245082017,1
3.5638208332459524,1
3.5401073726558665,1
3.5227630330529855,1
3.5086262063898155,1
3.490201967565034,1
3.4755122547368527,1
3.463470685474577,1
3.456812721936249,1
3.468573672777778,1
3.4797524468194285,1
3.4901153953373036,1
3.5064168991748064,1
3.555585750742375,1
3.601922862045932,1
3.646343512048944,1
3.683216641245364,1
3.6930627799092135,1
3.7022750369878206,1
3.711070965343176,1
3.731777945927484,1
3.806977974970641,1
3.8840135795408552,1
3.965235873153674,1
4.038898941016249,1
4.065589918337025,1
4.099677950149141,1
4.141617901217228,1
4.194556853808123,1
4.266254771505804,1
4.348265064242383,1
4.441278948511823,1
4.534419604182418,1
4.596060718709405,1
4.670268275860115,1
4.756701123268716,1
4.850639952106237,1
4.940548345182923,1
5.039950545305878,1
5.148178785367255,1
5.225073028817942,1
5.13702442838405,1
5.058564428761913,1
4.983655835516649,1
4.92178614508249,1
4.900335826815302,1
4.878866547280455,1
4.857068794402675,1
4.8056064285164535,1
4.6449925017806075,1
4.491515241881631,1
4.344252841997467,1
4.2325988333548015,1
4.222107172545873,1
4.207482254993526,1
4.189923537505171,1
4.184529680530926,1
4.230518832032811,1
4.274516850636272,1
4.315522993594664,1
4.33340053900301,1
4.295692215623035,1
4.2871922850212005,1
4.309892716925277,1
4.354555611542292,0
4.3706655247350525,0
4.383659185471951,0
4.392814338958276,0
4.399858268392658,0
4.412074418556646,0
4.4231699041967865,0
4.432072899516872,1
4.4317135635693745,1
4.410542928255616,1
4.390604058871815,1
4.370740993431278,1
4.373138691451523,1
4.45238920038652,1
4.528394372213939,1
4.60203301688347,1
4.68978382369214,1
4.827839099657729,1
4.9597053650392215,1
5.086429243734656,1
5.162840463678188,1
5.097131547891358,1
5.030774812310144,1
4.963830162038252,1
4.886327264757616,1
4.779905026093483,1
4.678176285027456,1
4.581623309909318,1
4.493304890298347,1
4.419130111495143,1
4.35123585509006,1
4.289723699043606,1
4.242578813221438,1
4.226323192876173,1
4.215453862195415,1
4.209597467800467,1
4.19953467159489,1
4.168544087185625,1
4.140560366832731,1
4.114877560400485,1
4.104251167527581,1
4.134994716645487,1
4.165077533487852,1
4.194473015926425,1
4.21999302562847,1
4.236266142152489,1
4.251184623615782,1
4.264705423760022,1
4.2798096753157475,1
4.301893830104159,1
4.32343479060923,1
4.34506297655316,1
4.370377759981787,1
4.405305314986083,1
4.44275288026479,1
4.483733949778154,1
4.517226019881556,1
4.523985670740874,1
4.537206546786336,1
4.557818648381576,1
4.574487953034489,1
4.568630913612407,1
4.573125902782203,1
4.5887950917081755,1
4.622271403923521,1
4.683734179657473,1
4.7571577230622,1
4.842602370266541,1
4.934281354401807,1
5.0229014493869695,1
5.1213169100754525,1
5.228815954975364,1
5.295140026712502,1
5.239841193396754,1
5.188745364902242,1
5.1402521953027245,1
5.080058762317621,1
4.986854701351168,1
4.8938744746334475,1
4.800539880821178,1
4.712818702105239,1
4.645156928260863,1
4.585752330850522,1
4.53580052458225,1
4.51148868221292,1
4.527576882121583,1
4.544968859618988,1
4.564236180093154,1
4.570699509843865,1
4.540836917010071,1
4.509357931183921,1
4.47637267010373,1
4.434489678933035,1
4.389265711669849,1
4.3662943113827515,1
4.362645271301627,1
4.375263314686627,1
4.399006795734985,1
4.430629594867749,1
4.467859737159541,1
4.469977994087734,1
4.381604911465661,1
4.287690922522841,1
4.188015964795139,1
4.109826139444334,1
4.098174557074755,1
4.098326862082777,1
4.111878458559857,1
4.1786839163966505,1
4.332100726658592,1
4.479848535934283,1
4.621866964077163,1
4.756826288577918,1
4.882515282419335,1
5.002496710313655,1
5.11704523414038,1
5.182923968672573,1
5.153924647948096,1
5.125502826285943,1
5.098180588913993,1
5.068920769676897,1
5.037140229275289,1
5.012074083990221,1
4.993919640442614,1
4.940964617980025,1
4.806428838439555,1
4.676656249756168,1
4.551901741111754,1
4.435898090740561,1
4.332475694162778,1
4.234172412738063,1
4.140742366682664,1
4.0770590299990355,1
4.06825005364845,1
4.06231767551746,1
4.05847977831926,1
4.052386020461608,1
4.039797994819276,1
4.027417344256631,1
4.014359416355577,1
3.989815441083915,1
3.943085648471994,1
3.895107801488898,1
3.8457257160610667,1
3.794914407651682,1
3.742791750694587,1
3.689628764070898,1
3.6358582766032996,1
3.6426861951759126,1
3.768587013015033,1
3.8986958940615297,1
4.0339666219017385,1
4.171563709522491,1
4.3088624810060505,1
4.453755034489607,1
4.607051253663875,1
4.722735916968984,1
4.760907112478779,1
4.809006260303075,1
4.867661193279797,1
4.9334835978876335,1
5.003555639572009,1
5.085154920535591,1
5.178197295630349,1
5.21937263762335,1
5.158409066020981,1
5.111420991491085,1
5.078504732644403,1
5.040685603988565,1
4.975767594530083,1
4.9133644237069705,1
4.852858117292907,1
4.780573518826787,1
4.6857917300214496,1
4.591729152901218,1
4.498323071490316,1
4.3907974079954775,1
4.258686969499129,1
4.128328545924988,1
4.000078224335222,1
3.8981833427278962,1
3.8386993537348704,1
3.780472608432595,1
3.7239341044438334,1
3.6787635733110147,1
3.6469782588428874,1
3.6133347996848095,1
3.577921671236469,1
3.5521083529840927,1
3.5427059887418144,1
3.530200302381595,1
3.5142322658167693,1
3.494781100812926,1
3.4732380252483077,1
3.449204224731858,1
3.4214577181056494,1
3.3707625376455383,1
3.2903027932977,1
3.2121297754292515,1
3.135344997095996,1
3.088545416669478,1
3.0928947820137376,1
3.1006419023691376,1
3.1106929716563205,1
3.1792542491970264,1
3.3370531955793092,1
3.4896785677616258,1
3.6368472062710575,1
3.7868810016324135,1
3.945311569008587,1
4.099191700601355,1
4.248832286456723,1
4.365042575433438,1
4.441662425846232,1
4.5303013356969615,1
4.630313377388413,1
4.5953982224092895,1
4.337133040655714,1
4.0804497406414235,1
3.8264280712688707,1
3.6226488635733083,1
3.4964697893844687,1
3.3775676304051743,1
3.2665380161360646,1
3.20376788102437,1
3.2118743320249012,1
3.2285201980170877,1
3.2525074602648827,1
3.274337372898242,1
3.2880933489795203,1
3.3056569781505045,1
3.3257708089125715,1
3.334888319526682,1
3.326236827407513,1
3.3176642641110052,1
3.3084408882698955,1
3.29795570601847,1
3.285734250484338,1
3.2714497549031263,1
3.2549359472172976,1
3.236195705153733,1
3.215410381881948,1
3.1929436877832105,1
3.169347348975926,1
3.1289256053375727,1
3.0653556323225732,1
3.003181308896279,1
2.9436262673345515,1
2.9131865387942106,1
2.923895331428438,1
2.9422042111470663,1
2.9699662046782858,1
2.9956161102339056,1
3.015318123881598,1
3.0481958122463304,1
3.095161692484637,1
3.1609560143939053,1
3.247185022483546,1
3.3477823610094575,1
3.462200008773504,1
3.5694894331740827,1
3.661640039689855,1
3.765300039544263,1
3.8792885467469147,1
3.9547832501555438,1
3.9704229754932863,1
3.9882071315410808,1
4.007349008080156,1
4.008303384735585,1
3.983863469591391,1
3.959220530598312,1
3.9338895793518995,1
3.9053089344227265,1
3.8719754109762423,1
3.8364630535278454,1
3.798763846533312,1
3.7630134649078424,1
3.7294184093657847,1
3.691128449983201,1
3.647888123385285,1
3.618651435284435,1
3.6082669945283263,1
3.591772009505853,1
3.5686416278386806,1
3.5617380055776566,1
3.578225218055559,1
3.588911091825604,1
3.59282873361974,1
3.588071997223407,1
3.573366613381386,1
3.5499478296337337,1
3.5180331690601876,1
3.4896140131121647,1
3.47054475944387,1
3.446744156742439,1
3.417579005476731,1
3.4199282687619856,1
3.462510446098443,1
3.499105069507408,1
3.5294151932183877,1
3.56749832312982,1
3.6146997362314286,1
3.654136750080164,1
3.6860386999969292,1
3.716140852095052,1
3.7460684974044307,1
3.7700446747033243,1
3.788693699437873,1
3.749559482463387,1
3.64629273141515,1
3.5440743629668865,1
3.4438537415283306,1
3.3397656852959714,1
3.234737828203163,1
3.1391560421700917,1
3.0535955754830724,1
2.9833762682641036,1
2.9299930827717366,1
2.889144281383113,1
2.860165994331767,1
2.8384178379324494,1
2.822058830959771,1
2.815301051249992,1
2.8169833856622697,1
2.816378278772723,1
2.8109214441862025,1
2.810046329853966,1
2.8124761823084117,1
2.8215926007996446,1
2.8366871019677804,1
2.8515017896985255,1
2.865155196568793,1
2.872412927251992,1
2.8723220862640195,1
2.8695527539223042,1
2.8639133927244904,1
2.864391708280869,1
2.872132209144398,1
2.8778094137125287,1
2.882137811722166,1
2.8628602583508105,1
2.818704446077711,1
2.775788971472055,1
2.7354574226297093,1
2.7086846081137583,1
2.697992754111288,1
2.695094787423713,1
2.701748037786943,1
2.7051751641511004,1
2.7061915096335714,1
2.721594287071445,1
2.7525304045608023,1
2.785932202627056,1
2.822443276871972,1
2.8768782736887686,1
2.9487855467721342,1
3.0485418728089453,1
3.1732278148030564,1
3.309036204605342,1
3.4544574858662043,1
3.5701616772942923,1
3.650527213110514,1
3.7328616098386003,1
3.8161782762352487,1
3.877131974842143,1
3.9144090041867483,1
3.949998278694148,1
3.983264888751331,1
3.9941575458064174,1
3.9857455039955414,1
3.978840743120389,1
3.97338524224066,1
3.989675462220167,1
4.022140455026585,1
4.049168618954859,1
4.069838692447249,1
4.1153681091820395,1
4.184608117152752,1
4.246504042331024,1
4.300752573397187,1
4.376377708116001,1
4.48381131233301,1
4.595979687128562,1
4.710164910261117,1
4.721990080077979,1
4.628184119589014,1
4.52431308292617,1
4.410841745927971,1
4.330515987749093,1
4.294490019806663,1
4.266762791226305,1
4.24698099955304,1
4.278872019346245,1
4.34629025063146,1
4.404226519488862,1
4.452954043087472,1
4.467459716654474,1
4.451487301311174,1
4.4294746408759655,1
4.402070864748227,1
4.334260421264205,1
4.229306771700938,1
4.120084311371031,1
4.007774126196566,1
3.91297886894406,1
3.8421836047074924,1
3.780980451200284,1
3.7303946287548118,1
3.6592780474320015,1
3.568647348551408,1
3.4864548500818286,1
3.413873881808072,1
3.3614490452812085,1
3.3290564372348133,1
3.3078945854626527,1
3.297549090363077,1
3.2642807952569153,1
3.2107434579496843,1
3.164953503898157,1
3.126251977412244,1
3.0771627049106076,1
3.0193835849486166,1
2.966500717035443,1
2.9176047606154496,1
2.893095544864328,1
2.8880466790657837,1
2.883222463934992,1
2.8772478852096235,1
2.8440303012841057,1
2.7877944023531587,1
2.7299888969230373,1
2.6701894781923485,1
2.6473722569441205,1
2.6540674412711938,1
2.6581241073337227,1
2.660642897663857,1
2.621991739463576,1
2.549591577980812,1
2.4783611033604354,1
2.4095064942776157,1
2.359747006706688,1
2.328213401632157,1
2.304782735541315,1
2.291609309650835,1
2.362307395002643,1
2.506404875072661,1
2.6668431034863986,1
2.8429463753115205,1
2.9524762504071727,1
3.013098606003046,1
3.089654313452748,1
3.1816272231026015,1
3.307123429185553,1
3.458853350501158,1
3.6201341984201214,1
3.7896994933817747,1
3.836262066378146,1
3.7874454407079434,1
3.7431006621513196,1
3.702342392145447,1
3.6945406351592527,1
3.709996691551228,1
3.7241203577509756,1
3.736042555191862,1
3.8429317533032443,1
4.022163264282239,1
4.198686958099076,1
4.37121833327875,1
4.437987594354375,1
4.425147063083086,1
4.408467092321746,1
4.388125446935362,1
4.329470219071312,1
4.240339512716016,1
4.146730815693591,1
4.049456172406939,1
4.072883252720903,1
4.184948339523432,1
4.293860022251759,1
4.3978826014967005,1
4.504994203438091,1
4.612055978217714,1
4.711383228362741,1
4.802135433357671,1
4.8894186975339045,1
4.970319893447394,1
5.040758400121126,1
5.100782746770527,1
5.117130641729329,1
5.099120776469914,1
5.070752786967269,1
5.032412020411203,1
4.994109910203461,1
4.953962406653916,1
4.906019733228131,1
4.850915430961651,1
4.838269359765844,1
4.855962442584243,1
4.871483281745402,1
4.885427717958162,1
4.847261723960941,1
4.774733437806384,1
4.703636853745915,1
4.63470875896532,1
4.567200341490714,1
4.504201326965179,1
4.448203565076813,1
4.399500475177139,1
4.383422940301721,1
4.392639812729789,1
4.410354240823892,1
4.436010780557606,1
4.422738757340636,1
4.385033667134354,1
4.352606725255572,1
4.32491463669698,1
4.294675595953189,1
4.2635866778052876,1
4.235303799968022,1
4.209138053044946,1
4.210837924523332,1
4.230025592788877,1
4.249095235233945,1
4.267554688796753,1
4.252169851044616,1
4.214937782625762,1
4.176526590338929,1
4.136832381721788,1
4.089355116951071,1
4.036714576527182,1
3.9832833399779513,1
3.9294900552335763,1
3.9153394836243365,1
3.9265400091682663,1
3.940155690383528,1
3.957130201203215,1
3.958462807848055,1
3.9529597788813775,1
3.954096371654011,1
3.963086687230841,1
3.9743168751407474,1
3.9915690580185386,1
4.019908386577712,1
4.06013039784194,1
4.079421017803319,1
4.092508007728145,1
4.119860623036136,1
4.161570632939754,1
4.255389779117479,1
4.383025670935477,1
4.520780336512563,1
4.667664957633223,1
4.751002869652273,1
4.798487082907044,1
4.8506257898260445,1
4.906498596310315,1
4.9844887043720085,1
5.075357281438303,1
5.166949468644037,1
5.258238215951185,1
5.344328349626144,1
5.425573993411256,1
5.503275425395006,1
5.5766621926433695,1
5.699609897676224,1
5.847885697127898,1
5.990185494652685,1
6.125770640366725,1
6.26736814554947,1
6.409180148636757,1
6.542906381992469,1
6.668068416616437,1
6.731117945908399,1
6.75678686490274,1
6.774293864949289,1
6.783901417074939,1
6.881899176086487,1
7.022140853146439,1
7.152019301920164,1
7.271431140387675,1
7.301527888183403,1
7.279249986630444,1
7.2465888681186374,1
7.203557673153722,1
7.137148639426938,1
7.054662093254704,1
6.9636788410664305,1
6.8647838299976875,1
6.784287361199545,1
6.709685474494621,1
6.628064665409919,1
6.540044301312722,1
6.444945065966922,1
6.34442236737664,1
6.239935893692719,1
6.1322049459457055,1
6.007207759109529,1
5.8737502755327045,1
5.740248134261285,1
5.6075622995188406,1
5.4899895672454955,1
5.382374364473528,1
5.278463482717868,1
5.178765381786768,1
5.076482750256837,1
4.975424672264453,1
4.879346141103583,1
4.788360879406722,1
4.709874870774868,1
4.640010431350069,1
4.57489798003741,1
4.51416138712895,1
4.472241578432802,1
4.440788005772481,1
4.411988307610743,1
4.3851880635524,1
4.374547129061129,1
4.3715377070516865,1
4.368554011000915,1
4.365131717027046,1
4.338835804442141,1
4.301292036378219,1
4.262616876599228,1
4.222709946261231,1
4.196193398969138,1
4.1753641635492444,1
4.15383506777161,1
4.132120645803763,1
4.096095426141203,1
4.0545057502460855,1
4.014905304658968,1
3.978286286096937,1
3.99052401514573,1
4.0285357970145625,1
4.073409745392005,1
4.126278639882173,1
4.157659369532633,1
4.185484966313908,1
4.224038802603227,1
4.274041440650582,1
4.336010056659624,1
4.410238913940942,1
4.496787057911048,1
4.595469764619294,1
4.713627752752037,1
4.845491566830041,1
4.986878059710755,1
5.137061475329463,1
5.191604806949723,1
5.205759431607054,1
5.222181085773945,1
5.240389306995385,1
5.228343431752453,1
5.206263048422356,1
5.187504020862103,1
5.172082679894222,1
5.144623460404273,1
5.11356810556166,1
5.085323657796901,1
5.060258945503142,1
5.0351641528569395,1
5.009177041957571,1
4.98342755331752,1
4.95841761069295,1
4.917952172671163,1
4.870403275446604,1
4.821062116834216,1
4.769056932600937,1
4.745261685916406,1
4.7324626676978765,1
4.717639681985714,1
4.699298128247942,1
4.710840574372705,1
4.742004634089638,1
4.779836909611957,1
4.822343267375606,1
4.839281876747872,1
4.844812578716006,1
4.849962311179167,1
4.8559340988369675,1
4.855217266625753,1
4.853266078191548,1
4.852413636135044,1
4.851752654872963,1
4.919440200223883,1
5.006608588301252,1
5.08679121692333,1
5.159763299217415,1
5.3157272566961735,1
5.499239173323842,1
5.678317650900314,1
5.854219308845542,1
5.932417169744786,1
5.9810166896698265,1
6.034007434179239,1
6.093032419847269,1
6.046918486582486,1
5.967237441179224,1
5.891203721602032,1
5.81907987924719,1
5.775772080175782,1
5.745835979386174,1
5.720800086584394,1
5.7005090770946465,1
5.684713815272308,1
5.673083520116163,1
5.665217639455874,1
5.66059329222034,1
5.667316418474909,1
5.679151552064922,1
5.692758879227563,1
5.707554640362481,1
5.731674708718161,1
5.758968643913602,1
5.7860844206398525,1
5.813057691946998,1
5.8309598420769735,1
5.845558957814659,1
5.859530846394086,1
5.873048640212732,1
5.877589670786899,1
5.87942823784915,1
5.881353059710238,1
5.883762999083255,1
5.921809754536734,1
5.972529021834181,1
6.025985391866053,1
6.082663368165924,1
6.16984734076665,1
6.270099910019335,1
6.376247869345801,1
6.489345658245813,1
6.582930236590919,1
6.67649102485536,1
6.77828353776407,1
6.890768390944413,1
6.9043505579356115,1
6.897901336348934,1
6.901750563482116,1
6.916631167898445,1
6.781324748447873,1
6.611526437299832,1
6.456032724731013,1
6.314674534954282,1
6.232729032358323,1
6.170123262467507,1
6.11298648885055,1
6.060802026354089,1
6.004465176897833,1
5.949083561053076,1
5.896065912877896,1
5.844486514595724,1
5.79570176988801,1
5.745792404709228,1
5.693337761554196,1
5.637567663081873,1
5.584644474675009,1
5.529183406205408,1
5.468757997601892,1
5.4033514825433935,1
5.328647085099975,1
5.256231840330614,1
5.18965033717729,1
5.129451393418621,1
5.128712708566003,1
5.13603949711749,1
5.137663560767884,1
5.13177658960708,1
5.1578179986287225,1
5.189229560372749,1
5.217557747044731,1
5.241702971209583,1
5.234520174243744,1
5.212619825812981,1
5.182590164458951,1
5.143566580966267,1
5.132253494190719,1
5.121989391042433,1
5.104738530357617,1
5.080002876875639,1
5.156245711352518,1
5.253525993177339,1
5.344671923549234,1
5.4291168736528235,1
5.546429639575819,1
5.666458519532841,1
5.780661128519581,1
5.894842323759298,1
5.843646437951553,1
5.760058292883908,1
5.676865113467479,1
5.595247920492845,1
5.498273019643654,1
5.401198652597649,1
5.308073634043237,1
5.219078258759058,1
5.205199466716549,1
5.214170189619982,1
5.2295609741263185,1
5.252740311483324,1
5.223809637635299,1
5.18857548384846,1
5.157530315113987,1
5.130231763391027,1
5.106181351405788,1
5.084844173431297,1
5.0656649784653105,1
5.048334412974834,1
5.022624028256489,1
4.995544899823053,1
4.96873740247798,1
4.941713582811715,1
4.914155126967553,1
4.885831359783435,1
4.856606705169954,1
4.826453240303405,1
4.795454908081839,1
4.763816607886781,1
4.731864662366127,1
4.700337854676877,1
4.6599415785129565,1
4.61929201799251,1
4.580812268976414,1
4.5450644053351414,1
4.577956826776757,1
4.629086759995191,1
4.686822409814997,1
4.752933425978005,1
4.797787531535529,1
4.846992647883247,1
4.905996326376513,1
4.974435281066724,1
5.119811000560843,1
5.287502583652393,1
5.465393946582195,1
5.655535016464375,1
5.78797903513892,1
5.920063581917567,1
6.061149861176443,1
6.212818583825307,1
6.2170852429926,1
6.1982448012384435,1
6.182106993212102,1
6.169572031724746,1
6.082498491078063,1
5.985710257254039,1
5.891530863729649,1
5.799216431196043,1
5.735572842457332,1
5.677941935788176,1
5.622621271652181,1
5.569531555212815,1
5.532331715665111,1
5.49724889819499,1
5.4623817676252635,1
5.427354235611334,1
5.423524169521641,1
5.425149426180267,1
5.426659357330409,1
5.425658006063155,1
5.442954326198104,1
5.464942437422869,1
5.488579287075787,1
5.5112876850231105,1
5.551680998832278,1
5.591999977930507,1
5.629046852877063,1
5.6616837230599115,1
5.689581497680965,1
5.711716035715726,1
5.727354457139571,1
5.737039155003789,1
5.745598405362077,1
5.749143785687992,1
5.745803693908329,1
5.735192098538595,1
5.794377133160322,1
5.85662154646307,1
5.911457016074297,1
5.958112880358245,1
6.04721731741667,1
6.136175528902062,1
6.219526144840704,1
6.301211573666734,1
6.28301059139158,1
6.256152712619962,1
6.231056543799803,1
6.208181106914084,1
6.189700308330805,1
6.175945499253651,1
6.167076148421964,1
6.164653340047374,1
6.125686633078136,1
6.087097455011258,1
6.052860808230929,1
6.02318457570384,1
5.987033278952719,1
5.953573363877317,1
5.923535721188495,1
5.896887878556724,1
5.862259432138882,1
5.828864217675934,1
5.797263429707284,1
5.7664643446501405,1
5.777432229977943,1
5.793378374057377,1
5.809331581175022,1
5.82475200917332,1
5.850112369453296,1
5.875853880716601,1
5.9009666285565245,1
5.925536256262955,1
5.9497486929715295,1
5.973887591613645,1
5.998332979990045,1
6.025702176649079,1
5.999995095751254,1
5.9722707857654544,1
5.9470102847056285,1
5.924292180761498,1
5.967551407674557,1
6.022173976595786,1
6.0826307749876065,1
6.152346089420228,1
6.162921320426039,1
6.1773326659732755,1
6.200432633623657,1
6.232589930035916,1
6.285071718567506,1
6.348437111651785,1
6.421973457480536,1
6.506019315152993,1
6.590705064356107,1
6.684335845165338,1
6.787099420306073,1
6.899473786693207,1
6.897463124459672,1
6.887686431367,1
6.880676827829591,1
6.8769415107806635,1
6.828314985778652,1
6.779772915724488,1
6.734687203095398,1
6.6936089194602335,1
6.630815658633731,1
6.5687631347168915,1
6.509214344386249,1
6.451081138156081,1
6.440904141094234,1
6.434053703870883,1
6.428063268846531,1
6.422631769253164,1
6.43808872510617,1
6.4535420805169785,1
6.467781464334538,1
6.481819228711751,1
6.482164677436891,1
6.4804957243068815,1
6.476278551871364,1
6.4678258776628486,1
6.462494013823838,1
6.453950701081426,1
6.442550038537619,1
6.428599889594089,1
6.3486190167458725,1
6.264293121108017,1
6.178570472839153,1
6.088603904030945,1
6.077785868053639,1
6.0703677451592,1
6.06191731046169,1
6.050883685528728,1
6.1157712270134645,1
6.182455971202858,1
6.24595295430361,1
6.305563359179238,1
6.384598108994902,1
6.458437022175878,1
6.5262783932261685,1
6.5905118084617555,1
6.579630516035949,1
6.567609421644452,1
6.557382186961263,1
6.549811044433286,1
6.526072523017183,1
6.50558470019314,1
6.4893276508440065,1
6.477465208099824,1
6.470064917831239,1
6.467098067618125,1
6.468446325536347,1
6.475528377082641,1
6.429596396732301,1
6.385656330960416,1
6.344755167241485,1
6.306587717964553,1
6.270806626041456,1
6.2370353218493815,1
6.20496266712552,1
6.173951470875494,1
6.14386350718251,1
6.1142613598675775,1
6.084827280978183,1
6.055293933258876,1
6.025455364079016,1
5.995176821089966,1
5.964403288003963,1
5.933027969000534,1
5.912297032515303,1
5.891760483195764,1
5.8714397286282125,1
5.85176454354751,1
5.8332580718437725,1
5.816532554747288,1
5.802280179669318,1
6.287909668369166,1
6.247682133840628,1
6.212194679075277,1
6.182283415736198,1
6.158793538589252,1
6.142557759944332,1
6.145709383602587,1
6.157570198932995,1
6.1787893402929095,1
6.20989479973221,1
6.2624281071788666,1
6.325265701950609,1
6.398489802637201,1
6.481983291517714,1
6.575473865080622,1
6.678541585775093,1
6.790630586896225,1
6.910820058258481,1
7.017801624719259,1
7.131897693364421,1
7.252172695014579,1
7.377580492124396,1
7.463814139524043,1
7.552585021957527,1
7.642429897329723,1
7.73188951788138,1
7.715615438774216,1
7.698094202214135,1
7.677855477712692,1
7.654818349400799,1
7.658278650954649,1
7.65811324185974,1
7.654501011456313,1
7.64853795183385,1
7.710765545004754,1
7.767511351889903,1
7.819010125035372,1
7.866064895171648,1
7.936506804640584,1
8.000739571166058,1
8.058726602816124,1
8.110426780086517,1
8.161435643076603,1
8.205127157459579,1
8.241458063257221,1
8.270889606333443,1
8.328818965862153,1
8.378761335810765,1
8.421270000102046,1
8.456367497444255,1
8.491941284081644,1
8.520546372188228,1
8.542173894707714,1
8.557213768139786,1
8.585879909861951,1
8.607033549703239,1
8.621263262991821,1
8.627194691663112,1
8.577358846433137,1
8.524932691532085,1
8.470053579723507,1
8.413642656243201,1
8.369555828652315,1
8.325979440935257,1
8.28358309744573,1
8.242431878462718,1
8.192272819590132,1
8.144371645868848,1
8.09880188763215,1
8.055337465021319,1
8.003356020125732,1
7.954089338122386,1
7.9073613752943075,1
7.863096338335778,1
7.821163730728157,1
7.781385600562429,1
7.743544957910185,1
7.707395140610722,1
7.672669886400445,1
7.63909386015134,1
7.606393386602216,1
7.57531128665597,1
7.578718681390931,1
7.581262869612528,1
7.583748803668243,1
7.58505174104886,1
7.564143226822834,1
7.543441986801375,1
7.522694610626416,1
7.501537209398625,1
7.469737939272269,1
7.438793314291559,1
7.408897649690547,1
7.3809669446341575,1
7.366257710797174,1
7.3538894871229825,1
7.34478736543091,1
7.336391009199081,1
7.265942475521446,1
7.202271166435547,1
7.144655809991685,1
7.093326589002086,1
7.038412468179105,1
6.992083818879792,1
6.954715720347657,1
6.926891571519355,1
6.909094102039953,1
6.9016861914813195,1
6.904894697913354,1
6.920177678536072,1
6.9669712438726235,1
7.02343786024301,1
7.089478979716203,1
7.16346159156824,1
7.225015099234788,1
7.2951822016016425,1
7.372418206759064,1
7.455139622397471,1
7.531501097901682,1
7.610917644774371,1
7.692111072157736,1
7.77062538846994,1
7.782986222898817,1
7.79538326097738,1
7.805170344035394,1
7.809404299831403,1
7.769574791799957,1
7.727904702024177,1
7.683172758541539,1
7.637659936291446,1
7.6180284372418745,1
7.592717126891812,1
7.562156627853791,1
7.52777128484751,1
7.5044642175270635,1
7.474233343362516,1
7.437294448316923,1
7.3985987844686605,1
7.407031987774428,1
7.4076259976021435,1
7.400741665405683,1
7.39077387691532,1
7.430284651631352,1
7.461087946938598,1
7.4843395598358144,1
7.501390047224362,1
7.531484149378068,1
7.553979603957654,1
7.569388683444755,1
7.57985914716478,1
7.6106441786260035,1
7.633133631357847,1
7.648466419113258,1
7.653957266827903,1
7.625480092125784,1
7.595117074682569,1
7.5630385789406365,1
7.527852010931982,1
7.47420947034011,1
7.422171957114627,1
7.371854133092086,1
7.32371974393863,1
7.278161747198974,1
7.23549697159288,1
7.195962424230949,1
7.15862957534337,1
7.11424003742393,1
7.073355810656198,1
7.035687240980081,1
7.002162091695959,1
6.982185129747983,1
6.964571659138608,1
6.949334758071011,1
6.937237801953284,1
6.937426416587985,1
6.938620971916076,1
6.940775663291875,1
6.942368681865971,1
6.933900945783544,1
6.925787385713282,1
6.917583838367132,1
6.899650063987567,1
6.798454307973069,1
6.699328494080232,1
6.600100092904506,1
6.505056577197533,1
6.439924923583174,1
6.3749294567791,1
6.310702393968574,1
6.2492269475255,1
6.199275016688315,1
6.15176895611074,1
6.107425751955023,1
6.06702484906189,1
6.031393838143841,1
6.001390950353663,1
5.977884520262935,1
5.9596082069849015,1
5.927995397772474,1
5.90646157414974,1
5.894671272880995,1
5.904058723436197,1
6.017172202293413,1
6.1367066875908165,1
6.266189472169654,1
6.393023513566721,1
6.454089878300244,1
6.525865199384796,1
6.607331437708797,1
6.699408760381997,1
6.808580057588242,1
6.9248949536858975,1
7.047387707025352,1
7.168409315422347,1
7.235837374253715,1
7.30930459226828,1
7.384992642220133,1
7.457259611619934,1
7.496558347653766,1
7.534920811447386,1
7.570487230288352,1
7.608501434515729,1
7.679390045716152,1
7.744535405646755,1
7.80390467495152,1
7.860112535501422,1
7.92894512676504,1
7.989942227915957,1
8.042997486894691,1
8.094239629227214,1
8.175614713107862,1
8.247882730286285,1
8.311755444299514,1
8.367411935232651,1
8.416500576693487,1
8.459660926616634,1
8.497318726504458,1
8.543016340259042,1
8.665264050239717,1
8.776338758918415,1
8.879090480787582,1
8.965814197183647,1
9.000703759515929,1
9.028741942368091,1
9.049552792605837,1
9.065179675808702,1
9.083193279549361,1
9.094053375511331,1
9.098353229526595,1
9.082307900146684,1
8.99358376876642,1
8.90181097913114,1
8.80717463941943,1
8.7342576759826,1
8.807208083000122,1
8.876915772431568,1
8.949235226690123,1
8.995603199207679,1
8.916334637381178,1
8.838414184193258,1
8.762113889739732,1
8.682514811891,1
8.574651331826823,1
8.469927895765592,1
8.367198815014333,1
8.264548060044486,1
8.154144840197134,1
8.045868681041,1
7.939377873961992,1
7.846955876181347,1
7.8129439539781425,1
7.779260306247581,1
7.746425380273614,1
7.7238511691330025,1
7.750432703169961,1
7.775595879875231,1
7.800679551917569,1
7.823516975794645,1
7.836722028702731,1
7.849978462392037,1
7.8632335918668925,1
7.890965624611035,1
7.9862103342364374,1
8.080644479792097,1
8.176422434819175,1
8.260792671119752,1
8.291452373832394,1
8.325614521953202,1
8.363192145444465,1
8.388016843733222,1
8.353822165556789,1
8.324748937650098,1
8.301447165897665,1
8.292852941617639,1
8.330116339264054,1
8.373550253461286,1
8.424909569206973,1
8.499911074552788,1
8.649436708545595,1
8.80563283882379,1
8.970078302572928,1
9.121108978061974,1
9.199755574805405,1
9.287132595644616,1
9.382473075138178,1
9.489798049305193,1
9.622089708516764,1
9.76012527835814,1
9.903595334752659,1
10.026182580889795,1
10.051318829837397,1
10.081353041709777,1
10.11351084837202,1
10.124119653575034,1
10.045150286182075,1
9.966716772585706,1
9.886410872531702,1
9.819022343897014,1
9.804544254885478,1
9.786301073863267,1
9.764310923794584,1
9.7427664853833,1
9.733504974609785,1
9.718808360471863,1
9.698623107365155,1
9.672644613829254,1
9.640396909676657,1
9.602100764310162,1
9.557730259628196,1
9.521511327512433,1
9.529253698866484,1
9.537199994081872,1
9.544177188343298,1
9.567199394169089,1
9.648431086564456,1
9.7199843573521,1
9.783338271260527,1
9.816204210379684,1
9.769300490618036,1
9.71646459482077,1
9.657817070846294,1
9.604805682728257,1
9.581524498149692,1
9.550766259551725,1
9.51323481354765,1
9.460221273977387,1
9.374201200918241,1
9.28490647034473,1
9.192731077832374,1
9.083457274373043,1
8.923716094280273,1
8.763713022556596,1
8.603117171074475,1
8.445184220721822,1
8.296178127010092,1
8.148070447224793,1
8.001323258560015,1
7.859082480576633,1
7.727386452073956,1
7.597850652655685,1
7.470671468703539,1
7.354616449757519,1
7.266589552231443,1
7.180809178895788,1
7.097227915667107,1
7.018562172247925,1
6.9501206455936195,1
6.883056346419369,1
6.8171161987221,1
6.746199450061342,1
6.6588172094190785,1
6.571996156299114,1
6.485319649336013,1
6.401560414629317,1
6.325934727093192,1
6.249981139882231,1
6.173754700798013,1
6.112128146275308,1
6.091951762769262,1
6.071739022607325,1
6.052236989947923,1
6.0429470883992495,1
6.0604099427494225,1
6.0802823241209465,1
6.103504620998047,1
6.112159113309408,1
6.076564615105262,1
6.046585000596768,1
6.023082687926546,1
6.009974047692908,1
6.013309858979482,1
6.025403063911833,1
6.046965755586177,1
6.081615393945952,1
6.134708108371718,1
6.19821096386191,1
6.272209466247799,1
6.350348369935065,1
6.423132451218185,1
6.505952619421638,1
6.598269357598721,1
6.699408760381997,1
6.808580057588242,1
6.9248949536858975,1
7.047387707025352,1
7.174889795280448,1
7.30580547039394,1
7.439289759613385,1
7.574307419406469,1
7.702378240662972,1
7.810874203787407,1
7.917217316547828,1
8.020400647504387,1
8.123254849562485,1
8.229847008943254,1
8.331402766573776,1
8.427343173845006,1
8.519069582902732,1
8.608826586276317,1
8.691577090718432,1
8.76682107477278,1
8.809581271784234,1
8.789393435286678,1
8.766015622782728,1
8.739820268951163,1
8.739685333456412,1
8.799432157849278,1
8.8523078969599,1
8.897775014554176,1
8.95681033947841,1
9.055970192551728,1
9.146045996023416,1
9.227315413186682,1
9.272355944603865,1
9.248537010036602,1
9.218281602460996,1
9.182121133719761,1
9.144610069770463,1
9.109434957506876,1
9.067366814318882,1
9.018818605957131,1
8.961128908641204,1
8.89260432520022,1
8.821273232543911,1
8.747732110073489,1
8.669523305688584,1
8.58405055467431,1
8.498504516899512,1
8.413400604080614,1
8.439621165589129,1
8.703772059611115,1
8.973837145109249,1
9.24924407009745,1
9.462750297184899,1
9.540857205928505,1
9.62135229541898,1
9.704044125085417,1
9.807549215556433,1
9.951552038971396,1
10.097151166961774,1
10.244053149705778,1
10.380552548847804,1
10.494667154579531,1
10.609336841333352,1
10.724382579829811,1
10.828140937475112,1
10.909001593346847,1
10.989950196168671,1
11.070969819157588,1
11.144351817953673,1
11.202638471301556,1
11.261232597891773,1
11.320305518596761,1
11.411294631099986,1
11.564138363456498,1
11.718339207338909,1
11.87426903392486,1
12.09148061345284,1
12.425238890318047,1
12.76222574576735,1
13.102864557509418,1
13.339891208761635,1
13.376623046650028,1
13.417987091250271,1
13.46440806902991,1
13.500198287078698,1
13.511645366685036,1
13.529297294893754,1
13.553470183608423,1
13.588477571325583,1
13.637965463319135,1
13.69456451582967,1
13.758344789050089,1
13.821178565507637,1
13.87630655857943,1
13.938477481925785,1
14.007479117735826,1
14.08708722135717,1
14.180181847520203,1
14.278982453894372,1
14.383004105996978,1
14.476357664264352,1
14.545713514840676,1
14.617568063842219,1
14.691364067882681,1
14.763620716275057,1
14.831467891330005,1
14.899652907121837,1
14.967930146614322,1
15.027479369949207,1
15.071645515208733,1
15.115202338115928,1
15.15803932393786,1
15.192126497127731,1
15.210828504266502,1
15.227294522638225,1
15.241407265964336,1
15.250257149528005,1
15.251179739877188,1
15.248508102445264,1
15.242051071490646,1
15.227575341549871,1
15.202119514746025,1
15.172226553991456,1
15.137612831808442,1
15.22838118967205,1
15.530029786728631,1
15.826503342869893,1
16.1176239251263,1
16.282804829561325,1
16.246017068992366,1
16.204482939101176,1
16.157990876580634,1
16.12019198285491,1
16.099372142117602,1
16.07312532681397,1
16.041474172195223,1
16.003799865391432,1
15.960498324927437,1
15.913254636759094,1
15.862391213566895,1
15.81308373793674,1
15.769211887686645,1
15.723768927927075,1
15.677055397771893,1
15.633832921151853,1
15.596883061144128,1
15.559440999867528,1
15.521689468416813,1
15.479237953140007,1
15.429740446550372,1
15.380290386382162,1
15.330964298602849,1
15.286405386647543,1
15.24904526867682,1
15.211908380736713,1
15.174990837533,1
15.133651239360624,1
15.08554378830181,1
15.037610837501429,1
14.989842142063285,1
14.942235179006564,1
14.89480237917473,1
14.847573720780053,1
14.800601650429815,1
14.75396294518182,1
14.707764482895305,1
14.662144020511148,1
14.617272959745591,1
14.57335574341252,1
14.530632873508917,1
14.489378690667746,1
14.449900927861465,1
14.517073043961677,1
14.73670114907288,1
14.959366290592286,1
15.185467229756014,1
15.33871895011514,1
15.387487632872023,1
15.440770358403782,1
15.498950024809115,1
15.523767197270999,1
15.500126638665165,1
15.48243222350361,1
15.47097994326875,1
15.470876261681704,1
15.48417497803413,1
15.50429852359804,1
15.531328679098094,1
15.555547871535174,1
15.573377625090908,1
15.598042120838086,1
15.62936583646915,1
15.671973222928196,1
15.727227982831343,1
15.788163123702644,1
15.854341092844104,1
15.91227436200564,1
15.956301194808283,1
16.002955966392086,1
16.051709004777063,1
16.110305738944596,1
16.18071141558178,1
16.2516038120887,1
16.322738816213572,1
16.374213173971423,1
16.39974660100252,1
16.42483121179132,1
16.449351792696945,1
16.467790352131864,1
16.47766114841201,1
16.48550974840164,1
16.491213138223173,1
16.484901548443656,1
16.463178616961955,1
16.438064552381025,1
16.409354638298574,1
16.381709750495908,1
16.356181428521875,1
16.326392902134334,1
16.29207027497194,1
16.35001589161197,1
16.52407874685304,1
16.693268702884133,1
16.857342411216976,1
16.914128786288547,1
16.840791270015288,1
16.762924478509362,1
16.680307387742758,1
16.629599209234726,1
16.618443497107958,1
16.601921509569305,1
16.580048604852177,1
16.55811628338871,1
16.53802011155241,1
16.514021095671247,1
16.48642815039837,1
16.45129834477524,1
16.408873932607815,1
16.36479154791906,1
16.319343803875945,1
16.272799265616847,1
16.225401275408103,1
16.177364734194956,1
16.1288778834525,1
16.090788973560976,1
16.064985798141755,1
16.03916202308644,1
16.013386547180787,1
15.971530815140794,1
15.911212760314905,1
15.851022542220926,1
15.79097317230892,1
15.74192373561294,1
15.705334078068661,1
15.668875677093599,1
15.632547662176863,1
15.590899836769813,1
15.543294073686642,1
15.49589339986328,1
15.448759430907916,1
15.407463465102017,1
15.372713469400365,1
15.338570265073258,1
15.305209569814055,1
15.261808404271758,1
15.207544594189638,1
15.15478532999485,1
15.103832620393469,1
15.166058305254134,1
15.351222962379042,1
15.539395150872222,1
15.730966648698558,1
15.752950235544198,1
15.593250650432578,1
15.438006979489284,1
15.287637892934269,1
15.193186383239194,1
15.158018986100783,1
15.1288456045247,1
15.105973680844903,1
15.089665906806244,1
15.080136987129276,1
15.077544007565233,1
15.081984697218697,1
15.104807648307702,1
15.146320360904914,1
15.194671246836123,1
15.249669700184787,1
15.311056002841443,1
15.378503672473077,1
15.451622971645092,1
15.529965468867697,1
15.586839603511057,1
15.620625761784499,1
15.657038635137107,1
15.69554329219674,1
15.710747958190579,1
15.701803519010396,1
15.693116946590862,1
15.684424881396824,1
15.663837627201394,1
15.631218573527143,1
15.597897521549557,1
15.563748389886024,1
15.517070141158035,1
15.457211548171408,1
15.3950813406255,1
15.330536255948486,1
15.276787457174656,1
15.232737346295837,1
15.185124784270648,1
15.133745561830898,1
15.084088230575404,1
15.035738808852656,1
14.98299098478277,1
14.925551149497283,1
15.005736444064064,1
15.215597020469147,1
15.420344951732018,1
15.619759130783324,1
15.70873521132118,1
15.694947492441447,1
15.676351311666094,1
15.652731186842662,1
15.648264984182532,1
15.660829105469977,1
15.667900670593282,1
15.669506271110459,1
15.646556945612305,1
15.601587472968102,1
15.55259657182653,1
15.49990920101514,1
15.444940522590972,1
15.38878332433846,1
15.331055234071659,1
15.272067353352757,1
15.218169956159999,1
15.168992852532373,1
15.1193642574758,1
15.069475705201958,1
15.025622023770508,1
14.987222134436392,1
14.94897115216422,1
14.910936585362618,1
14.866973224686358,1
14.817893938972968,1
14.76909197191776,1
14.720559314592334,1
14.67227912515116,1
14.624228617251855,1
14.576384779017872,1
14.528727524958441,1
14.48749822133842,1
14.451764802746023,1
14.416227350761535,1
14.380932465038804,1
14.333397095505292,1
14.275725230279269,1
14.218613409103684,1
14.162227855159358,1
14.113077644205754,1
14.070338295381564,1
14.029040729638949,1
13.989493968447734,1
14.009135003574793,1
14.0782171857375,1
14.150221599956552,1
14.225563172294363,1
14.247193021811315,1
14.226269156880704,1
14.209900612182508,1
14.198507636994893,1
14.198915119657357,1
14.210236420926,1
14.227657673378125,1
14.251482428037827,1
14.28840807130867,1
14.33729068298674,1
14.393145700688205,1
14.456039980227754,1
14.513076188946167,1
14.567018283105167,1
14.62786666130565,1
14.695418570149318,1
14.769400195817804,1
14.849469850008642,1
14.935222332456815,1
15.026192181496986,1
15.111058060647828,1
15.19087249997261,1
15.273139740727197,1
15.35732163127015,1
15.412847544337549,1
15.44624005484995,1
15.479855277025411,1
15.513423021147615,1
15.574696175512043,1
15.65675575910714,1
15.738593908402759,1
15.820121990581864,1
15.857811716387541,1
15.861579703526447,1
15.863051692724099,1
15.862062416896443,1
15.849331695599783,1
15.826756297314404,1
15.800593353470058,1
15.770533345852845,1
15.74375668487828,1
15.71809865197853,1
15.687897244416762,1
15.652867478752755,1
15.814400263609858,1
16.114746865231762,1
16.40976352585708,1
16.699359673075854,1
16.809914620599233,1
16.792812283344944,1
16.7704936799978,1
16.742807402424724,1
16.71908206605253,1
16.69657594523035,1
16.668725030977086,1
16.635543638810685,1
16.583236704615913,1
16.51681043957202,1
16.44624728929134,1
16.371854790983516,1
16.30940862042575,1
16.255250562663704,1
16.199406366916065,1
16.14217489298122,1
16.076965736277536,1
16.00624448389401,1
15.934851673436736,1
15.8629883261573,1
15.797761151735214,1
15.73700728611518,1
15.676228990467266,1
15.615510127480535,1
15.55491080243412,1
15.494470111097181,1
15.4342093980084,1
15.3741359587334,1
15.314247109889973,1
15.25453454262447,1
15.194988868930995,1
15.13560426575709,1
15.076383119187543,1
15.017340570032516,1
14.958508862718398,1
14.899941401320207,1
14.834638546487948,1
14.765302657992478,1
14.696555650417011,1
14.628565157910286,1
14.568639430064067,1
14.514358571388195,1
14.46154410352255,1
14.410501533216861,1
14.347280941142605,1
14.277687731050673,1
14.210946935198235,1
14.147466436606143,1
14.008666494520215,1
13.825681319103682,1
13.647242879833714,1
13.473817622932806,1
13.450159973742714,1
13.5194573956945,1
13.594930359330222,1
13.676865892657709,1
13.779969998969854,1
13.898542557710266,1
14.024043491432208,1
14.156501197050739,1
14.23796700449307,1
14.292366823257426,1
14.353726121418157,1
14.421838704461045,1
14.474784780852122,1
14.521405305741235,1
14.573921390195895,1
14.631872981770462,1
14.682060277742247,1
14.728323799335408,1
14.777191080414443,1
14.82810619369297,1
14.827770388677703,1
14.797835017064722,1
14.767700882100064,1
14.737015756067255,1
14.705087407498926,1
14.671713029932794,1
14.636610868950642,1
14.599306537202592,1
14.627199564030189,1
14.689601327631799,1
14.74857437587162,1
14.803780161137237,1
14.812313392277467,1
14.793564212390297,1
14.770813783086679,1
14.744053078975476,1
14.73137747019007,1
14.725070489491653,1
14.715714180919838,1
14.703591570221823,1
14.866681302975223,1
15.11999664000438,1
15.368136238761803,1
15.610880354945616,1
15.572604262545019,1
15.389125840232575,1
15.20619175809139,1
15.02347054853295,1
14.808831549481138,1
14.572405462378336,1
14.329828123897418,1
14.081267984041949,1
13.887327245120145,1
13.719708902357194,1
13.547979051479468,1
13.372535019690636,1
13.21990494236053,1
13.078274221624099,1
12.934956145401028,1
12.790342212947287,1
12.69038112342757,1
12.61289787699918,1
12.535424293880146,1
12.458183200374004,1
12.381358967468474,1
12.305095641660202,1
12.22949944370707,1
12.154637753035939,1
12.10383284034634,1
12.065172032562954,1
12.027273404179436,1
11.990075343091094,1
11.930077932613804,1
11.85937062483998,1
11.789125202069009,1
11.719266919279827,1
11.634072586562855,1
11.541733510042278,1
11.449639094582942,1
11.357771760553796,1
11.273996658061218,1
11.194174271111498,1
11.114724445264144,1
11.035785414129856,1
10.941790209459048,1
10.841443421226243,1
10.74227575439756,1
10.64455232701991,1
10.833206736542577,1
11.154268859509106,1
11.478616982748296,1
11.807232992596834,1
11.796510452218103,1
11.636478138560564,1
11.481147766954363,1
11.331082726443848,1
11.162762961710785,1
10.990170320012332,1
10.824474081538687,1
10.666125161210688,1
10.555817955429148,1
10.471125464632971,1
10.394911912042174,1
10.327361372051652,1
10.292623552014101,1
10.276838150091612,1
10.269631363961533,1
10.270759528496896,1
10.29573025553782,1
10.334811048485431,1
10.380804124442145,1
10.43312123884145,1
10.486174669309454,1
10.541255606379677,1
10.599508225808215,1
10.660203892248516,1
10.710154788624118,1
10.755028351391367,1
10.799072983200464,1
10.841606604207808,1
10.890286459453261,1
10.939470047671476,1
10.985305413024223,1
11.027276384505068,1
11.077655575586643,1
11.128540963145065,1
11.174468387548634,1
11.214928687548568,1
11.228519645388552,1
11.227934622643863,1
11.22134533031993,1
11.208754373522948,1
11.183434543961319,1
11.149971797071073,1
11.111246714760387,1
11.06702741839302,1
11.28840434809571,1
11.6081024881937,1
11.922720915008217,1
12.235020745590178,1
12.224582150824993,1
12.095080611361988,1
11.963150798225238,1
11.828240507590484,1
11.720082760853018,1
11.616403774628983,1
11.506255396711838,1
11.389897606822428,1
11.272355109643396,1
11.151909247494197,1
11.027517413055724,1
10.8994652129841,1
10.788341332644332,1
10.682551723766649,1
10.575764478547496,1
10.468423559073821,1
10.360938386722076,1
10.253679053941129,1
10.146972195191413,1
10.040685020402732,1
9.986867557462286,1
9.952060546498164,1
9.918860884225268,1
9.887489865087058,1
9.840188478254051,1
9.788610445664844,1
9.738379116059507,1
9.689276805342706,1
9.667142542793046,1
9.654647110255805,1
9.642872140050835,1
9.632317465112978,1
9.56930213938335,1
9.489870937104254,1
9.410688354015008,1
9.331559452402873,1
9.261386795328331,1
9.194075347575584,1
9.126930045650491,1
9.060054865263472,1
8.993610888972562,1
8.92781909182199,1
8.862961824680013,1
8.799184464721337,1
8.884475564803815,1
9.019497164653611,1
9.157511060800577,1
9.30242534454541,1
9.29650247615383,1
9.251203345950954,1
9.210887164458214,1
9.176229402881233,1
9.138846823663684,1
9.10554709116646,1
9.079535935961108,1
9.061391881623916,1
9.042511772303735,1
9.02961038374196,1
9.025565104679565,1
9.030647988440391,1
9.035942142058449,1
9.047834132507678,1
9.068712474659392,1
9.098419608987923,1
9.127728921576491,1
9.162582537163171,1
9.204850313059175,1
9.253858598070074,1
9.310141310947161,1
9.371232985853423,1
9.435829228341898,1
9.502917921525295,1
9.58070549388947,1
9.660628608090322,1
9.739447259097032,1
9.81683854323367,1
9.850043992850118,1
9.868659450801498,1
9.883348560781828,1
9.891701197323219,1
9.964523006083347,1
10.048427821816343,1
10.12666082903615,1
10.19898692789939,1
10.248478873530562,1
10.286948463211608,1
10.318448128299847,1
10.341922239269492,1
10.384463365820997,1
10.425250709011918,1
10.458221535099444,1
10.483170273414903,1
10.623024448895118,1
10.788573302814518,1
10.947398558070775,1
11.10407506951432,1
11.125524548042822,1
11.112103674664429,1
11.091012825272246,1
11.062151841360524,1
11.054059381410989,1
11.046603733928231,1
11.033451072500657,1
11.015757865525496,1
10.9689442971408,1
10.91349677884704,1
10.855013157885928,1
10.794270348465675,1
10.697499285797187,1
10.591280471922172,1
10.484082161583878,1
10.375789743014124,1
10.286635344918412,1
10.201728093570036,1
10.117550141411575,1
10.033967945803582,1
9.961575672909975,1
9.892383197079619,1
9.82467804974282,1
9.758499837093758,1
9.684529733964297,1
9.60983645781372,1
9.536522362167819,1
9.464065696447719,1
9.421639755041797,1
9.386209067463376,1
9.351560810218018,1
9.317348008014381,1
9.293280972311674,1
9.271434176796516,1
9.249747341607804,1
9.229436586913687,1
9.159701785635747,1
9.081016992974261,1
9.002498706618073,1
8.92424406388408,1
8.846407335904884,1
8.769203190277953,1
8.692908770503243,1
8.616965469334747,1
8.77078322887564,1
8.97439610132578,1
9.181177430383338,1
9.40185468171267,1
9.397078570204096,1
9.363311728581731,1
9.334520207544092,1
9.311293980883514,1
9.284660124809603,1
9.262776229129475,1
9.248110559786314,1
9.241414934350216,1
9.213605038640347,1
9.188896463786106,1
9.173019174926791,1
9.166158163614995,1
9.16839314953979,1
9.179692211007652,1
9.199908752595745,1
9.228142028173155,1
9.284526097554627,1
9.351383505081197,1
9.425165414737226,1
9.505661579234626,1
9.55521278967111,1
9.603388645617168,1
9.65555269355488,1
9.710563308030668,1
9.778046058394578,1
9.847014714586738,1
9.915069754810334,1
9.981676281275382,1
10.036813424769784,1
10.087729351908306,1
10.135081065962124,1
10.177650199986205,1
10.233561172063308,1
10.286433499860113,1
10.333371829080628,1
10.373696107460805,1
10.417701519837392,1
10.456114731811741,1
10.487190000854772,1
10.510821533589933,1
10.526884906329832,1
10.535244843216786,1
10.535883989827056,1
10.527389886895188,1
10.621723976525551,1
10.724337448804459,1
10.819172698058015,1
10.910868009436166,1
10.904611263872013,1
10.882224457946554,1
10.852500013607944,1
10.815749996548776,1
10.798440431112523,1
10.778584301970707,1
10.75238156897135,1
10.720371927516219,1
10.67801357782012,1
10.631441856103232,1
10.58175623358588,1
10.529297158661825,1
10.478115313404944,1
10.426355988299896,1
10.374210175099861,1
10.322449785829743,1
10.26050486806219,1
10.198120052568413,1
10.136631578470606,1
10.076084618304128,1
10.027221594879014,1
9.981065162443654,1
9.936455198718892,1
9.893835304954633,1
9.841774115563812,1
9.79019724990199,1
9.739966568057044,1
9.690959696876595,1
9.643032402451567,1
9.596026146421156,1
9.549775986176794,1
9.503890993317446,1
9.479229340050026,1
9.457252973003534,1
9.435438050731861,1
9.414559549823148,1
9.371699040847314,1
9.327215055401451,1
9.282889395214653,1
9.238837662676193,1
9.195232829972086,1
9.152307229897103,1
9.110353127621906,1
9.069244690358845,1
9.14340587039999,1
9.23285000815461,1
9.325190873743793,1
9.425811407225446,1
9.417729127490723,1
9.406922009637778,1
9.401143696177193,1
9.402054716608236,1
9.38614096668223,1
9.375704262022529,1
9.372433512800223,1
9.376776817710482,1
9.389115008399582,1
9.409749988228365,1
9.43889464757147,1
9.476664760128315,1
9.523073184112725,1
9.578026587227145,1
9.641324793551222,1
9.712662724475402,1
9.791634785739399,1
9.877741448620966,1
9.970397693107758,1
10.068942928973213,1
10.144071636156472,1
10.22077008853327,1
10.301037944974846,1
10.38463262607339,1
10.432146983451155,1
10.477116536243036,1
10.521630582050863,1
10.564369572496659,1
10.625287198527293,1
10.684837362626622,1
10.741149194910106,1
10.79294459289266,1
10.86057908691535,1
10.92416554562179,1
10.982105558251693,1
11.034291418380581,1
11.060054308688422,1
11.077701729109451,1
11.088209798828585,1
11.089786500188284,1
11.126996429095556,1
11.158238772560269,1
11.181550863289093,1
11.196249076753684,1
11.222000211550105,1
11.24035898143557,1
11.250377509323757,1
11.252686784998604,1
11.225967409639901,1
11.191219862280732,1
11.149801501366666,1
11.101686752685795,1
11.057504314592535,1
11.007556319203449,1
10.952093065016836,1
10.891532460179299,1
10.838356700890678,1
10.78257976568094,1
10.723994901866902,1
10.663505839305147,1
10.59141742135112,1
10.518035389556315,1
10.444012280021958,1
10.369772998180206,1
10.295702709405065,1
10.222142550525547,1
10.14938617078847,1
10.077677213306409,1
9.996414162578054,1
9.915858121390468,1
9.836733520243563,1
9.759093585144516,1
9.682944733423504,1
9.608250348842631,1
9.534935665117278,1
9.462484244440343,1
9.424813023896869,1
9.389381296110605,1
9.354731446857988,1
9.320250175724462,1
9.341836996469604,1
9.365847119906203,1
9.38996073234239,1
9.41556263549725,1
9.38345014552849,1
9.350409144316396,1
9.317562988268739,1
9.285612044381478,1
9.230769397342122,1
9.176403945007193,1
9.123011653163243,1
9.070938836647311,1
9.03161163951065,1
8.99490468947469,1
8.960899454837456,1
9.527070173931426,1
9.48896125421786,1
9.432231379634558,1
9.380454837481336,1
9.334229194548323,1
9.294142886062337,1
9.26076172708803,1
9.234614903887831,1
9.2161808681056,1
9.206011959319856,1
9.261485997284062,1
9.32519460372259,1
9.397399027078139,1
9.478006043756956,1
9.555672302590766,1
9.641550996693445,1
9.735274810617579,1
9.836142511013563,1
9.896884431308976,1
9.963051512809404,1
10.033821363960781,1
10.108407402252697,1
10.154287626136384,1
10.201643561515606,1
10.249666280846562,1
10.297556954830645,1
10.312086129629797,1
10.32606697742945,1
10.338675087118387,1
10.34921286282031,1
10.338405697840258,1
10.325093868728025,1
10.308767606371804,1
10.288620837005544,1
10.220411860689682,1
10.153209040909609,1
10.087010187561823,1
10.022179323346206,1
9.940588817623285,1
9.863032969769993,1
9.790355418301498,1
9.725921467854972,0
9.745563747414668,1
9.761185095974742,1
9.772866634958142,1
9.78041505467417,1
9.701075634211078,1
9.630644955252041,1
9.56543251943311,1
9.50656850512485,1
9.528748080860206,1
9.54406265352419,1
9.55339607847351,1
9.557672998411867,1
9.611009790450645,1
9.658073695995986,1
9.70003114646114,1
9.736773633187203,1
9.763967509592915,1
9.785978435611087,1
9.802948141554355,1
9.812799234004915,1
9.757810878891096,1
9.700201014393427,1
9.639938143052097,1
9.576611197995424,1
9.488435477893555,1
9.401643081681062,1
9.31612339868136,1
9.233102552810744,1
9.1975797399819,1
9.162795948275008,1
9.129951308273982,1
9.098982732090667,1
9.06978409833056,1
9.042212554913661,1
9.01609621770504,1
8.98936026764445,1
8.93110752225043,1
8.873743314196213,1
8.817079341443364,1
8.761350108367282,1
8.729358156975838,1
8.696638740928188,1
8.663990058592494,1
8.630817500188467,1
8.586614120799938,1
8.542625146975958,1
8.498798161540952,1
8.455297671709433,1
8.412353194798921,1
8.370321579853163,1
8.329379969931129,1
8.290567803354085,1
8.265191178616284,1
8.242165234030162,1
8.222397194574533,1
8.205881333639056,1
8.182887100485166,1
8.165217638469144,1
8.153361775239233,1
8.14795691295573,1
8.14960747998349,1
8.158868664774793,1
8.176230520302662,1
8.20125133135002,1
8.2245826590103,1
8.257025502384414,1
8.298698638086075,1
8.348883833462404,1
8.385505187110207,1
8.432266569587952,1
8.487810616738352,1
8.54980988871738,1
8.579706657873965,1
8.617570550381316,1
8.661386673570748,1
8.709406522362944,1
8.744379936579032,1
8.781535606945518,1
8.819739743768311,1
8.859020241352612,1
8.909166097432081,1
8.95741999993631,1
9.003617993023331,1
9.044184267315119,1
9.035117943213455,1
9.035488820363076,1
9.044350862283022,1
9.060978446307065,1
9.068451949302085,1
9.07242928557978,1
9.073019027173745,1
9.071964907782721,1
9.09109761149791,1
9.106752638930637,1
9.119693539206622,1
9.130989316378077,1
9.147157211255863,1
9.158481903537961,1
9.164873276545148,1
9.171250305290767,1
9.236244735413955,1
9.295155769894151,1
9.350005793290913,1
9.394504596512848,1
9.333388870526928,1
9.273354660668765,1
9.209694014602936,1
9.147457662625426,1
9.170865950441646,1
9.186168575217819,1
9.197435162969848,1
9.212821347986608,1
9.325258432282203,1
9.429227698205692,1
9.528294569163535,1
9.623528227257552,1
9.720941276582137,1
9.815978911118787,1
9.908814708552828,1
9.993874008215199,1
10.019242819255155,1
10.047861421381723,1
10.07829891886828,1
10.106027162686036,1
10.093591498654336,1
10.083604454079778,1
10.075235769367573,1
10.064736740611036,1
10.0243461552832,1
9.98572517208706,1
9.948265314236888,1
9.919452478190918,1
9.979732877309234,1
10.036896653199227,1
10.094513066311555,1
10.148753172891263,1
10.171651591405729,1
10.195359807383875,1
10.219141798902994,1
10.24299779407899,1
10.26697691670046,1
10.29117933884626,1
10.315758453022605,1
10.338346323928313,1
10.340927209238854,1
10.345109638951351,1
10.350786648567135,1
10.358357073248678,1
10.368260535725101,1
10.380971232245406,1
10.39699051035947,1
10.401590549493607,1
10.2837066338028,1
10.174475536283277,1
10.070658924622778,1
9.982160934774232,1
9.960369250286115,1
9.94516975771551,1
9.937403972905036,1
9.933779552811341,1
9.906298781261453,1
9.888585455234477,1
9.879532759589983,1
9.88219700667849,1
9.91355346529801,1
9.95294813402879,1
10.00046201541156,1
10.041150627323061,1
9.964429244768029,1
9.897207642600833,1
9.833800631621989,1
9.762791311216866,1
9.616689293674726,1
9.475057889514147,1
9.335470367157335,1
9.201153087647373,1
9.091273153600083,1
8.983346887315772,1
8.878077036766275,1
8.791138160149476,1
8.800120757648676,1
8.809433550349175,1
8.82090345537614,1
8.83964513359058,1
8.887688537476734,1
8.935255429340575,1
8.982841074353843,1
9.031855156005394,0
9.086287694482241,1
9.138770756284002,1
9.189527441042666,0
9.230698350265316,1
9.223802108362154,1
9.215333338663095,0
9.203978309538885,1
9.190894883822027,1
9.177041219419324,0
9.161388900360889,1
9.142671851415756,1
9.117647556270205,0
9.074184435978564,1
9.029443717827265,1
8.982464067977244,1
8.938453815130817,1
8.926929943794072,1
8.91259372051819,1
8.896274664627402,1
8.885171975898439,1
8.91262297871062,1
8.93576774852602,1
8.955726111425554,1
8.969212186824674,1
8.961029410074135,1
8.949733042124485,1
8.935235210408027,1
8.917196627847295,1
8.893079533124132,1
8.871358835282729,1
8.851741876097716,1
8.83041217315915,1
8.792196255505702,1
8.756450015062551,1
8.722845041981099,1
8.684789566651261,1
8.620793414893898,1
8.558552597353971,1
8.497914871173593,1
8.435068722759157,1
8.353360058582831,1
8.273479872088092,1
8.194437169693211,1
8.11602962195067,1
8.03806643417564,1
7.960377754766119,1
7.882823863958742,1
7.809814469478214,1
7.7549970596745625,1
7.700125758191551,1
7.645276516121319,1
7.596367140764403,1
7.577185632030157,1
7.557625088405259,1
7.5391474630720765,1
7.511310612813542,1
7.438855679288457,1
7.369649911870666,1
7.303620540729297,1
7.25019651783434,1
7.238876234406863,1
7.232231692668049,1
7.2316576749202195,1
7.237850741499573,1
7.251467261346453,1
7.273104580292862,1
7.30328288053004,1
7.333413146525723,1
7.336029465060514,1
7.349125157279145,1
7.372235440052638,1
7.398831954333764,1
7.408151199800276,1
7.4282912414048985,1
7.458282860627338,1
7.492410736034313,1
7.513063927627789,1
7.539599507195019,1
7.571010251989306,1
7.602809964736658,1
7.6221355208142745,1
7.6422343577572915,1
7.662294741133472,1
7.685986368623332,1
7.724614066877078,1
7.761642356510719,1
7.7966093085322505,1
7.833456924877366,1
7.8840900913523315,1
7.931078240833457,1
7.97391839945382,1
8.014269150572538,1
8.057558467439492,1
8.094844338815708,1
8.12576035283704,1
8.144036933108831,1
8.135827496695203,1
8.124097038993757,1
8.108961510065122,1
8.117630332621404,1
8.216848737583806,1
8.313093135078784,1
8.406245505309675,1
8.46727978993316,1
8.433800679456105,1
8.40338736646282,1
8.376435263828624,1
8.345973857010089,1
8.286763552999599,1
8.221342751584015,1
8.14990421927504,1
8.09489323158349,1
8.106771620934202,1
8.111479535472093,1
8.110194751780158,1
8.116686757545096,1
8.162297320058636,1
8.20222450646425,1
8.237315825757465,1
8.24591391505442,1
8.18375902584216,1
8.118515190426677,1
8.050346170730196,1
7.98971085429286,1
7.960463102064225,1
7.933544273446485,1
7.90935108476594,1
7.915694305045509,1
8.01185925860833,1
8.110503936709776,1
8.212460863995137,1
8.282164613648655,1
8.25184998738209,1
8.223848483800571,1
8.197505861432154,1
8.149456970372048,1
8.033667150585392,1
7.919748494836765,1
7.806811335369304,1
7.697610537280851,1
7.597469729333325,1
7.4976262343448585,1
7.397973134725815,1
7.313411768377243,1
7.270516122245123,1
7.22734050329284,1
7.184072219250175,1
7.12601963891477,1
7.026118442553035,1
6.927226613375868,1
6.82924887601217,1
6.765846097554001,1
6.796227498413231,1
6.828602944266276,1
6.8643546222920095,1
6.88223721779968,1
6.847204051387615,1
6.817584770750935,1
6.794153398279108,1
6.774583993744001,1
6.754391641217533,1
6.742541247993173,1
6.739830721551015,1
6.752775433542614,1
6.791988405004152,1
6.841127016597166,1
6.900411531364494,1
6.972702171713211,1
7.062781034934801,1
7.162116416052037,1
7.270309426955997,1
7.384017971368237,1
7.498417524132927,1
7.618837731370467,1
7.744459013962067,1
7.8567521996478105,1
7.927669966242264,1
8.00065783263943,1
8.074720194309151,1
8.16079207628657,1
8.275086129454957,1
8.387682158038473,1
8.497881242440974,1
8.595026632976362,1
8.66426262220818,1
8.729363331043222,1
8.789714645837575,1
8.84249716584568,1
8.883571710860828,1
8.91876547465879,1
8.947805042426557,1
9.015447690874066,1
9.18201916168494,1
9.341746380037671,1
9.494299943849969,1
9.681611631179457,1
9.95892482865577,1
10.22824424629122,1
10.489829549023227,1
10.682427616523894,1
10.729934568951562,1
10.771553484129369,1
10.807686858730559,1
10.824766747281704,1
10.80480542932142,1
10.778303145925376,1
10.745640809867904,1
10.723185571421853,1
10.730401277993941,1
10.732304828863432,1
10.729378057314662,1
10.723814248453975,1
10.717509345851543,1
10.706726606544768,1
10.691850283068305,1
10.662516004664935,1
10.607788425465962,1
10.5514939605064,1
10.494008065063765,1
10.430900439651152,1
10.357853800955258,1
10.28556105785744,1
10.214263567035083,1
10.14785892548008,1
10.090531915143158,1
10.034657553402473,1
9.98026624054506,1
9.946170938251987,1
9.952213449611452,1
9.959618082017993,1
9.96822172875531,1
9.97784468193896,1
9.988303094260065,1
9.999416953350597,1
10.011018207571647,1
10.030625190550655,1
10.065767640915803,1
10.10101577343455,1
10.136323160855355,1
10.17555033225654,1
10.222505797232229,1
10.269672002715335,1
10.317209840504994,1
10.361441874088548,1
10.398937012719466,1
10.437597902121999,1
10.477787228850486,1
10.500250120449527,1
10.487216959138367,1
10.476971859711078,1
10.470012100616318,1
10.474800433457471,1
10.499030506725576,1
10.528139267331587,1
10.562640403531391,1
10.599015153313294,1
10.634210836604213,1
10.676167503986024,1
10.725249284047392,1
10.781756155754312,1
10.845915482489321,1
10.917875024929732,1
10.997697661838568,1
11.061153383235082,1
11.088311973188041,1
11.123417125792768,1
11.166233293221532,1
11.152293950895155,1
11.027599220672746,1
10.906749626972056,1
10.789345299260688,1
10.677844326558814,1
10.574502640223537,1
10.474135454270076,1
10.376620596620135,1
10.311595498756805,1
10.302271389402005,1
10.296648284859918,1
10.29485800442766,1
10.313076093434766,1
10.361749452772855,1
10.412465669336248,1
10.465389646163498,1
10.529430029982679,1
10.60949323615254,1
10.690037935616147,1
10.77119811856511,1
10.843891754167544,0
10.900308505562744,1
10.955402989922586,1
11.00908586235342,0
11.044959424866658,1
11.052228268445196,1
11.057976834842133,0
11.061646750707213,1
11.09997781212872,1
11.19689574684447,1
11.290377029141567,0
11.380189404990713,1
11.39093008264616,1
11.279086333905386,1
11.16921575005815,1
11.060705275851229,1
10.974766430882376,1
10.922312777969436,1
10.866983297954766,1
10.808564329741662,1
10.789471911191514,1
10.834226900766716,1
10.874540616684426,1
10.910509237448705,1
10.931511072012245,1
10.93131616149299,1
10.927096879276158,1
10.919142130514446,1
10.902098599887948,1
10.875677043546924,1
10.850043555911927,1
10.825382943336267,1
10.80212627275885,1
10.78057985404395,1
10.760357360777656,1
10.741458001491175,1
10.705573277180948,1
10.64305761312688,1
10.581625261289627,1
10.521188825446881,1
10.447826980882551,1
10.354477983617109,1
10.261803546658195,1
10.169688014381945,1
10.064137422692887,1
9.938346750695818,1
9.812874583248377,1
9.687660141913492,1
9.576602486500326,1
9.486189411496822,1
9.396002363963678,1
9.306142404824087,1
9.235437825304182,1
9.192513460722218,1
9.150566540194786,1
9.109947991731513,1
9.052242672059478,1
8.969721798976089,1
8.889858404399323,1
8.81319902456198,1
8.783048860991075,1
8.817897424676607,1
8.85785988704252,1
8.903517786268381,1
8.941064266321503,1
8.965282137379889,1
8.996764621668696,1
9.035938139535588,1
9.07355180888332,1
9.106253957846505,1
9.147552498665226,1
9.197548233446293,1
9.246675443086957,1
9.291437074512205,1
9.344758113461749,1
9.406335158498905,1
9.435683668314873,1
9.41573127274322,1
9.39919265261833,1
9.385621192920834,1
9.364894271589982,1
9.334375513087037,1
9.307158188249142,1
9.283122938142673,1
9.253664001793169,1
9.216222076836685,1
9.182236061348627,1
9.151882685502379,1
9.144893673396329,1
9.16570617421489,1
9.18838284100784,1
9.213135408364886,1
9.235419823424811,1
9.251945465651486,1
9.267632402418727,1
9.281917006462983,0
9.316280288899954,1
9.378000694663315,1
9.439901968990482,0
9.502367957418967,1
9.536603614343479,1
9.534022314781096,0
9.530311852373382,1
9.524724875617945,1
9.570076498115847,0
9.678305576273312,1
9.782364535145241,1
9.882151476539965,0
9.897851987577491,1
9.817317096690568,1
9.74045641120366,1
9.666551802996842,1
9.611675662626835,1
9.574414363660903,1
9.532362475424193,1
9.485609015938495,1
9.468884253431618,1
9.489123331237145,1
9.504517287129522,1
9.51522436771594,1
9.512465093509762,1
9.495026130082497,1
9.47400217009447,1
9.449726802950368,1
9.414817861265352,1
9.370929933729617,1
9.328384875408709,1
9.287396367794747,1
9.243178168707777,1
9.195055041033628,1
9.148829613841214,1
9.104504000201642,1
9.062030488992672,1
9.021316760020898,1
8.982232162096759,1
8.944614849807332,1
8.908279935111505,1
8.87302764485479,1
8.838652383369725,1
8.804951682206195,1
8.76093482073057,1
8.705145263054622,1
8.649571025010296,1
8.5941054718001,1
8.560337214399537,1
8.550569215806775,1
8.540822026749895,1
8.531213179680872,1
8.521925117022732,1
8.513205896180828,1
8.50536868739212,1
8.498789741201199,1
8.48298768239832,1
8.45736223884399,1
8.434471385574616,1
8.414890046724558,1
8.393547107934783,1
8.370816296260477,1
8.353213544165724,1
8.341380672047816,1
8.319239983416796,1
8.286425943243632,1
8.26128317831248,1
8.244153332367969,1
8.257964525147838,1
8.303899089669292,1
8.358773708418125,1
8.422669681749456,1
8.506899593670816,1
8.611483893435173,1
8.724310345102305,1
8.844979661935417,1
8.933059682365332,1
8.98513154299577,1
9.0409263106702,1
9.09994431387317,1
9.158336014028897,1
9.215139805883672,1
9.273177132380525,1
9.332084893058619,1
9.391806492728108,1
9.46023695620367,1
9.539930949806115,1
9.631119024997,1
9.72388225490859,1
9.809976439060621,1
9.896857482165721,1
9.9845213326746,1
10.055231409205831,0
10.107924821648064,1
10.159142062846428,1
10.208477046803635,0
10.25308253914499,1
10.293387256474059,1
10.33204140341314,0
10.369190440780438,1
10.393296544008168,1
10.403607182211964,0
10.410709076151777,1
10.414449096882585,1
10.466028210125227,0
10.562653139158096,1
10.655598082370194,1
10.744535710852482,1
10.74848321970814,1
10.673967548035307,1
10.596354296130924,1
10.515257604071344,1
10.46940170384432,1
10.456221193130785,1
10.439646929316,1
10.419470263321337,1
10.459421646849538,1
10.553583863947974,1
10.643626419694579,1
10.729606477691792,1
10.804970158643721,1
10.87019292080476,1
10.931448122775919,1
10.989020363335106,1
11.024664961436294,1
11.043634613560348,1
11.063547424968265,1
11.084535658716261,1
11.119672450636099,1
11.167654771082713,1
11.217073573501214,1
11.26786126801808,1
11.276784131774336,1
11.249206249005255,1
11.222588137371876,1
11.19683450771554,1
11.147028923523543,1
11.076519871262432,1
11.006566565753637,1
10.937068652952894,1
10.880380541086064,1
10.834547873418918,1
10.788910774367444,1
10.743438661288765,1
10.735601062098286,1
10.75946169809279,1
10.783596889272626,1
10.808164250927412,1
10.820821545178461,1
10.823935158744014,1
10.828242654794035,1
10.834090752267063,1
10.835554354938637,1
10.834178349473202,1
10.835612104105,1
10.8403423466844,1
10.791634498365337,1
10.700690094740096,1
10.614544563669604,1
10.533748709458768,1
10.46524112959573,1
10.40828532055785,1
10.358238528349634,1
10.315551211833547,1
10.344656242843287,1
10.432391108120374,1
10.527985973040714,1
10.631480169272681,1
10.762367248972218,1
10.916094947491079,1
11.07702076166239,1
11.244809607302289,1
11.302288609545212,1
11.27331076714777,1
11.247526943379533,1
11.224562718040861,1
11.198596762069778,1
11.172268363668302,1
11.150067525558066,1
11.131917279780794,1
11.155566103799787,1
11.211974834711283,1
11.272585926195246,1
11.337478996016639,1
11.409741572716198,1
11.48684119323602,1
11.566123165737904,0
11.647707076797271,1
11.700653560986844,1
11.730774896186276,0
11.760257067845895,1
11.78891557826584,1
11.814934423578949,0
11.83862384584074,1
11.861147308477406,0
11.882506924405806,0
11.889853563896423,1
11.886056858462446,0
11.879963976801537,0
11.871300173534195,0
11.911765041528989,0
11.98656305330092,0
12.058325525764884,1
12.126740797526525,1
12.07773636608861,1
11.947080080921388,1
11.815280411314665,1
11.681863875076537,1
11.580503320935051,1
11.50200135675296,1
11.422629759217074,1
11.342000069966039,1
11.439278585883692,1
11.656902953462275,1
11.870773599066078,1
12.080878981967087,1
12.119906419753917,1
12.040713515929758,1
11.957393446565545,1
11.87021921493196,1
11.833323777769658,1
11.832247889875397,1
11.831675274699718,1
11.831765012165176,1
11.819774186120023,1
11.800142916417757,1
11.781488665080921,1
11.76382680673331,1
11.712328333745795,1
11.63883145293689,1
11.566162945219665,1
11.494267226743593,1
11.451072702000483,1
11.42665583666251,1
11.40272527670578,1
11.379177406912971,1
11.355922116560892,1
11.332887419914943,1
11.310027240775804,1
11.287325204498291,1
11.27889197990572,1
11.279616292879451,1
11.280673274074948,1
11.282217842002922,1
11.263228265764386,1
11.231884535687712,1
11.201764866042614,1
11.173202496206393,1
11.16080112277216,1
11.159564933692268,1
11.161147720564008,1
11.16602694886762,1
11.174697811823366,1
11.187664555230922,1
11.205431019251181,1
11.2284905899228,1
11.22852728933205,1
11.21741191833685,1
11.212955160997584,1
11.215540694990404,1
11.232706009338603,1
11.261775723873244,1
11.298621058147893,1
11.343337307302715,1
11.389183512127378,1
11.43883751638857,1
11.496111119889653,1
11.560756739973858,1
11.617535963924015,1
11.669917368362466,1
11.725671305371424,1
11.784409243265912,1
11.83357296039773,1
11.878451400666055,1
11.925880629696728,1
11.975641353577485,1
12.024615105109898,1
12.074356818778282,1
12.126544401364976,1
12.181142424534412,1
12.243653845959416,1
12.310224492327254,1
12.377404775545632,1
12.445176020955833,1
12.51832027498511,1
12.594591032965269,1
12.671411367929668,1
12.748925363516946,1
12.80643131371628,1
12.851352921429026,1
12.894517282963747,1
12.93581794623285,1
12.95896624244589,1
12.971298920283244,1
12.981148213932716,1
12.988107423061969,1
13.103457012998476,1
13.275111887767073,1
13.443263255472868,1
13.60758424352764,1
13.620673896932939,1
13.554466549112544,1
13.48643241488305,1
13.41612026683565,1
13.383685600017078,1
13.368915498786869,1
13.350428187836098,1
13.32806435184752,1
13.317537901727706,1
13.310537035041046,1
13.298896950075543,1
13.28273250399243,1
13.275831796506916,1
13.271714814408238,1
13.263744914611388,1
13.252187980366326,1
13.249512571119409,1
13.252323573696831,1
13.255208575844364,1
13.258326727321661,1
13.278290667435844,1
13.307002938621725,1
13.336391782199295,1
13.366459543974388,1
13.389407553898137,1
13.40917046082127,1
13.429478819429596,1
13.450267317615033,1
13.471464305180524,1
13.4929988984885,1
13.514803903222555,1
13.536825245425744,1
13.551174704989917,1
13.5619643953522,1
13.5729196487728,1
13.584076393668568,1
13.587624164623314,1
13.58785782566249,1
13.588593311148122,1
13.590008621200088,1
13.584401495962993,1
13.576282403257236,1
13.569579415510294,1
13.564601209686613,1
13.577600943072195,1
13.600306571724039,1
13.625899330897733,1
13.65480084709019,1
13.687444635896039,1
13.72426535387922,1
13.765694611912211,1
13.81221249030274,1
13.831966245871609,1
13.843352049977304,1
13.860891594733346,1
13.884894880733777,1
13.915621028419128,1
13.953274971204504,1
13.997997995034163,1
14.049866396690296,1
14.110490421795669,1
14.178729617493671,1
14.25371854382886,1
14.335310951204773,1
14.35119868641197,1
14.340332294360941,1
14.332592707981236,1
14.327680675230944,1
14.332075337894405,1
14.34354795575484,1
14.359440333774979,1
14.379753099523072,1
14.368742974177037,1
14.3470257093518,1
14.329151407271095,1
14.315281840438905,1
14.282319128016322,1
14.24248527697501,1
14.204872971356291,1
14.169691106416773,1
14.119148988406648,1
14.062433257073684,1
14.00631033981189,1
13.950944356199116,1
13.885856229213895,1
13.816321962776648,1
13.74595699245986,1
13.674643805247124,1
13.596424610854799,1
13.514500182509586,1
13.430818414620104,1
13.344410184962246,1
13.322156270985209,1
13.322715184989393,1
13.321207892480274,1
13.317710851467828,1
13.215523044703907,1
13.076299822485128,1
12.935389086624262,1
12.792167292865908,1
12.685266285149334,1
12.591396728514468,1
12.496232351597502,1
12.39924289458466,1
12.406505484251392,1
12.450462708970054,1
12.492157731539198,1
12.531408615725919,1
12.577709585464799,1
12.623096325674913,1
12.664312632813926,1
12.702548901067457,1
12.669201913233689,1
12.612247933408973,1
12.5551243782805,1
12.498003303808355,1
12.443485998185265,1
12.39033672843313,1
12.337893456889965,1
12.28620808654025,1
12.235298360306643,1
12.185153299564519,1
12.135735818279233,1
12.08690973247932,1
12.056041192703054,1
12.031514053659949,1
12.00740705852138,1
11.984143051886967,1
11.899770821361109,1
11.795754792349493,1
11.691994309098538,1
11.588242309523222,1
11.502507682527266,1
11.422592186856072,1
11.343067258857108,1
11.26394158294079,1
11.1944344826036,1
11.128575095701912,1
11.063924498856684,1
11.000606742581052,1
10.965687572836881,1
10.941338857645743,1
10.919783375723481,1
10.901644537261749,1
10.878258773787405,1
10.856520998362996,1
10.839596008431595,1
10.828001302887966,1
10.822239116336736,1
10.822783496082037,1
10.830070838547453,1
10.844719379479272,1
10.848776573233348,1
10.855419427108203,1
10.870045475061618,1
10.8925338765216,1
10.933445215446397,1
10.984956512632136,1
11.044141275951217,1
11.110718506332825,1
11.163088635814779,1
11.213280130340763,1
11.26698269130364,1
11.324081675178165,1
11.34925564118625,1
11.366717442030597,1
11.38578415550291,1
11.406311404164976,1
11.428348255872423,1
11.455403701200469,1
11.486643333867322,1
11.521441531058116,1
11.525680255756502,1
11.519714594372836,1
11.511670567425469,1
11.501790380331633,1
11.453086312362435,1
11.393185090311555,1
11.33167461767768,1
11.268687064111703,1
11.210171133292851,1
11.149883654425954,1
11.08610068340547,1
11.017445745982453,1
10.972026699835988,1
10.929745162080147,1
10.885092678731375,1
10.834967838065829,1
10.87450135681577,1
10.932230774442266,1
10.987507379482194,1
11.041938171316959,1
10.94656087297542,1
10.820983421502994,1
10.702570999094492,1
10.589191260470011,1
10.546822207129617,1
10.513204648750685,1
10.473070168484442,1
10.426111612016545,1
10.42373822969112,1
10.428514247843902,1
10.428963402871771,1
10.425853180380951,1
10.404790285030819,1
10.378119290045197,1
10.349270000590527,1
10.31897703933877,1
10.27053209918002,1
10.219048640850538,1
10.1685006013621,1
10.11891944591098,1
10.071290074736318,1
10.025235214878876,1
9.98070865069707,1
9.937724072321931,1
9.896251068428475,1
9.856219888046835,1
9.817527184012665,1
9.780872374480781,1
9.71553215439152,1
9.645543233535598,1
9.576212204220974,1
9.507129166198238,1
9.448737083151697,1
9.392356210154947,1
9.33618724309973,1
9.28015159423474,1
9.22420876778422,1
9.16836262199565,1
9.11266684524459,1
9.057229520789255,1
9.030400939297685,1
9.010336224184792,1
8.991286075849306,1
8.974791066045876,1
8.929071733810868,1
8.880859099953566,1
8.835329688811253,1
8.793037061667563,1
8.802036491707641,1
8.825418110738468,1
8.853899773280437,1
8.888069276197255,1
8.928487865301156,1
8.975676275688475,1
9.030101451284112,1
9.091482562898475,1
9.200346633845802,1
9.324210256581637,1
9.456200267575142,1
9.600641281489342,1
9.632185202146848,1
9.654482908575606,1
9.685075468542477,1
9.724632218214063,1
9.677166714131399,1
9.616732367355041,1
9.559527987011505,1
9.505540449719852,1
9.442257664016187,1
9.380411539459832,1
9.321566260037155,1
9.266501179422766,1
9.173710026496542,1
9.080252944214354,1
8.992954165595977,1
8.912973101462063,1
8.833848608897075,0
8.75504488637532,1
8.675953268873334,1
8.594897893975567,0
8.565062943358752,1
8.542084424465276,1
8.518859236406128,0
8.493387287793523,1
8.524243260412964,0
8.56038640464828,1
8.59451179088553,1
8.626463597594007,0
8.64078481813517,0
8.650015713909184,1
8.656249564688213,0
8.660062758665521,0
8.601346101088378,1
8.53026940497516,0
8.455473477887566,0
8.374366459850107,1
8.322480463079684,0
8.271572627962389,1
8.219008039545384,0
8.163707655068963,0
8.177219281561642,1
8.200090320402058,1
8.221458403397696,1
8.238324439827341,1
8.406938124603965,1
8.591490879078039,1
8.771774703668855,1
8.949166980785932,1
9.075411936428896,1
9.19229438749277,1
9.305381104948971,1
9.417443582836059,1
9.447160283143125,1
9.469757212418232,1
9.493958600218388,1
9.52037375132164,1
9.530080387370367,1
9.539839337307333,1
9.5516104479316,1
9.565321233651659,1
9.580858109475436,1
9.598072957754459,1
9.6167907301433,1
9.640782072496762,1
9.566576704536967,1
9.485088608643094,1
9.404408267078702,1
9.323250334726408,1
9.336294927616828,1
9.360308175566724,1
9.384424796029098,1
9.412532143205999,1
9.341187855135054,1
9.262380407387557,1
9.1837605284636,1
9.10430076717227,1
9.068280593425934,1
9.036785541975343,1
9.006247507601605,1
8.978151947054673,1
8.898386407129703,1
8.815810007060469,1
8.735881465011515,1
8.65746348767457,1
8.647895341012326,1
8.648235033772847,1
8.653679335437054,1
8.66441723944687,1
8.702951939916275,1
8.750214091695359,1
8.804792544048597,1
8.867405641801222,1
8.927130054379433,1
8.994381117369652,1
9.07012402027419,1
9.15661630573932,1
9.177742617185947,1
9.20234845372059,1
9.235347022752585,1
9.277425327173404,1
9.245911871326935,1
9.210907970117184,1
9.178932978272167,1
9.150239319032993,1
9.094463095119398,1
9.038513315572756,1
8.984152289766305,1
8.930704902529977,1
8.89687466188687,1
8.867421821636194,1
8.841262594488493,1
8.818088231689675,1
8.814770992128727,1
8.81923886112867,1
8.831114303959296,1
8.852660931937097,0
8.833360922313314,1
8.812723334537885,1
8.793057803696701,0
8.775050521090007,1
8.762083196166763,0
8.749130182983624,1
8.734899976604561,0
8.720609818869383,1
8.657906904867476,0
8.591026722277416,0
8.522063565353081,0
8.451298487730384,1
8.306707000332196,0
8.15636599666969,0
8.00463007143829,1
7.847006538224662,0
7.784021611409073,0
7.72273031258246,1
7.659822348528608,0
7.5944750234286955,0
7.602864430924982,1
7.615205348148213,1
7.626079869535301,1
7.63305773228156,1
7.793935245853905,1
7.9600964368010105,1
8.123047390318428,1
8.284189757314058,1
8.379329158673398,1
8.467663597629697,1
8.55184399605869,1
8.633449211056588,1
8.651880938309509,1
8.669790859691336,1
8.689597232208879,1
8.7122043063591,1
8.706652715005296,1
8.702573950803677,1
8.700781703271943,1
8.701610643406775,1
8.693315871054772,1
8.68666509939632,1
8.681831090332508,1
8.678825298980971,1
8.665815635298419,1
8.653605442763912,1
8.642295270260112,1
8.633225753158548,1
8.566864222794917,1
8.499821965827286,1
8.433019632626248,1
8.36634060445114,1
8.299707723033826,1
8.233090716906151,1
8.166512865371919,1
8.099702841210366,1
8.044789581299778,1
7.990460715089579,1
7.936903050229616,1
7.884477284426834,1
7.789764760588347,1
7.695363018607037,1
7.603571458218639,1
