steps,epi,revenue,cost_total,cost_heat,cost_co2,cost_elec,fruit_dm_growth,energy_heat_kwh_m2,energy_elec_kwh_m2,co2_kg_m2,t_in_in_corridor_pct,t_in_violation_steps,t_in_violation_area,co2_in_corridor_pct,co2_violation_steps,co2_violation_area,rh_in_corridor_pct,rh_violation_steps,rh_violation_area,violation_steps_total,boiler_sum,lamp_sum,co2_injection_sum,vent_sum,solver_failures,method,seed,test_year,secs
5697,2.7101904126309053,17.67503365396426,14.964843241333352,7.6806457264019965,2.635070816692174,4.649126698239183,718048.242192298,85.3405080711333,15.49708899413061,8.783569388973914,73.70545901351588,1498,2477.0213413238525,100.0,0,0.0,69.3522906793049,1746,3856.8020362854,3244,2625.861787779035,534.3823787917622,1951.9043087352447,734.7228470409092,10,oracle_mpc,0,2020,4060.5
5760,-6.483060149648848,16.375142497425998,22.858202647074844,8.747231736587175,2.527546948964619,11.583423961523051,665240.1639579311,97.1914637398575,38.61141320507684,8.42515649654873,76.05902777777777,1379,2159.865050315857,100.0,0,0.0,54.44444444444444,2624,5957.049812316895,4003,2990.5065752137457,1331.4280411539476,1872.2570000329915,762.576056307377,5,oracle_mpc,0,2021,4069.4
5214,-0.698531551846606,14.936906628460823,15.635438180307432,7.677297209803854,2.2087781535950035,5.749362816908575,606811.8317812211,85.30330233115393,19.164542723028585,7.362593845316678,75.9493670886076,1254,1957.207019805908,100.0,0,0.0,64.51860375911009,1850,4082.528739929199,3104,2624.716994220397,660.8463007546828,1636.1319649280467,672.0471611148265,10,oracle_mpc,0,2022,3763.7
5760,-3.623667260171769,16.141146199653956,19.764813459825724,7.598876977869797,2.771281682318528,9.3946547996374,655734.064360942,84.43196642077552,31.315515998791337,9.237605607728428,80.48611111111111,1124,1560.9107551574707,100.0,0,0.0,53.21180555555556,2695,7019.910572052002,3819,2597.9066582370115,1079.8453793902856,2052.8012458023386,851.6256007280413,5,oracle_mpc,0,2023,3905.4
5689,2.6812389473486693,17.72107182536869,15.039832878020018,7.667676691127493,2.608124037396196,4.76403214949633,719918.542905603,85.19640767919437,15.880107164987768,8.693746791320653,73.31692740376164,1518,2527.329058647156,100.0,0,0.0,69.53770434171209,1733,4035.65421295166,3251,2621.427928983866,547.5899024887698,1931.94373169004,723.7262759764662,10,oracle_mpc,1,2020,4182.1
5760,-6.294165275528038,16.488891535223516,22.783056810751557,8.68879119505354,2.5214660342168638,11.57279958148115,669861.2186184553,96.54212438948376,38.57599860493717,8.404886780722878,75.27777777777777,1424,2378.831853866577,100.0,0,0.0,53.95833333333333,2652,6109.447593688965,4076,2970.5269029376573,1330.206848225734,1867.7526163940572,757.8665876490827,4,oracle_mpc,1,2021,4112.5
5211,-0.5199332564788299,14.97603234646931,15.49596560294814,7.634606289502773,2.217129197023945,5.644230116421422,608401.3140753157,84.82895877225305,18.81410038807141,7.390430656746485,76.66474764920362,1216,2023.4547243118288,100.0,0,0.0,64.690078679716,1840,4181.195240020752,3056,2610.1218077606936,648.7620826147097,1642.3179229839131,682.2806855709708,10,oracle_mpc,1,2022,3790.6
5760,-3.6929739784289017,16.083857208300113,19.77683118672901,7.637344297843272,2.751196116074215,9.388290772811526,653406.6990871921,84.85938108714747,31.294302576038422,9.170653720247383,79.46180555555556,1183,1854.3381843566892,100.0,0,0.0,54.045138888888886,2647,6834.883792877197,3830,2611.0578789185915,1079.1138817168844,2037.92304813173,843.7688128032959,6,oracle_mpc,1,2023,3936.6
3777,1.1265325165823743,11.678473791338018,10.551941274755643,5.488941187522246,1.6343171120597535,3.428682975173644,474437.997773107,60.98823541691385,11.428943250578811,5.447723706865846,71.45882975906804,1078,1780.6361675262451,100.0,0,0.0,68.7053216838761,1182,2846.713237762451,2260,1876.5610897282215,394.1014919012008,1210.6052683468895,471.7535237692008,10,oracle_mpc,10,2020,2720.3
5760,-6.504980354233967,16.460921067226657,22.96590142146062,8.705161587519298,2.5416942712576884,11.71904556268364,668724.918356083,96.72401763910332,39.063485208945465,8.472314237525628,75.92013888888889,1387,2168.283570289612,100.0,0,0.0,54.63541666666667,2613,6057.033416748047,4000,2976.1236205871546,1347.0167311718046,1882.7364960909235,756.6169671093733,5,oracle_mpc,10,2021,3842.4
5208,-0.6069882783254255,14.965027162303173,15.5720154406286,7.590048644801936,2.189541109886576,5.792425685940087,607954.2284685664,84.33387383113262,19.30808561980029,7.298470366288585,77.8609831029186,1153,1759.06112575531,100.0,0,0.0,63.59447004608296,1896,4318.300254821777,3049,2594.8884243867087,665.7960553422495,1621.882303661348,673.384657913231,10,oracle_mpc,10,2022,3546.8
5760,-3.613863530835197,16.227459754711006,19.841323285546203,7.542438350938911,2.7847316713607984,9.514153263246495,659240.5525351347,83.8048705659879,31.71384421082166,9.282438904535995,80.52083333333333,1122,1681.978967666626,100.0,0,0.0,53.09027777777777,2702,7034.982791900635,3824,2578.6114021065982,1093.5808350234174,2062.764200513481,847.9914367238495,7,oracle_mpc,10,2023,3692.7
4634,1.876256434237722,14.406776181544616,12.530519747306894,6.468567024440892,2.065162283906222,3.99679043895978,585275.28237525,71.87296693823214,13.3226347965326,6.883874279687407,72.16227880880449,1290,2164.933525085449,100.0,0,0.0,69.03323262839879,1435,3278.905616760254,2725,2211.475905601193,459.4012002307276,1529.7498388833878,588.5995674455639,10,oracle_mpc,11,2020,3291.7
5760,-6.324522601339451,16.464216794865372,22.788739396204825,8.660264330912575,2.5408521557657293,11.58762290952652,668858.8072914057,96.22515923236196,38.62540969842173,8.469507185885766,76.70138888888889,1342,2059.760468482971,100.0,0,0.0,53.81944444444444,2660,6161.805450439453,4002,2960.7741295805054,1331.910679075228,1882.1127082506316,755.6528708444284,9,oracle_mpc,11,2021,4043.6
5211,-0.6995333403683679,14.93978851863736,15.639321859005726,7.65122271787503,2.22760062734544,5.760498513785256,606928.9085696427,85.01358575416701,19.20166171261752,7.4253354244848,75.97390136250239,1252,1974.0677947998047,99.9808098253694,1,4.555084228515625,64.22951448858186,1864,4078.0525512695312,3117,2615.8026377537567,662.1262666654994,1650.0745393270754,689.1593117922988,10,oracle_mpc,11,2022,3733.0
5760,-3.7206598973501,16.123823057565986,19.844482954916085,7.629830833102178,2.7768725459770462,9.437779575836862,655030.3117136182,84.77589814557976,31.45926525278954,9.256241819923488,80.67708333333333,1113,1577.5673294067385,100.0,0,0.0,54.35763888888889,2629,6781.517635345459,3742,2608.48917415849,1084.8022496325889,2056.942625884194,842.3762966301199,7,oracle_mpc,11,2023,3896.7
4643,1.8663588091867855,14.448607406526753,12.582248597339962,6.505469273056274,2.047738821166297,4.029040503117392,586974.6758901492,72.2829919228475,13.430135010391306,6.825796070554324,72.32392849450787,1285,2152.9170360565186,100.0,0,0.0,69.97630842127934,1394,3319.9837532043457,2679,2224.092058866787,463.10810378649455,1516.8435705642364,580.823439745116,10,oracle_mpc,12,2020,3448.1
5760,-6.501564998978011,16.443308670873808,22.944873669851823,8.710503881092418,2.522782857377917,11.711586931381486,668009.4147542485,96.78337645658242,39.03862310460496,8.409276191259723,75.13888888888889,1432,2361.3965559005737,100.0,0,0.0,54.30555555555555,2632,6184.539840698242,4064,2977.9500441771,1346.1594173060028,1868.728042213002,770.5887365945998,7,oracle_mpc,12,2021,4092.9
5211,-0.5730759227796958,14.961416999673336,15.534492922453031,7.628302422910529,2.214801778383628,5.691388721158875,607807.5656117293,84.758915810117,18.97129573719625,7.382672594612094,76.56879677605066,1221,2037.159068107605,100.0,0,0.0,64.76683937823834,1836,4076.88510131836,3057,2607.9666398001773,654.1826122278474,1640.593910086325,682.3972848337268,10,oracle_mpc,12,2022,3780.9
5760,-3.7343712907692073,16.08332756423883,19.81769885500804,7.633349304780181,2.781555443911186,9.402794106316671,653385.1822972025,84.81499227533536,31.342647021055576,9.271851479703956,79.56597222222223,1177,1709.0318250656128,100.0,0,0.0,54.34027777777778,2630,6732.622932434082,3807,2609.692069868556,1080.780932364185,2060.411440578374,851.9097746041401,9,oracle_mpc,12,2023,3930.4
5597,2.479150598409283,17.255951617394913,14.77680101898563,7.654456798372056,2.514504525884649,4.607839694728922,701023.0344566683,85.04951998191174,15.359465649096409,8.38168175294883,73.968197248526,1457,2436.155415534973,100.0,0,0.0,69.1441843844917,1727,4047.222961425781,3184,2616.9083057693724,529.6367468004333,1862.5959460195809,715.5515034782582,10,oracle_mpc,13,2020,3888.5
5760,-6.413529371992473,16.436450315580753,22.849979687573224,8.73650380409263,2.50741370195552,11.606062181525076,667730.7940704682,97.07226448991813,38.68687393841692,8.358045673185067,75.67708333333333,1401,2181.679671764374,100.0,0,0.0,54.114583333333336,2643,5969.285865783691,4044,2986.838908603381,1334.0301365440437,1857.3434846150471,760.961597348339,8,oracle_mpc,13,2021,3841.8
5212,-0.5562355966896542,14.958617864531735,15.51485346122139,7.622761243223426,2.186645897700985,5.7054463202969785,607693.8507466018,84.69734714692696,19.01815440098993,7.288819659003284,77.91634689178818,1151,1765.7968168258667,100.0,0,0.0,65.08058326937835,1820,4134.789585113525,2971,2606.072218232235,655.7984277989452,1619.7377011820345,671.6712886641876,10,oracle_mpc,13,2022,3542.5
5760,-3.738876317717367,16.119623842504566,19.858500160221933,7.594146089072409,2.761675750353177,9.502678320796347,654859.718601748,84.37940098969344,31.675594402654493,9.205585834510591,79.77430555555556,1165,1693.2519550323486,100.0,0,0.0,53.57638888888889,2674,6975.215320587158,3839,2596.2892613086046,1092.261876200252,2045.6857397262663,843.9973125986018,7,oracle_mpc,13,2023,3671.6
3779,1.28080929085522,11.77488444233835,10.49407515148313,5.397391727757319,1.5985860907782743,3.4980973329475367,478354.6804699955,59.97101919730355,11.660324443158457,5.328620302594248,70.78592220164064,1104,1997.8926858901975,100.0,0,0.0,69.80682720296375,1141,2823.151924133301,2245,1845.2621276818988,402.0801529062662,1184.1378451872342,464.0043250950487,10,oracle_mpc,14,2020,2985.9
5760,-6.490214037179472,16.433523872719302,22.923737909898776,8.799189971313023,2.530048304110453,11.594499634475302,667611.9073292217,97.7687774590336,38.64833211491767,8.433494347034845,75.26041666666666,1425,2348.0018949508667,100.0,0,0.0,55.55555555555556,2560,5800.389778137207,3985,3008.270075171625,1332.7011073766514,1874.1098550978409,766.7510954265139,6,oracle_mpc,14,2021,4113.5
5211,-0.4977659082815604,14.99581549314688,15.49358140142844,7.587960237584856,2.2065718344962937,5.699049329347291,609205.004409092,84.3106693064984,18.996831097824305,7.3552394483209795,76.319324505853,1234,1995.1943054199216,100.0,0,0.0,64.22951448858186,1864,4145.323642730713,3098,2594.174440897061,655.0631408766643,1634.4976545501515,675.0702037915213,10,oracle_mpc,14,2022,3809.7
5760,-3.665792891808009,16.13282744058526,19.79862033239327,7.592842119114387,2.789352522070385,9.416425691208495,655396.1147737761,84.3649124346043,31.38808563736165,9.29784174023462,79.44444444444444,1184,1723.986890792847,100.0,0,0.0,53.55902777777778,2675,6825.809787750244,3859,2595.8434594552864,1082.347779661408,2066.187053215406,862.7138998655846,3,oracle_mpc,14,2023,3954.8
3779,1.179566853951039,11.786750991086263,10.607184137135224,5.457732939157358,1.642020094300865,3.507431103677001,478836.75901287945,60.64147710174843,11.69143701225667,5.473400314336216,70.28314368880656,1123,1905.7854928970337,100.0,0,0.0,69.5951309870336,1149,2627.462299346924,2272,1865.891602573668,403.1530001763504,1216.3111805004248,467.2384070451983,10,oracle_mpc,15,2020,2999.4
5760,-6.552966113148736,16.489189485130822,23.04215559827956,8.727298060929407,2.5415253219496585,11.773332215400494,669873.3228334397,96.9699784547712,39.24444071800165,8.471751073165528,75.53819444444444,1409,2255.8772382736206,100.0,0,0.0,54.79166666666667,2604,5930.411796569824,4013,2983.691645291307,1353.256576381227,1882.611350461374,760.4319189799396,10,oracle_mpc,15,2021,4137.1
5213,-0.7411928076439274,14.96034893780317,15.701541745447098,7.697474829017351,2.21793289254223,5.786134023887517,607764.1755982538,85.5274981001928,19.28711341295839,7.393109641807434,76.63533474007289,1218,1925.0830297470093,100.0,0,0.0,65.54766928831766,1796,4052.3762435913086,3014,2631.615324788354,665.0728756581996,1642.9132530709958,675.8184855872075,10,oracle_mpc,15,2022,3827.5
5760,-3.810391887914844,16.102318828315106,19.91271071622995,7.678491200352687,2.7894915620286653,9.444727953848597,654156.7024003011,85.31656889280764,31.482426512828653,9.29830520676222,80.39930555555556,1129,1629.3888263702393,100.0,0,0.0,53.95833333333333,2652,6715.132621765137,3781,2625.125196290209,1085.6009152012973,2066.290045209338,857.1242505203837,4,oracle_mpc,15,2023,3977.5
5217,1.913428435312589,16.2420032722205,14.32857483690791,7.279490981862647,2.356194518304652,4.69288933674061,659831.3829339577,80.88323313180719,15.642964455802034,7.853981727682173,72.35959363618937,1442,2430.752529144287,100.0,0,0.0,69.84857197623155,1573,3678.428207397461,3015,2488.714863556541,539.4125673216615,1745.3292726910315,665.9004132969828,10,oracle_mpc,16,2020,3914.0
5760,-6.543120429558424,16.59526159139241,23.13838202095084,8.735782254277893,2.539249574405419,11.863350192267522,674182.5021503167,97.06424726975438,39.54450064089174,8.464165248018064,75.50347222222223,1411,2365.6925191879272,100.0,0,0.0,54.34027777777778,2630,6081.494884490967,4041,2986.5922228030386,1363.6034708823213,1880.925611433124,773.4226206570743,8,oracle_mpc,16,2021,4168.2
5022,-0.9062657909850378,14.331578419771343,15.237844210756384,7.43178614147462,2.086416638788016,5.719641430493748,582220.373303211,82.57540157194023,19.065471434979163,6.954722129293386,77.1405814416567,1148,1925.7211656570437,100.0,0,0.0,64.55595380326564,1780,4053.578624725342,2928,2540.781586627247,657.4300495821465,1545.4938065177985,643.2576754604122,10,oracle_mpc,16,2022,3720.4
5760,-3.841024867274262,16.176968414575995,20.017993281850256,7.6675402120409615,2.799872003113149,9.550581066696148,657189.3418421498,85.19489124489958,31.83527022232049,9.33290667704383,80.05208333333333,1149,1672.6566133499146,100.0,0,0.0,54.35763888888889,2629,6742.67654800415,3778,2621.3812682414173,1097.767938691586,2073.979262660632,857.7072527135695,6,oracle_mpc,16,2023,3989.0
3777,1.2242732571210264,11.70846049025626,10.484187233135234,5.482262608262961,1.6218050886524762,3.380119536219797,475656.2074166606,60.91402898069957,11.267065120732658,5.406016962174921,70.95578501456183,1097,1830.7971239089968,100.0,0,0.0,69.42017474185862,1155,2638.1212730407715,2252,1874.2778137221312,388.51948690806375,1201.337102553303,461.1940583614993,10,oracle_mpc,17,2020,2850.0
5760,-6.502655197660371,16.445437430812618,22.948092628472992,8.748215075887131,2.507957965631285,11.691919586954578,668095.8956267628,97.20238973207924,38.97306528984859,8.359859885437617,75.24305555555556,1426,2244.393440246582,100.0,0,0.0,54.75694444444444,2606,6032.955612182617,4032,2990.8427607790154,1343.8988025669198,1857.746642527108,760.526566924126,8,oracle_mpc,17,2021,4096.9
5213,-0.61675964403587,15.005162672032554,15.621922316068424,7.644480680678946,2.2229303057893843,5.754511329600092,609584.7335513225,84.93867422976606,19.18170443200031,7.409767685964614,76.8847112986764,1205,1955.192441940308,100.0,0,0.0,65.02973335891042,1823,4119.227653503418,3028,2613.4976678275457,661.438082665984,1646.6150401540183,666.3632271541333,10,oracle_mpc,17,2022,3788.9
5760,-3.63956659334148,16.17714795832832,19.8167145516698,7.612448057792136,2.7743558718442407,9.429910622033422,657196.635807088,84.5827561976904,31.433035406778075,9.24785290614747,80.55555555555556,1120,1599.0734977722168,100.0,0,0.0,53.02083333333333,2706,6978.755760192871,3826,2602.5463436380915,1083.8977734327705,2055.0784239056866,853.4470006387814,6,oracle_mpc,17,2023,3938.7
5760,3.0120686417222484,18.03773656983717,15.025667928114922,7.722884016346242,2.7040230169838804,4.5987608947848,732783.0481496351,85.80982240384714,15.329202982616,9.013410056612935,73.54166666666667,1524,2570.60385799408,100.0,0,0.0,69.20138888888889,1774,4053.9669075012207,3298,2640.3022264264346,528.5932060048199,2002.980012057601,746.8333746814271,10,oracle_mpc,18,2020,4133.3
5760,-6.410417583122053,16.49854883265208,22.90896641577413,8.692651827419418,2.555246469741132,11.661068118613588,670253.5463264908,96.5850203046602,38.87022706204529,8.51748823247044,75.15625,1431,2263.086459159851,100.0,0,0.0,54.513888888888886,2620,6170.802722930908,4051,2971.846776983781,1340.3526556884815,1892.7751624564653,759.9918767737486,10,oracle_mpc,18,2021,4083.6
5217,-0.5256272511357758,14.979540455423027,15.5051677065588,7.6059934244169085,2.222555289048862,5.676618993093031,608543.8310015604,84.51103804907676,18.922063310310104,7.408517630162874,77.01744297488979,1199,1912.6201543807983,100.0,0,0.0,64.38566225800268,1858,4137.817150115967,3057,2600.339631566406,652.4849414383257,1646.3372507511608,671.4141787342253,10,oracle_mpc,18,2022,3775.6
5760,-3.626108467553857,16.062233848162993,19.68834231571685,7.609733032507234,2.788753760859587,9.28985552235003,652528.2500816216,84.55258925008037,30.9661850745001,9.295845869531956,79.44444444444444,1184,1855.694474220276,100.0,0,0.0,53.80208333333333,2661,6847.910343170166,3845,2601.6181304137026,1067.7994858256452,2065.7435266970124,842.5922279445849,9,oracle_mpc,18,2023,3911.6
5698,2.818805800171888,17.76863225015662,14.949826449984736,7.64472406127136,2.6335452396495262,4.671557149063848,721850.6851626128,84.94137845857067,15.57185716354616,8.778484132165088,73.51702351702352,1509,2417.8082189559937,100.0,0,0.0,69.86661986661986,1717,3899.4572982788086,3226,2613.5808743250445,536.9605926400795,1950.774251798145,726.6289609456123,10,oracle_mpc,19,2020,4061.9
5760,-6.309687251804419,16.49921538532883,22.80890263713325,8.663221896026315,2.5114254364914093,11.634255304615529,670280.6250289838,96.25802106695906,38.78085101538509,8.371418121638031,76.16319444444444,1373,2167.9009199142456,100.0,0,0.0,54.09722222222222,2644,6051.312576293945,4017,2961.785262088618,1337.2707250852436,1860.315138327505,759.0657536728147,7,oracle_mpc,19,2021,4064.6
5211,-0.6137364375045979,14.956919071234957,15.57065550873955,7.679742401555709,2.2100368592555397,5.680876247928305,607624.83726892,85.33047112839677,18.936254159761017,7.366789530851798,75.55171752062944,1274,2099.607490539551,100.0,0,0.0,65.49606601420072,1798,4104.898857116699,3072,2625.5529566188798,652.974281418671,1637.0643390965988,678.4566415903239,10,oracle_mpc,19,2022,3761.2
5760,-3.653224369177876,16.0769961939819,19.73022056315977,7.6072779790979075,2.777157291638277,9.345785292423589,653127.9703805146,84.52531087886564,31.152617641411965,9.25719097212759,80.24305555555556,1138,1657.3480520248413,100.0,0,0.0,53.40277777777778,2684,6960.26842880249,3822,2600.778796059619,1074.2281951216364,2057.1535499089778,848.9988799752732,7,oracle_mpc,19,2023,3897.5
5704,2.7469200299753536,17.784665010665883,15.03774498069053,7.638274076888038,2.63417084573217,4.765300058070322,722502.0160583016,84.86971196542265,15.884333526901074,8.780569485773901,73.91304347826086,1488,2440.49977684021,100.0,0,0.0,69.4249649368864,1744,4076.9764709472656,3232,2611.3757516355627,547.735638227263,1951.2376629063197,732.1477481142715,10,oracle_mpc,2,2020,4365.8
5760,-6.339419061722826,16.475462778086246,22.814881839809072,8.608547229527483,2.518982735036656,11.687351875244936,669315.6753597538,95.6505247725276,38.95783958414979,8.396609116788854,76.45833333333333,1356,2075.412030220032,100.0,0,0.0,53.43750000000001,2682,6210.986324310303,4038,2943.09307087868,1343.3737784167174,1865.913138237228,756.6769499379941,5,oracle_mpc,2,2021,4166.9
5213,-0.5982889870856682,14.987791612683353,15.58608059976902,7.621285512391466,2.2120341303225373,5.752760957055017,608879.0342652611,84.68095013768296,19.175869856850056,7.373447101075125,76.05985037406484,1248,1942.2987451553345,100.0,0,0.0,64.83790523690773,1833,4173.706344604492,3081,2605.5676957970745,661.2368908468902,1638.5438006370196,675.0613227053502,10,oracle_mpc,2,2022,3842.3
5760,-3.5688370074926787,16.18685876807274,19.75569577556541,7.567688187092311,2.78235058329654,9.405657005176566,657591.137452955,84.08542430102568,31.35219001725522,9.2745019443218,79.87847222222221,1159,1679.9064016342163,100.0,0,0.0,53.19444444444444,2696,6921.636871337891,3855,2587.243825755508,1081.1100002098387,2061.000431528734,848.9216357958339,5,oracle_mpc,2,2023,3949.0
5693,2.7410459119503785,17.73826607500289,14.997220163052512,7.594348311621892,2.60348184842542,4.799390003005202,720617.0592969925,84.38164790690992,15.997966676684008,8.678272828084733,73.88020375900228,1487,2421.4854822158813,100.0,0,0.0,68.94431758299666,1768,4141.67440032959,3255,2596.3583972995507,551.6540233529731,1928.505071541552,724.7741411494003,10,oracle_mpc,3,2020,3928.7
5760,-6.488643994300468,16.432025931932035,22.920669926232502,8.678793829810541,2.5204993099461626,11.7213767864758,667551.0534847389,96.43104255345044,39.07125595491933,8.401664366487209,75.32986111111111,1421,2358.865240097046,100.0,0,0.0,53.78472222222223,2662,6266.258499145508,4083,2967.1090008626184,1347.2846882382764,1867.0365255935365,762.132824126985,9,oracle_mpc,3,2021,3811.2
5212,-0.6516200688015088,14.937665528779732,15.58928559758124,7.649028717273225,2.2033246724652438,5.73693220784277,606842.6621066766,84.9892079697025,19.123107359475902,7.344415574884144,77.35993860322333,1180,1966.050814628601,100.0,0,0.0,64.77359938603223,1836,4295.5066566467285,3016,2615.052553296044,659.4174947990889,1632.092349291455,677.5895216437284,10,oracle_mpc,3,2022,3529.9
5760,-3.730224036087337,16.13916490358772,19.869388939675066,7.57857440359606,2.793579198165193,9.497235337913809,655653.5742082512,84.20638226217845,31.65745112637936,9.311930660550644,80.15625,1143,1711.5586109161377,100.0,0,0.0,52.79513888888889,2719,7066.71842956543,3862,2590.965608020311,1091.6362452326423,2069.317923440857,841.2524309961026,5,oracle_mpc,3,2023,3657.2
3775,1.073504530217768,11.655882856539376,10.582378326321606,5.538924531852537,1.6007634517736564,3.442690342695415,473520.24104691215,61.54360590947263,11.475634475651384,5.335878172578855,69.56291390728478,1149,2028.3264417648315,100.0,0,0.0,70.86092715231787,1100,2676.829372406006,2249,1893.6494128909071,395.7115336708725,1185.7507037445523,473.142479701286,10,oracle_mpc,4,2020,2714.3
5760,-6.456666915889341,16.53554853167266,22.992215447562,8.687551317670003,2.544025785412092,11.760638344479904,671756.6590992018,96.52834797411116,39.20212781493301,8.480085951373642,75.34722222222221,1420,2268.487861633301,100.0,0,0.0,55.38194444444444,2570,5954.220687866211,3990,2970.1030136905997,1351.797511292989,1884.4635442774484,760.7251102542089,8,oracle_mpc,4,2021,3842.5
5217,-0.5840846604319518,14.9690414065338,15.55312606696575,7.672730662266966,2.197817591707472,5.682577812991312,608117.3071404356,85.2525629140774,18.94192604330437,7.326058639024907,76.99827487061529,1200,1921.984474182129,100.0,0,0.0,65.32489936745256,1809,4113.958984375,3009,2623.1557805324987,653.1698637173071,1628.0130305612315,683.3239393470642,10,oracle_mpc,4,2022,3548.3
5760,-3.6852784239032506,16.120184518616284,19.805462942519533,7.593056354935491,2.772163138467757,9.440243449116288,654882.4960687866,84.36729283261657,31.46747816372096,9.240543794892524,80.08680555555556,1147,1750.588646888733,100.0,0,0.0,53.35069444444444,2687,6954.280826568604,3834,2595.916701459748,1085.0854544811848,2053.454175799813,850.7183617941981,7,oracle_mpc,4,2023,3693.8
5690,2.6795674616252785,17.685986280788523,15.006418819163247,7.681617780986863,2.6133782975887505,4.711422740587633,718493.1926570338,85.3513086776318,15.704742468625444,8.711260991962503,73.77855887521967,1492,2578.35980796814,100.0,0,0.0,70.0,1707,3824.615612030029,3199,2626.1941140724275,541.5428433848356,1935.835775196712,729.6579658813303,10,oracle_mpc,5,2020,3996.6
5760,-6.418087627401494,16.53610753929858,22.954195166700075,8.69149790889263,2.542147688597448,11.720549569209997,671779.3687840048,96.5721989876959,39.06849856403332,8.47382562865816,75.52083333333334,1410,2272.516565322876,100.0,0,0.0,53.94097222222223,2653,6148.960414886475,4063,2971.452275089021,1347.1896055800144,1883.07236213035,760.436159672668,6,oracle_mpc,5,2021,3843.9
5217,-0.5299392621529169,15.065022363728149,15.594961625881064,7.595012366143944,2.216403354281437,5.783545905455681,612016.533526456,84.38902629048827,19.27848635151894,7.388011180938125,75.94402913551849,1255,2043.2971601486208,100.0,0,0.0,64.71152003066896,1841,4194.5980224609375,3096,2596.585423749793,664.7753913830243,1641.7802608174452,670.800931540299,10,oracle_mpc,5,2022,3542.7
5760,-3.7203299427200376,16.115372780748153,19.835702723468195,7.659813620028264,2.7923412873755065,9.383547816064423,654687.0192178938,85.10904022253627,31.278492720214743,9.307804291251689,79.79166666666667,1164,1819.374366760254,100.0,0,0.0,54.28819444444445,2633,6659.104156494141,3797,2618.739699969342,1078.5687148347397,2068.4009531466854,848.2700020190257,9,oracle_mpc,5,2023,3677.8
5027,1.680793443113641,15.54409158670363,13.863298143589986,7.016144147796554,2.252086811193013,4.5950671846004205,631478.720709835,77.95715719773949,15.316890615334737,7.506956037310045,73.10523174855778,1352,2186.3073196411133,100.0,0,0.0,69.54445991645116,1531,3633.113800048828,2883,2398.681758942096,528.1686420242796,1668.2124527369667,622.8388943667239,10,oracle_mpc,6,2020,3624.7
5224,-6.330617755055856,14.877828949925767,21.208446704981625,8.166252760310126,2.260733647230876,10.78146029744062,604411.8010907343,90.73614178122362,35.93820099146874,7.535778824102921,74.11944869831547,1352,2231.711832046509,100.0,0,0.0,55.03445635528331,2349,5547.193572998047,3701,2791.881285791429,1239.2483113659769,1674.6175163899702,685.9966519130331,10,oracle_mpc,6,2021,3756.1
5213,-0.5659516413944887,14.988148933836552,15.554100575231043,7.658668195177719,2.232923825966256,5.662508554087068,608893.55043711,85.09631327975244,18.87502851362356,7.443079419887519,75.92557068866296,1255,2068.4991998672485,100.0,0,0.0,64.22405524649913,1865,4245.549018859863,3120,2618.3481011520826,650.8630511919182,1654.0176489934497,684.6918224593804,10,oracle_mpc,6,2022,3800.1
5760,-3.6586468894590105,16.16170807150027,19.82035496095929,7.590406485154288,2.808671952396732,9.421276523408268,656569.3904046987,84.33784983504765,31.40425507802756,9.36223984132244,79.98263888888889,1153,1665.7491884231567,100.0,0,0.0,53.54166666666666,2676,6870.925857543945,3829,2595.010763397336,1082.9053471919246,2080.497742195369,859.8720806210907,6,oracle_mpc,6,2023,4074.8
4632,1.8421528872414417,14.306219442091756,12.464066554850314,6.524325698942249,2.058312634681756,3.88142822122631,581190.1648349776,72.492507766025,12.938094070754367,6.861042115605853,72.15025906735751,1290,2172.269474983216,100.0,0,0.0,69.6027633851468,1408,3250.0973930358887,2698,2230.53870099303,446.1411750113237,1524.6760255246863,579.9704826058285,10,oracle_mpc,7,2020,3261.7
5760,-6.34160135164371,16.475653995346676,22.817255346990382,8.74288693797882,2.526689136133002,11.54767927287856,669323.4435609586,97.14318819976468,38.49226424292854,8.422297120443341,76.04166666666666,1380,2218.552508354187,100.0,0,0.0,54.98263888888889,2593,6019.245071411133,3973,2989.021175726134,1327.3194556930457,1871.6215842136032,761.2984908225349,9,oracle_mpc,7,2021,3810.1
5024,-0.8845767064382908,14.286852855170244,15.171429561608536,7.503811441265841,2.093191429634746,5.5744266907079485,580403.3972412912,83.37568268073157,18.58142230235983,6.977304765449154,76.81130573248409,1165,1847.633244514465,100.0,0,0.0,65.72452229299363,1722,4037.005565643311,2887,2565.40562123924,640.7387004511085,1550.512171043736,641.1097384995267,10,oracle_mpc,7,2022,3402.8
5760,-3.739779642160759,16.135954805557642,19.8757344477184,7.663651696101915,2.785936621933587,9.426146129682898,655523.1639757792,85.1516855122435,31.420487098943,9.28645540644529,80.22569444444444,1139,1662.1104621887207,100.0,0,0.0,55.53819444444444,2561,6761.677982330322,3700,2620.051861231668,1083.465072352496,2063.6567563823182,848.3825108723745,6,oracle_mpc,7,2023,3661.1
5021,1.6769907378131172,15.422771271525114,13.745780533711995,7.022329573437859,2.2285214980332286,4.4949294622409095,626550.0829057078,78.02588414930955,14.983098207469698,7.428404993444095,73.55108544114718,1328,2250.254514694214,100.0,0,0.0,69.5678151762597,1528,3670.8483600616455,2856,2400.7964372882834,516.6585591652283,1650.756664706098,631.2059670632298,10,oracle_mpc,8,2020,3511.5
5760,-6.473154463439537,16.477910975380976,22.95106543882051,8.699553926647145,2.561835638963697,11.689675873209673,669415.1333748521,96.6617102960794,38.96558624403224,8.53945212987899,75.12152777777777,1433,2291.157169342041,100.0,0,0.0,54.70486111111112,2609,6046.78071975708,4042,2974.2064707572054,1343.6409053763962,1897.6560289538024,777.7432510383537,7,oracle_mpc,8,2021,3812.2
5208,-0.6528114125412559,14.838412919106265,15.491224331647524,7.6113307330789315,2.190092524445998,5.689801074122592,602810.524838692,84.5703414786548,18.96600358040864,7.300308414819994,77.34254992319508,1180,1832.5154085159304,100.0,0,0.0,64.57373271889401,1845,4363.802684783936,3025,2602.16435161408,654.000123191036,1622.2907582962575,673.7962848142674,10,oracle_mpc,8,2022,3517.8
5760,-3.7249064514701127,16.119665315886536,19.84457176735665,7.641770174701043,2.8015961701166034,9.401205422539004,654861.4034578906,84.90855749667826,31.33735140846335,9.338653900388678,79.63541666666667,1173,1831.128347873688,100.0,0,0.0,54.47916666666666,2622,6686.081642150879,3795,2612.570998899536,1080.598324430026,2075.2564217554877,862.2204241746899,7,oracle_mpc,8,2023,3664.3
3773,1.1328718499679011,11.68590468257864,10.55303283261074,5.488267779001497,1.633092640015506,3.431672413593738,474739.8777297573,60.98075310001664,11.438908045312465,5.44364213338502,69.5997879671349,1147,1977.686172485352,100.0,0,0.0,69.62629207527166,1146,2624.8117179870605,2293,1876.3308648913992,394.44510509815854,1209.6982516274825,469.6930259568345,10,oracle_mpc,9,2020,2781.4
5760,-6.501646131335585,16.47683797293998,22.97848410427556,8.720535436032995,2.5250789945737058,11.732869673668862,669371.5426506866,96.89483817814438,39.10956557889621,8.416929981912354,75.06944444444444,1436,2291.921208381653,100.0,0,0.0,54.34027777777778,2630,6144.907852172852,4066,2981.379635364248,1348.6057102384202,1870.4288846044951,762.5985170073839,9,oracle_mpc,9,2021,4120.5
5215,-0.535302814723158,15.039637402135448,15.574940216858607,7.601441411978868,2.1880071301010418,5.785491674778696,610985.2694617526,84.46046013309854,19.28497224926232,7.293357100336806,76.98945349952061,1200,2009.833532333374,100.0,0,0.0,64.65963566634707,1843,4223.995891571045,3043,2598.783389137636,664.9990429617291,1620.7460229633657,671.483919113243,10,oracle_mpc,9,2022,3809.2
5760,-3.6872991172779184,16.134526399642347,19.821825516920264,7.611759087513827,2.777157811210676,9.43290861819576,655465.1349854703,84.57510097237585,31.4430287273192,9.257192704035589,80.29513888888889,1135,1763.2084102630615,100.0,0,0.0,53.95833333333333,2652,6870.11096572876,3787,2602.310800057878,1084.242370594162,2057.153934433483,845.7603075410525,2,oracle_mpc,9,2023,3960.3
5760,5.54089919588107,15.13033590534057,9.589436709459498,8.254380124000088,1.335056585459411,0.0,614669.8961544606,91.71533471111208,0.0,4.450188618198037,80.95486111111111,1097,1309.655014038086,99.93055555555556,4,13.938262939453123,86.02430555555556,805,2762.397819519043,1906,2822.0102988034487,0.0,988.9308040440084,1442.2255991958082,0,ppo,0,2020,5.7
5760,0.392408757470565,12.478469487102531,12.086060729631969,10.897214479228108,1.1888462504038584,0.0,506937.8229135404,121.08016088031232,0.0,3.962820834679528,77.30902777777777,1307,1513.478226661682,98.7847222222222,70,6589.121948242188,89.40972222222221,610,617.7373809814453,1987,3725.5434117019176,0.0,880.6268521510065,1297.7617933526635,0,ppo,0,2021,5.3
5760,4.443334473115394,14.435417317566278,9.992082844450884,9.088319746483862,0.903763097967021,0.0,586438.8285261301,100.98133051648736,0.0,3.01254365989007,80.64236111111111,1115,1538.7335939407349,98.07291666666669,111,17572.767456054688,91.49305555555556,490,559.6765327453613,1716,3107.117862045765,0.0,669.4541466422379,1653.1738492548466,0,ppo,0,2022,5.3
5760,1.203708724630028,12.34107326349426,11.137364538864231,10.011150531248376,1.1262140076158569,0.0,501356.1013294544,111.23500590275974,0.0,3.754046692052856,75.19097222222221,1429,1650.331455230713,99.98263888888889,1,0.70733642578125,91.42361111111111,494,878.47119140625,1924,3422.615566238761,0.0,834.232598233968,1738.583293821663,0,ppo,0,2023,5.4
5760,-2.885695178501298,11.242738119336972,14.128433297838267,10.47611806398779,2.4317239120334384,1.2205913218170406,456736.2360980645,116.40131182208656,4.068637739390136,8.105746373444795,82.53472222222223,1006,1278.482204437256,99.61805555555556,22,9106.24462890625,89.49652777777779,605,1145.0597839355469,1633,3581.5788252949715,140.29785308241844,1801.2769718766212,1739.9394850730896,0,sac,0,2020,5.7
5760,-5.757942512937012,10.066231037190434,15.824173550127448,12.138726240804791,2.365852690283954,1.3195946190387011,408940.6358858614,134.87473600894216,4.398648730129004,7.886175634279846,88.99305555555556,634,740.9619150161743,97.55208333333331,141,32786.14074707031,91.9965277777778,461,617.5691604614258,1236,4149.991877198219,151.6775424182415,1752.4834742844105,1982.40462026,0,sac,0,2021,5.5
5760,-2.399347334868601,11.768919435046474,14.168266769915071,10.74666201757863,2.012039274524152,1.4095654778122904,478112.35204876296,119.40735575087368,4.698551592707635,6.706797581747174,85.86805555555556,814,674.6135263442993,99.72222222222224,16,455.432373046875,90.39930555555556,553,871.4883079528809,1383,3674.072484642267,162.01902043819427,1490.3994626104832,1728.4653456807137,0,sac,0,2022,5.6
5760,-5.0526290256575965,10.08812505706611,15.140754082723706,11.602403761439769,2.564282264766097,0.9740680565178396,409830.0804433107,128.91559734933077,3.246893521726132,8.547607549220324,86.75347222222223,763,644.4554252624512,99.09722222222224,52,8725.225830078125,93.09027777777776,398,476.5522537231445,1213,3966.633764594793,111.96184557676315,1899.468344271183,2323.520655244589,0,sac,0,2023,5.5
5760,4.041802703805067,13.765962093024314,9.724159389219244,9.193566266479902,0.5305931227393448,0.0,559242.2100291128,102.15073629422112,0.0,1.7686437424644827,83.59375,945,1006.7229051589966,99.79166666666669,12,128.248291015625,76.05902777777777,1379,4052.299201965332,2336,3143.099578283727,0.0,393.03194276988506,1323.5591428903865,0,ppo,1,2020,5.4
5760,-2.1492070402125902,10.372694099349427,12.52190113956202,11.864229822078531,0.6540437662526964,0.0036275512307882,421390.6977860705,131.8247758008726,0.0120918374359607,2.180145887508988,94.49652777777776,317,484.13365936279297,99.75694444444444,14,348.3783874511719,84.14930555555556,913,1681.2102432250977,1244,4056.1469477191567,0.4169599115848541,484.4768638908863,1205.2500274255872,0,ppo,1,2021,5.1
5760,1.2744024648960648,12.521198360909704,11.24679589601364,10.391050026086903,0.8557458699267356,0.0,508673.6834119568,115.4561114009656,0.0,2.852486233089119,93.05555555555556,400,536.0088129043579,100.0,0,0.0,84.96527777777779,866,1606.8573532104492,1266,3552.495735414326,0.0,633.8858295753598,1390.5969977264758,0,ppo,1,2022,5.3
5760,-0.1797398266581935,10.685516852954764,10.865256679612958,9.780960919567756,1.0833018293447791,0.0009939307004213,434099.1221512873,108.67734355075288,0.0033131023347377,3.61100609781593,94.01041666666666,345,468.8637027740479,100.0,0,0.0,77.32638888888889,1306,2708.014289855957,1651,3343.918263100088,0.1142449080944061,802.4457995146513,1669.7440324281342,0,ppo,1,2023,5.1
5760,-2.0447858202348663,10.86149824808061,12.906284068315475,9.396840145734696,2.424350325755775,1.0850935968250035,441248.3663282748,104.40933495260774,3.616978656083345,8.08116775251925,79.67013888888889,1171,2062.644821166992,94.65277777777776,308,113185.94689941406,86.64930555555556,769,1592.8745613098145,2248,3212.5949216187,124.72340193390846,1795.8150561153889,1417.2978864610195,0,sac,1,2020,5.7
5760,-4.955482961320686,10.027138302541715,14.9826212638624,11.14362382138744,2.7983050569713117,1.0406923855036496,407352.4935407572,123.81804245986044,3.468974618345499,9.327683523237704,77.06597222222223,1321,2077.316164016724,91.5625,486,126927.17944335938,89.07986111111111,629,949.9919815063477,2436,3809.78592184186,119.61981442570686,2072.81856071949,1486.3164165616035,0,sac,1,2021,5.5
5760,-2.4315441514674987,11.32268230692256,13.754226458390058,9.91999734519124,2.8151545300528404,1.0190745831459762,459983.96871872887,110.22219272434712,3.396915277153254,9.383848433509469,79.16666666666666,1200,2096.613044738769,96.35416666666666,210,76049.7370300293,90.46875,549,905.3449478149414,1959,3391.452083826065,117.13500955700874,2085.299651890993,1869.9848456084728,0,sac,1,2022,5.6
5760,-4.54615130492005,9.883606052219834,14.429757357139884,10.353700308810174,3.191322749081254,0.884734299248457,401521.4958714308,115.04111454233528,2.9491143308281904,10.637742496937513,82.86458333333333,987,1312.1318492889404,95.13888888888889,280,54823.33906555176,87.67361111111111,710,1318.6985664367676,1977,3539.726601302624,101.69359761476515,2363.942777097225,2195.00724619627,0,sac,1,2023,5.6
5760,0.4283699728997064,12.98616181844106,12.557791845541352,10.590827117983435,1.966964727557916,0.0,527562.8238741681,117.67585686648265,0.0,6.55654909185972,98.02083333333331,114,100.72933101654051,100.0,0,0.0,87.1875,738,3346.750717163086,852,3620.7955958917737,0.0,1457.01090930216,1334.074164265301,0,ppo,10,2020,5.9
5760,-2.4220177081642844,11.894543207192775,14.316560915357062,12.29294433750026,2.023616577856801,0.0,483215.81779220654,136.58827041666956,0.0,6.7453885928560045,97.60416666666669,138,140.02908992767334,99.32291666666669,39,1237.568603515625,90.65972222222224,538,634.2962951660156,715,4202.7160128206015,0.0,1498.97524285689,905.8656844880898,0,ppo,10,2021,5.7
5760,-0.5356444072396738,13.06305850694801,13.598702914187683,11.433818493235856,2.1648844209518283,0.0,530686.7518447629,127.04242770262064,0.0,7.216281403172761,98.19444444444444,104,131.7850103378296,99.16666666666669,48,1311.9847412109375,93.59375,369,555.7409133911133,521,3908.99777546525,0.0,1603.618089593947,1257.8860435963145,0,ppo,10,2022,6.0
5760,-2.2947322104510293,11.623178282763586,13.917910493214617,11.569134131309577,2.348776361905038,0.0,472191.61773727066,128.54593479232864,0.0,7.82925453968346,98.90625,63,100.82137393951416,100.0,0,0.0,89.46180555555556,607,598.0050468444824,670,3955.25953207165,0.0,1739.8343421518805,1220.4081155164167,0,ppo,10,2023,5.4
5760,-3.287093376852474,12.107921692894497,15.395015069746972,10.693234811742602,3.021040675516426,1.6807395824879408,491884.3187738389,118.81372013047336,5.602465274959803,10.070135585054754,71.82291666666667,1623,3102.907377243042,94.32291666666669,327,94061.14331054688,89.13194444444444,626,1777.716407775879,2576,3655.806773245335,193.18845775723457,2237.8079077899456,2045.7815983891487,0,sac,10,2020,6.0
5760,-7.185904885800954,8.57427665059415,15.760181536395102,12.38352819446549,1.8059901044771076,1.5706632374525071,348329.9889303873,137.59475771628323,5.235544124841691,6.019967014923692,85.3125,846,1470.876528263092,95.92013888888889,235,50162.997802734375,89.93055555555556,580,1057.2129821777344,1661,4233.684852808714,180.53600430488584,1337.7704477608204,1584.31554672122,0,sac,10,2021,5.9
5760,-4.608664746099871,11.512417986062008,16.12108273216188,11.261485600773993,2.495763772322237,2.3638333590656515,467691.9806837691,125.12761778637768,7.879444530218839,8.319212574407459,77.39583333333333,1302,2061.664450645447,92.03125,459,118885.21166992188,92.23958333333331,447,754.7129325866699,2208,3850.080547273159,271.70498380064964,1848.71390542388,1879.1660053431988,0,sac,10,2022,6.0
5760,-6.534350231888752,9.017749246699502,15.552099478588254,11.3055143375583,2.6429365914702414,1.6036485495597124,366346.06314716727,125.61682597287,5.345495165199042,8.809788638234139,80.625,1116,1061.938286781311,96.16319444444444,221,47113.13562011719,86.12847222222221,799,1484.9037475585938,2136,3865.133106857538,184.3274194896221,1957.7308084964752,2359.377139300108,0,sac,10,2023,5.7
5760,3.828209509851062,13.884783660566244,10.056574150715184,8.775714391912334,1.2808597588028496,0.0,564069.3362105037,97.50793768791485,0.0,4.269532529342833,82.96875,981,1497.783489227295,100.0,0,0.0,83.87152777777777,929,3563.397491455078,1910,3000.244236551225,0.0,948.7850065206294,1422.4219811465591,0,ppo,11,2020,5.7
5760,-2.742613982470192,10.015335864578804,12.757949847048996,12.134906055814216,0.6230437912347813,0.0,406873.0194985139,134.83228950904683,0.0,2.076812637449271,92.32638888888889,442,881.1345691680908,100.0,0,0.0,91.9965277777778,461,398.0949897766113,903,4148.685831047595,0.0,461.5139194331714,1061.7724881470203,0,ppo,11,2021,5.7
5760,1.2622052476139518,12.152893042238867,10.890687794624917,10.027924282689394,0.8616493029630685,0.001114208972454,493711.27984095406,111.42138091877104,0.0037140299081802,2.8721643432102284,92.41319444444444,437,584.9079065322876,100.0,0,0.0,90.79861111111111,530,680.6998825073242,967,3428.350182116032,0.1280699968338012,638.2587429356063,1561.2945962697268,0,ppo,11,2022,5.9
5760,-0.8965704206981613,11.019321267527918,11.91589168822608,10.8239824756125,1.09190921261358,0.0,447659.92649332166,120.26647195125,0.0,3.6396973753786006,91.02430555555556,517,728.1016855239868,100.0,0,0.0,93.45486111111111,377,463.415714263916,894,3700.5068292692304,0.0,808.8216389730223,1537.229721210897,0,ppo,11,2023,5.7
5760,-0.993510884811156,12.33190348736105,13.325414372172206,10.345449219218642,2.3193876901701094,0.6605774627834559,500983.5791740427,114.94943576909604,2.201924875944853,7.731292300567031,88.95833333333333,636,872.1720523834229,96.21527777777776,218,24811.919464111328,86.47569444444444,779,1738.8059883117676,1633,3536.905715972185,75.92844399809837,1718.0649556815624,1135.2220032215118,0,sac,11,2020,6.0
5760,-5.2244560513989295,10.162720484454814,15.387176535853744,12.185542233516276,2.4244346247956154,0.7771996775418519,412860.5196809768,135.3949137057364,2.5906655918061734,8.081448749318719,88.57638888888889,658,887.2833099365234,94.77430555555556,301,39221.8376159668,89.58333333333334,600,1047.7996215820312,1559,4165.997344791889,89.33329626917839,1795.8774998486042,1521.7509313225746,0,sac,11,2021,5.9
5760,-1.1310763560762511,11.853769357714254,12.984845713790506,10.520209387155624,1.7719339121729134,0.6927024144619703,481559.3801571416,116.89121541284024,2.309008048206568,5.906446373909712,89.40972222222221,610,799.1615743637085,97.29166666666669,156,15908.73272705078,88.57638888888889,658,1446.214580535889,1424,3596.652781933546,79.62096717953682,1312.5436386466026,1651.9277332127094,0,sac,11,2022,6.0
5760,-4.758800371220695,10.370189042232198,15.128989413452892,11.812516228779405,2.45443033029288,0.8620428543806077,421288.9298406831,131.25018031977118,2.873476181268692,8.181434434309601,89.44444444444444,608,626.8484697341919,99.67013888888889,19,4665.117919921875,92.88194444444444,410,583.439453125,1037,4038.46708676219,99.08538556098938,1818.0965409576893,2038.4546818733213,0,sac,11,2023,5.8
5760,-1.4651360107158728,8.159674726510843,9.624810737226715,8.968306777003594,0.633379757766053,0.0231242024570703,331486.78576450306,99.64785307781771,0.0770806748569011,2.1112658592201767,68.68055555555556,1804,9767.20397900045,100.0,0,0.0,81.92708333333333,1041,6981.645790100098,2845,3066.087787009776,2.657954305410385,469.1701909378171,1998.475088272244,0,ppo,12,2020,5.5
5760,-3.745373224137953,8.786783433313438,12.532156657451392,12.186607614829391,0.3430809839107095,0.0024680587112903,356963.07697835844,135.40675127588213,0.0082268623709678,1.1436032797023652,92.03125,459,1982.1510796546936,98.2465277777778,101,3943.575881958008,90.8159722222222,529,1379.448917388916,1089,4166.36157771945,0.2836849093437195,254.1340621560812,890.8229727372527,0,ppo,12,2021,5.1
5760,-0.1186937834803623,11.856123908454675,11.97481769193504,11.723261939123088,0.2395908684711903,0.011964884340763,481655.0337809713,130.25846599025652,0.0398829478025436,0.798636228237301,93.59375,369,822.6463499069214,98.8715277777778,65,1859.628448486328,90.29513888888889,559,1445.0992164611816,993,4007.952799700201,1.3752740621566772,177.4747173860669,1334.7117892615497,0,ppo,12,2022,5.2
5760,-15.09869326559739,1.1563468372972134,16.255040102894604,16.24243707242757,0.0110228036999702,0.0015802267670631,46976.59026519931,180.47152302697305,0.0052674225568771,0.0367426789999008,73.40277777777777,1532,7104.957431793213,99.91319444444444,5,76.30206298828125,85.85069444444444,815,4622.422172546387,2352,5552.969939291477,0.1816352605819702,8.165039777755737,253.83503687754276,0,ppo,12,2023,5.0
5760,-3.433497192731437,11.365610642806502,14.79910783553794,10.593627191803604,2.0635705803304907,2.1419100634038446,461727.9323640141,117.70696879781782,7.139700211346149,6.878568601101636,69.375,1764,3426.7701349258423,97.69097222222224,133,65428.52833557129,86.26736111111111,791,2311.516647338867,2688,3621.7528860867023,246.1965590119362,1528.5708002448082,2026.6007366776464,0,sac,12,2020,5.7
5760,-8.096177468622932,9.43330379848658,17.52948126710951,11.647093245770035,2.637499458901584,3.2448885624378923,383227.9668135173,129.41214717522263,10.816295208126308,8.79166486300528,66.875,1908,3560.8897557258606,96.02430555555556,229,39330.00943756104,82.72569444444444,995,1816.3999710083008,3132,3981.912220776081,372.9756968319416,1953.7033028900623,2166.5012476444244,0,sac,12,2021,5.6
5760,-4.808719980490107,11.074440477868269,15.883160458358375,11.120722574975344,1.840991291695833,2.9214465916872028,449899.14441339846,123.5635841663927,9.73815530562401,6.136637638986111,78.14236111111111,1259,1820.7274589538572,95.24305555555556,274,41308.82827758789,89.02777777777777,632,1121.664463043213,2165,3801.9564358890057,335.798458814621,1363.6972531080246,1919.719422608614,0,sac,12,2022,5.6
5760,-6.7856546104879865,9.765568838281016,16.551223448769,11.1509340460293,2.728180798141658,2.672108604598045,396726.2340551663,123.89926717810332,8.907028681993484,9.093935993805529,78.29861111111111,1250,1603.3400812149048,99.25347222222224,43,7405.914489746094,83.55902777777777,947,2075.496192932129,2240,3812.285143941641,307.13892006874084,2020.8746652901173,2593.14592140913,0,sac,12,2023,5.4
5760,3.1710807298401287,12.21972576109524,9.048645031255113,8.499723664983362,0.5487809357050806,0.0001404305666685,496426.3590444941,94.44137405537067,0.000468101888895,1.829269785683602,74.09722222222223,1492,2239.167836666107,100.0,0,0.0,84.18402777777779,911,4444.185470581055,2403,2905.8884324729443,0.0161414444446563,406.50439681857824,1462.1299991142005,0,ppo,13,2020,6.0
5760,-2.560863072137179,10.538136355411991,13.09899942754917,12.433339146332816,0.6656602812163531,0.0,428111.7894386121,138.1482127370313,0.0,2.2188676040545103,90.57291666666669,543,767.4532518386841,100.0,0,0.0,92.82986111111111,413,471.21675872802734,956,4250.714238062501,0.0,493.0816897898912,1124.0259792543948,0,ppo,13,2021,5.7
5760,1.6705870719455298,12.419241024943451,10.748653952997923,10.139948923358697,0.6069809473436325,0.0017240822955965,504531.66663832776,112.66609914842996,0.0057469409853219,2.023269824478775,89.01041666666667,633,737.7271118164062,100.0,0,0.0,90.53819444444444,545,869.3965377807617,1178,3466.649204567075,0.1981703788042068,449.61551655083895,1554.3032269915566,0,ppo,13,2022,5.9
5760,-0.1528481500463734,11.0683894047763,11.221237554822675,10.388220132735931,0.8083923613853753,0.0246250607013702,449653.3195690373,115.42466814151037,0.0820835356712341,2.6946412046179176,86.19791666666666,795,976.4345359802246,100.0,0,0.0,90.12152777777776,569,1079.8909339904783,1364,3551.5282505080104,2.8304667472839355,598.8091565817595,1767.9746479019525,0,ppo,13,2023,6.0
5760,-4.02749565347287,10.646376738871604,14.673872392344474,11.065051929299534,2.28716211618036,1.3216583468645813,432509.05501665897,122.94502143666148,4.405527822881938,7.6238737206012,92.93402777777776,407,373.9182596206665,97.96875,117,17347.778076171875,94.61805555555556,310,442.8781433105469,834,3782.923736512661,151.91475251317024,1694.1941601336002,2082.6443567574024,0,sac,13,2020,6.2
5760,-7.859883008496121,8.264472257865563,16.124355266361682,12.8189771015279,2.0340652341127394,1.271312930721045,335744.1854757885,142.43307890586556,4.2377097690701495,6.780217447042465,89.87847222222223,583,754.750566482544,98.03819444444444,113,43116.446533203125,95.20833333333331,276,359.3848686218262,972,4382.556274026632,146.12792307138443,1506.714988231659,1730.3860832452774,0,sac,13,2021,6.2
5760,-4.704551985206558,10.292463528466866,14.997015513673423,11.008397978563606,1.8468671629026527,2.1417503722071647,418131.33084396645,122.31553309515118,7.139167907357216,6.156223876342177,84.93055555555556,868,916.2412242889404,97.58680555555556,139,18305.496948242188,95.45138888888889,262,315.3286552429199,1269,3763.5548644661903,246.17820370197296,1368.0497502982616,1898.1375552415848,0,sac,13,2022,6.1
5760,-6.161935316681121,8.532291728918995,14.694227045600115,11.41083801036626,2.0840936352163557,1.1992954000175,346624.3514873342,126.78708900406956,3.997651333391667,6.946978784054518,91.71875,477,449.85096645355225,99.23611111111111,44,6194.5146484375,92.17013888888889,451,701.1015701293945,972,3901.1412001252174,137.85004597902298,1543.7730631232262,2193.109184831381,0,sac,13,2023,5.7
5760,4.002032757176625,13.600729333704876,9.598696576528251,9.448396058009193,0.1400515612039715,0.0102489573150873,552529.6291817606,104.98217842232437,0.034163191050291,0.4668385373465716,94.6875,306,348.7035984992981,100.0,0,0.0,83.125,972,4693.250417709351,1278,3230.220874533057,1.1780410706996918,103.74189718812704,1637.5924470350146,0,ppo,14,2020,6.0
5760,-2.4960438192056005,10.260852456930516,12.756896276136114,12.582319650197402,0.1707941502481699,0.0037824756905436,416847.13106280216,139.80355166886002,0.0126082523018121,0.5693138341605664,94.67013888888889,307,433.761004447937,99.98263888888889,1,2.57623291015625,93.99305555555556,346,351.52356338500977,654,4301.647743657231,0.4347673207521438,126.51418536901474,1534.5808279514313,0,ppo,14,2021,5.6
5760,1.0083742795412438,12.119302059394215,11.110927779852972,10.8971143530529,0.2121459531515836,0.0016674736484885,492346.64616289,121.07904836725444,0.0055582454949617,0.7071531771719456,96.80555555555556,184,209.62854671478271,100.0,0,0.0,93.125,396,684.0518341064453,580,3725.5091805309057,0.1916636377573013,157.14515048265457,1795.9847151972351,0,ppo,14,2022,5.6
5760,-0.6435688928469903,10.990137884726389,11.633706777573376,11.270542260769757,0.3622613381937146,0.0009031786099076,446474.3515670095,125.22824734188616,0.0030105953663587,1.2075377939790488,94.20138888888889,334,405.8285250663757,100.0,0,0.0,93.33333333333331,384,581.3087539672852,718,3853.176841288805,0.1038136333227157,268.34173199534416,1793.1683569028974,0,ppo,14,2023,5.6
5760,-3.9099518657346657,11.384398263218491,15.29435012895316,11.254108343289792,2.3669475205957893,1.6732942650675775,462491.17944325134,125.04564825877549,5.577647550225259,7.889825068652631,89.25347222222221,619,610.9191217422485,93.90625,351,84999.21411132812,91.63194444444444,482,853.1186790466309,1452,3847.558407962322,192.33267414569852,1753.2944597005844,2108.389436393976,0,sac,14,2020,5.7
5760,-7.51776807447907,9.696280107981597,17.214048182460665,12.662781558081509,3.038405577304959,1.5128610470741988,393911.3793867523,140.69757286757232,5.042870156913996,10.12801859101653,89.77430555555556,589,643.3373699188232,97.03125,171,36498.88125610352,91.92708333333334,465,467.7875556945801,1225,4329.156088232994,173.89207437634468,2250.6707980036736,2581.545122295618,0,sac,14,2021,5.7
5760,-4.561324400836257,11.210649259791497,15.77197366062775,11.512184461576492,2.4157830119758845,1.8440061870753768,455432.6261790296,127.91316068418324,6.146687290251255,8.052610039919616,85.69444444444444,824,798.0858306884766,95.1215277777778,281,128663.61010742188,95.01736111111111,287,410.9763298034668,1392,3935.7895595133305,211.954734146595,1789.4688977599144,2339.6848826110363,0,sac,14,2022,5.6
5760,-5.266884678143968,9.96018437231783,15.2270690504618,11.38717376659736,2.4521414372161026,1.3877538466483357,404632.4901254119,126.5241529621929,4.625846155494452,8.173804790720343,85.10416666666667,858,997.0660486221312,98.68055555555556,76,26357.803100585938,85.85069444444444,815,1579.4332084655762,1749,3893.050860375166,159.5119363963604,1816.4010646045208,2491.991698473692,0,sac,14,2023,5.6
5760,3.665965836526316,13.842625706504894,10.176659869978575,8.683949516175314,1.492710353803262,0.0,562356.6693267613,96.4883279575035,0.0,4.975701179344207,94.84375,297,269.46313762664795,99.8090277777778,11,426.40696716308594,84.04513888888889,919,3585.7637481689453,1227,2968.871629461646,0.0,1105.7113731876016,1123.9314266331494,0,ppo,15,2020,5.7
5760,-2.633068156327828,8.747277149129697,11.380345305457524,10.69554626286272,0.6847990425948053,0.0,355358.134183394,118.8394029206969,0.0,2.282663475316017,96.85763888888889,181,232.56369876861567,99.73958333333334,15,273.20947265625,91.73611111111111,476,768.7784805297852,672,3656.59701294452,0.0,507.2585500702262,1778.3273391015828,0,ppo,15,2021,5.3
5760,1.3508359731311006,12.065991899661164,10.715155926530064,9.61297216460891,1.1021837619211523,0.0,490180.9209237348,106.8108018289879,0.0,3.673945873070509,96.82291666666669,183,235.37986373901367,99.32291666666669,39,1937.662048339844,90.625,540,775.0011520385742,762,3286.4862101227045,0.0,816.4324162378907,1554.424004664179,0,ppo,15,2022,5.4
5760,-0.6065620192107906,9.983202521745936,10.589764540956727,9.713447358439677,0.8763171825170517,0.0,405567.60244592873,107.92719287155197,0.0,2.9210572750568398,97.10069444444444,167,180.44073963165283,99.32291666666669,39,2037.3104095458984,88.00347222222223,691,1087.8384017944336,897,3320.8367037400603,0.0,649.1238389015198,1946.8851028853096,0,ppo,15,2023,5.4
5760,-3.223705449103429,12.15392976425676,15.37763521336019,11.013668216751515,3.337387028597295,1.0265799680113792,493753.3966729309,122.37409129723906,3.421933226704597,11.12462342865765,84.70486111111111,881,2213.944788455963,97.69097222222224,133,30373.96850585937,93.05555555555556,400,797.7291870117188,1414,3765.356655299664,117.99769747257233,2472.1385397017,2922.4131529033184,0,sac,15,2020,5.9
5760,-5.709918980749978,10.276018461518452,15.98593744226843,12.30808746523708,2.2069285884261127,1.470921388605237,417463.24999918713,136.75652739152312,4.903071295350791,7.356428628087043,87.43055555555556,724,813.0521354675293,98.83680555555556,67,4928.753173828125,90.52083333333331,546,718.9481430053711,1337,4207.893150508404,169.07142397761345,1634.7619173526764,2246.4903888106346,0,sac,15,2021,5.8
5760,-3.4336364153078947,11.565148827841952,14.998785243149849,11.180898395685103,2.4564816393837328,1.361405208081007,469834.1711310793,124.23220439650116,4.538017360270024,8.18827213127911,81.57986111111111,1061,1307.7570276260376,97.17013888888889,163,41712.179443359375,94.32291666666669,327,326.57632064819336,1551,3822.5293660461903,156.48335725069046,1819.616029173136,2207.128420740366,0,sac,15,2022,5.8
5760,-4.6545362562588135,10.95196483809066,15.606501094349472,10.939517451705784,2.838583656844496,1.828399985799193,444923.5715474331,121.55019390784206,6.094666619330644,9.461945522814988,86.59722222222223,772,782.4075546264648,98.80208333333331,69,13912.323120117188,88.97569444444444,635,1175.1565856933594,1476,3740.00596639514,210.1609179079533,2102.654560625553,2767.7531668543816,0,sac,15,2023,5.7
5760,4.206612755958312,13.716508805626392,9.509896049668082,8.786718795567937,0.7231352269828318,4.20271173119545e-05,557233.1702285722,97.63020883964376,0.0001400903910398,2.4104507566094395,72.65625,1575,1995.969612121582,100.0,0,0.0,82.30902777777777,1019,4328.190532684326,2594,3004.006425835192,0.0048307031393051,535.6557236909866,1439.5641157254577,0,ppo,16,2020,5.7
5760,-0.8180624938699471,10.25234563840301,11.07040813227296,10.41401177554205,0.6563963567309081,0.0,416501.5415601224,115.71124195046724,0.0,2.187987855769694,79.56597222222223,1177,1322.9280700683594,100.0,0,0.0,87.20486111111111,737,1300.0693626403809,1914,3560.3459061682224,0.0,486.2195235043764,1290.5096399784088,0,ppo,16,2021,5.3
5760,2.831330911912806,12.863781328155882,10.032450416243076,9.3258667231109,0.706583693132177,0.0,522591.11645633273,103.62074136789887,0.0,2.3552789771072566,73.94097222222223,1501,1695.9878730773926,100.0,0,0.0,87.01388888888889,748,1407.9336471557615,2249,3188.330503627658,0.0,523.395328246057,1852.189873702824,0,ppo,16,2022,5.4
5760,0.7864141982626558,11.083325826832318,10.296911628569664,9.675457706710697,0.6214539218589663,0.0,450260.1117150629,107.50508563011884,0.0,2.071513072863221,76.38888888888889,1360,1550.6718606948853,100.0,0,0.0,86.66666666666667,768,1611.5320167541504,2128,3307.848788619041,0.0,460.3362384140492,1992.875679552555,0,ppo,16,2023,5.3
5760,-1.9338363120871969,10.028313440021556,11.962149752108752,9.337862380760908,1.775022067661583,0.8492653036862612,407400.2335008757,103.75402645289898,2.8308843456208708,5.916740225538612,76.42361111111111,1358,1861.137493133545,99.04513888888889,55,5717.163696289063,85.48611111111111,836,2196.122756958008,2249,3192.4315831661224,97.61670157313348,1314.8311612308023,2193.7262462079525,0,sac,16,2020,5.7
5760,-5.626158137826383,8.884098720249028,14.51025685807541,11.98401849147454,1.7562847639024255,0.7699536026984453,360916.5105101168,133.1557610163838,2.5665120089948177,5.854282546341419,78.09027777777777,1262,1454.1991577148438,97.74305555555556,130,11303.415649414062,87.55208333333333,717,1203.47416305542,2109,4097.100338965654,88.50041410326958,1300.9516769647598,1702.1629173755646,0,sac,16,2021,5.7
5760,-0.886632432114224,11.31977998620506,12.206412418319283,10.219120491872728,1.0341505655676126,0.9531413608789444,459866.0619395806,113.54578324303031,3.1771378695964816,3.4471685518920423,74.13194444444444,1490,1947.168969154358,99.91319444444444,5,1743.024658203125,88.29861111111111,674,1196.822723388672,2169,3493.716407477856,109.55647826194765,766.0374559760094,2034.3330987989905,0,sac,16,2022,5.6
5760,-3.648312540429096,9.209971471808096,12.85828401223719,10.345722072945534,1.7602052635386585,0.7523566757529975,374155.0910422039,114.9524674771726,2.507855585843325,5.867350878462196,76.5625,1350,1451.7785186767578,99.72222222222224,16,1007.907470703125,86.51041666666667,777,1544.7651977539062,2143,3536.998999297619,86.47777882218361,1303.8557507693768,2354.451830357313,0,sac,16,2023,5.5
5760,3.292631506323883,14.841263762110914,11.54863225578703,10.13573858446777,1.0072619173575192,0.4056317539617419,602926.3403357558,112.61931760519744,1.3521058465391398,3.3575397245250644,78.03819444444444,1265,1903.8424167633057,100.0,0,0.0,80.20833333333334,1140,8454.498161315918,2405,3465.209772467613,46.624339535832405,746.1199387833476,2209.792781723197,0,ppo,17,2020,5.4
5760,-2.197191159367135,12.216448077388534,14.41363923675567,12.794187673828192,1.6194515629274768,0.0,496293.2031439092,142.15764082031325,0.0,5.398171876424923,81.875,1044,1377.4745483398438,100.0,0,0.0,95.5034722222222,259,251.0611724853516,1303,4374.081256009638,0.0,1199.5937503166497,1619.24386694422,0,ppo,17,2021,5.1
5760,1.6744144782092445,14.529071530904252,12.854657052695003,11.462399443012476,1.385105333083123,0.0071522765994071,590243.5309429852,127.35999381124974,0.0238409219980239,4.617017776943743,86.73611111111111,764,994.7559804916382,99.6875,18,1313.0274658203125,94.3402777777778,326,592.8429412841797,1108,3918.7690403461456,0.8221007585525513,1026.003950431943,1904.355414492544,0,ppo,17,2022,5.2
5760,-1.1007140020964354,12.658899205311046,13.759613207407485,11.717096294419282,2.0387562785435467,0.0037606344446539,514267.7802157613,130.1899588268809,0.0125354481488466,6.795854261811822,86.89236111111111,755,885.8913478851318,100.0,0,0.0,92.96875,405,732.2813339233398,1160,4005.844886980951,0.4322568327188492,1510.1898359581828,1932.350630016532,0,ppo,17,2023,5.2
5760,-2.95843305925823,10.316860813016229,13.275293872274458,9.359057973311842,2.4429163385510444,1.4733195604115723,419122.47052878427,103.98953303679824,4.911065201371908,8.143054461836815,79.67013888888889,1171,1500.2401480674744,97.65625,135,44257.30322265625,85.43402777777777,839,1657.2549362182615,2145,3199.677939593792,169.34707590937614,1809.5676581859589,1780.6679953038692,0,sac,17,2020,5.7
5760,-6.047270767101522,9.94294901005191,15.990219777153431,11.805088191197813,2.637068902435898,1.548062683519721,403932.3035333589,131.1676465688646,5.160208945065738,8.79022967478633,82.22222222222221,1024,1141.1124210357666,95.5034722222222,259,59816.31396484375,88.07291666666667,687,999.6924819946288,1970,4035.927586734295,177.9382394850254,1953.38437217474,1609.6362164616585,0,sac,17,2021,5.6
5760,-4.261686230144973,11.10243599074674,15.364122220891714,10.816121448129415,2.740945856362581,1.8070549163997167,451036.46212408633,120.17912720143796,6.023516387999058,9.13648618787527,89.18402777777777,623,592.4665260314941,94.1840277777778,335,54028.40103149414,87.53472222222223,718,1063.0581512451172,1676,3697.819298505783,207.70746165513992,2030.3302639722824,1847.1647241413596,0,sac,17,2022,5.6
5760,-5.246577307293495,9.468512557689914,14.715089864983408,10.37974032966122,2.871561921340227,1.463787613981962,384658.3226561528,115.33044810734692,4.87929204660654,9.57187307113409,79.93055555555556,1156,1600.4515504837036,98.7847222222222,70,28969.0263671875,84.42708333333333,897,1725.6781463623047,2123,3548.6291725337505,168.25144988298416,2127.0829046964645,2152.3995400071144,0,sac,17,2023,5.3
5760,4.1791164892714985,13.285514437093076,9.10639794782158,8.97047487138603,0.135923076435551,0.0,539724.0240069063,99.67194301540032,0.0,0.4530769214518368,86.30208333333333,789,1193.7472643852234,100.0,0,0.0,86.97916666666666,750,3076.9822311401367,1539,3066.8290158584714,0.0,100.6837603226304,1443.3727197647097,0,ppo,18,2020,5.7
5760,-2.5278480222442905,9.901634435363135,12.429482457607426,12.197332921143808,0.2321495364636182,0.0,402253.8989366274,135.5259213460423,0.0,0.7738317882120609,87.43055555555556,724,1540.4542021751404,99.98263888888889,1,24.79278564453125,93.81944444444444,356,528.5935401916504,1081,4170.028349108994,0.0,171.9626196026802,1132.4761337414384,0,ppo,18,2021,5.5
5760,1.4406933284844603,12.017948054025448,10.577254725540987,10.360966589083336,0.2162881364576518,0.0,488229.13969478384,115.12185098981485,0.0,0.7209604548588395,85.13888888888889,856,1369.7449369430542,99.98263888888889,1,11.936676025390623,91.5972222222222,484,1137.8732109069824,1341,3542.2107996866107,0.0,160.21343441307545,1488.417970335111,0,ppo,18,2022,5.5
5760,-0.5888823756804735,10.874584180376488,11.46346655605696,11.170959612585603,0.2925069434713572,0.0,441779.9823277948,124.12177347317338,0.0,0.975023144904524,91.11111111111111,512,1015.1457858085632,100.0,0,0.0,95.53819444444444,257,305.88516998291016,769,3819.131491482258,0.0,216.67180997878316,1790.7025193460286,0,ppo,18,2023,5.5
5760,0.5000691638323693,13.389811149068477,12.889741985236109,10.068644100514051,2.2474116977110503,0.5736861870110035,543961.0779309069,111.87382333904505,1.9122872900366783,7.491372325703502,79.79166666666667,1164,2113.1264238357544,97.56944444444444,140,35453.54296875,93.125,396,612.0476608276367,1700,3442.271487355232,65.94094103574753,1664.7494057118893,1045.1351606547832,0,sac,18,2020,5.8
5760,-4.354095028978247,9.827002112447063,14.18109714142531,11.99169175568819,1.388467161257565,0.8009382244795561,399221.960818162,133.24101950764657,2.6697940815985204,4.62822387085855,85.72916666666667,822,1152.3216590881348,98.125,108,10869.2939453125,91.61458333333331,483,884.374641418457,1413,4099.723677158356,92.0618648827076,1028.4941935241222,1717.9164150953293,0,sac,18,2021,5.7
5760,-0.0135261709707086,12.718836502441556,12.732362673412265,10.788579836569726,1.267826526260376,0.675956310582161,516702.73291168816,119.87310929521918,2.253187701940537,4.226088420867921,88.36805555555556,670,1124.323221206665,99.51388888888889,28,3118.8162841796875,93.26388888888889,388,570.3968162536621,1086,3688.403362929821,77.69612765312195,939.1307601928712,1868.3058298826215,0,sac,18,2022,5.7
5760,-4.000961387532309,9.429972730554535,13.430934118086846,10.856889263179154,1.7714070440188048,0.8026378108888865,383092.642178778,120.63210292421284,2.675459369629622,5.904690146729349,84.42708333333333,897,1168.191966533661,99.53125,27,3250.5223388671875,88.62847222222221,655,1296.3334503173828,1579,3711.757013052702,92.25721964240074,1312.1533659398556,2239.0359956920147,0,sac,18,2023,5.7
5760,3.686315775545216,13.574442237003677,9.888126461458462,7.795244805425406,1.9879774693402228,0.1049041866928339,551461.7158782744,86.6138311713934,0.3496806223094464,6.626591564467409,78.87152777777777,1217,1589.4143795967102,100.0,0,0.0,88.02083333333334,690,3943.695966720581,1907,2665.0409591197968,12.057952493429184,1472.57590321498,1516.515516921878,0,ppo,19,2020,6.0
5760,-1.7136893611470678,10.292596499252063,12.006285860399135,10.33435169789102,1.658244045834406,0.0136901166737079,418136.7327821152,114.82612997656688,0.0456337222456932,5.5274801527813535,86.16319444444444,797,1550.6108484268188,99.94791666666669,3,20.830810546875,93.19444444444444,392,627.7976264953613,1192,3533.1116915866733,1.5735766291618347,1228.328922840301,1341.216297404375,0,ppo,19,2021,5.5
5760,2.2729345927845723,12.853497027385352,10.580562434600782,8.85751361966338,1.676524801517953,0.0465240134194493,522173.31673753005,98.41681799625977,0.1550800447314977,5.588416005059844,81.68402777777779,1055,1805.147500514984,100.0,0,0.0,89.82638888888889,586,1086.5346946716309,1641,3028.209784500301,5.347587749361992,1241.870223346632,1460.97287369892,0,ppo,19,2022,5.7
5760,-0.6115852592505668,10.958785696967537,11.570370956218104,9.785781884817034,1.7747530271461698,0.009836044254899,445200.66893930617,108.73090983130038,0.0327868141829967,5.915843423820566,91.25,504,818.8481016159058,100.0,0,0.0,95.39930555555556,265,473.5098876953125,769,3345.566456347704,1.130579799413681,1314.631871960126,1656.151985554956,0,ppo,19,2023,5.7
5760,-1.2560319331229994,11.57813382228228,12.834165755405277,9.48109327680543,1.6907641372337936,1.6623083413660529,470361.6865302175,105.34548085339368,5.541027804553509,5.635880457445979,82.37847222222221,1015,1172.71453332901,99.28819444444444,41,8666.943237304688,86.80555555555556,760,1928.559642791748,1816,3241.3994108736515,191.06992429494855,1252.4178794324398,2031.068274885416,0,sac,19,2020,5.9
5760,-4.877341970395583,9.702364534712297,14.57970650510788,11.74833892298788,1.6416819921925665,1.1896855899274348,394158.55922268704,130.53709914430976,3.9656186330914496,5.472273307308554,86.875,756,798.4246292114258,97.27430555555556,157,44545.349609375,90.9375,522,701.6825523376465,1435,4016.526127517224,136.74547010660172,1216.0607349574566,1499.304418295622,0,sac,19,2021,5.5
5760,-2.4498249564179946,11.621411891212894,14.071236847630887,10.765847058974952,1.8234469863340257,1.4819428023219108,472119.8580805238,119.62052287749948,4.939809341073036,6.078156621113419,88.78472222222223,646,686.1641426086426,99.35763888888889,37,2165.0692138671875,94.6875,306,423.0995330810547,989,3680.6314731538296,170.33825314044952,1350.7014713585377,1924.280852854252,0,sac,19,2022,5.5
5760,-4.033278963123309,9.500508551302506,13.533787514425814,10.221744147527218,2.2437418865963816,1.0683014803022146,385958.15989666426,113.57493497252464,3.5610049343407155,7.479139621987939,80.59027777777777,1118,1138.795512199402,99.46180555555556,31,6236.1671142578125,89.80902777777777,587,854.0492286682129,1736,3494.613383769989,122.7932735979557,1662.0310271084309,2111.800470739603,0,sac,19,2023,5.4
5760,3.097171528727848,14.342632457148383,11.245460928420536,9.378094180400112,1.8673667480204248,0.0,582669.4435716531,104.20104644889014,0.0,6.224555826734751,92.10069444444444,455,609.7900447845459,99.60069444444444,23,439.28564453125,86.49305555555556,778,4005.2875385284415,1256,3206.1860445812345,0.0,1383.234628163278,1439.4706378132105,0,ppo,2,2020,5.3
5760,-2.3546218106231787,11.740948479910507,14.095570290533686,12.205831841537542,1.8579993057437705,0.0317391432523727,476976.0319963644,135.6203537948616,0.1057971441745758,6.1933310191459015,93.9409722222222,349,421.4532432556152,99.20138888888889,46,1288.19140625,95.625,252,226.3264923095703,647,4172.933962918818,3.6481773853302,1376.2957820324227,1189.6064690761268,0,ppo,2,2021,5.1
5760,1.8413731506946875,14.03940898707117,12.198035836376482,10.468137209177389,1.7228748420907647,0.0070237851083278,570350.9900997663,116.31263565752654,0.0234126170277595,5.742916140302549,93.4027777777778,380,336.1517562866211,98.6284722222222,79,5959.090698242188,95.39930555555556,265,334.85140228271484,724,3578.850327923894,0.8073316216468811,1276.2035867339,1751.8468143567443,0,ppo,2,2022,5.2
5760,-2.1783874169242448,11.399052526013149,13.57743994293739,11.169106133320929,2.408333809616463,0.0,463086.50886928407,124.1011792591214,0.0,8.027779365388211,95.83333333333334,240,296.0413074493408,100.0,0,0.0,95.9027777777778,236,216.1042022705078,476,3818.497823357582,0.0,1783.950970086269,1754.5861103869977,0,ppo,2,2023,5.1
5760,-3.223448133827651,10.87520893691564,14.098657070743291,11.004434432738272,2.1019543577313424,0.9922682802736758,441805.3630621979,122.27149369709193,3.307560934245586,7.006514525771141,82.84722222222223,988,1171.295621395111,99.35763888888889,37,2991.4874572753906,94.13194444444444,338,652.0820960998535,1363,3762.1998060643673,114.05382531881332,1557.0032279491425,2262.518399119377,0,sac,2,2020,5.7
5760,-7.939551009626238,9.04706639493078,16.986617404557016,12.409235172779113,2.414095972645282,2.163286259132623,367537.072294063,137.8803908086568,7.210954197108744,8.046986575484276,78.40277777777777,1244,2018.2586450576785,98.88888888888889,64,11225.927642822266,93.17708333333331,393,555.6009407043457,1701,4242.473563343287,248.65359300374985,1788.2192389965055,2438.589684158564,0,sac,2,2021,5.6
5760,-3.856395035363408,10.971601661783785,14.82799669714719,11.047391510009763,1.943939474679529,1.8366657124578956,445721.31750996615,122.74879455566406,6.122219041526318,6.479798248931765,83.97569444444444,923,1082.5292234420776,99.44444444444444,32,4805.0341796875,94.67013888888889,307,322.91117095947266,1262,3776.885986328125,211.111001431942,1439.9551664292812,2409.738499611616,0,sac,2,2022,5.6
5760,-6.697756629028699,9.577946337888608,16.275702966917308,11.855501007067412,2.6858984460309148,1.7343035138189793,389104.0699767247,131.7277889674157,5.781011712729931,8.952994820103049,80.85069444444444,1103,1355.9211659431458,99.4097222222222,34,4254.726318359375,93.02083333333331,402,568.9767189025879,1539,4053.162737458944,199.3452314734459,1989.5544044673445,2957.128329187632,0,sac,2,2023,5.5
5760,3.8205351017600098,13.014768168693426,9.194233066933414,7.963441300878861,0.7941688905458897,0.4366228755086659,528724.9568531704,88.48268112087624,1.4554095850288866,2.6472296351529656,66.84027777777779,1910,3061.812131881714,100.0,0,0.0,84.53125,891,3641.139078140259,2801,2722.544034488499,50.1865374147892,588.2732522562146,1554.9225614890456,0,ppo,3,2020,5.7
5760,-2.5117580025410358,9.722846052637689,12.234604055178725,11.334178474178351,0.8200605517175048,0.0803650292828679,394990.6208884061,125.93531637975948,0.267883430942893,2.733535172391683,89.16666666666667,624,882.2945184707642,100.0,0,0.0,92.98611111111111,404,486.5084190368652,1028,3874.9328116849065,9.237359687685966,607.4522605314851,1169.175045767799,0,ppo,3,2021,5.3
5760,1.91319805540396,11.690764366398287,9.777566310994326,9.003912790280209,0.6301122860703616,0.1435412346437573,474937.3023849304,100.04347544755788,0.4784707821458578,2.100374286901205,83.76736111111111,935,1113.780303955078,100.0,0,0.0,92.58680555555556,427,657.6272125244141,1362,3078.2607830017805,16.4989924877882,466.7498415336013,1612.7428628504276,0,ppo,3,2022,5.4
5760,-0.0621238997578692,11.053236480852954,11.115360380610824,9.608598616519757,1.0222104100389404,0.4845513540521263,449037.7320346513,106.76220685021951,1.6151711801737545,3.407368033463135,85.29513888888889,847,889.2085361480713,100.0,0,0.0,90.03472222222221,574,942.3212013244628,1421,3284.9909800067544,55.69555793702602,757.1928963251412,1621.4951578881592,0,ppo,3,2023,5.3
5760,-0.6885817563302874,12.627236180137835,13.315817936468124,10.325924174617231,1.824777113498747,1.165116648352146,512981.4698180996,114.73249082908036,3.88372216117382,6.082590378329157,74.32291666666667,1479,2649.797468185425,99.73958333333334,15,1367.0823974609375,93.36805555555556,382,826.4460601806641,1876,3530.230487048626,133.92145383358002,1351.6867507398129,2305.703781098128,0,sac,3,2020,5.7
5760,-4.675184803220371,10.012359270561744,14.687544073782115,11.579450690873712,2.022087301777303,1.0860060811311008,406752.0953665709,128.66056323193015,3.620020270437003,6.740291005924344,81.16319444444444,1085,1376.9021787643433,99.72222222222224,16,462.7579040527344,89.18402777777777,623,890.8198127746582,1724,3958.7865609824657,124.82828518748283,1497.8424457609651,1632.118444174528,0,sac,3,2021,5.7
5760,-1.694613150246857,11.83979025766659,13.534403407913445,10.69338978087455,1.6849782172992824,1.1560354097396135,480991.4792177052,118.81544200971724,3.853451365798712,5.616594057664275,81.59722222222221,1060,1127.8502388000488,99.49652777777776,29,2909.03466796875,93.3159722222222,385,612.3052978515625,1474,3655.8597541451454,132.87763330340383,1248.1320128142834,2022.8977873027325,0,sac,3,2022,5.7
5760,-3.561354042349829,9.97885562392913,13.540209666278958,10.414863835448026,2.1335201779067514,0.99182565292418,405391.0097221209,115.72070928275583,3.306085509747267,7.111733926355838,81.47569444444444,1067,1449.2557611465454,99.8090277777778,11,1166.638671875,89.56597222222223,601,934.827995300293,1679,3560.63720870018,114.00294861197472,1580.3853169679642,2225.125337958336,0,sac,3,2023,5.5
5760,4.278341312549639,13.83325885241721,9.554917539867573,8.076046764785797,1.4652000472521407,0.0136707278296351,561976.1408794492,89.73385294206442,0.0455690927654504,4.884000157507136,88.36805555555556,670,618.172287940979,100.0,0,0.0,82.65625,999,4229.992584228516,1669,2761.041628986597,1.571348026394844,1085.3333683349192,1647.284222587943,0,ppo,4,2020,6.1
5760,-0.3667858504438144,11.60557420199855,11.972360052442363,10.250852484341335,1.721507568101026,0.0,471476.4519561911,113.89836093712596,0.0,5.738358560336753,91.90972222222224,466,574.777626991272,100.0,0,0.0,83.97569444444444,923,1443.4288902282717,1389,3504.5649519115686,0.0,1275.1907911859453,1320.4154424965382,0,ppo,4,2021,5.6
5760,3.3223069734948925,13.809527420184503,10.487220446689614,8.983716363762506,1.499435156022012,0.0040689269050955,561012.0514449956,99.8190707084723,0.0135630896836519,4.99811718674004,91.66666666666666,480,433.6502323150635,100.0,0,0.0,88.57638888888889,658,1126.2094268798828,1138,3071.356021799147,0.4676927477121353,1110.6927081644535,1628.4481259584427,0,ppo,4,2022,5.7
5760,1.1607957653198162,12.055679131846668,10.894883366526848,9.231992493551598,1.6628908729752525,0.0,489761.9647312708,102.57769437279552,0.0,5.542969576584175,91.45833333333331,492,550.3559799194336,100.0,0,0.0,82.30902777777777,1019,1976.6560821533203,1511,3156.23674993217,0.0,1231.7710170187056,1502.5806607436389,0,ppo,4,2023,5.6
5760,-2.349549136659374,12.663915994102638,15.01346513076201,10.59616618342325,2.308112497012317,2.1091864503264426,514471.5872604196,117.7351798158139,7.030621501088143,7.69370832337439,88.15972222222223,682,896.8883743286133,98.68055555555556,76,22600.817260742188,92.30902777777776,443,842.5242347717285,1201,3622.6209174096575,242.4352241754532,1709.7129607498646,2404.3206527233124,0,sac,4,2020,6.1
5760,-5.732290586534203,8.859286295007108,14.591576881541313,11.592603902457654,1.8732270694524047,1.1257459096312523,359908.5057346638,128.80671002730728,3.752486365437508,6.244090231508016,90.32986111111111,557,719.3513069152832,99.42708333333331,33,2364.9901123046875,82.20486111111111,1025,2230.5669326782227,1615,3963.283385455608,129.3960815668106,1387.5756070017817,1871.958784848452,0,sac,4,2021,6.1
5760,-4.240053672238139,10.972135951002244,15.21218962324038,11.456631853917989,1.7920950835257767,1.9634626857966184,445743.0230094661,127.29590948797764,6.544875619322061,5.973650278419256,88.87152777777779,641,688.9411811828613,98.94097222222224,61,10396.657348632812,92.32638888888889,442,382.7776107788086,1144,3916.797215014696,225.68536618351936,1327.4778396487236,2190.544953256845,0,sac,4,2022,6.1
5760,-5.125087306305092,9.364376028314162,14.489463334619254,11.05176400521621,2.4752651256322857,0.9624342037707568,380427.7761502628,122.79737783573567,3.2081140125691894,8.250883752107619,89.18402777777777,623,630.9430546760559,99.39236111111111,35,3893.7646484375,87.93402777777779,695,1278.6030082702637,1353,3778.380856484175,110.62462112307549,1833.5297226905825,2542.2359696626663,0,sac,4,2023,6.0
5760,4.473906814541827,14.39127556339984,9.917368748858012,9.793923741984552,0.0937054380051791,0.0297395688682794,584645.5697631185,108.82137491093948,0.0991318962275981,0.3123514600172639,83.62847222222223,943,1517.8897976875303,99.86111111111111,8,27.78009033203125,80.72916666666666,1110,3438.8116874694824,2061,3348.3499972596765,3.418341249227524,69.41143555939198,988.6882680431008,0,ppo,5,2020,5.4
5760,-1.811335008259473,11.130919710981305,12.942254719240776,12.60363583932314,0.3245935616467147,0.0140253182709217,452193.6132586155,140.04039821470158,0.0467510609030723,1.0819785388223826,94.46180555555556,319,490.77375507354736,98.8715277777778,65,4300.600448608398,88.45486111111111,665,815.4259719848633,1049,4308.935329683125,1.6121055483818054,240.4396752938628,723.0307597313076,0,ppo,5,2021,5.2
5760,2.4193411608249957,13.245976688998852,10.826635528173856,10.631936481489054,0.1636554864943027,0.0310435601904988,538117.8029905783,118.1326275721006,0.1034785339683294,0.5455182883143425,88.57638888888889,658,1361.3482856750488,98.97569444444444,59,1119.906753540039,85.71180555555556,823,1448.814224243164,1540,3634.850079141557,3.568225309252739,121.22628629207613,1132.882192576304,0,ppo,5,2022,5.3
5760,-0.8332007675038998,11.340464343869652,12.173665111373552,11.87637238799762,0.2759354387674481,0.0213572846084833,460706.3639697046,131.95969319997357,0.0711909486949444,0.9197847958914936,96.70138888888889,190,315.2270441055298,99.96527777777776,2,16.878265380859375,90.88541666666666,525,525.1870613098145,717,4060.298252306879,2.4548602998256683,204.3966213092208,1135.1901462562382,0,ppo,5,2023,5.2
5760,-2.6579067877182063,11.395677013829976,14.053583801548182,9.95117993861139,2.189514334903657,1.912889528033137,462949.3786868428,110.568665984571,6.376298426777124,7.298381116345524,87.08333333333333,744,864.1082563400269,98.85416666666669,66,4059.529357910156,91.30208333333331,501,804.0053367614746,1311,3402.112799525261,219.8723595440388,1621.8624702990055,2309.794606477022,0,sac,5,2020,5.8
5760,-6.067151061751472,9.76617731628291,15.83332837803438,11.342425062022356,2.6254956658333537,1.8654076501786707,396750.9534739932,126.02694513358176,6.218025500595569,8.751652219444512,85.67708333333334,825,1051.4351511001587,98.69791666666666,75,8869.886840820312,80.17361111111111,1142,1978.0346603393557,2042,3877.7521579563618,214.41467243433,1944.811604321003,2403.469189822674,0,sac,5,2021,5.8
5760,-2.239333325869464,11.484626112935818,13.723959438805284,10.374302652677894,1.9651409219428893,1.384515864184499,466562.9358380176,115.27002947419882,4.615052880614997,6.550469739809632,83.38541666666667,957,1531.3637924194336,99.73958333333334,15,765.813232421875,86.68402777777777,767,1153.4077377319336,1739,3546.770137667656,159.13975450396538,1455.6599421799183,2573.947721868753,0,sac,5,2022,5.7
5760,-4.842424191205101,9.632130182570322,14.474554373775424,10.464694183954595,2.506339166338741,1.5035210234820842,391305.2886669193,116.27437982171774,5.011736744940281,8.354463887795806,84.79166666666667,876,952.1672649383544,98.80208333333331,69,5493.51904296875,85.48611111111111,836,1296.8601722717283,1781,3577.6732252836227,172.81850844621658,1856.5475306212904,2748.354068338871,0,sac,5,2023,5.7
5760,1.6870938413571563,13.795073446883077,12.10797960552592,10.435382753054984,1.6725968524709345,0.0,560424.8587796249,115.9486972561665,0.0,5.575322841569781,96.14583333333331,222,240.71548080444336,99.72222222222224,16,184.6966552734375,90.64236111111111,539,2703.760305404663,777,3567.652223266661,0.0,1238.9606314599514,1555.76589358598,0,ppo,6,2020,5.5
5760,-2.7866240551460306,11.38271406260582,14.169338117751852,13.101619865744748,1.0677182520071042,0.0,462422.7587933615,145.57355406383053,0.0,3.559060840023681,96.77083333333331,186,204.76316165924072,99.5659722222222,25,1631.96337890625,95.03472222222224,286,332.7915840148926,497,4479.186278887093,0.0,790.9024088941514,1103.954077405855,0,ppo,6,2021,5.1
5760,0.4657678786463404,13.41969695952342,12.953929080877082,11.648829806041718,1.305099274835363,0.0,545175.188980639,129.43144228935242,0.0,4.350330916117876,97.93402777777776,119,109.17704010009766,99.86111111111111,8,189.26025390625,95.26041666666669,273,449.0677452087402,400,3982.505916595459,0.0,966.7402035817504,1476.8106725048274,0,ppo,6,2022,5.3
5760,-0.9958697433726696,11.70388057803532,12.69975032140799,11.6116863504773,1.088063970930688,0.0,475470.14848268486,129.01873722752558,0.0,3.626879903102293,95.46875,261,264.0582790374756,99.93055555555556,4,283.5655517578125,92.08333333333331,456,533.6911926269531,721,3969.807299308479,0.0,805.9733118005097,1643.9627481829375,0,ppo,6,2023,5.1
5760,-0.9225434371250264,11.59645453540212,12.518997972527146,9.714691143125297,1.9419673732459544,0.8623394561558961,471105.9655007111,107.9410127013922,2.874464853852987,6.473224577486515,84.46180555555556,895,1269.3227634429932,99.72222222222224,16,2274.440795898437,93.78472222222224,358,503.61305236816406,1269,3321.2619292736053,99.11947771906851,1438.494350552559,1602.939889281988,0,sac,6,2020,5.9
5760,-4.058158792343442,10.00636084755018,14.06451963989362,11.416925303231924,1.740207936760783,0.9073863999009132,406508.409431726,126.85472559146582,3.0246213330030445,5.800693122535944,77.30902777777777,1307,1749.9828720092771,99.32291666666669,39,7405.3681640625,91.92708333333334,465,727.1723861694336,1811,3903.222325891256,104.29728734493256,1289.042916119099,1622.6764887273312,0,sac,6,2021,5.9
5760,-0.8339921760094624,12.159848307567342,12.993840483576804,10.443001628585904,1.628505675972998,0.9223331790179014,493993.83749492327,116.03335142873227,3.074443930059671,5.428352253243327,78.03819444444444,1265,1734.2086191177368,99.6875,18,2017.3895263671875,94.44444444444444,320,446.9661712646485,1603,3570.256967037916,106.01530793309212,1206.3005007207394,1790.1194529235363,0,sac,6,2022,5.9
5760,-2.95497836529019,9.83313448305649,12.788112848346682,10.132731508824977,1.6647078598961231,0.9906734796255828,399471.0883741699,112.58590565361084,3.302244932085276,5.549026199653744,72.91666666666666,1560,2119.653757095337,99.46180555555556,31,3178.6065673828125,89.32291666666666,615,1268.8402252197266,2206,3464.181712418794,113.87051489949226,1233.1169332563877,2188.2090077102184,0,sac,6,2023,5.7
5760,5.047704561649019,13.641782510476688,8.59407794882767,8.082325240779294,0.3165294230796396,0.1952232849687337,554197.4144881155,89.8036137864366,0.6507442832291126,1.0550980769321323,82.37847222222221,1015,1365.5929431915283,100.0,0,0.0,75.41666666666667,1416,6728.028175354004,2431,2763.188116505742,22.439458042383198,234.4662393182516,1435.474711156916,0,ppo,7,2020,5.4
5760,-3.829761566950146,8.201405001138387,12.031166568088532,10.517608647004142,0.9631063066687432,0.5504516144156456,333182.0781712469,116.86231830004604,1.8348387147188188,3.210354355562478,87.62152777777777,713,1459.7332663536072,99.51388888888889,28,4573.646545410156,86.04166666666667,804,1474.9017715454102,1545,3595.763640001416,63.27030050754547,713.4120790138841,764.3398025713395,0,ppo,7,2021,5.3
5760,0.8905501728758001,11.292757485342284,10.402207312466484,8.876049673348199,0.5723464791677892,0.9538111599504948,458768.2728420303,98.62277414831333,3.179370533168316,1.907821597225964,87.15277777777779,740,1229.1809463500977,100.0,0,0.0,80.78125,1107,2412.4606742858887,1847,3034.54689687118,109.6334666609764,423.9603549391031,1291.8661926507484,0,ppo,7,2022,5.3
5760,-0.1522038534182797,10.046017794420782,10.19822164783906,9.180863267524725,1.0142919340040533,0.0030664463102817,408119.4728983443,102.00959186138584,0.0102214877009391,3.3809731133468444,89.61805555555556,598,910.53284740448,100.0,0,0.0,86.5625,774,1344.5079803466797,1372,3138.756672658026,0.3524650931358337,751.3273585215211,1426.3175183718558,0,ppo,7,2023,5.2
5760,-4.223894189662774,10.520300616647017,14.744194806309787,9.397100369576364,1.9294096370950344,3.4176847996383906,427387.212551285,104.41222632862628,11.392282665461302,6.431365456983448,82.13541666666667,1029,1188.344467163086,98.26388888888889,100,29530.847900390625,81.14583333333333,1086,2207.0868377685547,2215,3212.6838870346546,392.837333291769,1429.1923237740991,1562.6321823894978,0,sac,7,2020,5.6
5760,-6.178482376627668,8.999438818040447,15.177921194668114,11.165034104029834,1.7624161788851025,2.250470911753178,365602.2019828932,124.05593448922038,7.501569705843926,5.874720596283675,86.18055555555556,796,969.7950448989868,95.43402777777776,263,89579.31982421875,84.72222222222221,880,1327.671905517578,1939,3817.105676591396,258.674817442894,1305.4934658408165,1465.0715117156506,0,sac,7,2021,5.7
5760,-3.883163804493604,10.512195558237526,14.39535936273113,10.20537428196296,1.732482524831593,2.457502555936575,427057.94455339946,113.39304757736625,8.19167518645525,5.774941749438644,82.72569444444444,995,1208.7130708694458,99.18402777777776,47,5878.122314453125,89.25347222222221,619,779.1072158813477,1661,3489.0168485343456,282.4715581536293,1283.320388764143,1714.917032301426,0,sac,7,2022,5.5
5760,-4.676754949824079,9.144883313963994,13.821638263788074,9.876778028317538,2.423306059321761,1.5215541761487723,371510.8846297873,109.7419780924171,5.071847253829242,8.077686864405871,83.97569444444444,923,902.8954610824584,97.91666666666666,120,34221.1552734375,81.21527777777777,1082,1986.881858825684,2125,3376.67624899745,174.8912846148014,1795.0415254235268,2046.1143647134304,0,sac,7,2023,5.6
5760,3.617626679370863,12.0345839784738,8.416957299102936,8.137456946038641,0.277364722689148,0.0021356303751468,488904.9741254981,90.41618828931824,0.0071187679171562,0.9245490756304936,92.93402777777776,407,740.0063362121582,99.94791666666669,3,15.68035888671875,85.53819444444444,833,3928.649608612061,1243,2782.0365627482533,0.2454747557640075,205.4553501401097,1209.233407393098,0,ppo,8,2020,5.8
5760,-1.127125600884269,9.764921192328844,10.892046793213114,10.44421049761232,0.4478362956007942,0.0,396699.92343835934,116.04678330680358,0.0,1.4927876520026475,92.17013888888889,451,892.5867357254028,100.0,0,0.0,88.26388888888889,676,1171.2355003356934,1127,3570.6702555939555,0.0,331.73058933392167,1375.2141164019704,0,ppo,8,2021,5.5
5760,3.4392778958495707,12.545902582015284,9.106624686165713,8.69860410838388,0.3893064133414998,0.0187141644403338,509677.2923943709,96.65115675982088,0.0623805481344461,1.2976880444716663,91.28472222222224,502,806.2182168960571,100.0,0,0.0,87.86458333333333,699,1425.2947158813477,1201,2973.881746456027,2.1510533839464188,288.3751209937036,1689.943607315421,0,ppo,8,2022,5.5
5760,0.4021625686520407,10.371582936012809,9.969420367360769,9.621034202401152,0.3483861649596132,0.0,421345.5567755203,106.90038002667949,0.0,1.161287216532044,92.1875,450,582.7246837615967,100.0,0,0.0,91.85763888888889,469,848.3559608459473,919,3289.242462359369,0.0,258.0638258960098,1892.1884324997663,0,ppo,8,2023,5.4
5760,-3.981858893356096,9.41752478696816,13.399383680324256,10.708111973413825,1.5282871404245495,1.1629845664858816,382586.9444705816,118.97902192682028,3.8766152216196055,5.094290468081832,85.12152777777777,857,1246.9138922691343,98.28125,99,35636.47106933594,91.61458333333331,483,992.0727424621582,1439,3660.892982363701,133.6763869524002,1132.064548462629,2246.9193900227547,0,sac,8,2020,5.5
5760,-9.689926687379163,6.720639681492763,16.410566368871926,12.92087403563708,1.9883315312996503,1.501360801935196,273025.9870606435,143.56526706263423,5.004536006450654,6.627771770998835,89.63541666666667,597,688.8388195037842,95.625,252,208838.5460205078,94.91319444444444,293,387.7859573364258,1142,4417.392832696438,172.57020711898804,1472.8381713330746,1574.0247260332108,0,sac,8,2021,5.6
5760,-5.62767127896188,9.374282293280082,15.001953572241964,11.760807890827952,1.888653047579527,1.3524926338344814,380830.21816450334,130.6756432314217,4.508308779448272,6.295510158598424,88.17708333333333,681,868.6654033660889,99.72222222222224,16,2566.7021484375,97.13541666666666,165,193.95655059814453,862,4020.7890225052834,155.45892342925072,1399.0022574663162,1996.113998889923,0,sac,8,2022,5.5
5760,-7.659907867549585,7.853258164956941,15.513166032506522,11.732382937677205,2.407504074060917,1.373279020768404,319038.6129513757,130.35981041863562,4.57759673589468,8.025013580203057,84.73958333333333,879,1519.9549083709717,99.20138888888889,46,8643.113021850586,93.03819444444444,401,772.2729606628418,1326,4011.071089804173,157.8481633067131,1783.3363511562347,2319.8942073881626,0,sac,8,2023,5.6
5760,2.499795889299961,11.823892513145546,9.324096623845584,8.832947041095235,0.4911495827503502,0.0,480345.6333465378,98.14385601216928,0.0,1.6371652758345008,93.09027777777776,398,399.9313907623291,100.0,0,0.0,82.62152777777779,1001,4006.219230651856,1399,3019.810954220593,0.0,363.8145057410002,1245.29757046327,0,ppo,9,2020,5.2
5760,-1.5450462144466537,9.815779006222966,11.36082522066962,10.85232495208662,0.5085002685829997,0.0,398766.022127808,120.581388356518,0.0,1.6950008952766658,93.47222222222224,376,753.1554870605469,99.96527777777776,2,46.30419921875,83.35069444444444,959,1274.1276321411133,1337,3710.1965648159385,0.0,376.6668656170368,818.8347392491996,0,ppo,9,2021,5.1
5760,1.606838489985071,11.76000563472954,10.15316714474447,9.66917618707046,0.4839418411877005,4.9116486310958864e-05,477750.2289108876,107.43529096744956,0.0001637216210365,1.6131394706256683,90.45138888888889,550,809.747317314148,100.0,0,0.0,86.02430555555556,805,1179.6048011779783,1355,3305.701260536909,0.0056455731391906,358.4754379168153,1304.8434722982347,0,ppo,9,2022,5.3
5760,-0.4908382425293083,9.98241119832697,10.47324944085628,10.22910324551426,0.2441461953420191,0.0,405535.45493203314,113.65670272793622,0.0,0.813820651140064,96.26736111111111,215,347.6246347427368,100.0,0,0.0,88.05555555555556,688,870.985164642334,903,3497.129314705729,0.0,180.8490335866809,1355.657517440617,0,ppo,9,2023,5.1
5760,-1.1003454268705843,12.196102831403463,13.296448258274047,9.526483583211151,2.726653449556231,1.0433112255066632,495466.6775257657,105.84981759123504,3.4777040850222107,9.088844831854104,71.38888888888889,1648,2312.1356477737427,98.94097222222224,61,6720.415191650391,90.26041666666669,561,981.2074089050292,2270,3256.9174643456936,119.92083051800728,2019.743295967579,1522.3899457752705,0,sac,9,2020,5.6
5760,-5.128864977117182,10.071185287881342,15.200050264998524,11.17119187162891,2.522088689522445,1.50676970384717,409141.9023201796,124.12435412921012,5.022565679490566,8.40696229840815,79.44444444444444,1184,1874.85249710083,99.72222222222224,16,6304.0186767578125,89.73958333333333,591,874.8240203857422,1791,3819.210896283388,173.19191998243332,1868.2138440907,1802.5506279468536,0,sac,9,2021,5.6
5760,-1.670910184757128,12.13951925106226,13.810429435819389,10.23254756436646,2.0990949725568293,1.4787868988960982,493167.9695744043,113.69497293740513,4.929289662986994,6.996983241856098,78.52430555555556,1237,2131.000659942627,99.79166666666669,12,277.69091796875,89.70486111111111,593,778.1348762512207,1842,3498.306859612465,169.97550562024117,1554.8851648569107,1741.3603448569777,0,sac,9,2022,5.7
5760,-4.778512612703809,10.098294599915675,14.876807212619482,10.008461273109912,3.2546221213325857,1.6137238181769846,410243.2181215743,111.2051252567768,5.379079393923282,10.848740404441951,77.69097222222221,1285,2112.4007172584534,97.89930555555556,121,35453.22109985352,84.72222222222221,880,1689.897777557373,2286,3421.6961617469788,185.48549634218216,2410.8312009871006,2274.954858094454,0,sac,9,2023,5.5
5760,4.633505033605601,18.82551512786217,14.192010094256572,7.289512529497127,2.1524715303685187,4.750026034390926,764786.5520694008,80.99458366107919,15.83342011463642,7.174905101228396,95.22569444444444,275,385.74970149993896,100.0,0,0.0,62.10069444444445,2183,6893.667533874512,2458,2492.141034190952,545.9800039294614,1594.4233554580535,964.8017977790362,0,rule_based,0,2020,4.7
5760,-6.971197553462108,18.221369854828968,25.19256740829108,8.104337951146658,2.1297811298067355,14.95844832733768,740243.1503524268,90.04819945718509,49.86149442445894,7.099270432689119,93.87152777777776,353,601.7383589744568,100.0,0,0.0,51.05902777777778,2819,6172.752422332764,3172,2770.71382839817,1719.3618767216722,1577.6156514270265,1167.395714308131,0,rule_based,0,2021,4.9
5760,1.3275113618985808,17.637418865785413,16.309907503886834,7.499613752832879,2.139634234155769,6.670659516898183,716520.1414225324,83.3290416981431,22.235531722993944,7.132114113852565,95.39930555555556,265,493.4826302528381,100.0,0,0.0,61.11111111111112,2240,5014.862869262695,2505,2563.970514295536,766.7424732707419,1584.9142469795345,1140.604291500547,0,rule_based,0,2022,5.1
5760,-3.8142653819713086,17.52128685038918,21.335552232360484,7.35007553803624,2.3552000843903835,11.630276609933864,711802.2782970604,81.66750597818044,38.76758869977954,7.850666947967945,93.02083333333331,402,549.7288312911987,100.0,0,0.0,53.07291666666667,2703,6248.114597320557,3105,2512.846337649489,1336.8134034486193,1744.592654565445,1265.6447612482766,0,rule_based,0,2023,4.9
5760,-2.3856518690440183,11.385609755510153,13.77126162455417,4.353350623105239,4.542810083902293,4.8751009175466375,462540.3963175999,48.37056247894711,16.250336391822128,15.142700279674312,45.19097222222222,3157,5779.23330783844,76.02430555555556,1381,1477487.9877929688,62.67361111111112,2150,4089.6401710510254,6688,1488.324998359536,560.3564272140911,3365.044504739327,1483.5058373047882,0,sindy_mpc,0,2020,75.7
5760,-5.939735167934163,7.451630870890444,13.391366038824607,5.903111891001247,4.95015568252817,2.5380984652951906,302722.5041299243,65.59013212223608,8.460328217650636,16.500518941760568,49.427083333333336,2913,5827.256204843521,59.67013888888889,2323,2529315.1267089844,49.982638888888886,2881,5182.04719543457,8117,2018.1579111351616,291.7354557064203,3666.781988606848,1382.81699105315,0,sindy_mpc,0,2021,78.0
5760,-5.123492169232514,8.671596596193742,13.795088765426256,4.568784077505606,4.501623563118355,4.724681124802296,352283.6117203708,50.76426752784007,15.74893708267432,15.005411877061183,49.79166666666666,2892,7673.653903007507,64.54861111111111,2042,3684555.5236816406,54.20138888888889,2638,4255.882061004639,7572,1561.9774626357091,543.0667959925813,3334.5359721073164,1297.3473155590998,0,sindy_mpc,0,2022,82.0
5760,-4.045390254863072,7.965941243741706,12.01133149860478,4.957572763572583,4.9177210128586655,2.136037722173531,323616.3630270068,55.084141817473146,7.1201257405784375,16.392403376195553,51.82291666666666,2775,3907.431909561157,84.77430555555556,877,801857.2086181641,50.57291666666666,2847,4595.202949523926,6499,1694.896671184485,245.5215772424628,3642.756304988636,1706.397387058803,0,sindy_mpc,0,2023,73.0
5760,2.54693876006906,12.108258650787208,9.561319890718146,4.6534921993062,4.3246932872005,0.5831344042114466,491898.0076882303,51.70546888118,1.9437813473714889,14.415644290668332,63.645833333333336,2094,2278.7065830230717,72.79513888888889,1567,1526662.4614257812,54.79166666666667,2604,6372.623439788818,6265,1590.9375038523103,67.02694332399916,3203.476508445081,1505.461992403283,0,grey_box_mpc,0,2020,66.0
5760,-4.882914578305567,5.909107061482281,10.792021639787848,5.801982508396884,3.789704684722372,1.2003344466685906,240057.47437271767,64.46647231552095,4.001114822228636,12.632348949074574,68.10763888888889,1837,1778.4220161437988,65.64236111111111,1979,1778699.037902832,59.357638888888886,2341,6454.254142761231,6157,1983.583764461379,137.96947660235423,2807.188654638508,1274.6760085217788,0,grey_box_mpc,0,2021,60.4
5760,-0.8329025672305694,9.78404970893075,10.616952276161316,5.516087960529856,3.6246016850768488,1.4762626305546132,397477.0194253117,61.28986622810952,4.920875435182044,12.08200561692283,75.85069444444444,1391,1155.2021198272705,74.14930555555556,1489,1408238.1114501953,59.49652777777777,2333,7299.407768249512,5213,1885.8420374901548,169.6853601295648,2684.890137160036,1313.5403627940557,0,grey_box_mpc,0,2022,61.5
5760,-2.1363377449012653,6.753024882371842,8.889362627273108,4.636249287568671,3.882864107962447,0.3702492317419907,274341.6358463561,51.51388097298523,1.234164105806636,12.942880359874822,76.44097222222223,1357,1293.6306629180908,75.65972222222223,1402,1263089.8720703125,38.05555555555556,3568,12097.897541046144,6327,1585.0424910533693,42.55738302631039,2876.195634520908,1709.9137489332322,0,grey_box_mpc,0,2023,61.0
5760,-3.5570548332235763,14.419742289665816,17.976797122889394,5.988559050705735,3.324340548525509,8.66389752365815,585802.0305176738,66.53954500784151,28.879658412193837,11.081135161751696,60.81597222222223,2257,2213.02306175232,89.16666666666667,624,331976.31103515625,60.9375,2250,4740.4986572265625,5131,2047.370615908004,995.8502901904952,2462.4744803961776,913.2500565277056,0,nn_mpc,0,2020,1731.0
5760,-6.788003050110203,11.908682791477297,18.6966858415875,7.578759816494712,3.3529932712976724,7.764932753795113,483790.23840376514,84.20844240549681,25.88310917931705,11.176644237658907,63.22916666666667,2118,2256.815991878509,85.50347222222221,835,439056.49768066406,49.94791666666666,2883,6849.7135009765625,5836,2591.028996552404,892.5210058114466,2483.698718426488,799.9407115630405,0,nn_mpc,0,2021,1708.2
5217,-6.769379898211049,12.149148182415615,18.918528080626665,6.597879919751338,3.1609486835460614,9.159699477329266,493559.1449106344,73.30977688612597,30.532331591097552,10.536495611820206,63.46559325282729,1906,2557.1685152053838,85.66225800268353,748,355718.18518066406,59.59363618938088,2108,4921.192268371582,4762,2255.6854440979546,1052.8390207316688,2341.443467536839,850.5752069530047,0,nn_mpc,0,2022,1534.8
5760,-2.5804233455382968,12.00800898336825,14.588432328906547,5.971985763403734,3.5546171367621757,5.061829428740637,487825.3649493351,66.3553973711526,16.87276476246879,11.848723789207252,64.16666666666667,2064,1850.0182056427,91.5625,486,224187.89404296875,41.99652777777778,3341,8965.278171539307,5891,2041.7045353898536,581.8194742426356,2633.0497309555017,967.331002191716,0,nn_mpc,0,2023,1738.4
5760,4.633505033605601,18.82551512786217,14.192010094256572,7.289512529497127,2.1524715303685187,4.750026034390926,764786.5520694008,80.99458366107919,15.83342011463642,7.174905101228396,95.22569444444444,275,385.74970149993896,100.0,0,0.0,62.10069444444445,2183,6893.667533874512,2458,2492.141034190952,545.9800039294614,1594.4233554580535,964.8017977790362,0,rule_based,1,2020,5.2
5760,-6.971197553462108,18.221369854828968,25.19256740829108,8.104337951146658,2.1297811298067355,14.95844832733768,740243.1503524268,90.04819945718509,49.86149442445894,7.099270432689119,93.87152777777776,353,601.7383589744568,100.0,0,0.0,51.05902777777778,2819,6172.752422332764,3172,2770.71382839817,1719.3618767216722,1577.6156514270265,1167.395714308131,0,rule_based,1,2021,7.8
5760,1.3275113618985808,17.637418865785413,16.309907503886834,7.499613752832879,2.139634234155769,6.670659516898183,716520.1414225324,83.3290416981431,22.235531722993944,7.132114113852565,95.39930555555556,265,493.4826302528381,100.0,0,0.0,61.11111111111112,2240,5014.862869262695,2505,2563.970514295536,766.7424732707419,1584.9142469795345,1140.604291500547,0,rule_based,1,2022,5.2
5760,-3.8142653819713086,17.52128685038918,21.335552232360484,7.35007553803624,2.3552000843903835,11.630276609933864,711802.2782970604,81.66750597818044,38.76758869977954,7.850666947967945,93.02083333333331,402,549.7288312911987,100.0,0,0.0,53.07291666666667,2703,6248.114597320557,3105,2512.846337649489,1336.8134034486193,1744.592654565445,1265.6447612482766,0,rule_based,1,2023,7.6
5760,-4.715948287707179,11.131382141318891,15.847330429026073,4.2666930842312425,4.749368501522497,6.8312688432723325,452212.39949108,47.407700935902696,22.77089614424111,15.831228338408325,39.46180555555556,3487,6857.591472148895,74.51388888888889,1468,1839040.8283691409,65.97222222222221,1960,3209.702308654785,6915,1458.6984898402477,785.2033150124726,3518.0507425980786,1562.440233513133,0,sindy_mpc,1,2020,84.2
5760,-7.39141651220151,7.192224528620101,14.583641040821613,5.847338982425405,5.340754895956259,3.395547162439948,292184.1214751916,64.97043313806006,11.318490541466492,17.8025163198542,40.08680555555556,3451,7330.010082840919,60.45138888888889,2278,2751625.8251953125,54.63541666666667,2613,3981.324775695801,8342,1999.090248691033,390.2927774401224,3956.114737233588,1361.013354648834,0,sindy_mpc,1,2021,84.6
5760,-7.549313654523941,7.703710601850505,15.253024256374443,4.425541892637213,4.633505020678623,6.193977343058609,312963.24320017674,49.17268769596903,20.6465911435287,15.44501673559541,42.170138888888886,3331,9414.651785373688,65.41666666666667,1992,3943088.977416992,57.20486111111112,2465,3806.353858947754,7788,1513.005775509896,711.951418674152,3432.2259410991096,1322.1895156835667,0,sindy_mpc,1,2022,89.9
5760,-5.629900190646988,8.052178493035687,13.682078683682676,5.044832725278187,5.41441454743647,3.2228314109680194,327119.7512795748,56.05369694753541,10.7427713698934,18.048048491454903,44.49652777777778,3197,4825.098140239716,82.62152777777779,1001,1001609.97265625,55.74652777777778,2549,3430.214305877685,6747,1724.7291364364376,370.4403920447321,4010.6774402584833,1769.6601464769874,0,sindy_mpc,1,2023,81.3
5760,3.5708494431918525,13.664580182965476,10.093730739773624,5.1272516776124135,4.867284282143219,0.0991947800179892,555123.5699329724,56.96946308458237,0.330649266726631,16.224280940477396,63.78472222222222,2086,2599.3517150878906,73.71527777777777,1514,564535.7879638672,65.19097222222221,2005,4133.958435058594,5605,1752.90655634657,11.401698810021273,3605.395765930456,1481.5721030317254,0,grey_box_mpc,1,2020,72.2
5760,-3.5185072141939804,7.526634384398953,11.045141598592934,6.486804083650508,3.905940591499656,0.6523969234427691,305769.5218662075,72.07560092945009,2.174656411475897,13.01980197166552,67.79513888888889,1855,2096.0684490203857,72.69097222222223,1573,672569.2041473389,65.69444444444444,1976,4610.433944702148,5404,2217.710798386838,74.98815201447806,2893.289327574812,1267.0694265594716,0,grey_box_mpc,1,2021,64.1
5760,0.2240837048787152,11.16231169092637,10.938227986047655,6.193103663534847,3.872617522372029,0.872506800140779,453468.9124438838,68.81226292816497,2.9083560004692632,12.90872507457343,74.96527777777777,1442,1631.0969905853271,82.91666666666667,984,360369.1491699219,67.58680555555556,1867,3927.517204284668,4293,2117.300398548069,100.28813787849276,2868.6055720537515,1272.2268273813677,0,grey_box_mpc,1,2022,65.1
5760,-1.2301845728658702,9.059296867740064,10.289481440605934,5.412909946454574,4.789249236633345,0.0873222575180154,368033.9352519401,60.14344384949527,0.291074191726718,15.96416412211115,76.99652777777779,1325,1420.296727180481,73.99305555555556,1498,529502.2144775391,48.36805555555556,2974,6832.254707336426,5797,1850.5675037050864,10.037041033737808,3547.592025886323,1698.5444897409693,0,grey_box_mpc,1,2023,64.9
3687,-3.507030747748314,7.269198176925103,10.776228924673418,4.212659147412763,1.726159302803017,4.837410474457638,295311.17593758233,46.80732386014181,16.12470158152546,5.753864342676724,70.2468131272037,1097,830.4323167800903,89.82912937347437,375,131472.52099609375,40.05966910767562,2210,6014.469142913818,3682,1440.2253502096307,556.0241925490172,1278.6365200020462,374.21681842277377,0,nn_mpc,1,2020,1253.7
5760,-7.7167943717775955,10.26324165361795,17.98003602539555,7.16072017821166,2.742330821433184,8.076985025750703,416944.1921782293,79.56355753568512,26.92328341916901,9.141102738110613,77.04861111111111,1322,1616.4551019519567,84.53125,891,334576.38806152344,28.94097222222222,4093,11387.502250671389,6306,2448.1094640917963,928.3890832391764,2031.3561645193056,558.4613961550838,0,nn_mpc,1,2021,1863.7
5219,-6.768093683193272,9.546908297707065,16.315001980900334,6.1441858128992815,2.3367471628933734,7.83406900510768,387843.14959434944,68.26873125443646,26.11356335035893,7.789157209644578,74.99520981030848,1305,1118.7600412368774,89.5573864725043,545,185881.06506347656,38.53228587852079,3208,8103.253890991211,5058,2100.5763464681813,900.4677012430861,1730.9238241305593,556.0073073228623,0,nn_mpc,1,2022,1702.9
5320,-4.58592051002139,8.656281245486182,13.242201755507574,5.295123145729741,2.7713721558466444,5.175706453931187,351661.4255978762,58.83470161921935,17.25235484643729,9.237907186155482,75.33834586466165,1312,1395.01300239563,85.88345864661655,751,323148.5303955078,29.342105263157897,3759,12773.781188964844,5822,1810.2985121228403,594.9087879801039,2052.8682633077246,643.282438739177,0,nn_mpc,1,2023,1735.6
5760,4.633505033605601,18.82551512786217,14.192010094256572,7.289512529497127,2.1524715303685187,4.750026034390926,764786.5520694008,80.99458366107919,15.83342011463642,7.174905101228396,95.22569444444444,275,385.74970149993896,100.0,0,0.0,62.10069444444445,2183,6893.667533874512,2458,2492.141034190952,545.9800039294614,1594.4233554580535,964.8017977790362,0,rule_based,10,2020,5.1
5760,-6.971197553462108,18.221369854828968,25.19256740829108,8.104337951146658,2.1297811298067355,14.95844832733768,740243.1503524268,90.04819945718509,49.86149442445894,7.099270432689119,93.87152777777776,353,601.7383589744568,100.0,0,0.0,51.05902777777778,2819,6172.752422332764,3172,2770.71382839817,1719.3618767216722,1577.6156514270265,1167.395714308131,0,rule_based,10,2021,5.1
5760,1.3275113618985808,17.637418865785413,16.309907503886834,7.499613752832879,2.139634234155769,6.670659516898183,716520.1414225324,83.3290416981431,22.235531722993944,7.132114113852565,95.39930555555556,265,493.4826302528381,100.0,0,0.0,61.11111111111112,2240,5014.862869262695,2505,2563.970514295536,766.7424732707419,1584.9142469795345,1140.604291500547,0,rule_based,10,2022,5.2
5760,-3.8142653819713086,17.52128685038918,21.335552232360484,7.35007553803624,2.3552000843903835,11.630276609933864,711802.2782970604,81.66750597818044,38.76758869977954,7.850666947967945,93.02083333333331,402,549.7288312911987,100.0,0,0.0,53.07291666666667,2703,6248.114597320557,3105,2512.846337649489,1336.8134034486193,1744.592654565445,1265.6447612482766,0,rule_based,10,2023,5.1
5760,1.1897559471080494,14.451537411836595,13.261781464728548,4.985495323165578,2.635417192474011,5.64086894908896,587093.7073558618,55.39439247961754,18.8028964969632,8.78472397491337,52.77777777777778,2720,3736.5533752441406,100.0,0,0.0,70.71180555555556,1687,3263.698444366455,4407,1704.44284540855,648.3757412142731,1952.16088367429,1589.662362171509,0,sindy_mpc,10,2020,71.4
5760,-3.7804770830699432,7.9195613490274015,11.700038432097344,6.873395137419414,2.0772589730066704,2.7493843216712603,321732.1798042382,76.37105708243794,9.164614405570868,6.924196576688901,54.670138888888886,2611,3883.466590881348,99.51388888888889,28,16253.543823242188,62.82986111111111,2141,3421.5698165893555,4780,2349.8786776180405,316.0211865027594,1538.7103498579029,1402.9366455588784,0,sindy_mpc,10,2021,67.5
5760,-3.272406691454159,10.106408601751978,13.378815293206136,5.825858805392226,2.4029942487648586,5.149962239049051,410572.8494461741,64.73176450435807,17.166540796830173,8.009980829216195,57.04861111111112,2474,4212.749653816223,98.57638888888889,82,53739.8759765625,74.42708333333333,1473,2053.4010124206543,4029,1991.7465994410747,591.9496825560042,1779.9957388309022,1364.801596317656,0,sindy_mpc,10,2022,71.8
5760,-2.2982761602750923,8.532261821057057,10.83053798133215,5.655509157223056,2.5558225967363413,2.6192062273727514,346623.13648044295,62.83899063581174,8.730687424575839,8.519408655787805,62.91666666666666,2136,2244.539357185364,100.0,0,0.0,60.85069444444444,2255,2956.158706665039,4391,1933.5074050828773,301.05818690154456,1893.201922730502,1772.2697260907782,0,sindy_mpc,10,2023,66.7
5760,2.7522825387516594,13.308767815575903,10.556485276824244,4.6068347905054905,4.8173304688222665,1.1323200174964878,540668.6925077711,51.18705322783879,3.774400058321626,16.057768229407557,66.16319444444444,1949,1892.561357498169,60.46875000000001,2277,2659234.815551758,47.93402777777778,2999,7149.355472564697,7225,1574.986253700109,130.15172607189749,3568.392940141118,1475.9358551044206,0,grey_box_mpc,10,2020,65.3
5760,-5.103455830289137,7.094970084290479,12.198425914579616,5.827844113455637,4.233538402976341,2.1370433981476373,288233.1596743007,64.75382348284042,7.123477993825458,14.111794676587806,74.47916666666666,1470,1289.4869995117188,51.701388888888886,2782,4018810.658309937,43.61111111111112,3248,8482.888175964355,7500,1992.425337822044,245.6371722680768,3135.954372597906,1225.243908636357,0,grey_box_mpc,10,2021,65.0
5760,-0.9279338583409952,11.042717178926258,11.970651037267253,5.677065560724452,3.7887944326305023,2.5047910439123,448610.38539387926,63.078506230271685,8.349303479707666,12.629314775435008,83.10763888888889,973,743.2450523376465,68.87152777777777,1793,2169892.669555664,52.5,2736,7300.510578155518,5502,1940.877114509486,287.9070162928997,2806.514395150828,1281.5379529643208,0,grey_box_mpc,10,2022,64.1
5760,-1.3974440648174362,8.114370842136541,9.511814906953976,4.780947940146792,4.189942649128929,0.5409243176782551,329646.31546179694,53.1216437794088,1.803081058927517,13.966475497096429,78.94097222222223,1213,1113.505319595337,69.73958333333333,1743,1673660.9096679688,33.81944444444444,3812,11342.02305984497,6768,1634.5121162615692,62.17520887714216,3103.661220704148,1678.379271619662,0,grey_box_mpc,10,2023,63.5
3688,-4.5524502424141335,6.7621148437843885,11.31456508619852,4.746883855093604,1.4568863551017175,5.1107948760032,274710.9155287408,52.743153945484494,17.035982920010667,4.856287850339059,65.15726681127983,1285,1163.401608467102,98.3459869848156,61,8990.513061523438,63.96420824295011,1329,3325.8388862609863,2675,1622.8662752539003,587.4476865161948,1079.1750781384244,391.5227042276239,0,nn_mpc,10,2020,1235.6
5760,-8.374982913512373,10.168329192202576,18.54331210571495,8.039944215554158,2.2228550245456766,8.280512865615115,413088.3734332296,89.33271350615732,27.601709552050387,7.409516748485589,73.68055555555556,1516,1318.7731318473816,98.10763888888889,109,32454.58016967773,52.77777777777778,2720,8117.730865478516,4345,2748.698876582301,951.7830877566272,1646.5592766158456,627.1793247505984,0,nn_mpc,10,2021,1869.0
4460,-7.663715746444954,9.59880069761793,17.262516444062882,6.596969087523473,1.608322204697032,9.05722515184238,389951.2783407284,73.2996565280386,30.190750506141267,5.361074015656774,73.00448430493273,1204,1103.6909189224243,99.08071748878923,41,5512.184326171875,66.00896860986548,1516,3537.791244506836,2761,2255.374046175928,1041.0603620118004,1191.34978092424,440.3122934143028,0,nn_mpc,10,2022,1454.3
5320,-3.953046261106863,8.5860788014906,12.539125062597464,5.616352849810783,2.1813204266534623,4.74145178613322,348809.4513105557,62.40392055345314,15.804839287110736,7.271068088844874,70.88345864661653,1549,1188.634558677673,99.00375939849624,53,8438.589233398438,44.79323308270677,2937,10125.3443069458,4539,1920.1206337787617,544.9944578932951,1615.7929098424345,685.5024726619499,0,nn_mpc,10,2023,1744.8
5760,4.633505033605601,18.82551512786217,14.192010094256572,7.289512529497127,2.1524715303685187,4.750026034390926,764786.5520694008,80.99458366107919,15.83342011463642,7.174905101228396,95.22569444444444,275,385.74970149993896,100.0,0,0.0,62.10069444444445,2183,6893.667533874512,2458,2492.141034190952,545.9800039294614,1594.4233554580535,964.8017977790362,0,rule_based,11,2020,5.4
5760,-6.971197553462108,18.221369854828968,25.19256740829108,8.104337951146658,2.1297811298067355,14.95844832733768,740243.1503524268,90.04819945718509,49.86149442445894,7.099270432689119,93.87152777777776,353,601.7383589744568,100.0,0,0.0,51.05902777777778,2819,6172.752422332764,3172,2770.71382839817,1719.3618767216722,1577.6156514270265,1167.395714308131,0,rule_based,11,2021,5.3
5760,1.3275113618985808,17.637418865785413,16.309907503886834,7.499613752832879,2.139634234155769,6.670659516898183,716520.1414225324,83.3290416981431,22.235531722993944,7.132114113852565,95.39930555555556,265,493.4826302528381,100.0,0,0.0,61.11111111111112,2240,5014.862869262695,2505,2563.970514295536,766.7424732707419,1584.9142469795345,1140.604291500547,0,rule_based,11,2022,5.4
5760,-3.8142653819713086,17.52128685038918,21.335552232360484,7.35007553803624,2.3552000843903835,11.630276609933864,711802.2782970604,81.66750597818044,38.76758869977954,7.850666947967945,93.02083333333331,402,549.7288312911987,100.0,0,0.0,53.07291666666667,2703,6248.114597320557,3105,2512.846337649489,1336.8134034486193,1744.592654565445,1265.6447612482766,0,rule_based,11,2023,5.4
5760,-0.7138972423704539,12.310159771546784,13.024057013917236,4.678652352979212,2.4351669406722816,5.910237720265741,500100.240719088,51.98502614421346,19.700792400885803,8.117223135574273,45.60763888888889,3133,4732.821579933167,100.0,0,0.0,69.87847222222221,1735,3638.993324279785,4868,1599.539265558887,679.3376689129129,1803.827363938021,1433.056284755788,0,sindy_mpc,11,2020,79.7
5760,-3.392146194087638,7.9626557352493315,11.354801929336968,6.411119901227279,1.9826457271136984,2.961036300995993,323482.8892445041,71.23466556919199,9.870121003319976,6.6088190903789945,48.95833333333333,2940,4280.401652097702,99.53125,27,10663.219604492188,60.55555555555555,2272,4515.092346191406,5239,2191.835863088849,340.3490000334372,1468.6264649569853,1359.7156548059836,0,sindy_mpc,11,2021,77.4
5760,-2.9220770517988948,10.188229166559942,13.110306218358836,5.335080771520708,2.3618356719730182,5.413389774865109,413896.80989149766,59.27867523911898,18.0446325828837,7.872785573243394,51.18055555555555,2812,4924.166512489319,97.8472222222222,124,96582.1142578125,68.81944444444444,1796,2831.7127685546875,4732,1823.959237639049,622.2287096364945,1749.5079040470357,1300.9986071483618,0,sindy_mpc,11,2022,83.1
5760,-2.282920751208251,8.21214514532179,10.49506589653004,5.12527518572801,2.561332286116774,2.8084584246852557,333618.3965286977,56.94750206364456,9.361528082284185,8.537774287055914,50.9375,2826,3411.975938796997,100.0,0,0.0,57.56944444444444,2444,4072.194358825684,5270,1752.230831281728,322.81131337785746,1897.2831739218611,1646.1384420674597,0,sindy_mpc,11,2023,77.1
5760,4.312068895737506,13.700083650343965,9.388014754606456,4.5874216381072825,3.995591777861043,0.8050013386381314,556565.8982952235,50.97135153452536,2.6833377954604383,13.318639259536807,63.15972222222223,2122,2432.4892473220825,83.55902777777777,947,1063383.740234375,54.16666666666666,2640,5497.98637008667,5709,1568.3492766118734,92.52888943116383,2959.697614275375,1444.54877713284,0,grey_box_mpc,11,2020,76.3
5760,-3.1363613191858493,7.494477774400773,10.630839093586625,6.046149477982267,3.224645671958906,1.3600439436454488,304463.1595850314,67.17943864424741,4.533479812151496,10.748818906529689,68.10763888888889,1837,1915.4161043167117,79.72222222222223,1168,1371832.5493164062,56.388888888888886,2512,5468.061485290527,5517,2067.0596503629195,156.32689031644668,2388.626423885955,1266.5235190851597,0,grey_box_mpc,11,2021,67.0
5760,0.798320799476889,11.220529024295413,10.422208224818524,5.521563144746088,3.3062658916005576,1.5943791884718794,455833.9916120012,61.35070160828987,5.314597294906265,11.020886305335193,74.49652777777777,1469,1198.4912538528442,81.04166666666667,1092,1372027.1774902344,60.38194444444444,2282,4676.7286376953125,4843,1887.7138953903968,183.2619758233489,2449.0858450536507,1272.510600763845,0,grey_box_mpc,11,2022,66.8
5760,-0.0683344739307474,8.833102266250634,8.901436740181383,4.858466194027519,3.639740512692162,0.4032300334617013,358844.77956643206,53.98295771141689,1.3441001115390043,12.13246837564054,75.78125,1395,1403.6355724334717,88.00347222222223,691,625000.3779296875,40.08680555555556,3451,8163.775367736816,5537,1661.0140820334996,46.3482798426022,2696.104084214663,1659.5481341208497,0,grey_box_mpc,11,2023,67.0
5760,-7.7271554640021,10.398651757148944,18.12580722115105,6.286884429166225,2.7105135041274293,9.128409287857393,422445.2276341759,69.85427143518028,30.428030959524644,9.0350450137581,79.375,1188,802.7492427825928,94.01041666666666,345,203116.541015625,60.64236111111111,2267,5135.127834320068,3800,2149.362198110796,1049.24244727648,2007.7877803982956,950.7925779460272,0,nn_mpc,11,2020,1947.7
5220,-12.569075078333604,10.08398631936001,22.65306139769361,7.352975895538758,2.253164154662655,13.0469213474922,409661.9442240004,81.69973217265287,43.48973782497401,7.51054718220885,84.32950191570882,818,1023.4189433455468,91.51340996168582,443,464147.7880859375,40.97701149425287,3081,7353.683074951172,4342,2513.8379120387144,1499.646131387548,1669.0104856760904,733.9071627009705,0,nn_mpc,11,2021,1721.6
5760,-9.831305192092008,12.974269265506631,22.80557445759864,6.748522423106767,2.293044591849545,13.764007442642324,527079.6889112069,74.98358247896408,45.88002480880775,7.643481972831818,79.11458333333333,1203,1052.0568342208862,93.76736111111111,359,252905.00390625,55.208333333333336,2580,6562.562644958496,4142,2307.187154179903,1582.069820984282,1698.551550831692,937.0184439025708,0,nn_mpc,11,2022,1861.8
5760,-7.111404157827825,9.894550805258966,17.00595496308679,6.063412334362741,2.5503801315342134,8.392162497189837,401966.1264636455,67.371248159586,27.97387499063279,8.501267105114046,84.51388888888889,892,593.7050590515137,95.06944444444444,284,172832.83642578125,39.23611111111111,3500,9962.20920562744,4676,2072.9614810064645,964.6163792308024,1889.1704680575488,952.114719971997,0,nn_mpc,11,2023,1874.7
5760,4.633505033605601,18.82551512786217,14.192010094256572,7.289512529497127,2.1524715303685187,4.750026034390926,764786.5520694008,80.99458366107919,15.83342011463642,7.174905101228396,95.22569444444444,275,385.74970149993896,100.0,0,0.0,62.10069444444445,2183,6893.667533874512,2458,2492.141034190952,545.9800039294614,1594.4233554580535,964.8017977790362,0,rule_based,12,2020,4.6
5760,-6.971197553462108,18.221369854828968,25.19256740829108,8.104337951146658,2.1297811298067355,14.95844832733768,740243.1503524268,90.04819945718509,49.86149442445894,7.099270432689119,93.87152777777776,353,601.7383589744568,100.0,0,0.0,51.05902777777778,2819,6172.752422332764,3172,2770.71382839817,1719.3618767216722,1577.6156514270265,1167.395714308131,0,rule_based,12,2021,4.8
5760,1.3275113618985808,17.637418865785413,16.309907503886834,7.499613752832879,2.139634234155769,6.670659516898183,716520.1414225324,83.3290416981431,22.235531722993944,7.132114113852565,95.39930555555556,265,493.4826302528381,100.0,0,0.0,61.11111111111112,2240,5014.862869262695,2505,2563.970514295536,766.7424732707419,1584.9142469795345,1140.604291500547,0,rule_based,12,2022,5.4
5760,-3.8142653819713086,17.52128685038918,21.335552232360484,7.35007553803624,2.3552000843903835,11.630276609933864,711802.2782970604,81.66750597818044,38.76758869977954,7.850666947967945,93.02083333333331,402,549.7288312911987,100.0,0,0.0,53.07291666666667,2703,6248.114597320557,3105,2512.846337649489,1336.8134034486193,1744.592654565445,1265.6447612482766,0,rule_based,12,2023,4.9
5760,-2.495997523092307,12.652363798125045,15.148361321217353,4.824434464842589,2.5193194184734296,7.804607437901334,514002.27929883,53.604827387139885,26.01535812633778,8.397731394911432,51.71875,2781,3465.303899765014,100.0,0,0.0,63.78472222222222,2086,4396.516437530518,4867,1649.3793042387397,897.081314737298,1866.1625323405185,1497.012579124002,0,sindy_mpc,12,2020,71.5
5760,-4.111549967342474,8.228289558582782,12.339839525925257,6.494465222818626,1.969070910459972,3.876303392646657,334274.2633174255,72.16072469798473,12.921011308822193,6.56356970153324,58.97569444444445,2363,3117.75412607193,99.63541666666669,21,11203.926635742188,53.78472222222223,2662,5396.96314239502,5046,2220.329992108493,445.552114064226,1458.5710441453132,1389.1204811276814,0,sindy_mpc,12,2021,69.4
5760,-3.558323494795859,10.737380586530875,14.295704081326733,5.446255721867745,2.4527632772785326,6.396685082180456,436206.0863278168,60.51395246519717,21.322283607268187,8.175877590928442,57.60416666666666,2442,3775.8915004730234,98.55902777777776,83,65814.71704101562,63.489583333333336,2103,3827.7293281555176,4628,1861.9677671093611,735.2511587886318,1816.8616868183035,1341.082577221529,0,sindy_mpc,12,2022,74.2
5760,-2.718802205230184,8.864248415179578,11.583050620409765,5.194122807531462,2.644897531190461,3.74403028168784,360110.0918666704,57.71247563923847,12.480100938959469,8.816325103968204,59.61805555555556,2326,2223.905608177185,100.0,0,0.0,51.545138888888886,2791,4948.206848144531,5117,1775.768480219166,430.34830814378313,1959.18335524756,1708.9835009401313,0,sindy_mpc,12,2023,70.4
5760,6.54333931127745,16.28364835417876,9.740309042901313,4.863985974834022,4.536803704312115,0.3395193637551755,661523.2143885122,54.044288609266914,1.1317312125172516,15.122679014373718,66.19791666666667,1947,1913.074599266052,82.62152777777779,1001,766625.2663574219,62.93402777777778,2135,4360.274555206299,5083,1662.9011853247844,39.02521421978739,3360.595337908395,1424.434820840259,0,grey_box_mpc,12,2020,66.3
5760,1.473452481881868,12.59065903732121,11.117206555439342,6.829334166476708,3.7199088151254527,0.5679635738371812,511495.52339117415,75.88149073863009,1.893211912790604,12.399696050418177,70.52083333333333,1698,1335.427927017212,86.61458333333333,771,464410.1310119629,57.11805555555556,2470,5168.513053894043,4939,2334.8150991523817,65.28316931904365,2755.488011937293,1278.1499348107068,0,grey_box_mpc,12,2021,62.2
5760,4.3683770807581634,14.78817710158936,10.419800020831197,6.118017481447191,3.69288875398823,0.6088937853957768,600769.6947520678,67.9779720160799,2.029645951319256,12.309629179960767,77.03125,1323,1197.3167400360107,88.97569444444444,635,486588.7578125,61.38888888888889,2224,4137.954170227051,4182,2091.6299074517588,69.9877916543317,2735.473150988764,1273.5884631941117,0,grey_box_mpc,12,2022,64.1
5760,2.7737881597326965,12.80555843746019,10.031770277727494,5.402427619712402,4.4263176844497405,0.2030249735653515,520225.81152182026,60.02697355236002,0.6767499118845052,14.754392281499136,78.10763888888889,1261,1009.8000183105468,87.27430555555556,733,501522.7457275391,48.00347222222222,2995,6212.808101654053,4989,1846.9838020928723,23.33620384398481,3278.753840706119,1646.0715528135906,0,grey_box_mpc,12,2023,63.0
3685,-1.557715911802671,4.843668719170047,6.401384630972718,4.298072426279141,1.1227381577925888,0.9805740469009884,196774.0417162832,47.75636029199046,3.268580156336629,3.742460525975296,67.08276797829036,1213,1443.700842142105,95.84803256445046,153,141874.09814453125,54.62686567164179,1672,3486.064685821533,3038,1469.4264702651092,112.70966065666062,831.6578949869304,395.98909399813647,0,nn_mpc,12,2020,1161.0
5218,-3.791023846298393,7.105331318402537,10.89635516470093,7.331531975037789,1.7098891326323449,1.854934057030796,288654.08481010306,81.46146638930877,6.183113523435988,5.699630442107816,74.70295132234573,1320,2204.7462066933517,94.55730164814103,284,284058.1025390625,49.04177845917977,2659,5993.773468017578,4263,2506.5066593037145,213.21081152165715,1266.584543040979,500.469959620972,0,nn_mpc,12,2021,1583.6
4451,-2.757304401219669,7.138274148566776,9.895578549786446,6.058769794253271,1.503553473618177,2.333255281914998,289992.38728552527,67.3196643805919,7.777517606383326,5.011844912060591,70.77061334531565,1301,2931.602803200484,90.02471354751741,444,579177.4555664062,59.78431813075713,1790,3638.327808380127,3535,2071.374287817134,268.19026169186776,1113.7433139366306,421.77853892383325,0,nn_mpc,12,2022,1350.4
5318,-2.1812776587768408,6.141888214970825,8.323165873747666,5.5849101763811095,1.6657489644649124,1.0725067329016438,249514.2087331898,62.054557515345664,3.57502244300548,5.552496548216375,73.22301617149304,1424,1204.3239917755127,98.43926288078224,83,92443.77697753906,39.63896201579541,3210,8126.978164672852,4717,1909.371000029465,123.27663616118322,1233.8881216918026,714.7282295338575,0,nn_mpc,12,2023,1663.3
5760,4.633505033605601,18.82551512786217,14.192010094256572,7.289512529497127,2.1524715303685187,4.750026034390926,764786.5520694008,80.99458366107919,15.83342011463642,7.174905101228396,95.22569444444444,275,385.74970149993896,100.0,0,0.0,62.10069444444445,2183,6893.667533874512,2458,2492.141034190952,545.9800039294614,1594.4233554580535,964.8017977790362,0,rule_based,13,2020,5.1
5760,-6.971197553462108,18.221369854828968,25.19256740829108,8.104337951146658,2.1297811298067355,14.95844832733768,740243.1503524268,90.04819945718509,49.86149442445894,7.099270432689119,93.87152777777776,353,601.7383589744568,100.0,0,0.0,51.05902777777778,2819,6172.752422332764,3172,2770.71382839817,1719.3618767216722,1577.6156514270265,1167.395714308131,0,rule_based,13,2021,8.0
5760,1.3275113618985808,17.637418865785413,16.309907503886834,7.499613752832879,2.139634234155769,6.670659516898183,716520.1414225324,83.3290416981431,22.235531722993944,7.132114113852565,95.39930555555556,265,493.4826302528381,100.0,0,0.0,61.11111111111112,2240,5014.862869262695,2505,2563.970514295536,766.7424732707419,1584.9142469795345,1140.604291500547,0,rule_based,13,2022,5.1
5760,-3.8142653819713086,17.52128685038918,21.335552232360484,7.35007553803624,2.3552000843903835,11.630276609933864,711802.2782970604,81.66750597818044,38.76758869977954,7.850666947967945,93.02083333333331,402,549.7288312911987,100.0,0,0.0,53.07291666666667,2703,6248.114597320557,3105,2512.846337649489,1336.8134034486193,1744.592654565445,1265.6447612482766,0,rule_based,13,2023,5.1
5760,3.5367121810569957,14.507626450263256,10.97091426920626,4.674394674358796,2.3105772729455567,3.985942321901907,589372.3245419448,51.93771860398663,13.286474406339693,7.701924243151856,50.22569444444444,2867,3518.7153038978577,100.0,0,0.0,68.66319444444444,1805,4089.740615844727,4672,1598.0836488824011,458.1542898391825,1711.5387208046675,1368.4127728715189,0,sindy_mpc,13,2020,71.0
5760,-2.6605223981221,7.93898260462518,10.599505002747282,6.663416351611091,1.8363524874980768,2.099736163638113,322521.168312898,74.03795946234546,6.999120545460377,6.121174958326922,54.80902777777777,2603,2585.374207496643,99.75694444444444,14,239.24044799804688,58.333333333333336,2400,4807.3112716674805,5017,2278.0910592550367,241.34898416268328,1360.2611023527957,1335.1361957384852,0,sindy_mpc,13,2021,67.0
5760,3.5552572969377727,15.736531603873196,12.181274306935425,5.496736659699832,2.31507032865625,4.369467318579341,639296.5964073486,61.07485177444258,14.564891061931135,7.716901095520834,62.15277777777778,2180,2175.8531742095947,100.0,0,0.0,66.12847222222223,1951,3657.17310333252,4131,1879.226207603264,502.2376227073421,1714.8669101333585,1254.9704707280152,0,sindy_mpc,13,2022,77.4
5760,1.6103256071830154,10.78733495904742,9.177009351864404,5.093292432087776,2.516593400072859,1.5671235197037685,438235.4827113014,56.59213813430863,5.223745065679228,8.388644666909531,55.19097222222222,2581,2627.262791633606,100.0,0,0.0,53.15972222222223,2698,5187.335468292236,5279,1741.2965575279025,180.12914021363005,1864.1432599156976,1612.7656481197416,0,sindy_mpc,13,2023,68.8
5760,4.200761805296013,14.001912846857962,9.801151041561951,4.587358494039392,4.156841636032701,1.056950911489857,568827.7094036047,50.97064993377102,3.52316970496619,13.856138786775672,65.55555555555556,1984,1862.90128326416,71.30208333333333,1653,2342658.9541015625,50.24305555555556,2866,6761.492580413818,6503,1568.3276909095553,121.48861078938369,3079.141952868641,1406.6326098253176,0,grey_box_mpc,13,2020,65.6
5760,-3.85842910766474,7.526460031814453,11.384889139479194,5.955760643146242,3.57637291394268,1.8527555823902704,305762.43879246217,66.17511825718047,6.175851941300902,11.9212430464756,75.29513888888889,1423,1096.3985424041748,61.84027777777777,2198,4002320.8280029297,47.44791666666666,3027,8193.690048217773,6648,2036.15748503284,212.96041181451835,2649.1651218509382,1224.595262827078,0,grey_box_mpc,13,2021,60.1
5760,0.5981771328719145,11.437041433146332,10.838864300274416,5.601162125776583,3.5391625751709883,1.6985395993268473,464629.80822156975,62.23513473085092,5.661798664422824,11.797208583903297,80.17361111111111,1142,751.3794422149658,73.4375,1530,2183533.383544922,55.78125000000001,2547,6778.4292068481445,5219,1914.9272218789145,195.2344366299646,2621.601908670084,1263.6085526346235,0,grey_box_mpc,13,2022,61.0
5760,0.0006481615491333,8.841785938156473,8.84113777660734,4.803408081045038,3.5206171366048875,0.5171125589574144,359197.55373760674,53.371200900500426,1.723708529858048,11.735390455349624,78.42013888888889,1243,1094.1349868774414,80.72916666666666,1110,1302840.1544189453,36.00694444444444,3686,11103.782287597656,6039,1642.1907960850062,59.43822538608018,2607.8645470866268,1640.9872720857325,0,grey_box_mpc,13,2023,59.9
5760,-2.057968318269821,13.015515496495851,15.07348381476567,6.455308880918785,2.492378338947554,6.125796594899333,528755.3170451439,71.72565423243094,20.419321982997776,8.307927796491848,81.04166666666667,1092,725.3780460357666,94.39236111111111,323,116245.73815917967,53.80208333333333,2661,6928.171642303467,4076,2206.9432073575226,704.114551511789,1846.2061763060744,620.9332326974576,0,nn_mpc,13,2020,1771.4
5760,-5.708611448249596,11.334297346832043,17.042908795081644,7.48411682275166,2.175400780354738,7.383391191975244,460455.8297150519,83.15685358612956,24.611303973250816,7.251335934515794,88.69791666666667,651,422.3985958099365,96.21527777777776,218,55867.96166992188,48.59375,2961,9771.685470581057,3830,2558.672418384061,848.6656540999415,1611.4079856853552,475.7326706066542,0,nn_mpc,13,2021,1795.3
5218,-4.83983879148841,10.256212129237577,15.096050920725986,6.647292134801484,1.9456134364663933,6.503145349458107,416658.61775027646,73.85880149779427,21.67715116486036,6.485378121554644,87.0640091989268,675,383.32592010498047,95.43886546569568,238,92133.07104492188,58.41318512840169,2170,6465.508186340332,3083,2272.5785094967137,747.4879709925547,1441.1951380900434,490.5619505693529,0,nn_mpc,13,2022,1628.7
5320,-3.1726883697651305,10.335361795785278,13.50805016555041,5.70672017513939,2.310885717167542,5.490444273243478,419874.072953777,63.40800194599322,18.301480910811595,7.702952390558474,89.62406015037594,552,370.3392724990845,95.80827067669172,223,86750.92858886719,39.06015037593985,3242,10536.277462005615,4017,1951.015444587349,631.0855487685031,1711.7671975586647,508.3380061233376,0,nn_mpc,13,2023,1606.6
5760,4.633505033605601,18.82551512786217,14.192010094256572,7.289512529497127,2.1524715303685187,4.750026034390926,764786.5520694008,80.99458366107919,15.83342011463642,7.174905101228396,95.22569444444444,275,385.74970149993896,100.0,0,0.0,62.10069444444445,2183,6893.667533874512,2458,2492.141034190952,545.9800039294614,1594.4233554580535,964.8017977790362,0,rule_based,14,2020,5.0
5760,-6.971197553462108,18.221369854828968,25.19256740829108,8.104337951146658,2.1297811298067355,14.95844832733768,740243.1503524268,90.04819945718509,49.86149442445894,7.099270432689119,93.87152777777776,353,601.7383589744568,100.0,0,0.0,51.05902777777778,2819,6172.752422332764,3172,2770.71382839817,1719.3618767216722,1577.6156514270265,1167.395714308131,0,rule_based,14,2021,5.0
5760,1.3275113618985808,17.637418865785413,16.309907503886834,7.499613752832879,2.139634234155769,6.670659516898183,716520.1414225324,83.3290416981431,22.235531722993944,7.132114113852565,95.39930555555556,265,493.4826302528381,100.0,0,0.0,61.11111111111112,2240,5014.862869262695,2505,2563.970514295536,766.7424732707419,1584.9142469795345,1140.604291500547,0,rule_based,14,2022,5.1
5760,-3.8142653819713086,17.52128685038918,21.335552232360484,7.35007553803624,2.3552000843903835,11.630276609933864,711802.2782970604,81.66750597818044,38.76758869977954,7.850666947967945,93.02083333333331,402,549.7288312911987,100.0,0,0.0,53.07291666666667,2703,6248.114597320557,3105,2512.846337649489,1336.8134034486193,1744.592654565445,1265.6447612482766,0,rule_based,14,2023,5.0
5760,3.2957947403623225,16.4499749241971,13.15418018383478,4.453905046623463,2.4542199563870257,6.246055180824287,668280.2312955072,49.48783385137181,20.82018393608096,8.180733187956752,47.93402777777778,2999,4648.107346534729,100.0,0,0.0,67.08333333333333,1896,4086.277027130127,4895,1522.7025810163586,717.9373771067847,1817.940708900016,1576.976520168851,0,sindy_mpc,14,2020,78.9
5760,-2.8905548253644597,8.462055403122339,11.3526102284868,6.650154554741068,1.9176538584161589,2.7848018153295717,343771.000751845,73.89060616378964,9.282672717765236,6.392179528053863,54.21875000000001,2637,3339.824719429016,99.84375,9,808.012451171875,57.60416666666666,2442,4405.605339050293,5088,2273.5571126837376,320.09216267407743,1420.4843407582696,1460.8522562056996,0,sindy_mpc,14,2021,71.2
5760,-2.9048482773883504,10.70515332004263,13.610001597430982,5.790751263940724,2.153232787686159,5.666017545804098,434896.8536267319,64.3416807104525,18.886725152680327,7.177442625620531,59.96527777777778,2306,3129.890012741089,100.0,0,0.0,65.10416666666666,2010,3594.4428939819336,4316,1979.7440211754372,651.2663845149993,1594.9872501925104,1382.7485731380282,0,sindy_mpc,14,2022,71.7
5760,2.5423162727206456,13.11291831135192,10.570602038631272,5.006763853968797,2.5535461291215777,3.010292055540897,532712.3063986717,55.6307094885422,10.03430685180299,8.51182043040526,53.43750000000001,2682,3298.7377605438232,100.0,0,0.0,54.30555555555555,2632,4438.198810577393,5314,1711.7141378735032,346.01058111777206,1891.5156499125276,1797.7605144879208,0,sindy_mpc,14,2023,76.8
5760,3.354045910711303,13.999340608091211,10.64529469737991,4.687870395333858,5.256773315395039,0.7006509866510147,568723.2122037056,52.08744883704287,2.3355032888367155,17.522577717983463,61.94444444444444,2192,2234.465029716492,57.67361111111112,2438,2502444.1751708984,55.79861111111111,2546,5293.405181884766,7176,1602.6907323425496,80.5345961583543,3893.9061591958302,1469.219806802446,0,grey_box_mpc,14,2020,64.6
5760,-4.438989919449371,7.578846488529518,12.017836407978889,6.068140647146754,4.712557292552594,1.2371384682795428,307890.6385965117,67.42378496829727,4.123794894265143,15.708524308508649,70.76388888888889,1684,1500.4990091323853,49.60069444444444,2903,3700555.905685425,55.64236111111112,2555,5497.215286254883,7142,2074.5779985699046,142.19982400899934,3490.7831777822494,1255.6039837127057,0,grey_box_mpc,14,2021,59.5
5760,0.1593993361074441,11.229336722639792,11.069937386532349,5.663845267224367,4.370454831001091,1.035637288306889,456191.8043572416,62.93161408027075,3.4521242943562966,14.568182770003636,76.64930555555556,1345,1014.4709272384644,66.63194444444444,1922,1789220.5441894531,64.11458333333333,2067,4367.021915435791,5334,1936.3573574210577,119.03876866312883,3237.3739472176094,1288.343715351332,0,grey_box_mpc,14,2022,58.4
5760,-1.075679230422398,9.26405344257311,10.339732672995508,4.936070935563443,5.098258059161576,0.3054036782704902,376352.1711045326,54.84523261737159,1.018012260901634,16.994193530538585,75.41666666666667,1416,1309.2764101028442,64.65277777777779,2036,1542573.636352539,42.96875,3285,7649.213195800781,6737,1687.54561819973,35.10387102317533,3776.487450829884,1684.4354160527048,0,grey_box_mpc,14,2023,58.8
5760,-0.1808761261112538,16.11872210817101,16.299598234282264,6.722918874747004,2.417370060237504,7.159309299297755,654823.0856444472,74.69909860830005,23.86436433099252,8.05790020079168,69.73958333333333,1743,1453.0990886688232,99.27083333333331,42,6911.7139892578125,60.295138888888886,2287,4818.574234008789,4072,2298.433804465954,822.909114763271,1790.6444889655495,702.6900076976732,0,nn_mpc,14,2020,1823.7
5760,-6.143069376173178,13.41238373576013,19.555453111933307,8.44320341947779,2.263860494809272,8.848389197646245,544878.0892652553,93.813371327531,29.494630658820817,7.54620164936424,77.82986111111111,1277,873.8698539733887,97.34375,153,39944.98791503906,52.77777777777778,2720,5825.0078125,4150,2886.5652728344903,1017.0562303153444,1676.9336994527584,539.3614376712526,0,nn_mpc,14,2021,1742.7
5760,-4.940533131867756,15.473839984313148,20.414373116180904,7.681774358219137,2.4376157594585197,10.294982998503247,628624.7493627217,85.35304842465708,34.31660999501083,8.125385864861732,76.04166666666666,1380,921.2959003448486,95.5034722222222,259,54150.04772949219,64.40972222222221,2050,4109.397212982178,3689,2626.2476436974243,1183.33137895883,1805.6413024848732,697.2124066993294,0,nn_mpc,14,2022,1717.0
5760,-2.0234231872623547,13.284936444347377,15.308359631609733,6.791937275918148,2.879483561485673,5.636938794205911,539700.5430516122,75.46596973242387,18.78979598068637,9.598278538285578,77.37847222222223,1303,853.1218318939209,99.77430555555556,13,1726.0404052734375,47.53472222222222,3022,7474.013916015625,4338,2322.0298381226585,647.9239994522512,2132.9507876046805,707.004864866565,0,nn_mpc,14,2023,1740.0
5760,4.633505033605601,18.82551512786217,14.192010094256572,7.289512529497127,2.1524715303685187,4.750026034390926,764786.5520694008,80.99458366107919,15.83342011463642,7.174905101228396,95.22569444444444,275,385.74970149993896,100.0,0,0.0,62.10069444444445,2183,6893.667533874512,2458,2492.141034190952,545.9800039294614,1594.4233554580535,964.8017977790362,0,rule_based,15,2020,4.9
5760,-6.971197553462108,18.221369854828968,25.19256740829108,8.104337951146658,2.1297811298067355,14.95844832733768,740243.1503524268,90.04819945718509,49.86149442445894,7.099270432689119,93.87152777777776,353,601.7383589744568,100.0,0,0.0,51.05902777777778,2819,6172.752422332764,3172,2770.71382839817,1719.3618767216722,1577.6156514270265,1167.395714308131,0,rule_based,15,2021,4.8
5760,1.3275113618985808,17.637418865785413,16.309907503886834,7.499613752832879,2.139634234155769,6.670659516898183,716520.1414225324,83.3290416981431,22.235531722993944,7.132114113852565,95.39930555555556,265,493.4826302528381,100.0,0,0.0,61.11111111111112,2240,5014.862869262695,2505,2563.970514295536,766.7424732707419,1584.9142469795345,1140.604291500547,0,rule_based,15,2022,4.9
5760,-3.8142653819713086,17.52128685038918,21.335552232360484,7.35007553803624,2.3552000843903835,11.630276609933864,711802.2782970604,81.66750597818044,38.76758869977954,7.850666947967945,93.02083333333331,402,549.7288312911987,100.0,0,0.0,53.07291666666667,2703,6248.114597320557,3105,2512.846337649489,1336.8134034486193,1744.592654565445,1265.6447612482766,0,rule_based,15,2023,4.8
5760,-1.7808333485066377,11.41602982819699,13.196863176703626,4.25292875956703,4.4184561143260765,4.525478302810519,463776.2117705027,47.25476399518923,15.084927676035065,14.72818704775359,50.83333333333333,2832,4830.135918140411,70.69444444444444,1688,1576909.2694091797,48.21180555555556,2983,5976.889938354492,7503,1453.9927372422203,520.1699199777752,3272.9304549506114,1448.018026685034,0,sindy_mpc,15,2020,79.1
5760,-4.270100864662904,7.673090337855543,11.943191202518449,5.9216994765987865,3.898572968379999,2.122918757539661,311719.2949753814,65.79666085109763,7.076395858465538,12.995243227933331,54.84375,2601,4066.518563747406,64.84375,2025,1976784.689819336,35.38194444444444,3722,6649.143699645996,8348,2024.512643041029,244.0136503724009,2887.831829037769,1300.6323394341537,0,sindy_mpc,15,2021,76.9
5760,-3.5587744576230693,9.92114593310247,13.47992039072554,5.111287587073194,3.9393751008575584,4.429257702794784,403046.55353228777,56.79208430081327,14.76419234264928,13.131250336191862,56.05902777777778,2531,4912.945562839508,77.65625,1287,1145371.559326172,50.763888888888886,2836,4545.55643081665,6654,1747.448746827575,509.110080860097,2918.05563001626,1325.6297681453757,0,sindy_mpc,15,2022,79.1
5760,-3.989426812900797,7.814722957089071,11.804149769989866,4.973015269389092,4.745693452698848,2.0854410479019263,317473.1201317435,55.25572521543435,6.951470159673088,15.818978175662828,53.68055555555556,2668,3294.580770969391,81.97916666666667,1038,763709.7155761719,43.78472222222222,3238,4901.398620605469,6944,1700.1761608667102,239.70586754485896,3515.32848486795,1708.6669414732414,0,sindy_mpc,15,2023,74.6
5760,4.313243886587706,15.501322761155478,11.188078874567772,4.759169169551567,5.2968926774084455,1.1320170276077604,629741.2371719413,52.87965743946185,3.773390092025868,17.65630892469482,66.78819444444444,1913,1500.121654510498,54.34027777777778,2630,2568439.610107422,52.326388888888886,2746,5115.3235511779785,7289,1627.0663827176247,130.11689956195173,3923.624204512647,1215.777567906867,0,grey_box_mpc,15,2020,65.4
5760,-2.3728638378186573,9.56231120671929,11.93517504453795,6.30674312298081,4.492440391706499,1.135991529850642,388468.8927729712,70.07492358867567,3.7866384328354736,14.97480130568833,73.10763888888889,1549,953.4310007095336,51.12847222222222,2815,2936577.1075897217,44.18402777777778,3215,5212.371200561523,7579,2156.151494577401,130.5737393089186,3327.7336244980715,1037.925292205915,0,grey_box_mpc,15,2021,63.1
5760,1.49359096922699,12.72745407528625,11.233863106059262,5.789633349313844,4.582493720334545,0.8617360364108732,517052.821808504,64.3292594368205,2.8724534547029106,15.274979067781818,72.84722222222221,1564,1147.30868434906,69.32291666666667,1767,1610655.2137451172,64.65277777777779,2036,3287.256820678711,5367,1979.361828904275,99.05011912987896,3394.4397922638727,1100.9177871525571,0,grey_box_mpc,15,2022,63.9
5760,-0.6950370122074111,11.05952224671671,11.754559258924122,5.265315903573862,5.779782167950718,0.7094611873995414,449293.0912728664,58.50351003970958,2.364870624665138,19.265940559835727,66.97916666666667,1902,1900.3101902008057,64.65277777777779,2036,1776494.5364990234,46.80555555555556,3064,4591.312519073486,7002,1800.108001660923,81.54726293347204,4281.320124038806,1477.7149622903223,0,grey_box_mpc,15,2023,64.1
5760,-7.805050919391398,15.001075397399578,22.806126316790976,7.143602395956044,3.2356303335474905,12.426893587287442,609418.6880193579,79.37335995506716,41.422978624291474,10.785434445158302,89.70486111111111,593,320.2642135620117,92.67361111111111,422,68058.97998046875,60.98958333333333,2247,4421.258796691895,3262,2442.257230935545,1428.3785735822603,2396.763210526392,697.215703652393,0,nn_mpc,15,2020,1860.5
5760,-12.39885104229208,13.40940119265192,25.808252234944,8.930462829756905,2.7407586988923542,14.13703070629474,544756.9234514843,99.22736477507672,47.12343568764914,9.13586232964118,93.57638888888889,370,174.687518119812,88.80208333333334,645,113919.41409301758,57.15277777777777,2468,4468.733238220215,3483,3053.14968587154,1624.9460592992714,2030.1916282221011,574.419280313748,0,nn_mpc,15,2021,1828.6
5760,-6.435739648471263,14.489697586081247,20.92543723455251,7.5240629974077535,2.723351433451814,10.678022803692944,588643.9644345507,83.60069997119726,35.593409345643146,9.077838111506049,89.65277777777779,596,388.8280301094055,90.55555555555556,544,183817.52099609372,63.62847222222222,2095,4106.154491424561,3235,2572.329230543347,1227.3589425451478,2017.2973576346385,677.9458084856257,0,nn_mpc,15,2022,1762.1
5760,-10.968938544490076,14.246777387411504,25.215715931901578,7.766977762574563,3.255146702917771,14.193591466409243,578775.3313635923,86.29975291749516,47.311971554697486,10.850489009725903,92.41319444444444,437,220.42252922058103,96.78819444444444,185,22825.99719238281,49.96527777777778,2882,6090.280490875244,3504,2655.3770120132176,1631.4472957124783,2411.219780589188,751.3818662265519,0,nn_mpc,15,2023,1794.3
5760,4.633505033605601,18.82551512786217,14.192010094256572,7.289512529497127,2.1524715303685187,4.750026034390926,764786.5520694008,80.99458366107919,15.83342011463642,7.174905101228396,95.22569444444444,275,385.74970149993896,100.0,0,0.0,62.10069444444445,2183,6893.667533874512,2458,2492.141034190952,545.9800039294614,1594.4233554580535,964.8017977790362,0,rule_based,16,2020,4.9
5760,-6.971197553462108,18.221369854828968,25.19256740829108,8.104337951146658,2.1297811298067355,14.95844832733768,740243.1503524268,90.04819945718509,49.86149442445894,7.099270432689119,93.87152777777776,353,601.7383589744568,100.0,0,0.0,51.05902777777778,2819,6172.752422332764,3172,2770.71382839817,1719.3618767216722,1577.6156514270265,1167.395714308131,0,rule_based,16,2021,5.0
5760,1.3275113618985808,17.637418865785413,16.309907503886834,7.499613752832879,2.139634234155769,6.670659516898183,716520.1414225324,83.3290416981431,22.235531722993944,7.132114113852565,95.39930555555556,265,493.4826302528381,100.0,0,0.0,61.11111111111112,2240,5014.862869262695,2505,2563.970514295536,766.7424732707419,1584.9142469795345,1140.604291500547,0,rule_based,16,2022,5.3
5760,-3.8142653819713086,17.52128685038918,21.335552232360484,7.35007553803624,2.3552000843903835,11.630276609933864,711802.2782970604,81.66750597818044,38.76758869977954,7.850666947967945,93.02083333333331,402,549.7288312911987,100.0,0,0.0,53.07291666666667,2703,6248.114597320557,3105,2512.846337649489,1336.8134034486193,1744.592654565445,1265.6447612482766,0,rule_based,16,2023,7.9
5760,-0.4538444058021694,12.889079528620927,13.342923934423098,4.712220026511819,2.611619035214969,6.019084872696308,523618.8558502252,52.35800029457577,20.06361624232103,8.705396784049897,42.48263888888889,3313,5888.877333641052,100.0,0,0.0,81.59722222222221,1060,1817.3058586120603,4373,1611.0153943121973,691.8488359814753,1934.5326195940277,1376.9449639276068,0,sindy_mpc,16,2020,71.5
5760,-3.638037503309257,8.050014578748204,11.68805208205746,6.696052525408177,2.062833509107864,2.92916604754142,327031.84226164577,74.40058361564641,9.763886825138066,6.876111697026212,45.0,3168,5121.175680398941,99.5659722222222,25,13761.772338867188,69.6875,1746,3377.9617233276367,4939,2289.2487259322734,336.6857525477018,1528.0248214175583,1258.1099326106462,0,sindy_mpc,16,2021,66.8
5760,-3.2448470714843256,10.113989020801062,13.358836092285388,5.556010861747005,2.4811386263852238,5.321686604153159,410880.8039700432,61.73345401941117,17.7389553471772,8.270462087950746,46.21527777777778,3098,5987.150065422058,97.98611111111111,116,64826.85400390625,75.50347222222223,1411,2633.3059616088867,4625,1899.490893131386,611.6881154844912,1837.880462586824,1155.8189171155825,0,sindy_mpc,16,2022,70.7
5760,-2.9104592776190152,8.201069260691808,11.111528538310823,5.392027008234838,2.8170359426847407,2.9024655873912444,333168.4387156047,59.91141120260932,9.674885291304149,9.390119808949136,46.37152777777778,3089,4404.182048797607,100.0,0,0.0,69.72222222222221,1744,2986.4873962402344,4833,1843.428037452065,333.616734054646,2086.69329054274,1536.2201203188745,0,sindy_mpc,16,2023,65.1
5760,4.09074395539996,12.400459280071011,8.309715324671052,4.567151803287048,3.684000959610184,0.0585625617738201,503768.65825288487,50.74613114763388,0.1952085392460671,12.280003198700612,60.48611111111111,2276,2923.4578857421875,88.21180555555556,679,232825.0477294922,65.05208333333333,2013,5045.382194519043,4968,1561.4194205741687,6.731328973686002,2728.889598277806,1574.48033484191,0,grey_box_mpc,16,2020,64.5
5760,-2.5247702544866595,6.852803581282737,9.377573835769397,6.034010861143502,2.608646647905984,0.7349163267199109,278395.1454896112,67.04456512381668,2.4497210890663697,8.69548882635328,65.79861111111111,1970,2262.830369949341,89.67013888888889,595,172056.10684204102,63.50694444444444,2102,6673.671752929688,4667,2062.9096956728245,84.47314100091069,1932.3308492008728,1318.3210762940596,0,grey_box_mpc,16,2021,61.9
5760,0.7000786125892788,10.028900913608448,9.32882230101917,5.4823830619760425,2.956202740777054,0.8902364982660738,407424.0996153432,60.91536735528936,2.967454994220246,9.854009135923514,72.51736111111111,1583,1998.0097932815552,92.29166666666669,444,130771.01049804688,61.49305555555556,2218,7724.398937225342,4245,1874.318995881302,102.326034319295,2189.779808658596,1313.2619195948134,0,grey_box_mpc,16,2022,62.4
5760,-0.1691132556705757,8.332341167393768,8.501454423064343,4.753448872483256,3.6921727777918543,0.0558327727892333,338501.3599253718,52.81609858314729,0.1861092426307777,12.307242592639517,74.96527777777777,1442,1633.8754739761353,83.09027777777777,974,351220.8095703125,43.68055555555556,3244,11176.351112365724,5660,1625.1107263061324,6.417560052570563,2734.942798684798,1756.070124870451,0,grey_box_mpc,16,2023,62.6
3592,-10.530944878393344,8.541657761472557,19.072602639865902,5.364676722449801,1.536674964984235,12.171250952431867,347004.8465598227,59.60751913833112,40.57083650810623,5.122249883280784,74.77728285077951,906,718.6062784194946,96.57572383073496,123,69315.36303710938,67.34409799554567,1173,2546.086738586426,2202,1834.0775128240568,1398.9943621138923,1138.2777535784226,476.3172958865603,0,nn_mpc,16,2020,1175.0
5221,-19.47810804568253,11.464992523789222,30.943100569471756,8.87024192558087,2.0915496966253944,19.98130894726549,465765.3212789372,98.55824361756524,66.60436315755163,6.971832322084648,80.54012641256463,1016,801.6294946670532,96.85883930281555,164,131695.49743652344,56.82819383259912,2254,4527.4144287109375,3434,3032.561342206094,2296.7021782986417,1549.296072189963,666.5383984576397,0,nn_mpc,16,2021,1643.1
3790,-13.982293192937131,10.522147460775004,24.504440653712138,6.470142640838311,1.4903060311127598,16.543991981761067,427462.24059398455,71.89047378709235,55.14663993920356,4.967686770375867,75.75197889182058,919,798.9749050140381,97.81002638522426,83,39425.06555175781,72.0316622691293,1060,1859.163848876953,2062,2212.0145789979883,1901.6082741468224,1103.930393120264,446.0638368928301,0,nn_mpc,16,2022,1188.7
5316,-12.898038551952991,9.169807516657368,22.067846068610365,7.143280042265842,2.237542434302089,12.687023592042433,372523.4303642056,79.36977824739824,42.29007864014144,7.458474781006963,80.04138449962377,1061,752.3848743438721,94.41309255079008,297,256500.95068359372,51.598946576373216,2573,5938.0494384765625,3931,2442.147022513015,1458.2785730722394,1657.4388389752007,739.5937841415628,0,nn_mpc,16,2023,1676.8
5760,4.633505033605601,18.82551512786217,14.192010094256572,7.289512529497127,2.1524715303685187,4.750026034390926,764786.5520694008,80.99458366107919,15.83342011463642,7.174905101228396,95.22569444444444,275,385.74970149993896,100.0,0,0.0,62.10069444444445,2183,6893.667533874512,2458,2492.141034190952,545.9800039294614,1594.4233554580535,964.8017977790362,0,rule_based,17,2020,5.3
5760,-6.971197553462108,18.221369854828968,25.19256740829108,8.104337951146658,2.1297811298067355,14.95844832733768,740243.1503524268,90.04819945718509,49.86149442445894,7.099270432689119,93.87152777777776,353,601.7383589744568,100.0,0,0.0,51.05902777777778,2819,6172.752422332764,3172,2770.71382839817,1719.3618767216722,1577.6156514270265,1167.395714308131,0,rule_based,17,2021,7.6
5760,1.3275113618985808,17.637418865785413,16.309907503886834,7.499613752832879,2.139634234155769,6.670659516898183,716520.1414225324,83.3290416981431,22.235531722993944,7.132114113852565,95.39930555555556,265,493.4826302528381,100.0,0,0.0,61.11111111111112,2240,5014.862869262695,2505,2563.970514295536,766.7424732707419,1584.9142469795345,1140.604291500547,0,rule_based,17,2022,5.4
5760,-3.8142653819713086,17.52128685038918,21.335552232360484,7.35007553803624,2.3552000843903835,11.630276609933864,711802.2782970604,81.66750597818044,38.76758869977954,7.850666947967945,93.02083333333331,402,549.7288312911987,100.0,0,0.0,53.07291666666667,2703,6248.114597320557,3105,2512.846337649489,1336.8134034486193,1744.592654565445,1265.6447612482766,0,rule_based,17,2023,5.1
5760,-6.2456262773591344,18.51357283479499,24.75919911215413,5.674557223999432,2.519005718881613,16.56563616927308,752113.8964135465,63.05063582221592,55.21878723091027,8.396685729605377,76.75347222222221,1339,1073.966287612915,100.0,0,0.0,47.98611111111112,2996,5289.505546569824,4335,1940.0195638681084,1904.0961106274808,1865.930161675154,1895.8756911250264,0,sindy_mpc,17,2020,76.3
5760,-19.12743341325943,15.137724833862825,34.26515824712225,7.490282739373281,2.2026318925969286,24.57224361515204,614970.0713756771,83.22536377081424,81.90747871717348,7.342106308656429,84.35763888888889,901,1082.4634490013125,99.86111111111111,8,1581.9903564453125,34.46180555555556,3775,6799.612991333008,4684,2560.7804238351337,2824.395817719831,1631.5791797373709,1822.9932424082017,0,sindy_mpc,17,2021,75.1
5760,-8.777795880867977,20.766619023263143,29.544414904131123,6.293198155178429,2.4308144511874894,20.82040229776521,843643.8978200654,69.92442394642698,69.40134099255069,8.102714837291632,87.29166666666667,732,630.7887859344482,100.0,0,0.0,45.3125,3150,4546.257030487061,3882,2151.520735986495,2393.149689362938,1800.6032968484783,1672.9629489043316,0,sindy_mpc,17,2022,83.5
5760,-7.524459241815921,14.197882594517706,21.72234183633363,6.254323788235356,2.484696390115861,12.983321657982412,576788.9804022819,69.4924865359484,43.27773885994137,8.282321300386204,86.94444444444444,752,633.0042810440063,100.0,0,0.0,43.61111111111112,3248,5307.988037109375,4000,2138.230354399244,1492.3358226925834,1840.515844346396,1982.323378165665,0,sindy_mpc,17,2023,74.8
5760,2.4220483745753807,13.824592535175968,11.402544160600588,4.955967899535131,5.814131024930815,0.6324452361346423,561624.0717415237,55.06630999483479,2.1081507871154743,19.380436749769384,69.6875,1746,1113.6460494995115,51.71875,2781,2949255.8653564453,53.05555555555556,2704,5641.36589050293,7231,1694.347999970218,72.69485476266844,4306.763720285805,1280.7312724884823,0,grey_box_mpc,17,2020,72.0
5760,-1.672516690983523,11.450109571570168,13.12262626255369,6.781217807487325,5.218588020950428,1.1228204341159371,465160.701345038,75.34686452763694,3.742734780386458,17.395293403168093,79.54861111111111,1178,653.9758186340332,49.114583333333336,2931,2993749.946044922,43.958333333333336,3228,6190.892761230469,7337,2318.3650621325323,129.059819802969,3865.6207556813706,1102.2228496372334,0,grey_box_mpc,17,2021,64.1
5218,-0.0857583729717457,11.805336846262149,11.891095219233891,6.031435598686852,4.376958544470456,1.4827010760765855,479591.80937939975,67.01595109652058,4.942336920255286,14.58986181490152,79.57071674971253,1066,616.0097999572754,57.56995017247988,2214,1811338.0684814453,57.91490992717516,2196,4186.1286544799805,5476,2062.029265701649,170.42541069375346,3242.1915152192205,976.9191511508996,0,grey_box_mpc,17,2022,57.6
5599,-0.9417190939244108,10.769696420769971,11.711415514694384,5.357727748584888,6.130432980800261,0.2232547853092362,437518.9170937802,59.530308317609865,0.7441826176974541,20.43477660266754,76.9065904625826,1293,719.4681034088135,58.43900696552956,2327,1930219.129272461,46.74048937310234,2982,5343.4295082092285,6602,1831.701796003297,25.66146953545904,4541.061466170935,1464.657462282924,0,grey_box_mpc,17,2023,60.7
5760,-4.928918584379346,13.30463168916362,18.233550273542967,4.6850856534691445,4.525408192131132,9.02305642794269,540500.6623722721,52.05650726076827,30.076854759808967,15.08469397377044,56.21527777777777,2522,7176.849548816681,55.12152777777778,2585,7740719.07434082,43.78472222222222,3238,13712.945579528809,8345,1601.738685718657,1037.1329230730214,3352.1542167615225,649.5272779147369,0,nn_mpc,17,2020,1942.1
5760,-9.47388713606031,9.744034168479368,19.21792130453968,5.1341489218569,5.158759346932575,8.9250130357502,395851.3880944743,57.04609913174333,29.75004345250067,17.19586448977525,54.84375,2601,9147.508138269186,45.97222222222222,3112,16290084.17980957,35.15625,3735,17568.70287322998,9448,1755.2645889329997,1025.8635667732383,3821.3032199009153,519.2481216116848,0,nn_mpc,17,2021,1930.6
5760,-7.9752316600512545,9.547338377182882,17.522570037234136,5.6288120330566365,4.362759072626865,7.530998931550636,387860.6215730546,62.54235592285152,25.10332977183545,14.542530242089551,57.170138888888886,2467,9852.917839705944,53.57638888888889,2674,11047707.514770508,51.04166666666666,2820,11396.75535583496,7961,1924.3801819979344,865.632060461746,3231.6733876209782,706.3976454245624,0,nn_mpc,17,2022,1918.2
5760,-5.255257562883612,11.358440462642193,16.613698025525803,4.597473903218024,4.170484343831079,7.845739778476702,461436.6437948391,51.083043369089154,26.152465928255676,13.901614479436931,65.17361111111111,2006,4602.368287086487,66.02430555555556,1957,5998733.77746582,32.69097222222222,3877,16438.001392364502,7840,1571.7859498551757,901.8091697461545,3089.2476622592894,791.4897767246692,0,nn_mpc,17,2023,1928.3
5760,4.633505033605601,18.82551512786217,14.192010094256572,7.289512529497127,2.1524715303685187,4.750026034390926,764786.5520694008,80.99458366107919,15.83342011463642,7.174905101228396,95.22569444444444,275,385.74970149993896,100.0,0,0.0,62.10069444444445,2183,6893.667533874512,2458,2492.141034190952,545.9800039294614,1594.4233554580535,964.8017977790362,0,rule_based,18,2020,4.8
5760,-6.971197553462108,18.221369854828968,25.19256740829108,8.104337951146658,2.1297811298067355,14.95844832733768,740243.1503524268,90.04819945718509,49.86149442445894,7.099270432689119,93.87152777777776,353,601.7383589744568,100.0,0,0.0,51.05902777777778,2819,6172.752422332764,3172,2770.71382839817,1719.3618767216722,1577.6156514270265,1167.395714308131,0,rule_based,18,2021,4.7
5760,1.3275113618985808,17.637418865785413,16.309907503886834,7.499613752832879,2.139634234155769,6.670659516898183,716520.1414225324,83.3290416981431,22.235531722993944,7.132114113852565,95.39930555555556,265,493.4826302528381,100.0,0,0.0,61.11111111111112,2240,5014.862869262695,2505,2563.970514295536,766.7424732707419,1584.9142469795345,1140.604291500547,0,rule_based,18,2022,4.8
5760,-3.8142653819713086,17.52128685038918,21.335552232360484,7.35007553803624,2.3552000843903835,11.630276609933864,711802.2782970604,81.66750597818044,38.76758869977954,7.850666947967945,93.02083333333331,402,549.7288312911987,100.0,0,0.0,53.07291666666667,2703,6248.114597320557,3105,2512.846337649489,1336.8134034486193,1744.592654565445,1265.6447612482766,0,rule_based,18,2023,4.8
5760,0.7506465701536608,11.565902786503102,10.81525621634944,4.312869965924023,4.7039013640142056,1.7984848864112115,469864.8007016885,47.92077739915581,5.994949621370705,15.679671213380686,49.44444444444444,2912,3991.187859535217,63.95833333333333,2076,3098434.33190918,48.78472222222222,2950,7054.022159576416,7938,1474.4854596457678,206.72240118769088,3484.371381423175,1410.2472802448729,0,sindy_mpc,18,2020,75.2
5760,-6.691157866076482,8.002903013900667,14.69406087997715,5.646962855512957,5.185977199806146,3.861120824658046,325117.9349397146,62.744031727921744,12.870402748860151,17.286590666020487,53.14236111111112,2699,3753.528874397278,51.40625,2799,6351055.166625977,33.645833333333336,3822,10080.254844665527,9320,1930.585590624379,443.8069913109578,3841.464591145658,1205.842859650346,0,sindy_mpc,18,2021,74.6
5760,-7.595865627639705,9.096291349285185,16.69215697692489,4.152958668382755,4.94221364722417,7.596984661317963,369536.8360647106,46.14398520425284,25.32328220439321,16.474045490747233,54.53125,2619,4899.92140007019,59.44444444444444,2336,9332879.545898438,44.375,3204,10939.35721206665,8159,1419.814929394559,873.2166279837278,3660.8990000895233,1226.325564638344,0,sindy_mpc,18,2022,77.3
5760,2.233896435545256,13.075967509923515,10.84207107437826,4.794032554420205,5.322918678941276,0.7251198410167791,531211.1800906429,53.267028382446725,2.417066136722597,17.74306226313759,59.70486111111111,2321,2369.088276863098,74.53125,1467,1562288.4609375,42.76041666666666,3297,7056.916595458984,7085,1638.9854895251724,83.3471080702359,3942.902724497543,1644.5055951135005,0,sindy_mpc,18,2023,79.6
3680,0.4067884665060015,7.923525976895938,7.516737510389936,3.562951590905147,3.397138605498583,0.556647313986206,321893.2428113975,39.58835101005719,1.8554910466206869,11.323795351661945,70.70652173913044,1078,710.6050519943237,50.21739130434783,1832,1828155.3145751955,53.614130434782616,1707,3028.8313636779785,4617,1218.1031079773848,63.98244994831717,2516.398966241798,721.5957958121737,0,grey_box_mpc,18,2020,43.3
5760,-3.358935438697494,9.640408282200326,12.99934372089782,6.455042006540462,5.25288433785061,1.291417376506748,391641.5864643882,71.72268896156069,4.304724588355827,17.509614459502032,78.81944444444444,1220,655.7512159347534,46.90972222222222,3058,2855647.992919922,43.177083333333336,3273,6725.158630371094,7551,2206.8519667466653,148.43877880311888,3891.0254345459134,1152.016788000714,0,grey_box_mpc,18,2021,62.6
4447,-1.509613131823472,9.173710755642672,10.683323887466145,5.278455720104965,3.375641160114614,2.029227007246565,372681.9994479836,58.64950800116628,6.764090024155218,11.252137200382046,81.06588711490893,842,852.9495544433594,52.57476950753317,2109,1849749.09753418,57.0047222846863,1912,3960.184703826904,4863,1804.6002448807144,233.24448354359984,2500.4749340521284,725.9706097886697,0,grey_box_mpc,18,2022,49.2
5319,-1.3728280077035078,9.517573483155015,10.890401490858522,4.9507087143511175,5.682915886620387,0.2567768898870206,386651.4227531725,55.00787460390131,0.8559229662900688,18.94305295540129,74.48768565519835,1357,784.5508327484131,57.05959766873473,2284,1795254.9262695312,45.47847339725513,2900,5447.571357727051,6541,1692.5499866844814,29.51458501916817,4209.567322688883,1379.8690826805553,0,grey_box_mpc,18,2023,57.0
3687,-1.1310592113839717,6.569999409543362,7.701058620927333,4.772784883950328,1.4275537717202829,1.500719965256723,266906.2260126991,53.03094315500364,5.002399884189076,4.758512572400943,66.91076756170328,1220,820.6490449905396,99.077841063195,34,9435.179809570312,63.60184431787361,1342,2322.010669708252,2596,1631.72132679128,172.49654749546903,1057.447239049168,402.9822864662185,0,nn_mpc,18,2020,1140.0
5760,-4.58747349447308,8.420280978751425,13.007754473224503,8.146462670325334,2.0335733195721786,2.82771848332699,342073.9147617766,90.51625189250372,9.425728277756631,6.778577731907262,76.26736111111111,1367,1046.9384533017874,97.86458333333331,123,53584.0625,53.71527777777778,2666,4782.250640869141,4156,2785.115441484026,325.0251129342162,1506.350607899054,689.5000943669152,0,nn_mpc,18,2021,1733.2
3783,-2.2702004738552493,6.995711613559063,9.265912087414312,5.707186485138923,1.1945138818935337,2.3642117203818565,284200.78430083697,63.41318316821026,7.880705734606188,3.981712939645112,73.01083795929156,1021,751.118968963623,98.598995506212,53,20243.194946289062,69.33650541897964,1160,1812.4709129333496,2234,1951.174867070608,271.74847349950096,884.8250968394011,389.03020888959145,0,nn_mpc,18,2022,1134.1
5317,-2.4535114195982715,7.300700910710202,9.754212330308471,6.246839810609014,2.0870089349581127,1.4203635847413465,296590.974497602,69.40933122898905,4.734545282471156,6.956696449860376,72.50329132969719,1462,861.4232168197632,99.07842768478466,49,10534.334716796877,47.41395523791611,2796,5647.14644241333,4307,2135.67172961632,163.26018211280996,1545.9325437799405,775.2412124465463,0,nn_mpc,18,2023,1664.5
5760,4.633505033605601,18.82551512786217,14.192010094256572,7.289512529497127,2.1524715303685187,4.750026034390926,764786.5520694008,80.99458366107919,15.83342011463642,7.174905101228396,95.22569444444444,275,385.74970149993896,100.0,0,0.0,62.10069444444445,2183,6893.667533874512,2458,2492.141034190952,545.9800039294614,1594.4233554580535,964.8017977790362,0,rule_based,19,2020,6.5
5760,-6.971197553462108,18.221369854828968,25.19256740829108,8.104337951146658,2.1297811298067355,14.95844832733768,740243.1503524268,90.04819945718509,49.86149442445894,7.099270432689119,93.87152777777776,353,601.7383589744568,100.0,0,0.0,51.05902777777778,2819,6172.752422332764,3172,2770.71382839817,1719.3618767216722,1577.6156514270265,1167.395714308131,0,rule_based,19,2021,5.7
5760,1.3275113618985808,17.637418865785413,16.309907503886834,7.499613752832879,2.139634234155769,6.670659516898183,716520.1414225324,83.3290416981431,22.235531722993944,7.132114113852565,95.39930555555556,265,493.4826302528381,100.0,0,0.0,61.11111111111112,2240,5014.862869262695,2505,2563.970514295536,766.7424732707419,1584.9142469795345,1140.604291500547,0,rule_based,19,2022,5.5
5760,-3.8142653819713086,17.52128685038918,21.335552232360484,7.35007553803624,2.3552000843903835,11.630276609933864,711802.2782970604,81.66750597818044,38.76758869977954,7.850666947967945,93.02083333333331,402,549.7288312911987,100.0,0,0.0,53.07291666666667,2703,6248.114597320557,3105,2512.846337649489,1336.8134034486193,1744.592654565445,1265.6447612482766,0,rule_based,19,2023,5.5
5760,-0.6261953719018032,12.199211594246435,12.82540696614824,4.6006241893969975,2.282854771581272,5.941928005169971,495592.9710162615,51.11804654885553,19.806426683899904,7.609515905270907,44.14930555555556,3217,5464.708619117737,100.0,0,0.0,68.75,1800,3455.596607208252,5017,1572.8629715448455,682.9802305259018,1691.0035343097445,1571.724541614567,0,sindy_mpc,19,2020,82.7
5760,-3.542072829949189,7.894644484028426,11.436717313977615,6.4995205271795,1.8541369226448632,3.083059864153252,320719.9321636548,72.21689474643888,10.276866213844173,6.180456408816211,48.75,2952,4836.656085014343,99.44444444444444,32,16302.908325195312,59.70486111111111,2321,3811.7591247558594,5305,2222.0582998916057,354.3746970534958,1373.434757373581,1479.2906600193896,0,sindy_mpc,19,2021,79.4
5760,-2.821607118703483,10.224069940960288,13.04567705966377,5.370443249899321,2.167202460962506,5.5080313488019454,415352.8413515117,59.67159166554801,18.360104496006485,7.224008203208354,51.927083333333336,2769,5393.065248012543,97.2222222222222,160,101166.63110351562,65.24305555555556,2002,2918.07865524292,4931,1836.04897313288,633.1070514075935,1605.335156727118,1388.6161490602135,0,sindy_mpc,19,2022,82.9
5760,-2.205373957107517,8.19934401870126,10.404717975808776,5.197836110939976,2.325905626763769,2.8809762381050303,333098.35075973865,57.753734565999736,9.603254127016768,7.75301875587923,47.74305555555556,3010,4122.9531717300415,100.0,0,0.0,57.22222222222222,2464,3435.16796875,5474,1777.0379850594975,331.14669417275053,1722.8930569273389,1786.261846884187,0,sindy_mpc,19,2023,77.9
5760,5.176194608181246,16.88294016736315,11.706745559181902,4.839355261446664,5.868229240102114,0.9991610576331248,685869.4442991279,53.77061401607404,3.3305368587770827,19.560764133673715,64.89583333333333,2022,1667.0674352645874,56.40625,2511,3200802.9420166016,57.96875,2421,4977.68949508667,6954,1654.4804302667983,114.84609871216983,4346.8364735347095,1436.2974563729483,0,grey_box_mpc,19,2020,70.7
5760,-1.034395293631069,13.239413021324353,14.27380831495542,6.7488013413014905,5.648875528126817,1.8761314455271136,537851.1539913018,74.98668157001656,6.253771485090379,18.82958509375606,74.96527777777777,1442,908.9052267074584,49.895833333333336,2886,4163118.978027344,47.72569444444444,3011,5500.798439025879,7339,2307.282510115713,215.64729264344916,4184.352241152805,1289.732002698605,0,grey_box_mpc,19,2021,66.0
5760,2.2212853248044526,16.0002972030671,13.77901187826265,5.965718870433449,4.907736371952539,2.905556635876662,650012.073874601,66.28576522703833,9.68518878625554,16.359121239841798,80.81597222222221,1105,825.3126382827759,60.97222222222223,2248,3259484.359985352,60.53819444444445,2273,4657.725204467773,5626,2039.56200659245,333.9720274062408,3635.3602743806905,1281.886273515585,0,grey_box_mpc,19,2022,65.2
5760,0.9044401394738076,13.074989391059557,12.170549251585747,5.561973520695886,6.195768711320994,0.412807019568867,531171.4440117944,61.79970578550984,1.37602339856289,20.652562371069983,72.20486111111111,1601,1097.1124353408811,65.69444444444444,1976,1902226.2536621091,53.28125,2691,4094.397911071777,6268,1901.5294092356585,47.4490827511438,4589.458305535087,1681.9817317805685,0,grey_box_mpc,19,2023,64.0
3687,-5.283165680107734,10.67821813542163,15.961383815529365,5.0779602670331005,1.7509701574529817,9.13245339104328,433802.6117515037,56.42178074481223,30.441511303477604,5.836567191509938,79.0886899918633,771,582.6293001174927,99.9186330349878,3,36.73486328125,65.01220504475184,1290,2196.4474716186523,2064,1736.0547927665748,1049.7072868395685,1297.0149303283697,542.3752880434522,0,nn_mpc,19,2020,1250.6
5760,-13.23569444179183,14.300259063229012,27.53595350502084,8.80361209247133,2.2662216473352474,16.466119765214266,580948.0244436786,97.81791213857034,54.88706588404756,7.554072157784159,84.87847222222223,871,591.1489906311035,99.21875,45,7005.801910400391,50.78125,2835,5260.705520629883,3751,3009.7819111353087,1892.6574439942265,1678.6827014290088,791.6771256372482,0,nn_mpc,19,2021,1899.2
4447,-11.342236111138345,12.410951740927253,23.7531878520656,6.904465723818576,1.7058810557855415,15.142841072461485,504194.9144751697,76.7162858202064,50.47613690820494,5.686270185951806,83.94423206656172,714,603.6158227920532,99.07803013267372,41,19066.692626953125,62.60400269844839,1663,2878.4528007507324,2418,2360.501101737129,1740.556445221044,1263.615596602427,528.997619729002,0,nn_mpc,19,2022,1458.6
5320,-6.094919057802102,11.586795408300429,17.68171446610253,6.431308436337682,2.2757508525363725,8.974655177228474,470713.5634622049,71.45898262597424,29.91551725742825,7.585836175121242,80.67669172932331,1028,711.4144887924194,99.64285714285714,19,8978.217651367188,46.07142857142857,2869,5702.705291748047,3916,2198.7379261725546,1031.5695610341122,1685.7413717511802,918.01145787593,0,nn_mpc,19,2023,1765.8
5760,4.633505033605601,18.82551512786217,14.192010094256572,7.289512529497127,2.1524715303685187,4.750026034390926,764786.5520694008,80.99458366107919,15.83342011463642,7.174905101228396,95.22569444444444,275,385.74970149993896,100.0,0,0.0,62.10069444444445,2183,6893.667533874512,2458,2492.141034190952,545.9800039294614,1594.4233554580535,964.8017977790362,0,rule_based,2,2020,4.7
5760,-6.971197553462108,18.221369854828968,25.19256740829108,8.104337951146658,2.1297811298067355,14.95844832733768,740243.1503524268,90.04819945718509,49.86149442445894,7.099270432689119,93.87152777777776,353,601.7383589744568,100.0,0,0.0,51.05902777777778,2819,6172.752422332764,3172,2770.71382839817,1719.3618767216722,1577.6156514270265,1167.395714308131,0,rule_based,2,2021,7.7
5760,1.3275113618985808,17.637418865785413,16.309907503886834,7.499613752832879,2.139634234155769,6.670659516898183,716520.1414225324,83.3290416981431,22.235531722993944,7.132114113852565,95.39930555555556,265,493.4826302528381,100.0,0,0.0,61.11111111111112,2240,5014.862869262695,2505,2563.970514295536,766.7424732707419,1584.9142469795345,1140.604291500547,0,rule_based,2,2022,5.8
5760,-3.8142653819713086,17.52128685038918,21.335552232360484,7.35007553803624,2.3552000843903835,11.630276609933864,711802.2782970604,81.66750597818044,38.76758869977954,7.850666947967945,93.02083333333331,402,549.7288312911987,100.0,0,0.0,53.07291666666667,2703,6248.114597320557,3105,2512.846337649489,1336.8134034486193,1744.592654565445,1265.6447612482766,0,rule_based,2,2023,5.5
5760,-2.2025837913059885,12.153272748894857,14.355856540200843,4.592650780594842,2.565139803227624,7.198065956378377,493726.7054238535,51.02945311772047,23.99355318792793,8.550466010758749,47.06597222222222,3049,4561.757062911987,100.0,0,0.0,61.94444444444444,2192,4374.655975341797,5241,1570.1370198287982,827.3639028299422,1900.1035575253677,1484.3374358917931,0,sindy_mpc,2,2020,72.1
5760,-4.195546366883111,7.756354927072669,11.951901293955782,6.254425384293644,2.040847918809933,3.6566279908522032,315101.9189123272,69.4936153810405,12.188759969507345,6.80282639603311,49.670138888888886,2899,4739.505803823471,98.85416666666669,66,73817.84252929688,55.57291666666667,2559,4902.815414428711,5524,2138.265088959085,420.3020679421544,1511.7391989710331,1335.834549553883,0,sindy_mpc,2,2021,72.3
5760,-3.94878361633005,9.713989374592291,13.662772990922342,5.213993968849647,2.383099641709092,6.065679380363602,394630.81834281184,57.93326632055164,20.218931267878677,7.943665472363639,50.763888888888886,2836,5551.95630645752,96.94444444444444,176,131513.61779785156,65.85069444444444,1967,3255.8972091674805,4979,1782.5620408351358,697.2045264249824,1765.2589950671386,1286.7505714739352,0,sindy_mpc,2,2022,75.8
5760,-2.1808437555609945,8.911888394922826,11.09273215048382,4.998875171158,2.5432293148431957,3.5506276644826253,362045.4660437398,55.54305745731111,11.83542554827542,8.477431049477318,51.45833333333333,2796,3359.099207878113,100.0,0,0.0,50.06944444444444,2876,5100.689762115479,5672,1709.0171529886338,408.1181222470371,1883.873565823861,1714.7930211695698,0,sindy_mpc,2,2023,71.9
5760,4.640042226145873,15.354196358371787,10.714154132225914,4.927830009637803,5.411207948949619,0.3751161736384921,623764.2270588538,54.753666773753366,1.2503872454616405,18.037359829832067,61.49305555555556,2218,1921.683009147644,65.05208333333333,2013,2544799.927368164,61.99652777777778,2189,4357.838939666748,6420,1684.728208437915,43.116801612324,4008.3021842685184,1422.7721300714595,0,grey_box_mpc,2,2020,65.7
5760,-0.6530642417393112,12.388740742636395,13.041804984375704,6.818699455740242,5.272268737010672,0.9508367916247938,503292.59266960353,75.76332728600269,3.169455972082646,17.574229123368905,68.95833333333333,1788,1211.3137607574463,56.16319444444444,2525,3629781.5659179688,53.15972222222223,2698,4386.960762023926,7011,2331.1793008737536,109.29158536198749,3905.384247249392,1241.7626787753677,0,grey_box_mpc,2,2021,60.6
5760,2.455339867495981,14.568592168090507,12.113252300594525,6.086016238098527,4.735472585943636,1.2917634765523642,591849.0568286768,67.62240264553918,4.305878255174548,15.78490861981212,73.33333333333333,1536,1151.5354595184326,65.97222222222221,1960,2349319.627563477,67.01388888888889,1900,3316.71577835083,5396,2080.689312990737,148.47856073983343,3507.757471891989,1258.9142893232445,0,grey_box_mpc,2,2022,60.6
5760,0.861247694672834,12.21622228547152,11.354974590798689,5.463652624010739,5.6677054265819695,0.2236165402059794,496284.03034728055,60.7072513778971,0.7453884673532649,18.8923514219399,68.42013888888889,1819,1271.3602323532104,71.64930555555556,1633,1523370.205444336,54.39236111111111,2627,4163.022396087647,6079,1867.9154250030876,25.703050632271317,4198.300318455361,1640.9700582282417,0,grey_box_mpc,2,2023,58.9
5760,-1.0887498617163196,11.18532710036132,12.27407696207764,5.658062198686412,2.4523046714664485,4.163710091924779,454403.91345217865,62.86735776318236,13.879033639749265,8.174348904888163,61.80555555555556,2200,3555.923415660858,98.26388888888889,100,42421.013427734375,61.701388888888886,2206,5020.497150421143,4506,1934.3802393288368,478.5873677224,1816.5219799048523,762.9111097606349,0,nn_mpc,2,2020,1821.3
5760,-6.828497232449001,9.427234746159556,16.255731978608555,6.992441269992845,2.42534940926574,6.83794129934997,382981.411562732,77.6937918888094,22.793137664499906,8.0844980308858,64.13194444444444,2066,3474.588530063629,92.91666666666669,408,291889.79821777344,46.70138888888889,3070,7352.068977355957,5544,2390.5782129301306,785.9702640085577,1796.555118286377,650.5405143983775,0,nn_mpc,2,2021,1814.1
5760,-3.6974995559291326,10.993709834776393,14.691209390705522,6.501363488433163,2.549094024853982,5.640751877418377,446619.46203779086,72.23737209370181,18.802506258061257,8.496980082846608,64.79166666666667,2028,3610.641440391541,93.80208333333331,357,217423.2703857422,58.732638888888886,2377,5178.130599975586,4762,2222.688371439695,648.3622848514075,1888.2177970957453,735.3366850744724,0,nn_mpc,2,2022,1792.8
5760,-3.1904707128366243,8.994261131937158,12.184731844773784,5.670957756317674,2.706557846264303,3.8072162421918057,365391.8584849471,63.01064173686304,12.69072080730602,9.021859487547678,71.05902777777777,1667,2187.7460775375366,98.28125,99,35516.68310546875,43.38541666666666,3261,8520.134170532227,5027,1938.7889775297056,437.6110614466797,2004.8576644604357,812.9672323360351,0,nn_mpc,2,2023,1795.8
5760,4.633505033605601,18.82551512786217,14.192010094256572,7.289512529497127,2.1524715303685187,4.750026034390926,764786.5520694008,80.99458366107919,15.83342011463642,7.174905101228396,95.22569444444444,275,385.74970149993896,100.0,0,0.0,62.10069444444445,2183,6893.667533874512,2458,2492.141034190952,545.9800039294614,1594.4233554580535,964.8017977790362,0,rule_based,3,2020,5.0
5760,-6.971197553462108,18.221369854828968,25.19256740829108,8.104337951146658,2.1297811298067355,14.95844832733768,740243.1503524268,90.04819945718509,49.86149442445894,7.099270432689119,93.87152777777776,353,601.7383589744568,100.0,0,0.0,51.05902777777778,2819,6172.752422332764,3172,2770.71382839817,1719.3618767216722,1577.6156514270265,1167.395714308131,0,rule_based,3,2021,5.2
5760,1.3275113618985808,17.637418865785413,16.309907503886834,7.499613752832879,2.139634234155769,6.670659516898183,716520.1414225324,83.3290416981431,22.235531722993944,7.132114113852565,95.39930555555556,265,493.4826302528381,100.0,0,0.0,61.11111111111112,2240,5014.862869262695,2505,2563.970514295536,766.7424732707419,1584.9142469795345,1140.604291500547,0,rule_based,3,2022,5.3
5760,-3.8142653819713086,17.52128685038918,21.335552232360484,7.35007553803624,2.3552000843903835,11.630276609933864,711802.2782970604,81.66750597818044,38.76758869977954,7.850666947967945,93.02083333333331,402,549.7288312911987,100.0,0,0.0,53.07291666666667,2703,6248.114597320557,3105,2512.846337649489,1336.8134034486193,1744.592654565445,1265.6447612482766,0,rule_based,3,2023,9.0
5760,0.5246454285260588,13.471749991515516,12.94710456298946,4.502347449667087,2.567904256828466,5.876852856493904,547289.8434053179,50.026082774078745,19.589509521646345,8.559680856094888,46.42361111111112,3086,4852.526571750641,100.0,0,0.0,64.56597222222223,2041,4433.119396209717,5127,1539.2640854341323,675.5003284070822,1902.1513013732056,1483.808407312093,0,sindy_mpc,3,2020,71.3
5760,-3.183589126495056,7.95751973213972,11.141108858634777,6.316013031467129,1.9863592604591072,2.83873656670854,323274.2391181761,70.177922571857,9.4624552223618,6.621197534863691,51.26736111111111,2807,4317.403082847595,99.42708333333331,33,20766.412841796875,54.25347222222222,2635,5253.16593170166,5475,2159.320695553425,326.2915594054608,1471.377230451539,1401.814478709476,0,sindy_mpc,3,2021,69.5
5760,-2.4020578626401727,10.452188457613556,12.854246320253727,5.247565089853515,2.443182304814936,5.163498925585277,424620.15609055065,58.306278776150165,17.211663085284258,8.143941016049787,52.84722222222222,2716,4776.497416496277,98.59375,81,59290.243408203125,62.10069444444445,2183,4032.019088745117,4980,1794.0393463726018,593.5056237685044,1809.7646705251043,1318.344182456121,0,sindy_mpc,3,2022,72.2
5760,-2.0481484454265844,8.358618197711676,10.406766643138258,4.975890539742136,2.6793577763781915,2.7515183270179326,339568.86428203684,55.28767266380152,9.171727756726442,8.931192587927306,50.79861111111112,2834,3625.7375955581674,100.0,0,0.0,50.607638888888886,2845,4940.984161376953,5679,1701.159158403157,316.2664744021106,1984.7094636396384,1701.0838079866062,0,sindy_mpc,3,2023,68.8
5760,5.175396264023811,13.702212595136343,8.526816331112535,4.7571597935355445,3.6978635330563634,0.0717930045206274,556652.3866774141,52.85733103928383,0.2393100150687582,12.326211776854546,54.75694444444444,2606,3252.6344833374023,95.60763888888889,253,66293.12438964844,70.06944444444444,1724,3102.972682952881,4583,1626.3794160040216,8.252069448310905,2739.158174616506,1482.4848606385835,0,grey_box_mpc,3,2020,66.2
5760,-2.5246896378040025,7.569809686037521,10.094499323841523,6.325741471849634,3.174930686643199,0.5938271653486901,307523.5184952743,70.28601635388482,1.9794238844956336,10.583102288810665,58.97569444444445,2363,2556.778670310974,90.48611111111111,548,213953.28103637692,71.66666666666667,1632,2715.629051208496,4543,2162.646656848076,68.25599617899869,2351.800509520383,1306.06414126475,0,grey_box_mpc,3,2021,63.6
5760,1.698319339916821,11.230836508060277,9.532517168143457,5.714294177946098,3.2147411519003386,0.6034818382970186,456252.7331399488,63.49215753273442,2.0116061276567287,10.715803839667796,66.28472222222223,1942,1846.9878787994385,93.38541666666669,381,145210.19970703125,76.23263888888889,1369,2209.363624572754,3692,1953.604847321924,69.36572858946374,2381.2897414886475,1278.0004561997966,0,grey_box_mpc,3,2022,64.3
5760,0.4468792324163735,9.556588735224906,9.109709502808531,5.226036942857508,3.821411681502601,0.0622608784484231,388236.41736851184,58.0670771428612,0.2075362614947439,12.738038938342005,65.05208333333333,2013,2055.6178102493286,94.80902777777776,299,78483.32873535156,59.34027777777777,2342,3644.531097412109,4654,1786.6792973925567,7.156422845195412,2830.675320456182,1704.428861322907,0,grey_box_mpc,3,2023,65.7
5760,-1.02938936454798,13.373015508688455,14.402404873236438,5.683355303913112,2.3780678856120865,6.340981683711241,543278.7550404686,63.14839226570125,21.136605612370804,7.926892952040289,62.65625,2151,2450.8760528564453,98.66319444444444,77,29012.269897460938,58.52430555555556,2389,5618.477794647217,4617,1943.0274546763064,728.8484698392849,1761.5317665549087,682.4754474018806,0,nn_mpc,3,2020,1926.8
5760,-3.69029055185885,10.729886349494516,14.420176901353368,6.733248918019344,2.3885884452821307,5.298339538051893,435901.6329482148,74.8138768668816,17.66113179350631,7.961961484273769,63.40277777777777,2108,3666.439056634903,88.22916666666667,678,507900.6922302246,45.3125,3150,9620.34310913086,5936,2301.9654407634453,609.0045442550339,1769.3247748451122,579.1637508857737,0,nn_mpc,3,2021,1888.8
5760,-4.443745367795278,12.846126992257664,17.289872360052943,5.992234036925571,2.159819671451485,9.137818651675886,521873.9090604676,66.5803781880619,30.459395505586286,7.199398904838283,64.09722222222223,2068,3762.43116247654,90.95486111111111,521,349097.16345214844,56.875,2484,7397.622470855713,5073,2048.62702147819,1050.3239832949969,1599.8664243121927,718.0778428853446,0,nn_mpc,3,2022,1893.8
5760,-2.5510950528269065,10.785988241954971,13.33708329478188,5.463988938964652,2.411984259728882,5.461110096088343,438180.7723294207,60.71098821071836,18.20370032029448,8.039947532429606,69.46180555555556,1759,1819.8147859573364,98.26388888888889,100,68608.83959960938,44.0625,3222,9714.488777160645,5081,1868.0304077047645,627.7138033028613,1786.655006862318,744.7463586939804,0,nn_mpc,3,2023,1891.7
5760,4.633505033605601,18.82551512786217,14.192010094256572,7.289512529497127,2.1524715303685187,4.750026034390926,764786.5520694008,80.99458366107919,15.83342011463642,7.174905101228396,95.22569444444444,275,385.74970149993896,100.0,0,0.0,62.10069444444445,2183,6893.667533874512,2458,2492.141034190952,545.9800039294614,1594.4233554580535,964.8017977790362,0,rule_based,4,2020,6.6
5760,-6.971197553462108,18.221369854828968,25.19256740829108,8.104337951146658,2.1297811298067355,14.95844832733768,740243.1503524268,90.04819945718509,49.86149442445894,7.099270432689119,93.87152777777776,353,601.7383589744568,100.0,0,0.0,51.05902777777778,2819,6172.752422332764,3172,2770.71382839817,1719.3618767216722,1577.6156514270265,1167.395714308131,0,rule_based,4,2021,4.9
5760,1.3275113618985808,17.637418865785413,16.309907503886834,7.499613752832879,2.139634234155769,6.670659516898183,716520.1414225324,83.3290416981431,22.235531722993944,7.132114113852565,95.39930555555556,265,493.4826302528381,100.0,0,0.0,61.11111111111112,2240,5014.862869262695,2505,2563.970514295536,766.7424732707419,1584.9142469795345,1140.604291500547,0,rule_based,4,2022,4.9
5760,-3.8142653819713086,17.52128685038918,21.335552232360484,7.35007553803624,2.3552000843903835,11.630276609933864,711802.2782970604,81.66750597818044,38.76758869977954,7.850666947967945,93.02083333333331,402,549.7288312911987,100.0,0,0.0,53.07291666666667,2703,6248.114597320557,3105,2512.846337649489,1336.8134034486193,1744.592654565445,1265.6447612482766,0,rule_based,4,2023,4.8
5760,-0.0195772032977765,9.32468293370802,9.344260137005795,4.252302407595014,4.979316496304826,0.1126412331059575,378815.2441818884,47.24780452883349,0.3754707770198583,16.59772165434942,42.34375,3321,6908.394645214081,71.23263888888889,1657,1981062.7189941409,59.42708333333333,2337,4453.917560577393,7315,1453.778600618291,12.947268100190584,3688.3825902446833,1467.0742662460646,0,sindy_mpc,4,2020,72.5
5760,-5.231527840153622,6.502014794914434,11.733542635068057,5.811346217041738,5.526910013989493,0.3952864040368236,264144.35104339884,64.57051352268599,1.317621346789412,18.423033379964977,44.0625,3222,7173.191158276051,56.75347222222222,2491,3127759.9415283203,50.69444444444444,2840,5302.378967285156,8553,1986.7850318016017,45.435218884396775,4094.007417305261,1359.146259259878,0,sindy_mpc,4,2021,73.5
5760,-3.071869913929663,6.50660299526777,9.578472909197432,4.280146072630314,4.737667762057884,0.560659074509237,264330.7466827532,47.55717858478128,1.8688635816974568,15.79222587352628,45.92013888888889,3115,9382.086999416351,61.875,2196,4314953.9921875,55.08680555555555,2587,5374.597023010254,7898,1463.2978036546274,64.44357168581766,3509.383526555221,1268.6502972347644,0,sindy_mpc,4,2022,77.7
5760,-3.4919935522120085,7.31270444705455,10.804697999266558,5.054145110825976,5.705676291336362,0.0448765971042215,297078.6181615911,56.157167898066405,0.1495886570140719,19.018920971121208,47.72569444444444,3011,4737.587831020355,80.12152777777779,1145,1081973.0017089844,54.14930555555556,2641,4021.974388122559,6797,1727.912857559645,5.158229565797266,4226.426883548433,1701.7585543336293,0,sindy_mpc,4,2023,70.4
5760,4.4831269265710905,15.699426972418294,11.216300045847206,4.762859678179935,5.901119782657812,0.5523205850094584,637789.2207544933,52.92066309088817,1.8410686166981949,19.67039927552604,63.92361111111112,2078,1670.008512020111,54.39236111111111,2627,3200563.2950439453,59.34027777777777,2342,4733.56861114502,7047,1628.3280951616086,63.48512483992046,4371.199837627733,1389.4900733686766,0,grey_box_mpc,4,2020,64.8
5760,-0.6359827691301365,12.49021752269977,13.126200291829909,6.634135726331591,5.54661876420019,0.9454458012981256,507415.08685967815,73.71261918146213,3.151486004327086,18.488729214000635,70.85069444444444,1679,981.9435472488404,48.76736111111112,2951,3754783.174926758,49.0625,2934,5011.926322937012,7564,2268.080588956551,108.67193105586982,4108.606491909003,1244.018191951068,0,grey_box_mpc,4,2021,61.5
5222,1.568219206384795,12.800850833393136,11.23263162700834,5.739548859852518,4.562336438182929,0.930746328972892,520034.5651065961,63.77276510947242,3.1024877632429733,15.207788127276432,74.12868632707776,1351,1003.5818300247192,58.08119494446572,2189,2588547.071411133,63.1367292225201,1925,3790.627128601074,5465,1962.2389264007609,106.982336638911,3379.50847256151,1061.6342065455333,0,grey_box_mpc,4,2022,57.0
5760,0.5128468377913757,12.460811808609748,11.947964970818372,5.405323318540889,6.368839303543712,0.1738023487337717,506220.479724771,60.05914798378765,0.5793411624459057,21.229464345145708,68.42013888888889,1819,1242.8340063095093,64.94791666666667,2019,1856272.1899414065,54.14930555555556,2641,4059.912563323975,6479,1847.9737849683224,19.97728150651396,4717.658742398538,1634.3719101255645,0,grey_box_mpc,4,2023,62.0
5701,-1.087879147086963,11.77559479986514,12.863473946952102,6.663275287124464,2.041261062397685,4.158937597429954,478383.5387445213,74.03639207916072,13.863125324766514,6.8042035413256166,73.16260305209612,1530,1153.4225492477417,99.01771619014208,56,17353.550262451172,57.72671461147168,2410,5156.0026512146,3996,2278.042833658527,478.0388041740537,1512.0452325756237,600.3152185689534,0,nn_mpc,4,2020,1824.9
5760,-5.380327165989867,9.805895627265649,15.186222793255514,8.553032771366713,1.9338008487257248,4.699389173163078,398364.50985766697,95.03369745963016,15.66463057721026,6.446002829085751,79.25347222222221,1195,844.231388092041,98.2465277777778,101,46891.10815429688,50.15625,2871,6998.917190551758,4167,2924.113768278796,540.1596749495554,1432.4450731085808,473.57547518208366,0,nn_mpc,4,2021,1817.7
4449,-4.126632624867325,8.750988285266118,12.877620910133444,7.012059778082875,1.4246041010443231,4.440957031006245,355508.8990889361,77.91177531203195,14.803190103354147,4.748680336814411,71.43178242301641,1271,1446.5228176116943,98.56147448864914,64,37257.42614746094,65.65520341649808,1528,3216.3133392333984,2863,2397.2853942257866,510.4548313330228,1055.262297003383,350.6196479457483,0,nn_mpc,4,2022,1417.3
5317,-3.276074593449384,8.04886525680961,11.324939850258994,6.058477002278281,1.9902830175128543,3.27617983046786,326985.15105789044,67.31641113642534,10.920599434892866,6.634276725042849,75.19277788226444,1319,811.9342584609985,98.55181493323305,77,20291.25830078125,43.53958999435772,3002,8373.212474822998,4398,2071.274188937078,376.5723949097234,1474.2837171601325,529.9435300627576,0,nn_mpc,4,2023,1708.7
5760,4.633505033605601,18.82551512786217,14.192010094256572,7.289512529497127,2.1524715303685187,4.750026034390926,764786.5520694008,80.99458366107919,15.83342011463642,7.174905101228396,95.22569444444444,275,385.74970149993896,100.0,0,0.0,62.10069444444445,2183,6893.667533874512,2458,2492.141034190952,545.9800039294614,1594.4233554580535,964.8017977790362,0,rule_based,5,2020,4.9
5760,-6.971197553462108,18.221369854828968,25.19256740829108,8.104337951146658,2.1297811298067355,14.95844832733768,740243.1503524268,90.04819945718509,49.86149442445894,7.099270432689119,93.87152777777776,353,601.7383589744568,100.0,0,0.0,51.05902777777778,2819,6172.752422332764,3172,2770.71382839817,1719.3618767216722,1577.6156514270265,1167.395714308131,0,rule_based,5,2021,5.1
5760,1.3275113618985808,17.637418865785413,16.309907503886834,7.499613752832879,2.139634234155769,6.670659516898183,716520.1414225324,83.3290416981431,22.235531722993944,7.132114113852565,95.39930555555556,265,493.4826302528381,100.0,0,0.0,61.11111111111112,2240,5014.862869262695,2505,2563.970514295536,766.7424732707419,1584.9142469795345,1140.604291500547,0,rule_based,5,2022,5.2
5760,-3.8142653819713086,17.52128685038918,21.335552232360484,7.35007553803624,2.3552000843903835,11.630276609933864,711802.2782970604,81.66750597818044,38.76758869977954,7.850666947967945,93.02083333333331,402,549.7288312911987,100.0,0,0.0,53.07291666666667,2703,6248.114597320557,3105,2512.846337649489,1336.8134034486193,1744.592654565445,1265.6447612482766,0,rule_based,5,2023,5.1
5760,-4.166706153334644,11.72749489966554,15.894201053000184,4.132999995009452,4.7630535474307365,6.998147510559996,476429.4802989126,45.92222216677169,23.32715836853332,15.876845158102457,46.11111111111112,3104,6310.488648891449,70.50347222222221,1699,4226549.671630859,58.66319444444444,2381,4981.586082458496,7184,1412.991451572227,804.3847712674641,3528.1878119934827,1409.3445396777606,0,sindy_mpc,5,2020,78.2
5760,-7.01788934115957,7.417918932748994,14.435808273908563,5.636044588308467,5.165308873745133,3.634454811854965,301352.9566429279,62.62271764787186,12.114849372849882,17.21769624581711,49.93055555555556,2884,6282.26505947113,56.28472222222223,2518,6025604.386474609,46.71875,3069,6126.205986022949,8471,1926.8528505547524,417.7534266721624,3826.154720945832,1345.6535815149728,0,sindy_mpc,5,2021,78.5
5760,-7.124530610398093,8.243427680472912,15.367958290871004,4.136609983189884,4.5731487064072365,6.658199601273887,334889.2495192121,45.96233314655427,22.19399867091296,15.243829021357456,49.427083333333336,2913,8832.901582479477,61.66666666666667,2208,8755578.710205078,49.357638888888886,2917,6266.18737411499,8038,1414.2256354272322,765.3102990181911,3387.5175583340024,1268.5547040495337,0,sindy_mpc,5,2022,81.5
5760,-4.655977142777094,8.15034141628627,12.806318559063364,4.836674517044558,4.6018465249193286,3.367797517099477,331107.6200366297,53.74082796716176,11.225991723664924,15.339488416397762,52.69097222222222,2725,4259.34265422821,78.40277777777777,1244,2453716.2716064453,48.09027777777778,2990,4999.96573638916,6959,1653.5639377169516,387.1031628222652,3408.775201798685,1666.6677535907925,0,sindy_mpc,5,2023,74.9
5760,3.76769377702259,14.899023146553036,11.131329369530448,4.778096002043593,5.515441510262498,0.8377918572243555,605272.8153287171,53.08995557826215,2.792639524081185,18.384805034208327,73.14236111111111,1547,1018.9760303497314,47.60416666666666,3018,3270671.487426758,50.71180555555556,2839,5778.934066772461,7404,1633.537095775751,96.29791456281184,4085.512229606548,1276.260374476168,0,grey_box_mpc,5,2020,67.5
5760,-3.139979619840795,8.92481242867554,12.064792048516336,6.202145779354051,4.744123907979561,1.1185223611827213,362570.50491494377,68.91273088171168,3.7284078706090713,15.813746359931873,81.38888888888889,1072,530.6087455749512,40.92013888888889,3403,3813418.430679321,44.0625,3222,6371.20337677002,7697,2120.391719424076,128.5657884195636,3514.1658561580784,1087.4380234805146,0,grey_box_mpc,5,2021,65.7
5760,1.2509948955944117,12.506542688671589,11.255547793077175,5.681878762780665,4.614009807859271,0.9596592224372408,508078.2967272833,63.1319862531185,3.1988640747908037,15.38003269286424,82.22222222222221,1024,557.0624103546143,62.56944444444444,2156,2147372.7836914062,61.68402777777777,2207,4749.941967010498,5387,1942.52265422754,110.30565759980728,3417.78504152526,1166.9938892263522,0,grey_box_mpc,5,2022,65.9
5760,-0.461963350601865,10.39655768418472,10.858521034786587,4.967485745556624,5.524020054184534,0.3670152350454272,422360.1559200043,55.19428606174027,1.2233841168180908,18.41340018061512,81.85763888888889,1045,601.0994577407837,52.39583333333333,2742,2301294.793701172,38.57638888888889,3538,8456.306255340576,7325,1698.285724984703,42.18565922731244,4091.866706301983,1532.8072763410937,0,grey_box_mpc,5,2023,66.2
5760,0.0332314273307521,13.230880474118138,13.197649046787388,5.5703790637981765,3.199010590763091,4.428259392226117,537504.5192610493,61.89310070886863,14.760864640753724,10.663368635876967,63.87152777777778,2081,3010.4430809021,86.85763888888889,757,405057.6729736328,55.85069444444445,2543,5311.08670425415,5381,1904.4031003525968,508.9953324410372,2369.6374738644085,743.8023977905482,0,nn_mpc,5,2020,1862.3
5760,-5.045925736020498,12.451448727053569,17.497374463074067,7.411900822147624,3.4126086226229777,6.672865018303463,505840.1045365512,82.35445357941805,22.24288339434488,11.375362075409926,70.48611111111111,1700,2489.7425384521484,79.84375,1161,644942.8381195068,39.201388888888886,3502,7811.690948486328,6363,2533.983187474627,766.9959791788712,2527.85823929432,625.3094158130839,0,nn_mpc,5,2021,1837.4
5221,-3.041001374611399,11.673905398335576,14.714906772946977,6.375914071797534,2.64234546005397,5.69664724109547,474252.4068073828,70.84348968663927,18.988824136984903,8.807818200179902,69.469450296878,1594,2215.041006088257,85.44340164719402,760,488686.5162963867,55.14269297069527,2342,5261.861614227295,4696,2179.7996818060847,654.7870386643121,1957.29293184816,622.726013328109,0,nn_mpc,5,2022,1659.5
5604,-1.0615389474957957,10.75605193997999,11.817590887475784,5.859461373020481,3.133670171641168,2.8244593428141367,436964.6100616871,65.10512636689424,9.414864476047123,10.445567238803893,70.46752319771592,1655,1863.156735420227,91.00642398286938,504,306884.1346435547,40.14989293361885,3354,7269.615795135498,5513,2003.2346586083927,324.65049891773623,2321.237164053125,767.504357305831,0,nn_mpc,5,2023,1847.3
5760,4.633505033605601,18.82551512786217,14.192010094256572,7.289512529497127,2.1524715303685187,4.750026034390926,764786.5520694008,80.99458366107919,15.83342011463642,7.174905101228396,95.22569444444444,275,385.74970149993896,100.0,0,0.0,62.10069444444445,2183,6893.667533874512,2458,2492.141034190952,545.9800039294614,1594.4233554580535,964.8017977790362,0,rule_based,6,2020,5.5
5760,-6.971197553462108,18.221369854828968,25.19256740829108,8.104337951146658,2.1297811298067355,14.95844832733768,740243.1503524268,90.04819945718509,49.86149442445894,7.099270432689119,93.87152777777776,353,601.7383589744568,100.0,0,0.0,51.05902777777778,2819,6172.752422332764,3172,2770.71382839817,1719.3618767216722,1577.6156514270265,1167.395714308131,0,rule_based,6,2021,6.1
5760,1.3275113618985808,17.637418865785413,16.309907503886834,7.499613752832879,2.139634234155769,6.670659516898183,716520.1414225324,83.3290416981431,22.235531722993944,7.132114113852565,95.39930555555556,265,493.4826302528381,100.0,0,0.0,61.11111111111112,2240,5014.862869262695,2505,2563.970514295536,766.7424732707419,1584.9142469795345,1140.604291500547,0,rule_based,6,2022,6.0
5760,-3.8142653819713086,17.52128685038918,21.335552232360484,7.35007553803624,2.3552000843903835,11.630276609933864,711802.2782970604,81.66750597818044,38.76758869977954,7.850666947967945,93.02083333333331,402,549.7288312911987,100.0,0,0.0,53.07291666666667,2703,6248.114597320557,3105,2512.846337649489,1336.8134034486193,1744.592654565445,1265.6447612482766,0,rule_based,6,2023,5.4
5760,-1.831234452147645,11.151077570027812,12.982312022175456,4.32786696046173,3.652949805286271,5.001495256427456,453012.5262823799,48.087410671797,16.671650854758187,12.176499350954236,46.89236111111112,3059,5692.496524810791,82.91666666666667,984,1301644.446044922,57.8125,2430,4731.027881622314,6473,1479.6126357670069,574.8845122640361,2705.8887437051408,1459.5081189113205,0,sindy_mpc,6,2020,84.1
5760,-5.584024704855663,7.103099062473519,12.687123767329185,5.652184671709252,4.160158238300275,2.874780857319656,288563.3994129867,62.80205190788058,9.582602857732184,13.867194127667585,47.25694444444444,3038,6540.392485380173,66.19791666666667,1947,2795802.684326172,42.69097222222222,3301,6567.157821655273,8286,1932.37082702006,330.4345813471402,3081.598694004975,1309.7475573835052,0,sindy_mpc,6,2021,83.2
5760,-5.723361077089214,7.890525466808767,13.61388654389798,4.097363059930102,3.824652098536747,5.6918713854311305,320552.59708910616,45.52625622144559,18.97290461810377,12.748840328455824,48.125,2988,9189.329788684843,67.32638888888889,1882,5090726.085205078,51.12847222222222,2815,6942.647480010986,7685,1400.8078826896017,654.2380903473556,2833.075627400683,1270.313984015741,0,sindy_mpc,6,2022,89.0
5760,-3.3599400249598848,7.84166654454299,11.201606569502877,4.961117336650995,3.982609654736832,2.2578795781150487,318567.703372059,55.12352596278883,7.526265260383496,13.27536551578944,52.82986111111111,2717,3844.110737323761,89.20138888888889,622,740354.2360839844,46.96180555555556,3055,5229.766407012939,6394,1696.1084910180516,259.52638825348185,2950.081225619381,1689.9465358619746,0,sindy_mpc,6,2023,79.2
3687,2.7448628414686267,8.613474840313199,5.868611998844573,3.659697980194704,2.0949107853992435,0.1140032332506246,349922.4153877237,40.66331089105227,0.3800107775020822,6.983035951330812,61.78464876593437,1409,1412.645451545715,94.4128017358286,206,57386.802490234375,66.99213452671549,1217,2270.861373901367,2832,1251.1787972647926,13.103819986134964,1551.7857656536423,854.2307015071141,0,grey_box_mpc,6,2020,47.9
5760,0.5646763572079401,11.0907958162956,10.52611945908766,6.880457792373347,3.0058030715422657,0.6398585951720479,450563.5800370088,76.44953102637052,2.1328619839068264,10.019343571807552,70.74652777777779,1685,1389.4970321655271,96.47569444444444,203,49579.92762756348,55.78125000000001,2547,5021.760589599609,4435,2352.2932606452096,73.5469649736967,2226.520793958037,1334.22666045482,0,grey_box_mpc,6,2021,63.8
4460,1.6429210839954929,9.60702369401514,7.96410261001965,5.550486065072173,2.0598178721903304,0.3537986727571464,390285.3375693652,61.67206738969081,1.179328909190488,6.866059573967768,74.01345291479821,1159,1001.258378982544,96.68161434977578,148,68273.79321289062,64.95515695067265,1563,2828.0516052246094,2870,1897.60207307134,40.66651398840941,1525.791015290602,835.108403342878,0,grey_box_mpc,6,2022,50.5
5320,1.859536549805302,10.40632159629173,8.546785046486427,5.153613721938401,3.310290669846617,0.0828806547014101,422756.81484935153,57.26237468820445,0.2762688490047003,11.034302232822055,73.57142857142858,1406,1131.013577461243,97.12406015037594,153,55362.23901367188,51.25939849624061,2593,4756.368690490723,4152,1761.919220143866,9.526511951988017,2452.0671614264147,1532.068850507517,0,grey_box_mpc,6,2023,60.2
5760,-2.866588043233089,13.45242619981414,16.319014243047228,6.153916186252378,2.1650733635965675,8.000024693198284,546504.8143674495,68.37684651391531,26.66674897732761,7.216911211988559,71.61458333333334,1635,1431.6629133224487,99.5659722222222,25,5097.478515625,50.72916666666667,2838,6092.4111328125,4498,2103.9029695043528,919.5430682964296,1603.758047288369,749.4885378224826,0,nn_mpc,6,2020,1871.4
5760,-10.202263072952936,12.371051976456997,22.57331504940993,7.865887631276477,2.1257184538255665,12.58170896430789,502573.9865435655,87.39875145862753,41.9390298810263,7.085728179418555,76.63194444444444,1346,1562.9105281829834,99.09722222222224,52,7256.394157409668,31.788194444444446,3929,9052.888175964355,5327,2689.192354382669,1446.173444873577,1574.6062626752644,731.0649466062569,0,nn_mpc,6,2021,1844.8
5219,-7.890882584031745,12.23576441211616,20.1266469961479,6.8609162769090215,1.9015618670063783,11.364168852232504,497077.92924221896,76.23240307676691,37.88056284077501,6.338539556687929,72.40850737689213,1440,1348.0494194030762,99.88503544740372,6,659.069580078125,45.23855144663729,2858,5633.677612304688,4304,2345.6124029292223,1306.2263041379997,1408.564346999931,666.3663147138556,0,nn_mpc,6,2022,1698.3
5603,-3.612758369368912,10.33647607020348,13.949234439572392,5.5956913331675455,2.235621673722727,6.117921432682119,419919.3403520164,62.17434814630607,20.39307144227373,7.452072245742424,76.24486882027486,1331,1063.563108444214,99.89291451008388,6,1129.86328125,33.33928252721756,3735,10632.409912109377,5072,1913.0568657634512,703.2093599284334,1656.0160548903132,771.3922618244065,0,nn_mpc,6,2023,1778.2
5760,4.633505033605601,18.82551512786217,14.192010094256572,7.289512529497127,2.1524715303685187,4.750026034390926,764786.5520694008,80.99458366107919,15.83342011463642,7.174905101228396,95.22569444444444,275,385.74970149993896,100.0,0,0.0,62.10069444444445,2183,6893.667533874512,2458,2492.141034190952,545.9800039294614,1594.4233554580535,964.8017977790362,0,rule_based,7,2020,5.1
5760,-6.971197553462108,18.221369854828968,25.19256740829108,8.104337951146658,2.1297811298067355,14.95844832733768,740243.1503524268,90.04819945718509,49.86149442445894,7.099270432689119,93.87152777777776,353,601.7383589744568,100.0,0,0.0,51.05902777777778,2819,6172.752422332764,3172,2770.71382839817,1719.3618767216722,1577.6156514270265,1167.395714308131,0,rule_based,7,2021,5.0
5760,1.3275113618985808,17.637418865785413,16.309907503886834,7.499613752832879,2.139634234155769,6.670659516898183,716520.1414225324,83.3290416981431,22.235531722993944,7.132114113852565,95.39930555555556,265,493.4826302528381,100.0,0,0.0,61.11111111111112,2240,5014.862869262695,2505,2563.970514295536,766.7424732707419,1584.9142469795345,1140.604291500547,0,rule_based,7,2022,5.1
5760,-3.8142653819713086,17.52128685038918,21.335552232360484,7.35007553803624,2.3552000843903835,11.630276609933864,711802.2782970604,81.66750597818044,38.76758869977954,7.850666947967945,93.02083333333331,402,549.7288312911987,100.0,0,0.0,53.07291666666667,2703,6248.114597320557,3105,2512.846337649489,1336.8134034486193,1744.592654565445,1265.6447612482766,0,rule_based,7,2023,5.8
5760,8.505085774606503,16.050854504066514,7.5457687294600095,5.185831535641149,2.240252876206052,0.1196843176128091,652065.9642277021,57.62035039601277,0.3989477253760304,7.467509587353507,72.41319444444444,1589,1275.5176277160645,100.0,0,0.0,61.73611111111112,2204,4731.415756225586,3793,1772.93385789278,13.756818032951298,1659.4465739979323,1432.7942000291346,0,sindy_mpc,7,2020,78.3
5760,-1.9854341700787912,7.539002597293461,9.524436767372253,7.274033321024621,1.6644586981865883,0.5859447481610419,306271.98051504686,80.82259245582912,1.9531491605368063,5.548195660621962,79.94791666666666,1155,769.7150917053223,100.0,0,0.0,54.23611111111111,2636,5076.954406738281,3791,2486.8489989053387,67.34997120181714,1232.932368849761,1308.1211866791489,0,sindy_mpc,7,2021,70.6
5760,5.627537543370476,14.626423975500892,8.998886432130416,6.387214555672126,2.119742103606737,0.4919297728515514,594198.4740047237,70.96905061857919,1.639765909505171,7.065807012022458,87.30902777777779,731,554.1606550216675,100.0,0,0.0,58.07291666666666,2415,5016.270595550537,3146,2183.6630959229187,56.54365190263972,1570.1793355476116,1331.0360286753414,0,sindy_mpc,7,2022,79.5
5760,4.453133394137003,12.42777365601959,7.974640261882588,5.570510348161833,2.3055068082019203,0.0986231055188341,504878.3047757959,61.89455942402037,0.3287436850627804,7.685022694006402,83.38541666666667,957,592.8902187347412,100.0,0,0.0,45.9375,3114,6336.417289733887,4071,1904.4479814705253,11.335989166718644,1707.7828201112732,1689.4756134242182,0,sindy_mpc,7,2023,77.3
5760,3.790346345267781,14.317786259535758,10.527439914267976,4.8156965576937365,5.07228274284834,0.6394606137259006,581660.0667936401,53.5077395299304,2.131535379086335,16.9076091428278,70.45138888888889,1702,1118.637940406799,53.71527777777778,2666,2909840.6840820312,50.19097222222222,2869,6005.606842041016,7237,1646.3919851257149,73.5012199869356,3757.2464744949457,1281.339506001628,0,grey_box_mpc,7,2020,67.2
5760,-3.768310055074791,8.492476362113875,12.260786417188664,6.228742798640752,4.566426923740073,1.4656166948078415,345006.8522108762,69.20825331823059,4.885388982692805,15.221423079133576,80.72916666666666,1110,600.2907905578613,41.33680555555556,3379,3922401.520385742,44.6875,3186,6688.123481750488,7675,2129.484716875613,168.4616891976638,3382.5384623037244,1092.2208439317626,0,grey_box_mpc,7,2021,63.7
5760,-0.0007664252572445,12.50645438874768,12.507220814004924,5.769710310449395,4.204707948374351,2.5328025551811777,508074.7095428745,64.10789233832661,8.44267518393726,14.015693161247835,84.94791666666667,867,415.7935628890991,58.50694444444444,2390,2420102.421875,60.9375,2250,4626.023422241211,5507,1972.5505327987369,291.12673025341775,3114.5984800850565,1179.9434930109928,0,grey_box_mpc,7,2022,63.3
5760,-0.6365348745481125,9.748681551158944,10.385216425707055,5.0123448064275,5.090840881453474,0.2820307378260831,396040.1880158321,55.692720071416666,0.9401024594202771,16.969469604844914,80.67708333333333,1113,617.4026756286621,56.16319444444444,2525,2162810.5197753906,38.99305555555556,3514,7984.497398376465,7152,1713.6221556078945,32.417326274304806,3770.993245919359,1534.4652164963377,0,grey_box_mpc,7,2023,62.7
5704,-2.89990329631716,13.428471470634603,16.328374766951764,8.31221807423423,2.3325402827523654,5.683616409965168,545531.6534945308,92.35797860260256,18.945388033217228,7.775134275841218,87.78050490883591,697,508.57691192626953,99.96493688639552,2,4.106414794921875,72.9312762973352,1544,2733.2621994018555,2243,2841.783956656798,653.2892423009033,1727.807617208693,830.8930688731708,0,nn_mpc,7,2020,1701.3
5760,-8.300977427171706,11.569578881718057,19.87055630888976,9.600775855903148,1.9339753205426595,8.335805132443953,470014.142069796,106.67528728781276,27.786017108146517,6.446584401808865,88.92361111111111,638,542.7610788345337,98.6284722222222,79,2443.3283081054688,64.42708333333333,2049,3423.464855194092,2766,3282.316530789733,958.138520988884,1432.5743126436885,681.3883966872239,0,nn_mpc,7,2021,1703.2
5229,-8.09499752510993,11.6483419503259,19.74333947543583,8.340218940700742,1.9249846499908068,9.47813588474428,473213.8917319897,92.66909934111936,31.59378628248093,6.416615499969356,82.88391661885638,895,770.9311199188232,96.3472939376554,191,3776.0250549316406,66.49454962707975,1752,2713.7470359802246,2838,2851.3569027367084,1089.440906202036,1425.9145555034208,656.2994902065464,0,nn_mpc,7,2022,1568.8
5760,-3.255331663393651,11.116994008851355,14.372325672245006,7.962408614872999,2.311119654086907,4.0987974032851024,451627.8816095864,88.47120683192222,13.66265801095034,7.70373218028969,88.62847222222221,655,407.3009815216065,99.84375,9,1458.0511169433594,59.06249999999999,2358,4810.39778137207,3022,2722.1909801373668,471.12613824343487,1711.940484489388,887.9302953383965,0,nn_mpc,7,2023,1709.6
5760,4.633505033605601,18.82551512786217,14.192010094256572,7.289512529497127,2.1524715303685187,4.750026034390926,764786.5520694008,80.99458366107919,15.83342011463642,7.174905101228396,95.22569444444444,275,385.74970149993896,100.0,0,0.0,62.10069444444445,2183,6893.667533874512,2458,2492.141034190952,545.9800039294614,1594.4233554580535,964.8017977790362,0,rule_based,8,2020,4.9
5760,-6.971197553462108,18.221369854828968,25.19256740829108,8.104337951146658,2.1297811298067355,14.95844832733768,740243.1503524268,90.04819945718509,49.86149442445894,7.099270432689119,93.87152777777776,353,601.7383589744568,100.0,0,0.0,51.05902777777778,2819,6172.752422332764,3172,2770.71382839817,1719.3618767216722,1577.6156514270265,1167.395714308131,0,rule_based,8,2021,5.0
5760,1.3275113618985808,17.637418865785413,16.309907503886834,7.499613752832879,2.139634234155769,6.670659516898183,716520.1414225324,83.3290416981431,22.235531722993944,7.132114113852565,95.39930555555556,265,493.4826302528381,100.0,0,0.0,61.11111111111112,2240,5014.862869262695,2505,2563.970514295536,766.7424732707419,1584.9142469795345,1140.604291500547,0,rule_based,8,2022,5.8
5760,-3.8142653819713086,17.52128685038918,21.335552232360484,7.35007553803624,2.3552000843903835,11.630276609933864,711802.2782970604,81.66750597818044,38.76758869977954,7.850666947967945,93.02083333333331,402,549.7288312911987,100.0,0,0.0,53.07291666666667,2703,6248.114597320557,3105,2512.846337649489,1336.8134034486193,1744.592654565445,1265.6447612482766,0,rule_based,8,2023,4.9
5760,5.879442152080954,13.68500440807801,7.805562255997056,5.254777447406123,2.550625470209791,0.0001593383811414,555953.3040781692,58.38641608229025,0.000531127937138,8.502084900699304,55.17361111111111,2582,3410.7193455696106,100.0,0,0.0,78.80208333333333,1221,3139.8715057373047,3803,1796.505110689573,0.0183147561060629,1889.352199860504,1480.3574587701878,0,sindy_mpc,8,2020,70.6
5760,-1.3882040236140027,8.214110900937834,9.602314924551838,7.436645286651651,2.0923191569493764,0.07335048095081,333698.25535059953,82.62939207390724,0.2445016031693667,6.974397189831255,61.302083333333336,2229,2459.230400800705,99.6527777777778,20,11168.584838867188,70.01736111111111,1727,3265.530567169189,3976,2542.442833257686,8.43108977328344,1549.8660411642554,1435.2099922633668,0,sindy_mpc,8,2021,70.2
5760,2.953694895893694,12.169912197245036,9.21621730135134,6.705137370167603,2.510937821583284,0.0001421096004545,494402.6830130796,74.50152633519559,0.0004736986681818,8.369792738610947,68.50694444444444,1814,1890.1888046264648,100.0,0,0.0,77.91666666666667,1272,2143.485080718994,3086,2292.3546557534464,0.016334436515951,1859.9539418862264,1408.1367881519548,0,sindy_mpc,8,2022,71.1
5760,4.373375653168255,12.934659995284912,8.561284342116657,5.63143114476402,2.929853197352637,0.0,525470.5623084495,62.57145716404467,0.0,9.76617732450879,60.12152777777777,2297,2427.9395475387573,100.0,0,0.0,71.68402777777779,1631,3029.427104949951,3928,1925.275606277331,0.0,2170.261628295595,1703.6683895503024,0,sindy_mpc,8,2023,77.2
5760,3.791070049460525,12.825836563592471,9.034766514131949,4.944402820434236,3.7090722639954175,0.3812914297022935,521049.6103959442,54.93780911593596,1.2709714323409786,12.363574213318062,62.43055555555556,2164,2521.0021047592163,89.63541666666667,597,647798.8968505859,65.60763888888889,1981,3652.603343963623,4742,1690.3941262130627,43.82660109028845,2747.460937498372,1503.9669215495628,0,grey_box_mpc,8,2020,66.2
5760,-3.628291553358983,6.407788853066437,10.03608040642542,6.250687062524598,2.985961217011255,0.799432126889567,260316.422155824,69.45207847249554,2.664773756298557,9.953204056704184,65.74652777777777,1973,2058.3429040908813,87.37847222222223,727,657979.6262207031,68.10763888888889,1837,3494.6990966796875,4537,2136.987030559675,91.88875010620934,2211.823123382811,1310.842775090202,0,grey_box_mpc,8,2021,59.0
5760,0.3542652264709951,10.282626326510943,9.92836110003995,5.922159694638827,3.134927234260787,0.8712741711403367,417731.6945145071,65.80177438487586,2.904247237134456,10.449757447535957,76.33680555555556,1363,1251.6843824386597,89.14930555555556,625,833569.2791748047,68.35069444444444,1823,3498.6389198303223,3811,2024.6699801661396,100.14645647295512,2322.168322011985,1310.2436691736827,0,grey_box_mpc,8,2022,60.2
5760,-1.3277503480060169,7.975745323665055,9.303495671671072,5.394079680173779,3.634884345691913,0.2745316458053795,324014.65377389285,59.934218668597545,0.9151054860179318,12.116281152306376,76.09375,1377,1393.2183408737185,90.52083333333331,546,538359.7390136719,49.25347222222222,2923,5618.953414916992,4846,1844.1298055495524,31.555361644448112,2692.5069228203038,1722.6089281319505,0,grey_box_mpc,8,2023,59.8
5760,-10.289815906494905,18.281480551113987,28.57129645760889,7.550380200920691,3.637420407358322,17.38349584932988,742685.1473890058,83.89311334356324,57.94498616443293,12.124734691194408,80.20833333333334,1140,743.4130668640137,86.92708333333333,753,204139.4031982422,63.52430555555556,2101,4640.935344696045,3994,2581.3265635260805,1998.102971238303,2694.385485811236,722.6953283487219,0,nn_mpc,8,2020,1672.5
5760,-16.305049632687357,15.994500384639688,32.29955001732704,9.148524122731224,3.2557603441252763,19.895265550470548,649776.5781259873,101.65026803034692,66.31755183490183,10.852534480417589,86.80555555555556,760,456.3309154510498,88.17708333333333,681,166614.7742919922,54.02777777777777,2648,5911.000198364258,4089,3127.700553657187,2286.8121314016626,2411.6743292529027,610.8333679584196,0,nn_mpc,8,2021,1664.8
5222,-12.66086409042911,15.685889082728366,28.34675317315748,7.771632929523316,2.729066782708865,17.846053460925294,637239.2439858399,86.35147699470352,59.48684486975098,9.096889275696215,84.58445040214477,805,548.6119194030762,86.32707774798928,714,232272.1417236328,63.25162772883952,1919,4010.9129219055176,3438,2656.9685219784096,2051.270512082818,2021.5309503003775,585.2498612803122,0,nn_mpc,8,2022,1514.0
5760,-10.203965262327475,13.006588116810324,23.2105533791378,6.96221294767788,3.3688098381987137,12.879530593261205,528392.6422454194,77.35792164086534,42.93176864420402,11.229366127329046,80.98958333333334,1095,1096.8644332885742,92.74305555555556,418,361387.0227050781,45.22569444444444,3155,8920.150077819824,4668,2380.243742531283,1480.4058148913157,2495.414694549706,796.2927189307541,0,nn_mpc,8,2023,1682.6
5760,4.633505033605601,18.82551512786217,14.192010094256572,7.289512529497127,2.1524715303685187,4.750026034390926,764786.5520694008,80.99458366107919,15.83342011463642,7.174905101228396,95.22569444444444,275,385.74970149993896,100.0,0,0.0,62.10069444444445,2183,6893.667533874512,2458,2492.141034190952,545.9800039294614,1594.4233554580535,964.8017977790362,0,rule_based,9,2020,5.6
5760,-6.971197553462108,18.221369854828968,25.19256740829108,8.104337951146658,2.1297811298067355,14.95844832733768,740243.1503524268,90.04819945718509,49.86149442445894,7.099270432689119,93.87152777777776,353,601.7383589744568,100.0,0,0.0,51.05902777777778,2819,6172.752422332764,3172,2770.71382839817,1719.3618767216722,1577.6156514270265,1167.395714308131,0,rule_based,9,2021,5.6
5760,1.3275113618985808,17.637418865785413,16.309907503886834,7.499613752832879,2.139634234155769,6.670659516898183,716520.1414225324,83.3290416981431,22.235531722993944,7.132114113852565,95.39930555555556,265,493.4826302528381,100.0,0,0.0,61.11111111111112,2240,5014.862869262695,2505,2563.970514295536,766.7424732707419,1584.9142469795345,1140.604291500547,0,rule_based,9,2022,11.0
5760,-3.8142653819713086,17.52128685038918,21.335552232360484,7.35007553803624,2.3552000843903835,11.630276609933864,711802.2782970604,81.66750597818044,38.76758869977954,7.850666947967945,93.02083333333331,402,549.7288312911987,100.0,0,0.0,53.07291666666667,2703,6248.114597320557,3105,2512.846337649489,1336.8134034486193,1744.592654565445,1265.6447612482766,0,rule_based,9,2023,5.6
5760,7.712080882706668,16.425643751390197,8.713562868683532,4.642766901927305,2.545397720216656,1.5253982465395683,667291.7774002268,51.58629891030339,5.084660821798561,8.484659067388854,54.70486111111112,2609,3033.304154396057,100.0,0,0.0,60.88541666666667,2253,4880.382797241211,4862,1587.2707366585546,175.33313178991642,1885.4797938060929,1465.044647718208,0,sindy_mpc,9,2020,86.2
5760,2.6606494813392616,12.52267903849672,9.862029557157458,6.508618018451977,2.056958870820224,1.2964526678852568,508733.8359389292,72.31797798279975,4.321508892950856,6.856529569400748,63.85416666666666,2082,1909.4193410873413,99.98263888888889,1,1.185882568359375,52.82986111111111,2717,5785.729148864746,4800,2225.168553679383,149.0175478492607,1523.6732382747032,1370.1205025274148,0,sindy_mpc,9,2021,83.2
5760,5.570290502779061,15.183264791484044,9.612974288704985,5.688600214435087,2.3868483376495635,1.537525736620335,616820.1321540393,63.20666904927874,5.1250857887344505,7.956161125498546,66.85763888888889,1909,1864.3177213668823,100.0,0,0.0,61.04166666666667,2244,4348.022891998291,4153,1944.8205876735335,176.727096244903,1768.035804512324,1289.5639611106362,0,sindy_mpc,9,2022,84.7
5760,4.396559706676117,12.888467941849475,8.491908235173359,4.9987872622621525,2.7001421573675826,0.7929788155436239,523594.0101376349,55.542080691801694,2.6432627184787467,9.000473857891942,60.85069444444444,2255,2092.034412384033,100.0,0,0.0,48.52430555555556,2965,5726.540458679199,5220,1708.9870990980596,91.1469901745522,2000.1053024596897,1691.5484806254894,0,sindy_mpc,9,2023,84.1
5760,3.641121326520801,14.046426971332425,10.405305644811625,4.600657956555567,4.575877122749889,1.2287705655061676,570636.0957103798,51.1184217395063,4.095901885020559,15.252923742499627,61.28472222222222,2230,2308.6144828796387,65.86805555555556,1966,2637844.9028320312,55.27777777777778,2576,5756.674900054932,6772,1572.8745136774655,141.23799618527931,3389.538610991965,1445.556949684689,0,grey_box_mpc,9,2020,71.1
5760,-4.129710298108256,8.101635356051908,12.231345654160164,6.043708959786647,4.234718261140744,1.9529184332327767,329128.9363396088,67.15232177540719,6.509728110775923,14.115727537135813,71.63194444444444,1634,1413.826205253601,52.39583333333333,2742,4285104.606567383,48.31597222222222,2977,6970.582832336426,7353,2066.225285183184,224.47338335880653,3136.828341292208,1235.3247651036852,0,grey_box_mpc,9,2021,66.0
5760,-0.122401871262348,11.938912793312737,12.061314664575086,5.541965367657573,3.863351512098952,2.655997784818561,485018.33222833,61.57739297397303,8.853325949395204,12.877838373663176,77.89930555555556,1273,1071.1576147079468,65.17361111111111,2006,2857816.8404541016,59.60069444444444,2327,5549.346008300781,5606,1894.689014084301,305.28710195180696,2861.741861345551,1255.0971820927507,0,grey_box_mpc,9,2022,66.1
5760,-0.118078702148868,9.483883330038552,9.60196203218742,4.835394152334157,4.133841935728864,0.6327259441243983,385282.7602828161,53.72660169260175,2.109086480414661,13.779473119096211,76.30208333333334,1365,1265.7850770950315,73.85416666666667,1506,1645543.717163086,39.739583333333336,3471,9296.938957214355,6342,1653.126205023493,72.72711984250755,3062.1051373699074,1662.8500101321963,0,grey_box_mpc,9,2023,66.3
5760,-8.77365387440403,12.358872759273131,21.132526633677163,6.752939953370882,2.4882771212906536,11.891309559015625,502079.205845471,75.03266614856535,39.63769853005208,8.294257070968845,66.82291666666667,1911,3339.0386724472046,91.35416666666669,498,510767.5740966797,51.59722222222223,2788,7139.769676208496,5197,2308.697419244715,1366.8171910945912,1843.1682386817265,866.1878178669988,0,nn_mpc,9,2020,1997.1
5760,-14.73055272429134,12.286117431222692,27.016670155514028,7.372512482645609,2.835829188062701,16.80832848480572,499123.5206434219,81.916805362729,56.02776161601907,9.452763960209005,65.22569444444444,2003,4567.861424446106,75.3125,1422,1730912.297241211,30.98958333333333,3975,11694.747611999512,7400,2520.517087703392,1931.9917796983268,2100.614213838793,708.4911204311734,0,nn_mpc,9,2021,1959.5
5760,-15.194506115822517,11.938965968418213,27.13347208424073,7.0379638347900215,2.779141310064277,17.31636693938643,485020.4924669899,78.19959816433358,57.721223131288106,9.263804366880922,61.59722222222223,2212,5633.693057537079,75.12152777777777,1433,1648330.3431396484,49.86111111111112,2888,7873.06734085083,6533,2406.141481934005,1990.3870041639584,2058.623193234378,813.7838160216278,0,nn_mpc,9,2022,1934.9
5760,-6.579778736457899,11.308093420619144,17.88787215707704,6.3754623906937855,2.517748848007686,8.99466091837557,459391.2952126527,70.83847100770873,29.982203061251905,8.39249616002562,70.81597222222223,1681,2528.407736301422,90.9375,522,541643.3811035156,34.21875,3789,10852.502132415771,5992,2179.6452609374574,1033.869071217757,1864.9991456953069,929.4374611582398,0,nn_mpc,9,2023,1897.7
5760,2.5633387354711368,12.221963212610342,9.658624477139206,4.673992466242865,4.412396495022862,0.5722355158734794,496517.2555122952,51.93324962492072,1.9074517195782648,14.707988316742874,63.92361111111112,2078,2253.152421951294,71.92708333333333,1617,1568189.447631836,55.01736111111111,2591,6226.04305267334,6286,1597.9461417316602,65.77419733206328,3268.441847464619,1501.406809338844,0,sindy_mpc_dense,0,2020,62.7
5760,-4.9381938840273465,5.960412281257115,10.89860616528446,5.830891463570232,3.876340985010476,1.191373716703753,242141.7489260703,64.78768292855814,3.971245722345844,12.921136616701586,68.26388888888889,1828,1756.2607641220093,64.49652777777779,2045,1819469.8814086916,59.739583333333336,2319,6365.25471496582,6192,1993.4671665776527,136.93950806432838,2871.3636915166376,1274.5046777956145,0,sindy_mpc_dense,0,2021,61.8
5760,-0.8640486047282114,9.827539099444657,10.691587704172868,5.539459640539746,3.697716893610072,1.45441117002305,399243.7759149392,61.54955156155273,4.848037233410167,12.32572297870024,76.00694444444444,1382,1145.1471195220947,73.15972222222223,1546,1441006.5462646484,59.87847222222222,2311,7167.372421264648,5239,1893.8323549787824,167.17369776489636,2739.0495513570413,1315.7820836516737,0,sindy_mpc_dense,0,2022,63.0
5760,-2.1782090975423105,6.868832913870877,9.047042011413188,4.685308984335398,3.995704833713196,0.3660281933645934,279046.3371260044,52.05898871483776,1.2200939778819784,13.31901611237732,76.63194444444444,1346,1270.7339916229248,74.80902777777779,1451,1292808.4659423828,38.57638888888889,3538,11883.51300430298,6335,1601.815037160066,42.072206138975,2959.781358788176,1706.5006987018996,0,sindy_mpc_dense,0,2023,62.1
5760,3.778742681163541,14.256571163828834,10.477828482665291,5.001734873802411,0.0,5.476093608862882,579173.2035305464,55.5748319311379,18.25364536287628,0.0,62.01388888888889,2188,2120.8380193710327,99.6527777777778,20,878.5838470458984,63.97569444444444,2075,4163.723915100098,4283,1709.9948289541187,629.4360469072619,0.0,1580.3774935821273,0,sindy_mpc_conf_dagger,0,2020,72.5
5760,-2.8419580262573665,6.611985492865099,9.453943519122465,6.931923921052855,0.0177663229767233,2.504253275092886,268611.9106476446,77.02137690058727,8.347510916976287,0.0592210765890777,67.44791666666666,1875,1554.999659538269,98.69791666666666,75,61214.745849609375,56.05902777777778,2531,4272.927589416504,4481,2369.888520239308,287.8452041228413,13.16023911075558,1416.8443702336722,0,sindy_mpc_conf_dagger,0,2021,62.7
5760,1.5846155357599805,12.685444265890435,11.100828730130456,5.871757394534977,0.0,5.229071335595479,515346.173301799,65.24174882816641,17.430237785318262,0.0,73.26388888888889,1540,1197.159532546997,98.125,108,7049.375839233398,62.46527777777777,2162,4328.538608551025,3810,2007.4384249936215,601.0426822862476,0.0,1427.5352995624978,0,sindy_mpc_conf_dagger,0,2022,72.9
5760,2.737794171428956,10.702944076448444,7.965149905019489,5.518006409407749,0.0,2.44714349561174,434807.1031057181,61.31118232675277,8.157144985372467,0.0,69.44444444444444,1760,1353.5180568695068,99.94791666666669,3,27.37945556640625,50.81597222222223,2833,4579.635917663574,4596,1886.4979178988629,281.2808616231907,0.0,1826.795451303712,0,sindy_mpc_conf_dagger,0,2023,72.6
5760,4.641141139889289,12.817316069634566,8.17617492974528,5.002392449794625,2.9773685225604254,0.196413957390229,520703.46532890433,55.58213833105139,0.6547131913007633,9.924561741868086,65.67708333333333,1977,2136.9791917800903,96.21527777777776,218,77074.58679199219,61.28472222222222,2230,5155.34676361084,4425,1710.219640801056,22.57631682931777,2205.4581650420623,1447.3198013206295,0,sindy_mpc_dense_dagger,0,2020,58.6
5760,-2.495638768663235,6.608019940757487,9.10365870942072,6.23110990451693,2.0811019721968345,0.791446832706958,268450.8100932729,69.23455449463256,2.638156109023193,6.937006573989448,69.20138888888889,1774,1730.8539934158323,96.6840277777778,191,73506.84210205078,64.25347222222221,2059,4937.871513366699,4024,2130.2939847962725,90.97090035552668,1541.5570161136018,1244.2594840087284,0,sindy_mpc_dense_dagger,0,2021,58.0
5760,0.6656509154726553,10.671650233592684,10.005999318120027,5.967694542746261,2.5956308005208224,1.442673974852945,433535.7907397028,66.30771714162512,4.808913249509816,8.652102668402742,76.33680555555556,1363,1284.535153388977,97.27430555555556,157,54574.65670776367,64.27083333333333,2058,4890.961929321289,3578,2040.2374497610451,165.82459486162458,1922.689482154611,1274.054673071863,0,sindy_mpc_dense_dagger,0,2022,59.1
5760,-0.0651178382954165,7.7415227284281,7.806640566723516,5.170464286640927,2.534209685203436,0.1019665948791541,314499.3608423916,57.44960318489919,0.3398886495971805,8.447365617344786,77.74305555555556,1282,1238.920259475708,98.15972222222224,106,42802.43884277344,44.40972222222222,3202,8892.446430206299,4590,1767.6800981433537,11.72029824700416,1877.1923590640015,1683.0577717240478,0,sindy_mpc_dense_dagger,0,2023,57.3
5760,3.5673226813853405,13.663341411761088,10.096018730375746,5.127539818714466,4.87143092892199,0.097047982739289,555073.2448527941,56.97266465238295,0.3234932757976301,16.238103096406636,63.78472222222222,2086,2597.982995033264,73.54166666666667,1524,568049.5847167969,65.17361111111111,2006,4137.643241882324,5616,1753.005066412847,11.15494056811039,3608.4673551216624,1481.310545197431,0,sindy_mpc_dense,1,2020,61.7
5760,-3.470401958306774,7.579828422367425,11.050230380674195,6.495895413673751,3.910684293336373,0.6436506736640729,307930.5296586766,72.17661570748612,2.14550224554691,13.035614311121243,67.91666666666667,1848,2075.2499713897705,72.51736111111111,1583,673222.5103149414,65.64236111111111,1979,4692.10066986084,5410,2220.818944004964,73.9828361174796,2896.8031794131075,1268.7639686437406,0,sindy_mpc_dense,1,2021,60.2
5760,0.2163661971403305,11.16149430033453,10.945128103194198,6.1931549139361,3.876218237959513,0.8757549512985867,453435.7059510903,68.81283237706778,2.9191831709952893,12.920727459865043,74.98263888888889,1441,1629.5629568099976,82.88194444444444,986,362284.85900878906,67.58680555555556,1867,3925.29821395874,4294,2117.3179190646247,100.66148862623362,2871.272768205281,1272.2424428929294,0,sindy_mpc_dense,1,2022,62.1
5760,-1.2366362299644942,9.062287349126908,10.298923579091404,5.414958796565432,4.796622843276783,0.0873419392491888,368155.4235582807,60.166208850727024,0.2911397974972961,15.98874281092261,76.94444444444444,1328,1420.6094465255735,73.88888888888889,1504,532021.4998779297,48.38541666666666,2973,6827.278911590576,5805,1851.2679640295328,10.03930325889298,3553.0539557836364,1698.591071000178,0,sindy_mpc_dense,1,2023,61.0
5760,2.261782419201092,14.08919812293906,11.82741570373797,4.477684993060087,6.346877886639357,1.0028528240385255,572373.6737443993,49.752055478445406,3.342842746795085,21.15625962213119,48.83680555555556,2947,3636.4479236602783,52.25694444444444,2750,4668473.124633789,56.21527777777777,2522,5210.2167892456055,8219,1530.8324760323358,115.27043969237494,4701.391024454463,1373.45530925269,0,sindy_mpc_conf_dagger,1,2020,68.1
5760,-6.28082142552572,9.054846445072258,15.33566787059798,6.178818493883059,6.5672613539348905,2.5895880227800294,367853.13683106046,68.65353882092288,8.631960075933431,21.89087117978297,56.05902777777778,2531,2646.749048233032,45.12152777777778,3161,7005526.63269043,47.65625,3015,5756.220314025879,8707,2112.4165790417424,297.653795823526,4864.638040091855,1226.1846621827488,0,sindy_mpc_conf_dagger,1,2021,67.8
5760,-4.595407158598062,11.732957611790525,16.328364770388582,5.169198813650546,6.268870819804432,4.890295136933605,476651.40297899,57.43554237389496,16.300983789778684,20.896236066014776,57.98611111111112,2420,2721.582736968994,54.32291666666666,2631,9390099.583984377,50.64236111111112,2843,5716.811611175537,7894,1767.2474562691705,562.1028890419287,4643.608013013078,1185.5125945548527,0,sindy_mpc_conf_dagger,1,2022,69.0
5760,1.3909721914361022,13.422487221773864,12.03151503033776,4.86963979393319,6.711697300090797,0.4501779363137773,545288.5433845633,54.10710882147989,1.5005931210459242,22.37232433363599,56.80555555555556,2488,2447.2417669296265,63.68055555555555,2092,2692716.83984375,47.77777777777778,3008,5461.299060821533,7588,1664.8341165819015,51.744590396999534,4971.627630151911,1615.0927615786145,0,sindy_mpc_conf_dagger,1,2023,73.5
5760,5.411819441284572,14.096636566518187,8.684817125233618,5.264904662904848,3.219966795982703,0.1999456663460671,572675.8605148015,58.498940698942754,0.6664855544868905,10.733222653275678,67.25694444444444,1886,2199.82377243042,93.66319444444444,365,208794.08911132807,60.71180555555556,2263,4963.2456130981445,4514,1799.9674073240744,22.98226040679527,2385.1605886601665,1421.3260888858786,0,sindy_mpc_dense_dagger,1,2020,59.2
5760,-1.7409918960113733,7.878213945321873,9.619205841333246,6.618644734597235,2.1182645670023184,0.8822965397336915,320052.44152870105,73.5404970510804,2.940988465778972,7.060881890007728,69.80902777777777,1739,1787.5649490356443,95.64236111111111,251,109279.80899047852,63.00347222222222,2131,4669.435005187988,4121,2262.784524877922,101.4133954531796,1569.084864550641,1254.1548149731134,0,sindy_mpc_dense_dagger,1,2021,58.9
5760,1.387410294339024,11.81630424550454,10.428893951165518,6.2316252937030345,2.7814066086776457,1.4158620487848377,480037.359973622,69.24028104114483,4.719540162616126,9.27135536225882,76.38888888888889,1360,1319.2158794403076,95.48611111111111,260,98343.86071777344,64.65277777777779,2036,4068.461082458496,3656,2130.470184933479,162.74276411491928,2060.3011915493307,1266.2332237087717,0,sindy_mpc_dense_dagger,1,2022,60.3
5760,0.6475874871866617,8.863130998017237,8.215543510830576,5.459242221359364,2.6180670272429007,0.1382342622283115,360064.6967944503,60.65824690399294,0.4607808740943718,8.72689009080967,78.17708333333333,1257,1277.1433935165403,97.91666666666666,120,43440.765625,45.34722222222222,3148,7780.765155792236,4525,1866.407596626716,15.888995695873607,1939.308908911732,1682.5138729125729,0,sindy_mpc_dense_dagger,1,2023,58.5
5760,2.750209286495648,13.309836031256529,10.55962674476088,4.606734556696408,4.820047412000401,1.1328447760640703,540712.0887697964,51.18593951884898,3.776149253546902,16.066824706668005,66.19791666666667,1947,1891.6351699829104,60.39930555555556,2281,2662392.259887696,47.91666666666667,3000,7140.974609375,7228,1574.951985209888,130.21204301318633,3570.4054904645664,1475.5857196312793,0,sindy_mpc_dense,10,2020,63.3
5760,-5.103385340212439,7.093384096739292,12.19676943695173,5.827434811770837,4.234417407513369,2.134917217667525,288168.72893003374,64.74927568634264,7.116390725558417,14.114724691711231,74.54861111111111,1466,1287.2670936584473,51.701388888888886,2782,4023819.576507568,43.54166666666666,3252,8489.170989990234,7500,1992.2854040937136,245.39278346740252,3136.605486373145,1224.9871957629375,0,sindy_mpc_dense,10,2021,63.4
5760,-0.9306581673082466,11.038620615101545,11.969278782409791,5.677845380890867,3.790939682774086,2.500493718744837,448443.96248850017,63.08717089878741,8.334979062482791,12.636465609246956,83.03819444444444,977,743.4535083770752,68.85416666666667,1794,2173386.4162597656,52.44791666666667,2739,7311.204776763916,5510,1941.143719751141,287.41307095947906,2808.1034679849654,1281.4557335553095,0,sindy_mpc_dense,10,2022,62.3
5760,-1.4074999311829215,8.11550869102572,9.52300862220864,4.781219629435564,4.197086178532882,0.5447028142401945,329692.5405729199,53.12466254928405,1.815676047467315,13.990287261776276,78.92361111111111,1214,1114.0450458526611,69.67013888888889,1747,1671839.7713623047,33.85416666666667,3810,11333.211883544922,6771,1634.6050019596903,62.60951892910022,3108.9527234484267,1678.5188962446755,0,sindy_mpc_dense,10,2023,63.4
5760,2.169654853787037,14.275335539742432,12.105680685955395,4.995158001178693,2.325163786288324,4.785358898488378,579935.5063020363,55.50175556865214,15.951196328294596,7.750545954294414,56.63194444444445,2498,2472.880816459656,100.0,0,0.0,63.68055555555555,2092,4137.535182952881,4590,1707.7463258512876,550.0412527261055,1722.343543924047,1425.3572608926445,0,sindy_mpc_conf_dagger,10,2020,67.1
5760,-2.958248805674162,7.960324671968175,10.918573477642337,6.984652790021365,1.8669464035841232,2.066974284036849,323388.18979870714,77.60725322245962,6.88991428012283,6.223154678613744,62.93402777777778,2135,1865.507830619812,100.0,0,0.0,59.30555555555556,2344,4077.679206848145,4479,2387.915485174502,237.5832510741953,1382.9232608807988,1297.0599685556083,0,sindy_mpc_conf_dagger,10,2021,64.7
5760,2.8402650335203248,15.734302339623117,12.894037306102788,5.85150780305995,2.280228089226034,4.762301413816806,639206.032547189,65.01675336733278,15.87433804605602,7.600760297420113,68.83680555555556,1795,1484.0540285110474,100.0,0,0.0,67.58680555555556,1867,3011.6757774353027,3662,2000.5154882885995,547.390967100502,1689.0578442100584,1279.685910777996,0,sindy_mpc_conf_dagger,10,2022,74.3
5760,0.899949954848142,10.670348180025812,9.770398225177669,5.4009310894615385,2.371434014946165,1.998033120769965,433482.8948135486,60.01034543846154,6.66011040256655,7.904780049820552,65.60763888888889,1981,1580.5845050811768,100.0,0,0.0,53.36805555555556,2686,4672.841457366943,4667,1846.4721678366236,229.65897925285884,1756.6177893034642,1649.4910826526525,0,sindy_mpc_conf_dagger,10,2023,65.9
5760,4.972583300604392,13.22912075839687,8.25653745779248,4.98514562617519,3.083884518639446,0.1875073129778424,537433.0308098729,55.39050695750211,0.6250243765928081,10.279615062131487,63.888888888888886,2080,2307.45346736908,96.875,180,66188.87243652344,64.98263888888889,2017,4003.8429565429688,4277,1704.3232925727348,21.55256467549923,2284.3589036579706,1447.056484386807,0,sindy_mpc_dense_dagger,10,2020,61.0
5760,-2.296237572221647,7.066181697302388,9.362419269524034,6.341605651217918,2.171795596972119,0.8490180213339965,287063.6314529095,70.46228501353242,2.830060071113322,7.239318656573731,68.55902777777779,1811,1799.66326713562,97.15277777777776,164,113258.91543579102,67.32638888888889,1882,3279.2516326904297,3857,2168.070308501621,97.5882781873032,1608.7374792983069,1242.2160475095895,0,sindy_mpc_dense_dagger,10,2021,59.7
5760,0.9014429981245176,11.077649453243382,10.176206455118866,5.905293257094103,2.6906204322343674,1.580292765790395,450029.5090380125,65.61436952326781,5.2676425526346495,8.968734774114559,76.16319444444444,1373,1243.380153656006,96.42361111111111,206,135805.5965576172,67.86458333333333,1851,3119.225009918213,3430,2018.903677398224,181.6428463526048,1993.0521723176948,1287.265324467614,0,sindy_mpc_dense_dagger,10,2022,60.8
5760,0.2371389582531231,8.463953398614434,8.226814440361311,5.3566939911694975,2.7422322208637646,0.1278882283280481,343848.1068187114,59.51882212410553,0.4262940944268271,9.140774069545882,77.10069444444444,1319,1283.47553730011,98.95833333333334,60,24433.50048828125,49.82638888888889,2890,5458.270420074463,4269,1831.3483726690893,14.699796337590543,2031.2831248622049,1676.1449102763258,0,sindy_mpc_dense_dagger,10,2023,60.6
5760,4.303718759940012,13.697136012153084,9.393417252213077,4.588179648245413,3.997876634480221,0.8073609694874405,556446.1504937191,50.97977386939348,2.691203231624802,13.326255448267402,63.15972222222223,2122,2428.756649017334,83.55902777777777,947,1060270.1666259766,54.34027777777778,2630,5486.712608337402,5699,1568.608426581593,92.80011138942294,2961.390100232683,1444.1871507955984,0,sindy_mpc_dense,11,2020,65.1
5760,-3.1417693578090478,7.492998208032529,10.634767565841576,6.045432869490732,3.227776623813141,1.3615580725377023,304403.05220132146,67.1714763276748,4.538526908459008,10.759255412710472,68.09027777777777,1838,1913.5139875411987,79.72222222222223,1168,1373522.057006836,56.35416666666667,2514,5463.850151062012,5520,2066.814657899684,156.50092795139494,2390.9456462355847,1266.5679580043068,0,sindy_mpc_dense,11,2021,63.8
5760,0.7901107759766233,11.214565469500808,10.424454693524185,5.522214602541322,3.3095496649379665,1.5926904260448966,455591.7221984703,61.35794002823691,5.308968086816322,11.03183221645989,74.6875,1458,1201.6594762802124,81.09375,1089,1341371.3494873047,60.26041666666667,2289,4686.575199127197,4836,1887.9366168327228,183.06786478914904,2451.518270451404,1276.0761068507754,0,sindy_mpc_dense,11,2022,65.3
5760,-0.07488172664068,8.830605291880131,8.905487018520812,4.856861373495017,3.643498284447357,0.4051273605784375,358743.33998263034,53.96512637216685,1.3504245352614583,12.144994281491188,75.67708333333333,1401,1404.086696624756,87.96875,693,625233.0793457031,40.17361111111112,3446,8143.979602813721,5540,1660.465428362254,46.56636325601266,2698.887616847639,1658.8306991613954,0,sindy_mpc_dense,11,2023,65.3
5760,7.872031907578247,16.21324010308995,8.341208195511706,5.0930778198209765,2.2294327920532275,1.0186975836375014,658662.8791880293,56.58975355356641,3.395658612125005,7.431442640177425,68.55902777777779,1811,1572.7129707336426,100.0,0,0.0,63.36805555555556,2110,4371.240409851074,3921,1741.223186998639,117.09167615867912,1651.4316965590924,1427.3903701691245,0,sindy_mpc_conf_dagger,11,2020,71.8
5760,-1.6607044374865574,7.788671967908021,9.449376405394576,7.100584415803575,1.6746564844737049,0.6741355051172984,316414.79869626334,78.8953823978175,2.247118350390995,5.5821882815790165,73.54166666666667,1524,1065.8678855895996,100.0,0,0.0,56.75347222222222,2491,4535.490570068359,4015,2427.550228429905,77.48683948367243,1240.4862849769838,1223.3025348232825,0,sindy_mpc_conf_dagger,11,2021,63.0
5760,5.762926894553511,15.182928313755149,9.42000141920164,6.158897397573446,2.0828810690727795,1.178222952555413,616806.462746303,68.43219330637162,3.927409841851378,6.9429368969092655,82.32638888888889,1018,698.5932168960571,100.0,0,0.0,59.68750000000001,2322,4161.863132476807,3340,2105.6059491245223,135.4279257703539,1542.874865238348,1244.9923939278178,0,sindy_mpc_conf_dagger,11,2022,72.3
5760,4.308167714072109,12.598670758033698,8.29050304396159,5.601096517921246,2.236266865404976,0.453139660635367,511820.999545119,62.23440575468052,1.5104655354512233,7.454222884683254,80.95486111111111,1097,777.7485818862915,100.0,0,0.0,49.25347222222222,2923,5270.326354980469,4020,1914.9047917468647,52.085018442129055,1656.4939756896947,1641.9663201199933,0,sindy_mpc_conf_dagger,11,2023,71.0
3687,-1.792865596604894,2.97434888416368,4.767214480768574,3.317706130336709,1.2266290205357908,0.2228793298960748,120832.9234191495,36.863401448185655,0.7429310996535828,4.08876340178597,62.35421752101979,1388,1555.9407396316528,93.97884458909682,222,103950.74584960938,66.53105505831299,1234,3054.738536834717,2844,1134.2585063019003,25.61831386808384,908.6140890320725,820.6327671727689,0,sindy_mpc_dense_dagger,11,2020,39.3
5760,-5.596814285408492,2.02663920214179,7.623453487550281,5.428618027953859,1.3999335360015448,0.7949019235948772,82332.21758701021,60.317978088376215,2.649673078649591,4.666445120005149,67.69097222222223,1861,1896.1436643600464,95.45138888888889,262,78906.09330749512,69.60069444444444,1751,3744.999877929688,3874,1855.9377855901876,91.36803712065874,1036.987804512245,1168.944191440144,0,sindy_mpc_dense_dagger,11,2021,59.8
4459,-4.687424002485056,2.65187089701855,7.339294899503605,4.759248685401545,1.2198175969780818,1.3602286171239788,107732.2551913786,52.88054094890605,4.534095390413263,4.066058656593606,69.90356582193317,1342,1175.5294952392578,94.7073334828437,236,92997.31091308594,71.36129176945504,1277,2589.623737335205,2855,1627.0935672259936,156.34811702843643,903.568590099791,799.5084974330043,0,sindy_mpc_dense_dagger,11,2022,48.3
5319,-3.1952426712874566,2.583268984709261,5.778511655996718,4.105288065991271,1.5260374095501812,0.1471861804552652,104945.30250381371,45.614311844347455,0.4906206015175507,5.086791365167271,73.11524722692235,1430,1411.8944940567017,97.12351945854483,153,59136.474365234375,51.15623237450648,2598,5994.215793609619,4181,1403.51728627359,16.917951855397522,1130.398081739752,1481.6772322808365,0,sindy_mpc_dense_dagger,11,2023,55.8
5760,6.537543990792962,16.28362690876251,9.746082917969549,4.865110839293299,4.541217316110047,0.3397547625662003,661522.343168477,54.05678710325888,1.1325158752206677,15.137391053700158,66.21527777777779,1946,1912.4939341545105,82.58680555555556,1003,769924.7056884766,62.82986111111111,2141,4357.813236236572,5090,1663.2857583348596,39.05227168177276,3363.8646775986235,1424.471314305233,0,sindy_mpc_dense,12,2020,64.1
5760,1.480279984733857,12.598988511743071,11.118708527009217,6.8295412309736365,3.723347659568024,0.565819636467555,511833.9082895623,75.88379145526262,1.8860654548918496,12.411158865226747,70.69444444444444,1688,1331.8200988769531,86.52777777777779,776,465521.3694763184,57.11805555555556,2470,5165.146125793457,4934,2334.885891640258,65.03673993681026,2758.035303011383,1278.1810754751257,0,sindy_mpc_dense,12,2021,62.6
5760,4.362839876958751,14.785636516524992,10.42279663956624,6.11837284081703,3.697528606234446,0.606895192514764,600666.4834838278,67.98192045352256,2.0229839750492133,12.32509535411482,77.06597222222223,1321,1195.467893600464,88.97569444444444,635,488561.4991455078,61.52777777777778,2216,4141.298751831055,4172,2091.7513983935364,69.75806805576931,2738.9100789302283,1273.7899993099363,0,sindy_mpc_dense,12,2022,64.1
5760,2.768141458543264,12.805947716294034,10.03780625775077,5.403312393733881,4.431783698558327,0.2027101654585616,520241.62597444514,60.036804374820896,0.6757005515285389,14.772612328527757,78.125,1260,1009.614990234375,87.15277777777779,740,501220.8742675781,48.00347222222222,2995,6210.727245330811,4995,1847.286288721429,23.30001904282545,3282.802740254342,1646.051240057867,0,sindy_mpc_dense,12,2023,63.4
5760,5.608742474736348,13.013341164373209,7.404598689636859,4.958820417372201,2.4457102198319727,6.805243268609047e-05,528666.9848026616,55.0980046374689,0.0002268414422869,8.152367399439909,59.13194444444444,2354,2298.758289337158,100.0,0,0.0,63.36805555555556,2110,4189.819896697998,4464,1695.323219439741,0.0078221184472048,1811.637199958402,1380.6320539468204,0,sindy_mpc_conf_dagger,12,2020,66.9
5760,-1.5590081488408771,7.401918730992632,8.960926879833508,6.932222444403187,2.0069299499719824,0.0217744854583404,300702.94844657567,77.02469382670208,0.0725816181944683,6.689766499906608,65.36458333333334,1995,1755.7598514556885,99.44444444444444,32,16833.346923828125,57.48263888888889,2449,4744.305114746094,4476,2369.9905794488336,2.502814421211883,1486.6147769761994,1220.4944215630728,0,sindy_mpc_conf_dagger,12,2021,63.8
5760,6.490980791922705,14.821395139017362,8.33041434709466,5.8800293461250845,2.4503850009695745,0.0,602119.1775225804,65.33365940138984,0.0,8.167950003231915,71.07638888888889,1666,1400.6391515731812,100.0,0,0.0,65.10416666666666,2010,3621.134979248047,3676,2010.2664427647155,0.0,1815.099999626281,1222.059752886543,0,sindy_mpc_conf_dagger,12,2022,75.3
5760,2.283374617731276,10.302846000854933,8.019471383123657,5.290191314159248,2.7292318330301324,4.823593427427113e-05,418553.1187847316,58.77990349065831,0.0001607864475809,9.097439443433776,69.16666666666667,1776,1411.4404211044312,100.0,0,0.0,50.32986111111111,2861,5648.000793457031,4637,1808.612414569772,0.0055443602346525,2021.6532082869892,1609.4310982807742,0,sindy_mpc_conf_dagger,12,2023,66.0
5760,4.282909392113408,12.553632594905316,8.27072320279191,4.997393867937502,2.9057044090730826,0.3676249257813246,509991.3241680285,55.526598532638914,1.2254164192710824,9.685681363576942,68.38541666666667,1821,1759.1815900802612,92.17013888888889,451,635816.0678710938,57.15277777777777,2468,5687.609924316406,4740,1708.5107233569909,42.25573858635671,2152.373636357016,1408.9918283626746,0,sindy_mpc_dense_dagger,12,2020,61.0
5760,-2.795594263939371,6.258174456635643,9.053768720575016,6.08506926120961,1.9515324759870667,1.01716698337834,254238.33730082307,67.61188068010678,3.390556611261133,6.505108253290223,71.875,1620,1383.210078239441,92.43055555555556,436,513130.6777648926,61.78819444444444,2201,5234.979537963867,4257,2080.365559210964,116.91574523114627,1445.5796123835116,1189.2784961994694,0,sindy_mpc_dense_dagger,12,2021,60.2
5760,0.4437956005993966,10.49015916725254,10.046363566653143,5.89694356755712,2.5394904715615705,1.6099295275344536,426162.7161696345,65.52159519507912,5.366431758448179,8.46496823853857,79.80902777777777,1163,837.9797401428223,91.35416666666669,498,636435.2664794922,60.98958333333333,2247,5558.186370849609,3908,2016.0490836259091,185.04937084942435,1881.1040529595853,1250.1213744979304,0,sindy_mpc_dense_dagger,12,2022,61.9
5760,-0.210634600570684,7.368463898428232,7.579098498998915,5.092697494728903,2.226498442298306,0.2599025619717071,299343.8458736469,56.58552771921003,0.8663418732390237,7.421661474327687,79.79166666666667,1164,941.291974067688,95.48611111111111,260,415643.4208984375,40.79861111111111,3410,9720.909572601318,4834,1741.093160603603,29.87385762852544,1649.2581055983524,1641.7492866808504,0,sindy_mpc_dense_dagger,12,2023,58.9
5760,4.195262018843502,14.000357064293595,9.805095045450091,4.588128605971985,4.162448370886759,1.054518068591349,568764.5057369273,50.97920673302205,3.515060228637829,13.874827902955865,65.53819444444444,1985,1861.0507249832156,71.21527777777777,1658,2342759.424560547,50.17361111111112,2870,6755.447399139404,6513,1568.5909770694795,121.2089732727212,3083.2950887290795,1406.5458724472624,0,sindy_mpc_dense,13,2020,65.6
5760,-3.890211748702394,7.496637883532184,11.38684963223458,5.949914578000159,3.5826540095723347,1.8542810446620848,304550.914018495,66.11016197777955,6.180936815540284,11.942180031907784,75.34722222222221,1420,1100.9358396530151,61.66666666666667,2208,4013735.3488311768,47.44791666666666,3027,8168.802680969238,6655,2034.1588293366108,213.13575233838813,2653.817786548806,1223.4736750035995,0,sindy_mpc_dense,13,2021,63.8
5760,0.5938528897902771,11.434929062552444,10.841076172762168,5.600647536321386,3.543922571089078,1.6965060653517057,464543.9931661931,62.22941707023762,5.655020217839018,11.813075236963591,80.22569444444444,1139,751.6679859161377,73.35069444444444,1535,2186602.4084472656,55.65972222222222,2554,6772.106601715088,5228,1914.7512948343751,195.00069680840787,2625.127830296297,1263.4405924108246,0,sindy_mpc_dense,13,2022,65.4
5760,-0.0109504442822589,8.838900886959633,8.849851331241892,4.80531837170107,3.527942284525447,0.5165906750153757,359080.34853273514,53.39242635223411,1.721968916717919,11.759807615084824,78.4375,1242,1094.149896621704,80.67708333333333,1113,1302930.042236328,35.989583333333336,3687,11101.31909942627,6042,1642.8438883858344,59.37823832809808,2613.2905827109125,1641.2103835008793,0,sindy_mpc_dense,13,2023,64.5
5760,5.350653032038762,13.076006426628489,7.725353394589727,5.273895917212485,2.1325939695104923,0.3188635078667495,531212.7610817824,58.59884352458317,1.062878359555832,7.108646565034975,67.44791666666666,1875,1620.8176879882812,100.0,0,0.0,63.69791666666666,2091,4249.445705413818,3966,1803.0413390828053,36.65097793343075,1579.69923698869,1413.0258621545236,0,sindy_mpc_conf_dagger,13,2020,66.6
5760,2.925001851901842,12.336991724804644,9.411989872902804,6.9433061733151344,1.800501295363527,0.6681824042241428,501190.2888201887,77.14784637016817,2.227274680747142,6.001670984545091,74.28819444444444,1481,1053.8128604888916,100.0,0,0.0,56.82291666666666,2487,4759.249626159668,3968,2373.779888373852,76.80257515154638,1333.704663637412,1278.4724198502945,0,sindy_mpc_conf_dagger,13,2021,73.1
5760,5.861780732396838,15.079546453039448,9.21776572064261,6.122426313742828,2.068428829347981,1.0269105775518008,612606.5746547276,68.02695904158698,3.423035258506003,6.89476276449327,80.36458333333333,1131,792.7110033035278,100.0,0,0.0,60.98958333333333,2247,3674.656425476074,3378,2093.13720192072,118.0356986157928,1532.1695036650003,1277.423221106785,0,sindy_mpc_conf_dagger,13,2022,74.2
5760,4.551709370793337,12.438787765754457,7.887078394961119,5.532983345417874,2.1636841569275163,0.190410892615728,505325.7529837748,61.47759272686527,0.63470297538576,7.212280523091721,79.63541666666667,1173,809.4521923065186,100.0,0,0.0,49.82638888888889,2890,5201.021640777588,4063,1891.618237150878,21.88630947372507,1602.7290042616596,1646.9491096227266,0,sindy_mpc_conf_dagger,13,2023,73.3
5760,4.909011551041617,13.035760058822856,8.126748507781237,4.891597739709718,2.87244249775899,0.36270827031253,529577.7523896785,54.35108599677465,1.2090275677084334,9.5748083258633,68.29861111111111,1826,1638.8879623413086,92.3784722222222,439,856260.9156494141,58.48958333333333,2391,5511.539398193359,4656,1672.3411078998734,41.69060583596783,2127.7351834858027,1361.8637769628804,0,sindy_mpc_dense_dagger,13,2020,62.5
5760,-2.2947802398676047,6.85291032053002,9.147690560397626,6.165349667390561,1.93042915918155,1.0519117338255142,278399.4817715321,68.50388519322846,3.5063724460850474,6.4347638639385005,72.58680555555556,1579,1230.6862363815308,92.3784722222222,439,666851.6923828125,61.84027777777777,2198,5330.311904907227,4216,2107.811852465325,120.90939467689472,1429.9475247293676,1180.7554947516148,0,sindy_mpc_dense_dagger,13,2021,61.5
5760,0.9787595678424924,11.046245746814142,10.06748617897165,5.788700901473937,2.5178672576093346,1.7609180198883791,448753.7334643246,64.31889890526597,5.869726732961264,8.392890858697783,80.24305555555556,1138,763.2071743011475,91.11111111111111,512,789381.6517333984,61.73611111111112,2204,5402.689468383789,3854,1979.0430428940108,202.4043700999456,1865.086857748488,1235.820781577666,0,sindy_mpc_dense_dagger,13,2022,63.8
5760,0.3611876481434932,7.805612386214415,7.444424738070923,5.023356700034405,2.1606313808321604,0.260436657204356,317103.0031899606,55.81507444482673,0.8681221906811869,7.202104602773868,79.94791666666666,1155,879.4757633209229,95.19097222222224,277,596455.2067871094,41.31944444444444,3380,9443.755561828611,4812,1717.3869057737306,29.93524801021412,1600.4676889779298,1617.622401210422,0,sindy_mpc_dense_dagger,13,2023,63.1
5760,3.36914370281628,13.95162611055894,10.58248240774266,4.68788938230802,5.232206557307817,0.6623864681268223,566784.8107414569,52.08765980342245,2.2079548937560745,17.44068852435939,61.875,2196,2245.2571325302124,58.19444444444445,2408,2433017.3901367188,56.18055555555556,2524,5275.949069976807,7128,1602.6972246782825,76.1363755888268,3875.708560482939,1471.2770100309822,0,sindy_mpc_dense,14,2020,66.9
5760,-4.437928094184657,7.505705027375982,11.94363312156064,6.047383552026491,4.682670343232145,1.213579226302004,304919.2667371493,67.19315057807212,4.045264087673347,15.60890114410715,70.50347222222221,1699,1513.468144416809,49.79166666666666,2892,3647318.623413086,55.90277777777778,2540,5523.086318969727,7131,2067.4815552773243,139.4918652200076,3468.644698513217,1254.5690905740717,0,sindy_mpc_dense,14,2021,66.5
5760,0.1760842476824837,11.181512088674678,11.005427840992194,5.658284186158788,4.3488989239322855,0.9982447309011204,454248.9286024088,62.869824290653206,3.327482436337068,14.496329746440953,76.45833333333333,1356,1025.171383857727,66.70138888888889,1918,1749823.8762207031,64.23611111111111,2060,4427.412731170654,5334,1934.4561315411252,114.74077346937295,3221.4066091256927,1289.9953088154382,0,sindy_mpc_dense,14,2022,66.6
5760,-1.0811114752888948,9.209756129077956,10.290867604366852,4.9290820577329,5.070055585374629,0.2917299612593226,374146.342743792,54.76757841925445,0.972433204197742,16.900185284582097,75.60763888888889,1405,1306.025866508484,64.70486111111111,2033,1507077.978515625,42.89930555555556,3289,7730.287609100342,6727,1685.1562588353693,33.53217932241611,3755.596729214076,1685.6866496598277,0,sindy_mpc_dense,14,2023,66.5
5760,3.988781463107884,16.457423245794644,12.46864178268676,5.060746456175378,2.2663960388880517,5.141499287623331,668582.8193604074,56.23051617972643,17.138330958744437,7.554653462960172,65.78125,1971,2201.8352003097534,100.0,0,0.0,65.08680555555556,2011,3869.6809577941895,3982,1730.1697288824002,590.9769297440216,1678.8118807774972,1623.9647504182792,0,sindy_mpc_conf_dagger,14,2020,75.0
5760,-3.139875307381094,8.09034555493348,11.230220862314576,7.175982760951699,1.735303605278936,2.318934496083938,328670.28816917265,79.73314178835221,7.729781653613127,5.784345350929787,68.31597222222221,1825,1757.468650817871,100.0,0,0.0,57.53472222222222,2446,4035.0722732543945,4271,2453.3274404912013,266.5441949162021,1285.4100780238907,1453.986954551698,0,sindy_mpc_conf_dagger,14,2021,67.1
5760,2.1617060212913373,15.223482897561087,13.061776876269748,6.016226951773977,2.096390976031402,4.949158948464369,618453.9927134191,66.84696613082197,16.49719649488123,6.987969920104673,76.71875,1341,1201.6187896728516,100.0,0,0.0,61.12847222222222,2239,3839.2565422058105,3580,2056.8297266875315,568.8688445481771,1552.8822047154806,1431.06339696231,0,sindy_mpc_conf_dagger,14,2022,76.0
5760,2.3477072649421595,12.636678699393675,10.288971434451517,5.768058279352385,2.2466709475345787,2.2742422075645528,513365.0721628681,64.08953643724873,7.580807358548509,7.488903158448596,77.15277777777779,1316,1177.474648475647,100.0,0,0.0,50.41666666666666,2856,4113.041496276856,4172,1971.9857356702191,261.4071502377247,1664.20070203439,1828.067923979024,0,sindy_mpc_conf_dagger,14,2023,74.0
5760,4.999545909184041,13.128740761684265,8.129194852500222,5.036522730796627,2.941053942714479,0.1516181789891145,533355.0934434232,55.961363675518086,0.505393929963715,9.803513142381597,64.49652777777779,2045,2345.839854240417,96.77083333333331,186,53689.73779296875,62.083333333333336,2184,4954.99532699585,4415,1721.888112587234,17.427376930281,2178.5584765933104,1479.6080857537174,0,sindy_mpc_dense_dagger,14,2020,62.6
5760,-2.248294058536674,6.751835478584443,9.000129537121117,6.254543619169134,1.9900709932652847,0.7555149246866975,274293.316317493,69.49492910187926,2.518383082288992,6.633569977550951,68.15972222222221,1834,1892.6805839538572,98.125,108,43910.04588317871,64.58333333333334,2040,4650.946083068848,3982,2138.305509930731,86.84079591507688,1474.1266612693328,1266.31271006075,0,sindy_mpc_dense_dagger,14,2021,61.3
5760,0.9396896561545054,10.863745843797243,9.924056187642735,6.029674162962047,2.538312848035736,1.3560691766449535,441339.674904263,66.99637958846719,4.520230588816512,8.461042826785787,76.30208333333334,1365,1262.4638891220093,98.19444444444444,104,32994.563232421875,64.54861111111111,2042,4473.0891036987305,3511,2061.427063667603,155.8700200166124,1880.2317393168005,1284.545926789825,0,sindy_mpc_dense_dagger,14,2022,63.1
5760,0.2832731737836338,8.207842945998024,7.924569772214392,5.280936751979442,2.5567033247380992,0.0869296954968497,333443.6196811698,58.6770750219938,0.2897656516561657,8.522344415793665,77.06597222222223,1321,1331.4855976104736,99.35763888888889,37,12203.141723632812,45.989583333333336,3111,7826.197822570801,4469,1805.448461609428,9.991919027020003,1893.854314460912,1700.9557070430812,0,sindy_mpc_dense_dagger,14,2023,62.5
5760,4.311393465473031,15.497471091252356,11.186077625779326,4.759202902162997,5.296881770328037,1.1299929532882922,629584.763082127,52.88003224625552,3.766643177627641,17.656272567760123,66.77083333333333,1914,1499.026249885559,54.28819444444445,2633,2570328.770385742,52.41319444444444,2741,5116.069690704346,7288,1627.0779153845638,129.88424784175567,3923.616125825059,1216.0261380650554,0,sindy_mpc_dense,15,2020,63.7
5760,-2.373121951174848,9.562023865840017,11.935145817014863,6.307069649794526,4.492667002299531,1.1354091649208076,388457.2195497507,70.07855166438362,3.784697216402692,14.975556674331772,73.05555555555556,1552,952.461802482605,51.12847222222222,2815,2937154.9687957764,44.201388888888886,3214,5211.6429443359375,7581,2156.2631265321565,130.5068006879717,3327.9014832398243,1037.8261405592332,0,sindy_mpc_dense,15,2021,62.9
5760,1.4838389122778528,12.729005746719595,11.245166834441743,5.790803784269931,4.583018233521023,0.8713448166507894,517115.85846048367,64.3422642696659,2.9044827221692984,15.276727445070078,72.77777777777777,1568,1150.9190864562988,69.34027777777779,1766,1610384.4217529297,64.79166666666667,2028,3289.9574127197266,5362,1979.7619778214216,100.1545767816943,3394.8283220142894,1100.7837778859673,0,sindy_mpc_dense,15,2022,63.4
5760,-0.6948734551181934,11.05820755694168,11.753081012059877,5.265566694048332,5.78042496986953,0.7070893481420135,449239.6820007558,58.50629660053703,2.356964493806712,19.268083232898437,66.94444444444444,1904,1901.2672786712649,64.63541666666667,2037,1776755.2092285156,46.75347222222222,3067,4591.971057891846,7008,1800.1937407624623,81.27463772136262,4281.796273786733,1477.6184865200537,0,sindy_mpc_dense,15,2023,64.2
5760,5.770199436371271,13.09002098036414,7.31982154399287,5.112570248321176,2.207189134060952,6.216161074116825e-05,531782.1023272933,56.80633609245752,0.0002072053691372,7.357297113536507,54.84375,2601,2654.032340049744,100.0,0,0.0,70.13888888888889,1720,3226.4553260803223,4321,1747.8872649342838,0.0071450128753715,1634.9549135073116,1436.76528590283,0,sindy_mpc_conf_dagger,15,2020,67.8
5760,-1.18571614480623,7.71247628303375,8.898192427839978,7.066912201757747,1.7938531387000056,0.0374270873822271,313319.3489982461,78.52124668619719,0.1247569579407572,5.979510462333352,61.19791666666666,2235,1913.0414361953733,99.30555555555556,40,36219.97998046875,62.76041666666666,2145,3253.1211013793945,4420,2416.038359098025,4.301964069651043,1328.7801023664838,1261.3293815799552,0,sindy_mpc_conf_dagger,15,2021,66.6
5760,0.7398195388104809,9.119187588596082,8.379368049785601,6.332993471625867,2.041735730158969,0.0046388480007648,370466.9957867158,70.3665941291763,0.0154628266692161,6.805785767196563,69.56597222222223,1753,1473.8958902359009,100.0,0,0.0,71.71875,1629,2343.427101135254,3382,2165.125973768245,0.5332009162589946,1512.3968367689818,1262.8494459673764,0,sindy_mpc_conf_dagger,15,2022,67.5
5760,4.773207610578419,12.555647484076443,7.782439873498024,5.4606625991275575,2.3217772743704685,0.0,510073.1790406056,60.674028879195085,0.0,7.739257581234895,66.04166666666667,1956,1599.362741470337,100.0,0,0.0,59.21875,2349,3437.138301849365,4305,1866.8931964058245,0.0,1719.8350179221202,1692.3285963237226,0,sindy_mpc_conf_dagger,15,2023,73.5
5760,4.61908378979382,12.677301899435829,8.05821810964201,4.994178342482652,2.963480874047736,0.1005588931116213,515015.3896645806,55.49087047202946,0.3351963103720711,9.87826958015912,65.36458333333334,1995,2421.6955556869507,94.60069444444444,311,63024.166259765625,62.29166666666666,2172,4918.167545318604,4478,1707.411400055737,11.558493578073168,2195.1710181644708,1497.8641540645558,0,sindy_mpc_dense_dagger,15,2020,61.3
5760,-2.149220990560309,6.859160472632496,9.008381463192803,6.302466688822471,2.003652047820945,0.7022627265493897,278653.39420069515,70.02740765358301,2.3408757551646326,6.678840159403151,68.07291666666667,1839,2004.7636184692385,97.39583333333334,150,22043.95039367676,63.71527777777778,2090,4865.054626464844,4079,2154.6894660595863,80.71985352823575,1484.1867016737706,1280.6327204360923,0,sindy_mpc_dense_dagger,15,2021,60.1
5760,0.5624416191730237,10.55613738192759,9.993695762754566,5.972738235766725,2.852756648132975,1.1682008788548657,428843.0811408084,66.36375817518584,3.894002929516219,9.509188827109918,75.46875,1413,1485.049651145935,90.29513888888889,559,134106.75451660156,63.33333333333333,2112,4937.545425415039,4084,2041.961790730713,134.27596303964043,2113.153072640245,1295.9876017972863,0,sindy_mpc_dense_dagger,15,2022,60.2
5760,-0.2360295579384629,7.912645343812683,8.148674901751146,5.19955627315365,2.8735307477354697,0.0755878808620255,321451.21709239023,57.772847479485,0.2519596028734185,9.5784358257849,77.13541666666667,1317,1398.339708328247,90.88541666666666,525,109626.90014648438,45.0,3168,8585.391731262207,5010,1777.6260757714251,8.688262220535382,2128.541295178071,1726.5819210418824,0,sindy_mpc_dense_dagger,15,2023,60.4
5760,4.078953862491666,12.39439098501719,8.315437122525525,4.56729977722506,3.689449946052536,0.0586873992479285,503522.1337663233,50.74777530250066,0.1956246641597617,12.298166486841788,60.50347222222222,2275,2921.808578491211,87.91666666666667,696,236391.08337402344,65.06944444444444,2012,5054.192516326904,4983,1561.470009076765,6.745678076807965,2732.925886824739,1574.6801442337796,0,sindy_mpc_dense,16,2020,65.6
5760,-2.5305195366135744,6.8469210154076245,9.3774405520212,6.033408917637285,2.613235850126951,0.7307957842569623,278156.1662509348,67.03787686263651,2.435985947523208,8.710786167089838,65.81597222222221,1969,2259.678484916687,89.60069444444444,599,175583.51364135742,63.61111111111111,2096,6667.44709777832,4664,2062.703904052574,83.99951547096245,1935.7302600753887,1317.4594539907262,0,sindy_mpc_dense,16,2021,64.1
5760,0.6953284225217664,10.022488091898849,9.327159669377082,5.483284272251669,2.962027349507456,0.881848047617957,407163.57873339066,60.92538080279632,2.9394934920598565,9.873424498358188,72.51736111111111,1583,1997.86123085022,92.08333333333331,456,133544.2772216797,61.47569444444444,2219,7723.439998626709,4258,1874.627101945052,101.36184461290674,2194.094332673053,1313.041196109359,0,sindy_mpc_dense,16,2022,64.8
5760,-0.185063399403643,8.326182199746306,8.511245599149952,4.753756840333547,3.7018070788225454,0.0556816799938581,338251.15186469373,52.81952044815052,0.185605599979527,12.339356929408485,74.96527777777777,1442,1632.829689025879,82.88194444444444,986,357720.22009277344,43.68055555555556,3244,11174.279781341553,5672,1625.2160131566957,6.400193057105573,2742.0793174205787,1756.0464153350572,0,sindy_mpc_dense,16,2023,64.7
5760,5.798448077713479,12.64538686316958,6.8469387854561,4.697798991674894,2.149090435054262,4.935872694477439e-05,513718.8413162641,52.19776657416549,0.0001645290898159,7.163634783514207,49.6875,2898,3571.0111541748047,100.0,0,0.0,66.73611111111111,1916,3475.1846084594727,4814,1606.0851253154317,0.0056734171229262,1591.9188414184491,1453.063851763481,0,sindy_mpc_conf_dagger,16,2020,76.7
5760,-1.4453249105737485,7.239576569308499,8.684901479882246,6.83446026924384,1.817898542790628,0.0325426678477786,294107.79812815774,75.93844743604267,0.1084755594925955,6.059661809302093,55.677083333333336,2553,2606.571834564209,99.35763888888889,37,29707.32983398437,58.22916666666666,2406,4273.53377532959,4996,2336.567614087313,3.740536537378413,1346.5915129914138,1311.8224894835726,0,sindy_mpc_conf_dagger,16,2021,73.4
5760,6.471206957688119,14.415299131623708,7.944092173935592,5.763395188936528,2.180696984999063,0.0,585621.5272222132,64.03772432151698,0.0,7.268989949996877,62.39583333333333,2166,2305.345510482788,100.0,0,0.0,66.42361111111111,1934,3445.886947631836,4100,1970.3915180595184,0.0,1615.3310982394112,1230.8952855224004,0,sindy_mpc_conf_dagger,16,2022,82.8
5760,0.4088794423553327,7.898063856925482,7.4891844145701505,5.145973393690117,2.340066255613258,0.003144765266776,320858.84418759774,57.17748215211241,0.0104825508892536,7.800220852044193,54.13194444444444,2642,2798.726574897766,100.0,0,0.0,52.482638888888886,2737,5102.377262115479,5379,1759.3071444738723,0.3614672679244959,1733.3824115296657,1657.3293778420652,0,sindy_mpc_conf_dagger,16,2023,74.8
5760,4.127221950563058,11.327454194449448,7.20023224388639,4.672131505893747,2.4431844251145494,0.0849163128780949,460177.8266495088,51.9125722877083,0.2830543762603163,8.143948083715165,64.42708333333333,2049,2362.537064552307,97.08333333333331,168,37839.47155761719,67.22222222222223,1888,3505.42204284668,4105,1597.3099175385305,9.76049570659314,1809.766240424164,1526.077680631034,0,sindy_mpc_dense_dagger,16,2020,64.6
5760,-2.2728755855689915,6.028872943932721,8.301748529501713,6.03886079642132,1.594696096620844,0.668191636459549,244922.96334726684,67.09845329357022,2.227305454865164,5.315653655402814,68.14236111111111,1835,1877.504981994629,98.83680555555556,67,10281.032608032228,64.75694444444444,2030,4627.554885864258,3932,2064.567792878074,76.80363656803203,1181.2563680277635,1279.357691051242,0,sindy_mpc_dense_dagger,16,2021,63.6
5760,-9.439524418874969e-05,9.034016942850712,9.034111338094904,5.632211518607838,2.14848835149877,1.253411467988293,367006.9383033103,62.580127984531536,4.178038226627644,7.161627838329234,71.75347222222223,1627,1902.005780220032,98.8715277777778,65,7511.940765380859,63.87152777777778,2081,4994.233131408691,3773,1925.542398968225,144.07028382565562,1591.4728529148265,1317.968641456142,0,sindy_mpc_dense_dagger,16,2022,65.2
5760,0.0171142232727004,7.105457861150756,7.088343637878054,4.9952393224846565,2.0148941146526784,0.0782102007407198,288659.22560924944,55.50265913871841,0.2607006691357327,6.716313715508928,77.1875,1314,1367.466533660889,98.90625,63,11588.194458007812,45.03472222222222,3166,8733.884559631348,4543,1707.7741278873948,8.989678166831952,1492.5141590440155,1741.126850100561,0,sindy_mpc_dense_dagger,16,2023,65.0
5760,2.420653056578698,13.827413644884109,11.406760588305412,4.958562545047478,5.815422150614825,0.6327758926431089,561738.6793234169,55.09513938941642,2.109252975477029,19.384740502049414,69.6875,1746,1111.714334487915,51.78819444444444,2777,2944963.795654297,52.951388888888886,2710,5647.894687652588,7233,1695.2350579981714,72.73286128142887,4307.720111128859,1281.3593480092825,0,sindy_mpc_dense,17,2020,62.5
5760,-1.6790813548265184,11.448293716687392,13.127375071513914,6.78017929898104,5.219362117365103,1.1278336551677697,465086.9322404254,75.33532554423378,3.759445517225899,17.397873724550344,79.58333333333333,1176,651.8376216888428,49.114583333333336,2931,2994924.260498047,43.92361111111111,3230,6198.55770111084,7337,2318.010017745552,129.63605216075393,3866.194160933168,1101.984441939372,0,sindy_mpc_dense,17,2021,61.2
5218,-0.0755174592875754,11.794891254568618,11.870408713856197,6.025929926050852,4.369033570216761,1.4754452175885815,479167.4572168501,66.95477695612058,4.9181507252952725,14.56344523405587,79.53238788807973,1068,615.027060508728,57.37830586431583,2224,1819045.726928711,57.799923342276735,2202,4261.520748138428,5494,2060.146981973692,169.59140427188072,3236.321162819489,976.4902544743808,0,sindy_mpc_dense,17,2022,57.4
5599,-0.9403899806511036,10.76573122541874,11.706121206069843,5.356425472622876,6.1265590633601406,0.2231366700868277,437357.83103263634,59.51583858469862,0.7437889002894257,20.421863544533803,76.96017145918914,1290,719.3876352310181,58.43900696552956,2327,1936669.6297607424,46.6869083764958,2985,5344.387245178223,6602,1831.2565705381,25.647893177067907,4538.191899008752,1464.0836686579703,0,sindy_mpc_dense,17,2023,60.1
5760,-8.190879920617872,19.2748009788476,27.465680899465475,5.620478977573706,2.737383727465316,19.107818194426454,783038.7897656839,62.44976641748562,63.69272731475485,9.124612424884386,80.43402777777777,1127,736.7456731796265,100.0,0,0.0,41.82291666666666,3351,7530.846446990967,4478,1921.531274158248,2196.300941711203,2027.6916492017856,1929.3119755489925,0,sindy_mpc_conf_dagger,17,2020,69.2
5760,-17.85715457174635,18.05191810475841,35.90907267650476,7.408114877831923,2.36997213337542,26.13098566529742,733359.1730058105,82.31238753146582,87.1032855509914,7.899907111251401,87.5,720,567.3576436042786,100.0,0,0.0,34.322916666666664,3783,7846.53719329834,4503,2532.6888477484263,3003.561569730239,1755.5349137003773,1817.5521576618128,0,sindy_mpc_conf_dagger,17,2021,67.5
5760,-9.974769316040945,21.046891112605277,31.021660428646214,6.220302971608877,2.574374406217202,22.226983050820134,855029.9514495893,69.11447746232086,74.0899435027338,8.581248020724006,83.92361111111111,926,633.3389663696289,100.0,0,0.0,47.91666666666667,3000,4988.230945587158,3926,2126.599306284093,2554.825638213654,1906.9440059434764,1687.4977732345033,0,sindy_mpc_conf_dagger,17,2022,75.5
5760,-9.385585359897956,15.221752098952956,24.607337458850907,6.091216985338123,2.6286269797494564,15.88749349376333,618383.6790199637,67.68018872597915,52.95831164587777,8.762089932498188,86.92708333333333,753,509.87542819976807,100.0,0,0.0,43.09027777777778,3278,7062.334011077881,4031,2082.467344819706,1826.148677215756,1947.1310960960009,2016.5647187920529,0,sindy_mpc_conf_dagger,17,2023,67.4
5760,1.6528615714381416,10.068406531464166,8.415544960026025,5.1926996471894125,3.0609674508760376,0.1618778619605757,409029.0153407318,57.69666274654903,0.5395928732019193,10.20322483625346,67.69097222222223,1861,1873.3279037475584,94.42708333333331,321,159511.68786621094,63.107638888888886,2125,4210.751953125,4307,1775.2819304866575,18.606650807874317,2267.383296171079,1418.274309657636,0,sindy_mpc_dense_dagger,17,2020,59.9
5760,-0.7476978556601583,9.516459193392244,10.2641570490524,7.163948340027627,2.390537632059109,0.7096710769656656,386606.1547315599,79.59942600030696,2.3655702565522185,7.968458773530364,71.94444444444444,1616,1392.1739835739136,97.43055555555556,148,52311.40246582031,56.97916666666667,2478,4501.999725341797,4242,2449.213108590719,81.57138824076864,1770.7686160751089,1266.344924070116,0,sindy_mpc_dense_dagger,17,2021,60.1
5760,0.5190467254093796,10.765168219629114,10.246121494219736,6.354384850241839,2.9617073858519687,0.9300292581259272,437334.9589224328,70.60427611379822,3.100097527086424,9.872357952839897,77.15277777777779,1316,1116.4150648117063,94.80902777777776,299,148721.93493652344,58.020833333333336,2418,4195.447937011719,4033,2172.4392637208657,106.89991465571362,2193.857321331448,1272.2246276548117,0,sindy_mpc_dense_dagger,17,2022,61.0
5760,0.1926215963922435,9.034440820934009,8.841819224541766,5.725892938447293,3.004068333203417,0.1118579528910544,367024.1583504441,63.62103264941437,0.3728598429701814,10.013561110678058,79.73958333333333,1167,979.1690893173218,97.27430555555556,157,60154.32995605469,49.114583333333336,2931,5537.474990844727,4255,1957.5702342925276,12.857235940195256,2225.2358021085447,1653.062556916543,0,sindy_mpc_dense_dagger,17,2023,58.0
3681,0.4110630823028043,7.92989009466344,7.518827012360636,3.5637522375942368,3.4014872042461795,0.5535875705202206,322151.7850957023,39.59724708438041,1.8452919017340683,11.3382906808206,70.68731323010051,1079,711.0254716873169,50.14941591958707,1835,1831989.8745117188,53.62673186634067,1707,3028.7573623657227,4621,1218.376832935899,63.63075527023884,2519.620151676003,721.7192762015761,0,sindy_mpc_dense,18,2020,43.9
5760,-3.35653907018372,9.645258997207224,13.001798067390949,6.456135383383623,5.254525500389983,1.2911371836173409,391838.6467615436,71.73483759315137,4.303790612057803,17.515085001299944,78.85416666666667,1218,655.6475219726562,46.857638888888886,3061,2858460.722290039,43.26388888888889,3268,6719.750312805176,7547,2207.225772042725,148.40657282687675,3892.241110456959,1152.1153105512765,0,sindy_mpc_dense,18,2021,63.6
4447,-1.5151005497137535,9.184478252801217,10.69957880251497,5.277660611148074,3.3778535252635726,2.0440646661033224,373119.4290200494,58.640673457200826,6.813548887011075,11.259511750878575,81.06588711490893,842,856.3312854766846,52.57476950753317,2109,1854231.0869140625,57.20710591409939,1903,3956.268630981445,4854,1804.3284132228528,234.9499619934366,2502.1137229868523,726.0390015282148,0,sindy_mpc_dense,18,2022,50.3
5319,-1.3666821972128802,9.520992293844408,10.88767449105729,4.952426144300096,5.681832474330335,0.2534158724268568,386790.31193742907,55.02695715888997,0.8447195747561894,18.93944158110112,74.52528670802782,1355,777.8301115036011,56.909193457416805,2292,1797969.8596191406,45.40327129159616,2904,5442.049449920654,6551,1693.137143243703,29.12826117782229,4208.764794984498,1380.1917106719998,0,sindy_mpc_dense,18,2023,58.0
5760,8.023992601018586,13.524957511736572,5.500964910717987,5.279136260907343,0.0,0.2218286498106443,549451.3989142983,58.65706956563715,0.7394288327021477,0.0,68.38541666666667,1821,1473.097360610962,99.96527777777776,2,19.207183837890625,63.00347222222222,2131,4466.419799804688,3954,1804.832909770222,25.497545932746,0.0,1513.243043654934,0,sindy_mpc_conf_dagger,18,2020,75.0
5760,2.283319760799159,10.026206074531537,7.742886313732377,7.126013321482441,0.0,0.6168729922499361,407314.6217778437,79.17792579424935,2.0562433074997872,0.0,75.90277777777777,1388,899.3519115447998,98.21180555555556,103,10594.692596435549,57.84722222222223,2428,5064.272911071777,3919,2436.2438714547434,70.90494178341768,0.0,1318.229293955224,0,sindy_mpc_conf_dagger,18,2021,73.2
5760,5.108145040772756,12.20017779948688,7.092032758714127,6.366450530959254,0.0,0.7255822277548732,495632.2231041546,70.7383392328806,2.4186074258495776,0.0,82.22222222222221,1024,658.4180240631104,98.50694444444444,86,8048.365509033203,60.78125,2259,4193.361228942871,3369,2176.564283077748,83.40025594708914,0.0,1334.7013107916384,0,sindy_mpc_conf_dagger,18,2022,75.2
5760,4.554008834089922,10.408070749526027,5.854061915436104,5.724762089354342,0.0,0.1292998260817621,422827.8741994949,63.60846765949269,0.4309994202725405,0.0,80.52083333333333,1122,739.2613334655762,100.0,0,0.0,50.38194444444445,2858,5673.493732452393,3980,1957.183620638585,14.862049024021214,0.0,1751.4670749602983,0,sindy_mpc_conf_dagger,18,2023,74.6
3687,-1.3388111251765245,4.568485477845314,5.907296603021838,3.5386432181674694,2.223079756372469,0.1455736284819002,185594.7225374659,39.31825797963855,0.4852454282730007,7.410265854574897,64.9850827230811,1291,1211.6565284729004,84.2690534309737,580,227910.70166015625,66.09709791158123,1250,2704.4601097106934,3121,1209.7925531153633,16.73260096423192,1646.7257456400391,730.911324702723,0,sindy_mpc_dense_dagger,18,2020,40.8
5760,-3.2199497673686714,7.741665668326913,10.961615435695585,6.676437355686484,3.654487959922619,0.6306901200864827,314505.1677757809,74.18263728540538,2.102300400288276,12.1816265330754,74.11458333333333,1491,1107.0590753555298,84.39236111111111,899,324168.90783691406,55.06944444444445,2588,5316.325782775879,4978,2282.542685406075,72.49311723401728,2707.028118127907,1211.8381038811403,0,sindy_mpc_dense_dagger,18,2021,63.4
4459,-1.8615007956068943,6.533955907546676,8.39545670315357,5.203837023912548,2.432976561434808,0.7586431178062144,265441.9587440837,57.8204113768061,2.5288103926873813,8.109921871449359,74.27674366449877,1147,881.0584526062012,84.32383942588024,699,334034.0029296875,59.946176272706886,1786,3453.6630859375,3632,1779.089580899254,87.20035843923996,1802.2048580996257,739.0575582283059,0,sindy_mpc_dense_dagger,18,2022,49.8
5319,-2.2012738414114086,6.763118833252279,8.964392674663689,4.966711142333184,3.9153802697215103,0.0823012626089952,274751.7026008739,55.1856793592576,0.2743375420299841,13.051267565738367,78.41699567587892,1148,866.0567035675049,86.61402519270538,712,233610.4068603516,48.29855235946607,2750,6102.280563354492,4610,1698.020902727529,9.459915215100528,2900.281681680373,1394.5708666555893,0,sindy_mpc_dense_dagger,18,2023,58.8
5760,5.164497218387218,16.883662355813126,11.719165137425907,4.841449294845676,5.876343096246413,1.001372746333819,685898.7832049082,53.79388105384084,3.3379091544460624,19.587810320821376,65.01736111111111,2015,1663.61039352417,56.28472222222223,2518,3204848.340942383,58.00347222222222,2419,4966.186374664307,6952,1655.196339040566,115.10031563306376,4352.846738572351,1436.9191353370766,0,sindy_mpc_dense,19,2020,61.9
5760,-1.0294312640523575,13.242634171447463,14.27206543549982,6.752121614808631,5.64240847855527,1.877535342135921,537982.0132150532,75.02357349787367,6.258451140453071,18.8080282618509,75.19097222222221,1429,905.0734033584596,49.75694444444444,2894,4179971.574951172,47.67361111111112,3014,5510.2662353515625,7337,2308.417647253625,215.80865985064656,4179.561836234938,1289.706328858802,0,sindy_mpc_dense,19,2021,63.0
5760,2.2099093838156048,16.00029368273773,13.790384298922124,5.965230674768145,4.918987703897473,2.9061659202565044,650011.9308612202,66.28034083075717,9.687219734188348,16.396625679658246,80.92013888888889,1099,822.7726526260376,60.72916666666666,2262,3275478.948486328,60.65972222222222,2266,4660.655899047852,5627,2039.3951026539944,334.0420599302801,3643.694595251986,1281.0612366264934,0,sindy_mpc_dense,19,2022,63.1
5760,0.8868259986398164,13.071164606664116,12.1843386080243,5.564092428201775,6.204106994996586,0.416139184825941,531016.0621457298,61.823249202241946,1.3871306160864705,20.68035664998862,72.30902777777779,1595,1090.361828804016,65.57291666666667,1983,1914139.072265625,53.31597222222222,2689,4095.431941986084,6267,1902.253821841164,47.83209028116418,4595.634810265401,1682.2257071487686,0,sindy_mpc_dense,19,2023,61.4
5760,5.367576494444511,12.91987320090456,7.5522967064600515,5.15252848031057,2.0512997146556136,0.3484685114938682,524869.8487867479,57.25031644789523,1.161561704979561,6.837665715518712,63.00347222222222,2131,1865.9983654022217,100.0,0,0.0,65.05208333333333,2013,4083.974159240722,4144,1761.5481990002816,40.05385177017026,1519.4812707522728,1378.6102021973795,0,sindy_mpc_conf_dagger,19,2020,65.6
5760,0.4554987761399998,9.866628268440884,9.411129492300883,7.037632690215537,1.6703051960266175,0.7031916060587288,400831.7734054109,78.19591878017263,2.343972020195763,5.567683986755392,70.12152777777779,1721,1265.4024839401245,100.0,0,0.0,57.86458333333333,2427,4322.090599060059,4148,2406.0282700705143,80.82662148228731,1237.2631085587063,1241.6847898629385,0,sindy_mpc_conf_dagger,19,2021,63.7
5760,6.075277649268742,14.96162174148697,8.886344092218229,5.979879595119309,2.0234674773694223,0.8829970197294978,607815.8832479082,66.44310661243676,2.9433233990983263,6.744891591231408,72.88194444444444,1562,1150.7892150878906,100.0,0,0.0,66.40625,1935,3288.878234863281,3497,2044.4032802658248,101.49391064539566,1498.8647978807762,1205.180678381047,0,sindy_mpc_conf_dagger,19,2022,73.3
5760,2.2869310154428844,10.008521739778867,7.721590724335984,5.50368726039515,2.022732129357755,0.1951713345830789,406596.1956785165,61.15208067105723,0.6505711152769298,6.7424404311925175,70.55555555555556,1696,1214.27303981781,100.0,0,0.0,53.50694444444445,2678,4755.849845886231,4374,1881.6024819370853,22.433486632484133,1498.3200957718286,1582.7728650137417,0,sindy_mpc_conf_dagger,19,2023,66.1
3687,0.79043005782817,8.367435067458048,7.577005009629878,3.613002424089768,3.780339577747016,0.1836630077930944,339927.0496154832,40.1444713787752,0.6122100259769815,12.601131925823388,64.71385950637375,1301,1190.469910621643,39.408733387577975,2234,2405096.28503418,71.22321670735015,1061,2152.417491912842,4596,1235.2145036924771,21.110690507875468,2800.2515383195405,726.8528701973053,0,sindy_mpc_dense_dagger,19,2020,40.3
5760,-4.593648511016589,8.919445664826203,13.513094175842792,6.513563464918958,5.945837228174399,1.053693482749434,362352.4801335645,72.37292738798843,3.51231160916478,19.819457427248,74.73958333333334,1455,1125.1870670318604,36.99652777777778,3629,4941416.65612793,66.09375,1953,3792.2453002929688,7037,2226.859303723284,121.1141934379689,4404.323872072484,1150.7442381196431,0,sindy_mpc_dense_dagger,19,2021,61.8
4459,-2.5916377428862574,9.010673267421936,11.602311010308194,5.080359067605232,4.463965011267682,2.05798693143528,366058.60148901615,56.44843408450258,6.8599564381176,14.879883370892273,74.97196680870151,1116,785.3864068984985,37.54204978694774,2785,7475744.260620117,70.12783135232115,1332,2096.1676864624023,5233,1736.8748941798062,236.55022190421852,3306.6407481270435,716.5054289366916,0,sindy_mpc_dense_dagger,19,2022,48.9
5319,-1.9231655376099763,8.997218644061633,10.92038418167161,5.046790988960527,5.727350037295815,0.1462431554152699,365512.0074150039,56.07545543289474,0.4874771847175663,19.09116679098605,78.66140251927054,1135,872.1473159790039,38.24027072758037,3285,2195210.696533203,50.4982139499906,2633,5192.505966186523,7053,1725.3986284796931,16.809558054117787,4242.48150934565,1415.4745938312285,0,sindy_mpc_dense_dagger,19,2023,55.8
5760,4.650170023179774,15.358347260560588,10.708177237380813,4.925163412844771,5.412138847314585,0.3708749772214593,623932.8574602739,54.72403792049746,1.2362499240715312,18.04046282438195,61.51041666666666,2217,1922.9049997329712,65.0,2016,2556081.3580322266,62.27430555555556,2173,4359.6335105896,6406,1683.8165519408783,42.62930775767119,4008.991737690328,1422.4514591385337,0,sindy_mpc_dense,2,2020,62.0
5760,-0.6566750721946466,12.396974849942026,13.053649922136673,6.821913494595644,5.275996676249618,0.95573975129141,503627.1032788948,75.7990388288405,3.185799170971367,17.58665558749873,69.11458333333333,1779,1206.9025945663452,56.19791666666667,2523,3617159.544067383,53.42013888888889,2683,4383.683738708496,6985,2332.278117575189,109.8551438956764,3908.145686613495,1242.5804220449368,0,sindy_mpc_dense,2,2021,61.2
5760,2.450900957350446,14.574501910576169,12.123600953225722,6.0882139999184215,4.73619700488085,1.2991899484264495,592089.1401171568,67.6468222213158,4.330633161421499,15.787323349602834,73.48958333333333,1527,1148.8829317092896,65.95486111111111,1961,2352475.673828125,66.875,1908,3321.3724060058594,5396,2081.440684463088,149.33217765315314,3508.2940764834,1258.5029981177563,0,sindy_mpc_dense,2,2022,61.3
5760,0.8569855192821798,12.221416421930147,11.364430902647968,5.465019800314352,5.67641411193896,0.2229969903946582,496495.04214091226,60.72244222571502,0.7433233013155274,18.921380373129868,68.33333333333333,1824,1261.425157546997,71.63194444444444,1634,1533735.3992919922,54.14930555555556,2641,4163.067596435547,6099,1868.3828384418127,25.63183787449227,4204.751194424889,1641.2708858791038,0,sindy_mpc_dense,2,2023,61.4
5760,4.890671052914774,13.343972765799409,8.453301712884635,5.308358981810821,2.231944623157875,0.9129981079159376,542098.893610601,58.981766464564686,3.0433270263864585,7.439815410526251,68.81944444444444,1796,1422.7056875228882,100.0,0,0.0,62.44791666666667,2163,4427.848476409912,3959,1814.8235844761352,104.94231106467537,1653.2923144080328,1388.9829184013402,0,sindy_mpc_conf_dagger,2,2020,63.9
5760,-1.7587498846001606,7.828059039009504,9.586808923609668,7.115787958292517,1.7605059049035516,0.7105150604135952,318014.8984597611,79.06431064769464,2.368383534711984,5.868353016345172,74.87847222222223,1447,923.65922832489,100.0,0,0.0,58.87152777777778,2369,4357.131248474121,3816,2432.7480185880986,81.66839760485956,1304.0784479178565,1220.6945203875262,0,sindy_mpc_conf_dagger,2,2021,62.9
5760,5.724609258386231,15.25368052145694,9.52907126307071,6.151029497914364,2.1775624734931966,1.2004792916631497,619680.7711841882,68.34477219904849,4.001597638877165,7.258541578310655,82.84722222222223,988,628.830943107605,100.0,0,0.0,63.14236111111112,2123,3663.5616874694815,3111,2102.916067987564,137.9861259194302,1613.009239758544,1256.8022419195825,0,sindy_mpc_conf_dagger,2,2022,71.2
5760,4.284734513220048,12.602252780639102,8.317518267419054,5.5440299637512345,2.305901556541069,0.4675867471267498,511966.5192134635,61.60033293056927,1.5586224904224997,7.686338521803564,81.07638888888889,1090,688.673975944519,100.0,0,0.0,50.74652777777777,2837,5325.918426513672,3927,1895.394860073948,53.74560294705003,1708.0752272085078,1628.506815373136,0,sindy_mpc_conf_dagger,2,2023,70.2
5760,4.006310774633598,14.217111072771354,10.210800298137755,4.993333097773238,5.083200449869047,0.1342667504954706,577570.1373313363,55.48147886414709,0.447555834984902,16.94400149956349,65.12152777777777,2009,1894.2395944595337,67.89930555555556,1849,874269.5734863281,68.94097222222221,1789,3601.0837593078613,5647,1707.1224252393872,15.432959740232173,3765.333666804092,1359.4894015388525,0,sindy_mpc_dense_dagger,2,2020,61.3
5760,-2.954411948626648,9.050582174087875,12.004994122714525,6.672212123931044,4.562548980070436,0.770233018713042,367679.9008223199,74.1356902659005,2.56744339571014,15.208496600234788,71.85763888888889,1621,1320.2372331619265,68.36805555555556,1822,982190.08203125,68.73263888888889,1801,3084.133583068848,5244,2281.0981609256537,88.53253088436266,3379.6659106916413,1191.579788591785,0,sindy_mpc_dense_dagger,2,2021,60.4
5760,0.9890586775707346,12.493405229479729,11.504346551908991,5.946167036377274,4.407313779593956,1.1508657359377634,507544.58744761394,66.06852262641415,3.836219119792545,14.691045931979854,77.10069444444444,1319,1044.6903190612793,77.22222222222223,1312,674411.9865722656,70.22569444444444,1715,2832.668571472168,4346,2032.8776188537176,132.2834177801792,3264.6768729226096,1232.2874053912738,0,sindy_mpc_dense_dagger,2,2022,61.9
5760,-0.3424815860965584,10.547575950347005,10.890057536443562,5.464984153755571,5.341581977310323,0.083491405377669,428495.272982847,60.72204615283968,0.2783046845922302,17.805273257701078,78.61111111111111,1232,986.3244524002076,72.77777777777777,1568,608436.2589111328,53.90625,2655,4740.701919555664,5455,1868.370650802769,9.59671331832246,3956.727390159918,1604.6100272065323,0,sindy_mpc_dense_dagger,2,2023,60.6
5760,5.169192663354576,13.693770543949109,8.524577880594533,4.755700956134135,3.698421562521654,0.0704553619387444,556309.4283479325,52.84112173482372,0.2348512064624814,12.32807187507218,54.72222222222223,2608,3250.835428237915,95.55555555555556,256,67131.19580078125,70.10416666666667,1722,3099.617774963379,4586,1625.8806692038302,8.098317493277827,2739.571528050566,1482.5000169044638,0,sindy_mpc_dense,3,2020,65.0
5760,-2.514394373323245,7.5816238579671,10.096018231290344,6.324920967949064,3.1758505186666675,0.5952467446746126,308003.46922991343,70.2768996438785,1.984155815582042,10.58616839555556,58.99305555555555,2362,2553.403898239136,90.53819444444444,545,213401.71907043457,71.51041666666667,1641,2726.912811279297,4548,2162.366143484377,68.41916609787413,2352.481865620268,1304.928849344032,0,sindy_mpc_dense,3,2021,63.7
5760,1.69520640205781,11.2248288830905,9.529622481032687,5.714915029215631,3.2155864598112203,0.5991209920058377,456008.67337555153,63.499055880173685,1.9970699733527923,10.718621532704068,66.19791666666667,1947,1858.0218076705933,93.4027777777778,380,145717.02587890625,76.38888888888889,1360,2200.0293159484863,3687,1953.817103536884,68.86448206489017,2381.915895519696,1278.0185126620468,0,sindy_mpc_dense,3,2022,64.8
5760,0.425913699355267,9.534885860016232,9.108972160660963,5.231267705545879,3.815491145842836,0.0622133092722497,387354.73806315946,58.12519672828754,0.2073776975741658,12.71830381947612,65.36458333333334,1995,2029.086389541626,94.82638888888889,298,77808.35827636719,59.28819444444444,2345,3624.667369842529,4638,1788.467592242406,7.150955118487616,2826.289738862128,1705.5026805866653,0,sindy_mpc_dense,3,2023,65.8
5760,7.759830045459956,13.66807683143731,5.908246785977353,5.0046134860261535,0.0,0.9036332999511985,555265.6212771407,55.60681651140171,3.0121109998373283,0.0,56.96180555555556,2479,2431.668691635132,100.0,0,0.0,63.19444444444444,2120,4448.876049041748,4599,1710.9789700148867,103.86589646132664,0.0,1558.5665981151496,0,sindy_mpc_conf_dagger,3,2020,78.2
5760,-1.3491928788388283,6.3932124509143,7.742405329753128,6.968908999833943,0.0094734585949933,0.7640228713241924,259724.25581839343,77.43232222037715,2.546742904413975,0.0315781953166444,65.48611111111111,1988,1535.0726222991943,99.11458333333331,51,12688.31414794922,58.26388888888889,2404,4141.450614929199,4443,2382.532991463835,87.81872091466545,7.017376737297879,1336.0267297193732,0,sindy_mpc_conf_dagger,3,2021,69.5
5760,5.056831066603211,12.588876696235737,7.532045629632524,6.124837388083173,0.0,1.40720824154935,511423.1157845768,68.0537487564797,4.690694138497834,0.0,69.09722222222221,1780,1621.0085144042969,100.0,0,0.0,65.67708333333333,1977,3395.195274353028,3757,2093.9614996182377,161.74807373924563,0.0,1341.096203145241,0,sindy_mpc_conf_dagger,3,2022,78.6
5760,4.728096744394135,10.56797244946991,5.839875705075775,5.41678581033479,0.0,0.4230898947409851,429323.8807597151,60.1865090037199,1.410299649136617,0.0,65.43402777777779,1991,1623.8663539886477,100.0,0,0.0,54.35763888888889,2629,4752.944282531738,4620,1851.89258447544,48.63102228423365,0.0,1760.4830872211633,0,sindy_mpc_conf_dagger,3,2023,80.0
5760,5.067379832483495,12.42274557336814,7.355365740884642,4.8524211970843805,2.330575800873089,0.1723687429271724,504674.0389180806,53.915791078715344,0.5745624764239081,7.768586002910298,65.01736111111111,2015,2258.547097206116,99.86111111111111,8,862.30224609375,59.39236111111112,2339,5334.998428344727,4362,1658.9474174927832,19.812499155902213,1726.3524454053002,1464.681375243896,0,sindy_mpc_dense_dagger,3,2020,64.4
5760,-1.6813758221413448,6.739991954703234,8.42136777684458,6.144177602454952,1.5280730233546596,0.7491171510349677,273812.17315981886,68.26864002727724,2.497057170116559,5.093576744515532,69.23611111111111,1772,1754.8860483169556,99.58333333333331,24,1252.6942291259766,62.15277777777778,2180,5200.649627685547,3976,2100.573540084537,86.10541972634304,1131.9059428952496,1232.6704448368405,0,sindy_mpc_dense_dagger,3,2021,61.4
5760,1.1829921444496492,10.482389482086614,9.299397337636965,5.785309128905786,2.0743687208742885,1.4397194878568895,425847.0727097687,64.28121254339763,4.7990649595229655,6.914562402914295,75.88541666666667,1389,1381.6560316085815,99.87847222222224,7,1215.2369384765625,63.09027777777778,2126,5066.838901519775,3522,1977.883463297636,165.4849988464304,1536.5694225062389,1280.1986882199292,0,sindy_mpc_dense_dagger,3,2022,63.8
5760,0.8176740391588367,7.815644385025968,6.997970345867132,5.04979693568391,1.8366842225555409,0.1114891876276817,317510.55314168,56.10885484093233,0.371630625425606,6.122280741851802,77.23958333333333,1311,1295.2795963287354,99.98263888888889,1,7.1116943359375,43.07291666666666,3279,9085.105381011965,4591,1726.4263035944582,12.814849224114086,1360.5068313305703,1680.997838798132,0,sindy_mpc_dense_dagger,3,2023,63.7
5760,4.482938939584165,15.701665877433827,11.218726937849665,4.764291396891743,5.90185165280207,0.5525838881558506,637880.1762707493,52.93657107657492,1.8419462938528357,19.672838842673567,63.92361111111112,2078,1670.2261290550232,54.39236111111111,2627,3198598.0322265625,59.357638888888886,2341,4730.596240997314,7046,1628.8175727586763,63.51538940510028,4371.741963953436,1389.5766526304544,0,sindy_mpc_dense,4,2020,63.5
5760,-0.6514123240554184,12.487311639942597,13.138723963998014,6.638579271309194,5.552500473851959,0.9476442188368612,507297.035372668,73.76199190343549,3.158814062789537,18.508334912839864,70.83333333333334,1680,982.141318321228,48.87152777777778,2945,3736424.603515625,49.09722222222222,2932,4973.096649169922,7557,2269.599751636001,108.92462298394084,4112.96331285918,1244.3506240458446,0,sindy_mpc_dense,4,2021,62.2
5222,1.5695132666914329,12.800743347680324,11.23123008098889,5.740176535842004,4.5622954112394245,0.9287581339074624,520030.1984995131,63.779739287133374,3.095860446358208,15.207651370798082,74.03293757181156,1356,1003.1435680389404,58.1194944465722,2187,2588968.3552246094,63.0792799693604,1928,3782.917827606201,5471,1962.45351634009,106.75380817534946,3379.478082324312,1061.6750721980914,0,sindy_mpc_dense,4,2022,57.4
5760,0.5132504825259203,12.461459005448043,11.948208522922126,5.405595793067043,6.368903721907759,0.1737090079473249,506246.7720963269,60.062175478522704,0.579030026491083,21.229679073025864,68.42013888888889,1819,1242.542326927185,64.94791666666667,2019,1856099.2634277344,54.13194444444444,2642,4056.58162689209,6480,1848.0669398389505,19.96655272090406,4717.706461599513,1634.5097395131756,0,sindy_mpc_dense,4,2023,62.4
5760,4.334750063288114,10.06340129705663,5.728651233768517,5.348857669879217,5.539733795717462e-05,0.3797381665513423,408825.6776929256,59.43175188754685,1.2657938885044744,0.0001846577931905,64.54861111111111,2042,1788.6186408996582,97.8472222222222,124,1480.0448608398438,68.47222222222223,1816,3220.8510971069336,3982,1828.6692888829864,43.64806502977597,0.0410350644561523,1611.1753872380073,0,sindy_mpc_conf_dagger,4,2020,67.1
5760,-1.5846581433182212,5.967008580436747,7.55166672375497,7.115652672732734,0.0023757257190998,0.4336383253031349,242409.7235802429,79.06280747480817,1.445461084343783,0.0079190857303328,70.92013888888889,1675,1188.349323272705,99.70486111111111,17,1412.722412109375,60.62499999999999,2268,3519.0998764038086,3960,2432.701768552695,49.8434856476605,1.7597968322467723,1390.1265976233897,0,sindy_mpc_conf_dagger,4,2021,64.1
5760,4.229231647409258,11.389260071856851,7.160028424447593,6.337838945369217,3.801082276433387e-11,0.8221894790403665,462688.6904191846,70.42043272632463,2.740631596801222,1.2670274254777956e-10,78.61111111111111,1232,991.6926670074464,98.15972222222224,106,2032.569854736328,65.41666666666667,1992,2872.057357788086,3330,2166.7825448557546,94.50453776520617,2.815616470587004e-08,1431.8649339594351,0,sindy_mpc_conf_dagger,4,2022,74.1
5760,3.96878444380564,9.905869005139524,5.937084561333886,5.7207141705423785,1.0147705495063155e-07,0.2163702893144523,402425.9283337933,63.563490783804205,0.721234297714841,3.382568498354385e-07,75.60763888888889,1405,965.8013935089112,99.04513888888889,55,1001.523468017578,55.26041666666666,2577,4001.126354217529,4037,1955.7997152429848,24.87014815667673,7.516819007189154e-05,1842.5600994644285,0,sindy_mpc_conf_dagger,4,2023,75.3
5760,2.8105745757445506,12.583998222012324,9.773423646267776,5.097801997920939,4.564914981690414,0.1107066666564213,511224.9277692507,56.64224442134377,0.369022222188071,15.216383272301382,67.01388888888889,1900,1866.6919870376587,78.19444444444444,1256,499660.5495605469,66.84027777777779,1910,3948.682846069336,5066,1742.8382903125412,12.724904274679396,3381.4185046798925,1435.9100975092974,0,sindy_mpc_dense_dagger,4,2020,62.0
5760,-4.60146645987914,6.188919588721829,10.790386048600968,6.284759601401839,3.851470892535027,0.6541555546641041,251424.8582918243,69.83066223779821,2.1805185155470137,12.83823630845009,70.60763888888889,1693,1526.4083061218262,75.03472222222223,1438,697478.5651855469,68.10763888888889,1837,3423.391540527344,4968,2148.635760884737,75.19029367098118,2852.9414008719573,1231.7979328862873,0,sindy_mpc_dense_dagger,4,2021,61.7
5760,-0.8190007600171749,10.331759142631928,11.150759902649105,5.99049369295342,4.154620141111126,1.0056460685845567,419727.715169422,66.56104103281578,3.3521535619485228,13.848733803703754,77.84722222222223,1276,1064.4133529663086,75.76388888888889,1396,619031.7979736328,67.13541666666667,1893,3636.812187194824,4565,2048.032032301748,115.59150215980864,3077.4964014392654,1282.7310106654268,0,sindy_mpc_dense_dagger,4,2022,63.5
5760,-2.954912472790173,7.238014127976895,10.19292660076707,5.36209242674982,4.75926366797954,0.0715705060377079,294044.3239490614,59.57880474166467,0.2385683534590264,15.864212226598466,78.66319444444444,1229,1043.5501976013184,74.16666666666667,1488,507729.3021240234,48.78472222222222,2950,6191.737140655518,5667,1833.1939906580888,8.226494990608646,3525.3804937649,1680.142281417969,0,sindy_mpc_dense_dagger,4,2023,62.7
5760,3.746138299957964,14.887892270709932,11.141753970751967,4.778739682757108,5.523984512244516,0.8390297757503469,604820.623497591,53.09710758619008,2.796765919167823,18.41328170748172,73.14236111111111,1547,1016.602047920227,47.48263888888889,3025,3279689.9525146484,50.74652777777777,2837,5769.536533355713,7409,1633.757156027434,96.44020439347972,4091.840379840805,1275.9069109652237,0,sindy_mpc_dense,5,2020,66.6
5760,-3.157963066093369,8.924739678123046,12.082702744216418,6.205575867671115,4.755885016284764,1.1212418602605383,362567.5494237488,68.9508429741235,3.737472867535129,15.852950054282546,81.33680555555556,1075,526.923731803894,40.81597222222222,3409,3825198.1910705566,44.09722222222222,3220,6366.526885986328,7704,2121.5643989383243,128.87837467803303,3522.8777895312805,1087.415500308102,0,sindy_mpc_dense,5,2021,65.2
5760,1.2345845690888575,12.506657257415776,11.27207268832692,5.688555797908654,4.621886043647425,0.9616308467708388,508082.9510825159,63.206175532318376,3.205436155902796,15.406286812158084,82.29166666666666,1020,552.4461240768433,62.43055555555556,2164,2157705.956298828,61.73611111111112,2204,4747.400623321533,5388,1944.80540024226,110.53228103421029,3423.6192910774625,1166.917020969065,0,sindy_mpc_dense,5,2022,65.2
5760,-0.4706786184555895,10.400222326165176,10.870900944620765,4.969819358137548,5.535181330688813,0.365900255794405,422509.03200046025,55.220215090417206,1.219667519314683,18.450604435629376,82.01388888888889,1036,597.8625030517578,52.20486111111112,2753,2312737.0893554688,38.52430555555556,3541,8456.514862060547,7330,1699.0835414963494,42.05750065685522,4100.1343192945305,1532.3396452160011,0,sindy_mpc_dense,5,2023,65.8
5760,8.459564103759684,16.11280490934884,7.653240805589157,5.024199402010337,2.4655517723506097,0.1634896312282109,654582.6994422966,55.82443780011487,0.5449654374273697,8.218505907835366,64.13194444444444,2066,1908.9206686019895,100.0,0,0.0,65.27777777777779,2000,3778.351707458496,4066,1717.675010996982,18.79191155595028,1826.3346457356067,1371.110567875886,0,sindy_mpc_conf_dagger,5,2020,74.4
5760,2.940990118579504,12.537857599277354,9.59686748069785,6.894266072288177,1.8968737858047555,0.8057276226049168,509350.46497064247,76.60295635875752,2.685758742016389,6.322912619349185,70.20833333333333,1716,1358.307201385498,99.79166666666669,12,503.2101287841797,55.57291666666667,2559,4517.133438110352,4287,2357.014040919445,92.61237050872406,1405.0916925996369,1231.846061246817,0,sindy_mpc_conf_dagger,5,2021,73.5
5760,6.018746633227229,15.241355833517083,9.222609200289856,5.994099296009702,2.2683372591912634,0.9601726450888892,619180.0807366315,66.6011032889967,3.2005754836296307,7.561124197304212,75.19097222222221,1429,1074.889705657959,100.0,0,0.0,62.01388888888889,2188,3510.5395164489746,3617,2049.264716793803,110.3646719921026,1680.2498216610993,1220.439343643642,0,sindy_mpc_conf_dagger,5,2022,75.5
5760,4.636131764650347,12.57267502093947,7.936543256289123,5.503049443247962,2.310717082123559,0.1227767309176018,510764.922725666,61.14499381386624,0.4092557697253395,7.702390273745197,73.09027777777779,1550,1129.8517065048218,100.0,0,0.0,53.29861111111112,2690,4469.964473724365,4240,1881.3844244703089,14.11226794973943,1711.6422830207243,1610.7483814799375,0,sindy_mpc_conf_dagger,5,2023,74.6
5760,4.00586487040916,11.928291169693257,7.922426299284095,4.974197295658979,2.7070227814822783,0.2412062221428372,484586.8287687885,55.26885884065533,0.8040207404761243,9.023409271607594,68.62847222222223,1807,1741.280156135559,93.97569444444444,347,271386.22521972656,59.65277777777778,2324,5362.857639312744,4478,1700.5802719360845,27.72485311255473,2005.2020602290763,1444.8770952878947,0,sindy_mpc_dense_dagger,5,2020,63.0
5760,-2.736856865999869,6.111851742483003,8.848708608482871,6.155073245982061,1.823995454202331,0.8696399082984801,248293.977038372,68.38970273313402,2.8987996943282672,6.079984847341104,71.90972222222223,1618,1355.906819343567,95.01736111111111,287,222173.0530090332,62.95138888888889,2134,4904.181777954102,4039,2104.2985457784584,99.95861030133416,1351.1077445016367,1218.5942208914605,0,sindy_mpc_dense_dagger,5,2021,62.6
5760,0.0056559601377825,9.878532693922867,9.872876733785084,5.844618864143757,2.559006570672397,1.4692512989689286,401315.3906906165,64.9402096015973,4.897504329896429,8.530021902241325,78.38541666666666,1245,974.96542263031,95.01736111111111,287,182712.19372558597,62.93402777777778,2135,5323.345481872559,3667,1998.1602948742,168.87945955674627,1895.5604220855491,1281.9562622591652,0,sindy_mpc_dense_dagger,5,2022,64.1
5760,-0.5499710257833663,6.961822370540991,7.511793396324359,5.066637872213899,2.2514224938754586,0.1937330302349988,282824.03380322777,56.29597635793222,0.6457767674499962,7.504741646251529,78.99305555555556,1210,990.9208784103394,97.17013888888889,163,112943.4305419922,43.125,3276,8979.522228240967,4649,1732.18388851437,22.268164441996845,1667.7203650632846,1668.6466595688391,0,sindy_mpc_dense_dagger,5,2023,63.5
3687,2.743925659155893,8.610382137654689,5.8664564784987965,3.660321045715433,2.0951732722186858,0.1109621605646767,349796.77434222173,40.67023384128259,0.3698738685489224,6.98391090739562,61.866015730946565,1406,1412.4474802017212,94.4128017358286,206,57400.71533203125,67.01925684838622,1216,2270.739921569824,2828,1251.3918091526136,12.754271380470794,1551.980201039069,854.1901781779716,0,sindy_mpc_dense,6,2020,41.0
5760,0.572031055935463,11.099818133227348,10.527787077291888,6.881494142040029,3.0059189523802607,0.6403739828715962,450930.1116623611,76.46104602266699,2.134579942905321,10.019729841267536,70.81597222222223,1681,1388.5540409088137,96.47569444444444,203,48833.55221557617,55.81597222222222,2545,5022.201072692871,4429,2352.647569500573,73.60620479682326,2226.6066313385354,1334.18590615231,0,sindy_mpc_dense,6,2021,61.0
4460,1.646381389178142,9.60954714544923,7.963165756271088,5.5501860552159314,2.058997065514516,0.3539826355406414,390387.852783875,61.66873394684369,1.1799421184688048,6.863323551715054,73.85650224215247,1166,1000.673231124878,96.68161434977578,148,68162.83947753906,64.93273542600897,1564,2829.048854827881,2878,1897.4995053963955,40.6876591987988,1525.1830114714817,833.3655222819812,0,sindy_mpc_dense,6,2022,49.5
5320,1.8581992552090163,10.40705269584546,8.548853440636446,5.154034959062608,3.311546440235748,0.0832720413380884,422786.5157687219,57.26705510069565,0.2775734711269615,11.03848813411916,73.60902255639098,1404,1129.244472503662,97.08646616541353,155,55767.94091796875,51.1654135338346,2598,4756.892265319824,4157,1762.0632330791018,9.571499012482883,2452.9973623551537,1532.0920219587842,0,sindy_mpc_dense,6,2023,58.0
5760,5.722086908437479,13.878889604682698,8.156802696245219,4.936680988919069,2.996935480068281,0.2231862272578699,563829.8901902346,54.85201098798966,0.7439540908595664,9.989784933560935,63.62847222222222,2095,2026.9773950576785,99.73958333333334,15,6164.895751953125,58.15972222222222,2410,5173.687782287598,4520,1687.7541840339932,25.653589347287088,2219.952207474573,1206.045847949987,0,sindy_mpc_conf_dagger,6,2020,67.5
5760,3.320964414827556,12.971106934018646,9.650142519191087,6.599190399161644,2.3806562269221394,0.670295893107305,526951.2191945075,73.32433776846271,2.2343196436910167,7.935520756407132,71.63194444444444,1634,1276.4930982589722,99.77430555555556,13,880.9889221191406,51.89236111111111,2771,6381.316871643066,4418,2256.133469489737,77.04550516264015,1763.4490577118208,1159.7574363735837,0,sindy_mpc_conf_dagger,6,2021,73.8
5760,6.305455326000731,15.721290245232192,9.41583491923146,5.817491049593452,2.79708168608455,0.8012621835534599,638677.4162125578,64.63878943992724,2.6708739451782,9.323605620281834,73.92361111111111,1502,1117.0904531478882,99.94791666666669,3,716.176025390625,59.87847222222222,2311,4634.590450286865,3816,1988.885828735404,92.09910154218048,2071.912360548464,1096.1561275511958,0,sindy_mpc_conf_dagger,6,2022,75.1
5760,2.2655070028624014,10.617954927963774,8.352447925101371,5.215244852449756,3.004887021848052,0.1323160508035633,431354.4189485283,57.94716502721952,0.4410535026785446,10.01629007282684,75.59027777777779,1406,1053.1790113449097,99.98263888888889,1,107.757080078125,44.77430555555556,3181,7026.535755157471,4588,1782.9896932302534,15.20874147568113,2225.842238673689,1471.548247453094,0,sindy_mpc_conf_dagger,6,2023,66.8
3687,-0.1280687919766388,5.081409107006586,5.209477898983224,3.6612250846807264,1.364064923848034,0.1841878904544633,206432.2449721425,40.68027871867474,0.6139596348482113,4.546883079493447,63.57472199620288,1343,1413.5544862747192,96.36560889612151,134,44087.97424316406,65.17493897477624,1284,2492.63077545166,2761,1251.7008844728844,21.171021855656832,1010.4184620085148,818.4421298534792,0,sindy_mpc_dense_dagger,6,2020,39.6
5760,-1.1738968376874952,8.255902794597347,9.42979963228484,6.853652453977968,1.955716837398964,0.62043034090791,335396.0510305172,76.15169393308854,2.0681011363597004,6.519056124663214,72.03125,1611,1387.1262941360474,96.875,180,59577.37072753906,54.427083333333336,2625,5782.136413574219,4416,2343.1290433407603,71.31383226591255,1448.6791392559478,1280.44190307216,0,sindy_mpc_dense_dagger,6,2021,59.0
4459,-1.0783904166561922,6.784049882842088,7.86244029949828,5.454067383751443,1.4899978834396934,0.9183750323071428,275602.0264904598,60.60074870834937,3.061250107690476,4.966659611465645,71.56313074680422,1268,1100.1714820861816,95.26799730881363,211,111407.2276611328,60.596546310832025,1757,3115.6841430664062,3236,1864.6384225491356,105.56034852498532,1103.702136515485,803.8717228818598,0,sindy_mpc_dense_dagger,6,2022,47.6
5319,0.0201160461239481,7.261968559755034,7.241852513631086,5.102857273102462,2.023270588259957,0.1157246522686677,295017.47274004825,56.69841414558291,0.3857488408955591,6.744235294199856,76.81895093062606,1233,1049.4923210144043,97.61233314532808,127,45650.71337890625,47.80973867268283,2776,6398.153533935547,4136,1744.5665879906164,13.301684192083735,1498.718953831179,1502.4525986673077,0,sindy_mpc_dense_dagger,6,2023,55.8
5760,4.323561299240479,15.037947829417828,10.714386530177348,4.893901853271931,5.184235404767474,0.6362492721379434,610916.6305700992,54.37668725857701,2.120830907126478,17.28078468255825,69.53125,1755,1143.9938926696775,55.69444444444444,2552,2853885.9418945312,52.67361111111111,2726,5487.400035858154,7033,1673.128838270576,73.13210026932191,3840.1743740728407,1281.3238876335058,0,sindy_mpc_dense,7,2020,62.7
5760,-2.9478890179182096,9.734857964291685,12.682746982209895,6.443964066900745,4.7869248197985925,1.4518580955105589,395478.6047993497,71.59960074334161,4.839526985035197,15.95641606599531,79.28819444444444,1193,646.9484844207764,44.47916666666666,3198,3806469.952392578,45.989583333333336,3111,5638.65071105957,7502,2203.0646371013645,166.88024093455033,3545.8702364127607,1095.8160596884695,0,sindy_mpc_dense,7,2021,63.6
5760,0.7270931555547326,13.510754714256702,12.783661558701963,5.845136503421151,4.371231424885748,2.5672936303950675,548874.4102666784,64.9459611491239,8.557645434650226,14.570771416285826,81.99652777777777,1037,504.234806060791,60.74652777777778,2261,2438236.197265625,62.60416666666667,2154,3911.869621276856,5452,1998.3372651439652,295.09122189807385,3237.949203432037,1172.2484115990314,0,sindy_mpc_dense,7,2022,63.2
5760,-0.0700728010246694,10.897048115850415,10.967120916875086,5.258809271917183,5.427828900526839,0.2804827444310639,442692.5797064232,58.43121413241315,0.93494248143688,18.09276300175613,77.67361111111111,1286,678.5243091583252,60.78125,2259,2057741.8303222656,41.94444444444444,3344,5922.018486022949,6889,1797.8835120107117,32.239395973926904,4020.6140008329194,1537.843856665393,0,sindy_mpc_dense,7,2023,62.6
5760,5.2153690175209375,13.017337921557209,7.80196890403627,5.332410133283132,2.122959237475277,0.3465995332778619,528829.3530632616,59.24900148092369,1.155331777592873,7.076530791584259,70.76388888888889,1684,1343.594898223877,100.0,0,0.0,60.97222222222223,2248,5015.6774253845215,3932,1823.0462000159189,39.83902676682554,1572.5623986096168,1380.2237851371135,0,sindy_mpc_conf_dagger,7,2020,62.0
5760,3.074413521995438,12.200899491762211,9.126485969766772,6.89235950703736,1.7576326209266089,0.4764938418028049,495661.5418528399,76.58177230041512,1.58831280600935,5.858775403088695,77.36111111111111,1304,819.8805675506592,100.0,0,0.0,55.3125,2574,5933.42813873291,3878,2356.362224087251,54.76940713642485,1301.950089517412,1257.7557524870908,0,sindy_mpc_conf_dagger,7,2021,67.1
5760,6.025482848422734,14.91772593519611,8.892243086773373,6.150984352858913,2.0599292037108667,0.6813295302035933,606032.6161173419,68.34427058732126,2.2710984340119778,6.866430679036223,82.48263888888889,1009,636.7444114685059,100.0,0,0.0,59.47916666666667,2334,4851.275413513184,3343,2102.900633332491,78.31373924727248,1525.8734841752462,1259.8945969326337,0,sindy_mpc_conf_dagger,7,2022,69.0
5760,4.592988654386318,12.33190324368654,7.738914589300221,5.48375068959743,2.087390849830052,0.1677730498727384,500983.5692747657,60.93056321774923,0.5592434995757947,6.957969499433507,82.96875,981,630.2414932250977,100.0,0,0.0,46.90972222222222,3058,7140.692142486572,4039,1874.786561692721,19.28425861784016,1546.215445003921,1623.926372264648,0,sindy_mpc_conf_dagger,7,2023,67.6
5760,3.058984305047604,11.96204133039772,8.903057025350119,4.862163213564051,3.898621512895944,0.1422722988901233,485957.92904740747,54.02403570626724,0.4742409963004111,12.99540504298648,68.50694444444444,1814,1525.442461013794,79.73958333333333,1167,356422.3981933594,56.59722222222222,2500,6318.58776473999,5481,1662.2780208159172,16.35313778630475,2887.8677856033937,1379.9956973245353,0,sindy_mpc_dense_dagger,7,2020,58.5
5760,-4.369624091553336,5.831886891222372,10.201510982775709,5.910096206633083,3.3932448761684446,0.8981698999741807,236920.4049559089,65.66773562925648,2.9938996665806026,11.310816253894815,74.42708333333333,1473,1084.837504386902,71.40625,1647,790354.0134277344,62.93402777777778,2135,5435.39909362793,5255,2020.5457122930816,103.23791943321169,2513.5147227565576,1148.1145780212623,0,sindy_mpc_dense_dagger,7,2021,58.0
5760,-0.3605810709036299,10.007569759889169,10.3681508307928,5.680392407296101,3.18015171829769,1.507606705199008,406557.5214954975,63.1154711921789,5.025355683996694,10.600505727658968,82.41319444444444,1013,654.6839456558228,84.53125,891,373445.84802246094,61.99652777777778,2189,6609.866455078125,4093,1942.014498660194,173.2881272487209,2355.6679380204964,1255.2103152137522,0,sindy_mpc_dense_dagger,7,2022,58.9
5760,-1.9915584627377951,6.791107022514561,8.782665485252357,4.818982297638641,3.851748467941924,0.1119347196717905,275888.72278965404,53.54424775154046,0.3731157322393018,12.839161559806412,79.51388888888889,1180,843.1763324737549,75.3125,1422,471893.5592041016,40.97222222222222,3400,10509.438766479492,6002,1647.5153163139328,12.866059710590644,2853.1470138037203,1598.0843614174707,0,sindy_mpc_dense_dagger,7,2023,57.9
5760,3.7820695347526887,12.815165748648331,9.03309621389564,4.942109782467233,3.709472259671546,0.3815141717568645,520616.10853883845,54.91233091630259,1.2717139058562152,12.364907532238488,62.44791666666667,2163,2525.2760858535767,89.61805555555556,598,647637.7781982422,65.52083333333333,1986,3652.206089019776,4747,1689.6101813960886,43.852203741230205,2747.757228378693,1503.576523380597,0,sindy_mpc_dense,8,2020,62.0
5760,-3.628424837454098,6.407457907655734,10.035882745109832,6.249847251226452,2.9866171443831373,0.7994183495002416,260302.97749851417,69.44274723584947,2.6647278316674723,9.955390481277124,65.79861111111111,1970,2062.777117729187,87.30902777777779,731,658715.6179504395,68.15972222222221,1834,3495.3201904296875,4535,2136.6999141999263,91.88716660077438,2212.3089967265705,1310.1818398203063,0,sindy_mpc_dense,8,2021,60.7
5760,0.3481251912603449,10.275289092347158,9.927163901086814,5.921177026594897,3.134802951311736,0.8711839231801803,417433.6193766033,65.79085585105442,2.903946410600601,10.44934317103912,76.35416666666667,1362,1250.573127746582,89.13194444444444,626,833675.2799072266,68.22916666666666,1830,3510.0724296569824,3818,2024.3340268081072,100.13608302985162,2322.0762606055678,1310.9039713094444,0,sindy_mpc_dense,8,2022,63.1
5760,-1.3235394217294902,7.978390406767184,9.301929828496675,5.391909095325325,3.635522360945728,0.274498372225624,324122.1102749169,59.91010105917027,0.9149945740854134,12.118407869819093,76.09375,1377,1394.580966949463,90.48611111111111,548,538680.8154296875,49.375,2916,5608.0949630737305,4841,1843.3877247568732,31.55153707221889,2692.9795261107747,1721.6678846156458,0,sindy_mpc_dense,8,2023,61.7
5760,5.497402390627964,13.666652643576176,8.169250252948212,5.74801747697515,2.421067374162281,0.0001654018107801,555207.7636452821,63.86686085527945,0.0005513393692672,8.070224580540938,51.00694444444444,2822,3335.051393508911,100.0,0,0.0,79.13194444444444,1202,2316.471160888672,4024,1965.134180998496,0.0190117030263194,1793.383240618571,1017.6423526355796,0,sindy_mpc_conf_dagger,8,2020,66.4
5760,-1.9253783388689392,7.76471160930563,9.69008994817457,7.854592699901481,1.8114125637042595,0.0240846845688298,315441.40912804124,87.27325222112756,0.0802822818960994,6.038041879014199,59.09722222222222,2356,2109.020340919494,99.46180555555556,31,15746.837158203123,69.18402777777779,1775,2097.171936035156,4162,2685.3308366734973,2.7683545566915564,1341.787083516695,884.5156018347814,0,sindy_mpc_conf_dagger,8,2021,65.7
5760,6.365448079194946,15.388932347042251,9.023484267847309,6.579576523076611,2.443907744770697,0.0,625175.3765985916,73.10640581196235,0.0,8.146359149235657,66.04166666666667,1956,2037.288652420044,100.0,0,0.0,77.96875,1269,1650.0714416503906,3225,2249.427871073624,0.0,1810.3020332501828,941.1737544161538,0,sindy_mpc_conf_dagger,8,2022,72.6
5760,1.805895005973096,10.694701479868488,8.888806473895391,6.314555408116929,2.5740787200548776,0.0001723457235842,434472.24761965725,70.16172675685478,0.0005744857452809,8.580262400182926,59.02777777777778,2360,2271.9403772354126,100.0,0,0.0,68.52430555555556,1813,2179.542316436768,4173,2158.8223628133915,0.0198098529764257,1906.7249773111505,1196.3031044124114,0,sindy_mpc_conf_dagger,8,2023,66.1
5760,4.691909794967557,13.121719387772451,8.429809592804894,5.019971886980535,2.9850934745165527,0.4247442313078058,533069.8501282558,55.77746541089484,1.4158141043593528,9.950311581721843,66.40625,1935,1951.583041191101,93.83680555555556,355,931934.232421875,62.37847222222223,2167,4272.244270324707,4457,1716.2297063137476,48.82117605053596,2211.180351096428,1396.155391026462,0,sindy_mpc_dense_dagger,8,2020,59.7
5760,-2.663512890444951,6.892633591357908,9.55614648180286,6.305724922041501,2.072921295834376,1.1775002639269825,280013.239648915,70.06361024490556,3.925000879756608,6.909737652781253,70.95486111111111,1673,1492.047100067139,92.43055555555556,436,891458.2162475586,63.92361111111112,2078,3886.603385925293,4187,2155.8033906973,135.3448579716109,1535.4972561989464,1209.9224816391295,0,sindy_mpc_dense_dagger,8,2021,60.2
5760,0.4898333933147749,11.108174759915414,10.61834136660064,5.992544472832809,2.6695332961945706,1.956263597573259,451269.5996215637,66.5838274759201,6.52087865857753,8.898444320648569,78.73263888888889,1225,945.2262477874756,88.73263888888889,649,1318190.9372558594,63.802083333333336,2085,4040.954273223877,3959,2048.7331532362778,224.85788471660837,1977.4320717892303,1243.068037081014,0,sindy_mpc_dense_dagger,8,2022,61.4
5760,-0.0364589558141139,8.186971317422397,8.223430273236513,5.378208047619912,2.4748095591151675,0.3704126665014319,332595.70977028494,59.7578671957768,1.2347088883381063,8.249365197050558,79.51388888888889,1180,991.4355201721193,94.84375,297,1035970.4821777344,45.55555555555556,3136,6631.181903839111,4613,1838.703605715824,42.57616860328877,1833.1922666017724,1650.0861669587307,0,sindy_mpc_dense_dagger,8,2023,58.9
5760,3.612804127257633,14.01249612037949,10.39969199312186,4.595657829899309,4.572595128245752,1.2314390349767956,569257.6548904168,51.062864776659,4.104796783255986,15.241983760819172,61.51041666666666,2217,2304.03036403656,65.81597222222221,1969,2640474.764038086,55.01736111111111,2591,5815.139148712158,6777,1571.165070950978,141.5447166926264,3387.1075035163003,1448.2633805541234,0,sindy_mpc_dense,9,2020,66.2
5760,-4.129091591258597,8.093353363901272,12.222444955159869,6.04321545908042,4.228547662059297,1.9506818340201508,328792.4804084892,67.1468384342269,6.50227278006717,14.095158873530991,71.73611111111111,1628,1402.7696590423584,52.36111111111112,2744,4282123.81262207,47.91666666666667,3000,7099.723258972168,7372,2066.0565667253686,224.2163026993067,3132.257527354505,1238.114090710225,0,sindy_mpc_dense,9,2021,64.6
5760,-0.1809845677581631,11.884529731241535,12.0655142989997,5.550265711985087,3.859098055966349,2.656150531048264,482809.0203316874,61.66961902205653,8.853835103494212,12.863660186554496,78.31597222222221,1249,1054.611171722412,65.03472222222221,2014,2860073.0041503906,58.45486111111112,2393,5750.288909912109,5656,1897.526739332361,305.3046587111061,2858.591152596229,1265.1250694268174,0,sindy_mpc_dense,9,2022,66.0
5760,-0.1491094035684224,9.437648862745087,9.58675826631351,4.830070064623216,4.122062621989786,0.6346255797005096,383404.4850490192,53.667445162480185,2.115418599001699,13.740208739965952,76.38888888888889,1360,1262.6840238571167,73.75,1512,1649238.9428710938,39.34027777777778,3494,9525.782833099363,6366,1651.3060053244974,72.9454688978395,3053.379720038948,1665.4159438911704,0,sindy_mpc_dense,9,2023,65.0
5760,7.649678101987403,15.229698603671505,7.580020501684099,4.575767605673624,2.030301073131002,0.9739518228794716,618706.5057741548,50.84186228526249,3.246506076264905,6.767670243770007,61.23263888888889,2233,2479.296452522278,100.0,0,0.0,57.98611111111112,2420,5024.519035339356,4653,1564.3649932156568,111.94848543282852,1503.926719550942,1558.180878798197,0,sindy_mpc_conf_dagger,9,2020,74.7
5760,2.6263173949780443,11.859446610792034,9.233129215813992,6.58483835350641,1.7399786481011574,0.908312214206424,481790.0185634265,73.16487059451568,3.02770738068808,5.799928827003859,67.65625,1863,1570.146448135376,100.0,0,0.0,48.03819444444444,2993,6014.131340026856,4856,2251.226787521349,104.40370257105188,1288.8730729676497,1403.6035749991556,0,sindy_mpc_conf_dagger,9,2021,74.0
5760,4.827946743253685,14.24605560228369,9.418108859030005,5.586528862985178,1.989077946512892,1.8425020495319329,578746.0088427749,62.072542922057536,6.1416734984397765,6.630259821709639,69.25347222222223,1771,1775.033818244934,100.0,0,0.0,57.43055555555555,2452,4629.319263458252,4223,1909.924397797004,211.7818447803666,1473.391070827873,1364.246210341874,0,sindy_mpc_conf_dagger,9,2022,75.9
5760,4.252256542723872,12.158283228358025,7.906026685634152,5.202901760738187,2.202382640444149,0.5007422844518157,493930.2561520448,57.81001956375764,1.669140948172719,7.341275468147163,68.75,1800,1531.6222162246704,100.0,0,0.0,45.50347222222222,3139,5947.046009063721,4939,1778.7698333234987,57.55658441888192,1631.3945477359453,1773.8119630553947,0,sindy_mpc_conf_dagger,9,2023,74.8
5760,3.911661328214653,14.68956147992221,10.777900151707556,4.900007015786667,5.297229065687736,0.5806640702331549,596763.4351218397,54.44452239762963,1.935546900777183,17.65743021895912,62.01388888888889,2188,2051.170672416687,58.66319444444444,2381,2686023.1290283203,64.73958333333333,2031,3870.2014923095694,6600,1675.2160739104202,66.74299643204617,3923.873381865337,1381.1352655664782,0,sindy_mpc_dense_dagger,9,2020,63.5
5760,-3.4439053882475665,9.731942958942748,13.175848347190314,6.628013851936788,5.206832265860828,1.3410022293926978,395360.1827070491,73.6445983548532,4.470007431308993,17.356107552869428,70.48611111111111,1700,1355.754156112671,49.56597222222222,2905,2857938.8908691406,63.55902777777778,2099,3486.6431579589844,6704,2265.987641853876,154.1381871368201,3856.912788193594,1191.8305795591036,0,sindy_mpc_dense_dagger,9,2021,62.3
5760,0.4117864844772883,13.162357996794045,12.750571512316755,5.783081766416172,4.641432951756151,2.326056794144434,534720.7936197581,64.25646407129081,7.753522647148114,15.471443172520503,75.26041666666666,1425,1110.254638671875,61.66666666666667,2208,2892307.798339844,65.13888888888889,2008,3143.754749298096,5641,1977.1219719790572,267.36284983584864,3438.098481488853,1231.209139550843,0,sindy_mpc_dense_dagger,9,2022,63.2
5760,-0.0998932244867913,11.179387474257174,11.279280698743968,5.414380098953202,5.574878910866033,0.2900216889247307,454162.61614169774,60.1597788772578,0.9667389630824356,18.58292970288678,75.83333333333333,1392,1083.482138633728,66.44097222222223,1933,1819848.8762207031,51.302083333333336,2805,4920.3984451293945,6130,1851.070120538092,33.335826308425105,4129.539931740191,1614.4161919624603,0,sindy_mpc_dense_dagger,9,2023,64.0
