steps,epi,revenue,cost_total,cost_heat,cost_co2,cost_elec,fruit_dm_growth,energy_heat_kwh_m2,energy_elec_kwh_m2,co2_kg_m2,t_in_in_corridor_pct,t_in_violation_steps,t_in_violation_area,co2_in_corridor_pct,co2_violation_steps,co2_violation_area,rh_in_corridor_pct,rh_violation_steps,rh_violation_area,violation_steps_total,boiler_sum,lamp_sum,co2_injection_sum,vent_sum,solver_failures,steps_expected,season_fraction,truncated,solver_aborted,stop_reason,block,condition,lam,seed,test_year,xi_uboil,rng_seed,nonzero,rollout_rmse,regen_id,config_hash,git_sha,image,xi_donor
5760,5.878543396501442,14.9659257645973,9.08738236809586,5.482812009819549,3.6009740847944625,0.0035962734818458554,607990.7341867653,60.920133442439436,0.01198757827281952,12.003246949314875,59.392361111111114,2339,2848.1983251571655,96.52777777777779,200,74144.63073730469,72.76041666666667,1569,2862.493579864502,4108,1874.4656440564713,0.4133647775783493,2667.38821097525,1490.9833030902541,0,5760,1.0,False,False,complete,lambda,lam=1e-06,1e-06,1,2020,0.03768169652831373,476854477.0,54.0,13.945697575092364,regen-v2,637c6b535a9e,86e95e8,local,
5760,5.876695263286397,14.964656182282228,9.087960918995833,5.482555037884357,3.60179970701501,0.003606174096465111,607939.1574052155,60.917278198715074,0.012020580321550369,12.005999023383367,59.392361111111114,2339,2848.388735771179,96.52777777777779,200,74159.81701660156,72.72569444444444,1571,2861.9754371643066,4110,1874.3777908518039,0.41450277488876097,2667.999782848581,1490.6352040938361,0,5760,1.0,False,False,complete,lambda,lam=0.001,0.001,1,2020,0.03768169844083889,3285011554.0,51.0,13.942289825892416,regen-v2,637c6b535a9e,86e95e8,local,
5760,6.704622160707395,15.590397021560683,8.885774860853289,5.503976331376858,3.3810463354339255,0.0007521940425038338,633359.8790009028,61.15529257085398,0.0025073134750127793,11.27015445144642,58.78472222222222,2374,2879.2390127182007,97.70833333333333,132,67405.22143554688,72.63888888888889,1576,2839.381206512451,4082,1881.7013098175362,0.08645908748234321,2504.4787674714516,1497.8168983080138,0,5760,1.0,False,False,complete,lambda,lam=0.01,0.01,1,2020,0.03782694555918662,1671972060.0,44.0,14.197810169013055,regen-v2,637c6b535a9e,86e95e8,local,
5760,3.77101701054739,13.18251674032605,9.411499729778662,5.546647760856495,3.848054697779265,0.01679727114289999,535539.7425757458,61.62941956507217,0.055990903809666634,12.82684899259755,63.142361111111114,2123,2258.4804635047913,95.85069444444444,239,80281.40270996094,69.72222222222221,1744,3155.338798522949,4106,1896.289833157064,1.9307208352181506,2850.4108864649434,1501.3822211449533,0,5760,1.0,False,False,complete,lambda,lam=0.02,0.02,1,2020,0.03872554174219547,87321045.0,37.0,10.611728544568471,regen-v2,637c6b535a9e,86e95e8,local,
5760,3.9424856833012276,13.470524013656089,9.52803833035486,5.495404570320016,4.015726434232847,0.016907325801998378,547240.0380547786,61.06005078133351,0.05635775267332793,13.385754780776157,64.44444444444444,2048,2145.488739490509,94.34027777777779,326,113538.21899414062,68.35069444444444,1823,3292.1731338500977,4197,1878.7707932136445,1.9433707908385074,2974.6121732732636,1521.9750966435079,0,5760,1.0,False,False,complete,lambda,lam=0.03,0.03,1,2020,0.03872554174219547,4183310868.0,35.0,12.424934141609878,regen-v2,637c6b535a9e,86e95e8,local,
5760,1.5025280873068758,14.424881147978878,12.922353060672004,5.275597945174328,3.7705296683736145,3.8762254471240603,586010.796636642,58.61775494638142,12.920751490413535,12.568432227912048,58.68055555555556,2380,3391.0278491973877,94.18402777777779,335,127198.14318847656,70.34722222222223,1708,3183.2911376953125,4423,1803.623230071412,445.5431547421048,2792.984938883369,1578.4087845449615,0,5760,1.0,False,False,complete,lambda,lam=0.04,0.04,1,2020,0.0,1323937025.0,33.0,11.97933585707747,regen-v2,637c6b535a9e,86e95e8,local,
5760,0.2844078691121101,10.378642490135725,10.094234621023617,5.217070077698111,4.869923658566879,0.007240884758625179,421632.3511617638,57.96744530775679,0.024136282528750597,16.2330788618896,62.82986111111111,2141,3212.4770426750183,71.92708333333333,1617,960169.53125,62.88194444444445,2138,3799.2314224243164,5896,1783.6137015002096,0.8322856038536272,3607.3508578626443,1509.3497687944657,0,5760,1.0,False,False,complete,lambda,lam=0.05,0.05,1,2020,0.0,710204761.0,30.0,11.995012867512044,regen-v2,637c6b535a9e,86e95e8,local,
5760,0.16848540110438814,9.539331594456993,9.370846193352602,4.2397473148848785,5.086529405831443,0.04456947263628244,387535.3460248153,47.10830349872087,0.14856490878760814,16.955098019438143,46.59722222222222,3076,6368.204503536224,59.739583333333336,2319,2242985.8552246094,52.15277777777778,2756,4756.771755218506,8151,1449.4862614066008,5.122927894980672,3767.7995593949227,1466.215238731766,0,5760,1.0,False,False,complete,lambda,lam=0.06,0.06,1,2020,0.0,1354018392.0,26.0,11.566290142077914,regen-v2,637c6b535a9e,86e95e8,local,
5760,1.9395054097446738,4.863443079409066,2.923937669664392,0.26368985587141425,2.361048255845983,0.29919955794699493,197577.37510099332,2.9298872874601583,0.9973318598233165,7.870160852819943,29.843750000000004,4041,19879.94009256363,96.85763888888889,181,86013.44189453125,29.40972222222222,4066,26378.491550445557,8288,90.15037786587388,34.39075380202051,1748.924633651222,1525.9764339972858,0,5760,1.0,False,False,complete,lambda,lam=0.07,0.07,1,2020,0.0,1559590881.0,24.0,13.51544269025257,regen-v2,637c6b535a9e,86e95e8,local,
5760,3.0139995991821245,5.6550372389256935,2.641037639743569,0.2587461336407565,2.088621893880834,0.2936696122219786,229735.88783135632,2.87495704045285,0.9788987074065955,6.96207297960278,32.795138888888886,3871,18334.252592086792,97.67361111111111,134,48156.04187011719,25.590277777777775,4286,31008.5467338562,8291,88.46021659800135,33.75512788527473,1547.1273281312826,1454.177845537641,0,5760,1.0,False,False,complete,lambda,lam=0.08,0.08,1,2020,0.0,2291271354.0,20.0,19.844702447196305,regen-v2,637c6b535a9e,86e95e8,local,
5760,3.0139995991821245,5.6550372389256935,2.641037639743569,0.2587461336407565,2.088621893880834,0.2936696122219786,229735.88783135632,2.87495704045285,0.9788987074065955,6.96207297960278,32.795138888888886,3871,18334.252592086792,97.67361111111111,134,48156.04187011719,25.590277777777775,4286,31008.5467338562,8291,88.46021659800135,33.75512788527473,1547.1273281312826,1454.177845537641,0,5760,1.0,False,False,complete,lambda,lam=0.1,0.1,1,2020,0.0,604471770.0,20.0,19.844702447196305,regen-v2,637c6b535a9e,86e95e8,local,
5760,5.079804677161052,5.87056829409644,0.7907636169353887,0.2785471886830262,0.177416214831785,0.33480021342057736,238491.83694766788,3.0949687631447356,1.1160007114019246,0.5913873827726167,33.645833333333336,3822,17659.81291103363,94.72222222222221,304,300692.9039916992,24.618055555555557,4342,30829.011505126953,8468,95.22980792928507,38.482783142790105,131.41941857325563,1364.3510987661593,0,5760,1.0,False,False,complete,lambda,lam=0.15,0.15,1,2020,0.0,3869019760.0,15.0,19.844702447196305,regen-v2,637c6b535a9e,86e95e8,local,
5760,4.935384726110437,5.956666465210762,1.0212817391003246,0.37006384192021524,0.23196190462113836,0.419255992558971,241989.57514918718,4.11182046578017,1.3975199751965701,0.7732063487371279,33.385416666666664,3837,17232.60187768936,92.89930555555556,409,453857.0389404297,26.07638888888889,4258,30393.294216156006,8504,126.51755259967082,48.19034395507698,171.8236327955703,1306.8352634574826,0,5760,1.0,False,False,complete,lambda,lam=0.2,0.2,1,2020,0.0,958060236.0,13.0,2.8938304917096036,regen-v2,637c6b535a9e,86e95e8,local,
5760,-0.11919920230996733,10.482412360009377,10.601611562319345,5.373222145176319,5.105191159308655,0.12319825783437117,425848.00212538097,59.702468279736884,0.4106608594479039,17.017303864362184,61.25000000000001,2232,3413.3807311058044,72.91666666666666,1560,2091631.786743164,65.625,1980,4348.617431640625,5772,1836.9990246797174,14.160719342916078,3781.623080934184,1423.0811550799244,0,5760,1.0,False,False,complete,knock,baseline,,1,2020,0.0,56809052.0,,,regen-v2,637c6b535a9e,86e95e8,local,0.03768169652831373
5760,-0.11919920230996733,10.482412360009377,10.601611562319345,5.373222145176319,5.105191159308655,0.12319825783437117,425848.00212538097,59.702468279736884,0.4106608594479039,17.017303864362184,61.25000000000001,2232,3413.3807311058044,72.91666666666666,1560,2091631.786743164,65.625,1980,4348.617431640625,5772,1836.9990246797174,14.160719342916078,3781.623080934184,1423.0811550799244,0,5760,1.0,False,False,complete,knock,knockout,,1,2020,0.0,56809052.0,,,regen-v2,637c6b535a9e,86e95e8,local,0.03768169652831373
5760,0.043667558309312154,10.850535794136194,10.806868235826883,5.708989755498713,5.010501288917583,0.08737719141058624,440803.0166367829,63.43321950554126,0.29125730470195416,16.70167096305861,62.98611111111111,2132,2658.807973384857,77.70833333333333,1284,1043862.7962646484,67.55208333333333,1869,3334.9270515441895,5285,1951.7913703001589,10.043355296336044,3711.4824350691147,1465.2080823661595,0,5760,1.0,False,False,complete,knock,knockin,,1,2020,0.03768169652831373,56809052.0,,,regen-v2,637c6b535a9e,86e95e8,local,0.03768169652831373
5760,-1.1396657871812057,9.043464824411519,10.183130611592723,5.351262343734498,1.8483799265833039,2.9834883412749216,367390.7584917179,59.45847048593887,9.944961137583073,6.1612664219443465,59.392361111111114,2339,7545.988707542419,81.66666666666667,1056,4042967.9532470703,71.78819444444444,1625,7644.313503265381,5020,1829.4914011160747,342.9296943318241,1369.170316031582,1248.306670897854,0,5760,1.0,False,False,complete,cross,baseline,,1,2020,0.09650278430550352,,,,regen-v2,637c6b535a9e,86e95e8,local,
5760,1.278886366732975,11.961842755673338,10.682956388940363,6.301040716698834,2.342872338496975,2.0390433337445537,485949.8619492294,70.01156351887593,6.796811112481846,7.8095744616565845,49.44444444444444,2912,6680.051170349121,84.39236111111111,899,2637850.8305664062,73.35069444444444,1535,6191.84045791626,5346,2154.2019541521568,234.37279689804367,1735.4609915447181,1388.106802578668,0,5760,1.0,False,False,complete,cross,ko_uboil,,1,2020,0.0,,,,regen-v2,637c6b535a9e,86e95e8,local,
5760,-1.403659274305333,8.849261252608201,10.252920526913535,6.095865649159965,1.7648430564296593,2.3922118213239103,359501.23838720814,67.73184054622183,7.974039404413035,5.882810188098865,59.947916666666664,2307,7682.286780357361,90.03472222222221,574,2361473.8872070312,76.54513888888889,1351,4333.733688354492,4232,2084.0566326261596,274.96687606360996,1307.2911524553897,1381.4733281489612,0,5760,1.0,False,False,complete,cross,ko_cross,,1,2020,0.09650278430550352,,,,regen-v2,637c6b535a9e,86e95e8,local,
5760,-2.792960436701299,8.739341716126082,11.532302152827382,5.364585282366374,2.100415760132021,4.067301110328987,355035.75721762213,59.606503137404154,13.557670367763292,7.001385867106737,54.28819444444445,2633,10032.820406913757,71.47569444444444,1643,6287992.337036133,70.19097222222223,1717,7579.209915161133,5993,1834.0462491483527,467.5058745281175,1555.8635259295497,1159.8513335564644,0,5760,1.0,False,False,complete,cross,ko_both,,1,2020,0.0,,,,regen-v2,637c6b535a9e,86e95e8,local,
5760,7.978942675505812,16.012075168456185,8.033132492950372,5.338235966342926,2.6801938497123112,0.014702676895136232,650490.5537185326,59.313732959365844,0.049008922983787444,8.933979499041039,65.72916666666667,1974,1851.436134338379,100.0,0,0.0,70.97222222222223,1672,3279.537223815918,3646,1825.0379375119855,1.6899628880286854,1985.3287771359255,1478.4248446122365,0,5760,1.0,False,False,complete,lambda,lam=1e-06,1e-06,2,2020,0.04235727841169543,3908171985.0,54.0,12.01454468422515,regen-v2,637c6b535a9e,86e95e8,local,
5760,7.904888973734099,15.946606197866258,8.04171722413216,5.347321030014402,2.6793558477748074,0.01504034634295007,647830.8767883168,59.41467811127113,0.050134487809833574,8.931186159249359,65.43402777777779,1991,1865.145652770996,100.0,0,0.0,71.38888888888889,1648,3255.775016784668,3639,1828.1439411022993,1.728775446980092,1984.708034851783,1475.6987341336144,0,5760,1.0,False,False,complete,lambda,lam=0.001,0.001,2,2020,0.042357277175539235,2135125064.0,50.0,12.025015637472896,regen-v2,637c6b535a9e,86e95e8,local,
5760,7.96322863551341,16.028388880282726,8.06516024476932,5.298398075643347,2.74768271070781,0.01907945841816254,651153.2982614859,58.871089729370524,0.06359819472720847,9.158942369026034,65.60763888888889,1981,1839.1275882720947,100.0,0,0.0,71.09375,1665,3131.1118774414062,3646,1811.418145433655,2.19304117291945,2035.3205257235109,1458.3568222160222,0,5760,1.0,False,False,complete,lambda,lam=0.01,0.01,2,2020,0.042262976134812266,4206027311.0,41.0,11.213001968644793,regen-v2,637c6b535a9e,86e95e8,local,
5760,7.810440293133804,16.041691338800273,8.23125104566647,5.229673591312935,2.985164716950471,0.016412737403064967,651693.7106387612,58.1074843479215,0.05470912467688323,9.95054905650157,66.00694444444444,1958,1767.745509147644,99.98263888888889,1,31.6998291015625,70.55555555555556,1696,3318.8976554870605,3655,1787.922595532298,1.8865215468321723,2211.2331236765604,1482.2425309588398,0,5760,1.0,False,False,complete,lambda,lam=0.02,0.02,2,2020,0.04283782162116692,3177610036.0,35.0,15.260066015614141,regen-v2,637c6b535a9e,86e95e8,local,
5760,6.95498560437799,15.909245719515164,8.95426011513717,5.126003218818459,3.808929133833044,0.01932776248566806,646313.1073553035,56.9555913202051,0.06442587495222687,12.696430446110147,65.06944444444444,2012,1838.9176397323608,89.96527777777777,578,174516.7528076172,69.39236111111111,1763,3467.4528465270996,4353,1752.4797326183855,2.2215818934433784,2821.4289854726167,1440.1958221449202,0,5760,1.0,False,False,complete,lambda,lam=0.03,0.03,2,2020,0.04442517916750516,1444749007.0,34.0,11.643951789719942,regen-v2,637c6b535a9e,86e95e8,local,
5760,8.318158467980918,15.8459218540442,7.527763386063283,5.289712935052181,2.2229676393436106,0.015082811667490752,643740.5753205457,58.77458816724646,0.050276038891635844,7.409892131145369,67.23958333333333,1887,1662.487543106079,100.0,0,0.0,69.09722222222221,1780,3479.2881469726562,3667,1808.4488663390316,1.7336565379736637,1646.642696443365,1462.8104874148726,0,5760,1.0,False,False,complete,lambda,lam=0.04,0.04,2,2020,0.04442517916750516,3109645504.0,32.0,11.107618319190372,regen-v2,637c6b535a9e,86e95e8,local,
5760,8.955048463540326,16.841790693629505,7.886742230089182,4.863982242047003,2.352772945834231,0.6699870422079471,684197.7469286987,54.04424713385559,2.2332901406931573,7.842576486114103,54.98263888888889,2593,3512.140467643738,100.0,0,0.0,68.15972222222221,1834,4622.000686645508,4427,1662.8999115722336,77.01000480816586,1742.7947733391752,1113.4086231488477,0,5760,1.0,False,False,complete,lambda,lam=0.05,0.05,2,2020,0.0,3405464364.0,27.0,9.519830912760721,regen-v2,637c6b535a9e,86e95e8,local,
5760,-0.7678049629646906,11.936148808435739,12.703953771400432,5.040645314970247,2.2482408180433837,5.415067638386799,484906.04534270195,56.00717016633608,18.05022546128933,7.494136060144613,48.333333333333336,2976,5504.726691246033,99.79166666666667,12,2155.970947265625,73.85416666666667,1506,4345.610408782959,4494,1723.2975423813887,622.4215675781695,1665.363568917293,959.8038312963794,0,5760,1.0,False,False,complete,lambda,lam=0.06,0.06,2,2020,0.0,2042305088.0,25.0,14.898631907068255,regen-v2,637c6b535a9e,86e95e8,local,
5760,3.3424208006590206,6.135355953597947,2.7929351529389264,0.29112119016791693,2.17982882830213,0.32198513446887955,249248.83561491664,3.2346798907546326,1.073283781562932,7.266096094340434,33.697916666666664,3819,17264.032546520233,96.64930555555556,193,92136.62145996094,22.63888888888889,4456,32564.961597442627,8468,99.52861196229765,37.009785559741545,1614.6880216174575,1464.2115977211022,0,5760,1.0,False,False,complete,lambda,lam=0.07,0.07,2,2020,0.0,3512521049.0,21.0,16.857660824661405,regen-v2,637c6b535a9e,86e95e8,local,
5760,3.1376363173885977,5.894063066364893,2.7564267489762964,0.28979725142298995,2.129297964422116,0.3373315331311897,239446.3120710738,3.219969460255444,1.1244384437706323,7.097659881407054,32.951388888888886,3862,17793.054169654846,97.29166666666667,156,58617.09020996094,24.18402777777778,4367,31721.177661895752,8385,99.07598340455574,38.773739351285464,1577.2577521288035,1395.4658152781053,0,5760,1.0,False,False,complete,lambda,lam=0.08,0.08,2,2020,0.0,344052681.0,19.0,15.143670455225266,regen-v2,637c6b535a9e,86e95e8,local,
5760,3.1376363173885977,5.894063066364893,2.7564267489762964,0.28979725142298995,2.129297964422116,0.3373315331311897,239446.3120710738,3.219969460255444,1.1244384437706323,7.097659881407054,32.951388888888886,3862,17793.054169654846,97.29166666666667,156,58617.09020996094,24.18402777777778,4367,31721.177661895752,8385,99.07598340455574,38.773739351285464,1577.2577521288035,1395.4658152781053,0,5760,1.0,False,False,complete,lambda,lam=0.1,0.1,2,2020,0.0,303994103.0,19.0,15.143670455225266,regen-v2,637c6b535a9e,86e95e8,local,
5760,5.302342885479081,6.182532028928365,0.8801891434492838,0.3180670485061593,0.2016430054358501,0.3604790895072743,251165.36367521482,3.5340783167351035,1.2015969650242477,0.6721433514528337,34.270833333333336,3786,16869.474617004395,93.22916666666666,390,368739.9588317871,22.586805555555557,4459,31964.15367126465,8635,108.74087118686445,41.43437815244211,149.36518923905174,1292.423916721912,0,5760,1.0,False,False,complete,lambda,lam=0.15,0.15,2,2020,0.0,3884067421.0,15.0,15.143670455225266,regen-v2,637c6b535a9e,86e95e8,local,
5760,-0.8250592178402097,2.9078165027780662,3.732875720618276,1.2779235884777502,0.7232237939823956,1.7317283381581308,118130.04542535896,14.199150983086113,5.7724277938604365,2.4107459799413187,26.631944444444443,4226,22631.035598039627,79.47916666666667,1182,1918822.2410888672,28.315972222222225,4129,23192.35960006714,9537,436.89695284199826,199.0492344491045,535.7213289696331,884.701083316276,0,5760,1.0,False,False,complete,lambda,lam=0.2,0.2,2,2020,0.0,4134072024.0,11.0,3.5564877445303362,regen-v2,637c6b535a9e,86e95e8,local,
5760,8.53840076008404,16.571287751283144,8.032886991199103,4.9212651190376135,2.4023852448506027,0.7092366273108859,673208.5648958776,54.680723544862374,2.3641220910362866,8.007950816168677,61.927083333333336,2193,2355.9052505493164,100.0,0,0.0,65.05208333333333,2013,4766.188011169434,4206,1682.483800783126,81.52145140001771,1779.5446277547921,1346.7654559819562,0,5760,1.0,False,False,complete,knock,baseline,,2,2020,0.0,1712067057.0,,,regen-v2,637c6b535a9e,86e95e8,local,0.04235727841169543
5760,8.53840076008404,16.571287751283144,8.032886991199103,4.9212651190376135,2.4023852448506027,0.7092366273108859,673208.5648958776,54.680723544862374,2.3641220910362866,8.007950816168677,61.927083333333336,2193,2355.9052505493164,100.0,0,0.0,65.05208333333333,2013,4766.188011169434,4206,1682.483800783126,81.52145140001771,1779.5446277547921,1346.7654559819562,0,5760,1.0,False,False,complete,knock,knockout,,2,2020,0.0,1712067057.0,,,regen-v2,637c6b535a9e,86e95e8,local,0.04235727841169543
5760,8.761931567681142,16.371391900487495,7.6094603328063535,4.998325752026301,2.2937012106198083,0.31743337016024353,665087.7959573045,55.536952800292234,1.0581112338674785,7.6456707020660275,65.83333333333333,1968,1859.2132873535156,100.0,0,0.0,64.84375,2025,4696.302837371826,3993,1708.8293162450932,36.48659421960563,1699.0379341630328,1326.75062273269,0,5760,1.0,False,False,complete,knock,knockin,,2,2020,0.04235727841169543,1712067057.0,,,regen-v2,637c6b535a9e,86e95e8,local,0.04235727841169543
5760,2.1228022274437937,8.48242333791984,6.359621110476046,4.70113820389814,1.6482359081247653,0.010246998453140258,344598.44810299354,52.234868932201564,0.03415666151046753,5.494119693749218,66.85763888888889,1909,1915.6523609161377,100.0,0,0.0,60.572916666666664,2271,6880.757526397705,4180,1607.2267372477595,1.177815894574222,1220.9154870884113,1491.9170782007038,0,5760,1.0,False,False,complete,cross,baseline,,2,2020,0.0048534647308764375,,,,regen-v2,637c6b535a9e,86e95e8,local,
5760,2.189230131747906,8.575392335310948,6.38616220356304,4.706975253834071,1.668772628425602,0.010414321303367616,348375.3136220072,52.29972504260079,0.034714404344558726,5.56257542808534,66.66666666666666,1920,1941.1606063842773,100.0,0,0.0,60.520833333333336,2274,6823.468647003174,4194,1609.2223101749776,1.1970484211786268,1236.1278729713438,1494.5165227600023,0,5760,1.0,False,False,complete,cross,ko_uboil,,2,2020,0.0,,,,regen-v2,637c6b535a9e,86e95e8,local,
5760,2.769932839311383,9.500326910239522,6.730394070928141,4.795969710271384,1.8349415595594278,0.09948280109732877,385950.78072848066,53.288552336348715,0.3316093369910959,6.116471865198093,65.86805555555556,1966,2155.7150077819824,100.0,0,0.0,60.12152777777777,2297,6529.072380065918,4263,1639.6477636947454,11.434804726439742,1359.2159699019167,1527.9739399929167,0,5760,1.0,False,False,complete,cross,ko_cross,,2,2020,0.0048534647308764375,,,,regen-v2,637c6b535a9e,86e95e8,local,
5760,2.678612818777343,9.631188893575203,6.952576074797861,4.944359816971753,1.8581969078103757,0.1500193500157317,391267.04880149267,54.93733129968614,0.500064500052439,6.193989692701253,65.52083333333333,1986,2180.0162467956543,100.0,0,0.0,59.70486111111111,2321,6604.234245300293,4307,1690.3794251271763,17.243603509185036,1376.442153930825,1530.1559460396088,0,5760,1.0,False,False,complete,cross,ko_both,,2,2020,0.0,,,,regen-v2,637c6b535a9e,86e95e8,local,
5760,6.233771351298863,13.967324426080857,7.7335530747819945,5.252943801146231,2.4762766312868134,0.004332642348948866,567422.5548095348,58.36604223495813,0.014442141163162886,8.254255437622712,62.11805555555555,2182,2733.13827419281,99.11458333333333,51,26966.023681640625,70.90277777777779,1676,3417.14249420166,3909,1795.8782235246117,0.49800487333441384,1834.2789871873463,1536.2316825787464,0,5760,1.0,False,False,complete,lambda,lam=1e-06,1e-06,3,2020,0.03138984869614306,505201592.0,54.0,11.047187414193642,regen-v2,637c6b535a9e,86e95e8,local,
5760,6.232894019315811,13.968033417254045,7.735139397938233,5.254229451749966,2.4765769770085173,0.0043329691797494895,567451.3575759456,58.38032724166629,0.014443230599164966,8.255256590028392,62.11805555555555,2182,2732.8751077651978,99.11458333333333,51,26958.374267578125,70.9375,1674,3421.8679580688477,3907,1796.317760956861,0.49804244954936444,1834.5014646172,1536.0385028661283,0,5760,1.0,False,False,complete,lambda,lam=0.001,0.001,3,2020,0.0313898517278676,869523678.0,51.0,11.045833198566323,regen-v2,637c6b535a9e,86e95e8,local,
5760,7.241708923412114,15.015490473688152,7.7737815502760395,5.2143879368321695,2.558699589628327,0.0006940238155424595,610004.3004935812,57.93764374257967,0.002313412718474865,8.528998632094423,61.09375,2241,2758.9989910125732,98.90625,63,30867.824951171875,68.31597222222221,1825,3823.716781616211,4129,1782.6967299444839,0.0797728545017144,1895.3330287980107,1523.33708535513,0,5760,1.0,False,False,complete,lambda,lam=0.01,0.01,3,2020,0.03130943798110284,2074673513.0,45.0,11.121782367669557,regen-v2,637c6b535a9e,86e95e8,local,
5760,5.970714632789594,13.040510938474075,7.069796305684481,4.8238979466531475,2.243685240952028,0.0022131180793046952,529770.7568755093,53.598866073923865,0.007377060264348984,7.478950803173427,62.17013888888889,2179,2969.9396047592163,99.11458333333333,51,21083.948120117188,60.26041666666667,2289,5145.408950805664,4519,1649.1958787116173,0.2543813776108627,1661.989067265029,1539.428523131645,0,5760,1.0,False,False,complete,lambda,lam=0.02,0.02,3,2020,0.03302356021294514,2829655138.0,40.0,10.019232260774418,regen-v2,637c6b535a9e,86e95e8,local,
5760,8.380009522838536,15.811524521108554,7.431514998270017,5.053802208531483,2.365310625365232,0.012402164373302367,642343.183670035,56.15335787257204,0.04134054791100789,7.8843687512174405,68.21180555555556,1831,1963.0905351638794,99.6875,18,768.612060546875,59.201388888888886,2350,5742.535064697266,4199,1727.7956266003266,1.4255361384567318,1752.081944976292,1568.3885537711335,0,5760,1.0,False,False,complete,lambda,lam=0.03,0.03,3,2020,0.0363170227367301,93991783.0,37.0,9.590150692137135,regen-v2,637c6b535a9e,86e95e8,local,
5760,1.8848229351359402,14.128248544850884,12.243425609714944,4.927897568045836,2.7777279059844853,4.537800135684621,573960.0971345671,54.754417422731514,15.126000452282069,9.259093019948285,58.958333333333336,2364,3531.7151889801025,97.22222222222221,160,28620.95458984375,63.03819444444444,2129,4907.123569488525,4653,1684.7513053954638,521.5862223075771,2057.576226674958,1620.7323566143823,0,5760,1.0,False,False,complete,lambda,lam=0.04,0.04,3,2020,0.0,1035633941.0,33.0,10.985986135862333,regen-v2,637c6b535a9e,86e95e8,local,
5760,1.0984079892499476,13.011678655897304,11.913270666647357,4.878860120705466,2.132141450874422,4.902269095067468,528599.445395828,54.2095568967274,16.340896983558228,7.1071381695814075,54.895833333333336,2598,3800.686728477478,100.0,0,0.0,65.88541666666666,1965,4660.563514709473,4563,1667.986366838164,563.4792062635019,1579.3640386654592,1557.7019816842264,0,5760,1.0,False,False,complete,lambda,lam=0.05,0.05,3,2020,0.0,2069937656.0,31.0,9.42538404746786,regen-v2,637c6b535a9e,86e95e8,local,
5760,5.699365898417838,13.431959358522647,7.73259346010481,5.399140581957493,2.333374841214763,7.803693255409598e-05,545673.3489399826,59.99045091063881,0.00026012310851365327,7.777916137382543,59.68750000000001,2322,3255.9238023757935,100.0,0,0.0,73.80208333333333,1509,3086.0221099853516,3831,1845.8600267564168,0.008969762230709064,1728.4258069359119,1547.1641000935888,0,5760,1.0,False,False,complete,lambda,lam=0.06,0.06,3,2020,0.0,2305607632.0,27.0,10.098089178862617,regen-v2,637c6b535a9e,86e95e8,local,
5760,2.599539812414555,5.328310848997532,2.7287710365829767,0.28450760836792255,2.122843953644601,0.32141947457045317,216462.62824052473,3.161195648532473,1.0713982485681772,7.076146512148671,30.694444444444446,3992,19314.680448055267,96.96180555555556,175,81933.47778320312,28.333333333333332,4128,26764.129245758057,8295,97.26755820367264,36.94476722100188,1572.477002535404,1411.8489008755525,0,5760,1.0,False,False,complete,lambda,lam=0.07,0.07,3,2020,0.0,2113384468.0,23.0,13.900798614182483,regen-v2,637c6b535a9e,86e95e8,local,
5760,3.2793813829383933,5.817799665423894,2.538418282485501,0.2773819624624424,1.9582918193658871,0.302744500657171,236348.1114078457,3.082021805138249,1.0091483355239035,6.527639397886291,32.88194444444444,3866,17967.178161621094,97.23958333333333,159,68010.81457519531,24.56597222222222,4345,31186.438442230225,8370,94.83144019667594,34.79821840550625,1450.5865326615121,1428.8623827468746,0,5760,1.0,False,False,complete,lambda,lam=0.08,0.08,3,2020,0.0,705892111.0,21.0,16.877964738626787,regen-v2,637c6b535a9e,86e95e8,local,
5760,3.5296583930129994,6.094642578416652,2.5649841854036515,0.2855584376004202,1.9635632671335763,0.3158624806696549,247594.85474817647,3.172871528893558,1.0528749355655163,6.545210890445254,32.88194444444444,3866,17749.073179244995,97.22222222222221,160,68564.82189941406,24.305555555555554,4360,31163.134979248047,8386,97.62681626474651,36.30603228862436,1454.4913089938555,1390.7875256152502,0,5760,1.0,False,False,complete,lambda,lam=0.1,0.1,3,2020,0.0,566087062.0,19.0,15.210930045564758,regen-v2,637c6b535a9e,86e95e8,local,
5760,5.126358731964609,6.150814495233526,1.024455763268918,0.36980828004615124,0.2314314241407654,0.42321605908200144,249876.83886886202,4.10898088940168,1.410720196940005,0.771438080469218,33.454861111111114,3833,17099.46007347107,92.91666666666667,408,448140.76123046875,25.763888888888886,4276,30179.20232772827,8517,126.43018115305999,48.64552402204367,171.43068448608423,1289.8282094348876,0,5760,1.0,False,False,complete,lambda,lam=0.15,0.15,3,2020,0.0,3711731234.0,13.0,2.769446720085532,regen-v2,637c6b535a9e,86e95e8,local,
5760,0.5861587744277883,5.596592060553925,5.010433286126136,1.6740930063327681,0.9273401123031055,2.4090001674902624,227361.55246000318,18.601033403697425,8.030000558300875,3.0911337076770184,28.854166666666664,4098,18687.74084186554,66.16319444444444,1949,2181104.37399292,20.29513888888889,4591,30301.32875061035,10638,572.3394896651087,276.8965708033852,686.9186011126106,419.1716976184098,0,5760,1.0,False,False,complete,lambda,lam=0.2,0.2,3,2020,0.0,3958514315.0,11.0,21.051047267417392,regen-v2,637c6b535a9e,86e95e8,local,
5760,0.9752725755086251,12.882761890118706,11.907489314610082,4.718520640892361,2.049337654670605,5.139631019047114,523362.20178607246,52.42800712102624,17.132103396823712,6.831125515568683,55.06944444444445,2588,3966.009171485901,100.0,0,0.0,60.763888888888886,2260,5388.898818969727,4848,1613.1694505472828,590.7621861766293,1518.0278924612335,1532.6438828151515,0,5760,1.0,False,False,complete,knock,baseline,,3,2020,0.0,4174263774.0,,,regen-v2,637c6b535a9e,86e95e8,local,0.03138984869614306
5760,0.9752725755086251,12.882761890118706,11.907489314610082,4.718520640892361,2.049337654670605,5.139631019047114,523362.20178607246,52.42800712102624,17.132103396823712,6.831125515568683,55.06944444444445,2588,3966.009171485901,100.0,0,0.0,60.763888888888886,2260,5388.898818969727,4848,1613.1694505472828,590.7621861766293,1518.0278924612335,1532.6438828151515,0,5760,1.0,False,False,complete,knock,knockout,,3,2020,0.0,4174263774.0,,,regen-v2,637c6b535a9e,86e95e8,local,0.03138984869614306
5760,5.358454486432375,16.28470432262162,10.926249836189243,4.595751892879596,2.02570765120442,4.304790292105227,661566.1131065033,51.0639099208844,14.34930097368409,6.7523588373480665,59.13194444444444,2354,3123.7010431289673,100.0,0,0.0,59.86111111111111,2312,5639.90930557251,4666,1571.1972275672906,494.80348198674307,1500.5241860286105,1543.575858547265,0,5760,1.0,False,False,complete,knock,knockin,,3,2020,0.03138984869614306,4174263774.0,,,regen-v2,637c6b535a9e,86e95e8,local,0.03138984869614306
5760,3.3373052581547564,9.836908095595305,6.499602837440547,4.728430679793664,1.7670849577748955,0.004087199871987104,399624.3913835592,52.53811866437405,0.013623999573290347,5.890283192582985,55.22569444444444,2579,3302.645238876343,99.65277777777779,20,3272.928955078125,72.30902777777779,1595,4385.498142242432,4194,1616.5574965272772,0.46979308329662384,1308.9518214826278,1460.1433354875971,0,5760,1.0,False,False,complete,cross,baseline,,3,2020,0.08917148077492269,,,,regen-v2,637c6b535a9e,86e95e8,local,
5760,3.3551663863138717,11.725663163273836,8.370496776959964,5.884480622416087,2.1477061782579296,0.33830997628594794,476355.0660079996,65.38311802684541,1.12769992095316,7.159020594193099,52.708333333333336,2724,4269.167349815369,94.6875,306,245575.85180664062,64.14930555555556,2065,5561.807502746582,5095,2011.7882461806348,38.886204129842014,1590.8934648899885,1496.2545434831904,0,5760,1.0,False,False,complete,cross,ko_uboil,,3,2020,0.0,,,,regen-v2,637c6b535a9e,86e95e8,local,
5760,2.5643349135252405,8.956291151709824,6.391956238184582,4.790886851356948,1.599573700315939,0.0014956865116953848,363849.32803821156,53.23207612618831,0.004985621705651283,5.331912334386463,57.395833333333336,2454,2891.1835565567017,100.0,0,0.0,72.98611111111111,1556,4366.935878753662,4010,1637.9100356861888,0.17191799698371593,1184.8694077642438,1476.850030213223,0,5760,1.0,False,False,complete,cross,ko_cross,,3,2020,0.08917148077492269,,,,regen-v2,637c6b535a9e,86e95e8,local,
5760,4.127261899813814,10.99447850663016,6.8672166068163465,4.640719099978977,1.994628089307164,0.23186941753020512,446650.68933185027,51.563545555321966,0.7728980584340172,6.648760297690547,54.23611111111111,2636,3538.7732877731323,97.22222222222221,160,165302.35546875,67.88194444444444,1850,4516.117294311523,4646,1586.570632132322,26.651657098501378,1477.502288348353,1472.5066046629652,0,5760,1.0,False,False,complete,cross,ko_both,,3,2020,0.0,,,,regen-v2,637c6b535a9e,86e95e8,local,
5760,7.526436397236483,15.964047395852795,8.437610998616313,5.275499771832536,3.1469980774444437,0.015113149339333175,648539.4254565198,58.61666413147262,0.05037716446444392,10.489993591481479,64.40972222222221,2050,2108.1225032806396,99.16666666666667,48,53232.85168457031,75.03472222222223,1438,2429.7507400512695,3536,1803.5896660343312,1.7371436203663406,2331.1096876464426,1544.7902129047584,0,5760,1.0,False,False,complete,lambda,lam=1e-06,1e-06,4,2020,0.03557852608900392,2788475049.0,54.0,11.560646955335642,regen-v2,637c6b535a9e,86e95e8,local,
5760,7.52617465249519,15.963966828089346,8.437792175594156,5.275766167048511,3.146954087805413,0.015071920740231873,648536.1523911296,58.61962407831679,0.050239735800772914,10.489846959351377,64.44444444444444,2048,2108.1530981063843,99.16666666666667,48,53194.60217285156,75.05208333333333,1437,2429.0433235168457,3533,1803.6807402826262,1.7324047042192392,2331.077102747718,1544.8692139397608,0,5760,1.0,False,False,complete,lambda,lam=0.001,0.001,4,2020,0.035578527221916074,1530950364.0,51.0,11.551866597474826,regen-v2,637c6b535a9e,86e95e8,local,
5760,7.48877141628973,15.910088429392712,8.421317013102982,5.258812825461772,3.1489748767125527,0.01352931092865765,646347.3424440789,58.43125361624191,0.0450977030955255,10.496582922375175,64.32291666666666,2055,2111.3217391967773,99.23611111111111,44,48500.89562988281,74.94791666666667,1443,2400.7478523254395,3542,1797.8847266614164,1.5550932338937045,2332.573983279036,1551.4077014923164,0,5760,1.0,False,False,complete,lambda,lam=0.01,0.01,4,2020,0.035566755863252204,2588184664.0,45.0,11.661072814279136,regen-v2,637c6b535a9e,86e95e8,local,
5760,4.735010984962854,13.059255835657936,8.324244850695083,5.506831509949668,2.800912406976814,0.016500933768600224,530532.2683236037,61.18701677721854,0.05500311256200075,9.336374689922714,63.78472222222222,2086,2167.1590847969055,100.0,0,0.0,77.74305555555556,1282,2290.774311065674,3368,1882.6774378037167,1.8966590732550466,2074.7499307297003,1547.5057177809297,0,5760,1.0,False,False,complete,lambda,lam=0.02,0.02,4,2020,0.03830800824033285,3827951325.0,39.0,11.746230573310632,regen-v2,637c6b535a9e,86e95e8,local,
5760,4.348768174754712,13.381087752758585,9.032319578003875,5.115888207117937,3.895072921525953,0.021358449359983205,543606.6899558175,56.84320230131041,0.07119483119994402,12.983576405086511,61.66666666666667,2208,2307.5946497917175,99.01041666666667,57,5788.318603515625,70.50347222222221,1699,3176.6753997802734,3964,1749.0216091342618,2.454994172163042,2885.2392014701263,1527.659381687855,0,5760,1.0,False,False,complete,lambda,lam=0.03,0.03,4,2020,0.03830800824033285,3219201927.0,36.0,9.987069538187628,regen-v2,637c6b535a9e,86e95e8,local,
5760,-2.0055024370482237,10.560068536160443,12.565570973208667,4.572776769425715,3.019688747685794,4.973105456097157,429002.784281518,50.808630771396835,16.577018186990525,10.065629158952648,48.298611111111114,2978,5255.169275760651,88.62847222222221,655,833375.8176269531,63.81944444444444,2084,4040.3601837158203,5717,1563.342484893812,571.6213167289998,2236.8064796205535,1592.7844597058627,0,5760,1.0,False,False,complete,lambda,lam=0.04,0.04,4,2020,0.0,2391043642.0,28.0,11.315280794822417,regen-v2,637c6b535a9e,86e95e8,local,
5760,0.0006327363623372939,9.264179206034074,9.263546469671738,4.736678195665698,4.495812524647988,0.03105574935805053,376357.28024513426,52.62975772961887,0.1035191645268351,14.986041748826628,48.47222222222222,2968,5485.944093704224,79.39236111111111,1187,1560055.6143798828,72.13541666666666,1605,2806.7928619384766,5760,1619.377161161447,3.5696263581658405,3330.231500841281,1614.9458443443627,0,5760,1.0,False,False,complete,lambda,lam=0.05,0.05,4,2020,0.0,719956284.0,28.0,8.61400397085896,regen-v2,637c6b535a9e,86e95e8,local,
5760,5.530092499451609,13.357650516474472,7.827558017022865,5.485439489936246,2.3420428731336065,7.565395301207899e-05,542654.5522317755,60.949327665958286,0.00025217984337359665,7.806809577112022,64.32291666666666,2055,2394.584472179413,100.0,0,0.0,76.23263888888889,1369,3053.442657470703,3424,1875.3639286080393,0.008695856928046631,1734.8465715343364,1632.695941879464,0,5760,1.0,False,False,complete,lambda,lam=0.06,0.06,4,2020,0.0,3323719929.0,25.0,8.362982527027741,regen-v2,637c6b535a9e,86e95e8,local,
5760,1.8604858870278225,4.7207851595168275,2.860299272489005,0.3067364861272132,2.196206196838834,0.3573565895229578,191781.8971053711,3.408183179191258,1.1911886317431928,7.320687322796113,29.80902777777778,4043,19892.36144208908,96.54513888888889,199,99596.97033691406,30.97222222222222,3976,25602.66329574585,8218,104.86717496313754,41.07547003335813,1626.8194057533547,1504.9434005391465,0,5760,1.0,False,False,complete,lambda,lam=0.07,0.07,4,2020,0.0,983778030.0,24.0,10.500233671005764,regen-v2,637c6b535a9e,86e95e8,local,
5760,2.2031763810693854,4.967514823880491,2.7643384428111064,0.29029349680513944,2.1409575503876694,0.33308739561829714,201805.28972014494,3.2254832978348826,1.1102913187276573,7.136525167958898,30.486111111111114,4004,19797.364089488983,97.17013888888889,163,69277.02587890625,30.451388888888886,4006,25566.99308013916,8173,99.24563993337243,38.285907619222975,1585.894482292455,1434.006946335427,0,5760,1.0,False,False,complete,lambda,lam=0.08,0.08,4,2020,0.0,3082728550.0,23.0,10.500233671005764,regen-v2,637c6b535a9e,86e95e8,local,
5760,2.997950651553584,5.620721637056288,2.622770985502704,0.2865451429633489,2.015404404729366,0.32082143780998884,228341.8165054117,3.1838349218149875,1.0694047926999628,6.718014682431221,32.65625,3879,18142.63727426529,97.37847222222223,151,60582.33203125,25.260416666666668,4305,31343.645164489746,8335,97.96415151482569,36.876027374222716,1492.8921511236094,1469.227252965019,0,5760,1.0,False,False,complete,lambda,lam=0.1,0.1,4,2020,0.0,2225052199.0,21.0,10.581976218822717,regen-v2,637c6b535a9e,86e95e8,local,
5760,5.007579709217397,6.04672666337963,1.039146954162233,0.37747091814051464,0.23559596160748,0.42608007441423834,245648.27069979743,4.194121312672385,1.4202669147141278,0.7853198720249334,33.611111111111114,3824,17098.052936077118,92.77777777777779,416,462097.12158203125,25.451388888888886,4294,30479.994598388672,8534,129.0498864715438,48.97472114072714,174.51552712952827,1314.7647128806009,0,5760,1.0,False,False,complete,lambda,lam=0.15,0.15,4,2020,0.0,2336440818.0,13.0,2.6123276087560026,regen-v2,637c6b535a9e,86e95e8,local,
5760,5.007579709217397,6.04672666337963,1.039146954162233,0.37747091814051464,0.23559596160748,0.42608007441423834,245648.27069979743,4.194121312672385,1.4202669147141278,0.7853198720249334,33.611111111111114,3824,17098.052936077118,92.77777777777779,416,462097.12158203125,25.451388888888886,4294,30479.994598388672,8534,129.0498864715438,48.97472114072714,174.51552712952827,1314.7647128806009,0,5760,1.0,False,False,complete,lambda,lam=0.2,0.2,4,2020,0.0,907985741.0,13.0,2.6123276087560026,regen-v2,637c6b535a9e,86e95e8,local,
5760,0.20536480375902677,9.6858620513557,9.480497247596675,4.589973630682982,4.857059034957537,0.0334645819561556,393488.14583632536,50.99970700758869,0.11154860652051866,16.19019678319179,47.95138888888889,2998,5654.231999874115,67.53472222222221,1870,2070922.4118652344,67.96875,1845,3290.9667625427246,6713,1569.2217553908868,3.846503678432082,3597.8215071580976,1590.018502971022,0,5760,1.0,False,False,complete,knock,baseline,,4,2020,0.0,3155591308.0,,,regen-v2,637c6b535a9e,86e95e8,local,0.03557852608900392
5760,0.20536480375902677,9.6858620513557,9.480497247596675,4.589973630682982,4.857059034957537,0.0334645819561556,393488.14583632536,50.99970700758869,0.11154860652051866,16.19019678319179,47.95138888888889,2998,5654.231999874115,67.53472222222221,1870,2070922.4118652344,67.96875,1845,3290.9667625427246,6713,1569.2217553908868,3.846503678432082,3597.8215071580976,1590.018502971022,0,5760,1.0,False,False,complete,knock,knockout,,4,2020,0.0,3155591308.0,,,regen-v2,637c6b535a9e,86e95e8,local,0.03557852608900392
5760,3.1317989204345285,13.05358054235461,9.921781621920081,4.731404582298621,5.190292962683613,8.407693784683943e-05,530301.709533156,52.57116202554024,0.00028025645948946476,17.30097654227871,52.986111111111114,2708,3728.097502708435,58.454861111111114,2393,2117855.328857422,69.89583333333333,1734,3476.4914741516113,6835,1617.5742159413803,0.009664015464142821,3844.661452990155,1585.1443734734567,0,5760,1.0,False,False,complete,knock,knockin,,4,2020,0.03557852608900392,3155591308.0,,,regen-v2,637c6b535a9e,86e95e8,local,0.03557852608900392
5760,3.4371748162694518,10.818069842813678,7.380895026544227,5.347599124458405,2.0223380053752615,0.010957896710559726,439484.0873643056,59.417768049537834,0.03652632236853242,6.741126684584206,64.46180555555556,2047,2041.280673980713,97.29166666666667,156,95728.07543945312,72.03125,1611,3892.1707153320312,3814,1828.239018318224,1.2595283760235696,1498.0281524383968,1551.9246303581558,0,5760,1.0,False,False,complete,cross,baseline,,4,2020,0.15121996681227057,,,,regen-v2,637c6b535a9e,86e95e8,local,
5760,0.26068579663019076,11.373440290043211,11.112754493413021,4.5151823183704725,3.146529018676217,3.451043156366329,462046.01178300544,50.16869242633859,11.503477187887764,10.488430062254057,41.267361111111114,3383,10165.814730644226,82.01388888888889,1036,4813905.247314453,38.50694444444444,3542,15437.365634918213,7961,1543.6520751026962,396.6716270341278,2330.762236806306,1466.5956800423787,0,5760,1.0,False,False,complete,cross,ko_uboil,,4,2020,0.0,,,,regen-v2,637c6b535a9e,86e95e8,local,
5760,2.9618919477674717,10.123994735999837,7.162102788232366,5.551518136000844,1.6081032753332325,0.002481376898288727,411287.28614999336,61.683534844453824,0.00827125632762909,5.360344251110775,70.46875,1701,1467.0677785873413,99.6875,18,4723.3526611328125,69.65277777777777,1748,4367.083461761475,3467,1897.9549195226223,0.28521573261421435,1191.187611775776,1485.2398618706607,0,5760,1.0,False,False,complete,cross,ko_cross,,4,2020,0.15121996681227057,,,,regen-v2,637c6b535a9e,86e95e8,local,
5760,3.1319788543562033,11.081728799218443,7.949749944862239,4.980379765756989,2.38862426334998,0.5807459157552701,450195.2324682492,55.33755295285543,1.935819719184234,7.962080877833268,54.87847222222222,2599,3240.1094512939453,89.96527777777777,578,1606379.157836914,68.125,1836,4978.331840515137,5013,1702.6939369468005,66.75240416521262,1769.351305783743,1463.7208151578188,0,5760,1.0,False,False,complete,cross,ko_both,,4,2020,0.0,,,,regen-v2,637c6b535a9e,86e95e8,local,
5760,7.073711743282537,16.204350805562008,9.130639062279467,5.292710883339952,3.7866813687607253,0.051246810178791055,658301.7514759565,58.80789870377725,0.17082270059597018,12.622271229202418,63.33333333333333,2112,2056.9168090820312,94.89583333333333,294,207748.2371826172,72.93402777777777,1559,3070.241279602051,3965,1809.4738066161144,5.890437899136391,2804.949162386231,1510.4567408916996,0,5760,1.0,False,False,complete,lambda,lam=1e-06,1e-06,5,2020,0.04212073167584574,3974886160.0,53.0,10.856748868435298,regen-v2,637c6b535a9e,86e95e8,local,
5760,7.048149769104412,16.186867152364577,9.138717383260166,5.30168909426027,3.784911318956381,0.05211697004351532,657591.478064811,58.9076566028919,0.17372323347838442,12.616371063187938,63.31597222222223,2113,2058.0199365615845,94.86111111111111,296,209360.025390625,72.95138888888889,1558,3071.5759773254395,3967,1812.5432807936722,5.990456330934231,2803.6380137877486,1510.181789901486,0,5760,1.0,False,False,complete,lambda,lam=0.001,0.001,5,2020,0.0421155230892812,353076896.0,47.0,10.878601220953982,regen-v2,637c6b535a9e,86e95e8,local,
5760,6.966085005065109,16.08475227552302,9.118667270457909,5.277095667435402,3.8067489956299454,0.03482260739256162,653443.0611931226,58.63439630483781,0.1160753579752054,12.689163318766486,63.35069444444444,2111,2053.412533760071,95.10416666666667,282,179685.087890625,72.82986111111111,1565,3085.0460319519043,3958,1804.1352692393666,4.002598572496055,2819.8140708494666,1515.2200876342145,0,5760,1.0,False,False,complete,lambda,lam=0.01,0.01,5,2020,0.042180666638484896,783912088.0,43.0,11.399815853467116,regen-v2,637c6b535a9e,86e95e8,local,
5760,6.580353227305677,15.817698452788608,9.237345225482931,5.079437040840304,4.143056703575983,0.014851481066644192,642593.9996445372,56.43818934267005,0.04950493688881397,13.810189011919944,62.65625,2151,2109.5231943130493,95.32986111111111,269,42926.703369140625,72.06597222222221,1609,2935.343162536621,4029,1736.5596718065703,1.7070667829579689,3068.9308899022444,1545.3186387676062,0,5760,1.0,False,False,complete,lambda,lam=0.02,0.02,5,2020,0.04303759404267679,3544880670.0,38.0,8.947619698017482,regen-v2,637c6b535a9e,86e95e8,local,
5760,6.8058293772962895,15.67439303097731,8.868563653681022,5.060052859735167,3.7937071566562253,0.014803637289628385,636772.2168834533,56.22280955261297,0.04934545763209462,12.645690522187419,63.420138888888886,2107,2135.392906188965,96.90972222222223,178,20918.698486328125,69.61805555555556,1750,3280.306064605713,4035,1729.932601561572,1.701567487814846,2810.1534478439416,1613.3563227811205,0,5760,1.0,False,False,complete,lambda,lam=0.03,0.03,5,2020,0.04303759404267679,883894639.0,35.0,8.71800113537168,regen-v2,637c6b535a9e,86e95e8,local,
5760,2.244426809277468,14.34439953145994,12.099972722182471,4.9409452394802456,3.3098421338068755,3.8491853488953502,582741.2309655601,54.89939154978051,12.830617829651167,11.032807112689586,60.34722222222222,2284,2765.8693265914917,97.44791666666667,147,26181.0361328125,60.46875000000001,2277,4742.994457244873,4708,1689.2120488697751,442.4350975611449,2451.73491398697,1620.8563367004992,0,5760,1.0,False,False,complete,lambda,lam=0.04,0.04,5,2020,0.05265320683088655,208098328.0,30.0,9.32275386633103,regen-v2,637c6b535a9e,86e95e8,local,
5760,0.12103230804089105,9.40551498531187,9.28448267727098,4.671876337493194,4.577396854045393,0.03520948573239148,382099.0462782947,51.90973708325772,0.11736495244130493,15.257989513484643,47.41319444444444,3029,5801.281591892242,78.47222222222221,1240,1323223.351928711,69.63541666666667,1749,3027.642234802246,6018,1597.222677819485,4.047067320835101,3390.6643354193698,1550.7877413157398,0,5760,1.0,False,False,complete,lambda,lam=0.05,0.05,5,2020,0.0,1726311902.0,27.0,9.151073320269031,regen-v2,637c6b535a9e,86e95e8,local,
5760,5.37870732074763,13.119017499033301,7.740310178285672,5.518853030301356,2.221376931096721,8.021688759326934e-05,532960.0858982279,61.32058922557063,0.0002673896253108978,7.404589770322403,60.10416666666667,2298,3119.773091316223,100.0,0,0.0,79.13194444444444,1202,2719.9554023742676,3500,1886.7873596242093,0.00922033159356524,1645.4643937972123,1650.6547289542584,0,5760,1.0,False,False,complete,lambda,lam=0.06,0.06,5,2020,0.0,1173843496.0,26.0,12.78588869944754,regen-v2,637c6b535a9e,86e95e8,local,
5760,1.9683707493945826,4.593589777609025,2.6252190282144428,0.2758087514860871,2.0380945469528897,0.31131572977546607,186614.58471536665,3.0645416831787453,1.0377190992515537,6.793648489842966,30.29513888888889,4015,20310.729055404663,96.85763888888889,181,87882.408203125,28.42013888888889,4123,25238.574756622314,8319,94.29359025138356,35.78341721734943,1509.699663818874,1546.2601465382465,0,5760,1.0,False,False,complete,lambda,lam=0.07,0.07,5,2020,0.0,2525513471.0,24.0,11.955330244830538,regen-v2,637c6b535a9e,86e95e8,local,
5760,3.1487321006301094,5.7198921891231675,2.5711600884930585,0.24991383864178998,2.041308268272375,0.27993798157889394,232370.6201831287,2.776820429353222,0.9331266052629799,6.80436089424125,33.07291666666667,3855,18243.106899261475,97.39583333333334,150,59251.00793457031,24.39236111111111,4355,31511.672340393066,8360,85.44062862586792,32.176779485812204,1512.0801981724578,1476.1133013128951,0,5760,1.0,False,False,complete,lambda,lam=0.08,0.08,5,2020,0.0,2170233651.0,20.0,2.74188852129245,regen-v2,637c6b535a9e,86e95e8,local,
5760,3.3713842369925975,5.913532632169071,2.542148395176474,0.25387762883767306,2.003451433636529,0.2848193327022716,240237.26318186853,2.820862542640812,0.9493977756742388,6.678171445455097,32.89930555555556,3865,18082.214253902435,97.46527777777779,146,60903.381103515625,24.35763888888889,4357,31486.400199890137,8368,86.79577071985386,32.737854370726595,1484.0380979109627,1449.7972675088604,0,5760,1.0,False,False,complete,lambda,lam=0.1,0.1,5,2020,0.0,328101563.0,19.0,3.1303492153407175,regen-v2,637c6b535a9e,86e95e8,local,
5760,3.3713842369925975,5.913532632169071,2.542148395176474,0.25387762883767306,2.003451433636529,0.2848193327022716,240237.26318186853,2.820862542640812,0.9493977756742388,6.678171445455097,32.89930555555556,3865,18082.214253902435,97.46527777777779,146,60903.381103515625,24.35763888888889,4357,31486.400199890137,8368,86.79577071985386,32.737854370726595,1484.0380979109627,1449.7972675088604,0,5760,1.0,False,False,complete,lambda,lam=0.15,0.15,5,2020,0.0,3098082555.0,19.0,3.1303492153407175,regen-v2,637c6b535a9e,86e95e8,local,
5760,0.9988717918767969,5.467454122409325,4.468582330532527,1.347065831242203,0.7429599035469702,2.3785565957433543,222115.32372287882,14.967398124913368,7.928521985811181,2.476533011823234,27.881944444444446,4154,21072.68964791298,74.54861111111111,1466,1753849.5023651123,20.052083333333336,4605,30617.977966308594,10225,460.5353264919888,273.39730996961407,550.3406695712488,428.9784785116273,0,5760,1.0,False,False,complete,lambda,lam=0.2,0.2,5,2020,0.0,251410078.0,13.0,27.94919771589994,regen-v2,637c6b535a9e,86e95e8,local,
5760,-0.14651125005833654,9.311938519405231,9.458449769463568,4.693856882203419,4.735258342949059,0.029334544311091303,378297.5023508376,52.15396535781577,0.09778181437030435,15.784194476496864,49.04513888888889,2935,5631.571829795837,73.59375,1521,1508094.9849853516,68.47222222222223,1816,3119.6437797546387,6272,1604.737395687532,3.371786703260781,3507.598772875674,1536.3385483205734,0,5760,1.0,False,False,complete,knock,baseline,,5,2020,0.0,3929851121.0,,,regen-v2,637c6b535a9e,86e95e8,local,0.04212073167584574
5760,-0.14651125005833654,9.311938519405231,9.458449769463568,4.693856882203419,4.735258342949059,0.029334544311091303,378297.5023508376,52.15396535781577,0.09778181437030435,15.784194476496864,49.04513888888889,2935,5631.571829795837,73.59375,1521,1508094.9849853516,68.47222222222223,1816,3119.6437797546387,6272,1604.737395687532,3.371786703260781,3507.598772875674,1536.3385483205734,0,5760,1.0,False,False,complete,knock,knockout,,5,2020,0.0,3929851121.0,,,regen-v2,637c6b535a9e,86e95e8,local,0.04212073167584574
5760,3.0738166627760632,12.931411127354703,9.85759446457864,4.894901358080933,4.962543195690655,0.00014991080705076455,525338.5770487848,54.38779286756592,0.0004997026901692152,16.541810652302186,54.34027777777778,2630,3601.4727540016174,71.70138888888889,1630,1423800.7811279297,70.41666666666667,1704,3229.50089263916,5964,1673.4705499357547,0.01723112700449136,3675.9579231922708,1537.3945656403516,0,5760,1.0,False,False,complete,knock,knockin,,5,2020,0.04212073167584574,3929851121.0,,,regen-v2,637c6b535a9e,86e95e8,local,0.04212073167584574
5760,-4.649265496562485,2.529921321801936,7.179186818364421,3.851450925846925,1.5901463932755533,1.7375894992419434,102778.05369820367,42.79389917607695,5.791964997473145,5.300487977585178,61.49305555555556,2218,5369.766823768616,80.98958333333334,1095,6324452.696655273,69.09722222222221,1780,9720.685970306396,5093,1316.7353599294433,199.722930895816,1177.8862167359816,1106.9418028293621,0,5760,1.0,False,False,complete,cross,baseline,,5,2020,0.11763167216603854,,,,regen-v2,637c6b535a9e,86e95e8,local,
5760,-4.148960317326759,6.846189178471663,10.995149495798422,4.405125142319893,2.795104816132924,3.7949195373456037,278126.4353754113,48.945834914665475,12.649731791152012,9.317016053776415,57.395833333333336,2454,6306.068323612213,71.96180555555556,1615,10465177.757324219,37.30902777777778,3611,18278.287300109863,7680,1506.025688865862,436.1976477550248,2070.4480122541286,1281.3179881565302,0,5760,1.0,False,False,complete,cross,ko_uboil,,5,2020,0.0,,,,regen-v2,637c6b535a9e,86e95e8,local,
5760,-2.158541787515322,3.663186745279559,5.821728532794881,4.393666839727953,1.1900590011499548,0.2380026919169735,148816.96152698208,48.8185204414217,0.7933423063899118,3.966863337166516,65.98958333333333,1959,2520.914765357971,98.55902777777777,83,519214.32775878906,76.00694444444444,1382,6721.639366149902,3424,1502.1083216016677,27.356631274154243,881.525186257071,1284.8302567801443,0,5760,1.0,False,False,complete,cross,ko_cross,,5,2020,0.11763167216603854,,,,regen-v2,637c6b535a9e,86e95e8,local,
5760,-5.518100035855907,3.0605191356502237,8.578619171506132,3.6061545044987033,2.048486189009974,2.9239784779974545,124333.58988579034,40.068383383318924,9.746594926658181,6.828287296699913,59.30555555555556,2344,6663.376766204834,66.73611111111111,1916,10281285.406616211,57.49999999999999,2448,13301.558834075928,6708,1232.873335622719,336.0894803653316,1517.3971769263308,961.8563606885477,0,5760,1.0,False,False,complete,cross,ko_both,,5,2020,0.0,,,,regen-v2,637c6b535a9e,86e95e8,local,
5760,7.8194776461766065,15.916513396152219,8.09703574997561,5.343694138117032,2.748237305254645,0.005104306603933219,646608.3567186838,59.37437931241146,0.017014355346444063,9.160791017515484,66.82291666666667,1911,1880.8215942382812,99.07986111111111,53,33221.20654296875,68.07291666666667,1839,3358.9775314331055,3803,1826.9039787581962,0.5867019120457542,2035.7313368530945,1470.4318437164804,0,5760,1.0,False,False,complete,lambda,lam=1e-06,1e-06,6,2020,0.04177755040883725,4045138304.0,54.0,4.012733861847573,regen-v2,637c6b535a9e,86e95e8,local,
5760,7.814417115673821,15.91206714585278,8.097650030178958,5.3442282688538265,2.7483308256984795,0.00509093562665236,646427.7278002691,59.380314098375855,0.016969785422174533,9.161102752328265,66.84027777777779,1910,1881.1822862625122,99.07986111111111,53,33230.69787597656,68.07291666666667,1839,3356.6276359558105,3802,1827.0865872151987,0.5851650175500678,2035.8006108416298,1470.4911361497889,0,5760,1.0,False,False,complete,lambda,lam=0.001,0.001,6,2020,0.04177754895910447,1235578476.0,49.0,4.011534010398985,regen-v2,637c6b535a9e,86e95e8,local,
5760,8.17644978995211,16.343332725829658,8.166882935877549,5.331404637042757,2.8240353703561114,0.01144292847868055,663947.8919868299,59.237829300475084,0.03814309492893517,9.413451234520371,67.15277777777777,1892,1863.6957931518555,99.04513888888889,55,37555.9541015625,68.26388888888889,1828,3333.2717208862305,3775,1822.7024386346006,1.3152791291882537,2091.8780520519476,1472.0829634514062,0,5760,1.0,False,False,complete,lambda,lam=0.01,0.01,6,2020,0.04292996231324513,498239976.0,43.0,3.939411270989242,regen-v2,637c6b535a9e,86e95e8,local,
5760,8.018577328387021,16.213691855119315,8.195114526732297,5.3308174092561655,2.8490345425888552,0.015262574887275697,658681.2316142223,59.23130454729073,0.05087524962425232,9.496781808629517,66.85763888888889,1909,1852.721700668335,99.11458333333333,51,30923.089111328125,68.73263888888889,1801,3220.824001312256,3761,1822.5016784256309,1.7543189247460842,2110.3959576670204,1488.447877488764,0,5760,1.0,False,False,complete,lambda,lam=0.02,0.02,6,2020,0.04405102692287449,1150838272.0,40.0,4.10956853484291,regen-v2,637c6b535a9e,86e95e8,local,
5760,8.329015628017828,16.5025484712312,8.173532843213376,5.341203934793233,2.8171088994992646,0.01522000892087817,670416.0316437676,59.34671038659148,0.050733363069593904,9.390362998330883,66.12847222222223,1951,1879.6652355194092,98.88888888888889,64,44891.029052734375,69.16666666666667,1776,3318.1817932128906,3791,1826.0526257580232,1.7494263323823296,2086.747333059858,1431.0292875823438,0,5760,1.0,False,False,complete,lambda,lam=0.03,0.03,6,2020,0.04405102692287449,461314972.0,38.0,4.106659516556332,regen-v2,637c6b535a9e,86e95e8,local,
5760,8.017546937905752,16.17453309153355,8.156986153627802,5.324551330516362,2.818479129094624,0.01395569401681423,657090.4068435506,59.1616814501818,0.04651898005604743,9.394930430315414,67.10069444444444,1895,1830.377233505249,99.23611111111111,44,23488.607421875,69.02777777777777,1784,3223.4145431518555,3723,1820.359428700621,1.604102746879344,2087.7623183196206,1504.0110484875968,0,5760,1.0,False,False,complete,lambda,lam=0.04,0.04,6,2020,0.04405102692287449,1286859601.0,34.0,4.318245613927494,regen-v2,637c6b535a9e,86e95e8,local,
5760,8.840513864497787,16.264235421642205,7.423721557144418,5.105189431646508,2.1722913718084014,0.14624075368950856,660734.5640042146,56.72432701829454,0.48746917896502856,7.240971239361338,62.62152777777777,2153,2261.984574317932,100.0,0,0.0,68.54166666666667,1812,3546.0449752807617,3965,1745.3639085765622,16.80928193514974,1609.1047203037292,1424.3756704173134,0,5760,1.0,False,False,complete,lambda,lam=0.05,0.05,6,2020,0.0,3023595126.0,30.0,2.9896463510957076,regen-v2,637c6b535a9e,86e95e8,local,
5760,5.931534790883016,13.560802968697008,7.629268177813991,5.4084223198905175,2.2207226690933988,0.0001231888300739229,550907.6206033159,60.09358133211686,0.000410629433579743,7.402408896977996,65.76388888888889,1972,2105.5022072792053,100.0,0,0.0,69.30555555555556,1768,3499.5684661865234,3740,1849.0332725746462,0.014159635264267579,1644.9797544084088,1533.252795510196,0,5760,1.0,False,False,complete,lambda,lam=0.06,0.06,6,2020,0.0,1653387337.0,24.0,3.4746502635367884,regen-v2,637c6b535a9e,86e95e8,local,
5760,5.931534790883016,13.560802968697008,7.629268177813991,5.4084223198905175,2.2207226690933988,0.0001231888300739229,550907.6206033159,60.09358133211686,0.000410629433579743,7.402408896977996,65.76388888888889,1972,2105.5022072792053,100.0,0,0.0,69.30555555555556,1768,3499.5684661865234,3740,1849.0332725746462,0.014159635264267579,1644.9797544084088,1533.252795510196,0,5760,1.0,False,False,complete,lambda,lam=0.07,0.07,6,2020,0.0,2732033782.0,24.0,3.4746502635367884,regen-v2,637c6b535a9e,86e95e8,local,
5760,3.2465126344924915,5.901313484601524,2.6548008501090328,0.2839893501107525,2.0492659920103193,0.32154550798796117,239740.86031193694,3.1554372234528056,1.0718183599598705,6.830886640034398,32.88194444444444,3866,17848.239498615265,96.96180555555556,175,82446.58227539062,25.677083333333332,4281,31103.1925201416,8322,97.09037628364658,36.95925382626317,1517.974808573035,1443.3705924530673,0,5760,1.0,False,False,complete,lambda,lam=0.08,0.08,6,2020,0.0,2990246703.0,20.0,10.385026302351188,regen-v2,637c6b535a9e,86e95e8,local,
5760,3.3232597120934413,5.892318116037175,2.5690584039437336,0.27695471824456547,1.9869276674191911,0.30517601827997715,239375.42346401024,3.077274647161839,1.0172533942665904,6.623092224730637,32.43055555555556,3892,17972.164063453674,97.41319444444444,149,63127.67053222656,24.913194444444446,4325,30816.51304626465,8366,94.68537388783155,35.07770323370569,1471.7982722791146,1394.600795934967,0,5760,1.0,False,False,complete,lambda,lam=0.1,0.1,6,2020,0.0,695302863.0,19.0,12.064382925793815,regen-v2,637c6b535a9e,86e95e8,local,
5760,5.044719229826812,6.062586016294096,1.017866786467284,0.3671864278354682,0.2304377294593491,0.4202426291724667,246292.55691194767,4.0798491981718685,1.4008087639082223,0.768125764864497,33.03819444444444,3857,17144.47131919861,92.91666666666667,408,445234.8446044922,25.590277777777775,4286,30128.015586853027,8551,125.53382136181692,48.30375053017174,170.6946138709594,1283.6975928448517,0,5760,1.0,False,False,complete,lambda,lam=0.15,0.15,6,2020,0.0,3604712711.0,13.0,2.8088191859648237,regen-v2,637c6b535a9e,86e95e8,local,
5760,0.5602688962088533,3.873288667686672,3.3130197714778182,1.1747817763200779,0.6716244689170043,1.4666135262407363,157352.35212477105,13.053130848000865,4.888711754135787,2.238748229723348,31.5625,3942,22398.06170105934,81.19791666666667,1083,1717507.8133544922,28.854166666666664,4098,21578.676666259766,9123,401.63479541691675,168.57626742243076,497.4996068549783,642.4258379185109,0,5760,1.0,False,False,complete,lambda,lam=0.2,0.2,6,2020,0.0,2149803476.0,12.0,3.4636846865390183,regen-v2,637c6b535a9e,86e95e8,local,
5760,8.784015904698476,16.298257555229778,7.514241650531303,5.315504545033898,2.1280441026858306,0.07069300281157385,662116.7131812098,59.061161611487755,0.2356433427052462,7.093480342286102,68.85416666666667,1794,1735.7619180679321,100.0,0,0.0,68.99305555555556,1786,3887.82035446167,3580,1817.2665117505921,8.125632462831511,1576.3289655141493,1440.165374975313,0,5760,1.0,False,False,complete,knock,baseline,,6,2020,0.0,1990158916.0,,,regen-v2,637c6b535a9e,86e95e8,local,0.04177755040883725
5760,8.784015904698476,16.298257555229778,7.514241650531303,5.315504545033898,2.1280441026858306,0.07069300281157385,662116.7131812098,59.061161611487755,0.2356433427052462,7.093480342286102,68.85416666666667,1794,1735.7619180679321,100.0,0,0.0,68.99305555555556,1786,3887.82035446167,3580,1817.2665117505921,8.125632462831511,1576.3289655141493,1440.165374975313,0,5760,1.0,False,False,complete,knock,knockout,,6,2020,0.0,1990158916.0,,,regen-v2,637c6b535a9e,86e95e8,local,0.04177755040883725
5760,8.81181068063383,16.158777950889757,7.346967270255928,5.290371618815126,2.040623621757989,0.015972029682813246,656450.3542548964,58.78190687572362,0.05324009894271082,6.8020787391932975,70.85069444444444,1679,1495.9174699783325,100.0,0,0.0,69.73958333333333,1743,3859.7864570617676,3422,1808.6740573165011,1.835865460075011,1511.5730528520949,1410.471994785655,0,5760,1.0,False,False,complete,knock,knockin,,6,2020,0.04177755040883725,1990158916.0,,,regen-v2,637c6b535a9e,86e95e8,local,0.04177755040883725
3685,-1.135025162329322,3.407625929802171,4.542651092131493,3.612768398660645,0.9165967540590294,0.013285939411818982,138434.8033982132,40.14187109622939,0.044286464706063275,3.0553225135300983,63.3921302578019,1349,1294.0729722976685,97.09633649932158,107,70395.20483398438,67.97829036635007,1180,2739.8069915771484,2636,1235.1344949008037,1.527119452985855,678.96055873093,832.2628334895423,0,5760,0.6398,True,False,env_terminated,cross,baseline,,6,2020,0.16283431826669362,,,,regen-v2,637c6b535a9e,86e95e8,local,
3686,-1.3731462437484039,4.784676578191558,6.157822821939962,3.0475068491824033,1.4069919514645286,1.7033240212930294,194377.48598903202,33.86118721313782,5.677746737643432,4.689973171548429,44.682582745523604,2039,4400.962520122528,78.8659793814433,779,2113326.1771240234,42.051003798155186,2136,8237.11775970459,4954,1041.8826837106199,195.78437024774323,1042.216260004233,819.2090528046945,0,5760,0.6399,True,False,env_terminated,cross,ko_uboil,,6,2020,0.0,,,,regen-v2,637c6b535a9e,86e95e8,local,
3685,-0.26241997704875736,4.349872391758326,4.612292368807084,3.834013356233134,0.7743522005521427,0.003926812021806836,176713.565915182,42.600148402590385,0.013089373406022786,2.5811740018404756,68.11397557666214,1175,946.3361082077026,99.8371777476255,6,3216.9068603515625,66.02442333785618,1252,2892.916358947754,2433,1310.7737965357705,0.4513576901581179,573.5942223860776,813.9551588728402,0,5760,0.6398,True,False,env_terminated,cross,ko_cross,,6,2020,0.16283431826669362,,,,regen-v2,637c6b535a9e,86e95e8,local,
3681,-1.6113149696864304,2.9173273354096874,4.528642305096118,3.3719096120373733,1.0392513198646505,0.11748137319409427,118516.42300101856,37.465662355970814,0.39160457731364756,3.464171066215502,58.353708231458846,1533,1786.0378684997559,92.42053789731052,279,323766.7907714844,69.30182015756587,1130,3368.23331451416,2942,1152.7896107574015,13.50360618458586,769.8157925053881,784.189704501475,0,5760,0.6391,True,False,env_terminated,cross,ko_both,,6,2020,0.0,,,,regen-v2,637c6b535a9e,86e95e8,local,
5760,8.18124820530447,16.13442419689551,7.953175991591037,5.343862347455372,2.601075128107998,0.008238516027666627,655460.98299888,59.37624830505969,0.027461720092222093,8.67025042702666,67.15277777777777,1892,1730.590386390686,100.0,0,0.0,67.10069444444444,1895,3722.5055923461914,3787,1826.9614872837692,0.9469558609179791,1926.722316386303,1485.3482792486209,0,5760,1.0,False,False,complete,lambda,lam=1e-06,1e-06,7,2020,0.0534571610666321,2338863339.0,54.0,15.870854925227908,regen-v2,637c6b535a9e,86e95e8,local,
5760,8.180855906133976,16.13449745020619,7.953641544072218,5.344271848480706,2.6011324484021676,0.008237247189343906,655463.9589146266,59.38079831645229,0.027457490631146355,8.670441494673893,67.17013888888889,1891,1730.3466529846191,100.0,0,0.0,67.20486111111111,1889,3721.900863647461,3780,1827.1014851415734,0.9468100016515425,1926.7647762988909,1485.4113068865654,0,5760,1.0,False,False,complete,lambda,lam=0.001,0.001,7,2020,0.05345716551460399,2724847634.0,51.0,15.86411155396317,regen-v2,637c6b535a9e,86e95e8,local,
5760,8.246846602673227,16.126529770017044,7.87968316734382,5.239187055120237,2.625445668322522,0.015050443901062072,655140.2719069425,58.21318950133597,0.050168146336873574,8.751485561075073,68.54166666666667,1812,1606.9439659118652,100.0,0,0.0,66.19791666666667,1947,3760.0169792175293,3759,1791.1750610357415,1.729936122572497,1944.7745678350104,1479.986117463583,0,5760,1.0,False,False,complete,lambda,lam=0.01,0.01,7,2020,0.05334290433269929,4142235754.0,43.0,16.311120194671474,regen-v2,637c6b535a9e,86e95e8,local,
5760,8.15170047123734,16.203105749057038,8.051405277819697,5.197256612614396,2.836067274752916,0.018081390452384948,658251.1710554422,57.747295695715515,0.06027130150794983,9.45355758250972,68.22916666666666,1830,1573.5896186828613,100.0,0,0.0,66.71875,1917,3718.9554862976074,3747,1776.8398673860147,2.0783207353352915,2100.79057378582,1480.8480869450718,0,5760,1.0,False,False,complete,lambda,lam=0.02,0.02,7,2020,0.05334290433269929,2530901454.0,40.0,15.851943406753762,regen-v2,637c6b535a9e,86e95e8,local,
5760,8.140004993498035,16.22751850466406,8.087513511166026,5.255318568585725,2.8145166376418884,0.017678304938413204,659242.9392519775,58.39242853984139,0.058927683128044014,9.381722125472962,68.75,1800,1556.3913822174072,99.86111111111111,8,1474.2174072265625,66.44097222222223,1933,3721.0206604003906,3741,1796.6901090232639,2.0319890736205477,2084.8271392108854,1462.7463904083836,0,5760,1.0,False,False,complete,lambda,lam=0.03,0.03,7,2020,0.05490251990266608,2599167055.0,39.0,15.056995887075512,regen-v2,637c6b535a9e,86e95e8,local,
5760,7.020845991685081,16.297312620912585,9.276466629227507,4.846569646432518,4.376976830394901,0.05292015240008739,662078.3252245738,53.8507738492502,0.1764005080002913,14.589922767983005,66.25,1944,1829.5217971801758,67.56944444444444,1868,1506796.218383789,60.10416666666667,2298,4349.833396911621,6110,1656.9468879521319,6.082776102030396,3242.205057914778,1307.1863397581988,0,5760,1.0,False,False,complete,lambda,lam=0.04,0.04,7,2020,0.058521510948575814,1254192374.0,31.0,16.793687712467413,regen-v2,637c6b535a9e,86e95e8,local,
5760,8.99043476662258,16.329987740911598,7.339552974289018,5.156652898238574,2.157600999311863,0.025299076738581058,663405.7519745337,57.29614331376194,0.08433025579527019,7.192003331039544,70.01736111111111,1727,1361.455771446228,100.0,0,0.0,65.06944444444444,2012,4198.212589263916,3739,1762.9582561276598,2.907939877851138,1598.2229628238583,1314.3261102528686,0,5760,1.0,False,False,complete,lambda,lam=0.05,0.05,7,2020,0.058521510948575814,2403448861.0,28.0,16.251567285061927,regen-v2,637c6b535a9e,86e95e8,local,
5760,7.661456715502217,16.518320112276594,8.856863396774376,5.712217048361794,2.2663807481720353,0.8782656002405475,671056.7545612366,63.46907831513104,2.9275520008018248,7.554602493906785,72.43055555555556,1588,1337.0887422561646,100.0,0,0.0,70.76388888888889,1684,3403.954990386963,3272,1952.894717177675,100.95006888512009,1678.8005546231323,1432.261317021016,0,5760,1.0,False,False,complete,lambda,lam=0.06,0.06,7,2020,0.0,3246932523.0,26.0,14.188013814576564,regen-v2,637c6b535a9e,86e95e8,local,
5760,3.1556213120156063,5.837670422617482,2.6820491106018753,0.3113760533139832,2.027834042306578,0.3428390149813145,237155.3609188352,3.4597339257109248,1.1427967166043818,6.759446807688594,32.55208333333333,3885,17860.21934556961,96.89236111111111,179,81928.19677734375,24.930555555555557,4324,31040.275161743164,8388,106.45335168330828,39.40678331583417,1502.0992906028355,1384.0420533755323,0,5760,1.0,False,False,complete,lambda,lam=0.07,0.07,7,2020,0.0,751231010.0,19.0,14.32111611563792,regen-v2,637c6b535a9e,86e95e8,local,
5760,3.1556213120156063,5.837670422617482,2.6820491106018753,0.3113760533139832,2.027834042306578,0.3428390149813145,237155.3609188352,3.4597339257109248,1.1427967166043818,6.759446807688594,32.55208333333333,3885,17860.21934556961,96.89236111111111,179,81928.19677734375,24.930555555555557,4324,31040.275161743164,8388,106.45335168330828,39.40678331583417,1502.0992906028355,1384.0420533755323,0,5760,1.0,False,False,complete,lambda,lam=0.08,0.08,7,2020,0.0,2802236712.0,19.0,14.32111611563792,regen-v2,637c6b535a9e,86e95e8,local,
5760,3.1556213120156063,5.837670422617482,2.6820491106018753,0.3113760533139832,2.027834042306578,0.3428390149813145,237155.3609188352,3.4597339257109248,1.1427967166043818,6.759446807688594,32.55208333333333,3885,17860.21934556961,96.89236111111111,179,81928.19677734375,24.930555555555557,4324,31040.275161743164,8388,106.45335168330828,39.40678331583417,1502.0992906028355,1384.0420533755323,0,5760,1.0,False,False,complete,lambda,lam=0.1,0.1,7,2020,0.0,502589541.0,19.0,14.32111611563792,regen-v2,637c6b535a9e,86e95e8,local,
5760,2.9183209667217325,5.726938720845274,2.808617754123541,0.2989596666942991,2.1959114000600066,0.3137466873692349,232656.88553433924,3.321774074381101,1.045822291230783,7.319704666866689,32.46527777777778,3890,17989.885334014893,97.48263888888889,145,44311.57775878906,25.572916666666668,4287,31027.987232208252,8322,102.20843311415967,36.06283759566256,1626.6010380425157,1377.1837486331176,0,5760,1.0,False,False,complete,lambda,lam=0.15,0.15,7,2020,0.0,2246104717.0,14.0,3.317299421540311,regen-v2,637c6b535a9e,86e95e8,local,
5760,-0.17813689457226056,4.901200937965787,5.079337832538048,1.5579848636616558,0.8519101447990652,2.6694428240773265,199111.2881048601,17.310942929573955,8.898142746924423,2.839700482663551,31.666666666666664,3936,19869.704158067703,77.03125,1323,2236468.665283203,25.190972222222225,4309,25236.171169281006,9568,532.6443979083251,306.8325083630759,631.0445521530394,562.9255903333581,0,5760,1.0,False,False,complete,lambda,lam=0.2,0.2,7,2020,0.0,4240435453.0,11.0,18.37843453292631,regen-v2,637c6b535a9e,86e95e8,local,
5760,8.858067945869278,16.064870030429468,7.2068020845601914,5.135181648594154,2.0460776550541153,0.025542780911922455,652635.3449861972,57.057573873268375,0.08514260303974153,6.820258850180385,70.3125,1710,1399.9551525115967,100.0,0,0.0,63.420138888888886,2107,4248.972229003906,3817,1755.6176569584445,2.935951799433816,1515.613078631654,1357.5235703077165,0,5760,1.0,False,False,complete,knock,baseline,,7,2020,0.05965096942423105,1224499046.0,,,regen-v2,637c6b535a9e,86e95e8,local,0.0534571610666321
5760,8.899282532207053,16.292778563965705,7.393496031758652,5.074124332674266,2.1734142226043844,0.14595747648000074,661894.1291611068,56.379159251936294,0.4865249216000025,7.244714075347948,65.01736111111111,2015,1894.6368656158447,100.0,0,0.0,63.71527777777778,2090,4435.292282104492,4105,1734.7433618509613,16.776721389117363,1609.9364611840201,1383.6185905993716,0,5760,1.0,False,False,complete,knock,knockout,,7,2020,0.0,1224499046.0,,,regen-v2,637c6b535a9e,86e95e8,local,0.0534571610666321
5760,8.869008245432585,16.08454890961958,7.215540664186996,5.129493598228155,2.059113946286305,0.02693311967253685,653434.7994532955,56.99437331364617,0.08977706557512284,6.863713154287683,69.65277777777777,1748,1449.448649406433,100.0,0,0.0,63.645833333333336,2094,4225.14493560791,3842,1753.673024992906,3.0957609126539674,1525.269589145084,1356.610074965943,0,5760,1.0,False,False,complete,knock,knockin,,7,2020,0.0534571610666321,1224499046.0,,,regen-v2,637c6b535a9e,86e95e8,local,0.0534571610666321
5760,6.841989662711666,14.347878250791858,7.505888588080192,5.405623396783787,2.090605947361059,0.009659243935346604,582882.5539384192,60.06248218648652,0.03219747978448868,6.96868649120353,62.517361111111114,2159,1969.1500396728516,100.0,0,0.0,72.76041666666667,1569,2923.4417877197266,3728,1848.076373521475,1.11025790991083,1548.5969992444855,1510.3764504213345,0,5760,1.0,False,False,complete,cross,baseline,,7,2020,0.13207717185698453,,,,regen-v2,637c6b535a9e,86e95e8,local,
5760,5.3874039277144234,15.609314663043435,10.221910735329011,6.504245360778073,2.6995547641639024,1.0181106103870354,634128.4081861395,72.26939289753415,3.3937020346234514,8.998515880546341,49.56597222222222,2905,3747.434411048889,86.12847222222221,799,1136582.6811523438,62.916666666666664,2136,5378.792835235596,5840,2223.6736265169534,117.02420798077415,1999.6701948095285,1440.4481806823335,0,5760,1.0,False,False,complete,cross,ko_uboil,,7,2020,0.0,,,,regen-v2,637c6b535a9e,86e95e8,local,
5760,6.086782628926958,13.583069592207234,7.496286963280278,5.607450217824736,1.8810846379414725,0.007752107514068483,551812.2021834189,62.305002420274846,0.02584035838022828,6.270282126471575,66.26736111111111,1943,1666.8568677902222,100.0,0,0.0,71.00694444444444,1670,3184.25053024292,3613,1917.0769981976641,0.8910468629307393,1393.3960288723454,1505.6713645553305,0,5760,1.0,False,False,complete,cross,ko_cross,,7,2020,0.13207717185698453,,,,regen-v2,637c6b535a9e,86e95e8,local,
5760,7.396403617231469,15.004918527045703,7.608514909814235,5.170686365934554,2.348574074993416,0.08925446888626459,609574.8151612317,57.45207073260615,0.2975148962875487,7.828580249978054,56.041666666666664,2532,2539.261209487915,98.15972222222223,106,57910.969970703125,74.44444444444444,1472,2960.447868347168,4110,1767.7560224655485,10.259134282098668,1739.684500170177,1469.9171118725535,0,5760,1.0,False,False,complete,cross,ko_both,,7,2020,0.0,,,,regen-v2,637c6b535a9e,86e95e8,local,
5760,7.836514157727818,16.01106223333506,8.174548075607241,5.410775353111644,2.7501541670795864,0.013618555416010786,650449.4032292368,60.119726145684936,0.04539518472003595,9.167180556931955,66.875,1908,2011.2769174575806,97.82986111111111,125,171844.90893554688,68.33333333333333,1824,3849.661350250244,3857,1849.8377269248563,1.565351206326234,2037.1512345714477,1450.9622963849463,0,5760,1.0,False,False,complete,lambda,lam=1e-06,1e-06,8,2020,0.03857949537737251,709311943.0,54.0,10.588783388623426,regen-v2,637c6b535a9e,86e95e8,local,
5760,7.83658075234568,16.010672505462967,8.17409175311729,5.410871130942866,2.749877962219884,0.013342659954540433,650433.5705344331,60.120790343809624,0.04447553318180145,9.16625987406628,66.89236111111111,1907,2011.687289237976,97.82986111111111,125,171254.8076171875,68.31597222222221,1825,3850.002883911133,3857,1849.870472426197,1.5336390845491628,2036.946638209056,1451.2598049355145,0,5760,1.0,False,False,complete,lambda,lam=0.001,0.001,8,2020,0.03857949490829115,3518400423.0,50.0,10.576325892475005,regen-v2,637c6b535a9e,86e95e8,local,
5760,8.048172484260116,16.225396175513186,8.177223691253069,5.374381373554812,2.7878981973539236,0.014944120344333352,659156.7196302231,59.71534859505346,0.04981373448111118,9.292993991179745,66.23263888888889,1945,2015.1212358474731,97.70833333333333,132,188907.96350097656,68.73263888888889,1801,3791.19962310791,3878,1837.3953405433417,1.717714958715693,2065.1097750110157,1438.6105047573615,0,5760,1.0,False,False,complete,lambda,lam=0.01,0.01,8,2020,0.03849248667995279,452445307.0,43.0,10.501469176404676,regen-v2,637c6b535a9e,86e95e8,local,
5760,7.97477211460537,16.172597471399342,8.197825356793974,5.357627582927719,2.825455984628472,0.01474178923778236,657011.7722755984,59.52919536586355,0.049139297459274534,9.41818661542824,67.03125,1899,1938.244698524475,97.37847222222223,151,194121.3631591797,68.81944444444444,1796,3752.250503540039,3846,1831.6675491200035,1.6944585269898162,2092.930358377622,1442.3407931462768,0,5760,1.0,False,False,complete,lambda,lam=0.02,0.02,8,2020,0.03981712068987281,727393693.0,41.0,10.032449266067575,regen-v2,637c6b535a9e,86e95e8,local,
5760,8.09183804297156,16.186638199128474,8.094800156156918,5.471133030793442,2.61422952317336,0.009437602190114558,657582.1768395944,60.79036700881602,0.031458673967048524,8.714098410577867,66.40625,1935,1986.3004207611084,99.70486111111111,17,9550.473876953125,69.09722222222221,1780,3931.3700408935547,3732,1870.4728306791121,1.0847818882998854,1936.4663134537043,1385.714475454036,0,5760,1.0,False,False,complete,lambda,lam=0.03,0.03,8,2020,0.0450254799586273,599935312.0,39.0,10.013951310981033,regen-v2,637c6b535a9e,86e95e8,local,
5760,-1.7756000445429683,11.95737176159105,13.732971806134017,4.709079376063719,4.316112682920694,4.707779747149605,485768.2278146364,52.323104178485764,15.69259915716535,14.387042276402314,47.43055555555556,3028,5227.424463272095,76.90972222222221,1330,1545701.4963378906,69.58333333333333,1752,3063.712146759033,6110,1609.941667441999,541.1241088284579,3197.1205063483917,1381.0466401641957,0,5760,1.0,False,False,complete,lambda,lam=0.04,0.04,8,2020,0.0,829303371.0,31.0,9.623465778116422,regen-v2,637c6b535a9e,86e95e8,local,
5760,8.373387178582481,16.29431439345155,7.920927214869071,5.323303517010707,2.5976236978583636,0.0,661956.5222339693,59.14781685567453,0.0,8.65874565952788,54.114583333333336,2643,3452.2422218322754,100.0,0,0.0,80.60763888888889,1117,2810.352222442627,3760,1819.932825859903,0.0,1924.1657016375864,1457.4879099117388,0,5760,1.0,False,False,complete,lambda,lam=0.05,0.05,8,2020,0.0,1470657052.0,28.0,14.420252811015311,regen-v2,637c6b535a9e,86e95e8,local,
5760,5.959308255623068,13.761510594896173,7.802202339273105,5.268776129326206,2.53333562328526,9.058666164055467e-05,559061.367917657,58.5419569925134,0.0003019555388018489,8.444452077617534,52.552083333333336,2733,4434.477997779846,100.0,0,0.0,77.88194444444444,1274,3477.1609382629395,4007,1801.2909841867831,0.010412259494814011,1876.5449059120278,1316.5376533404446,0,5760,1.0,False,False,complete,lambda,lam=0.06,0.06,8,2020,0.0,3358193190.0,26.0,14.424991296843944,regen-v2,637c6b535a9e,86e95e8,local,
5760,9.324446125378802,16.5864639112612,7.262017785882398,4.855868762744148,2.406149023138251,0.0,673825.0963949863,53.95409736382387,0.0,8.02049674379417,63.28125,2115,2434.211492538452,100.0,0,0.0,60.71180555555556,2263,6218.349212646484,4378,1660.1260727696897,0.0,1782.3326091243594,1408.2737163961674,0,5760,1.0,False,False,complete,lambda,lam=0.07,0.07,8,2020,0.0,1615714328.0,21.0,13.03432887347803,regen-v2,637c6b535a9e,86e95e8,local,
5760,3.381923394943476,6.0179356529738675,2.6360122580303917,0.2787168001312019,2.0412488282045045,0.31604662969468555,244478.6359020634,3.0968533347911325,1.053488765648952,6.804162760681682,33.50694444444444,3830,17641.977926254272,97.13541666666666,165,76385.1552734375,24.07986111111111,4373,32047.11117553711,8368,95.28779473797594,36.32719889505153,1512.0361690137283,1455.0216220956436,0,5760,1.0,False,False,complete,lambda,lam=0.08,0.08,8,2020,0.0,872853176.0,21.0,12.30087545496937,regen-v2,637c6b535a9e,86e95e8,local,
5760,3.4366701420767383,6.0381572518127,2.6014871097359618,0.27503588332791024,2.0178684498401527,0.3085827765678987,245300.13835489092,3.0559542591990025,1.028609255226329,6.726228166133843,33.07291666666667,3855,17761.41356086731,97.34375,153,62483.076416015625,24.07986111111111,4373,31574.84132003784,8381,94.02936183626679,35.46928459602555,1494.7173699226896,1385.3613962967347,0,5760,1.0,False,False,complete,lambda,lam=0.1,0.1,8,2020,0.0,3225335909.0,19.0,13.830045350998903,regen-v2,637c6b535a9e,86e95e8,local,
5760,5.453172098139413,6.263205759918479,0.8100336617790669,0.29042277349457146,0.18696681922958658,0.33264406905490906,254442.73399668827,3.2269197054952388,1.1088135635163636,0.6232227307652887,34.739583333333336,3759,16954.26532316208,93.54166666666667,372,331247.2452545166,22.395833333333336,4470,32158.856384277344,8601,99.28983690299286,38.23495048245097,138.49394008412276,1293.9408718224215,0,5760,1.0,False,False,complete,lambda,lam=0.15,0.15,8,2020,0.0,2359095066.0,15.0,13.830045350998903,regen-v2,637c6b535a9e,86e95e8,local,
5760,-0.4567801916571921,4.311528479157457,4.768308670814649,1.8024529496600534,1.0460738344183853,1.9197818867362102,175155.84446577172,20.027254996222815,6.399272955787367,3.4869127813946177,32.361111111111114,3896,19974.952244997025,71.70138888888889,1630,2854598.812133789,26.70138888888889,4222,24072.038299560547,9748,616.2232305843056,220.66458483178775,774.8695070582628,683.7179184083326,0,5760,1.0,False,False,complete,lambda,lam=0.2,0.2,8,2020,0.0,3017044864.0,10.0,21.580575775361773,regen-v2,637c6b535a9e,86e95e8,local,
5760,8.487708195075568,16.242891810983746,7.755183615908178,5.186945823969385,2.5682377919387935,0.0,659867.4798212147,57.632731377437615,0.0,8.560792639795979,57.673611111111114,2438,3352.4497356414795,100.0,0,0.0,76.18055555555556,1372,2968.4183082580566,3810,1773.3148121343115,0.0,1902.3983651585183,1499.304855095164,0,5760,1.0,False,False,complete,knock,baseline,,8,2020,0.0,3702642371.0,,,regen-v2,637c6b535a9e,86e95e8,local,0.03857949537737251
5760,8.487708195075568,16.242891810983746,7.755183615908178,5.186945823969385,2.5682377919387935,0.0,659867.4798212147,57.632731377437615,0.0,8.560792639795979,57.673611111111114,2438,3352.4497356414795,100.0,0,0.0,76.18055555555556,1372,2968.4183082580566,3810,1773.3148121343115,0.0,1902.3983651585183,1499.304855095164,0,5760,1.0,False,False,complete,knock,knockout,,8,2020,0.0,3702642371.0,,,regen-v2,637c6b535a9e,86e95e8,local,0.03857949537737251
5760,8.355412470875725,16.18814697624594,7.832734505370217,5.355208419328319,2.4775260860419,0.0,657643.4709099914,59.50231577031466,0.0,8.258420286806334,61.82291666666667,2199,2529.697319984436,100.0,0,0.0,75.27777777777777,1424,2863.6742820739746,3623,1830.8404851911102,0.0,1835.2045076047227,1485.7228742832733,0,5760,1.0,False,False,complete,knock,knockin,,8,2020,0.03857949537737251,3702642371.0,,,regen-v2,637c6b535a9e,86e95e8,local,0.03857949537737251
5760,1.8780392078076,8.568383651858468,6.690344444050867,5.018891595637382,1.670519197986639,0.0009336504268459975,348090.58585675026,55.765462173748695,0.0031121680894866583,5.56839732662213,64.02777777777777,2072,2371.643204689026,96.90972222222223,178,269167.33203125,67.03125,1899,5446.470920562744,4149,1715.860373639965,0.10731613728769344,1237.4216286388846,1518.822474178046,0,5760,1.0,False,False,complete,cross,baseline,,8,2020,0.017970545557352374,,,,regen-v2,637c6b535a9e,86e95e8,local,
5760,2.282838562131659,9.075941409470012,6.793102847338353,5.016876029751293,1.7756197111046808,0.0006071064823782331,368710.11975971924,55.74306699723659,0.0020236882745941105,5.918732370348936,62.65625,2151,2474.7936124801636,96.18055555555556,220,419022.9481201172,67.89930555555556,1849,5384.749835968018,4220,1715.171292529124,0.06978235216496136,1315.273859923569,1518.3548064229874,0,5760,1.0,False,False,complete,cross,ko_uboil,,8,2020,0.0,,,,regen-v2,637c6b535a9e,86e95e8,local,
5760,2.5694473245119998,9.404480158812737,6.835032834300737,4.980149206141542,1.8408290567829941,0.014054571376199601,382057.0064517674,55.33499117935047,0.046848571253998675,6.136096855943314,60.55555555555555,2272,2623.021436691284,95.86805555555556,238,507670.1942138672,68.69791666666667,1803,5391.728439331055,4313,1702.615112544048,1.6154680036578708,1363.5770790954975,1512.0998188426124,0,5760,1.0,False,False,complete,cross,ko_cross,,8,2020,0.017970545557352374,,,,regen-v2,637c6b535a9e,86e95e8,local,
5760,2.835602373525817,9.87347597831371,7.037873604787893,4.885231026589692,1.910074314596983,0.2425682636012181,401109.9616189945,54.28034473988547,0.808560878670727,6.366914381989943,56.96180555555556,2479,3059.8334398269653,95.29513888888889,271,701242.6998291016,68.07291666666667,1839,5547.991607666016,4589,1670.1644545134955,27.881409467797596,1414.8698615976518,1492.6362385761151,0,5760,1.0,False,False,complete,cross,ko_both,,8,2020,0.0,,,,regen-v2,637c6b535a9e,86e95e8,local,
5760,6.571805479122771,14.700214255972305,8.128408776849536,5.141113077432411,2.9756461299211696,0.011649569495955367,597196.204148875,57.123478638137904,0.038831898319851225,9.918820433070566,59.34027777777777,2342,2699.41547870636,99.61805555555556,22,2371.97021484375,74.14930555555556,1489,2770.8848838806152,3853,1757.6454962680505,1.339030970747093,2204.182318177948,1524.0238475157903,0,5760,1.0,False,False,complete,lambda,lam=1e-06,1e-06,9,2020,0.026361973200903832,3140654832.0,54.0,14.717541078131822,regen-v2,637c6b535a9e,86e95e8,local,
5760,6.490910256661255,14.614833274831199,8.123923018169943,5.141247281537759,2.9711003660970787,0.011575370535105215,593727.6017900174,57.12496979486399,0.03858456845035072,9.903667886990263,59.42708333333333,2337,2701.2989654541016,99.6875,18,2038.325439453125,74.58333333333333,1464,2754.572395324707,3819,1757.6913778599587,1.3305023530232414,2200.8150868902,1523.5278257989512,0,5760,1.0,False,False,complete,lambda,lam=0.001,0.001,9,2020,0.026353272882576235,1373961541.0,47.0,14.694903370392442,regen-v2,637c6b535a9e,86e95e8,local,
5760,5.420390480498568,13.010834304191453,7.590443823692884,4.9537495985847375,2.6254865815086648,0.011207643599482255,528565.1436077778,55.04166220649709,0.037358811998274184,8.751621938362216,62.84722222222222,2140,2609.0735483169556,99.73958333333334,15,1385.86279296875,66.28472222222223,1942,3887.5495529174805,4097,1693.5896067522438,1.2882349030345852,1944.8048746543132,1546.8992078298788,0,5760,1.0,False,False,complete,lambda,lam=0.01,0.01,9,2020,0.026779644510015813,3388041299.0,42.0,14.78652605034151,regen-v2,637c6b535a9e,86e95e8,local,
5760,7.896905878231696,15.862623161971912,7.965717283740217,5.114305709909145,2.8227372331797005,0.028674340651371408,644419.065955109,56.8256189989905,0.09558113550457137,9.409124110599002,64.07986111111111,2069,2221.624979019165,100.0,0,0.0,70.20833333333333,1716,3274.35400390625,3785,1748.4805837924982,3.2959012543757664,2090.916468706874,1552.819695312321,0,5760,1.0,False,False,complete,lambda,lam=0.02,0.02,9,2020,0.027390454821189524,3814876036.0,39.0,15.12943569086565,regen-v2,637c6b535a9e,86e95e8,local,
5760,6.368890094950448,16.332597888139937,9.963707793189489,4.572763740403687,4.7881503992964465,0.6027936534893552,663511.7892056849,50.80848600448541,2.0093121782978507,15.960501330988155,55.208333333333336,2580,3293.3475494384766,73.48958333333333,1527,2191351.692993164,63.99305555555556,2074,4398.723598480225,6181,1563.3380308034498,69.28662674858839,3546.7780731354596,1492.750844414528,0,5760,1.0,False,False,complete,lambda,lam=0.03,0.03,9,2020,0.0,1478594266.0,35.0,15.593053933330925,regen-v2,637c6b535a9e,86e95e8,local,
5760,8.303888414574804,15.722355123624267,7.418466709049463,5.0374954244420795,2.213550438450282,0.1674208461571019,638720.6768972358,55.97217138268977,0.5580694871903397,7.3785014615009406,61.111111111111114,2240,2566.7907314300537,100.0,0,0.0,68.85416666666667,1794,3838.8506965637207,4034,1722.2206569487344,19.24377541440589,1639.6669908757717,1578.3991371765287,0,5760,1.0,False,False,complete,lambda,lam=0.04,0.04,9,2020,0.0,979455409.0,31.0,16.518314459675356,regen-v2,637c6b535a9e,86e95e8,local,
5760,8.513995428638562,16.058697741455514,7.544702312816954,4.9356030162669775,2.410241430397651,0.19885786615232434,652384.5957466303,54.84003351407753,0.6628595538410812,8.034138101325503,59.357638888888886,2341,2877.771824836731,100.0,0,0.0,67.86458333333333,1851,3810.924861907959,4192,1687.3856473132018,22.857226038610875,1785.3640221083333,1481.1637531697634,0,5760,1.0,False,False,complete,lambda,lam=0.05,0.05,9,2020,0.0,4136947557.0,29.0,14.77937559612654,regen-v2,637c6b535a9e,86e95e8,local,
5760,-0.7359713742706869,11.87073179889115,12.606703173161836,4.820577957207362,2.477333079750258,5.308792136204216,482248.47932995297,53.56197730230403,17.695973787347388,8.25777693250086,42.1875,3330,5599.7044467926025,100.0,0,0.0,70.88541666666667,1677,3806.056465148926,5007,1648.0608403272795,610.2059924849955,1835.0615406054435,1171.4657097974773,0,5760,1.0,False,False,complete,lambda,lam=0.06,0.06,9,2020,0.0,2060112391.0,25.0,14.13533626167865,regen-v2,637c6b535a9e,86e95e8,local,
5760,6.0523845947355035,13.694400607819304,7.642016013083801,5.081757460574915,2.5601321407205355,0.0001264117883518338,556335.0246926593,56.46397178416572,0.00042137262783944606,8.533773802401786,60.15625,2295,2852.2312955856323,100.0,0,0.0,61.927083333333336,2193,5144.948993682861,4488,1737.3529765056933,0.014530090811179138,1896.3941789868961,1510.6646666777124,0,5760,1.0,False,False,complete,lambda,lam=0.07,0.07,9,2020,0.0,3504033232.0,22.0,18.574100436955966,regen-v2,637c6b535a9e,86e95e8,local,
5760,5.951753943773233,13.67849150036507,7.726737556591836,5.133519406514068,2.5930912917197757,0.00012685835799202322,555688.7172023309,57.03910451682298,0.00042286119330674405,8.64363763906592,63.50694444444444,2102,2606.619999885559,100.0,0,0.0,60.10416666666667,2298,5475.407276153564,4400,1755.0493703300604,0.014581420744385211,1920.8083645195152,1498.4869573269418,0,5760,1.0,False,False,complete,lambda,lam=0.08,0.08,9,2020,0.0,2693781907.0,18.0,18.574100436955966,regen-v2,637c6b535a9e,86e95e8,local,
5760,2.8772829383645755,5.75251971491828,2.875236776553705,0.27558521994017066,2.3026667051936087,0.2969848514199257,233696.11341855512,3.0620579993352295,0.9899495047330857,7.675555683978696,33.03819444444444,3857,18081.567751407623,96.84027777777777,182,48198.05261230469,24.21875,4365,31529.911922454834,8404,94.21716909348257,34.136189836334296,1705.6790405263919,1432.8089005563347,0,5760,1.0,False,False,complete,lambda,lam=0.1,0.1,9,2020,0.0,144221674.0,17.0,19.910865445893737,regen-v2,637c6b535a9e,86e95e8,local,
5760,5.260330930093408,6.167984565943806,0.9076536358503975,0.32617090307950897,0.20708830381233106,0.3743944289585575,250574.37299146713,3.6241211453278774,1.2479814298618583,0.6902943460411036,33.923611111111114,3806,17112.822824954987,93.48958333333334,375,381903.0930480957,24.04513888888889,4375,31265.739387512207,8556,111.5114198803009,43.033842412075494,153.39874335714853,1300.4052334338146,0,5760,1.0,False,False,complete,lambda,lam=0.15,0.15,9,2020,0.0,2013055260.0,15.0,15.40164853804361,regen-v2,637c6b535a9e,86e95e8,local,
5760,3.3278479048415557,4.5775812926493264,1.249733387807771,0.44576165874847534,0.27402909151237637,0.5299426375469193,185964.2400138789,4.952907319427504,1.766475458489731,0.9134303050412546,29.618055555555557,4054,17909.449361801147,91.45833333333333,492,599293.7349853516,25.104166666666668,4314,31888.56959915161,8860,152.39714813214542,60.91294678044406,202.9845117972407,1533.916724173915,0,5760,1.0,False,False,complete,lambda,lam=0.2,0.2,9,2020,0.0,3880805180.0,12.0,11.925009517611052,regen-v2,637c6b535a9e,86e95e8,local,
5760,8.635096556742617,16.209235749707588,7.574139192964969,4.857370407611412,2.38182958648258,0.33493919887097773,658500.2023318707,53.97078230679347,1.1164639962365925,7.939431954941933,61.510416666666664,2217,2574.4376363754272,100.0,0,0.0,64.61805555555556,2038,4378.6408767700195,4255,1660.639455106665,38.4987584331577,1764.3182116982553,1460.1465813631473,0,5760,1.0,False,False,complete,knock,baseline,,9,2020,0.0,1308943729.0,,,regen-v2,637c6b535a9e,86e95e8,local,0.026361973200903832
5760,8.635096556742617,16.209235749707588,7.574139192964969,4.857370407611412,2.38182958648258,0.33493919887097773,658500.2023318707,53.97078230679347,1.1164639962365925,7.939431954941933,61.510416666666664,2217,2574.4376363754272,100.0,0,0.0,64.61805555555556,2038,4378.6408767700195,4255,1660.639455106665,38.4987584331577,1764.3182116982553,1460.1465813631473,0,5760,1.0,False,False,complete,knock,knockout,,9,2020,0.0,1308943729.0,,,regen-v2,637c6b535a9e,86e95e8,local,0.026361973200903832
5760,8.690116639718628,16.08680525317475,7.396688613456121,4.894363674333302,2.3196132062766495,0.18271173284616843,653526.4634102242,54.38181860370336,0.6090391094872282,7.7320440209221655,63.263888888888886,2116,2286.554428100586,100.0,0,0.0,64.53125,2043,4401.481636047363,4159,1673.286725360986,21.001348594059692,1718.232004798041,1450.8979765424697,0,5760,1.0,False,False,complete,knock,knockin,,9,2020,0.026361973200903832,1308943729.0,,,regen-v2,637c6b535a9e,86e95e8,local,0.026361973200903832
5760,6.876091370708913,14.236431825716135,7.360340455007221,5.2361530106390894,2.118344718188174,0.00584272617995739,578355.042919718,58.17947789598988,0.0194757539331913,7.061149060627247,58.52430555555556,2389,2427.791205406189,100.0,0,0.0,74.70486111111111,1457,3017.225242614746,3846,1790.1377819653753,0.6715777391176582,1569.1442361153013,1521.9213118741886,0,5760,1.0,False,False,complete,cross,baseline,,9,2020,0.1702222314380136,,,,regen-v2,637c6b535a9e,86e95e8,local,
5760,4.374076027269758,13.926431500316687,9.552355473046928,5.8217672963359135,2.5354115629065026,1.1951766138045117,565761.2797003654,64.68630329262126,3.983922046015039,8.45137187635501,42.239583333333336,3327,7235.276517868042,93.87152777777777,353,651535.7606201172,61.38888888888889,2224,6528.969497680664,5904,1990.3477932495673,137.37662233654814,1878.0826400149995,1533.9749884985429,0,5760,1.0,False,False,complete,cross,ko_uboil,,9,2020,0.0,,,,regen-v2,637c6b535a9e,86e95e8,local,
5760,5.857144609207113,13.108908247485154,7.251763638278038,5.43810791921713,1.8080332957518206,0.005622423309087753,532549.3975540843,60.42342132463479,0.01874141103029251,6.026777652506069,65.27777777777779,2000,1825.4480199813843,100.0,0,0.0,72.62152777777777,1577,3403.4381790161133,3577,1859.1821947638787,0.6462555655489327,1339.2839224150764,1514.3919973843035,0,5760,1.0,False,False,complete,cross,ko_cross,,9,2020,0.1702222314380136,,,,regen-v2,637c6b535a9e,86e95e8,local,
5760,7.32715112980703,14.657744071071726,7.330592941264695,4.953120061853539,2.280327111819878,0.097145767591277,595470.8528872888,55.03466735392822,0.32381922530425666,7.601090372732927,52.23958333333333,2751,3104.6235876083374,100.0,0,0.0,75.83333333333333,1392,2945.748233795166,4143,1693.37438010376,11.166180145828118,1689.1311932553979,1498.2104028419913,0,5760,1.0,False,False,complete,cross,ko_both,,9,2020,0.0,,,,regen-v2,637c6b535a9e,86e95e8,local,
5760,6.070284569917887,13.858336546947484,7.788051977029597,4.981757022003334,2.8004112130514316,0.005883741974830627,562994.9222197415,55.35285580003705,0.019612473249435425,9.334704043504772,62.18749999999999,2178,2476.064555168152,98.90625,63,38508.706787109375,70.32986111111111,1709,3558.018699645996,3950,1703.1647934525313,0.6762921671161437,2074.3786765484597,1454.5524732845806,0,5760,1.0,False,False,complete,lambda,lam=1e-06,1e-06,10,2020,0.03112627371452785,306787963.0,54.0,9.515895800851638,regen-v2,637c6b535a9e,86e95e8,local,
5760,6.0639529400352865,13.862884061470908,7.798931121435621,4.9854579173121545,2.8075877501214452,0.005885454002022743,563179.6649972557,55.393976859023944,0.019618180006742477,9.35862583373815,62.135416666666664,2181,2483.0931701660156,98.94097222222223,61,38695.00744628906,70.45138888888889,1702,3555.7574157714844,3944,1704.430055975791,0.676488973077356,2079.6946296022325,1453.5822213165065,0,5760,1.0,False,False,complete,lambda,lam=0.001,0.001,10,2020,0.031150890321203918,2021735424.0,48.0,9.516025118084064,regen-v2,637c6b535a9e,86e95e8,local,
5760,6.064122306457511,13.495054285383691,7.43093197892618,4.868043267173988,2.5569097060816444,0.0059790056705474855,548236.5803437125,54.089369635266536,0.019930018901824952,8.523032353605482,64.47916666666667,2046,2397.0755920410156,99.01041666666667,57,34019.09143066406,62.72569444444444,2147,5054.742420196533,4250,1664.2882955972987,0.6872420283287406,1894.0071890817753,1477.06626778003,0,5760,1.0,False,False,complete,lambda,lam=0.01,0.01,10,2020,0.031150890321203918,1915953760.0,45.0,9.471759793378588,regen-v2,637c6b535a9e,86e95e8,local,
5760,7.814190943546801,16.229407267781774,8.415216324234972,5.193706430951043,3.206170489487474,0.015339403796456446,659319.6702536346,57.707849232789364,0.05113134598818815,10.687234964958247,63.87152777777778,2081,1996.5719270706177,99.91319444444444,5,312.623291015625,70.60763888888889,1693,3145.773784637451,3779,1775.62613050873,1.7631498734114772,2374.9411040439736,1495.3607362650216,0,5760,1.0,False,False,complete,lambda,lam=0.02,0.02,10,2020,0.03225602728264107,2874180807.0,37.0,9.157940033420807,regen-v2,637c6b535a9e,86e95e8,local,
5760,6.540605345781522,15.96914750992321,9.428542164141689,4.847622965231697,4.4663520277300455,0.11456717117994583,648746.6175906304,53.8624773914633,0.38189057059981946,14.887840092433485,61.94444444444444,2192,2458.924080848694,72.43055555555556,1588,1312136.6789550781,65.36458333333334,1995,3637.488479614258,5775,1657.3069964721658,13.168640378264744,3308.4089093987886,1449.5540816340238,0,5760,1.0,False,False,complete,lambda,lam=0.03,0.03,10,2020,0.03603507581901889,1643571172.0,33.0,9.573834025253136,regen-v2,637c6b535a9e,86e95e8,local,
5760,6.665083589200972,16.329589249610187,9.664505660409215,4.635588251459557,4.141537856429021,0.8873795525206385,663389.5632654139,51.50653612732842,2.9579318417354616,13.805126188096736,57.552083333333336,2445,2963.4586114883423,76.97916666666667,1326,1849431.7248535156,61.82291666666667,2199,4470.186149597168,5970,1584.8164961243262,101.99764966277282,3067.8058183481953,1473.4834325060592,0,5760,1.0,False,False,complete,lambda,lam=0.04,0.04,10,2020,0.0,531476101.0,32.0,9.613119360639606,regen-v2,637c6b535a9e,86e95e8,local,
5760,0.5253773412813805,12.663410591025226,12.138033249743845,4.690249986223795,2.2078690115105535,5.2399142520094975,514451.0552603998,52.11388873581994,17.466380840031658,7.359563371701845,50.03472222222223,2878,4114.736268997192,100.0,0,0.0,66.21527777777779,1946,4200.597358703613,4824,1603.5042687592409,602.2889944539122,1635.4585269540376,1413.326449410763,0,5760,1.0,False,False,complete,lambda,lam=0.05,0.05,10,2020,0.0,1478528945.0,26.0,10.510642669717937,regen-v2,637c6b535a9e,86e95e8,local,
5760,1.9000279267923954,4.840461299513201,2.9404333727208054,0.29418349782087005,2.3152040693504072,0.33104580554952845,196643.74029272379,3.268705531343001,1.1034860184984283,7.717346897834691,30.104166666666664,4026,20497.52615737915,96.51041666666667,201,106505.76037597656,32.135416666666664,3909,24123.91907119751,8136,100.57555472008028,38.05124212533028,1714.965976692569,1439.6794179535789,0,5760,1.0,False,False,complete,lambda,lam=0.06,0.06,10,2020,0.0,538826764.0,24.0,15.824127559025134,regen-v2,637c6b535a9e,86e95e8,local,
5760,2.6170400722927947,5.358292083047868,2.7412520107550726,0.272132315806007,2.1689082285414765,0.30021146640758967,217680.61587381962,3.0236923978445223,1.0007048880252989,7.229694095138255,30.95486111111111,3977,19571.666814804077,97.34375,153,65431.040283203125,27.899305555555554,4153,26331.41742706299,8283,93.03668894773558,34.50706510018064,1606.5986862026907,1408.2659392425844,0,5760,1.0,False,False,complete,lambda,lam=0.07,0.07,10,2020,0.0,1312836471.0,21.0,12.53709054523135,regen-v2,637c6b535a9e,86e95e8,local,
5760,2.6170400722927947,5.358292083047868,2.7412520107550726,0.272132315806007,2.1689082285414765,0.30021146640758967,217680.61587381962,3.0236923978445223,1.0007048880252989,7.229694095138255,30.95486111111111,3977,19571.666814804077,97.34375,153,65431.040283203125,27.899305555555554,4153,26331.41742706299,8283,93.03668894773558,34.50706510018064,1606.5986862026907,1408.2659392425844,0,5760,1.0,False,False,complete,lambda,lam=0.08,0.08,10,2020,0.0,1580885022.0,21.0,12.53709054523135,regen-v2,637c6b535a9e,86e95e8,local,
5760,3.323805779286929,5.889487483058135,2.565681703771206,0.2662197873883572,2.0070889040040365,0.29237301237881186,239260.42899923673,2.957997637648414,0.9745767079293729,6.690296346680122,32.5,3888,18076.386317253113,97.36111111111111,152,62831.62072753906,24.82638888888889,4330,30935.197299957275,8370,91.01531193042331,33.60609330681536,1486.732522123486,1412.2438056756382,0,5760,1.0,False,False,complete,lambda,lam=0.1,0.1,10,2020,0.0,3921004421.0,19.0,16.79544676138475,regen-v2,637c6b535a9e,86e95e8,local,
5760,5.402303313840718,6.203408489362427,0.8011051755217095,0.28229257146233633,0.18125016895802798,0.3375624351013452,252013.4698803486,3.1365841273592925,1.125208117004484,0.6041672298600933,34.0625,3798,17218.768073558807,93.52430555555556,373,304847.8366241455,22.96875,4437,31626.2340965271,8608,96.51028080704367,38.800279895125385,134.2593845236454,1326.0783292710807,0,5760,1.0,False,False,complete,lambda,lam=0.15,0.15,10,2020,0.0,1051756184.0,15.0,16.79544676138475,regen-v2,637c6b535a9e,86e95e8,local,
5760,0.5410000822917886,3.9271828759467073,3.3861827936549194,1.185851531015697,0.6752382565703814,1.5250930060688406,159541.804335335,13.176128122396634,5.0836433535628025,2.250794188567938,31.579861111111114,3941,22243.86716222763,81.04166666666667,1092,1720987.0103759766,28.506944444444443,4118,22048.145904541016,9151,405.4193269954852,175.29804676805367,500.1764865914454,638.6829999947796,0,5760,1.0,False,False,complete,lambda,lam=0.2,0.2,10,2020,0.0,163810351.0,12.0,3.8809576145434,regen-v2,637c6b535a9e,86e95e8,local,
5760,0.5348470131138816,13.02315325242689,12.488306239313008,4.798769706024371,2.2347207088829952,5.454815824405642,529065.6008798424,53.319663400270784,18.182719414685476,7.449069029609984,50.798611111111114,2834,3922.3799200057983,100.0,0,0.0,68.92361111111111,1790,4031.660312652588,4624,1640.6050283984882,626.9903245930224,1655.3486723337285,1409.9076255558612,0,5760,1.0,False,False,complete,knock,baseline,,10,2020,0.0,3514091590.0,,,regen-v2,637c6b535a9e,86e95e8,local,0.03112627371452785
5760,0.5348470131138816,13.02315325242689,12.488306239313008,4.798769706024371,2.2347207088829952,5.454815824405642,529065.6008798424,53.319663400270784,18.182719414685476,7.449069029609984,50.798611111111114,2834,3922.3799200057983,100.0,0,0.0,68.92361111111111,1790,4031.660312652588,4624,1640.6050283984882,626.9903245930224,1655.3486723337285,1409.9076255558612,0,5760,1.0,False,False,complete,knock,knockout,,10,2020,0.0,3514091590.0,,,regen-v2,637c6b535a9e,86e95e8,local,0.03112627371452785
5760,5.509953270742605,17.020976237100783,11.511022966358178,4.770396233995772,2.209303276550739,4.531323455811667,691477.1596322194,53.004402599953025,15.104411519372224,7.36434425516913,58.10763888888889,2413,2861.535906791687,100.0,0,0.0,68.125,1836,4276.51912689209,4249,1630.9046954357823,520.8417764922648,1636.5209456882524,1398.6713094093839,0,5760,1.0,False,False,complete,knock,knockin,,10,2020,0.03112627371452785,3514091590.0,,,regen-v2,637c6b535a9e,86e95e8,local,0.03112627371452785
5760,4.221976320787943,11.155309003269094,6.9333326824811525,5.0825361035798995,1.845375832032405,0.005420746868848801,453184.428257807,56.47262337311,0.018069156229496005,6.1512527734413505,62.34375,2169,2458.7872161865234,100.0,0,0.0,79.32291666666667,1191,3833.6952018737793,3360,1737.6191811736599,0.6230743433748351,1366.9450603082564,1529.8517290958252,0,5760,1.0,False,False,complete,cross,baseline,,10,2020,0.0009692655870868968,,,,regen-v2,637c6b535a9e,86e95e8,local,
5760,4.230751376256531,11.208141176593834,6.977389800337302,5.067358756032996,1.9033169506513792,0.006714093652926386,455330.7352991245,56.3039861781444,0.022380312176421287,6.344389835504598,62.239583333333336,2175,2449.933755874634,97.69097222222223,133,201248.48400878906,79.09722222222221,1204,3895.180606842041,3512,1732.4303435414365,0.7717349009644427,1409.8644071991853,1518.6503358694117,0,5760,1.0,False,False,complete,cross,ko_uboil,,10,2020,0.0,,,,regen-v2,637c6b535a9e,86e95e8,local,
5760,4.296176643677846,11.75598546934263,7.459808825664785,4.861802066827177,2.0893262475183545,0.5086805113192534,477586.90969204437,54.02002296474641,1.6956017043975113,6.964420825061182,57.43055555555555,2452,3228.6080198287964,92.11805555555556,454,1426699.1499023438,74.46180555555556,1471,4770.189228057861,4377,1662.1545533669273,58.46902435524685,1547.6490720416286,1464.860418545144,0,5760,1.0,False,False,complete,cross,ko_cross,,10,2020,0.0009692655870868968,,,,regen-v2,637c6b535a9e,86e95e8,local,
5760,4.2729232691272365,11.738347676486821,7.465424407359586,4.847925244699916,2.0967881400043944,0.5207110226552755,476870.3743572772,53.8658360522213,1.7357034088509182,6.989293800014648,56.99652777777777,2477,3250.974419593811,92.01388888888889,460,1437848.614868164,74.11458333333333,1491,4769.7370529174805,4428,1657.410340025297,59.85184169707949,1553.1763989201202,1464.8939556477587,0,5760,1.0,False,False,complete,cross,ko_both,,10,2020,0.0,,,,regen-v2,637c6b535a9e,86e95e8,local,
5760,5.905936376667119,13.87437130413554,7.9684349274684205,5.241333049632252,2.688703574109294,0.03839830372687429,563646.3342305063,58.237033884802806,0.12799434575624766,8.962345247030981,63.09027777777778,2126,2572.866256713867,96.89236111111111,179,171702.65881347656,76.40625,1359,2735.137107849121,3664,1791.9087359351931,4.413598147622139,1991.6322769472115,1447.0127014579143,0,5760,1.0,False,False,complete,lambda,lam=1e-06,1e-06,11,2020,0.0365794617610906,3638040055.0,54.0,11.267874417938067,regen-v2,637c6b535a9e,86e95e8,local,
5760,5.903459346303968,13.870178537532546,7.9667191912285755,5.239822886768051,2.68848409748087,0.03841220697965473,563476.0030872596,58.22025429742279,0.12804068993218243,8.961613658269567,63.125,2124,2573.6048250198364,96.89236111111111,179,171677.37133789062,76.44097222222223,1357,2730.1987838745117,3660,1791.392440637946,4.415196215486283,1991.4697014649769,1447.3879451737662,0,5760,1.0,False,False,complete,lambda,lam=0.001,0.001,11,2020,0.03657946057694125,2725210413.0,51.0,11.263978641596244,regen-v2,637c6b535a9e,86e95e8,local,
5760,6.704580772730287,14.845907598545212,8.141326825814925,5.262697550636505,2.839400815659647,0.03922845951877534,603114.9961908993,58.474417229294495,0.13076153172925115,9.464669385532156,61.5625,2214,2684.6912784576416,97.01388888888889,172,185422.66528320312,76.25,1368,2755.4144592285156,3754,1799.21283739505,4.50901834048593,2103.2598638442887,1444.9628789187514,0,5760,1.0,False,False,complete,lambda,lam=0.01,0.01,11,2020,0.03655584644911388,2979236517.0,43.0,10.999742030651463,regen-v2,637c6b535a9e,86e95e8,local,
5760,5.555018713537193,13.777907059435156,8.222888345897964,4.858633907748823,3.281006391978998,0.08324804617014198,559727.4742895532,53.98482119720914,0.2774934872338066,10.936687973263327,65.79861111111111,1970,2423.5880002975464,92.10069444444444,455,428967.8487548828,58.90625000000001,2367,5245.143306732178,4792,1661.0714209986586,9.568740972869787,2430.3751055880366,1426.2667789559532,0,5760,1.0,False,False,complete,lambda,lam=0.02,0.02,11,2020,0.03719861311192244,88450681.0,39.0,9.393886601291891,regen-v2,637c6b535a9e,86e95e8,local,
5760,4.871171296054312,13.52933706401357,8.658165767959257,5.482526204259884,2.8449298917110006,0.3307096719883743,549629.3182255513,60.91695782510982,1.1023655732945812,9.48309963903667,63.125,2124,2673.5331716537476,97.86458333333333,123,458884.81677246094,71.45833333333333,1644,3190.098155975342,3891,1874.3679328598496,38.01260600198136,2107.355475403421,1396.550655686048,0,5760,1.0,False,False,complete,lambda,lam=0.03,0.03,11,2020,0.04050324932567494,3697437329.0,37.0,10.73680917324464,regen-v2,637c6b535a9e,86e95e8,local,
5760,0.8953417047113055,12.985023909971284,12.08968220525998,5.019790518402674,2.9109738383098938,4.15891784854741,527516.5963425834,55.77545020447416,13.863059495158033,9.703246127699646,50.43402777777778,2855,4782.803211212158,96.59722222222223,196,819303.4248046875,73.33333333333333,1536,3933.5142822265625,4587,1716.1676982157494,478.03653438567426,2156.2769179568945,1373.3160586334616,0,5760,1.0,False,False,complete,lambda,lam=0.04,0.04,11,2020,0.0,2885664603.0,33.0,11.403918194735766,regen-v2,637c6b535a9e,86e95e8,local,
5760,0.4758636824685918,12.437860547671091,11.9619968652025,4.674819126151904,2.231864030683622,5.055313708366973,505288.0847491381,51.94243473502116,16.85104569455658,7.439546768945408,48.55902777777778,2963,4419.362008094788,100.0,0,0.0,68.33333333333333,1824,4162.638050079346,4787,1598.2287616266008,581.0705411971022,1653.2326151629713,1351.2106198529414,0,5760,1.0,False,False,complete,lambda,lam=0.05,0.05,11,2020,0.0,2104078947.0,27.0,11.407892988999446,regen-v2,637c6b535a9e,86e95e8,local,
5760,2.3427869396000225,5.1625865413728675,2.819799601772846,0.3091190683397527,2.164375071932322,0.34630546150077135,209730.0782432728,3.4346563148861415,1.1543515383359046,7.21458357310774,30.15625,4023,19500.992720127106,96.28472222222221,214,112269.27197265625,29.166666666666668,4080,26179.469200134277,8317,105.68173268524697,39.80522546499702,1603.2407945802724,1424.0927679098434,0,5760,1.0,False,False,complete,lambda,lam=0.06,0.06,11,2020,0.0,811411276.0,23.0,10.409569227616025,regen-v2,637c6b535a9e,86e95e8,local,
5760,2.3427869396000225,5.1625865413728675,2.819799601772846,0.3091190683397527,2.164375071932322,0.34630546150077135,209730.0782432728,3.4346563148861415,1.1543515383359046,7.21458357310774,30.15625,4023,19500.992720127106,96.28472222222221,214,112269.27197265625,29.166666666666668,4080,26179.469200134277,8317,105.68173268524697,39.80522546499702,1603.2407945802724,1424.0927679098434,0,5760,1.0,False,False,complete,lambda,lam=0.07,0.07,11,2020,0.0,3182931736.0,23.0,10.409569227616025,regen-v2,637c6b535a9e,86e95e8,local,
5760,2.3427869396000225,5.1625865413728675,2.819799601772846,0.3091190683397527,2.164375071932322,0.34630546150077135,209730.0782432728,3.4346563148861415,1.1543515383359046,7.21458357310774,30.15625,4023,19500.992720127106,96.28472222222221,214,112269.27197265625,29.166666666666668,4080,26179.469200134277,8317,105.68173268524697,39.80522546499702,1603.2407945802724,1424.0927679098434,0,5760,1.0,False,False,complete,lambda,lam=0.08,0.08,11,2020,0.0,2120554310.0,23.0,10.409569227616025,regen-v2,637c6b535a9e,86e95e8,local,
5760,3.2513317118186826,5.802349317294037,2.551017605475354,0.28548253571783566,1.9503479650335431,0.31518710472397504,235720.44101507025,3.1720281746426187,1.0506236824132502,6.501159883445144,32.58680555555556,3883,17957.803553581238,97.06597222222221,169,74071.03625488281,25.3125,4302,31179.77505493164,8354,97.60086685351702,36.228402877516416,1444.7021969199293,1395.131340597386,0,5760,1.0,False,False,complete,lambda,lam=0.1,0.1,11,2020,0.0,1919924582.0,20.0,12.986705104882512,regen-v2,637c6b535a9e,86e95e8,local,
5760,3.263597520781337,5.97057489666433,2.7069773758829943,0.2742654858962203,2.1349194298463745,0.2977924601403996,242554.60517698847,3.047394287735781,0.9926415338013321,7.116398099487915,32.96875,3861,17911.363862991333,97.06597222222221,169,55955.13134765625,24.600694444444443,4343,31389.804122924805,8373,93.76597809038638,34.22901842984943,1581.4218001225315,1384.372600238903,0,5760,1.0,False,False,complete,lambda,lam=0.15,0.15,11,2020,0.0,691373299.0,16.0,12.986705104882512,regen-v2,637c6b535a9e,86e95e8,local,
5760,4.964666756362915,6.0008462672322835,1.0361795108693683,0.37248497827575056,0.23219961954476181,0.431494913048856,243784.3796063115,4.138721980841673,1.4383163768295202,0.7739987318158728,33.40277777777778,3836,17139.740651607513,92.89930555555556,409,455506.1130371094,25.46875,4293,30527.759784698486,8538,127.34529164955092,49.59711652982449,171.99971810486164,1289.471008104947,0,5760,1.0,False,False,complete,lambda,lam=0.2,0.2,11,2020,0.0,3828308706.0,13.0,3.000156775310714,regen-v2,637c6b535a9e,86e95e8,local,
5760,0.675654292362218,12.823601706128674,12.147947413766456,4.688527675661926,2.2744764630247887,5.18494327507974,520958.81931147736,52.09475195179918,17.2831442502658,7.5815882100826295,48.576388888888886,2962,4494.492765426636,100.0,0,0.0,68.81944444444444,1796,4110.244548797607,4758,1602.9154445963677,595.9704915005564,1684.7973812045539,1342.5723519232165,0,5760,1.0,False,False,complete,knock,baseline,,11,2020,0.0,118137717.0,,,regen-v2,637c6b535a9e,86e95e8,local,0.0365794617610906
5760,0.675654292362218,12.823601706128674,12.147947413766456,4.688527675661926,2.2744764630247887,5.18494327507974,520958.81931147736,52.09475195179918,17.2831442502658,7.5815882100826295,48.576388888888886,2962,4494.492765426636,100.0,0,0.0,68.81944444444444,1796,4110.244548797607,4758,1602.9154445963677,595.9704915005564,1684.7973812045539,1342.5723519232165,0,5760,1.0,False,False,complete,knock,knockout,,11,2020,0.0,118137717.0,,,regen-v2,637c6b535a9e,86e95e8,local,0.0365794617610906
5760,5.865514662747952,17.076509073481546,11.210994410733594,4.6851820835405285,2.305701642457082,4.2201106847359835,693733.1811101878,52.05757870600587,14.067035615786612,7.685672141523607,54.28819444444445,2633,3372.388542175293,100.0,0,0.0,69.79166666666666,1740,4079.433094024658,4373,1601.7716525151766,485.07019372912373,1707.9271429927576,1347.46725672935,0,5760,1.0,False,False,complete,knock,knockin,,11,2020,0.0365794617610906,118137717.0,,,regen-v2,637c6b535a9e,86e95e8,local,0.0365794617610906
5760,3.0663458941229615,10.399365516239186,7.333019622116225,4.787893289502854,1.9896660563777318,0.5554602762356401,422474.22409721697,53.198814327809494,1.8515342541188005,6.632220187925773,49.60069444444444,2903,7176.008414268494,88.35069444444444,671,2732503.739868164,71.38888888888889,1648,7444.064155578613,5222,1636.8865944762615,63.8460087423455,1473.8267077703358,1250.4395575467474,0,5760,1.0,False,False,complete,cross,baseline,,11,2020,0.041805679911383294,,,,regen-v2,637c6b535a9e,86e95e8,local,
5760,2.9760637826708,10.814624087983294,7.838560305312493,4.5146084196722835,2.235157174585887,1.0887947110543221,439344.1035743213,50.16231577413649,3.6293157035144072,7.450523915286291,47.204861111111114,3041,8211.747460365295,80.9375,1098,4625967.632202148,67.01388888888889,1900,8536.316101074219,6039,1543.4558704652568,125.14881723470448,1655.6719810371444,1166.4375205557722,0,5760,1.0,False,False,complete,cross,ko_uboil,,11,2020,0.0,,,,regen-v2,637c6b535a9e,86e95e8,local,
5760,3.122075480792776,10.557964248332365,7.4358887675395895,4.784446839003941,2.0421662170620696,0.609275711473579,428917.29758850235,53.16052043337712,2.0309190382452633,6.807220723540232,49.947916666666664,2883,7138.7322788238525,88.17708333333333,681,2823055.962036133,71.19791666666667,1659,7559.185665130615,5223,1635.7083212869493,70.0316909975633,1512.7157163081083,1250.4773147783262,0,5760,1.0,False,False,complete,cross,ko_cross,,11,2020,0.041805679911383294,,,,regen-v2,637c6b535a9e,86e95e8,local,
5760,3.3787685929715234,11.181482184445532,7.802713591474008,4.286644068452526,2.300038158201363,1.2160313648201189,454247.7137430997,47.6293785383614,4.053437882733729,7.66679386067121,47.291666666666664,3036,7811.179231643677,77.95138888888889,1270,5207797.005737305,65.12152777777777,2009,9310.941249847412,6315,1465.519338945741,139.77371996892964,1703.731969119628,1129.2600647960203,0,5760,1.0,False,False,complete,cross,ko_both,,11,2020,0.0,,,,regen-v2,637c6b535a9e,86e95e8,local,
5760,6.104631082560863,14.164178204904973,8.05954712234411,5.334769748484903,2.7152406666149416,0.009536707244263564,575419.7395742645,59.27521942761003,0.03178902414754522,9.050802222049805,68.50694444444444,1814,1857.350872039795,96.5625,198,84745.49401855469,64.04513888888889,2071,4297.751930236816,4083,1823.8529056583466,1.0961732413682939,2011.2893823326401,1458.0800419080485,0,5760,1.0,False,False,complete,lambda,lam=1e-06,1e-06,12,2020,0.03938957211581321,2953779104.0,54.0,16.647948657601,regen-v2,637c6b535a9e,86e95e8,local,
5760,6.101137061936624,14.162578430031273,8.061441368094647,5.336384657547044,2.7155249082392636,0.00953180230833928,575354.7487200204,59.293162861633824,0.03177267436113094,9.05174969413088,68.48958333333334,1815,1857.9878768920898,96.54513888888889,199,84909.02404785156,64.0625,2070,4289.7458152771,4084,1824.405011005066,1.0956094573950828,2011.4999325266126,1457.2619945044735,0,5760,1.0,False,False,complete,lambda,lam=0.001,0.001,12,2020,0.03939342862580879,1843098125.0,49.0,16.632376721465985,regen-v2,637c6b535a9e,86e95e8,local,
3689,0.8486307075913047,6.114010643357556,5.2653799357662505,3.7952270704015376,1.4562090916256731,0.013943773739039898,248381.6823864007,42.169189671128194,0.04647924579679966,4.8540303054189105,66.03415559772297,1253,1261.4617338180542,93.08755760368663,255,111913.32177734375,70.0731905665492,1104,1858.6707458496094,2612,1297.5135279682454,1.6027326256645085,1078.6734011056253,850.4644360555801,0,5760,0.6405,True,False,env_terminated,lambda,lam=0.01,0.01,12,2020,0.039398737652287734,995298271.0,42.0,14.903868388971848,regen-v2,637c6b535a9e,86e95e8,local,
5760,8.031362238057854,16.08988162913309,8.058519391075233,5.378242050337461,2.6648580158960495,0.015419324841722846,653651.4411835317,59.758245003749565,0.051397749472409486,8.882860052986832,67.95138888888889,1846,1906.7438955307007,99.30555555555556,40,14111.340942382812,67.17013888888889,1891,3750.9836463928223,3777,1838.7152299923982,1.772336208195798,1973.968900922121,1455.640328179249,0,5760,1.0,False,False,complete,lambda,lam=0.02,0.02,12,2020,0.04077720169340356,639029505.0,38.0,15.655538363501071,regen-v2,637c6b535a9e,86e95e8,local,
5760,7.9603891419495625,15.958476408967263,7.998087267017702,5.295893362007163,2.6867992901962237,0.015394614814314991,648313.1041142951,58.843259577857374,0.05131538271438331,8.955997633987412,69.98263888888889,1729,1785.0139694213867,98.66319444444444,77,18098.780029296875,65.53819444444444,1985,3860.668430328369,3791,1810.5618340949388,1.7694959670199695,1990.2216957711878,1533.449738740237,0,5760,1.0,False,False,complete,lambda,lam=0.03,0.03,12,2020,0.04077720169340356,4293876680.0,35.0,14.804995503216471,regen-v2,637c6b535a9e,86e95e8,local,
5760,5.352023795187809,13.545391164919518,8.19336736973171,5.08682462567757,3.0134825119811923,0.09306023207294664,550281.5160748555,56.52027361863967,0.31020077357648884,10.044941706603975,64.56597222222223,2041,2274.4032254219055,99.46180555555556,31,9944.907470703125,58.854166666666664,2370,5239.697624206543,4442,1739.0853419814325,10.696578404741894,2232.209268324317,1491.8608474221792,0,5760,1.0,False,False,complete,lambda,lam=0.04,0.04,12,2020,0.0,1930625166.0,31.0,15.620743833400812,regen-v2,637c6b535a9e,86e95e8,local,
5760,-0.9808434176722639,11.921244565439324,12.902087983111588,4.8660118764379305,2.3436181803052607,5.692457926368398,484300.56047097256,54.06679862708812,18.97485975456133,7.812060601017536,53.17708333333333,2697,3849.9696550369263,100.0,0,0.0,65.32986111111111,1997,3950.7637634277344,4694,1663.593804680002,654.3055087953559,1736.0134673595858,1433.9438763039211,0,5760,1.0,False,False,complete,lambda,lam=0.05,0.05,12,2020,0.0,3361190422.0,27.0,14.986013863704647,regen-v2,637c6b535a9e,86e95e8,local,
5760,5.9046694021047585,13.702382596753262,7.797713194648503,5.400166233485577,2.397471168097982,7.579306494444609e-05,556659.2929931013,60.001847038728634,0.0002526435498148203,7.991570560326608,64.84375,2025,2268.8299264907837,100.0,0,0.0,69.56597222222223,1753,3614.997001647949,3778,1846.210677927671,0.008711846809168589,1775.9045688468761,1557.6671712917844,0,5760,1.0,False,False,complete,lambda,lam=0.06,0.06,12,2020,0.0,4176722349.0,25.0,20.743036902978876,regen-v2,637c6b535a9e,86e95e8,local,
5760,8.977858990204215,16.420795184468723,7.442936194264507,4.977756971218522,2.4651792230459852,0.0,667094.8043690418,55.30841079131691,0.0,8.217264076819951,62.39583333333333,2166,2574.3350467681885,100.0,0,0.0,61.82291666666667,2199,5365.344158172607,4365,1701.7972540797668,0.0,1826.0586835977092,1476.154373182624,0,5760,1.0,False,False,complete,lambda,lam=0.07,0.07,12,2020,0.0,684978425.0,22.0,22.273300279715556,regen-v2,637c6b535a9e,86e95e8,local,
5760,3.241337753056531,5.841705634940453,2.6003678818839218,0.2878432645205148,1.9928661580952691,0.31965845926813785,237319.2914194559,3.1982584946723867,1.0655281975604596,6.642887193650897,32.72569444444444,3875,17913.95768880844,97.44791666666667,147,53770.29235839844,24.756944444444446,4334,31462.245651245117,8356,98.40795360587994,36.74235176943308,1476.1971531575161,1408.8663041452724,0,5760,1.0,False,False,complete,lambda,lam=0.08,0.08,12,2020,0.0,1723983518.0,20.0,21.221550741584068,regen-v2,637c6b535a9e,86e95e8,local,
5760,3.2167232242843067,5.878761590508432,2.6620383662241265,0.2887336947960823,2.052187151488912,0.321117519939132,238824.6896144051,3.2081521644009143,1.07039173313044,6.8406238382963735,32.98611111111111,3860,17878.270233154297,97.46527777777779,146,55199.13977050781,24.461805555555554,4351,31456.411582946777,8357,98.71237419798418,36.910059827624636,1520.1386311246083,1406.6334233350774,0,5760,1.0,False,False,complete,lambda,lam=0.1,0.1,12,2020,0.0,4065811959.0,19.0,21.221550741584068,regen-v2,637c6b535a9e,86e95e8,local,
5760,5.172711327145536,6.058753458626161,0.8860421314806254,0.31734563020952045,0.2008181779157878,0.3678783233553171,246136.8592566878,3.5260625578835607,1.2262610778510572,0.6693939263859593,33.81944444444444,3812,17157.83098745346,94.01041666666666,345,355360.62104797363,23.71527777777778,4394,31405.212490081787,8551,108.4942325147338,42.28486476923115,148.75420602519955,1320.955742640148,0,5760,1.0,False,False,complete,lambda,lam=0.15,0.15,12,2020,0.0,826201641.0,15.0,21.221550741584068,regen-v2,637c6b535a9e,86e95e8,local,
5760,-0.06587893976251036,4.9897169436461954,5.0555958834087065,1.540565317202168,0.8457059305217686,2.6693246356847693,202707.25083562674,17.117392413357422,8.897748785615898,2.8190197684058953,31.805555555555554,3928,19922.615703105927,77.32638888888889,1306,2239758.3295898438,25.3125,4302,25220.65665435791,9536,526.688997172417,306.8189234467344,626.4488378123697,549.88780199409,0,5760,1.0,False,False,complete,lambda,lam=0.2,0.2,12,2020,0.0,3616673195.0,11.0,21.679585653175785,regen-v2,637c6b535a9e,86e95e8,local,
5760,-0.9817757867972305,11.964041289758077,12.945817076555308,4.8640494158290934,2.338432376350159,5.743335284376055,486039.1773964219,54.044993509212155,19.144450947920184,7.794774587833864,53.24652777777777,2693,3825.0549182891846,100.0,0,0.0,65.08680555555556,2011,3982.3768310546875,4704,1662.92287695486,660.1534810735054,1732.1721294297415,1435.5963963574072,0,5760,1.0,False,False,complete,knock,baseline,,12,2020,0.0,2620518588.0,,,regen-v2,637c6b535a9e,86e95e8,local,0.03938957211581321
5760,-0.9817757867972305,11.964041289758077,12.945817076555308,4.8640494158290934,2.338432376350159,5.743335284376055,486039.1773964219,54.044993509212155,19.144450947920184,7.794774587833864,53.24652777777777,2693,3825.0549182891846,100.0,0,0.0,65.08680555555556,2011,3982.3768310546875,4704,1662.92287695486,660.1534810735054,1732.1721294297415,1435.5963963574072,0,5760,1.0,False,False,complete,knock,knockout,,12,2020,0.0,2620518588.0,,,regen-v2,637c6b535a9e,86e95e8,local,0.03938957211581321
5760,4.933595011518864,16.743133221164975,11.809538209646114,4.788445994124351,2.358736397478851,4.662355818042909,680189.7871098272,53.20495549027057,15.54118606014303,7.862454658262838,59.513888888888886,2332,2781.9051275253296,100.0,0,0.0,63.68055555555555,2092,4256.709774017334,4424,1637.0755527930849,535.9029677332821,1747.2121464002073,1437.3566938236104,0,5760,1.0,False,False,complete,knock,knockin,,12,2020,0.03938957211581321,2620518588.0,,,regen-v2,637c6b535a9e,86e95e8,local,0.03938957211581321
3686,-1.2222405978837332,3.037298835704986,4.259539433588719,3.4353354597557124,0.8169043542566714,0.007299619576334953,123390.26520051504,38.17039399728569,0.024332065254449843,2.723014514188905,61.34020618556701,1425,1459.9898042678833,97.63971785132935,87,57483.79992675781,62.58817145957678,1379,3394.151641845703,2891,1174.4736617152585,0.8390367388412876,605.1143363954754,841.1066357827808,0,5760,0.6399,True,False,env_terminated,cross,baseline,,12,2020,0.08873295196578895,,,,regen-v2,637c6b535a9e,86e95e8,local,
5699,-1.4613077536236498,6.329690713918024,7.790998467541674,5.598279341924514,1.9377328043320392,0.2549863212851211,257143.68525291973,62.20310379916127,0.849954404283737,6.459109347773464,54.5709773644499,2589,3749.213878631592,92.89349008598,405,398011.33557128906,61.975785225478155,2167,7336.864616394043,5161,1913.941655720223,29.308772592496265,1435.3576323894736,1385.771896330263,0,5760,0.9894,True,False,env_terminated,cross,ko_uboil,,12,2020,0.0,,,,regen-v2,637c6b535a9e,86e95e8,local,
3685,-0.9871019950684372,3.306680014210392,4.293782009278829,3.518824712790509,0.7675392071193805,0.007418089368939399,134333.87557729718,39.09805236433899,0.02472696456313133,2.5584640237312684,63.98914518317503,1327,1267.8841199874878,98.7516960651289,46,25085.0966796875,61.73677069199457,1410,3365.452049255371,2783,1203.0169954115388,0.852653928772819,568.5475611650794,834.569718217175,0,5760,0.6398,True,False,env_terminated,cross,ko_cross,,12,2020,0.08873295196578895,,,,regen-v2,637c6b535a9e,86e95e8,local,
3687,-2.0293729230798556,2.492989069017139,4.522361992096995,3.1929483734826194,0.9848321010197003,0.3445815175946745,101277.68092882127,35.47720414980688,1.148605058648915,3.282773670065668,55.70924871168972,1633,2319.3909120559692,88.03905614320587,441,1092706.6345214844,63.14076484947111,1359,4227.372402191162,3433,1091.606281169726,39.607070974819,729.5052600816363,783.8218314290662,0,5760,0.6401,True,False,env_terminated,cross,ko_both,,12,2020,0.0,,,,regen-v2,637c6b535a9e,86e95e8,local,
5760,6.232997641820207,13.688268427914279,7.455270786094074,4.864433133679364,2.586377436483324,0.004460215931385755,556085.9048840177,54.04925704088182,0.014867386437952518,8.62125812161108,56.614583333333336,2499,2867.522505760193,99.98263888888889,1,64.13818359375,70.83333333333334,1680,3494.9124603271484,4180,1663.0540637181975,0.5126684858581265,1915.8351376244432,1443.3080450412895,0,5760,1.0,False,False,complete,lambda,lam=1e-06,1e-06,13,2020,0.058459008606794954,3231646601.0,54.0,2.6655607672805806,regen-v2,637c6b535a9e,86e95e8,local,
5760,6.234847753385215,13.690601537770632,7.455753784385417,4.864453303603541,2.5868393617775363,0.004461119004338979,556180.6874719319,54.04948115115045,0.014870396681129931,8.622797872591788,56.59722222222222,2500,2865.141031265259,99.98263888888889,1,64.1884765625,70.90277777777779,1676,3500.4291038513184,4177,1663.0609582458942,0.5127722978706989,1916.1773056505722,1443.6330326468978,0,5760,1.0,False,False,complete,lambda,lam=0.001,0.001,13,2020,0.058459004800545396,2951028281.0,51.0,2.665560693882103,regen-v2,637c6b535a9e,86e95e8,local,
5760,6.293141529795169,13.478126525329506,7.184984995534338,4.753976298239949,2.426629585118536,0.00437911217585206,547548.8900915112,52.82195886933277,0.014597040586173532,8.088765283728454,61.68402777777777,2207,2609.681106567383,99.86111111111111,8,384.55712890625,60.520833333333336,2274,5504.175872802734,4489,1625.291042011439,0.5033462237263898,1797.5033963982025,1473.541621784594,0,5760,1.0,False,False,complete,lambda,lam=0.01,0.01,13,2020,0.058506455012240055,1056651710.0,46.0,2.6659306979146495,regen-v2,637c6b535a9e,86e95e8,local,
5760,5.4815936916133285,13.457275840083378,7.975682148470049,5.317132404873137,2.6434179849070314,0.015131758689880372,546701.8310033872,59.079248943034855,0.05043919563293457,8.811393283023438,56.19791666666667,2523,2454.3668518066406,100.0,0,0.0,71.63194444444444,1634,3274.538459777832,4157,1817.8230440709965,1.739282609387882,1958.087394391147,1429.2632586300585,0,5760,1.0,False,False,complete,lambda,lam=0.02,0.02,13,2020,0.06084443040065871,3115209037.0,43.0,2.6725305216667086,regen-v2,637c6b535a9e,86e95e8,local,
5760,5.328354928103308,13.311384700702511,7.983029772599203,5.313737739339377,2.6497623404013693,0.019529692858457563,540775.0034660395,59.04153043710419,0.06509897619485855,8.832541134671231,56.59722222222222,2500,2429.369146347046,100.0,0,0.0,71.75347222222223,1627,3192.014175415039,4127,1816.6624741367177,2.2447922931502706,1962.7869190124786,1468.4547535184138,0,5760,1.0,False,False,complete,lambda,lam=0.03,0.03,13,2020,0.06084443040065871,2955973060.0,38.0,2.668070720296248,regen-v2,637c6b535a9e,86e95e8,local,
5760,6.92357658386141,16.169911866138445,9.246335282277037,4.757599491061432,4.458767543501787,0.029968247713818015,656902.6695618744,52.86221656734925,0.09989415904606005,14.86255847833929,57.41319444444445,2453,2575.992275238037,71.40625,1647,1538485.1743164062,65.85069444444444,1967,3656.400493621826,6067,1626.5297409036784,3.4446262255998903,3302.7907723739118,1391.0482100660888,0,5760,1.0,False,False,complete,lambda,lam=0.04,0.04,13,2020,0.06433773596214212,1680995065.0,35.0,2.7408086793751236,regen-v2,637c6b535a9e,86e95e8,local,
5760,2.367075414951537,14.28238523654887,11.915309821597333,4.859304941040043,2.1078307535275753,4.9481741270297155,580221.9002347979,53.99227712266715,16.493913756765718,7.026102511758585,54.02777777777777,2648,3062.4332094192505,100.0,0,0.0,65.05208333333333,2013,4293.052200317383,4661,1661.3008328515393,568.7556465908846,1561.3561145937613,1442.5446013731832,0,5760,1.0,False,False,complete,lambda,lam=0.05,0.05,13,2020,0.07661840515873727,1801305962.0,29.0,2.9048525858775087,regen-v2,637c6b535a9e,86e95e8,local,
5760,2.4383293886906787,5.340164905243547,2.901835516552868,0.34239452444901486,2.171148943405562,0.38829204869829115,216944.19927551912,3.804383604989054,1.2943068289943038,7.237163144685208,30.225694444444446,4019,18993.140212535858,95.38194444444444,266,141291.10314941406,27.8125,4158,27253.4432220459,8443,117.05795670548471,44.631270046523625,1608.2584762393728,1400.0326257167403,0,5760,1.0,False,False,complete,lambda,lam=0.06,0.06,13,2020,0.0,1347972184.0,24.0,2.767876371228299,regen-v2,637c6b535a9e,86e95e8,local,
5760,2.311740907535135,5.213339380071349,2.9015984725362145,0.3367695171190903,2.1814295823832026,0.38339937303392213,211791.91231539857,3.741883523545448,1.2779979101130738,7.271431941277342,30.19097222222222,4021,19329.281409740448,95.88541666666667,237,124557.33349609375,28.333333333333332,4128,26815.5087890625,8386,115.13487760840485,44.068893413040215,1615.873765174992,1384.2890335460795,0,5760,1.0,False,False,complete,lambda,lam=0.07,0.07,13,2020,0.0,1125554563.0,23.0,2.745466495876621,regen-v2,637c6b535a9e,86e95e8,local,
5760,2.5314901725000474,5.3125764930238955,2.7810863205238485,0.3199631198537707,2.09671159904395,0.36441160162612796,215823.42002909578,3.5551457761530076,1.2147053387537599,6.989038663479834,31.059027777777775,3971,19251.569764614105,96.70138888888889,190,86318.26733398438,27.673611111111114,4166,26949.745086669922,8327,109.38910077725079,41.88639105214956,1553.1197029657583,1350.176165458971,0,5760,1.0,False,False,complete,lambda,lam=0.08,0.08,13,2020,0.0,1173201425.0,22.0,2.745466495876621,regen-v2,637c6b535a9e,86e95e8,local,
5760,3.1803904855066083,5.815790353577039,2.6353998680704307,0.31657121510491437,1.9548659632521277,0.36396268971338863,236266.48311406723,3.51745794561016,1.2132089657112954,6.516219877507092,32.41319444444444,3893,17820.37497472763,96.5625,198,91002.02209472656,25.086805555555557,4315,31031.548828125,8406,108.22947516002233,41.83479189314166,1448.048861748351,1348.0430304884178,0,5760,1.0,False,False,complete,lambda,lam=0.1,0.1,13,2020,0.0,2574118230.0,20.0,8.872282391330513,regen-v2,637c6b535a9e,86e95e8,local,
5760,2.8487680258796555,5.679393057513705,2.83062503163405,0.32167478290547624,2.16771260300006,0.34123764572851356,230725.3429614943,3.5741642545052916,1.1374588190950452,7.225708676666867,32.32638888888889,3898,18011.19530916214,96.37152777777777,209,73162.27722167969,26.111111111111114,4256,30765.57258605957,8363,109.97428491963836,39.22271798385029,1605.7130396650182,1345.2803394094526,0,5760,1.0,False,False,complete,lambda,lam=0.15,0.15,13,2020,0.0,1569894099.0,14.0,2.6337197952777727,regen-v2,637c6b535a9e,86e95e8,local,
5760,4.822605021704592,5.861723618642097,1.039118596937505,0.37324879666422384,0.23191046798075438,0.4339593322925269,238132.5220073352,4.147208851824709,1.4465311076417564,0.7730348932691813,32.96875,3861,17344.00557756424,92.86458333333333,411,450821.3525390625,25.78125,4275,30169.59523010254,8547,127.60642624993966,49.88038304697813,171.7855320440528,1264.690487543081,0,5760,1.0,False,False,complete,lambda,lam=0.2,0.2,13,2020,0.0,4089276883.0,13.0,2.6337197952777727,regen-v2,637c6b535a9e,86e95e8,local,
5760,2.187227002048097,14.397039980888968,12.209812978840873,4.935510964035677,2.1189170198471836,5.155384994958011,584879.7492236143,54.83901071150753,17.184616649860036,7.063056732823946,54.87847222222222,2599,2972.2684030532837,100.0,0,0.0,66.47569444444444,1931,4053.048828125,4530,1687.3541759641023,592.5729879911421,1569.5681619762465,1437.9557168607223,0,5760,1.0,False,False,complete,knock,baseline,,13,2020,0.07430086786643952,3703764477.0,,,regen-v2,637c6b535a9e,86e95e8,local,0.058459008606794954
5760,-1.4957594383590127,12.100838105688725,13.59659754404774,4.757749829961157,2.1872071069664445,6.651640607120136,491596.5480436045,52.863886999568415,22.17213535706712,7.290690356554816,48.4375,2970,4166.994373321533,100.0,0,0.0,64.82638888888889,2026,4079.2859268188477,4996,1626.5811390639578,764.5563917100444,1620.1534125427897,1457.0093154951146,0,5760,1.0,False,False,complete,knock,knockout,,13,2020,0.0,3703764477.0,,,regen-v2,637c6b535a9e,86e95e8,local,0.058459008606794954
5760,2.0323060048050543,14.568813953963136,12.536507949158082,4.892954039738678,2.1505860302193245,5.49296787920008,591858.0668797524,54.36615599709642,18.309892930666933,7.168620100731082,53.62847222222222,2671,3121.391502380371,100.0,0,0.0,66.78819444444444,1913,4103.875514984131,4584,1672.8047991753722,631.3756184018924,1593.0266889736681,1439.1704166734935,0,5760,1.0,False,False,complete,knock,knockin,,13,2020,0.058459008606794954,3703764477.0,,,regen-v2,637c6b535a9e,86e95e8,local,0.058459008606794954
5760,5.145946086601945,12.00819584478983,6.862249758187885,4.908819512359303,1.9471580668402113,0.006272178988371348,487832.9561945868,54.54243902621448,0.02090726329457116,6.490526889467371,54.75694444444444,2606,2934.89457321167,99.07986111111111,53,30016.405029296875,76.90972222222221,1330,4523.527423858643,3989,1678.2288929946676,0.7209401016588614,1442.339309018296,1455.55612201036,0,5760,1.0,False,False,complete,cross,baseline,,13,2020,0.12964201575652995,,,,regen-v2,637c6b535a9e,86e95e8,local,
5760,4.515804963953214,13.716622692280886,9.200817728327673,6.387908063838422,2.3881238432858227,0.424785821203427,557237.796873911,70.97675626487136,1.4159527373447567,7.960412810952743,50.32986111111111,2861,4647.639122009277,91.99652777777779,461,438980.8098144531,65.69444444444444,1976,5634.377696990967,5298,2183.900192161841,48.825956627292044,1768.9806252064159,1489.7350360949,0,5760,1.0,False,False,complete,cross,ko_uboil,,13,2020,0.0,,,,regen-v2,637c6b535a9e,86e95e8,local,
5760,4.1733591154001575,10.95048443298488,6.777125317584723,5.016954702242783,1.7565958405968332,0.003574774745106697,444863.43009001075,55.74394113603093,0.011915915817022324,5.855319468656111,59.13194444444444,2354,2452.038826942444,100.0,0,0.0,76.66666666666667,1344,4744.864757537842,3698,1715.1981895549256,0.4108936405751304,1301.182104720326,1456.5010403649835,0,5760,1.0,False,False,complete,cross,ko_cross,,13,2020,0.12964201575652995,,,,regen-v2,637c6b535a9e,86e95e8,local,
5760,5.598132674543411,13.124477163438119,7.526344488894707,4.6394002589620715,2.303762127608087,0.583182102324548,533181.8847646735,51.54889176624524,1.9439403410818268,7.6792070920269575,52.79513888888889,2719,3768.3311252593994,92.36111111111111,440,1229603.4873046875,69.70486111111111,1745,5030.053733825684,4904,1586.1197477059989,67.03242557307684,1706.4904651158604,1422.512631459917,0,5760,1.0,False,False,complete,cross,ko_both,,13,2020,0.0,,,,regen-v2,637c6b535a9e,86e95e8,local,
5760,5.633069358391417,14.107153097523117,8.4740837391317,5.119401437840029,3.3539937435565834,0.0006885577350854874,573103.0945868766,56.882238198222545,0.002295192450284958,11.179979145188613,56.14583333333333,2526,3133.5977087020874,98.17708333333334,105,49517.288818359375,76.37152777777779,1361,2919.540817260742,3992,1750.2227143464147,0.07914456750946165,2484.4398099405535,1475.0478190267886,0,5760,1.0,False,False,complete,lambda,lam=1e-06,1e-06,14,2020,0.03747185466990554,4232594616.0,54.0,13.032619387737006,regen-v2,637c6b535a9e,86e95e8,local,
5760,5.660350700407901,14.167228587750103,8.506877887342203,5.129593655250844,3.3765979608835783,0.0006862712077796459,575543.6613773479,56.99548505834271,0.00228757069259882,11.255326536278595,56.041666666666664,2532,3157.219882965088,98.19444444444444,104,50775.71228027344,76.38888888888889,1360,2933.88578414917,3996,1753.7072321494968,0.07888174898331893,2501.183675912694,1473.943066207492,0,5760,1.0,False,False,complete,lambda,lam=0.001,0.001,14,2020,0.03748450819357847,674548278.0,48.0,13.323830462396995,regen-v2,637c6b535a9e,86e95e8,local,
5760,5.617492419378064,13.42069520557619,7.803202786198126,4.90385151303181,2.8980765748030706,0.0012746983632445335,545215.7427265327,54.487239033686784,0.004248994544148445,9.66025524934357,62.18749999999999,2178,2846.6132488250732,97.44791666666667,147,86673.05236816406,60.97222222222223,2248,5348.924644470215,4573,1676.5304324665685,0.14651705180598706,2146.7233891105043,1527.1070313978937,0,5760,1.0,False,False,complete,lambda,lam=0.01,0.01,14,2020,0.03748450819357847,564388574.0,41.0,13.338275457477302,regen-v2,637c6b535a9e,86e95e8,local,
5760,5.3489218204341995,13.463190131344914,8.114268310910717,4.84538930212393,3.2645104220260257,0.004368586760759354,546942.0990858872,53.837658912488116,0.014561955869197847,10.88170140675342,61.579861111111114,2213,2841.3444175720215,94.46180555555556,319,129941.78564453125,60.69444444444444,2264,5636.777931213379,4796,1656.543350641402,0.502136426044973,2418.155867564561,1520.2160012821155,0,5760,1.0,False,False,complete,lambda,lam=0.02,0.02,14,2020,0.03748450819357847,1476749903.0,39.0,11.918252348182378,regen-v2,637c6b535a9e,86e95e8,local,
5760,7.392267176630012,16.229497089364436,8.837229912734426,5.234917987125574,3.590383106431551,0.011928819177299738,659323.3192554303,58.165755412506385,0.03976273059099913,11.96794368810517,61.736111111111114,2204,2203.451160430908,99.20138888888889,46,10957.152587890625,73.90625,1503,3252.5164337158203,3753,1789.7155497163023,1.371128630641873,2659.543041737152,1541.4855022629206,0,5760,1.0,False,False,complete,lambda,lam=0.03,0.03,14,2020,0.038203161613963164,3068507505.0,36.0,4.025752747100099,regen-v2,637c6b535a9e,86e95e8,local,
5760,6.24202556380456,16.483594514218062,10.241568950413505,4.591918712925786,4.653697257101024,0.9959529803866927,669646.0271401089,51.02131903250873,3.319843267955642,15.512324190336749,52.204861111111114,2753,3764.7214002609253,74.70486111111111,1457,2219004.7056884766,66.37152777777777,1937,4299.770313262939,6147,1569.886739340172,114.47735400956216,3447.1831526034503,1458.3891411241111,0,5760,1.0,False,False,complete,lambda,lam=0.04,0.04,14,2020,0.0,3778581107.0,32.0,3.151455200798492,regen-v2,637c6b535a9e,86e95e8,local,
5760,0.14732418511601886,12.610796453657432,12.463472268541413,4.670875771403136,2.280574511315883,5.512021985822393,512313.60592983314,51.89861968225706,18.37340661940798,7.6019150377196105,49.236111111111114,2924,4459.155863761902,100.0,0,0.0,66.28472222222223,1942,4133.639549255371,4866,1596.8806054011895,633.5657453016413,1689.314451507606,1511.0129425838613,0,5760,1.0,False,False,complete,lambda,lam=0.05,0.05,14,2020,0.0,2386413282.0,27.0,10.915059673351896,regen-v2,637c6b535a9e,86e95e8,local,
5760,8.022994914464382,15.937920054357221,7.914925139892838,5.438565215224838,2.4763599246680013,0.0,647478.0022082621,60.428502391387084,0.0,8.254533082226672,50.65972222222223,2842,4153.888119697571,100.0,0,0.0,84.21875,909,2391.8411178588867,3751,1859.3385355553783,0.0,1834.3406852478327,1520.0499754371153,0,5760,1.0,False,False,complete,lambda,lam=0.06,0.06,14,2020,0.0,4237426605.0,28.0,10.037776121880082,regen-v2,637c6b535a9e,86e95e8,local,
5760,1.7043659904017412,4.638248748592712,2.933882758190971,0.299078600638982,2.3110093567591683,0.32379480079282075,188428.85541157896,3.3230955626553556,1.079316002642736,7.703364522530562,29.82638888888889,4042,20480.384674072266,97.06597222222221,169,74001.25695800781,33.125,3852,24350.757331848145,8063,102.24909451560589,37.21779318628639,1711.8587830796869,1445.5435209157883,0,5760,1.0,False,False,complete,lambda,lam=0.07,0.07,14,2020,0.0,2317920117.0,24.0,9.521442682891578,regen-v2,637c6b535a9e,86e95e8,local,
5760,2.337637747186254,5.189406384563439,2.8517686373771847,0.29446718800787075,2.2307908292206475,0.32651062014866616,210819.6343728897,3.2718576445318974,1.0883687338288872,7.435969430735492,30.711805555555554,3991,19568.868576526642,97.34375,153,65563.8291015625,29.65277777777778,4052,26033.297496795654,8196,100.67254300291481,37.52995637124151,1652.4376521685508,1407.3339116334084,0,5760,1.0,False,False,complete,lambda,lam=0.08,0.08,14,2020,0.0,2916661801.0,21.0,10.699548976292187,regen-v2,637c6b535a9e,86e95e8,local,
5760,2.8036437432176835,5.5644908272640325,2.7608470840463486,0.26715699077099564,2.214396415502399,0.2792936777729541,226057.4398576013,2.968411008566618,0.9309789259098471,7.381321385007997,32.43055555555556,3892,18427.59704875946,98.28125,99,19750.213012695312,26.979166666666664,4206,30472.536155700684,8197,91.33572330363381,32.10272156979816,1640.293640194404,1391.992276160131,0,5760,1.0,False,False,complete,lambda,lam=0.1,0.1,14,2020,0.0,3698484599.0,14.0,2.7820860447068014,regen-v2,637c6b535a9e,86e95e8,local,
5760,4.8865407232455835,5.8506024452924645,0.9640617220468799,0.3485221004917408,0.2188143278020293,0.39672529375310983,237680.72434000636,3.872467783241565,1.3224176458436996,0.7293810926734311,33.142361111111114,3851,17492.084903240204,93.38541666666667,381,417986.9249267578,26.25,4248,30041.518524169922,8480,119.15285481056607,45.600608516659946,162.08468738420623,1319.3014626086856,0,5760,1.0,False,False,complete,lambda,lam=0.15,0.15,14,2020,0.0,1387651598.0,13.0,2.7820860447068014,regen-v2,637c6b535a9e,86e95e8,local,
5760,4.8865407232455835,5.8506024452924645,0.9640617220468799,0.3485221004917408,0.2188143278020293,0.39672529375310983,237680.72434000636,3.872467783241565,1.3224176458436996,0.7293810926734311,33.142361111111114,3851,17492.084903240204,93.38541666666667,381,417986.9249267578,26.25,4248,30041.518524169922,8480,119.15285481056607,45.600608516659946,162.08468738420623,1319.3014626086856,0,5760,1.0,False,False,complete,lambda,lam=0.2,0.2,14,2020,0.0,484066655.0,13.0,2.7820860447068014,regen-v2,637c6b535a9e,86e95e8,local,
5760,0.07651936966241812,12.391121677874128,12.314602308211711,4.823024019217041,2.321255417912643,5.170322871082027,503389.3181636365,53.58915576907823,17.234409570273424,7.73751805970881,48.83680555555556,2947,4800.34942817688,100.0,0,0.0,70.22569444444444,1715,3368.0453338623047,4662,1648.8971004364578,594.2899850597488,1719.448458114528,1512.4878672320162,0,5760,1.0,False,False,complete,knock,baseline,,14,2020,0.0,4089708578.0,,,regen-v2,637c6b535a9e,86e95e8,local,0.03747185466990554
5760,0.07651936966241812,12.391121677874128,12.314602308211711,4.823024019217041,2.321255417912643,5.170322871082027,503389.3181636365,53.58915576907823,17.234409570273424,7.73751805970881,48.83680555555556,2947,4800.34942817688,100.0,0,0.0,70.22569444444444,1715,3368.0453338623047,4662,1648.8971004364578,594.2899850597488,1719.448458114528,1512.4878672320162,0,5760,1.0,False,False,complete,knock,knockout,,14,2020,0.0,4089708578.0,,,regen-v2,637c6b535a9e,86e95e8,local,0.03747185466990554
5760,5.143297186606193,16.42856856564503,11.285271379038836,4.776240316114169,2.288240149832801,4.220790913091864,667410.5979793293,53.06933684571299,14.069303043639549,7.627467166109336,53.94097222222223,2653,3659.9452714920044,100.0,0,0.0,71.54513888888889,1639,3493.6298332214355,4292,1632.9026718969585,485.1483808854076,1694.9927026049886,1522.7486032167799,0,5760,1.0,False,False,complete,knock,knockin,,14,2020,0.03747185466990554,4089708578.0,,,regen-v2,637c6b535a9e,86e95e8,local,0.03747185466990554
5760,4.17380582749289,11.589966009511937,7.416160182019047,5.346411955800006,2.0088482261055507,0.060900000113488756,470842.3691364224,59.404577286666736,0.20300000037829585,6.696160753685169,60.15625,2295,3791.287756919861,97.43055555555556,148,837781.2214355469,83.81944444444444,932,3616.182518005371,3375,1827.8331472741647,7.000000013044685,1488.035722830169,1535.6376529426007,0,5760,1.0,False,False,complete,cross,baseline,,14,2020,0.04958310774762044,,,,regen-v2,637c6b535a9e,86e95e8,local,
5760,3.1371443794364473,11.245547187247864,8.108402807811418,5.257104526488164,2.2363257086104955,0.614972572712758,456850.3544819445,58.41227251653516,2.0499085757091935,7.454419028701652,52.01388888888889,2764,6463.94148349762,88.99305555555556,634,2473987.917114258,80.27777777777779,1136,4409.886127471924,4534,1797.3006925137033,70.68650259613307,1656.5375612097498,1402.7947106866459,0,5760,1.0,False,False,complete,cross,ko_uboil,,14,2020,0.0,,,,regen-v2,637c6b535a9e,86e95e8,local,
5760,4.188168702117358,11.631238958622,7.443070256504641,5.354365495617414,2.02186579274734,0.06683896813988685,472519.0826940187,59.4929499513046,0.2227965604662895,6.739552642491133,60.22569444444444,2291,3818.597815513611,97.37847222222223,151,848034.1823730469,83.85416666666666,930,3628.851318359375,3372,1830.5523064721792,7.6826400301234425,1497.6783641968025,1532.0121704528503,0,5760,1.0,False,False,complete,cross,ko_cross,,14,2020,0.04958310774762044,,,,regen-v2,637c6b535a9e,86e95e8,local,
5760,3.2417442282809934,11.268724482162554,8.026980253881563,5.211321359693856,2.2389708437075417,0.5766880504801646,457791.93208785384,57.903570663265064,1.9222935016005487,7.463236145691806,52.34375,2745,6364.487386703491,89.01041666666667,633,2443653.9962158203,80.19097222222223,1141,4503.779800415039,4519,1781.6483283692278,66.28598293834938,1658.4969208590305,1406.0829362666532,0,5760,1.0,False,False,complete,cross,ko_both,,14,2020,0.0,,,,regen-v2,637c6b535a9e,86e95e8,local,
5760,5.944494534847022,15.698036954031814,9.75354241918479,5.486864910421065,3.6804134438054987,0.5862640649582259,637732.7512575424,60.965165671345176,1.9542135498607531,12.268044812684996,59.07986111111111,2357,3040.8281288146973,92.53472222222221,430,1334581.381225586,75.64236111111111,1403,3078.817035675049,4190,1875.8512505349415,67.38667411420876,2726.232180170595,1364.2774404690817,0,5760,1.0,False,False,complete,lambda,lam=1e-06,1e-06,15,2020,0.03266635291595854,2820517182.0,54.0,13.092293490746195,regen-v2,637c6b535a9e,86e95e8,local,
5760,5.94578842916809,15.698520080561348,9.752731651393258,5.486386155764979,3.6793954768891033,0.5869500187391764,637752.3782728048,60.95984617516644,1.9565000624639215,12.264651589630345,59.07986111111111,2357,3037.2922792434692,92.53472222222221,430,1334363.6649169922,75.59027777777779,1406,3078.215087890625,4193,1875.6875745621833,67.46551939792508,2725.4781309938817,1364.6133134829497,0,5760,1.0,False,False,complete,lambda,lam=0.001,0.001,15,2020,0.032666740173006796,3402422109.0,49.0,13.032343687765474,regen-v2,637c6b535a9e,86e95e8,local,
5760,-0.5440976799453807,12.521620733715501,13.065718413660882,6.0134262395993945,3.9492194593459633,3.103072714715525,508690.8423071923,66.81584710665994,10.343575715718417,13.164064864486544,57.395833333333336,2454,6143.1171407699585,84.07986111111111,917,4690648.991088867,73.05555555555556,1552,3751.5814094543457,4923,2055.872218778401,356.675024727672,2925.3477479190055,1221.215880113433,0,5760,1.0,False,False,complete,lambda,lam=0.01,0.01,15,2020,0.033966306391558336,2679245396.0,42.0,12.093279798847217,regen-v2,637c6b535a9e,86e95e8,local,
5760,2.2354997777612313,11.942243097004436,9.706743319243204,5.470146983532344,3.741473183022713,0.4951231526881456,485153.62581580516,60.77941092813716,1.6504105089604855,12.471577276742376,57.22222222222222,2464,3208.4846987724304,93.76736111111111,359,939895.6491699219,74.34027777777777,1478,3499.6204223632812,4301,1870.1357225538068,56.91070727194559,2771.461617435486,1398.4482954939635,0,5760,1.0,False,False,complete,lambda,lam=0.02,0.02,15,2020,0.034605544107086585,2999403213.0,40.0,13.349107270182316,regen-v2,637c6b535a9e,86e95e8,local,
5760,3.885976732814978,13.128915981833476,9.242939249018498,5.3884822928752225,3.8270426585625574,0.02741429758071899,533362.211761985,59.872025476391364,0.09138099193572997,12.756808861875191,58.14236111111111,2411,2526.0194754600525,96.90972222222223,178,89189.74084472656,76.19791666666667,1371,2322.263313293457,3960,1842.2161686735597,3.151068749598959,2834.8464127655698,1479.7969290523088,0,5760,1.0,False,False,complete,lambda,lam=0.03,0.03,15,2020,0.034605544107086585,247052416.0,38.0,11.20779714668156,regen-v2,637c6b535a9e,86e95e8,local,
5760,4.488241029211376,13.014737090624015,8.52649606141264,4.9567480129677115,3.4739629231731266,0.09578512527180125,528723.6943066006,55.074977921863464,0.3192837509060042,11.57987641057709,60.416666666666664,2280,2936.6399159431458,96.75347222222223,187,50451.32897949219,64.04513888888889,2071,3731.63729095459,4538,1694.6147061426211,11.009784517520355,2573.3058682168567,1647.6625600536313,0,5760,1.0,False,False,complete,lambda,lam=0.04,0.04,15,2020,0.0,2987957713.0,32.0,13.259135178473395,regen-v2,637c6b535a9e,86e95e8,local,
5760,1.9958415277683816,13.180044816208788,11.184203288440408,4.800242804371719,3.504123942762629,2.879836541306057,535439.320658482,53.336031159685774,9.599455137686856,11.680413142542097,53.97569444444444,2651,3884.2048964500427,93.10763888888889,397,162748.32958984375,65.0,2016,3857.7648849487305,5064,1641.1086513575003,331.01569435840497,2595.6473645140313,1660.0920493678864,0,5760,1.0,False,False,complete,lambda,lam=0.05,0.05,15,2020,0.0,3479338749.0,29.0,10.954485492695119,regen-v2,637c6b535a9e,86e95e8,local,
5760,0.6816400862365076,9.082123061443447,8.400482975206941,4.385034038093927,3.9606136330438675,0.05483530406914651,368961.2493711401,48.72260042326586,0.18278434689715503,13.202045443479559,46.57986111111111,3077,6394.8403697013855,82.72569444444444,995,1251312.1583251953,62.55208333333333,2157,3786.9348487854004,6229,1499.156935884579,6.3029084920256535,2933.7878753483074,1631.848348115529,0,5760,1.0,False,False,complete,lambda,lam=0.06,0.06,15,2020,0.0,3206163777.0,27.0,14.119085215847651,regen-v2,637c6b535a9e,86e95e8,local,
5760,2.2180016942627963,4.651461765910896,2.4334600716481,0.2772787855550794,1.8290881343183911,0.32709315177462994,188965.6342401302,3.080875395056438,1.0903105059154332,6.09696044772797,30.086805555555557,4027,20305.8754029274,96.38888888888889,208,123380.06726074219,31.961805555555557,3919,24032.103691101074,8154,94.79616606519338,37.59691407108411,1354.8800992465694,1604.36045597642,0,5760,1.0,False,False,complete,lambda,lam=0.07,0.07,15,2020,0.0,3328609847.0,25.0,15.210772447152731,regen-v2,637c6b535a9e,86e95e8,local,
5760,2.0874712025565416,4.737653005533904,2.6501818029773623,0.27707483127220556,2.0550282428283353,0.3180787288768217,192467.15334981485,3.0786092363578397,1.0602624295894056,6.850094142761118,29.895833333333332,4038,20315.980674743652,96.33680555555556,211,132683.97900390625,33.21180555555556,3847,23812.913192749023,8096,94.72643807024964,36.56077330685763,1522.2431426359158,1552.2816222672034,0,5760,1.0,False,False,complete,lambda,lam=0.08,0.08,15,2020,0.0,937916911.0,24.0,15.210772447152731,regen-v2,637c6b535a9e,86e95e8,local,
5760,2.0874712025565416,4.737653005533904,2.6501818029773623,0.27707483127220556,2.0550282428283353,0.3180787288768217,192467.15334981485,3.0786092363578397,1.0602624295894056,6.850094142761118,29.895833333333332,4038,20315.980674743652,96.33680555555556,211,132683.97900390625,33.21180555555556,3847,23812.913192749023,8096,94.72643807024964,36.56077330685763,1522.2431426359158,1552.2816222672034,0,5760,1.0,False,False,complete,lambda,lam=0.1,0.1,15,2020,0.0,3840693353.0,24.0,15.210772447152731,regen-v2,637c6b535a9e,86e95e8,local,
5760,4.7687236724867805,5.734176920618971,0.9654532481321899,0.3477948729500894,0.2178569805610039,0.39980139462109654,232950.9374001457,3.8643874772232154,1.3326713154036551,0.7261899352033463,34.25347222222222,3787,17323.601427555084,93.26388888888889,388,414549.45223999023,25.052083333333336,4317,30942.386863708496,8492,118.90422993354659,45.95418323793763,161.37554112150897,1390.6871352636385,0,5760,1.0,False,False,complete,lambda,lam=0.15,0.15,15,2020,0.0,3141596224.0,14.0,3.2742440945867113,regen-v2,637c6b535a9e,86e95e8,local,
5760,4.991847239599618,6.007351477645672,1.0155042380460548,0.36586874465917996,0.2282720070868387,0.4213634863000363,244048.65377935546,4.065208273990889,1.4045449543334543,0.7609066902894623,33.62847222222222,3823,17207.75586128235,92.98611111111111,404,436939.6098022461,26.163194444444443,4253,30676.22101211548,8480,125.0833314150612,48.43258462291104,169.09037534432426,1340.1272296423313,0,5760,1.0,False,False,complete,lambda,lam=0.2,0.2,15,2020,0.0,1282502714.0,13.0,3.27285572544624,regen-v2,637c6b535a9e,86e95e8,local,
5760,-0.1457981646006746,10.19453727231766,10.340335436918334,4.885527927166422,4.031159592871988,1.4236479168799254,414153.07668790495,54.283643635182464,4.745493056266418,13.437198642906626,55.79861111111111,2546,3951.894109249115,82.41319444444444,1013,905882.9901123047,60.572916666666664,2271,5018.607597351074,5830,1670.2659582046438,163.63769142189034,2986.0441425184463,1566.379218129561,0,5760,1.0,False,False,complete,knock,baseline,,15,2020,0.0,3847051388.0,,,regen-v2,637c6b535a9e,86e95e8,local,0.03266635291595854
5760,-0.1457981646006746,10.19453727231766,10.340335436918334,4.885527927166422,4.031159592871988,1.4236479168799254,414153.07668790495,54.283643635182464,4.745493056266418,13.437198642906626,55.79861111111111,2546,3951.894109249115,82.41319444444444,1013,905882.9901123047,60.572916666666664,2271,5018.607597351074,5830,1670.2659582046438,163.63769142189034,2986.0441425184463,1566.379218129561,0,5760,1.0,False,False,complete,knock,knockout,,15,2020,0.0,3847051388.0,,,regen-v2,637c6b535a9e,86e95e8,local,0.03266635291595854
5760,1.2477017814072413,11.107842444345527,9.860140662938285,5.175950212651408,3.5921160571078405,1.0920743931790373,451256.09930153703,57.51055791834898,3.6402479772634577,11.973720190359469,58.83680555555556,2371,3495.452015399933,91.02430555555556,517,714096.2572021484,62.15277777777778,2180,4593.412933349609,5068,1769.5556296789464,125.52579237617051,2660.8267079149123,1636.415967110269,0,5760,1.0,False,False,complete,knock,knockin,,15,2020,0.03266635291595854,3847051388.0,,,regen-v2,637c6b535a9e,86e95e8,local,0.03266635291595854
5242,-0.742870362445046,6.087334155689844,6.83020451813489,4.699792414806556,1.6121627418280768,0.5182493615002575,247297.95007489994,52.21991572007284,1.7274978716675249,5.37387580609359,60.70202212895841,2060,5189.06086063385,82.12514307516216,937,3400787.0408935547,67.76039679511638,1690,8375.333770751953,4687,1606.7666373024394,59.568892192845006,1194.1946229644498,999.5868641978334,0,5760,0.9101,True,False,env_terminated,cross,baseline,,15,2020,0.08621316375723904,,,,regen-v2,637c6b535a9e,86e95e8,local,
5760,-0.9304989976094229,10.261471198807364,11.191970196416786,5.199366725019686,3.7347445458311075,2.2578589255659938,416872.2674515492,57.77074138910763,7.526196418553313,12.449148486103692,54.826388888888886,2602,5706.701435089111,66.49305555555556,1930,8264153.036010742,45.885416666666664,3117,13032.543445587158,7649,1777.5612739655028,259.524014402679,2766.4774418424163,1036.9028024318045,0,5760,1.0,False,False,complete,cross,ko_uboil,,15,2020,0.0,,,,regen-v2,637c6b535a9e,86e95e8,local,
5245,-1.3775523786992805,5.086978802421941,6.464531181121221,4.794879755469768,1.3628919405609636,0.30675948509048906,206658.51384839136,53.27644172744187,1.022531616968297,4.542973135203212,63.03145853193518,1939,4796.653185844421,89.03717826501429,575,2208978.5512695312,71.30600571973308,1505,7284.935775756836,4019,1639.27513034105,35.25971092203453,1009.5495849611758,1068.85759499605,0,5760,0.9106,True,False,env_terminated,cross,ko_cross,,15,2020,0.08621316375723904,,,,regen-v2,637c6b535a9e,86e95e8,local,
5241,-0.5628559346078097,7.057283880375894,7.620139814983704,4.311895821575251,2.1695539573761984,1.1386900360322545,286702.1576402707,47.909953573058345,3.7956334534408485,7.231846524587328,61.78210265216562,2003,5162.440089225769,70.73077656935699,1534,6112214.534667969,59.3398206449151,2131,10397.141563415527,5668,1474.1524173246246,130.88391208342318,1607.0770051443662,906.0373544885131,0,5760,0.9099,True,False,env_terminated,cross,ko_both,,15,2020,0.0,,,,regen-v2,637c6b535a9e,86e95e8,local,
5760,6.44110397395591,14.599446386697664,8.158342412741755,5.4906757353676054,2.6631041032572624,0.0045625741168856615,593102.5094595926,61.00750817075117,0.015208580389618873,8.877013677524209,59.07986111111111,2357,2745.4399061203003,100.0,0,0.0,87.23958333333334,735,1636.183578491211,3092,1877.154097916029,0.5244337973178395,1972.6697063690578,1460.3075698906268,0,5760,1.0,False,False,complete,lambda,lam=1e-06,1e-06,16,2020,0.030869418349876485,2710381712.0,54.0,10.753147095983465,regen-v2,637c6b535a9e,86e95e8,local,
5760,6.433622707568879,14.593479608278715,8.159856900709837,5.489832816350454,2.665467888924456,0.00455619543492794,592860.1090863228,60.99814240389393,0.015187318116426467,8.88489296308152,59.09722222222222,2356,2745.411286354065,100.0,0,0.0,87.25694444444444,734,1609.8753051757812,3090,1876.8659211557826,0.5237006133981642,1974.4206571816906,1461.1619817313622,0,5760,1.0,False,False,complete,lambda,lam=0.001,0.001,16,2020,0.030869418131686314,310836416.0,50.0,10.753949087002598,regen-v2,637c6b535a9e,86e95e8,local,
5760,4.8224087653267524,12.265754823931328,7.443346058604574,5.017513326152232,2.420157943098138,0.005674789354205132,498296.28972221015,55.75014806835813,0.018915964514017107,8.067193143660461,66.04166666666667,1956,2411.200798034668,99.75694444444444,14,1717.7174072265625,70.3125,1710,4238.957706451416,3680,1715.389171151451,0.6522746359962992,1792.7095874477923,1547.7413326471815,0,5760,1.0,False,False,complete,lambda,lam=0.01,0.01,16,2020,0.03167355486872273,2129625339.0,40.0,10.704055062275255,regen-v2,637c6b535a9e,86e95e8,local,
5760,7.71556100384319,16.10202054418351,8.386459540340319,5.589136587818924,2.780166921841155,0.0171560306802392,654144.5846074551,62.10151764243249,0.057186768934130675,9.26722307280385,62.46527777777777,2162,2171.972906112671,100.0,0,0.0,84.04513888888889,919,1990.2619018554688,3081,1910.8159274766147,1.9719575530411142,2059.3829046758683,1423.0166440348926,0,5760,1.0,False,False,complete,lambda,lam=0.02,0.02,16,2020,0.03185153667739475,1326555396.0,37.0,10.627601469618288,regen-v2,637c6b535a9e,86e95e8,local,
5760,7.687971135073161,15.671494099669502,7.983522964596342,5.624765958418454,2.3403767133407527,0.018380292837135496,636654.4477990735,62.49739953798282,0.06126764279045165,7.801255711135843,63.24652777777777,2117,2071.029450416565,100.0,0,0.0,83.24652777777779,965,2020.4689636230469,3082,1922.9969083462206,2.1126773023859893,1733.6123795312499,1457.2434202416525,0,5760,1.0,False,False,complete,lambda,lam=0.03,0.03,16,2020,0.03277441353758017,3245464999.0,34.0,11.44467103858541,regen-v2,637c6b535a9e,86e95e8,local,
5760,7.98731974819364,15.655050316514973,7.667730568321334,5.189042429611787,2.3320484646619306,0.14663967404761713,635986.4191084208,57.656026995686524,0.4887989134920571,7.773494882206435,63.68055555555555,2092,2457.648585319519,100.0,0,0.0,74.73958333333334,1455,3085.6319694519043,3547,1774.031600019372,16.85513482916692,1727.4433069949503,1554.1755181767403,0,5760,1.0,False,False,complete,lambda,lam=0.04,0.04,16,2020,0.0,2470462957.0,32.0,10.056931358157208,regen-v2,637c6b535a9e,86e95e8,local,
5760,-0.7985099692158644,12.0754791161662,12.873989085382064,4.986170730025586,2.346575211043804,5.541243144312674,490566.33909425186,55.40189700028429,18.47081048104225,7.821917370146013,54.09722222222222,2644,3894.643867492676,100.0,0,0.0,74.98263888888889,1441,3359.022274017334,4085,1704.6737527127173,636.9244994996234,1738.203859957522,1501.6698206336036,0,5760,1.0,False,False,complete,lambda,lam=0.05,0.05,16,2020,0.0,550859894.0,27.0,9.839073028252313,regen-v2,637c6b535a9e,86e95e8,local,
5760,5.202950354135225,13.154725165497652,7.951774811362428,5.620398720634482,2.331300446254867,7.564447307959199e-05,534410.7098483421,62.44887467371647,0.00025214824359863996,7.771001487516224,66.26736111111111,1943,2153.191372871399,100.0,0,0.0,80.43402777777777,1127,2617.8961067199707,3070,1921.5038356027048,0.008694767210474727,1726.889219256807,1638.512411582008,0,5760,1.0,False,False,complete,lambda,lam=0.06,0.06,16,2020,0.0,610716343.0,25.0,10.844059480394275,regen-v2,637c6b535a9e,86e95e8,local,
5760,5.202950354135225,13.154725165497652,7.951774811362428,5.620398720634482,2.331300446254867,7.564447307959199e-05,534410.7098483421,62.44887467371647,0.00025214824359863996,7.771001487516224,66.26736111111111,1943,2153.191372871399,100.0,0,0.0,80.43402777777777,1127,2617.8961067199707,3070,1921.5038356027048,0.008694767210474727,1726.889219256807,1638.512411582008,0,5760,1.0,False,False,complete,lambda,lam=0.07,0.07,16,2020,0.0,3402737292.0,25.0,10.844059480394275,regen-v2,637c6b535a9e,86e95e8,local,
5760,2.3110167461119944,5.085486572161896,2.774469826049902,0.28528315961792183,2.163776681386078,0.3254099850459024,206597.89199407704,3.169812884643576,1.0846999501530081,7.212588937953594,30.833333333333336,3984,19935.075809955597,97.17013888888889,163,77113.71911621094,31.42361111111111,3950,24943.218616485596,8097,97.53270411811488,37.40344648763702,1602.7975400603073,1441.3167153342351,0,5760,1.0,False,False,complete,lambda,lam=0.08,0.08,16,2020,0.0,372557694.0,23.0,9.66425442340153,regen-v2,637c6b535a9e,86e95e8,local,
5760,2.3110167461119944,5.085486572161896,2.774469826049902,0.28528315961792183,2.163776681386078,0.3254099850459024,206597.89199407704,3.169812884643576,1.0846999501530081,7.212588937953594,30.833333333333336,3984,19935.075809955597,97.17013888888889,163,77113.71911621094,31.42361111111111,3950,24943.218616485596,8097,97.53270411811488,37.40344648763702,1602.7975400603073,1441.3167153342351,0,5760,1.0,False,False,complete,lambda,lam=0.1,0.1,16,2020,0.0,1816090741.0,23.0,9.66425442340153,regen-v2,637c6b535a9e,86e95e8,local,
5760,5.125336677402647,6.1497061221802936,1.0243694447776464,0.3697000765272329,0.23113549957687662,0.42353386867353693,249831.81121357443,4.107778628080366,1.4117795622451232,0.7704516652562554,33.59375,3825,17072.087911605835,92.8125,414,447167.74156188965,25.104166666666668,4314,30731.25671005249,8553,126.39318862226176,48.68205389167481,171.21148104210914,1323.4902607628221,0,5760,1.0,False,False,complete,lambda,lam=0.15,0.15,16,2020,0.0,1192383839.0,13.0,3.3097090778012896,regen-v2,637c6b535a9e,86e95e8,local,
5760,5.125336677402647,6.1497061221802936,1.0243694447776464,0.3697000765272329,0.23113549957687662,0.42353386867353693,249831.81121357443,4.107778628080366,1.4117795622451232,0.7704516652562554,33.59375,3825,17072.087911605835,92.8125,414,447167.74156188965,25.104166666666668,4314,30731.25671005249,8553,126.39318862226176,48.68205389167481,171.21148104210914,1323.4902607628221,0,5760,1.0,False,False,complete,lambda,lam=0.2,0.2,16,2020,0.0,3602183173.0,13.0,3.3097090778012896,regen-v2,637c6b535a9e,86e95e8,local,
5760,-0.8545687619249245,12.146099488211398,13.000668250136322,5.073015537040244,2.2593961635757007,5.668256549520378,493435.291708588,56.36683930044716,18.89418849840126,7.531320545252336,52.30902777777777,2747,3607.9602432250977,100.0,0,0.0,79.42708333333334,1185,2629.3922805786133,3932,1734.3642878114335,651.5237411866958,1673.626788265522,1509.2828526854323,0,5760,1.0,False,False,complete,knock,baseline,,16,2020,0.0,3207005022.0,,,regen-v2,637c6b535a9e,86e95e8,local,0.030869418349876485
5760,-0.8545687619249245,12.146099488211398,13.000668250136322,5.073015537040244,2.2593961635757007,5.668256549520378,493435.291708588,56.36683930044716,18.89418849840126,7.531320545252336,52.30902777777777,2747,3607.9602432250977,100.0,0,0.0,79.42708333333334,1185,2629.3922805786133,3932,1734.3642878114335,651.5237411866958,1673.626788265522,1509.2828526854323,0,5760,1.0,False,False,complete,knock,knockout,,16,2020,0.0,3207005022.0,,,regen-v2,637c6b535a9e,86e95e8,local,0.030869418349876485
5760,3.9604619360535347,16.136451608252735,12.175989672199199,5.006563681163338,2.309359587991022,4.860066403044839,655543.3465852673,55.62848534625931,16.2002213434828,7.697865293303407,57.10069444444444,2471,2825.939305305481,100.0,0,0.0,79.56597222222223,1177,2867.4070205688477,3648,1711.6457043918808,558.6283221199317,1710.6367312167922,1498.3067039123812,0,5760,1.0,False,False,complete,knock,knockin,,16,2020,0.030869418349876485,3207005022.0,,,regen-v2,637c6b535a9e,86e95e8,local,0.030869418349876485
5760,4.614650026917512,12.55729455359462,7.942644526677109,5.670630734890242,2.054035202370198,0.2179785894166678,510140.09123978147,63.00700816544714,0.7265952980555594,6.846784007900661,66.68402777777777,1919,2868.883945465088,98.45486111111111,89,417292.6208496094,85.46875,837,3246.5501708984375,2845,1938.677175951228,25.05501029891149,1521.5075575621315,1547.9406188337862,0,5760,1.0,False,False,complete,cross,baseline,,16,2020,0.005174182450931662,,,,regen-v2,637c6b535a9e,86e95e8,local,
5760,4.759835692099876,12.72931415645684,7.969478464356966,5.6622259703618525,2.089733245048916,0.2175192489461973,517128.3876060592,62.913621892909475,0.725064163153991,6.965777483496387,66.75347222222221,1915,2773.2494773864746,98.99305555555556,58,321756.27111816406,86.26736111111111,791,2931.655055999756,2764,1935.8037504849365,25.002212557865516,1547.9505520426358,1560.3210258567537,0,5760,1.0,False,False,complete,cross,ko_uboil,,16,2020,0.0,,,,regen-v2,637c6b535a9e,86e95e8,local,
5760,4.097441656948837,12.970018978929208,8.872577321980373,5.94964388456845,2.2136342770994113,0.7092991603125121,526907.0210189992,66.10715427298278,2.3643305343750405,7.378780923664705,64.49652777777779,2045,4096.74841594696,95.92013888888889,235,882874.1884765625,82.51736111111111,1007,3904.3729972839355,3287,2034.066285312961,81.52863912194206,1639.7290942686736,1502.1254752777334,0,5760,1.0,False,False,complete,cross,ko_cross,,16,2020,0.005174182450931662,,,,regen-v2,637c6b535a9e,86e95e8,local,
5760,4.103762281758416,13.074941267869981,8.971178986111564,6.050031604451579,2.24561879838762,0.6755285832723641,531169.4890072179,67.22257338279533,2.251761944241214,7.4853959946254,64.35763888888889,2053,3915.83314704895,96.00694444444444,230,848832.3571777344,81.96180555555556,1039,4243.566703796387,3322,2068.3868736698328,77.64696366512221,1663.4213318081045,1502.184605395088,0,5760,1.0,False,False,complete,cross,ko_both,,16,2020,0.0,,,,regen-v2,637c6b535a9e,86e95e8,local,
5760,7.9474594949382835,16.408744037193088,8.461284542254806,5.705556211431847,2.7400539665634924,0.015674364259466528,666605.2265109692,63.395069015909414,0.05224788086488843,9.133513221878308,65.27777777777779,2000,1933.2249326705933,98.68055555555556,76,49793.44836425781,75.65972222222223,1402,2864.6253929138184,3478,1950.6175088958605,1.8016510493888087,2029.6696046466243,1450.1169579367324,0,5760,1.0,False,False,complete,lambda,lam=1e-06,1e-06,17,2020,0.040258062931597886,1327033157.0,54.0,9.111917109871936,regen-v2,637c6b535a9e,86e95e8,local,
5760,7.9427133325574975,16.405626075796313,8.462912743238817,5.705076619801118,2.739746043031482,0.01809008040621511,666478.5593292252,63.38974022001243,0.06030026802071704,9.132486810104941,65.3125,1998,1934.3490152359009,98.68055555555556,76,49597.05236816406,75.625,1404,2866.617733001709,3478,1950.4535441940948,2.0793196030823813,2029.4415122332223,1450.3442153441176,0,5760,1.0,False,False,complete,lambda,lam=0.001,0.001,17,2020,0.04025805949724133,530443997.0,50.0,9.107586210260768,regen-v2,637c6b535a9e,86e95e8,local,
5760,7.946068336188786,16.407063534473757,8.460995198284968,5.712918863114787,2.7331498447656775,0.01492649040450342,666536.9560879963,63.47687625683097,0.0497549680150114,9.110499482552258,65.53819444444444,1985,1941.2113027572632,98.80208333333333,69,44350.45361328125,76.80555555555556,1336,2781.3701171875,3390,1953.134653633345,1.7156885117840257,2024.5554401750176,1450.6714254812293,0,5760,1.0,False,False,complete,lambda,lam=0.01,0.01,17,2020,0.04100542014315329,897007297.0,41.0,8.726024850244194,regen-v2,637c6b535a9e,86e95e8,local,
5760,7.871319868241221,16.434608483364162,8.563288615122943,5.689383487354939,2.853656290946079,0.02024883682192303,667655.9696366691,63.21537208172155,0.06749612273974344,9.512187636486932,66.25,1944,1859.9644985198975,98.45486111111111,89,65288.43322753906,77.29166666666667,1308,2777.906318664551,3341,1945.0883716996186,2.327452512561682,2113.8194744905895,1458.4059824528908,0,5760,1.0,False,False,complete,lambda,lam=0.02,0.02,17,2020,0.04100542014315329,203401503.0,40.0,8.721045405797678,regen-v2,637c6b535a9e,86e95e8,local,
5760,7.813906031743327,16.32333542998365,8.509429398240322,5.717718000610608,2.768667591611779,0.023043806017935275,663135.5018430857,63.53020000678454,0.07681268672645092,9.228891972039264,66.94444444444444,1904,1830.6895656585693,98.69791666666666,75,43478.669921875,77.23958333333333,1311,2643.371295928955,3290,1954.7753839592347,2.6487133419977433,2050.864882882892,1477.0900116437192,0,5760,1.0,False,False,complete,lambda,lam=0.03,0.03,17,2020,0.04100542014315329,1937982778.0,37.0,11.445611897555358,regen-v2,637c6b535a9e,86e95e8,local,
5760,2.8609018135164304,12.662432293402235,9.801530479885804,5.872823351587956,2.571340194712531,1.357366933585316,514411.3119194658,65.25359279542174,4.524556445284387,8.571133982375104,64.75694444444444,2030,3821.8518047332764,93.95833333333333,348,2386084.548095703,74.28819444444444,1481,3893.451114654541,3859,2007.8028552774172,156.0191877667445,1904.696440763552,1310.9102480030847,0,5760,1.0,False,False,complete,lambda,lam=0.04,0.04,17,2020,0.040286844521250476,2321999976.0,35.0,11.343431963646564,regen-v2,637c6b535a9e,86e95e8,local,
5760,8.86670962952902,16.336665191709674,7.469955562180655,5.060083051534127,2.176911752001761,0.23296075864476717,663677.0234132055,56.22314501704586,0.776535862149224,7.256372506672537,62.27430555555556,2173,2324.0948362350464,100.0,0,0.0,67.60416666666667,1866,4111.213176727295,4039,1729.942923173245,26.777098848668253,1612.5272236866385,1441.7972113985588,0,5760,1.0,False,False,complete,lambda,lam=0.05,0.05,17,2020,0.0,4083728895.0,30.0,8.992444312975671,regen-v2,637c6b535a9e,86e95e8,local,
5760,5.617386189716346,13.56480840997314,7.947422220256793,5.721065676708453,2.2262292636331447,0.00012727991519495844,551070.3416551588,63.567396407871705,0.0004242663839831948,7.420764212110482,66.80555555555556,1912,2032.7934279441833,100.0,0,0.0,77.96875,1269,2833.3815879821777,3181,1955.9198896948424,0.014629875481452103,1649.0587128449456,1587.8368702949479,0,5760,1.0,False,False,complete,lambda,lam=0.06,0.06,17,2020,0.0,1269364859.0,25.0,13.607181999849896,regen-v2,637c6b535a9e,86e95e8,local,
5760,5.7168026284769535,13.692385705906279,7.9755830774293255,5.6538982995894,2.321554867972691,0.00012990986723452805,556253.1693024426,62.82109221766,0.0004330328907817602,7.738516226575637,64.28819444444444,2057,2184.5424008369446,100.0,0,0.0,78.45486111111111,1241,3014.539821624756,3298,1932.956684444161,0.014932169106022998,1719.67027265954,1537.224730472769,0,5760,1.0,False,False,complete,lambda,lam=0.07,0.07,17,2020,0.0,80408860.0,24.0,13.607181999849896,regen-v2,637c6b535a9e,86e95e8,local,
5760,2.1848731292432237,5.016721616056327,2.831848486813103,0.30013222974508125,2.193801455630987,0.3379148014370352,203804.3156522883,3.3348025527231253,1.126382671456784,7.312671518769957,30.017361111111114,4031,19900.728229999542,96.49305555555556,202,108681.5791015625,29.756944444444443,4046,25524.148063659668,8279,102.60930931959383,38.84078175831635,1625.0381142985511,1445.0271526511383,0,5760,1.0,False,False,complete,lambda,lam=0.08,0.08,17,2020,0.0,3082916185.0,23.0,12.50634055717989,regen-v2,637c6b535a9e,86e95e8,local,
5760,3.2148115647455864,5.748768548060055,2.533956983314469,0.2784774457991669,1.9497954585073112,0.30568407900799066,233543.72226493974,3.0941938422129653,1.0189469300266356,6.499318195024371,32.56944444444444,3884,18100.34499359131,97.01388888888889,172,76742.03088378906,25.225694444444446,4307,31294.865131378174,8363,95.20596416005742,35.136101001886765,1444.292932624746,1429.3385822280352,0,5760,1.0,False,False,complete,lambda,lam=0.1,0.1,17,2020,0.0,1056534425.0,20.0,18.882269914082688,regen-v2,637c6b535a9e,86e95e8,local,
5760,2.937469051216434,5.675775019234334,2.7383059680179,0.32286509437873023,2.0698499802478363,0.34559089339133353,230578.36015639483,3.587389937541447,1.1519696446377785,6.899499934159454,32.447916666666664,3891,18015.40333223343,96.47569444444444,203,90214.30334472656,26.354166666666668,4242,30860.583499908447,8336,110.38122878946501,39.72309116357042,1533.2222085397955,1397.6510883468504,0,5760,1.0,False,False,complete,lambda,lam=0.15,0.15,17,2020,0.0,3559309544.0,17.0,3.202162981944131,regen-v2,637c6b535a9e,86e95e8,local,
5760,4.88525586495285,5.893326918492722,1.0080710535398731,0.36575828865078985,0.229510492215387,0.4128022726736963,239416.40606376686,4.063980985008777,1.3760075755789878,0.7650349740512901,33.19444444444444,3848,17280.630116939545,92.93402777777777,407,450553.22033691406,25.364583333333336,4299,30603.173782348633,8554,125.04556879339258,47.448537102985796,170.0077720305206,1327.838837459402,0,5760,1.0,False,False,complete,lambda,lam=0.2,0.2,17,2020,0.0,2118605324.0,13.0,3.202162981944131,regen-v2,637c6b535a9e,86e95e8,local,
5760,8.9203022780972,16.32983322111,7.409530943012799,5.0479085363765686,2.1602087029053356,0.20141370373089412,663399.4746075937,56.087872626406316,0.6713790124363138,7.200695676351119,61.90972222222222,2194,2345.039870262146,100.0,0,0.0,67.65625,1863,4116.189701080322,4057,1725.7806968147224,23.151000436885905,1600.1545941029344,1427.4072850675714,0,5760,1.0,False,False,complete,knock,baseline,,17,2020,0.0,246107914.0,,,regen-v2,637c6b535a9e,86e95e8,local,0.040258062931597886
5760,8.9203022780972,16.32983322111,7.409530943012799,5.0479085363765686,2.1602087029053356,0.20141370373089412,663399.4746075937,56.087872626406316,0.6713790124363138,7.200695676351119,61.90972222222222,2194,2345.039870262146,100.0,0,0.0,67.65625,1863,4116.189701080322,4057,1725.7806968147224,23.151000436885905,1600.1545941029344,1427.4072850675714,0,5760,1.0,False,False,complete,knock,knockout,,17,2020,0.0,246107914.0,,,regen-v2,637c6b535a9e,86e95e8,local,0.040258062931597886
5760,8.987119860215897,16.226422807617833,7.239302947401939,5.141763150698667,2.0691921853646837,0.028347611338587948,659198.4265594746,57.13070167442964,0.09449203779529317,6.897307284548946,64.01041666666667,2073,2042.5379962921143,100.0,0,0.0,69.94791666666667,1731,3921.050395965576,3804,1757.8677440768886,3.2583462037848507,1532.734952180961,1385.6639262512363,0,5760,1.0,False,False,complete,knock,knockin,,17,2020,0.040258062931597886,246107914.0,,,regen-v2,637c6b535a9e,86e95e8,local,0.040258062931597886
3685,-1.8627145727906982,2.6213206472119253,4.484035220002624,3.625712798312165,0.8461912039127293,0.012131217777729034,106491.15129298446,40.28569775902405,0.040437392592430114,2.8206373463757646,62.57801899592944,1379,1400.363528251648,96.28222523744911,137,109678.96081542969,78.23609226594301,802,2930.5518951416016,2318,1239.5599312849981,1.3943928834763746,626.8082992055517,832.2508037323603,0,5760,0.6398,True,False,env_terminated,cross,baseline,,17,2020,0.06496075949887369,,,,regen-v2,637c6b535a9e,86e95e8,local,
3685,-2.2504442708547896,2.3402574343010087,4.590701705155798,3.473747884474305,0.9589389022774668,0.15801491840402687,95072.95826847848,38.597198716381165,0.5267163946800896,3.1964630075915563,59.864314789687924,1479,1821.808120727539,92.75440976933514,267,281065.845703125,76.30936227951153,873,3248.2993659973145,2619,1187.6061144952484,18.162634295951655,710.3251128369677,824.7190740307858,0,5760,0.6398,True,False,env_terminated,cross,ko_uboil,,17,2020,0.0,,,,regen-v2,637c6b535a9e,86e95e8,local,
3685,-1.789823744315179,2.6949750743653755,4.484798818680554,3.6655487121308075,0.8127925072168185,0.006457599332928657,109483.36239609338,40.72831902367564,0.02152533110976219,2.709308357389395,63.22930800542741,1355,1315.9811477661133,96.90637720488466,114,71374.53198242188,77.99185888738127,811,2995.770683288574,2280,1253.179046742855,0.7422527870796625,602.0685235930036,825.9194884840801,0,5760,0.6398,True,False,env_terminated,cross,ko_cross,,17,2020,0.06496075949887369,,,,regen-v2,637c6b535a9e,86e95e8,local,
3685,-2.16977146781851,2.3237928229517153,4.493564290770225,3.4629415418432883,0.9272862276449828,0.10333652128195389,94404.08343241343,38.4771282427032,0.34445507093984634,3.0909540921499428,60.75983717774762,1446,1719.2885551452637,92.23880597014926,286,361463.3283691406,76.6078697421981,862,3475.743782043457,2594,1183.9116386942792,11.877761108021335,686.8786872352919,813.5747927291125,0,5760,0.6398,True,False,env_terminated,cross,ko_both,,17,2020,0.0,,,,regen-v2,637c6b535a9e,86e95e8,local,
5760,4.210706169062245,14.89001953344429,10.679313364382047,5.866755112115445,2.9923019378698053,1.8202563143967954,604907.0435461743,65.18616791239384,6.0675210479893185,9.974339792899352,63.99305555555556,2074,3932.3498878479004,91.59722222222221,484,4109803.0063476562,69.13194444444444,1778,4325.556636810303,4336,2005.7282441979357,209.22486375990658,2216.5199539948444,1341.9776934935694,0,5760,1.0,False,False,complete,lambda,lam=1e-06,1e-06,18,2020,0.03101051674725946,2480691264.0,54.0,11.682696564109852,regen-v2,637c6b535a9e,86e95e8,local,
5760,4.196384189929311,14.877975149745732,10.681590959816422,5.868835170711594,2.9942866241134363,1.8184691649913898,604417.7404584204,65.20927967457327,6.061563883304633,9.980955413711454,63.94097222222223,2077,3937.4033946990967,91.59722222222221,484,4106622.6110839844,69.25347222222223,1771,4322.647369384766,4332,2006.439374520865,209.01944424841366,2217.9900915232192,1341.8578496172577,0,5760,1.0,False,False,complete,lambda,lam=0.001,0.001,18,2020,0.031010520143517916,611754309.0,50.0,11.613263504736647,regen-v2,637c6b535a9e,86e95e8,local,
5760,2.2211633452390322,12.405184910102829,10.184021564863798,5.81578086498089,2.815097364308602,1.5531433355743065,503960.6369729275,64.61978738867656,5.177144451914355,9.383657881028673,63.645833333333336,2094,4513.742356300354,93.59375,369,2151193.188720703,70.17361111111111,1718,4027.6558952331543,4181,1988.301149599175,178.5222224207233,2085.2573074838074,1375.452097407965,0,5760,1.0,False,False,complete,lambda,lam=0.01,0.01,18,2020,0.03242597443398813,1093947507.0,41.0,12.833794769756038,regen-v2,637c6b535a9e,86e95e8,local,
5760,1.5882446734957705,12.478289592090558,10.890044918594787,5.688789739291965,3.5801843193621004,1.6210708599407224,506930.51467867894,63.20877488102184,5.403569533135742,11.933947731207002,63.00347222222222,2131,4496.628964424133,92.36111111111111,440,2276382.8544921875,69.30555555555556,1768,4086.9535026550293,4339,1944.8853809519796,186.32998391572596,2651.9883842459058,1364.6545141380136,0,5760,1.0,False,False,complete,lambda,lam=0.02,0.02,18,2020,0.03242597443398813,4294074847.0,39.0,11.567694582340692,regen-v2,637c6b535a9e,86e95e8,local,
5760,1.8575434139189388,12.51183323790666,10.654289823987725,5.745500486516587,3.2777895215877964,1.6309998158833403,508293.2252899582,63.838894294628744,5.436666052944468,10.925965071959322,63.24652777777777,2117,4511.162991523743,92.91666666666667,408,2348738.21484375,68.50694444444444,1814,4155.09045791626,4339,1964.2736701573056,187.47124317950917,2427.9922367842382,1344.4511218570256,0,5760,1.0,False,False,complete,lambda,lam=0.03,0.03,18,2020,0.03459103556999633,4197106611.0,33.0,12.321147021290221,regen-v2,637c6b535a9e,86e95e8,local,
5760,-1.4424069226725398,11.1759602504282,12.61836717310074,5.270593137266546,3.587284097345238,3.760489938488957,454023.3851736457,58.5621459696283,12.534966461629857,11.957613657817461,60.55555555555555,2272,6942.569076538086,83.35069444444444,959,6017393.920166016,63.020833333333336,2130,7337.729686737061,5361,1801.9121838023473,432.2402228985328,2657.247478574011,1160.0710248143935,0,5760,1.0,False,False,complete,lambda,lam=0.04,0.04,18,2020,0.0,2931661330.0,32.0,10.635556150901317,regen-v2,637c6b535a9e,86e95e8,local,
5760,7.053026030348661,16.81561800735028,9.762591977001621,4.328810969485659,4.073457652308866,1.3603233552070968,683134.4815486053,48.09789966095177,4.534411184023656,13.578192174362886,54.79166666666667,2604,3279.4950942993164,77.91666666666667,1272,1994197.450805664,56.78819444444444,2489,5702.530937194824,6365,1479.935373989896,156.35900628390473,3017.3760376388173,1388.2604479534175,0,5760,1.0,False,False,complete,lambda,lam=0.05,0.05,18,2020,0.0,3941122905.0,27.0,10.616884726162596,regen-v2,637c6b535a9e,86e95e8,local,
5760,-0.1461159318230012,9.548671507710475,9.694787439533474,4.597150890145488,5.0614485142590695,0.036188035128917544,387914.78000073804,51.07945433494987,0.12062678376305848,16.87149504753023,48.36805555555556,2974,5804.566583633423,64.89583333333333,2022,1933191.197631836,66.25,1944,3354.48038482666,6940,1571.6755180554364,4.159544293859571,3749.221121300502,1472.0493867737155,0,5760,1.0,False,False,complete,lambda,lam=0.06,0.06,18,2020,0.0,3818230829.0,26.0,9.629192825817263,regen-v2,637c6b535a9e,86e95e8,local,
5760,5.682068572530836,13.461782949827175,7.77971437729634,5.5475494643803565,2.232085568311819,7.934460416436196e-05,546884.932336729,61.63943849311507,0.00026448201388120653,7.440285227706064,65.95486111111111,1961,2157.5701217651367,100.0,0,0.0,74.20138888888889,1486,3019.0474014282227,3447,1896.5981089731963,0.009120069356862468,1653.3967167353912,1573.1191471370994,0,5760,1.0,False,False,complete,lambda,lam=0.07,0.07,18,2020,0.0,1652145941.0,24.0,9.390252411257839,regen-v2,637c6b535a9e,86e95e8,local,
5760,5.945013505635899,13.725027429640345,7.780013924004447,5.2945978153364965,2.485342397193617,7.371147433295845e-05,557579.239329139,58.82886461484996,0.00024570491444319485,8.284474657312057,49.91319444444444,2885,4077.895574569702,100.0,0,0.0,78.76736111111111,1223,3997.7177810668945,4108,1810.1189112907034,0.00847258292961509,1840.9943680899974,1308.0699192326665,0,5760,1.0,False,False,complete,lambda,lam=0.08,0.08,18,2020,0.0,392289001.0,22.0,9.390252411257839,regen-v2,637c6b535a9e,86e95e8,local,
5760,3.335283321258699,5.849100459915933,2.513817138657235,0.26069771611034753,1.9652965661891937,0.28782285635769367,237619.70618408482,2.8966412901149727,0.9594095211923123,6.550988553963979,32.46527777777778,3890,18199.77571964264,97.44791666666667,147,57945.16015625,25.677083333333332,4281,30569.60711669922,8318,89.12742408730809,33.08308696770074,1455.7752349568677,1399.5836826487193,0,5760,1.0,False,False,complete,lambda,lam=0.1,0.1,18,2020,0.0,1526865183.0,19.0,13.539776582617533,regen-v2,637c6b535a9e,86e95e8,local,
5760,4.999901578781355,5.911051673712121,0.911150094930766,0.32893893323158846,0.20700447723272625,0.37520668446645133,240136.47424455493,3.6548770359065386,1.2506889482215044,0.6900149241090875,33.07291666666667,3855,17607.57666349411,93.71527777777777,362,384715.17640686035,26.21527777777778,4250,29897.222232818604,8467,112.45775479100914,43.12720508629585,153.3366499543321,1321.5909676334652,0,5760,1.0,False,False,complete,lambda,lam=0.15,0.15,18,2020,0.0,1569441756.0,13.0,2.745917991226866,regen-v2,637c6b535a9e,86e95e8,local,
5760,4.999901578781355,5.911051673712121,0.911150094930766,0.32893893323158846,0.20700447723272625,0.37520668446645133,240136.47424455493,3.6548770359065386,1.2506889482215044,0.6900149241090875,33.07291666666667,3855,17607.57666349411,93.71527777777777,362,384715.17640686035,26.21527777777778,4250,29897.222232818604,8467,112.45775479100914,43.12720508629585,153.3366499543321,1321.5909676334652,0,5760,1.0,False,False,complete,lambda,lam=0.2,0.2,18,2020,0.0,1601553413.0,13.0,2.745917991226866,regen-v2,637c6b535a9e,86e95e8,local,
5760,6.688904245535777,16.793701433834705,10.104797188298928,4.359092751938812,4.336423209042325,1.4092812273177915,682244.1207495349,48.434363910431244,4.697604091059305,14.454744030141082,55.104166666666664,2586,3334.115918159485,75.67708333333333,1401,2153431.4727783203,58.333333333333336,2400,5450.495460510254,6387,1490.2881205483716,161.98634827527945,3212.165341081538,1403.9020152502776,0,5760,1.0,False,False,complete,knock,baseline,,18,2020,0.0,620726115.0,,,regen-v2,637c6b535a9e,86e95e8,local,0.03101051674725946
5760,6.688904245535777,16.793701433834705,10.104797188298928,4.359092751938812,4.336423209042325,1.4092812273177915,682244.1207495349,48.434363910431244,4.697604091059305,14.454744030141082,55.104166666666664,2586,3334.115918159485,75.67708333333333,1401,2153431.4727783203,58.333333333333336,2400,5450.495460510254,6387,1490.2881205483716,161.98634827527945,3212.165341081538,1403.9020152502776,0,5760,1.0,False,False,complete,knock,knockout,,18,2020,0.0,620726115.0,,,regen-v2,637c6b535a9e,86e95e8,local,0.03101051674725946
5760,6.892078128734267,16.40446927204139,9.512391143307122,4.581081616197778,4.548560406789145,0.38274912032019826,666431.5641766815,50.90090684664198,1.2758304010673276,15.161868022630482,59.201388888888886,2350,2759.259376525879,68.35069444444444,1823,1621980.5701904297,59.166666666666664,2352,4595.151908874512,6525,1566.1817499643653,43.994151743049706,3369.3040049422257,1380.8941417040369,0,5760,1.0,False,False,complete,knock,knockin,,18,2020,0.03101051674725946,620726115.0,,,regen-v2,637c6b535a9e,86e95e8,local,0.03101051674725946
5760,0.004816880731004947,6.429716942315526,6.4249000615845215,4.911670944505061,1.4919083545833918,0.021320762496069075,261207.2507815683,54.574121605611786,0.07106920832023025,4.973027848611306,67.48263888888889,1873,1982.1851835250854,98.81944444444444,68,60220.27355957031,72.44791666666667,1587,5663.901954650879,3528,1679.2037416663088,2.4506623171774105,1105.117300161419,1498.95364822883,0,5760,1.0,False,False,complete,cross,baseline,,18,2020,0.019795344472393898,,,,regen-v2,637c6b535a9e,86e95e8,local,
5760,0.1948569561188691,6.742662086872546,6.547805130753677,4.908883854229764,1.5545589544151237,0.08436232210878952,273920.6472791972,54.54315393588627,0.28120774036263174,5.181863181383746,67.43055555555556,1876,2062.411632537842,98.14236111111111,107,74723.58801269531,71.90972222222223,1618,5782.89208984375,3601,1678.250889536525,9.69681861446377,1151.5251517111024,1501.1756051536804,0,5760,1.0,False,False,complete,cross,ko_uboil,,18,2020,0.0,,,,regen-v2,637c6b535a9e,86e95e8,local,
5760,0.18946637452465254,6.703739204516118,6.514272829991467,4.911544674341435,1.547865315910674,0.05486283973935767,272339.4051834674,54.572718603793724,0.18287613246452558,5.15955105303558,67.25694444444444,1886,2068.5959005355835,98.09027777777779,110,74826.59155273438,71.94444444444444,1616,5796.005996704102,3612,1679.1605725406748,6.306073582954612,1146.5669002208886,1501.4819921905967,0,5760,1.0,False,False,complete,cross,ko_cross,,18,2020,0.019795344472393898,,,,regen-v2,637c6b535a9e,86e95e8,local,
5760,0.473564378641399,7.155783110054692,6.682218731413292,4.922229477310774,1.6301067428731826,0.12988251122933578,290703.68884597183,54.69143863678638,0.43294170409778593,5.433689142910609,66.875,1908,2229.904725074768,97.36111111111111,152,194483.40454101562,69.94791666666667,1731,6145.619186401367,3791,1682.813497119143,14.92902425582726,1207.486475927789,1499.6962712958384,0,5760,1.0,False,False,complete,cross,ko_both,,18,2020,0.0,,,,regen-v2,637c6b535a9e,86e95e8,local,
5760,8.189912190833542,16.13319030313103,7.943278112297491,5.364848574540093,2.570308608268113,0.008120929489284754,655410.8560646982,59.60942860600104,0.027069764964282515,8.56769536089371,68.59375,1809,1705.2138481140137,99.67013888888889,19,14010.388305664062,72.22222222222221,1600,3287.9000549316406,3428,1834.13626321307,0.9334401858225444,1903.93230301429,1541.2876218012707,0,5760,1.0,False,False,complete,lambda,lam=1e-06,1e-06,19,2020,0.048834233033723445,10390668.0,54.0,11.809409000792083,regen-v2,637c6b535a9e,86e95e8,local,
5760,8.18902445009694,16.133164030179948,7.944139580083009,5.365775254956642,2.570231883563581,0.008132441562786698,655409.7887260604,59.6197250550738,0.02710813854262233,8.567439611878605,68.61111111111111,1808,1704.4346990585327,99.67013888888889,19,13706.677856445312,72.1875,1602,3287.1366958618164,3429,1834.4530797465836,0.9347633964509052,1903.8754694342203,1541.4739558322417,0,5760,1.0,False,False,complete,lambda,lam=0.001,0.001,19,2020,0.04883423795272266,2408700852.0,51.0,11.80262403797403,regen-v2,637c6b535a9e,86e95e8,local,
5760,8.169695760715785,16.15338553433635,7.9836897736205685,5.365948184498384,2.609545325315662,0.008196263806521891,656231.2873324143,59.62164649442649,0.027320879355072974,8.698484417718875,69.04513888888889,1783,1686.9540548324585,99.58333333333333,24,17126.538208007812,71.21527777777777,1658,3349.734405517578,3465,1834.5121991877354,0.942099293678443,1932.9965373654577,1543.1229001332672,0,5760,1.0,False,False,complete,lambda,lam=0.01,0.01,19,2020,0.04886438695517519,1627407212.0,43.0,11.806868891574819,regen-v2,637c6b535a9e,86e95e8,local,
5760,7.585360308691019,16.041339125214513,8.455978816523494,5.310689563778002,3.132470300188048,0.012818952557444571,651679.4019618396,59.00766181975558,0.04272984185814857,10.441567667293493,65.76388888888889,1972,1836.5026178359985,99.63541666666667,21,2295.5523681640625,71.99652777777777,1613,3231.685832977295,3606,1815.6203634957906,1.4734428139274571,2320.348370693542,1540.5111647304782,0,5760,1.0,False,False,complete,lambda,lam=0.02,0.02,19,2020,0.05214270579908299,1895751231.0,37.0,10.408018782995507,regen-v2,637c6b535a9e,86e95e8,local,
5760,6.084467427172335,16.037080374386303,9.952612947213968,4.801011608451812,5.118143874867287,0.033457463894867354,651506.3902094435,53.34457342724236,0.11152487964955785,17.060479582890956,61.37152777777778,2225,2539.520817756653,65.92013888888889,1963,1792050.0302734375,67.23958333333333,1887,3708.1472511291504,6075,1641.371489790502,3.845685493926267,3791.217685979882,1455.1412923557555,0,5760,1.0,False,False,complete,lambda,lam=0.03,0.03,19,2020,0.053245200715031415,3978898140.0,36.0,12.24619161107147,regen-v2,637c6b535a9e,86e95e8,local,
5760,6.199561817084238,15.86968296634544,9.670121149261202,4.833381357719193,4.809678749215826,0.027061042326183504,644705.8705077835,53.704237307991036,0.09020347442061169,16.03226249738609,62.58680555555556,2155,2457.19562625885,67.89930555555556,1849,1492874.054321289,65.53819444444444,1985,3907.186981201172,5989,1652.4380721620187,3.110464654488728,3562.724997755416,1494.2792778640728,0,5760,1.0,False,False,complete,lambda,lam=0.04,0.04,19,2020,0.053245200715031415,2993333002.0,34.0,12.071838838812946,regen-v2,637c6b535a9e,86e95e8,local,
5760,7.174055910298387,15.988323579915097,8.81426766961671,5.754627565520018,2.0899056616788543,0.9697344424178382,649525.6454340508,63.940306283555756,3.232448141392794,6.9663522055961815,73.22916666666667,1542,1516.610782623291,100.0,0,0.0,74.11458333333333,1491,3296.0059509277344,3033,1967.3940390366365,111.4637287031412,1548.0782673339377,1599.5914452489637,0,5760,1.0,False,False,complete,lambda,lam=0.05,0.05,19,2020,0.0,1001209436.0,28.0,10.385108913814623,regen-v2,637c6b535a9e,86e95e8,local,
5760,5.374205368020926,13.073135460778587,7.698930092757659,5.5136105357221,2.1852459356043807,7.362143117934465e-05,531096.1280941301,61.26233928580112,0.0002454047705978155,7.284153118681269,59.010416666666664,2361,3277.63858795166,100.0,0,0.0,79.30555555555556,1192,2735.2477378845215,3553,1884.9950545818929,0.008462233902435019,1618.7006940785523,1627.891178038397,0,5760,1.0,False,False,complete,lambda,lam=0.06,0.06,19,2020,0.0,1109519393.0,27.0,8.769138768392645,regen-v2,637c6b535a9e,86e95e8,local,
5760,1.9007277808245349,4.762775848796726,2.8620480679721907,0.30077717288669914,2.216399613014244,0.34487128207124773,193487.768857367,3.3419685876299905,1.1495709402374925,7.38799871004748,29.80902777777778,4043,19980.785123348236,96.57986111111111,197,105224.78369140625,30.260416666666668,4017,25556.581161499023,8257,102.82980262322579,39.64037723808892,1641.7774907549142,1505.7425286240214,0,5760,1.0,False,False,complete,lambda,lam=0.07,0.07,19,2020,0.0,1908095095.0,24.0,10.401627348500964,regen-v2,637c6b535a9e,86e95e8,local,
5760,2.131679418804383,4.982481319548462,2.8508019007440795,0.30539470230272253,2.204158675827228,0.34124852261412886,202413.3036066563,3.3932744700302506,1.1374950753804296,7.34719558609076,29.65277777777778,4052,19911.134539604187,96.33680555555556,211,110735.40588378906,30.312499999999996,4014,25234.03479385376,8277,104.40844528344562,39.223968162943216,1632.7101302029914,1459.5715035219528,0,5760,1.0,False,False,complete,lambda,lam=0.08,0.08,19,2020,0.0,875457419.0,23.0,10.956122703433236,regen-v2,637c6b535a9e,86e95e8,local,
5760,3.2733571073953063,5.808550467221519,2.535193359826213,0.28066725118819946,1.9478705827852738,0.30665552585273986,235972.3627308742,3.118525013202216,1.0221850861757995,6.492901942617579,32.72569444444444,3875,18032.58092737198,97.25694444444444,158,66930.7216796875,25.329861111111114,4301,31277.068195343018,8334,95.95461571848995,35.24776166699158,1442.867097664107,1432.4352491265763,0,5760,1.0,False,False,complete,lambda,lam=0.1,0.1,19,2020,0.0,730840981.0,20.0,12.819294385169403,regen-v2,637c6b535a9e,86e95e8,local,
5760,4.999329675891591,6.022301204910438,1.0229715290188464,0.3699351850959556,0.23149869797495762,0.4215376459479332,244655.98644948652,4.110390945510618,1.4051254864931106,0.7716623265831921,33.62847222222222,3823,17177.341354846954,92.88194444444444,410,451025.8044433594,25.624999999999996,4284,30541.74884414673,8517,126.473567549736,48.45260300617588,171.48051723878535,1319.016556731207,0,5760,1.0,False,False,complete,lambda,lam=0.15,0.15,19,2020,0.0,893406581.0,13.0,2.978161843679242,regen-v2,637c6b535a9e,86e95e8,local,
5760,0.4267899702942055,3.8488528155699107,3.422062845275705,1.2015028874908928,0.6867767640500013,1.5337831937348108,156359.64563252762,13.350032083232144,5.112610645782703,2.2892558801666714,31.354166666666668,3954,22288.088961839676,80.67708333333333,1113,1784598.9870605469,28.90625,4095,21831.241912841797,9162,410.7702177565625,176.29691882191406,508.7235286458411,653.0296448564604,0,5760,1.0,False,False,complete,lambda,lam=0.2,0.2,19,2020,0.0,1884398801.0,12.0,4.003881449127912,regen-v2,637c6b535a9e,86e95e8,local,
5760,7.5624765448824025,15.635090274203272,8.07261372932087,5.739633934936645,1.9717774079464845,0.3612023864377406,635175.542389508,63.773710388184945,1.2040079547924687,6.572591359821615,74.56597222222221,1465,1298.0952796936035,100.0,0,0.0,70.95486111111111,1673,3718.085723876953,3138,1962.2680116476663,41.517515834734226,1460.5758572741918,1588.6345916106993,0,5760,1.0,False,False,complete,knock,baseline,,19,2020,0.06085624946340948,3747979278.0,,,regen-v2,637c6b535a9e,86e95e8,local,0.048834233033723445
5760,7.314407081131121,16.07832339028224,8.76391630915112,5.717123030902345,2.1404162977367225,0.9063769805120536,653181.887730216,63.52358923224828,3.0212566017068454,7.134720992455742,72.89930555555556,1561,1558.2070617675781,100.0,0,0.0,73.66319444444444,1517,3164.3592414855957,3078,1954.5719761056062,104.18126225929811,1585.4935531526444,1614.0604407607034,0,5760,1.0,False,False,complete,knock,knockout,,19,2020,0.0,3747979278.0,,,regen-v2,637c6b535a9e,86e95e8,local,0.048834233033723445
5760,7.55638853670263,15.711398171607938,8.155009634905307,5.729625725789125,2.0032258651977255,0.4221580439184559,638275.5507215725,63.66250806432362,1.4071934797281864,6.677419550659085,74.09722222222223,1492,1349.4834289550781,100.0,0,0.0,71.5625,1638,3590.189296722412,3130,1958.8464033964956,48.5239128769807,1483.8710101601018,1594.0616639030923,0,5760,1.0,False,False,complete,knock,knockin,,19,2020,0.048834233033723445,3747979278.0,,,regen-v2,637c6b535a9e,86e95e8,local,0.048834233033723445
5760,5.103809975251736,12.589074507635015,7.485264532383279,5.47644228359066,1.9845730722110426,0.024249176581576465,511431.1518726725,60.84935870656289,0.08083058860525488,6.615243574036809,70.20833333333333,1716,1565.2481365203857,98.10763888888889,109,126048.56066894531,71.52777777777779,1640,4074.355224609375,3465,1872.2879603980787,2.787261674796043,1470.05412746102,1568.0725457729886,0,5760,1.0,False,False,complete,cross,baseline,,19,2020,0.016540872102230195,,,,regen-v2,637c6b535a9e,86e95e8,local,
5760,5.077124708395546,12.609279897048673,7.532155188653127,5.451299831106072,2.0608663148678366,0.019989042679220435,512251.9958176024,60.5699981234008,0.06663014226406812,6.8695543828927885,69.80902777777777,1739,1640.9297523498535,97.62152777777777,137,166489.9903564453,71.78819444444444,1625,3965.163734436035,3501,1863.6922500328312,2.297591112822756,1526.5676407648132,1565.9716963897058,0,5760,1.0,False,False,complete,cross,ko_uboil,,19,2020,0.0,,,,regen-v2,637c6b535a9e,86e95e8,local,
5760,4.865757121166773,12.633266473443731,7.767509352276959,5.3998855242237696,2.238990539246213,0.12863328880697703,513226.4504836516,59.99872804693077,0.4287776293565901,7.463301797487376,68.88888888888889,1792,1761.9922332763672,93.76736111111111,359,718572.8151855469,70.71180555555556,1687,4047.096237182617,3838,1846.1147073849195,14.785435483140391,1658.5115109417125,1544.630025367332,0,5760,1.0,False,False,complete,cross,ko_cross,,19,2020,0.016540872102230195,,,,regen-v2,637c6b535a9e,86e95e8,local,
5760,4.526523109290897,12.810042589320503,8.283519480029607,5.615600843362002,2.4021644790292536,0.26575415763834964,520407.98019114544,62.39556492624447,0.8858471921278321,8.007214930097513,67.88194444444444,1850,1866.5015296936035,91.02430555555556,517,1108397.1705322266,68.40277777777779,1820,4360.31990814209,4187,1919.863535831502,30.546454784271948,1779.3810959205791,1527.0574078573604,0,5760,1.0,False,False,complete,cross,ko_both,,19,2020,0.0,,,,regen-v2,637c6b535a9e,86e95e8,local,
