steps,epi,revenue,cost_total,cost_heat,cost_co2,cost_elec,fruit_dm_growth,energy_heat_kwh_m2,energy_elec_kwh_m2,co2_kg_m2,t_in_in_corridor_pct,t_in_violation_steps,t_in_violation_area,co2_in_corridor_pct,co2_violation_steps,co2_violation_area,rh_in_corridor_pct,rh_violation_steps,rh_violation_area,violation_steps_total,boiler_sum,lamp_sum,co2_injection_sum,vent_sum,solver_failures,steps_expected,season_fraction,truncated,block,condition,fault,supervisor,seed,test_year,regen_id,config_hash,git_sha,image,onset_step,secs
5760,0.862010856460663,11.32185305726859,10.459842200807929,4.597240068905768,5.110289078596543,0.7523130533056182,459950.2804515365,51.0804452100641,2.507710177685394,17.03429692865514,67.17013888888889,1891,1629.1347522735596,52.22222222222223,2752,2712459.4477539062,51.61458333333333,2787,6814.064025878906,7430,1571.706006529114,86.47276482411571,3785.3993182086974,1432.2694600850457,0,5760,1.0,False,faults,nofault,none,False,0,2020,regen-v2,637c6b535a9e,unknown,greenhouse-regen:v1,,
5760,1.4464575910929174,8.658281862193085,7.211824271100166,1.9384687503817608,4.959456638214075,0.3138988825043307,351742.70065159403,21.53854167090845,1.046329608347769,16.53152212738025,49.56597222222222,2905,10926.71240067482,49.114583333333336,2931,4959685.7265625,29.54861111111111,4058,22163.05577468872,9894,662.7243588914632,36.08033137340497,3673.671583917815,1213.593165515137,0,5760,1.0,False,faults,t_in_stuck/raw,t_in_stuck,False,0,2020,regen-v2,637c6b535a9e,unknown,greenhouse-regen:v1,1900.0,82.1
5760,3.472231344405788,16.851457167833978,13.37922582342819,6.763550786090942,2.885322504402989,3.730352532934258,684590.4474432553,75.15056428989936,12.434508443114192,9.617741681343295,89.60069444444444,599,566.9793539047241,88.90625,639,359070.9493408203,58.31597222222222,2401,7721.945693969727,3639,2312.325054714435,428.7761532227928,2137.2759285666302,1091.9904619958245,0,5760,1.0,False,faults,t_in_stuck/sup,t_in_stuck,True,0,2020,regen-v2,637c6b535a9e,unknown,greenhouse-regen:v1,1900.0,32.6
5760,1.703205779867001,10.84347971465738,9.14027393479038,3.5080630680881084,5.28754454033092,0.3446663263713519,440516.3634079562,38.97847853431232,1.148887754571173,17.625148467769733,54.045138888888886,2647,5760.219049453735,53.45486111111111,2681,2188337.599853516,41.458333333333336,3372,10883.621379852297,8700,1199.3378011155494,39.61681918907957,3916.699659154236,1566.9569588832546,0,5760,1.0,False,faults,t_in_offset/raw,t_in_offset,False,0,2020,regen-v2,637c6b535a9e,unknown,greenhouse-regen:v1,1900.0,80.1
5760,3.472231344405788,16.851457167833978,13.37922582342819,6.763550786090942,2.885322504402989,3.730352532934258,684590.4474432553,75.15056428989936,12.434508443114192,9.617741681343295,89.60069444444444,599,566.9793539047241,88.90625,639,359070.9493408203,58.31597222222222,2401,7721.945693969727,3639,2312.325054714435,428.7761532227928,2137.2759285666302,1091.9904619958245,0,5760,1.0,False,faults,t_in_offset/sup,t_in_offset,True,0,2020,regen-v2,637c6b535a9e,unknown,greenhouse-regen:v1,1900.0,32.7
5760,1.4792574108184913,15.739491778149258,14.260234367330764,2.2624692995033304,4.122472407829665,7.875292659997772,639416.8534873136,25.138547772259223,26.250975533325903,13.741574692765552,58.576388888888886,2386,3575.645920753479,44.6875,3186,6306841.819458008,27.82986111111111,4157,27854.252548217773,9729,773.4937774136614,905.2060529154492,3053.68326511042,906.7224524364776,0,5760,1.0,False,faults,rh_offset/raw,rh_offset,False,0,2020,regen-v2,637c6b535a9e,unknown,greenhouse-regen:v1,1900.0,80.6
5760,3.472231344405788,16.851457167833978,13.37922582342819,6.763550786090942,2.885322504402989,3.730352532934258,684590.4474432553,75.15056428989936,12.434508443114192,9.617741681343295,89.60069444444444,599,566.9793539047241,88.90625,639,359070.9493408203,58.31597222222222,2401,7721.945693969727,3639,2312.325054714435,428.7761532227928,2137.2759285666302,1091.9904619958245,0,5760,1.0,False,faults,rh_offset/sup,rh_offset,True,0,2020,regen-v2,637c6b535a9e,unknown,greenhouse-regen:v1,1900.0,32.7
5760,-13.1626858408938,3.414301208840009,16.576987049733805,4.998398983385528,2.9417944000605027,8.636793666287776,138705.98660912534,55.53776648206142,28.789312220959253,9.80598133353501,65.32986111111111,1997,12423.206298828123,16.70138888888889,4798,26293729.35583496,42.53472222222222,3310,11964.439720153809,10105,1708.8543530203906,992.7349041912432,2179.106962835871,449.8691961969341,0,5760,1.0,False,faults,uVent_dead/raw,uVent_dead,False,0,2020,regen-v2,637c6b535a9e,unknown,greenhouse-regen:v1,1900.0,88.4
5760,-0.7069638335109136,8.538817426407276,9.24578125991819,4.052714982404682,1.588057329089866,3.60500894842364,346889.4579477956,45.030166471163135,12.016696494745467,5.293524430299554,77.13541666666667,1317,6450.707607269287,88.4375,666,359429.03381347656,37.23958333333333,3615,14499.455352783203,5598,1385.5435827074266,414.3688445126469,1176.3387617848448,442.4345488448577,0,5760,1.0,False,faults,uVent_dead/sup,uVent_dead,True,0,2020,regen-v2,637c6b535a9e,unknown,greenhouse-regen:v1,1900.0,32.1
5760,-7.370771160217823,11.200071073912014,18.57084223412984,13.22896875038176,5.027974601243746,0.3138988825043307,455002.8873776755,146.98854167090846,1.046329608347769,16.759915337479153,88.17708333333333,681,836.543704032898,66.25,1944,2175513.78125,54.79166666666667,2604,11778.261730194092,5229,4522.724358891463,36.08033137340497,3724.425630606369,1322.8139446413493,0,5760,1.0,False,faults,uBoil_stuck/raw,uBoil_stuck,False,0,2020,regen-v2,637c6b535a9e,unknown,greenhouse-regen:v1,1900.0,81.2
5760,-4.717288671238982,15.016365329974462,19.733654001213445,13.464356279775387,2.8643025157775392,3.404995205660515,610039.8415302126,149.603958664171,11.349984018868383,9.547675052591796,90.05208333333333,573,515.9671430587769,88.90625,639,359070.9493408203,68.28125,1827,9274.529315948486,3039,4603.198727615556,391.378759452297,2121.705566061848,1360.56628755891,0,5760,1.0,False,faults,uBoil_stuck/sup,uBoil_stuck,True,0,2020,regen-v2,637c6b535a9e,unknown,greenhouse-regen:v1,1900.0,32.9
5760,1.17861786108977,11.12349383027798,9.94487596918821,4.529497422652488,5.101479664031389,0.3138988825043307,451891.9368550428,50.3277491405832,1.046329608347769,17.004932213437964,65.43402777777779,1991,1988.1988067626955,51.97916666666666,2766,2892887.2685546875,55.451388888888886,2566,6445.7682762146,7323,1548.546126586863,36.08033137340497,3778.873825168499,1427.8813863611676,0,5760,1.0,False,faults,uLamp_dead/raw,uLamp_dead,False,0,2020,regen-v2,637c6b535a9e,unknown,greenhouse-regen:v1,1900.0,79.1
5760,5.39749630887456,15.804626361613815,10.407130052739255,6.861419934261133,2.825557535947852,0.7201525825302698,642062.9459405612,76.23799926956815,2.4005086084342326,9.418525119826176,89.47916666666667,606,568.4575176239014,88.90625,639,359070.9493408203,59.46180555555556,2335,7525.738250732422,3580,2345.784591748137,82.77615888338772,2093.005581966251,1063.4897932982828,0,5760,1.0,False,faults,uLamp_dead/sup,uLamp_dead,True,0,2020,regen-v2,637c6b535a9e,unknown,greenhouse-regen:v1,1900.0,33.0
5760,3.201264227990326,15.125349703581229,11.924085475590903,4.952181784903966,5.7819837393362326,1.1899199513507035,614467.3317079874,55.02424205448852,3.966399837835679,19.273279131120777,62.29166666666666,2172,1917.7188968658447,56.80555555555556,2488,2882189.997680664,62.53472222222223,2158,4070.6946563720703,6818,1693.053601448264,136.77240831358696,4282.950917830612,1370.4085982759009,0,5760,1.0,False,faults,nofault,none,False,1,2020,regen-v2,637c6b535a9e,unknown,greenhouse-regen:v1,,
5760,2.8289679555026024,10.60645960197414,7.777491646471541,2.0954604407641395,5.234818241570881,0.4472129641365191,430887.4213301995,23.282893786268215,1.4907098804550638,17.449394138569605,46.57986111111111,3077,10981.198203802109,50.64236111111112,2843,5195104.269287109,33.385416666666664,3837,20705.244709014893,9757,716.3967318104602,51.40378914856824,3877.643141161443,1208.586885948469,0,5760,1.0,False,faults,t_in_stuck/raw,t_in_stuck,False,1,2020,regen-v2,637c6b535a9e,unknown,greenhouse-regen:v1,1900.0,77.4
5760,4.316373512433465,17.966967934265735,13.65059442183227,6.862716107339358,3.103138178133172,3.684740136359741,729908.0723295455,76.25240119265953,12.282467121199138,10.343793927110571,87.51736111111111,719,716.5237236022949,91.18055555555556,508,429884.5607910156,61.18055555555556,2236,6490.213138580322,3463,2346.2277276608365,423.5333490667963,2298.620872407603,1100.7973131328913,0,5760,1.0,False,faults,t_in_stuck/sup,t_in_stuck,True,1,2020,regen-v2,637c6b535a9e,unknown,greenhouse-regen:v1,1900.0,30.7
5760,2.421756463965504,12.892146004109035,10.470389540143536,3.9021692371301886,6.054587475691911,0.5136328273214361,523743.4314169297,43.35743596811321,1.7121094244047872,20.18195825230637,48.69791666666667,2955,6640.335718154907,59.46180555555556,2335,2223765.162109375,52.23958333333333,2751,5896.6869468688965,8041,1334.0749528319466,59.03825618481893,4484.879612141748,1533.7435937664811,0,5760,1.0,False,faults,t_in_offset/raw,t_in_offset,False,1,2020,regen-v2,637c6b535a9e,unknown,greenhouse-regen:v1,1900.0,75.7
5760,4.316373512433465,17.966967934265735,13.65059442183227,6.862716107339358,3.103138178133172,3.684740136359741,729908.0723295455,76.25240119265953,12.282467121199138,10.343793927110571,87.51736111111111,719,716.5237236022949,91.18055555555556,508,429884.5607910156,61.18055555555556,2236,6490.213138580322,3463,2346.2277276608365,423.5333490667963,2298.620872407603,1100.7973131328913,0,5760,1.0,False,faults,t_in_offset/sup,t_in_offset,True,1,2020,regen-v2,637c6b535a9e,unknown,greenhouse-regen:v1,1900.0,30.8
5760,2.852879683882274,18.87493945235673,16.022059768474463,2.5389348288956897,4.4942019323817375,8.988923007197034,766794.4152519924,28.210386987729887,29.96307669065678,14.980673107939126,61.076388888888886,2242,2623.861005783081,46.12847222222222,3103,6492979.590942383,32.34375,3897,26055.308834075928,9242,868.0119069619961,1033.2095411930386,3329.0384668253278,866.2366197905949,0,5760,1.0,False,faults,rh_offset/raw,rh_offset,False,1,2020,regen-v2,637c6b535a9e,unknown,greenhouse-regen:v1,1900.0,77.2
5760,4.316373512433465,17.966967934265735,13.65059442183227,6.862716107339358,3.103138178133172,3.684740136359741,729908.0723295455,76.25240119265953,12.282467121199138,10.343793927110571,87.51736111111111,719,716.5237236022949,91.18055555555556,508,429884.5607910156,61.18055555555556,2236,6490.213138580322,3463,2346.2277276608365,423.5333490667963,2298.620872407603,1100.7973131328913,0,5760,1.0,False,faults,rh_offset/sup,rh_offset,True,1,2020,regen-v2,637c6b535a9e,unknown,greenhouse-regen:v1,1900.0,30.9
5760,-24.135707746143677,2.5173052976852266,26.6530130438289,7.128797957197292,3.340292568753917,16.183922517877686,102265.52771846234,79.20886619108103,53.946408392925626,11.134308562513056,56.78819444444444,2489,17012.80472946167,18.072916666666668,4719,31203176.076171875,66.63194444444444,1922,6033.749877929688,9130,2437.195882070692,1860.220979361792,2474.2907916560875,445.8880965305905,0,5760,1.0,False,faults,uVent_dead/raw,uVent_dead,False,1,2020,regen-v2,637c6b535a9e,unknown,greenhouse-regen:v1,1900.0,99.3
5760,-0.0012261969329463,9.498858952529194,9.50008514946214,4.151570161481605,1.7989035665529118,3.549611421427625,385891.14494649856,46.12855734979562,11.832038071425416,5.99634522184304,75.26041666666666,1425,6579.702023506165,89.6875,594,435332.37268066406,40.39930555555556,3433,13241.671451568604,5452,1419.3402249465355,408.0013127956404,1332.521160196588,446.61604945344345,0,5760,1.0,False,faults,uVent_dead/sup,uVent_dead,True,1,2020,regen-v2,637c6b535a9e,unknown,greenhouse-regen:v1,1900.0,30.4
5760,-17.42164241308123,7.792985999028526,25.214628412109757,13.342357680499155,4.537053061571361,7.335217670039235,316590.0562105339,148.24841867221286,24.45072556679745,15.123510205237867,75.39930555555556,1417,8739.49092578888,57.10069444444444,2471,13200401.475463867,55.32986111111112,2573,19037.459510803223,6461,4561.489805244963,843.1284679219867,3360.780045121409,1105.5040116305204,0,5760,1.0,False,faults,uBoil_stuck/raw,uBoil_stuck,False,1,2020,regen-v2,637c6b535a9e,unknown,greenhouse-regen:v1,1900.0,88.1
5760,-3.9703092372535513,16.032565845373554,20.002875082627103,13.561737879073837,3.074174275971008,3.3669629275822643,651322.9874683007,150.68597643415373,11.223209758607547,10.247247586570028,88.19444444444444,680,645.3295774459839,91.18055555555556,508,429884.5607910156,71.42361111111111,1646,8057.082172393799,2834,4636.491582286704,387.0072328651968,2277.166129318091,1364.0454217873707,0,5760,1.0,False,faults,uBoil_stuck/sup,uBoil_stuck,True,1,2020,regen-v2,637c6b535a9e,unknown,greenhouse-regen:v1,1900.0,31.5
5760,3.647488244865306,14.76153893649639,11.114050691631084,4.929445748645877,5.737611225536405,0.4469937174488003,599687.5192951658,54.77161942939864,1.489979058162668,19.12537075178802,60.74652777777778,2261,2096.8395595550537,56.52777777777778,2504,3127347.649780273,66.16319444444444,1949,3645.011249542236,6714,1685.2805983091507,51.378588380769045,4250.082389636422,1364.9398729550685,0,5760,1.0,False,faults,uLamp_dead/raw,uLamp_dead,False,1,2020,regen-v2,637c6b535a9e,unknown,greenhouse-regen:v1,1900.0,77.3
5760,6.2586292370782965,16.918254223745834,10.659624986667538,6.955079256934281,3.0387055861136703,0.6658401436195874,687304.0778396745,77.27865841038091,2.219467145398625,10.1290186203789,87.76041666666666,705,698.016095161438,91.18055555555556,508,429884.5607910156,62.60416666666667,2154,6306.861330032349,3367,2377.80487335743,76.53334986836505,2250.8930254475067,1064.599649841218,0,5760,1.0,False,faults,uLamp_dead/sup,uLamp_dead,True,1,2020,regen-v2,637c6b535a9e,unknown,greenhouse-regen:v1,1900.0,30.9
5760,3.3361816192903637,14.212279642809182,10.87609802351882,4.609319771111483,4.990576413674431,1.2762018387329048,577373.860489123,51.21466412346093,4.254006129109683,16.635254712248102,66.26736111111111,1943,1830.157922744751,60.46875000000001,2277,2876537.4462890625,50.78125,2835,6046.67183303833,7055,1575.8358192700755,146.68986648448458,3696.723268453723,1396.6126134490078,0,5760,1.0,False,faults,nofault,none,False,10,2020,regen-v2,637c6b535a9e,unknown,greenhouse-regen:v1,,
5760,2.3459324635063705,9.254402799768568,6.908470336262198,1.9464473155736897,4.494595652398065,0.4674273682904429,375960.1137405981,21.62719239526322,1.55809122763481,14.98198550799355,48.19444444444444,2984,11581.624606370926,59.53125,2331,4224172.073974609,29.89583333333333,4038,20988.711837768555,9353,665.4520734675285,53.72728355056469,3329.3301130589957,1228.1733597489983,0,5760,1.0,False,faults,t_in_stuck/raw,t_in_stuck,False,10,2020,regen-v2,637c6b535a9e,unknown,greenhouse-regen:v1,1900.0,77.0
5760,4.254622150983852,17.69045159077848,13.435829439794627,6.7952255349095925,2.879616704934538,3.7609871999504976,718674.5958753758,75.50250594343991,12.536623999834992,9.598722349781792,88.87152777777779,641,649.793399810791,91.25,504,340509.728515625,58.94097222222222,2365,7020.118419647217,3510,2323.1540290226694,432.2973792502477,2133.0494103176643,1086.04780247845,0,5760,1.0,False,faults,t_in_stuck/sup,t_in_stuck,True,10,2020,regen-v2,637c6b535a9e,unknown,greenhouse-regen:v1,1900.0,31.3
5760,3.113477898325279,12.416874649411367,9.30339675108609,3.573251785535427,5.118369133269454,0.6117758322812082,504435.5326323368,39.7027976170603,2.039252774270694,17.061230444231512,51.18055555555555,2812,6486.449781417847,62.77777777777778,2144,2236182.5361328125,42.48263888888889,3313,8444.592140197754,8269,1221.6245417776004,70.31906099330888,3791.3845425047034,1541.0377334085742,0,5760,1.0,False,faults,t_in_offset/raw,t_in_offset,False,10,2020,regen-v2,637c6b535a9e,unknown,greenhouse-regen:v1,1900.0,76.1
5760,4.254622150983852,17.69045159077848,13.435829439794627,6.7952255349095925,2.879616704934538,3.7609871999504976,718674.5958753758,75.50250594343991,12.536623999834992,9.598722349781792,88.87152777777779,641,649.793399810791,91.25,504,340509.728515625,58.94097222222222,2365,7020.118419647217,3510,2323.1540290226694,432.2973792502477,2133.0494103176643,1086.04780247845,0,5760,1.0,False,faults,t_in_offset/sup,t_in_offset,True,10,2020,regen-v2,637c6b535a9e,unknown,greenhouse-regen:v1,1900.0,31.4
5760,3.170785371599822,18.014071344877497,14.843285973277672,2.4179397921898675,4.189162529426163,8.236183651661644,731821.6483856483,26.86599769099853,27.45394550553881,13.963875098087213,60.46875000000001,2277,3209.0786781311035,52.27430555555556,2749,7253838.751953125,27.569444444444446,4172,26356.52914428711,9198,826.646082610805,946.6877756641431,3103.083355225598,893.6967804035432,0,5760,1.0,False,faults,rh_offset/raw,rh_offset,False,10,2020,regen-v2,637c6b535a9e,unknown,greenhouse-regen:v1,1900.0,77.2
5760,4.254622150983852,17.69045159077848,13.435829439794627,6.7952255349095925,2.879616704934538,3.7609871999504976,718674.5958753758,75.50250594343991,12.536623999834992,9.598722349781792,88.87152777777779,641,649.793399810791,91.25,504,340509.728515625,58.94097222222222,2365,7020.118419647217,3510,2323.1540290226694,432.2973792502477,2133.0494103176643,1086.04780247845,0,5760,1.0,False,faults,rh_offset/sup,rh_offset,True,10,2020,regen-v2,637c6b535a9e,unknown,greenhouse-regen:v1,1900.0,31.4
5760,-16.55808865496365,3.951462099186776,20.509550754150425,5.609906319400406,3.1567165031459945,11.742927931604024,160528.14777946277,62.33229243778229,39.14309310534675,10.522388343819982,64.21875,2061,13039.101523399351,19.96527777777778,4610,32406077.69116211,50.208333333333336,2868,9258.296714782717,9539,1917.9166902936167,1349.761830897642,2338.3085215086994,432.4937168912048,0,5760,1.0,False,faults,uVent_dead/raw,uVent_dead,False,10,2020,regen-v2,637c6b535a9e,unknown,greenhouse-regen:v1,1900.0,86.0
5760,-0.0135759078694859,9.259698285918152,9.27327419378764,4.067742141820658,1.5706442484761294,3.634887803490851,376175.24286542495,45.197134909118425,12.116292678302838,5.235480828253765,76.45833333333333,1356,6525.868800163269,89.91319444444444,581,344258.1485595703,37.708333333333336,3588,13771.57692337036,5525,1390.6810741189563,417.8031956521339,1163.4401843345297,433.2599360251071,0,5760,1.0,False,faults,uVent_dead/sup,uVent_dead,True,10,2020,regen-v2,637c6b535a9e,unknown,greenhouse-regen:v1,1900.0,30.9
5760,-4.175239056623217,13.845946322879032,18.02118537950225,13.236861829541528,4.316896181670277,0.4674273682904429,562491.5693669607,147.07624255046142,1.55809122763481,14.389653938900924,89.14930555555556,625,498.2551956176758,69.75694444444444,1742,2281676.268310547,54.91319444444444,2597,10824.313488006592,4964,4525.4228474731535,53.72728355056469,3197.700875834192,1261.374839626961,0,5760,1.0,False,faults,uBoil_stuck/raw,uBoil_stuck,False,10,2020,regen-v2,637c6b535a9e,unknown,greenhouse-regen:v1,1900.0,76.8
5760,-3.993676022451192,15.783072932419367,19.77674895487056,13.479091616251448,2.8461587174386334,3.451498621180477,641187.3378795368,149.76768462501607,11.504995403934924,9.487195724795445,89.35763888888889,613,590.7449626922607,91.25,504,340509.728515625,68.80208333333333,1797,8582.370038986206,2914,4608.2364500884805,396.7239793366907,2108.2657156606538,1350.5348130196644,0,5760,1.0,False,faults,uBoil_stuck/sup,uBoil_stuck,True,10,2020,regen-v2,637c6b535a9e,unknown,greenhouse-regen:v1,1900.0,31.8
5760,3.732010994414585,13.847084975460607,10.11507398104602,4.567539509190601,5.080107103564979,0.4674273682904429,562537.8271280872,50.75043899100668,1.55809122763481,16.933690345216597,64.13194444444444,2066,2064.7947006225586,59.72222222222222,2320,3502046.7637939453,55.76388888888889,2548,5506.614562988281,6934,1561.5519700452714,53.72728355056469,3763.042298972416,1386.829690901223,0,5760,1.0,False,faults,uLamp_dead/raw,uLamp_dead,False,10,2020,regen-v2,637c6b535a9e,unknown,greenhouse-regen:v1,1900.0,77.4
5760,6.195722736421879,16.639255084393017,10.443532347971136,6.883865873157756,2.80927125691275,0.75039521790063,675969.7378034663,76.48739859064173,2.5013173930021,9.3642375230425,88.90625,639,640.0756740570068,91.25,504,340509.728515625,59.91319444444444,2309,6844.078351974487,3452,2353.458416422496,86.25232383528312,2080.941671612081,1055.312045795296,0,5760,1.0,False,faults,uLamp_dead/sup,uLamp_dead,True,10,2020,regen-v2,637c6b535a9e,unknown,greenhouse-regen:v1,1900.0,31.9
5760,1.8072207594246108,14.190020645834451,12.38279988640984,4.789235717439823,5.7457834638963305,1.8477807050736872,576469.5887370246,53.21373019377581,6.159269016912291,19.152611546321104,69.39236111111111,1763,1555.028688430786,50.06944444444444,2876,3971956.693847656,55.57291666666667,2559,5410.170520782471,7198,1637.345543385365,212.38858675299707,4256.135897225912,1309.3221847024697,0,5760,1.0,False,faults,nofault,none,False,11,2020,regen-v2,637c6b535a9e,unknown,greenhouse-regen:v1,,
5760,1.6056259347349435,9.076011235290672,7.470385300555727,2.0396677957355136,4.795763413243181,0.6349540915770324,368712.9564336835,22.662975508172373,2.116513638590108,15.985878044143938,46.16319444444444,3101,12289.51904296875,54.56597222222223,2617,4926678.107788086,35.138888888888886,3736,19757.79467010498,9454,697.3223226026183,72.98322895813844,3552.417342245932,1291.9385909569885,0,5760,1.0,False,faults,t_in_stuck/raw,t_in_stuck,False,11,2020,regen-v2,637c6b535a9e,unknown,greenhouse-regen:v1,1900.0,76.0
5760,4.544275328490868,18.81316516430333,14.268889835812464,7.273623255212658,2.1747317337642222,4.820534846835583,764284.8347998229,80.81803616902954,16.068449489451947,7.249105779214075,95.34722222222224,268,371.5868730545044,99.5659722222222,25,65844.44470214844,61.77083333333333,2202,6923.322452545166,2495,2486.708803348708,554.0844651837052,1610.9123956420212,962.3722550703376,0,5760,1.0,False,faults,t_in_stuck/sup,t_in_stuck,True,11,2020,regen-v2,637c6b535a9e,unknown,greenhouse-regen:v1,1900.0,18.0
5760,1.7831612664876233,12.222863341998256,10.439702075510631,3.7414176666857992,5.8886113414069765,0.8096730674178552,496553.8232686791,41.57130740761999,2.698910224726184,19.62870447135659,49.84375,2889,6815.93909740448,58.45486111111112,2393,2675083.0682373047,49.357638888888886,2917,6361.914577484131,8199,1279.117149662556,93.06586986175934,4361.934326506218,1512.513088932931,0,5760,1.0,False,faults,t_in_offset/raw,t_in_offset,False,11,2020,regen-v2,637c6b535a9e,unknown,greenhouse-regen:v1,1900.0,77.5
5760,4.544275328490868,18.81316516430333,14.268889835812464,7.273623255212658,2.1747317337642222,4.820534846835583,764284.8347998229,80.81803616902954,16.068449489451947,7.249105779214075,95.34722222222224,268,371.5868730545044,99.5659722222222,25,65844.44470214844,61.77083333333333,2202,6923.322452545166,2495,2486.708803348708,554.0844651837052,1610.9123956420212,962.3722550703376,0,5760,1.0,False,faults,t_in_offset/sup,t_in_offset,True,11,2020,regen-v2,637c6b535a9e,unknown,greenhouse-regen:v1,1900.0,18.1
5760,-2.8291690900327806,16.028485200534675,18.857654290567456,3.112752440207247,4.483355474950751,11.26154637540946,651157.2112717213,34.586138224524966,37.538487918031535,14.944518249835838,71.59722222222223,1636,2965.49866771698,43.47222222222222,3256,12352770.077026367,29.82638888888889,4042,25237.99883651733,8934,1064.188867821974,1294.4306178774557,3321.004053471436,819.0867780920568,0,5760,1.0,False,faults,rh_offset/raw,rh_offset,False,11,2020,regen-v2,637c6b535a9e,unknown,greenhouse-regen:v1,1900.0,78.8
5760,4.544275328490868,18.81316516430333,14.268889835812464,7.273623255212658,2.1747317337642222,4.820534846835583,764284.8347998229,80.81803616902954,16.068449489451947,7.249105779214075,95.34722222222224,268,371.5868730545044,99.5659722222222,25,65844.44470214844,61.77083333333333,2202,6923.322452545166,2495,2486.708803348708,554.0844651837052,1610.9123956420212,962.3722550703376,0,5760,1.0,False,faults,rh_offset/sup,rh_offset,True,11,2020,regen-v2,637c6b535a9e,unknown,greenhouse-regen:v1,1900.0,18.1
5760,-20.87255544619241,2.915620832899664,23.788176279092077,6.417013108482896,3.2337115254878315,14.137451645121343,118447.0963365488,71.30014564980996,47.12483881707115,10.779038418292773,63.94097222222223,2077,13914.194149971008,16.40625,4815,29674274.41784668,58.64583333333333,2382,7986.077766418457,9274,2193.850634420084,1624.994441977648,2395.341869290738,421.26251467069306,0,5760,1.0,False,faults,uVent_dead/raw,uVent_dead,False,11,2020,regen-v2,637c6b535a9e,unknown,greenhouse-regen:v1,1900.0,89.3
5760,0.1242586014931658,10.226831497667602,10.102572896174436,4.546329878422868,0.8728640944057764,4.683378923345792,415465.0295927464,50.514776426920754,15.611263077819308,2.9095469813525883,82.95138888888889,982,6248.475893974304,97.23958333333331,159,77804.11315917969,40.989583333333336,3399,13543.378757476808,4540,1554.300812250274,538.3194165687128,646.5659957828938,306.82747560285577,0,5760,1.0,False,faults,uVent_dead/sup,uVent_dead,True,11,2020,regen-v2,637c6b535a9e,unknown,greenhouse-regen:v1,1900.0,17.5
5760,-7.324221230985249,12.27425634155392,19.59847757253917,13.309996162935418,4.297799695477012,1.9906817141267388,498641.663875628,147.88884625483797,6.635605713755796,14.325998984923372,87.72569444444444,707,1891.8216400146484,67.41319444444444,1877,4104842.403320313,56.11111111111112,2528,10832.042192459106,5112,4550.426037853025,228.81399014807272,3183.555328356778,1310.373518977548,0,5760,1.0,False,faults,uBoil_stuck/raw,uBoil_stuck,False,11,2020,regen-v2,637c6b535a9e,unknown,greenhouse-regen:v1,1900.0,77.5
5760,-3.815852735399685,16.81744109733995,20.63329383273964,13.966760597684743,2.152303802590723,4.514229432464171,683208.5445794356,155.18622886316382,15.04743144154724,7.174346008635744,95.85069444444444,239,307.9939432144165,99.5659722222222,25,65844.44470214844,71.80555555555556,1624,8460.113218307495,1888,4774.960887362895,518.8769461161451,1594.2991134510758,1226.379391504064,0,5760,1.0,False,faults,uBoil_stuck/sup,uBoil_stuck,True,11,2020,regen-v2,637c6b535a9e,unknown,greenhouse-regen:v1,1900.0,17.9
5760,-0.3145556422299375,10.994107216217255,11.308662858447196,5.31914217588583,5.354566590984334,0.6349540915770324,446635.60565882607,59.10157973206478,2.116513638590108,17.848555303281113,66.33680555555556,1939,4053.4059953689575,44.70486111111111,3185,11072167.969970703,62.15277777777778,2180,5826.357040405273,7304,1818.510145630786,72.98322895813844,3966.345621755835,1168.2268250209445,0,5760,1.0,False,faults,uLamp_dead/raw,uLamp_dead,False,11,2020,regen-v2,637c6b535a9e,unknown,greenhouse-regen:v1,1900.0,80.9
5760,6.512159327354217,17.78153894022045,11.269379612866231,7.353418860817326,2.114325867876972,1.8016348841719327,722375.0194464558,81.70465400908141,6.005449613906443,7.04775289292324,95.34722222222224,268,353.9816255569458,99.5659722222222,25,65844.44470214844,62.82986111111111,2141,6655.601135253906,2434,2513.9893526240094,207.08446950986908,1566.1673097402263,921.9513708542262,0,5760,1.0,False,faults,uLamp_dead/sup,uLamp_dead,True,11,2020,regen-v2,637c6b535a9e,unknown,greenhouse-regen:v1,1900.0,18.4
5760,4.815436000549509,14.533818531215264,9.718382530665757,4.968967633441352,4.5538573148770976,0.1955575823473066,590436.3778306202,55.210751482681694,0.6518586078243553,15.17952438292366,67.86458333333333,1851,1762.932059288025,78.88888888888889,1216,762439.8223876953,60.65972222222222,2266,4514.304470062256,5333,1698.7923528816086,22.477883021243265,3373.227640978181,1434.0371168526426,0,5760,1.0,False,faults,nofault,none,False,12,2020,regen-v2,637c6b535a9e,unknown,greenhouse-regen:v1,,
5760,3.3450700151664345,10.197812629427514,6.852742614261078,2.095871076680181,4.659411931268297,0.0974596063126004,414286.1380704927,23.28745640755757,0.3248653543753348,15.531373104227656,48.107638888888886,2989,10679.838640451431,70.36458333333333,1707,1104862.8580322266,32.74305555555556,3874,19680.27647781372,8570,716.5371199421062,11.202253644871,3451.4162451166926,1334.182475830243,0,5760,1.0,False,faults,t_in_stuck/raw,t_in_stuck,False,12,2020,regen-v2,637c6b535a9e,unknown,greenhouse-regen:v1,1900.0,89.4
5760,4.151329499367096,18.52597232804662,14.374642828679525,7.074186060362214,2.5171813263839806,4.7832754419333305,752617.625826894,78.60206733735794,15.944251473111102,8.390604421279935,92.23958333333331,447,495.3614101409912,97.04861111111111,170,87211.158203125,60.79861111111112,2258,6881.960147857666,2875,2418.525148530471,549.8017749419355,1864.5787593358111,1039.7209376598262,0,5760,1.0,False,faults,t_in_stuck/sup,t_in_stuck,True,12,2020,regen-v2,637c6b535a9e,unknown,greenhouse-regen:v1,1900.0,28.6
5760,5.087718876602269,13.614942775190611,8.527223898588346,3.933599887810751,4.493731702434006,0.0998923083435869,553107.0502421187,43.70666542011946,0.33297436114529,14.979105674780024,54.28819444444445,2633,5388.556599617004,84.32291666666667,903,404587.6118164063,48.31597222222222,2977,7492.589218139648,6513,1344.8204743868769,11.481874563804276,3328.6901496772543,1614.536751775957,0,5760,1.0,False,faults,t_in_offset/raw,t_in_offset,False,12,2020,regen-v2,637c6b535a9e,unknown,greenhouse-regen:v1,1900.0,89.0
5760,4.151329499367096,18.52597232804662,14.374642828679525,7.074186060362214,2.5171813263839806,4.7832754419333305,752617.625826894,78.60206733735794,15.944251473111102,8.390604421279935,92.23958333333331,447,495.3614101409912,97.04861111111111,170,87211.158203125,60.79861111111112,2258,6881.960147857666,2875,2418.525148530471,549.8017749419355,1864.5787593358111,1039.7209376598262,0,5760,1.0,False,faults,t_in_offset/sup,t_in_offset,True,12,2020,regen-v2,637c6b535a9e,unknown,greenhouse-regen:v1,1900.0,30.2
5760,1.974872117417101,17.407402054104097,15.432529936686995,2.551382711092075,4.194413113153139,8.686734112441782,707175.708447979,28.348696789911944,28.95578037480594,13.981377043843798,64.18402777777777,2063,2039.679388999939,51.00694444444444,2822,8154723.193115234,30.39930555555556,4009,27705.79958724976,8894,872.2675933508509,998.4751850790548,3106.972676305745,845.8820879254893,0,5760,1.0,False,faults,rh_offset/raw,rh_offset,False,12,2020,regen-v2,637c6b535a9e,unknown,greenhouse-regen:v1,1900.0,89.5
5760,4.151329499367096,18.52597232804662,14.374642828679525,7.074186060362214,2.5171813263839806,4.7832754419333305,752617.625826894,78.60206733735794,15.944251473111102,8.390604421279935,92.23958333333331,447,495.3614101409912,97.04861111111111,170,87211.158203125,60.79861111111112,2258,6881.960147857666,2875,2418.525148530471,549.8017749419355,1864.5787593358111,1039.7209376598262,0,5760,1.0,False,faults,rh_offset/sup,rh_offset,True,12,2020,regen-v2,637c6b535a9e,unknown,greenhouse-regen:v1,1900.0,28.7
5760,-18.41826411628245,3.5953034106678627,22.01356752695032,6.451672048626538,2.8865867999333004,12.67530867839048,146059.20105838194,71.68524498473931,42.25102892796826,9.621955999777668,62.39583333333333,2166,13903.22438812256,28.55902777777778,4115,31442757.92272949,64.14930555555556,2065,8043.102005004883,8346,2205.6998453904525,1456.9320319939436,2138.212444776023,459.3701549839706,0,5760,1.0,False,faults,uVent_dead/raw,uVent_dead,False,12,2020,regen-v2,637c6b535a9e,unknown,greenhouse-regen:v1,1900.0,104.8
5760,-0.2422537866712556,9.977217449175985,10.21947123584724,4.357530651926833,1.2144475934902137,4.647492990430195,405324.4588727744,48.41700724363148,15.491643301433983,4.048158644967379,80.06944444444444,1148,6354.963711738586,95.1215277777778,281,96639.404296875,39.826388888888886,3466,13584.738456726074,4895,1489.7540682603596,534.1945966109855,899.5908098167033,385.68486520391167,0,5760,1.0,False,faults,uVent_dead/sup,uVent_dead,True,12,2020,regen-v2,637c6b535a9e,unknown,greenhouse-regen:v1,1900.0,28.5
5760,-3.9201929772116033,13.6240456570409,17.544238634252505,13.327929277045392,4.11884975089451,0.0974596063126004,553476.8548172866,148.08810307828213,0.3248653543753348,13.729499169648369,88.22916666666667,678,732.1687688827515,81.52777777777777,1064,1001409.932861328,58.03819444444444,2417,9981.759227752686,4159,4556.557017428137,11.202253644871,3050.9998150212323,1324.295094522472,0,5760,1.0,False,faults,uBoil_stuck/raw,uBoil_stuck,False,12,2020,regen-v2,637c6b535a9e,unknown,greenhouse-regen:v1,1900.0,89.2
5760,-4.177874160188195,16.54760612580669,20.725480285994884,13.775771336393833,2.4924548715191874,4.457254078081864,672246.4988608968,153.0641259599315,14.857513593606212,8.308182905063958,93.00347222222224,403,414.6534090042114,97.04861111111111,170,87211.158203125,70.71180555555556,1687,8479.85766029358,2260,4709.665414000853,512.3280549052714,1846.2628670993115,1305.0084825344827,0,5760,1.0,False,faults,uBoil_stuck/sup,uBoil_stuck,True,12,2020,regen-v2,637c6b535a9e,unknown,greenhouse-regen:v1,1900.0,28.3
5760,4.824810051168116,14.464960371897613,9.640150320729491,4.93641943760926,4.606271276807633,0.0974596063126004,587639.0151083404,54.84910486232511,0.3248653543753348,15.354237589358778,67.43055555555556,1876,1833.4898519515991,78.33333333333333,1248,986692.2181396484,61.63194444444444,2210,4539.918365478516,5334,1687.6647650942314,11.202253644871,3412.052798951806,1427.4564085387392,0,5760,1.0,False,faults,uLamp_dead/raw,uLamp_dead,False,12,2020,regen-v2,637c6b535a9e,unknown,greenhouse-regen:v1,1900.0,89.4
5760,6.1066417111641655,17.49466417683148,11.388022465667314,7.161611935192331,2.462035045501138,1.764375484973844,710720.7321837789,79.57346594658146,5.881251616579481,8.206783485003795,92.5,432,476.0961666107178,97.04861111111111,170,87211.158203125,61.927083333333336,2193,6689.918846130371,2795,2448.414336552157,202.80177987101823,1823.7296631641211,1006.294634060714,0,5760,1.0,False,faults,uLamp_dead/sup,uLamp_dead,True,12,2020,regen-v2,637c6b535a9e,unknown,greenhouse-regen:v1,1900.0,29.7
5760,3.608312793716382,13.998601789726855,10.390288996010474,4.62059879572964,4.478087691677636,1.291602508603198,568693.1977076535,51.33998661921822,4.305341695343993,14.926958972258788,65.92013888888889,1963,1730.6069021224976,66.80555555555556,1912,2531438.4252929688,50.65972222222223,2842,5973.129676818848,6717,1579.6918953870745,148.46005891562373,3317.101993274888,1397.938877286159,0,5760,1.0,False,faults,nofault,none,False,13,2020,regen-v2,637c6b535a9e,unknown,greenhouse-regen:v1,,
5760,2.862067395342954,9.596909082245888,6.734841686902931,1.9587945861662288,4.328935405102792,0.4471116956339103,389874.4314662391,21.76438429073588,1.490372318779701,14.429784683675972,48.24652777777778,2981,11342.349551677704,61.458333333333336,2220,4299389.830932617,28.663194444444446,4109,21192.54504776001,9310,669.6733631580366,51.39214921038391,3206.618817544883,1250.0746626841226,0,5760,1.0,False,faults,t_in_stuck/raw,t_in_stuck,False,13,2020,regen-v2,637c6b535a9e,unknown,greenhouse-regen:v1,1900.0,89.0
5760,4.548423558929881,18.804148833137884,14.255725274208,7.3036336269491855,2.170411287819263,4.781680359439552,763918.5463462265,81.15148474387985,15.938934531465172,7.234704292730878,95.26041666666669,273,405.61765575408936,99.67013888888889,19,34581.59997558594,61.82291666666667,2199,6869.84271812439,2491,2496.968760278724,549.6184321117523,1607.71206442507,960.319438170611,0,5760,1.0,False,faults,t_in_stuck/sup,t_in_stuck,True,13,2020,regen-v2,637c6b535a9e,unknown,greenhouse-regen:v1,1900.0,21.1
5760,3.165915430623476,11.952998987446817,8.787083556823342,3.5909188495539253,4.630452472623047,0.5657122346463703,485590.5838650269,39.89909832837695,1.8857074488212344,15.434841575410156,50.41666666666666,2856,6800.282519340515,69.82638888888889,1738,1785098.7115478516,44.6875,3186,7841.448608398437,7780,1227.66456483068,65.02439503537086,3429.964793772976,1559.7497481992978,0,5760,1.0,False,faults,t_in_offset/raw,t_in_offset,False,13,2020,regen-v2,637c6b535a9e,unknown,greenhouse-regen:v1,1900.0,89.5
5760,4.548423558929881,18.804148833137884,14.255725274208,7.3036336269491855,2.170411287819263,4.781680359439552,763918.5463462265,81.15148474387985,15.938934531465172,7.234704292730878,95.26041666666669,273,405.61765575408936,99.67013888888889,19,34581.59997558594,61.82291666666667,2199,6869.84271812439,2491,2496.968760278724,549.6184321117523,1607.71206442507,960.319438170611,0,5760,1.0,False,faults,t_in_offset/sup,t_in_offset,True,13,2020,regen-v2,637c6b535a9e,unknown,greenhouse-regen:v1,1900.0,20.7
5760,3.020900269575154,18.070384905079173,15.049484635504015,2.480311909200146,4.011637590218241,8.55753513608563,734109.3867688413,27.55902121333496,28.525117120285437,13.37212530072747,61.47569444444444,2219,2894.5075302124023,55.59027777777777,2558,6595776.545288086,27.899305555555557,4153,25802.698852539062,8930,847.9698839024315,983.624728130102,2971.583399041167,908.972874786722,0,5760,1.0,False,faults,rh_offset/raw,rh_offset,False,13,2020,regen-v2,637c6b535a9e,unknown,greenhouse-regen:v1,1900.0,91.0
5760,4.548423558929881,18.804148833137884,14.255725274208,7.3036336269491855,2.170411287819263,4.781680359439552,763918.5463462265,81.15148474387985,15.938934531465172,7.234704292730878,95.26041666666669,273,405.61765575408936,99.67013888888889,19,34581.59997558594,61.82291666666667,2199,6869.84271812439,2491,2496.968760278724,549.6184321117523,1607.71206442507,960.319438170611,0,5760,1.0,False,faults,rh_offset/sup,rh_offset,True,13,2020,regen-v2,637c6b535a9e,unknown,greenhouse-regen:v1,1900.0,21.3
5760,-25.47261058241168,1.9416047611146805,27.41421534352636,7.323718146928602,3.192974744666873,16.897522451930882,78877.6934202839,81.37464607698448,56.32507483976961,10.64324914888958,57.86458333333333,2427,17533.665578842163,22.5,4464,38712650.83679199,64.23611111111111,2060,6450.498241424561,8951,2503.835264409949,1942.243960038112,2365.166476217655,440.7001586329609,0,5760,1.0,False,faults,uVent_dead/raw,uVent_dead,False,13,2020,regen-v2,637c6b535a9e,unknown,greenhouse-regen:v1,1900.0,110.2
5760,0.1478867232350792,10.218277649291258,10.070390926056175,4.5592406159629055,0.8668798092300434,4.644270500863229,415117.5295024573,50.658229066254506,15.480901669544096,2.8895993641001447,82.88194444444444,986,6284.344666481018,97.36111111111111,152,46450.32275390625,41.04166666666666,3396,13558.902309417725,4534,1558.7147393177383,533.8241955305157,642.1331921087499,311.1869943247221,0,5760,1.0,False,faults,uVent_dead/sup,uVent_dead,True,13,2020,regen-v2,637c6b535a9e,unknown,greenhouse-regen:v1,1900.0,20.5
5760,-10.287497374544005,10.643188086504493,20.93068546104849,13.248421954768617,4.09204354412743,3.590219962152445,432379.5160142449,147.20468838631797,11.967399873841485,13.640145147091433,83.57638888888889,946,3529.399865150452,65.48611111111111,1988,7532696.651611328,54.02777777777777,2648,11930.277305603027,5582,4529.375027630325,412.6689614739703,3031.1433656139425,1163.5369349567136,0,5760,1.0,False,faults,uBoil_stuck/raw,uBoil_stuck,False,13,2020,regen-v2,637c6b535a9e,unknown,greenhouse-regen:v1,1900.0,92.0
5760,-3.793696571613287,16.809933863764428,20.60363043537772,13.979420794821271,2.1439994158822944,4.480210224674148,682903.56321543,155.32689772023636,14.93403408224716,7.1466647196076485,95.78125,243,345.19881534576416,99.67013888888889,19,34581.59997558594,71.84027777777777,1622,8475.044523239136,1884,4779.289159901185,514.9666924134415,1588.1477156179744,1231.3885822600532,0,5760,1.0,False,faults,uBoil_stuck/sup,uBoil_stuck,True,13,2020,regen-v2,637c6b535a9e,unknown,greenhouse-regen:v1,1900.0,22.0
5760,4.027219882424656,13.612752739925025,9.585532857500368,4.595240820171523,4.543180341694935,0.4471116956339103,553018.0800594541,51.05823133523915,1.490372318779701,15.14393447231645,63.55902777777778,2099,1934.954747200012,66.37152777777777,1937,2916421.528076172,56.40625,2511,5251.116558074951,6547,1571.0225025862385,51.39214921038391,3365.318771041388,1389.624374573372,0,5760,1.0,False,faults,uLamp_dead/raw,uLamp_dead,False,13,2020,regen-v2,637c6b535a9e,unknown,greenhouse-regen:v1,1900.0,89.9
5760,6.525840152797487,17.769003204110305,11.243163051312816,7.371468078997261,2.1089108538315964,1.7627841184839603,721865.7551669811,81.90520087774735,5.875947061613202,7.029702846105321,95.24305555555556,274,385.2408742904663,99.67013888888889,19,34581.59997558594,63.07291666666666,2127,6638.277183532715,2420,2520.160026322474,202.618864180818,1562.1561870032888,927.4062306397108,0,5760,1.0,False,faults,uLamp_dead/sup,uLamp_dead,True,13,2020,regen-v2,637c6b535a9e,unknown,greenhouse-regen:v1,1900.0,21.1
5760,3.1341895942399245,14.095556986726454,10.96136739248653,4.766258076969297,5.542777562877957,0.6523317526392751,572632.0025857622,52.95842307743664,2.1744391754642507,18.47592520959319,61.80555555555556,2200,2068.195960998535,56.97916666666667,2478,2523545.009887696,60.24305555555556,2290,4381.536136627197,6968,1629.489940034357,74.98066113495197,4105.761157592609,1422.7489124690787,0,5760,1.0,False,faults,nofault,none,False,14,2020,regen-v2,637c6b535a9e,unknown,greenhouse-regen:v1,,
5760,2.29559695457692,9.601767023423292,7.30617006884637,2.0058923008243865,5.059006954976284,0.241270813045701,390071.7853265712,22.287692231382074,0.8042360434856703,16.863356516587615,47.013888888888886,3052,11587.676461935043,54.47916666666666,2622,4424433.942749023,33.732638888888886,3817,20051.70322036743,9491,685.7751449188071,27.73227740297126,3747.412558383389,1231.0826846836712,0,5760,1.0,False,faults,t_in_stuck/raw,t_in_stuck,False,14,2020,regen-v2,637c6b535a9e,unknown,greenhouse-regen:v1,1900.0,80.2
5760,4.343367546611356,18.65675374293073,14.313386196319373,7.2380789397714915,2.31372196583185,4.761585290716029,757930.6208065609,80.42309933079436,15.871950969053431,7.712406552772834,93.88888888888889,352,469.68235778808594,97.8472222222222,124,121993.49060058594,61.82291666666667,2199,6809.281274795532,2675,2474.556900739926,547.3086540717686,1713.8681223098126,976.9862660750964,0,5760,1.0,False,faults,t_in_stuck/sup,t_in_stuck,True,14,2020,regen-v2,637c6b535a9e,unknown,greenhouse-regen:v1,1900.0,20.8
5760,2.200566656338909,11.939877834121624,9.739311177782715,3.6565959609410807,5.801087424145603,0.2816277926960334,485057.537011191,40.62884401045645,0.938759308986778,19.336958080485346,48.05555555555556,2992,7400.960246086121,61.09375,2241,2013394.4819335935,52.77777777777778,2720,6140.020771026611,7953,1250.1182769385853,32.3710106889039,4297.101795816434,1547.3571672108471,0,5760,1.0,False,faults,t_in_offset/raw,t_in_offset,False,14,2020,regen-v2,637c6b535a9e,unknown,greenhouse-regen:v1,1900.0,80.8
5760,4.343367546611356,18.65675374293073,14.313386196319373,7.2380789397714915,2.31372196583185,4.761585290716029,757930.6208065609,80.42309933079436,15.871950969053431,7.712406552772834,93.88888888888889,352,469.68235778808594,97.8472222222222,124,121993.49060058594,61.82291666666667,2199,6809.281274795532,2675,2474.556900739926,547.3086540717686,1713.8681223098126,976.9862660750964,0,5760,1.0,False,faults,t_in_offset/sup,t_in_offset,True,14,2020,regen-v2,637c6b535a9e,unknown,greenhouse-regen:v1,1900.0,21.3
5760,3.387480858221981,17.267063970198056,13.879583111976071,2.3735684807314827,4.330124729293985,7.175889901950606,701474.473789296,26.372983119238697,23.91963300650202,14.433749097646617,56.00694444444444,2534,4075.1275215148926,49.32291666666666,2919,5767676.210449219,31.579861111111114,3941,25591.619632720947,9394,811.4764028679048,824.8149309502019,3207.4997992827607,920.1512159423812,0,5760,1.0,False,faults,rh_offset/raw,rh_offset,False,14,2020,regen-v2,637c6b535a9e,unknown,greenhouse-regen:v1,1900.0,80.6
5760,4.343367546611356,18.65675374293073,14.313386196319373,7.2380789397714915,2.31372196583185,4.761585290716029,757930.6208065609,80.42309933079436,15.871950969053431,7.712406552772834,93.88888888888889,352,469.68235778808594,97.8472222222222,124,121993.49060058594,61.82291666666667,2199,6809.281274795532,2675,2474.556900739926,547.3086540717686,1713.8681223098126,976.9862660750964,0,5760,1.0,False,faults,rh_offset/sup,rh_offset,True,14,2020,regen-v2,637c6b535a9e,unknown,greenhouse-regen:v1,1900.0,21.4
5760,-16.331020602524674,3.81816062089136,20.149181223416036,5.8874982922950165,3.342050281415891,10.919632649705129,155112.77522371148,65.41664769216685,36.39877549901709,11.140167604719638,61.97916666666666,2190,13395.080837249756,18.40277777777778,4700,31781707.84423828,56.05902777777778,2531,8026.406845092773,9421,2012.8199286170384,1255.1301894998223,2475.5928015702407,451.8116367518641,0,5760,1.0,False,faults,uVent_dead/raw,uVent_dead,False,14,2020,regen-v2,637c6b535a9e,unknown,greenhouse-regen:v1,1900.0,91.5
5760,-0.0647852142856171,10.087623813768504,10.15240902805412,4.51986423975179,1.0074130369089445,4.625131751393388,409809.7174343455,50.22071377501989,15.41710583797796,3.3580434563631485,81.52777777777777,1064,6344.083076477051,95.7465277777778,245,132445.8758544922,41.40625,3375,13482.885082244871,4684,1545.2527308241322,531.6243391741602,746.23187854859,323.9633288300363,0,5760,1.0,False,faults,uVent_dead/sup,uVent_dead,True,14,2020,regen-v2,637c6b535a9e,unknown,greenhouse-regen:v1,1900.0,20.4
5760,-6.450086187093193,12.637258880522255,19.08734506761545,13.291370308935608,4.798014105981958,0.9979606526978816,513388.6420212167,147.68189232150675,3.326535508992939,15.993380353273192,85.71180555555556,823,1716.517915725708,65.43402777777779,1991,3590201.796020508,58.47222222222223,2392,10678.31262397766,5206,4544.0582246502645,114.70812101967704,3554.0845227238333,1208.779277108797,0,5760,1.0,False,faults,uBoil_stuck/raw,uBoil_stuck,False,14,2020,regen-v2,637c6b535a9e,unknown,greenhouse-regen:v1,1900.0,82.3
5760,-3.990844023409093,16.65874889779449,20.649592921203585,13.93904805952146,2.2846423100391924,4.425902551642928,676761.6739729012,154.87831177246068,14.753008505476426,7.615474366797308,94.42708333333331,321,403.8730278015137,97.8472222222222,124,121993.49060058594,72.22222222222221,1600,8376.984279632568,2045,4765.486515758344,508.7244310572896,1692.327635465791,1243.0353458354548,0,5760,1.0,False,faults,uBoil_stuck/sup,uBoil_stuck,True,14,2020,regen-v2,637c6b535a9e,unknown,greenhouse-regen:v1,1900.0,20.6
5760,3.375325724008692,13.885685818158986,10.510360094150297,4.730474564397435,5.53861471670716,0.241270813045701,564105.9863627088,52.56082849330483,0.8042360434856703,18.46204905569053,60.0,2304,2297.549489974976,56.96180555555556,2479,2623615.3298339844,63.85416666666666,2082,4019.9066162109375,6865,1617.2562607326772,27.73227740297126,4102.677566547941,1420.7606982630382,0,5760,1.0,False,faults,uLamp_dead/raw,uLamp_dead,False,14,2020,regen-v2,637c6b535a9e,unknown,greenhouse-regen:v1,1900.0,81.3
5760,6.292380522472321,17.621841793582277,11.329461271109958,7.3317186270172865,2.2550572009198806,1.7426854431727898,715887.3228642801,81.46354030019208,5.808951477242633,7.516857336399602,94.07986111111111,341,459.2546720504761,97.8472222222222,124,121993.49060058594,63.29861111111112,2114,6589.341125488281,2579,2506.5704702367234,200.3086715858617,1670.4127414026534,939.9843433410324,0,5760,1.0,False,faults,uLamp_dead/sup,uLamp_dead,True,14,2020,regen-v2,637c6b535a9e,unknown,greenhouse-regen:v1,1900.0,21.6
5760,-2.7047293963437844,13.308396029909709,16.013125426253488,5.381682289720031,5.287799306278663,5.3436438302547975,540653.5887150818,59.79646988577812,17.812146100849326,17.625997687595543,73.59375,1521,4621.801076889038,46.16319444444444,3101,8235053.060302734,49.114583333333336,2931,7966.261245727539,7553,1839.891381970516,614.2119347378709,3916.8883755544034,1043.6481613619244,0,5760,1.0,False,faults,nofault,none,False,15,2020,regen-v2,637c6b535a9e,unknown,greenhouse-regen:v1,,
5760,5.2649601003106055,12.79470550734606,7.529745407035454,2.049718711305893,4.978596385424636,0.5014303103049257,519784.91123593366,22.77465234784325,1.6714343676830856,16.59532128474879,50.59027777777778,2846,10753.13178539276,51.05902777777778,2819,5584078.004394531,32.63888888888889,3880,20424.992210388184,9545,700.758533752951,57.63566784943031,3687.849174006813,1069.9833854248002,0,5760,1.0,False,faults,t_in_stuck/raw,t_in_stuck,False,15,2020,regen-v2,637c6b535a9e,unknown,greenhouse-regen:v1,1900.0,80.4
5760,4.586699800809617,18.38418173513956,13.797481934329944,6.772720685144334,3.149227943094121,3.875533306091489,746857.3829900447,75.25245205715926,12.918444353638296,10.497426476980404,89.77430555555556,589,526.5426616668701,88.66319444444444,653,636301.5498046875,59.02777777777778,2360,7028.531270980835,3602,2315.460063728439,445.46359833516135,2332.7614395420014,1042.6025052244904,0,5760,1.0,False,faults,t_in_stuck/sup,t_in_stuck,True,15,2020,regen-v2,637c6b535a9e,unknown,greenhouse-regen:v1,1900.0,32.4
5760,4.7288518830157855,15.234951131988474,10.506099248972689,3.7219222168630175,6.1094827527332285,0.6746942793764433,618919.8897370318,41.35469129847797,2.248980931254811,20.36494250911076,52.69097222222222,2725,5994.975113868713,58.14236111111111,2411,2348323.6384277344,45.53819444444444,3137,7310.203647613525,8273,1272.452038955836,77.55106661007719,4525.542780505706,1360.438787168121,0,5760,1.0,False,faults,t_in_offset/raw,t_in_offset,False,15,2020,regen-v2,637c6b535a9e,unknown,greenhouse-regen:v1,1900.0,79.0
5760,4.586699800809617,18.38418173513956,13.797481934329944,6.772720685144334,3.149227943094121,3.875533306091489,746857.3829900447,75.25245205715926,12.918444353638296,10.497426476980404,89.77430555555556,589,526.5426616668701,88.66319444444444,653,636301.5498046875,59.02777777777778,2360,7028.531270980835,3602,2315.460063728439,445.46359833516135,2332.7614395420014,1042.6025052244904,0,5760,1.0,False,faults,t_in_offset/sup,t_in_offset,True,15,2020,regen-v2,637c6b535a9e,unknown,greenhouse-regen:v1,1900.0,33.0
5760,-10.63212861370985,12.365104473746456,22.997233087456305,4.286535646388888,3.831042589748423,14.879654851318994,502332.3692459498,47.62817384876542,49.59884950439665,12.770141965828078,68.92361111111111,1790,8039.557926177978,33.697916666666664,3819,15039644.57421875,31.822916666666668,3927,22747.59546661377,9536,1465.4822725562276,1710.3051554531903,2837.8093262019584,601.8851418581214,0,5760,1.0,False,faults,rh_offset/raw,rh_offset,False,15,2020,regen-v2,637c6b535a9e,unknown,greenhouse-regen:v1,1900.0,86.8
5760,4.586699800809617,18.38418173513956,13.797481934329944,6.772720685144334,3.149227943094121,3.875533306091489,746857.3829900447,75.25245205715926,12.918444353638296,10.497426476980404,89.77430555555556,589,526.5426616668701,88.66319444444444,653,636301.5498046875,59.02777777777778,2360,7028.531270980835,3602,2315.460063728439,445.46359833516135,2332.7614395420014,1042.6025052244904,0,5760,1.0,False,faults,rh_offset/sup,rh_offset,True,15,2020,regen-v2,637c6b535a9e,unknown,greenhouse-regen:v1,1900.0,32.8
5760,-23.79173839173649,3.0673990631390544,26.859137454875544,7.30027292739822,3.014078213081198,16.544786314396127,124613.08694002408,81.114143637758,55.14928771465376,10.046927376937328,61.84027777777777,2198,17666.25513267517,17.8125,4734,24668560.89465332,62.88194444444445,2138,7259.908267974853,9070,2495.819803839682,1901.699576354743,2232.650528809665,384.4088360448941,0,5760,1.0,False,faults,uVent_dead/raw,uVent_dead,False,15,2020,regen-v2,637c6b535a9e,unknown,greenhouse-regen:v1,1900.0,97.8
5760,0.2031488191320135,9.85922133349969,9.656072514367674,4.060397643587162,1.8469810007707204,3.748693870009793,400530.8666734248,45.1155293731907,12.495646233365976,6.1566033359024015,77.51736111111111,1295,6400.006114959717,86.875,756,644696.5256347656,38.10763888888889,3565,13756.632926940918,5616,1388.1701343885225,430.8843526871624,1368.1340748875325,387.9757041959571,0,5760,1.0,False,faults,uVent_dead/sup,uVent_dead,True,15,2020,regen-v2,637c6b535a9e,unknown,greenhouse-regen:v1,1900.0,31.9
5760,-16.826666354186123,8.112893253862588,24.93955960804871,13.280790791261245,4.235112926414673,7.423655890372789,329586.28843816766,147.56434212512494,24.745519634575963,14.117043088048913,78.40277777777777,1244,8989.876046180725,56.04166666666666,2532,10324411.981323242,52.77777777777778,2720,19018.811990737915,6496,4540.441296114257,853.29378050612,3137.1206862991826,1011.2439345654518,0,5760,1.0,False,faults,uBoil_stuck/raw,uBoil_stuck,False,15,2020,regen-v2,637c6b535a9e,unknown,greenhouse-regen:v1,1900.0,89.8
5760,-3.751284047509413,16.41840763387985,20.16969168138926,13.472218061489166,3.1245049814217083,3.5729686384783834,666997.8101263688,149.69131179432406,11.909895461594612,10.415016604739028,90.4340277777778,551,464.9155244827271,88.66319444444444,653,636301.5498046875,69.09722222222221,1780,8612.111848831177,2984,4605.886516800894,410.6860502504639,2314.448134437608,1305.490637966295,0,5760,1.0,False,faults,uBoil_stuck/sup,uBoil_stuck,True,15,2020,regen-v2,637c6b535a9e,unknown,greenhouse-regen:v1,1900.0,32.6
5760,0.946041030343442,12.14071394214611,11.19467291180267,5.613783218389753,5.079459383107991,0.5014303103049257,493216.5038996858,62.37536909321948,1.6714343676830856,16.931531277026636,69.0625,1782,5025.55387878418,43.62847222222222,3247,10595100.98010254,58.24652777777778,2405,6535.550029754639,7434,1919.2421262062555,57.63566784943031,3762.562506674613,976.5957579226656,0,5760,1.0,False,faults,uLamp_dead/raw,uLamp_dead,False,15,2020,regen-v2,637c6b535a9e,unknown,greenhouse-regen:v1,1900.0,85.9
5760,6.514221416647428,17.34573175125332,10.831510334605891,6.873590113573086,3.0925854717315504,0.8653347493012566,704670.3523946662,76.3732234841454,2.8844491643375223,10.308618239105169,89.96527777777777,578,525.9903593063354,88.66319444444444,653,636301.5498046875,60.01736111111112,2303,6859.042499542236,3534,2349.94533748147,99.4637642386707,2290.8040535320524,1008.2189939883866,0,5760,1.0,False,faults,uLamp_dead/sup,uLamp_dead,True,15,2020,regen-v2,637c6b535a9e,unknown,greenhouse-regen:v1,1900.0,32.8
5760,3.1580303701046835,13.121051947411562,9.96302157730688,5.038704543182168,4.844434423973219,0.0798826101514919,533042.7353635947,55.98560603535742,0.2662753671716399,16.1481147465774,57.04861111111112,2474,2935.7209854125977,79.28819444444444,1193,503280.2764892578,81.54513888888889,1063,2069.219223022461,4730,1722.6340325651274,9.181909236163872,3588.4699451433216,1510.8670102600022,0,5760,1.0,False,faults,nofault,none,False,16,2020,regen-v2,637c6b535a9e,unknown,greenhouse-regen:v1,,
5760,2.2602896390807583,8.923094586237317,6.662804947156558,2.1237705910357043,4.484536800305564,0.0544975558152908,362500.717565891,23.597451011507825,0.1816585193843028,14.948456001018544,44.82638888888889,3178,12429.709300994871,77.53472222222221,1294,758426.2193603516,43.125,3276,16765.98387145996,7748,726.0754157832462,6.264086919137153,3321.8791113432653,1412.719018977304,0,5760,1.0,False,faults,t_in_stuck/raw,t_in_stuck,False,16,2020,regen-v2,637c6b535a9e,unknown,greenhouse-regen:v1,1900.0,78.7
5760,4.444263383547177,18.65519586141772,14.210932477870545,7.265189215102085,2.187191918372589,4.758551344395869,757867.3318700949,80.7243246122454,15.861837814652898,7.29063972790863,93.95833333333331,348,484.4840564727783,99.8090277777778,11,997.1240234375,62.81250000000001,2142,6756.774349212647,2501,2483.825371714289,546.9599246135274,1620.1421611581093,980.8530183893292,0,5760,1.0,False,faults,t_in_stuck/sup,t_in_stuck,True,16,2020,regen-v2,637c6b535a9e,unknown,greenhouse-regen:v1,1900.0,20.4
5760,3.0148049929644105,11.937731416026637,8.922926423062227,3.9595201561769615,4.908908711069975,0.0544975558152908,484970.33877608215,43.99466840196625,0.1816585193843028,16.363029036899917,46.66666666666666,3072,7451.243279457092,82.62152777777779,1001,411960.8305664063,65.48611111111111,1988,4420.567840576172,6061,1353.68210434485,6.264086919137153,3636.22867449201,1683.7558501575843,0,5760,1.0,False,faults,t_in_offset/raw,t_in_offset,False,16,2020,regen-v2,637c6b535a9e,unknown,greenhouse-regen:v1,1900.0,78.9
5760,4.444263383547177,18.65519586141772,14.210932477870545,7.265189215102085,2.187191918372589,4.758551344395869,757867.3318700949,80.7243246122454,15.861837814652898,7.29063972790863,93.95833333333331,348,484.4840564727783,99.8090277777778,11,997.1240234375,62.81250000000001,2142,6756.774349212647,2501,2483.825371714289,546.9599246135274,1620.1421611581093,980.8530183893292,0,5760,1.0,False,faults,t_in_offset/sup,t_in_offset,True,16,2020,regen-v2,637c6b535a9e,unknown,greenhouse-regen:v1,1900.0,20.2
5760,3.95212586063756,15.306942269301562,11.354816408664,2.4395234486843167,3.746505377183227,5.168787582796456,621844.5296903759,27.105816096492408,17.229291942654857,12.488351257277424,53.732638888888886,2665,5283.518465995789,68.31597222222221,1825,2592039.4757385254,40.24305555555556,3442,25293.03168487549,7932,834.0251106499792,594.1135153450023,2775.1891689070217,936.868833883042,0,5760,1.0,False,faults,rh_offset/raw,rh_offset,False,16,2020,regen-v2,637c6b535a9e,unknown,greenhouse-regen:v1,1900.0,78.2
5760,4.444263383547177,18.65519586141772,14.210932477870545,7.265189215102085,2.187191918372589,4.758551344395869,757867.3318700949,80.7243246122454,15.861837814652898,7.29063972790863,93.95833333333331,348,484.4840564727783,99.8090277777778,11,997.1240234375,62.81250000000001,2142,6756.774349212647,2501,2483.825371714289,546.9599246135274,1620.1421611581093,980.8530183893292,0,5760,1.0,False,faults,rh_offset/sup,rh_offset,True,16,2020,regen-v2,637c6b535a9e,unknown,greenhouse-regen:v1,1900.0,20.0
5760,-9.037024243538948,4.606818271106127,13.643842514645074,4.953761860972085,2.429553302216884,6.260527351456106,187151.9922636864,55.04179845524539,20.868424504853685,8.098511007389611,61.51041666666666,2217,12317.431794166563,34.53125,3771,15977646.853881836,56.90972222222223,2482,9606.258171081545,8470,1693.5937989627687,719.600844972774,1799.6691129088638,475.51288355546353,0,5760,1.0,False,faults,uVent_dead/raw,uVent_dead,False,16,2020,regen-v2,637c6b535a9e,unknown,greenhouse-regen:v1,1900.0,81.8
5760,0.0296535528942575,10.08855232048094,10.058898767586683,4.545437605091623,0.8898829877497018,4.623578174745359,409847.43801953824,50.50486227879581,15.411927249151196,2.9662766258323394,81.49305555555556,1066,6361.087454795837,97.70833333333331,132,11467.394409179688,42.25694444444444,3326,13420.458885192871,4524,1553.99576134695,531.4457671566765,659.1725831443739,328.8216239701793,0,5760,1.0,False,faults,uVent_dead/sup,uVent_dead,True,16,2020,regen-v2,637c6b535a9e,unknown,greenhouse-regen:v1,1900.0,19.6
5760,-4.647468377663211,12.371376808135938,17.01884518579915,13.40944757747632,3.554900052507538,0.0544975558152908,502587.18283052254,148.99386197195912,0.1816585193843028,11.849666841691793,84.07986111111111,917,1443.1050939559937,90.38194444444444,554,309733.66455078125,68.40277777777779,1820,8050.071491241455,3291,4584.426522265809,6.264086919137153,2633.259297961944,1378.8966106826604,0,5760,1.0,False,faults,uBoil_stuck/raw,uBoil_stuck,False,16,2020,regen-v2,637c6b535a9e,unknown,greenhouse-regen:v1,1900.0,77.7
5760,-3.921258745516654,16.671324226954443,20.5925829724711,13.965231454116331,2.168341392368897,4.459010125985868,677272.5467200243,155.16923837907035,14.863367086619562,7.227804641229658,94.42708333333331,321,421.62618350982666,99.8090277777778,11,997.1240234375,73.10763888888889,1549,8320.367448806763,1881,4774.43810310449,512.5298995039512,1606.178807756094,1248.0491060725635,0,5760,1.0,False,faults,uBoil_stuck/sup,uBoil_stuck,True,16,2020,regen-v2,637c6b535a9e,unknown,greenhouse-regen:v1,1900.0,20.1
5760,3.1791874960132573,13.111880439951175,9.93269294393792,5.032867101181845,4.845328286940783,0.0544975558152908,532670.1428730165,55.92074556868717,0.1816585193843028,16.15109428980261,57.03125,2475,2947.6246461868286,79.28819444444444,1193,503974.0229492188,81.75347222222223,1051,2063.570529937744,4719,1720.6383252496407,6.264086919137153,3589.132064441652,1509.6018648421823,0,5760,1.0,False,faults,uLamp_dead/raw,uLamp_dead,False,16,2020,regen-v2,637c6b535a9e,unknown,greenhouse-regen:v1,1900.0,78.0
5760,6.398227033909843,17.619431265157104,11.221204231247263,7.348338638581303,2.1308884146037648,1.7419771780621942,715789.3951470074,81.64820709534781,5.806590593540648,7.102961382012549,93.88888888888889,352,485.1122798919678,99.8090277777778,11,997.1240234375,64.16666666666667,2064,6532.061506271362,2427,2512.2525251029647,200.2272618398108,1578.4358620237772,946.0489718821505,0,5760,1.0,False,faults,uLamp_dead/sup,uLamp_dead,True,16,2020,regen-v2,637c6b535a9e,unknown,greenhouse-regen:v1,1900.0,20.2
5760,5.333372257553274,16.8804747269641,11.547102469410824,5.119737596276929,5.831385782893479,0.5959790902404163,685769.2857829165,56.88597329196588,1.9865969674680544,19.43795260964493,71.82291666666667,1623,1000.392095565796,56.47569444444444,2507,2542116.9580078125,58.71527777777777,2378,4706.308364868164,6508,1750.3376378109974,68.50334389031396,4319.545024300276,1299.4540095927478,0,5760,1.0,False,faults,nofault,none,False,17,2020,regen-v2,637c6b535a9e,unknown,greenhouse-regen:v1,,
5760,4.877130872923872,12.473739000333754,7.596608127409882,2.162729655647316,5.264201853492583,0.1696766182699825,506745.6468885588,24.0303295071924,0.5655887275666085,17.547339511641944,52.23958333333333,2751,9314.902049064636,44.56597222222222,3193,6696686.207763672,31.354166666666668,3954,23113.100986480717,9898,739.3947532911368,19.503059587598,3899.408780476012,999.6003245392668,0,5760,1.0,False,faults,t_in_stuck/raw,t_in_stuck,False,17,2020,regen-v2,637c6b535a9e,unknown,greenhouse-regen:v1,1900.0,83.2
5760,4.626810218232175,18.331544238610288,13.704734020378112,6.88275822061102,3.1435397657676374,3.678436033999454,744718.9846935429,76.47509134012245,12.261453446664849,10.478465885892126,90.3125,558,487.3244972229004,89.16666666666667,624,494868.2415771485,61.19791666666666,2235,6619.8431968688965,3417,2353.079732205643,422.80873954189815,2328.54797450602,1064.340872874761,0,5760,1.0,False,faults,t_in_stuck/sup,t_in_stuck,True,17,2020,regen-v2,637c6b535a9e,unknown,greenhouse-regen:v1,1900.0,31.8
5760,4.364758302962095,14.750285593202529,10.385527290240432,3.996529228540367,6.183628799022754,0.2053692626773111,599230.3522238526,44.40588031711519,0.6845642089243706,20.612095996742514,53.57638888888889,2674,5243.711161613464,57.795138888888886,2431,1993448.5354003904,48.97569444444444,2939,6901.560989379883,8044,1366.3347777219433,23.605662354921563,4580.465776214929,1457.5398329204154,0,5760,1.0,False,faults,t_in_offset/raw,t_in_offset,False,17,2020,regen-v2,637c6b535a9e,unknown,greenhouse-regen:v1,1900.0,80.9
5760,4.626810218232175,18.331544238610288,13.704734020378112,6.88275822061102,3.1435397657676374,3.678436033999454,744718.9846935429,76.47509134012245,12.261453446664849,10.478465885892126,90.3125,558,487.3244972229004,89.16666666666667,624,494868.2415771485,61.19791666666666,2235,6619.8431968688965,3417,2353.079732205643,422.80873954189815,2328.54797450602,1064.340872874761,0,5760,1.0,False,faults,t_in_offset/sup,t_in_offset,True,17,2020,regen-v2,637c6b535a9e,unknown,greenhouse-regen:v1,1900.0,32.2
5760,3.184361718725352,20.159375722718018,16.975014003992662,2.5101602115669848,4.524803767691133,9.940050024734546,818974.6387354194,27.890669017410943,33.13350008244849,15.082679225637111,65.79861111111111,1970,1862.1524324417117,42.11805555555556,3334,7486631.272827148,31.666666666666664,3936,28037.296493530277,9240,858.1744305681605,1142.5344857616085,3351.706494831078,814.6577746886023,0,5760,1.0,False,faults,rh_offset/raw,rh_offset,False,17,2020,regen-v2,637c6b535a9e,unknown,greenhouse-regen:v1,1900.0,81.0
5760,4.626810218232175,18.331544238610288,13.704734020378112,6.88275822061102,3.1435397657676374,3.678436033999454,744718.9846935429,76.47509134012245,12.261453446664849,10.478465885892126,90.3125,558,487.3244972229004,89.16666666666667,624,494868.2415771485,61.19791666666666,2235,6619.8431968688965,3417,2353.079732205643,422.80873954189815,2328.54797450602,1064.340872874761,0,5760,1.0,False,faults,rh_offset/sup,rh_offset,True,17,2020,regen-v2,637c6b535a9e,unknown,greenhouse-regen:v1,1900.0,32.7
5760,-25.14211220343509,2.7777963017364327,27.91990850517152,7.794198771089841,3.4233163619434346,16.702393372138253,112847.97475804258,86.6022085676649,55.67464457379418,11.411054539811447,58.802083333333336,2373,18169.10274028778,19.375,4644,33763506.41149902,70.72916666666667,1686,5107.666641235352,8703,2664.683340061206,1919.815330418928,2535.7898977377336,412.0384792682032,0,5760,1.0,False,faults,uVent_dead/raw,uVent_dead,False,17,2020,regen-v2,637c6b535a9e,unknown,greenhouse-regen:v1,1900.0,101.4
5760,0.2632071173592442,9.817089051498964,9.553881934139715,4.160262330972584,1.844240695885123,3.549378907282012,398819.24271714536,46.22513701080649,11.831263024273373,6.147468986283744,78.02083333333333,1266,6347.656736373901,87.41319444444444,725,502895.5916748047,40.22569444444444,3443,13337.692909240724,5434,1422.3119072497166,407.9745871779696,1366.104218968705,411.6193636497819,0,5760,1.0,False,faults,uVent_dead/sup,uVent_dead,True,17,2020,regen-v2,637c6b535a9e,unknown,greenhouse-regen:v1,1900.0,32.4
5760,-15.369810095315406,9.2577635669987,24.627573662314106,13.410994315309438,4.866037611410163,6.350541735594502,376096.64490932215,149.01104794788264,21.168472451981675,16.22012537136721,79.53125,1179,7656.593500137329,58.52430555555556,2389,12900105.748168943,55.607638888888886,2557,17699.831357955933,6125,4584.955320700831,729.9473259548868,3604.472304297918,1087.6734703271,0,5760,1.0,False,faults,uBoil_stuck/raw,uBoil_stuck,False,17,2020,regen-v2,637c6b535a9e,unknown,greenhouse-regen:v1,1900.0,92.3
5760,-3.69490802034578,16.37718835495722,20.072096375303,13.57321792133471,3.1216987877279614,3.37717966624033,665323.2769201371,150.81353245927457,11.257265554134433,10.405662625759872,90.95486111111111,521,412.1908264160156,89.16666666666667,624,494868.2415771485,71.21527777777777,1658,8198.378643035889,2803,4640.41638295339,388.181570668574,2312.3694720058083,1329.987277640706,0,5760,1.0,False,faults,uBoil_stuck/sup,uBoil_stuck,True,17,2020,regen-v2,637c6b535a9e,unknown,greenhouse-regen:v1,1900.0,32.4
5760,5.612033742381284,16.619586222997697,11.007552480616411,5.022970040881493,5.814905821464935,0.1696766182699825,675170.6903092813,55.81077823201659,0.5655887275666085,19.38301940488312,67.65625,1863,1412.0477714538574,56.09375,2529,2707259.3901367188,62.36111111111112,2168,4137.816219329834,6560,1717.254713940411,19.503059587598,4307.337645531465,1293.8154741075582,0,5760,1.0,False,faults,uLamp_dead/raw,uLamp_dead,False,17,2020,regen-v2,637c6b535a9e,unknown,greenhouse-regen:v1,1900.0,82.3
5760,6.558064785476534,17.294785208661356,10.73672042318482,6.982383768506487,3.089165206653691,0.6651714480246417,702600.6491018676,77.58204187229431,2.217238160082139,10.297217355512304,90.41666666666669,552,473.0853118896485,89.16666666666667,624,494868.2415771485,62.44791666666667,2163,6402.747922897339,3339,2387.1397492309934,76.45648825840021,2288.270523460873,1032.17081625939,0,5760,1.0,False,faults,uLamp_dead/sup,uLamp_dead,True,17,2020,regen-v2,637c6b535a9e,unknown,greenhouse-regen:v1,1900.0,33.3
5760,4.332813039878684,16.585244094331525,12.252431054452842,5.045532252869689,5.987630344562982,1.2192684570201704,673775.5413322182,56.06146947632988,4.064228190067235,19.958767815209946,70.72916666666667,1686,1218.9550714492798,52.56944444444444,2732,3176311.9313964844,54.40972222222222,2626,5411.293483734131,7044,1724.9682906908338,140.14579966192736,4435.281736486957,1314.132303371264,0,5760,1.0,False,faults,nofault,none,False,18,2020,regen-v2,637c6b535a9e,unknown,greenhouse-regen:v1,,
5760,4.364223348907979,12.043395738237043,7.679172389329064,2.1113301672049114,5.210503303001296,0.3573389191228572,489262.95186588,23.45922408005457,1.191129730409524,17.368344343337654,50.15625,2871,10431.869387626648,45.10416666666666,3162,6876918.049682617,31.267361111111114,3959,22811.92107772827,9992,721.8222782493574,41.07343889186072,3859.6320765360015,1059.3567747882005,0,5760,1.0,False,faults,t_in_stuck/raw,t_in_stuck,False,18,2020,regen-v2,637c6b535a9e,unknown,greenhouse-regen:v1,1900.0,79.4
5760,4.395561774657225,17.870635734497917,13.47507395984069,6.717544338630655,3.381290753424659,3.3762388677853763,725994.5767139778,74.63938154034062,11.254129559284587,11.270969178082195,87.88194444444444,698,523.3324766159058,83.57638888888889,946,971606.218017578,58.88888888888889,2368,6867.787956237793,4012,2296.5963532126007,388.07343297535374,2504.659817171232,1076.06234822557,0,5760,1.0,False,faults,t_in_stuck/sup,t_in_stuck,True,18,2020,regen-v2,637c6b535a9e,unknown,greenhouse-regen:v1,1900.0,38.4
5760,3.6748857962500185,14.375416838318587,10.700531042068569,3.921501507926456,6.2845936351004825,0.4944358990416319,584001.3090566926,43.57223897696062,1.6481196634721065,20.948645450334944,52.63888888888889,2728,5867.233203887939,55.43402777777777,2567,2386827.4216308594,46.875,3060,7297.558372497559,8355,1340.6842751441093,56.83171233507596,4655.254544469467,1483.7418944273484,0,5760,1.0,False,faults,t_in_offset/raw,t_in_offset,False,18,2020,regen-v2,637c6b535a9e,unknown,greenhouse-regen:v1,1900.0,78.3
5760,4.876859814129862,16.57572299726787,11.698863183138007,6.286627078370989,3.8182533407826256,1.5939827639843942,673388.7467640073,69.85141198189989,5.313275879947981,12.727511135942086,80.39930555555556,1129,1599.5121688842771,77.32638888888889,1306,1252101.645263672,57.51736111111111,2447,7166.82253074646,4882,2149.2742130940046,183.21640956461783,2828.3358077040803,1127.9962700541384,0,5760,1.0,False,faults,t_in_offset/sup,t_in_offset,True,18,2020,regen-v2,637c6b535a9e,unknown,greenhouse-regen:v1,1900.0,44.2
5760,2.918619972489743,20.16347588197453,17.24485590948479,2.517081738114909,4.719212793102647,10.008561378267236,819141.2077052154,27.967574867943437,33.36187126089079,15.730709310342158,63.263888888888886,2116,2073.0076570510864,40.71180555555556,3415,8408552.938110352,29.878472222222225,4039,27527.499549865723,9570,860.5407639758623,1150.409354438199,3495.7131806456887,832.5892774764048,0,5760,1.0,False,faults,rh_offset/raw,rh_offset,False,18,2020,regen-v2,637c6b535a9e,unknown,greenhouse-regen:v1,1900.0,79.9
5760,4.655223106734888,17.807758557071967,13.15253545033708,6.274101893642223,3.394349753118473,3.484083803576384,723440.1913810488,69.71224326269137,11.613612678587948,11.314499177061576,85.625,828,608.1954832077026,79.02777777777777,1208,1717132.9790039062,56.18055555555556,2524,9654.967851638794,4560,2144.992099480716,400.469402821326,2514.333150266316,1021.2664772890124,0,5760,1.0,False,faults,rh_offset/sup,rh_offset,True,18,2020,regen-v2,637c6b535a9e,unknown,greenhouse-regen:v1,1900.0,41.7
5760,-20.17073998295077,3.6236560776382873,23.79439606058905,6.480239211152977,3.4028627486800995,13.91129410075598,147211.0281540554,72.00265790169975,46.37098033585328,11.342875828933666,64.01041666666667,2073,14038.185690879822,17.06597222222222,4777,30693009.873046875,59.583333333333336,2328,7733.803810119629,9178,2215.466395537481,1598.9993215335264,2520.6390734505267,426.48945728015417,0,5760,1.0,False,faults,uVent_dead/raw,uVent_dead,False,18,2020,regen-v2,637c6b535a9e,unknown,greenhouse-regen:v1,1900.0,92.8
5760,0.3589963596727196,9.329108815350244,8.970112455677524,4.0093083241883,2.082431228518336,2.878372902970888,378995.0456236037,44.54787026875889,9.594576343236294,6.941437428394454,75.78125,1395,6381.093159675598,80.43402777777777,1127,1224904.5856933594,37.84722222222222,3580,13612.332427978516,6102,1370.7036995480878,330.8474599528301,1542.5416513084765,426.48945728015417,0,5760,1.0,False,faults,uVent_dead/sup,uVent_dead,True,18,2020,regen-v2,637c6b535a9e,unknown,greenhouse-regen:v1,1900.0,37.8
5760,-8.875288604762178,12.39883853015072,21.27412713491289,13.397798954804223,5.319282913980722,2.5570452661279504,503702.815287373,148.86443283115804,8.523484220426502,17.730943046602405,86.25,792,3021.5268812179565,60.69444444444444,2264,6133266.051025391,56.51041666666666,2505,10911.88454437256,5561,4580.444085975755,293.9132488004651,3940.209565389139,1163.6328254131322,0,5760,1.0,False,faults,uBoil_stuck/raw,uBoil_stuck,False,18,2020,regen-v2,637c6b535a9e,unknown,greenhouse-regen:v1,1900.0,80.6
5760,-3.743643090415437,15.893327145003278,19.636970235418715,13.397798954804223,3.3673256371821862,2.8718456434323034,645666.4152657582,148.86443283115804,9.572818811441012,11.224418790607288,88.66319444444444,653,450.8424072265625,83.07291666666666,975,1098711.4104003906,69.14930555555556,1777,8421.554159164429,3405,4580.444085975755,330.09720034242764,2494.315286926936,1341.6021225299478,0,5760,1.0,False,faults,uBoil_stuck/sup,uBoil_stuck,True,18,2020,regen-v2,637c6b535a9e,unknown,greenhouse-regen:v1,1900.0,37.7
5760,4.423138237416728,15.730863663439134,11.307725426022406,5.020042124284851,5.930344382614699,0.3573389191228572,639066.3363272148,55.77824582538724,1.191129730409524,19.767814608715664,65.22569444444444,2003,2060.891131401062,50.85069444444444,2831,4697463.452392578,61.302083333333336,2229,4746.451564788818,7063,1716.2537163146849,41.07343889186072,4392.847691051555,1273.8026502016855,0,5760,1.0,False,faults,uLamp_dead/raw,uLamp_dead,False,18,2020,regen-v2,637c6b535a9e,unknown,greenhouse-regen:v1,1900.0,79.1
5760,5.978617106899753,16.58056852811631,10.601951421216556,6.645751452474887,3.598861049618811,0.3573389191228572,673585.596454725,73.84168280527652,1.191129730409524,11.99620349872937,85.27777777777777,848,610.5860052108765,78.90625,1215,1288093.1688232422,60.53819444444445,2273,6560.458169937134,4336,2272.051776670892,41.07343889186072,2665.822999733051,1057.2076604392278,0,5760,1.0,False,faults,uLamp_dead/sup,uLamp_dead,True,18,2020,regen-v2,637c6b535a9e,unknown,greenhouse-regen:v1,1900.0,41.9
5760,4.648263082090804,17.335977717925964,12.68771463583516,4.68347561860212,6.21226195851575,1.79197705871729,704274.0947907423,52.038617984468,5.973256862390967,20.70753986171917,68.85416666666667,1794,1539.6824035644531,53.69791666666666,2667,4222710.909545898,56.04166666666666,2532,5894.0515213012695,6993,1601.1882450241585,205.9743748138777,4601.675524937185,1387.998237186424,0,5760,1.0,False,faults,nofault,none,False,19,2020,regen-v2,637c6b535a9e,unknown,greenhouse-regen:v1,,
5760,3.279933738983275,11.512870569765044,8.232936830781771,2.0014200403889624,5.565420159700606,0.6660966306922027,467710.366896705,22.23800044876625,2.2203221023073425,18.551400532335357,50.78125,2835,10434.272017002106,49.895833333333336,2886,6260100.409545898,32.96875,3861,20171.01873397827,9582,684.2461675006699,76.5628312464479,4122.533451840877,1238.7242800925587,0,5760,1.0,False,faults,t_in_stuck/raw,t_in_stuck,False,19,2020,regen-v2,637c6b535a9e,unknown,greenhouse-regen:v1,1900.0,77.0
5760,4.444077393881516,18.366794583602356,13.922717189720837,6.797569437272466,3.238323554598396,3.8868241978499753,746151.0299588456,75.5285493030274,12.956080659499916,10.79441184866132,88.52430555555556,661,591.0494213104248,88.71527777777779,650,627939.8995361328,60.55555555555555,2272,6746.91833114624,3583,2323.9553615347304,446.7614021771117,2398.758188117087,1094.4176194797562,0,5760,1.0,False,faults,t_in_stuck/sup,t_in_stuck,True,19,2020,regen-v2,637c6b535a9e,unknown,greenhouse-regen:v1,1900.0,31.4
5760,4.306893845999347,15.23347146556405,10.926577619564704,3.667573630846768,6.3731070549150965,0.8858969338028393,618859.7782885395,40.75081812051965,2.952989779342798,21.24369018305032,53.107638888888886,2701,5877.249546051025,57.638888888888886,2440,3050351.3720703125,47.37847222222222,3031,7462.6983070373535,8172,1253.8713261061685,101.82723393734577,4720.820039657455,1543.3457192234223,0,5760,1.0,False,faults,t_in_offset/raw,t_in_offset,False,19,2020,regen-v2,637c6b535a9e,unknown,greenhouse-regen:v1,1900.0,74.4
5760,4.444077393881516,18.366794583602356,13.922717189720837,6.797569437272466,3.238323554598396,3.8868241978499753,746151.0299588456,75.5285493030274,12.956080659499916,10.79441184866132,88.52430555555556,661,591.0494213104248,88.71527777777779,650,627939.8995361328,60.55555555555555,2272,6746.91833114624,3583,2323.9553615347304,446.7614021771117,2398.758188117087,1094.4176194797562,0,5760,1.0,False,faults,t_in_offset/sup,t_in_offset,True,19,2020,regen-v2,637c6b535a9e,unknown,greenhouse-regen:v1,1900.0,31.5
5760,3.600763046074885,20.673442218902355,17.07267917282747,2.561772263742081,5.069241547504403,9.441665361580986,839858.5901429082,28.464136263800896,31.47221787193662,16.897471825014676,70.46875,1701,1720.0639753341677,40.01736111111111,3455,12135134.236938477,29.131944444444446,4082,27049.72540283203,9238,875.8195772838629,1085.2488918178542,3754.9937382696585,862.7834976260519,0,5760,1.0,False,faults,rh_offset/raw,rh_offset,False,19,2020,regen-v2,637c6b535a9e,unknown,greenhouse-regen:v1,1900.0,77.1
5760,4.444077393881516,18.366794583602356,13.922717189720837,6.797569437272466,3.238323554598396,3.8868241978499753,746151.0299588456,75.5285493030274,12.956080659499916,10.79441184866132,88.52430555555556,661,591.0494213104248,88.71527777777779,650,627939.8995361328,60.55555555555555,2272,6746.91833114624,3583,2323.9553615347304,446.7614021771117,2398.758188117087,1094.4176194797562,0,5760,1.0,False,faults,rh_offset/sup,rh_offset,True,19,2020,regen-v2,637c6b535a9e,unknown,greenhouse-regen:v1,1900.0,31.2
5760,-18.692928849109578,4.2781384464734735,22.971067295583047,5.905375869175762,3.8388384137677303,13.226853012639555,173799.3743879848,65.61528743528625,44.089510042131856,12.796128045892436,64.63541666666667,2037,13282.3266954422,16.70138888888889,4798,38549295.13671875,54.47916666666666,2622,9224.856086730955,9457,2018.9319208812503,1520.3279328649792,2843.584009731906,447.99527964717686,0,5760,1.0,False,faults,uVent_dead/raw,uVent_dead,False,19,2020,regen-v2,637c6b535a9e,unknown,greenhouse-regen:v1,1900.0,85.7
5760,0.0519868512061751,9.83997561789845,9.787988766692273,4.093286032579927,1.9337786972939504,3.7609240368183943,399749.0094771244,45.480955917554745,12.536413456061316,6.4459289909798345,76.19791666666667,1371,6458.711447715759,86.94444444444444,752,636167.1396484375,39.80902777777778,3467,13461.240051269531,5590,1399.414027503055,432.2901191734078,1432.4286642202694,442.3229712390558,0,5760,1.0,False,faults,uVent_dead/sup,uVent_dead,True,19,2020,regen-v2,637c6b535a9e,unknown,greenhouse-regen:v1,1900.0,30.6
5760,-3.9960426699307785,15.15536374415984,19.15140641409062,13.264267336416626,5.221042446981787,0.6660966306922027,615686.6521064935,147.38074818240696,2.2203221023073425,17.403474823272624,89.82638888888889,586,446.84517192840576,62.638888888888886,2152,4022990.491088867,56.51041666666666,2505,10314.681705474854,5243,4534.792251567647,76.5628312464479,3867.438849356107,1233.5812124608417,0,5760,1.0,False,faults,uBoil_stuck/raw,uBoil_stuck,False,19,2020,regen-v2,637c6b535a9e,unknown,greenhouse-regen:v1,1900.0,75.4
5760,-3.900181470900254,16.397682279166972,20.297863750067226,13.50565692036091,3.2105037833963257,3.5817030463099915,666155.8425911583,150.06285467067678,11.939010154366638,10.701679277987752,89.11458333333333,627,524.0230712890625,88.71527777777779,650,627939.8995361328,70.79861111111111,1682,8313.57580947876,2959,4617.318604745419,411.6900052415396,2378.150950439668,1360.7025121840609,0,5760,1.0,False,faults,uBoil_stuck/sup,uBoil_stuck,True,19,2020,regen-v2,637c6b535a9e,unknown,greenhouse-regen:v1,1900.0,31.2
5760,3.962865854818369,15.665486280113166,11.702620425294796,4.8693254486267055,6.167198345975891,0.6660966306922027,636410.3801295974,54.10361609585229,2.2203221023073425,20.557327819919635,66.04166666666667,1956,2826.836588859558,50.607638888888886,2845,8979328.040893555,61.28472222222222,2230,5688.686046600342,7031,1664.7266486005242,76.5628312464479,4568.295071981464,1310.3261673570314,0,5760,1.0,False,faults,uLamp_dead/raw,uLamp_dead,False,19,2020,regen-v2,637c6b535a9e,unknown,greenhouse-regen:v1,1900.0,76.2
5760,6.369356218748435,17.321846229974806,10.952490011226372,6.89920588940058,3.176662800728684,0.8766213210971094,703700.0030927266,76.65784321556201,2.9220710703236983,10.588876002428949,88.59375,657,590.5394268035889,88.71527777777779,650,627939.8995361328,61.89236111111112,2195,6529.695873260498,3502,2358.702866649306,100.7610714680077,2353.083555624813,1061.7636051209056,0,5760,1.0,False,faults,uLamp_dead/sup,uLamp_dead,True,19,2020,regen-v2,637c6b535a9e,unknown,greenhouse-regen:v1,1900.0,31.0
5760,4.549491012331592,14.547421403766414,9.99793039143482,5.018845302725781,4.823742989445089,0.1553420992639516,590988.9945280106,55.76494780806424,0.5178069975465054,16.079143298150296,62.37847222222223,2167,1967.954725265503,76.16319444444444,1373,585856.2756347656,70.46875,1701,3325.1265563964844,5241,1715.844547450224,17.85541373443042,3573.142954925962,1402.598541917289,0,5760,1.0,False,faults,nofault,none,False,2,2020,regen-v2,637c6b535a9e,unknown,greenhouse-regen:v1,,
5760,2.2848294091214223,9.675736615524904,7.39090720640348,2.1002773043257843,5.187255192868495,0.1033747092092007,393076.8000056992,23.33641449250872,0.3445823640306693,17.290850642894984,46.51041666666666,3081,11335.583155870438,58.07291666666666,2415,3428792.0157470703,36.19791666666667,3675,19323.12687301636,9171,718.0435228634404,11.882150521980444,3842.4112538124223,1232.8937498943446,0,5760,1.0,False,faults,t_in_stuck/raw,t_in_stuck,False,2,2020,regen-v2,637c6b535a9e,unknown,greenhouse-regen:v1,1900.0,81.9
5760,4.4193437738300965,17.854831621291073,13.435487847460976,6.864882465379087,2.869216231500357,3.701389150581532,725352.5346149498,76.27647183754542,12.337963835271772,9.56405410500119,88.85416666666667,642,587.3117542266846,93.1597222222222,394,145775.4354248047,62.18749999999999,2178,6473.171169281006,3214,2346.968363188296,425.4470287997426,2125.3453572561302,1087.9884850692897,0,5760,1.0,False,faults,t_in_stuck/sup,t_in_stuck,True,2,2020,regen-v2,637c6b535a9e,unknown,greenhouse-regen:v1,1900.0,32.9
5760,3.8995491882943503,12.9564780225098,9.056928834215451,3.9363845913786095,5.015217792981558,0.1053264498552836,526356.9196644607,43.73760657087345,0.3510881661842789,16.71739264327186,49.32291666666666,2919,6385.577500343323,78.40277777777777,1244,486097.19384765625,57.56944444444444,2444,5804.5393409729,6607,1345.7725095271285,12.1064885259689,3714.9761428702977,1583.4190989499252,0,5760,1.0,False,faults,t_in_offset/raw,t_in_offset,False,2,2020,regen-v2,637c6b535a9e,unknown,greenhouse-regen:v1,1900.0,80.7
5760,4.4193437738300965,17.854831621291073,13.435487847460976,6.864882465379087,2.869216231500357,3.701389150581532,725352.5346149498,76.27647183754542,12.337963835271772,9.56405410500119,88.85416666666667,642,587.3117542266846,93.1597222222222,394,145775.4354248047,62.18749999999999,2178,6473.171169281006,3214,2346.968363188296,425.4470287997426,2125.3453572561302,1087.9884850692897,0,5760,1.0,False,faults,t_in_offset/sup,t_in_offset,True,2,2020,regen-v2,637c6b535a9e,unknown,greenhouse-regen:v1,1900.0,33.0
5760,4.075672320397376,18.773921892322598,14.698249571925215,2.4450001297926143,4.1583703426229,8.094879099509704,762690.5768756054,27.166668108806828,26.982930331699016,13.861234475409663,59.583333333333336,2328,2974.6890926361084,49.34027777777778,2918,6340896.530029297,34.77430555555556,3757,26891.551246643063,9003,835.8974801831733,930.4458739395386,3080.274327979404,884.2504546786258,0,5760,1.0,False,faults,rh_offset/raw,rh_offset,False,2,2020,regen-v2,637c6b535a9e,unknown,greenhouse-regen:v1,1900.0,82.0
5760,4.4193437738300965,17.854831621291073,13.435487847460976,6.864882465379087,2.869216231500357,3.701389150581532,725352.5346149498,76.27647183754542,12.337963835271772,9.56405410500119,88.85416666666667,642,587.3117542266846,93.1597222222222,394,145775.4354248047,62.18749999999999,2178,6473.171169281006,3214,2346.968363188296,425.4470287997426,2125.3453572561302,1087.9884850692897,0,5760,1.0,False,faults,rh_offset/sup,rh_offset,True,2,2020,regen-v2,637c6b535a9e,unknown,greenhouse-regen:v1,1900.0,32.1
5760,-11.40978688833906,4.51716626877273,15.92695315711179,5.177664923319481,2.850825551403201,7.898462682389108,183509.87966889216,57.52961025910536,26.328208941297028,9.50275183801067,64.63541666666667,2037,12479.246481895449,25.27777777777778,4304,25803040.690673828,53.62847222222222,2671,9029.310874938965,9012,1770.141854161444,907.8692740704632,2111.722630894309,446.0154637240875,0,5760,1.0,False,faults,uVent_dead/raw,uVent_dead,False,2,2020,regen-v2,637c6b535a9e,unknown,greenhouse-regen:v1,1900.0,86.9
5760,0.0945033880775921,9.4001946059791,9.305691217901508,4.171501479544024,1.567960412858084,3.566229325499399,381882.9058679009,46.350016439378045,11.887431084997996,5.2265347095269465,76.49305555555556,1354,6462.856616020203,91.73611111111111,476,150481.69763183594,41.42361111111112,3374,13247.28678894043,5204,1426.1543512188127,409.9114168140626,1161.4521581611036,438.26527577543885,0,5760,1.0,False,faults,uVent_dead/sup,uVent_dead,True,2,2020,regen-v2,637c6b535a9e,unknown,greenhouse-regen:v1,1900.0,31.9
5760,-4.444672141292565,14.117056277858216,18.561728419150786,13.376346470021542,5.0820072399200376,0.1033747092092007,573505.41128799,148.62607188912824,0.3445823640306693,16.940024133066792,87.76041666666666,705,721.6548891067505,73.66319444444444,1517,1888371.4963378904,60.79861111111112,2258,9568.172058105469,4480,4573.109904298949,11.882150521980444,3764.449807702557,1285.6521376871865,0,5760,1.0,False,faults,uBoil_stuck/raw,uBoil_stuck,False,2,2020,regen-v2,637c6b535a9e,unknown,greenhouse-regen:v1,1900.0,79.3
5760,-3.880066690519673,15.931131270822949,19.81119796134262,13.581892290350046,2.844007307387741,3.385298363604833,647202.2078771823,150.90991433722274,11.28432787868278,9.480024357959136,89.42708333333333,609,527.5638799667358,93.1597222222222,394,145775.4354248047,72.46527777777779,1586,8053.126848220825,2589,4643.381979538873,389.1147542335617,2106.6720799159352,1354.9961265665545,0,5760,1.0,False,faults,uBoil_stuck/sup,uBoil_stuck,True,2,2020,regen-v2,637c6b535a9e,unknown,greenhouse-regen:v1,1900.0,32.5
5760,4.594176638059688,14.52486293589508,9.930686297835395,4.999316866047324,4.82799472257887,0.1033747092092007,590072.5567707377,55.5479651783036,0.3445823640306693,16.09331574192957,62.01388888888889,2188,2020.997920036316,75.65972222222223,1402,647313.2838134766,70.60763888888889,1693,3317.3709259033203,5283,1709.1681592923553,11.882150521980444,3576.2923862426824,1401.2414802252442,0,5760,1.0,False,faults,uLamp_dead/raw,uLamp_dead,False,2,2020,regen-v2,637c6b535a9e,unknown,greenhouse-regen:v1,1900.0,78.5
5760,6.324218674737869,16.802437125114732,10.478218450376865,6.986681603053413,2.809047685852148,0.6824891614713007,682599.008207786,77.62979558948237,2.2749638715710025,9.363492286173829,88.94097222222223,637,584.9055528640747,93.1597222222222,394,145775.4354248047,63.38541666666667,2109,6335.223836898804,3140,2388.609094731989,78.44703002645434,2080.7760636152443,1058.432800140596,0,5760,1.0,False,faults,uLamp_dead/sup,uLamp_dead,True,2,2020,regen-v2,637c6b535a9e,unknown,greenhouse-regen:v1,1900.0,32.6
5760,4.799008334267879,13.570268283977745,8.771259949709865,4.909930888396132,3.631407274662092,0.2299217866516405,551292.1490365958,54.55478764884591,0.7664059555054685,12.104690915540306,59.53125,2331,2819.473587036133,92.39583333333331,438,259347.04931640625,67.46527777777777,1874,3608.713760375977,4643,1678.608849600643,26.427791571736705,2689.931315227926,1536.282843403273,0,5760,1.0,False,faults,nofault,none,False,3,2020,regen-v2,637c6b535a9e,unknown,greenhouse-regen:v1,,
5760,1.4842732590370382,7.6964833477931105,6.2122100887560725,2.079102363388981,3.992014026239656,0.1410936991274357,312669.63600409514,23.10113737098868,0.4703123304247856,13.306713420798856,42.67361111111111,3302,13624.632065534592,87.53472222222223,718,359199.95739746094,40.15625,3447,15839.287700653076,7467,710.8042261151054,16.217666639172915,2957.047426899386,1580.0070741475397,0,5760,1.0,False,faults,t_in_stuck/raw,t_in_stuck,False,3,2020,regen-v2,637c6b535a9e,unknown,greenhouse-regen:v1,1900.0,80.8
5760,4.526939356724301,17.675087432813065,13.148148076088766,6.877652861184036,2.573600854676127,3.6968943602286015,718050.4269580308,76.41836512426707,12.322981200762005,8.578669515587091,87.88194444444444,698,724.8734502792358,97.34375,153,48076.022705078125,61.23263888888889,2233,6602.063957214356,3084,2351.334310622009,424.9303863169397,1906.371003090865,1130.433269207856,0,5760,1.0,False,faults,t_in_stuck/sup,t_in_stuck,True,3,2020,regen-v2,637c6b535a9e,unknown,greenhouse-regen:v1,1900.0,33.4
5760,4.440230945421794,12.168893226038366,7.728662280616573,3.902100004500357,3.6854685769887774,0.1410936991274357,494361.28730780864,43.35666671667064,0.4703123304247856,12.28489525662926,49.63541666666666,2901,7018.4210729599,94.53125,315,128547.12097167967,54.01041666666667,2649,6186.422264099121,5865,1334.0512829392549,16.217666639172915,2729.976723953229,1721.3607864718406,0,5760,1.0,False,faults,t_in_offset/raw,t_in_offset,False,3,2020,regen-v2,637c6b535a9e,unknown,greenhouse-regen:v1,1900.0,79.4
5760,4.526939356724301,17.675087432813065,13.148148076088766,6.877652861184036,2.573600854676127,3.6968943602286015,718050.4269580308,76.41836512426707,12.322981200762005,8.578669515587091,87.88194444444444,698,724.8734502792358,97.34375,153,48076.022705078125,61.23263888888889,2233,6602.063957214356,3084,2351.334310622009,424.9303863169397,1906.371003090865,1130.433269207856,0,5760,1.0,False,faults,t_in_offset/sup,t_in_offset,True,3,2020,regen-v2,637c6b535a9e,unknown,greenhouse-regen:v1,1900.0,33.4
5760,1.1971871837083192,16.476628201431595,15.279441017723276,2.904411823348197,3.66038400083264,8.71464519354244,669363.0206831585,32.27124248164663,29.048817311808133,12.201280002775466,58.52430555555556,2389,4315.685673713684,62.03125000000001,2187,8236093.302978516,33.66319444444444,3821,24724.55093383789,8397,992.9613065101385,1001.6833554321338,2711.395557008498,933.9067066178812,0,5760,1.0,False,faults,rh_offset/raw,rh_offset,False,3,2020,regen-v2,637c6b535a9e,unknown,greenhouse-regen:v1,1900.0,83.1
5760,4.526939356724301,17.675087432813065,13.148148076088766,6.877652861184036,2.573600854676127,3.6968943602286015,718050.4269580308,76.41836512426707,12.322981200762005,8.578669515587091,87.88194444444444,698,724.8734502792358,97.34375,153,48076.022705078125,61.23263888888889,2233,6602.063957214356,3084,2351.334310622009,424.9303863169397,1906.371003090865,1130.433269207856,0,5760,1.0,False,faults,rh_offset/sup,rh_offset,True,3,2020,regen-v2,637c6b535a9e,unknown,greenhouse-regen:v1,1900.0,33.7
5760,-13.53608292931559,4.341505497748174,17.877588427063763,5.579155299027164,2.332855926497995,9.965577201538606,176373.66084601957,61.99061443363516,33.218590671795354,7.776186421659984,61.302083333333336,2229,12517.10729122162,34.010416666666664,3801,23390580.84790039,52.76041666666666,2721,9537.43423461914,8751,1907.403520186279,1145.468643738081,1728.041427961613,496.1285179871141,0,5760,1.0,False,faults,uVent_dead/raw,uVent_dead,False,3,2020,regen-v2,637c6b535a9e,unknown,greenhouse-regen:v1,1900.0,90.3
5760,0.2557435500278819,9.2506217568548,8.994878206826918,4.157202228980815,1.2659214429688368,3.571754534877267,375806.50887222623,46.191135877564605,11.90584844959089,4.219738143229456,75.45138888888889,1414,6605.223818778992,96.00694444444444,230,51803.119140625,40.38194444444444,3434,13337.96072769165,5078,1421.265719330922,410.5464983698665,937.7195879886306,478.0904598838488,0,5760,1.0,False,faults,uVent_dead/sup,uVent_dead,True,3,2020,regen-v2,637c6b535a9e,unknown,greenhouse-regen:v1,1900.0,33.0
5760,-3.697649886396456,13.361065030574348,17.058714916970803,13.34731298033017,3.5703082375131965,0.1410936991274357,542793.2668670829,148.30347755922412,0.4703123304247856,11.901027458377325,86.47569444444444,779,866.2668104171753,89.40972222222221,610,428161.4056396485,60.24305555555556,2290,9623.061986923218,3679,4563.183924196266,16.217666639172915,2644.672769622804,1424.093867141352,0,5760,1.0,False,faults,uBoil_stuck/raw,uBoil_stuck,False,3,2020,regen-v2,637c6b535a9e,unknown,greenhouse-regen:v1,1900.0,80.6
5760,-3.731444739322416,15.77667484838495,19.508119587707363,13.567370060473664,2.5415725421141047,3.3991769851195954,640927.4157156385,150.74855622748515,11.330589950398652,8.471908473713682,88.35069444444444,671,669.0860481262207,97.34375,153,48076.022705078125,71.49305555555556,1642,8154.602293014526,2466,4638.41711433083,390.709998553571,1882.6463269825465,1395.089939128391,0,5760,1.0,False,faults,uBoil_stuck/sup,uBoil_stuck,True,3,2020,regen-v2,637c6b535a9e,unknown,greenhouse-regen:v1,1900.0,33.8
5760,4.83338976936802,13.523517257517325,8.690127488149304,4.9038675999041015,3.645166189117768,0.1410936991274357,549392.8885866413,54.48741777671224,0.4703123304247856,12.150553963725892,59.39236111111112,2339,2838.9286251068115,92.06597222222224,457,337368.34765625,68.02083333333333,1842,3596.5089836120605,4638,1676.535930823788,16.217666639172915,2700.123103627927,1534.5937736275566,0,5760,1.0,False,faults,uLamp_dead/raw,uLamp_dead,False,3,2020,regen-v2,637c6b535a9e,unknown,greenhouse-regen:v1,1900.0,78.6
5760,6.485575794531282,16.633821191012046,10.148245396480762,6.95830973901443,2.503245022470632,0.6866906349956988,675748.9858848643,77.31455265571589,2.288968783318996,8.344150074902108,87.86458333333333,699,729.6255712509155,97.34375,153,48076.022705078125,62.62152777777777,2153,6371.704772949219,3005,2378.9093119716263,78.92995816163757,1854.2555724392469,1094.0203531737095,0,5760,1.0,False,faults,uLamp_dead/sup,uLamp_dead,True,3,2020,regen-v2,637c6b535a9e,unknown,greenhouse-regen:v1,1900.0,31.7
5760,4.516342661562407,16.965384631371897,12.449041969809487,4.704427305122969,6.157758366210608,1.5868562984759138,689218.7506494833,52.27141450136632,5.289520994919713,20.525861220702023,66.78819444444444,1913,1749.8739280700684,55.69444444444444,2552,3645956.1873779297,62.53472222222223,2158,4560.606369018555,6623,1608.3512146823607,182.39727582647205,4561.302493668753,1409.3334313934815,0,5760,1.0,False,faults,nofault,none,False,4,2020,regen-v2,637c6b535a9e,unknown,greenhouse-regen:v1,,
5760,3.7153670870900135,11.877243267909764,8.161876180819753,2.0254869279287546,5.592724423220023,0.5436648296709764,482513.0077588343,22.505410310319498,1.8122160989032547,18.642414744066745,47.95138888888889,2998,11048.863352060318,52.65625000000001,2727,5580721.815429688,37.77777777777778,3584,18723.36032104492,9309,692.4741628244695,62.490210427885366,4142.758831603156,1271.8843037255388,0,5760,1.0,False,faults,t_in_stuck/raw,t_in_stuck,False,4,2020,regen-v2,637c6b535a9e,unknown,greenhouse-regen:v1,1900.0,80.2
5760,4.50413783241435,18.330787015117707,13.826649182703356,6.827663212299527,3.204946007366543,3.794039963037288,744688.2224891569,75.86292458110586,12.64679987679096,10.683153357888475,87.84722222222221,700,650.2645778656006,89.75694444444444,590,449920.3153076172,62.22222222222222,2176,6370.132131576538,3466,2334.243833751085,436.09654747964,2374.034079237086,1091.6530605974294,0,5760,1.0,False,faults,t_in_stuck/sup,t_in_stuck,True,4,2020,regen-v2,637c6b535a9e,unknown,greenhouse-regen:v1,1900.0,32.6
5760,4.1872377765070246,14.940610927588724,10.7533731510817,3.6819318887701433,6.33998350569053,0.7314577566210282,606962.318933292,40.91035431966826,2.438192522070094,21.133278352301765,50.17361111111112,2870,6349.49197101593,60.0,2304,2592198.270263672,54.39236111111111,2627,5762.782585144043,7801,1258.7801317461783,84.07560430314939,4696.284078288598,1575.0107550913997,0,5760,1.0,False,faults,t_in_offset/raw,t_in_offset,False,4,2020,regen-v2,637c6b535a9e,unknown,greenhouse-regen:v1,1900.0,76.9
5760,4.50413783241435,18.330787015117707,13.826649182703356,6.827663212299527,3.204946007366543,3.794039963037288,744688.2224891569,75.86292458110586,12.64679987679096,10.683153357888475,87.84722222222221,700,650.2645778656006,89.75694444444444,590,449920.3153076172,62.22222222222222,2176,6370.132131576538,3466,2334.243833751085,436.09654747964,2374.034079237086,1091.6530605974294,0,5760,1.0,False,faults,t_in_offset/sup,t_in_offset,True,4,2020,regen-v2,637c6b535a9e,unknown,greenhouse-regen:v1,1900.0,32.6
5760,-2.4363869375143654,16.83977089123323,19.276157828747596,3.401675403560076,4.891235691313113,10.983246733874408,684115.69245635,37.79639337288973,36.61082244624803,16.304118971043714,70.83333333333334,1680,4501.411364555359,40.3125,3438,16528279.731201172,33.59375,3825,23593.80620956421,8943,1162.9659494825269,1262.4421531457906,3623.137548455234,816.426948802591,0,5760,1.0,False,faults,rh_offset/raw,rh_offset,False,4,2020,regen-v2,637c6b535a9e,unknown,greenhouse-regen:v1,1900.0,82.7
5760,4.50413783241435,18.330787015117707,13.826649182703356,6.827663212299527,3.204946007366543,3.794039963037288,744688.2224891569,75.86292458110586,12.64679987679096,10.683153357888475,87.84722222222221,700,650.2645778656006,89.75694444444444,590,449920.3153076172,62.22222222222222,2176,6370.132131576538,3466,2334.243833751085,436.09654747964,2374.034079237086,1091.6530605974294,0,5760,1.0,False,faults,rh_offset/sup,rh_offset,True,4,2020,regen-v2,637c6b535a9e,unknown,greenhouse-regen:v1,1900.0,32.4
5760,-24.13721398731352,3.016443756095378,27.153657743408896,7.111557043797955,3.7341278985452937,16.30797280106565,122543.02759137476,79.01730048664395,54.3599093368855,12.44709299515098,58.59375,2385,17122.10604763031,17.291666666666668,4764,37950269.786865234,67.04861111111111,1898,6652.066089630127,9047,2431.301552690118,1874.4796321833217,2766.0206650805485,449.21270485136586,0,5760,1.0,False,faults,uVent_dead/raw,uVent_dead,False,4,2020,regen-v2,637c6b535a9e,unknown,greenhouse-regen:v1,1900.0,96.7
5760,0.1345244942423383,9.815156356005856,9.680631861763516,4.116515093101974,1.9045428467809349,3.6595739218806105,398740.7269627379,45.73905659002193,12.198579739602035,6.348476155936449,75.32986111111111,1421,6532.799786567688,88.00347222222223,691,457959.0227050781,41.614583333333336,3363,13105.85013961792,5475,1407.355587014978,420.6406805973074,1410.7724789783765,442.2145722572329,0,5760,1.0,False,faults,uVent_dead/sup,uVent_dead,True,4,2020,regen-v2,637c6b535a9e,unknown,greenhouse-regen:v1,1900.0,32.0
5760,-17.227772579105736,8.319721590243148,25.547494169348884,13.297964259802116,4.898214723884781,7.351315185661986,337988.68960362795,147.75515844224574,24.50438395220662,16.32738241294927,76.04166666666666,1380,9140.030212402344,58.00347222222222,2419,15695013.756958008,55.57291666666667,2559,18483.98230934143,6358,4546.312566942789,844.9787570387955,3628.30720170968,1158.6504822976012,0,5760,1.0,False,faults,uBoil_stuck/raw,uBoil_stuck,False,4,2020,regen-v2,637c6b535a9e,unknown,greenhouse-regen:v1,1900.0,86.9
5760,-3.8324490781567295,16.373862898884106,20.20631197704084,13.527254676588882,3.182068499624556,3.496988800827399,665188.1802671669,150.30282973987647,11.656629336091331,10.60689499874852,88.22916666666667,678,598.1945152282715,89.75694444444444,590,449920.3153076172,72.63888888888889,1576,7946.356979370117,2844,4624.702454042737,401.95273551932127,2357.087777693987,1359.4507047813945,0,5760,1.0,False,faults,uBoil_stuck/sup,uBoil_stuck,True,4,2020,regen-v2,637c6b535a9e,unknown,greenhouse-regen:v1,1900.0,32.5
5760,1.2410010363357693,12.981971568644884,11.740970532309111,5.42301762517352,5.774288077464618,0.5436648296709764,527392.5949761984,60.25575139081689,1.8122160989032547,19.247626924882063,64.6875,2034,5106.192022323608,47.72569444444444,3011,14035808.40576172,66.99652777777779,1901,5018.521324157715,6946,1854.0231191828943,62.490210427885366,4277.25042694622,1206.6046145426508,0,5760,1.0,False,faults,uLamp_dead/raw,uLamp_dead,False,4,2020,regen-v2,637c6b535a9e,unknown,greenhouse-regen:v1,1900.0,79.9
5760,6.437811524649573,17.290384796248667,10.852573271599091,6.928036242847293,3.148930828050288,0.7756062007015104,702421.882347602,76.97818047608104,2.5853540023383683,10.49643609350096,87.70833333333333,708,664.7350645065308,89.75694444444444,590,449920.3153076172,63.73263888888889,2089,6160.2984790802,3387,2368.559399838232,89.15013799886587,2332.541354119131,1061.6041130607066,0,5760,1.0,False,faults,uLamp_dead/sup,uLamp_dead,True,4,2020,regen-v2,637c6b535a9e,unknown,greenhouse-regen:v1,1900.0,30.3
5760,4.198828955078236,16.851634610339527,12.652805655261291,4.758066875436716,6.143692727025409,1.7510460527991674,684597.6560450434,52.86740972707463,5.836820175997225,20.478975756751364,70.95486111111111,1673,1292.6340556144714,52.170138888888886,2755,3266098.822631836,55.78125000000001,2547,5594.937076568604,6975,1626.6895311318565,201.26966124593088,4550.88350032435,1335.2976441293868,0,5760,1.0,False,faults,nofault,none,False,5,2020,regen-v2,637c6b535a9e,unknown,greenhouse-regen:v1,,
5760,4.875263446972427,12.73140462164852,7.856141174676091,2.004238754431443,5.302818602727326,0.5490838175173223,517213.3127544711,22.2693194936827,1.830279391724408,17.676062009091087,50.17361111111112,2870,10325.34019613266,45.71180555555556,3127,6608129.1259765625,31.822916666666668,3927,22604.409439086918,9924,685.2098304905444,63.11308265219432,3928.013778827295,1082.0662635423655,0,5760,1.0,False,faults,t_in_stuck/raw,t_in_stuck,False,5,2020,regen-v2,637c6b535a9e,unknown,greenhouse-regen:v1,1900.0,79.7
5760,4.404104031104664,18.253380255054367,13.849276223949705,6.856763263005194,3.2278856718904363,3.7646272890540735,741543.5728615837,76.18625847783548,12.548757630180248,10.759618906301457,89.07986111111111,629,559.6254725456238,89.35763888888889,613,545111.3297119141,60.763888888888886,2260,6638.342485427856,3502,2344.1925677951776,432.7157803543552,2391.0264237896454,1075.6586506888475,0,5760,1.0,False,faults,t_in_stuck/sup,t_in_stuck,True,5,2020,regen-v2,637c6b535a9e,unknown,greenhouse-regen:v1,1900.0,31.9
5760,4.075520597987422,14.88601085642246,10.810490258435037,3.71533323091466,6.4416792107622864,0.6534778167580898,604744.1910421624,41.28148034349622,2.1782593891936326,21.47226403587429,51.927083333333336,2769,6128.812381267548,56.80555555555556,2488,2322793.3970947266,49.01041666666666,2937,6766.221927642822,8194,1270.1993953352746,75.11239286111737,4771.614229361494,1507.826819995651,0,5760,1.0,False,faults,t_in_offset/raw,t_in_offset,False,5,2020,regen-v2,637c6b535a9e,unknown,greenhouse-regen:v1,1900.0,79.4
5760,4.404104031104664,18.253380255054367,13.849276223949705,6.856763263005194,3.2278856718904363,3.7646272890540735,741543.5728615837,76.18625847783548,12.548757630180248,10.759618906301457,89.07986111111111,629,559.6254725456238,89.35763888888889,613,545111.3297119141,60.763888888888886,2260,6638.342485427856,3502,2344.1925677951776,432.7157803543552,2391.0264237896454,1075.6586506888475,0,5760,1.0,False,faults,t_in_offset/sup,t_in_offset,True,5,2020,regen-v2,637c6b535a9e,unknown,greenhouse-regen:v1,1900.0,31.9
5760,-4.232749244628356,17.046103517632528,21.278852762260883,3.3733384939708237,4.620397924018215,13.285116344271843,692497.9554038214,37.48153882189804,44.28372114757282,15.401326413394049,75.98958333333333,1383,4035.821666240692,34.77430555555556,3757,14246143.275146484,29.704861111111114,4049,25923.98210144043,9189,1153.2781179395363,1527.0248676307567,3422.5169799351306,737.1840092021802,0,5760,1.0,False,faults,rh_offset/raw,rh_offset,False,5,2020,regen-v2,637c6b535a9e,unknown,greenhouse-regen:v1,1900.0,84.3
5760,4.404104031104664,18.253380255054367,13.849276223949705,6.856763263005194,3.2278856718904363,3.7646272890540735,741543.5728615837,76.18625847783548,12.548757630180248,10.759618906301457,89.07986111111111,629,559.6254725456238,89.35763888888889,613,545111.3297119141,60.763888888888886,2260,6638.342485427856,3502,2344.1925677951776,432.7157803543552,2391.0264237896454,1075.6586506888475,0,5760,1.0,False,faults,rh_offset/sup,rh_offset,True,5,2020,regen-v2,637c6b535a9e,unknown,greenhouse-regen:v1,1900.0,31.5
5760,-25.35095737382646,2.691924504672613,28.04288187849907,7.289346304826898,3.387984040541689,17.365551533130485,109359.43300232492,80.99273672029886,57.88517177710162,11.293280135138964,58.99305555555555,2362,17955.252294063568,16.788194444444443,4793,30407424.311157227,65.17361111111111,2006,6359.088359832764,9161,2492.084206743668,1996.04040606792,2509.6178067461105,426.0791492992349,0,5760,1.0,False,faults,uVent_dead/raw,uVent_dead,False,5,2020,regen-v2,637c6b535a9e,unknown,greenhouse-regen:v1,1900.0,102.6
5760,0.0584066620507902,9.7468387880069,9.68843212595611,4.127043489841774,1.922407972364296,3.63898066375004,395965.3257627803,45.85603877601971,12.129935545833469,6.4080265745476535,76.71875,1341,6446.773578166962,87.65625,711,552528.3725585938,39.80902777777778,3467,13418.54951095581,5519,1410.955038613943,418.2736395940336,1424.0059050132766,430.2591272639796,0,5760,1.0,False,faults,uVent_dead/sup,uVent_dead,True,5,2020,regen-v2,637c6b535a9e,unknown,greenhouse-regen:v1,1900.0,30.8
5760,-17.211230290822765,8.508665761087578,25.719896051910336,13.270416667422824,4.9168973182416735,7.532582066245839,345664.5465441828,147.44907408247585,25.10860688748613,16.389657727472247,77.32638888888889,1306,8925.477939128876,57.04861111111112,2474,12539711.69909668,53.02083333333333,2706,19158.41602706909,6486,4536.894587104893,865.8140308521108,3642.146160816068,1102.715135076557,0,5760,1.0,False,faults,uBoil_stuck/raw,uBoil_stuck,False,5,2020,regen-v2,637c6b535a9e,unknown,greenhouse-regen:v1,1900.0,89.7
5760,-3.902033410971789,16.30232117294022,20.204354583912007,13.539498471385327,3.2012879061373862,3.463568206389296,662281.7976506965,150.43887190428143,11.545227354630986,10.670959687124622,89.60069444444444,599,510.576427936554,89.35763888888889,613,545111.3297119141,70.78125,1683,8269.89155960083,2895,4628.888365371227,398.1112881604872,2371.3243746770017,1347.5665069936665,0,5760,1.0,False,faults,uBoil_stuck/sup,uBoil_stuck,True,5,2020,regen-v2,637c6b535a9e,unknown,greenhouse-regen:v1,1900.0,31.4
5760,2.6943078886984773,14.32807645490865,11.633768566210172,5.175102712552024,5.909582036140826,0.5490838175173223,582078.1059806639,57.50114125057805,1.830279391724408,19.69860678713609,67.23958333333333,1887,3473.3527750968933,48.07291666666666,2991,7773808.552490234,61.84027777777777,2198,5253.691101074219,7076,1769.2658854237452,63.11308265219432,4377.468174265639,1240.677737502128,0,5760,1.0,False,faults,uLamp_dead/raw,uLamp_dead,False,5,2020,regen-v2,637c6b535a9e,unknown,greenhouse-regen:v1,1900.0,82.3
5760,6.351648667905886,17.203620415603712,10.851971747697824,6.935419740425983,3.1621244649671967,0.7544275423046449,698897.0793839007,77.06021933806649,2.5147584743488167,10.54041488322399,89.21875,621,570.7418084144592,89.35763888888889,613,545111.3297119141,61.927083333333336,2193,6490.408601760864,3427,2371.0836723088587,86.71580949558552,2342.3144175951807,1048.0934093566566,0,5760,1.0,False,faults,uLamp_dead/sup,uLamp_dead,True,5,2020,regen-v2,637c6b535a9e,unknown,greenhouse-regen:v1,1900.0,31.1
5760,5.561870434386968,16.223105929398667,10.6612354950117,4.894266763669,5.359697477097904,0.4072712542447959,659063.6783818209,54.38074181854445,1.357570847482653,17.865658256993015,72.11805555555556,1606,1059.8423051834106,59.27083333333333,2346,2791295.9162597656,55.76388888888889,2548,5082.883808135986,6500,1673.2535948800623,46.81278792802769,3970.1462787958912,1314.6290304269369,0,5760,1.0,False,faults,nofault,none,False,6,2020,regen-v2,637c6b535a9e,unknown,greenhouse-regen:v1,,
5760,3.828770536154568,10.820627472471802,6.991856936317234,2.038877637280075,4.825980115538167,0.1269991834989911,439587.991069167,22.654195969778613,0.4233306116633036,16.086600385127223,49.61805555555556,2902,10478.210292577744,58.03819444444444,2417,4072693.311401367,33.62847222222222,3823,19830.102855682373,9142,697.0521834209757,14.597607373461727,3574.800085611605,1206.9712819152846,0,5760,1.0,False,faults,t_in_stuck/raw,t_in_stuck,False,6,2020,regen-v2,637c6b535a9e,unknown,greenhouse-regen:v1,1900.0,80.2
5760,4.969283109938449,17.940513135561517,12.971230025623065,6.647206977920781,3.186826599966865,3.137196447735418,728833.3461321865,73.8578553102309,10.457321492451394,10.622755333222882,88.36805555555556,670,503.3372793197632,85.71180555555556,823,873786.69140625,58.802083333333336,2373,6828.347547531128,3866,2272.5493935483537,360.59729289861855,2360.612295434953,1069.2966378114745,0,5760,1.0,False,faults,t_in_stuck/sup,t_in_stuck,True,6,2020,regen-v2,637c6b535a9e,unknown,greenhouse-regen:v1,1900.0,39.7
5760,5.220473134300131,14.765002212218894,9.544529077918764,3.748988788539557,5.650479855112767,0.1450604342664395,599828.2148713926,41.65543098377286,0.4835347808881317,18.834932850375893,53.333333333333336,2688,5554.505139350891,62.25694444444444,2174,1953000.247680664,47.03125,3051,7208.867504119873,7913,1281.7055691132364,16.673613215370167,4185.540631811358,1472.5010301301218,0,5760,1.0,False,faults,t_in_offset/raw,t_in_offset,False,6,2020,regen-v2,637c6b535a9e,unknown,greenhouse-regen:v1,1900.0,79.1
5760,5.595859381455243,16.68864827952362,11.092788898068378,6.029526293746339,3.700863420823047,1.362399183498991,677976.3363556471,66.99473659718154,4.541330611663303,12.336211402743489,79.34027777777779,1190,1696.0957164764404,80.24305555555556,1138,1074976.7092285156,56.40625,2511,7302.197870254517,4839,2061.3765102257435,156.59760737346167,2741.380311206639,1155.2913440849995,0,5760,1.0,False,faults,t_in_offset/sup,t_in_offset,True,6,2020,regen-v2,637c6b535a9e,unknown,greenhouse-regen:v1,1900.0,47.1
5760,3.50535572892496,19.23330346343676,15.7279477345118,2.412626586497247,4.263717645316859,9.051603502697692,781352.9532021184,26.806962072191634,30.17201167565898,14.212392151056198,62.91666666666666,2136,2409.550970077514,50.45138888888889,2854,6545608.228393555,29.98263888888889,4033,26894.04563522339,9023,824.8296017992833,1040.414195401803,3158.3093665594797,851.7925041398586,0,5760,1.0,False,faults,rh_offset/raw,rh_offset,False,6,2020,regen-v2,637c6b535a9e,unknown,greenhouse-regen:v1,1900.0,80.3
5760,5.456469407190683,17.944336755979243,12.487867348788562,6.19117791109066,3.179508623964863,3.1171808137330386,728988.6807116568,68.79086567878511,10.390602712443462,10.598362079882875,85.85069444444444,815,600.5045671463013,81.5625,1062,1512774.9479980469,56.59722222222222,2500,9692.944320678713,4377,2116.6420202006902,358.2966451324593,2355.191572927269,1018.4262495834404,0,5760,1.0,False,faults,rh_offset/sup,rh_offset,True,6,2020,regen-v2,637c6b535a9e,unknown,greenhouse-regen:v1,1900.0,42.2
5760,-14.808715597203586,4.877928446118136,19.68664404332172,5.876948028917084,3.0854086567792907,10.724287357625345,198165.8431235493,65.29942254352316,35.74762452541782,10.284695522597636,65.38194444444444,1994,12478.05038547516,20.98958333333333,4551,27201167.678833008,55.39930555555556,2569,9031.411849975586,9114,2009.213001199456,1232.676707634559,2285.4878933004065,422.2448759612839,0,5760,1.0,False,faults,uVent_dead/raw,uVent_dead,False,6,2020,regen-v2,637c6b535a9e,unknown,greenhouse-regen:v1,1900.0,91.2
5760,0.9107282848940004,9.44953657891622,8.538808294022218,3.913569657922809,1.8907513742395232,2.7344872618598863,383887.4235184714,43.48410731025343,9.114957539532956,6.302504580798411,76.04166666666666,1380,6364.945602416992,82.55208333333334,1005,1134410.533569336,37.864583333333336,3579,13576.036590576172,5964,1337.9725324899282,314.3088807237774,1400.5565731026754,422.2448759612839,0,5760,1.0,False,faults,uVent_dead/sup,uVent_dead,True,6,2020,regen-v2,637c6b535a9e,unknown,greenhouse-regen:v1,1900.0,38.9
5760,-2.996833652824917,14.955138131355486,17.951971784180405,13.306946819234486,4.518025781446925,0.1269991834989911,607552.4865863167,147.85496465816095,0.4233306116633036,15.060085938156416,90.34722222222224,556,380.3921012878418,69.63541666666667,1749,2341286.3984375,56.80555555555556,2488,9650.29969406128,4793,4549.383527645805,14.597607373461727,3346.685763465654,1260.80167198971,0,5760,1.0,False,faults,uBoil_stuck/raw,uBoil_stuck,False,6,2020,regen-v2,637c6b535a9e,unknown,greenhouse-regen:v1,1900.0,80.0
5760,-3.1448605479454117,15.948769075819165,19.09362962376457,13.306946819234486,3.189028450696923,2.5976543538331613,647918.7437051535,147.85496465816095,8.658847846110538,10.63009483565641,88.92361111111111,638,437.4326543807984,85.24305555555556,850,920000.9204101562,69.0625,1782,8414.259176254272,3270,4549.383527645805,298.5809603555773,2362.243296172216,1339.0359674671622,0,5760,1.0,False,faults,uBoil_stuck/sup,uBoil_stuck,True,6,2020,regen-v2,637c6b535a9e,unknown,greenhouse-regen:v1,1900.0,39.2
5760,5.74839246781908,16.054825170372773,10.306432702553694,4.812876557446942,5.36655696160776,0.1269991834989911,652227.2725463939,53.47640619385491,0.4233306116633036,17.8885232053592,68.64583333333333,1806,1385.0538482666016,58.94097222222222,2365,2921076.9729003906,59.60069444444444,2327,4654.612602233887,6498,1645.427883430123,14.597607373461727,3975.227379261438,1308.857852861015,0,5760,1.0,False,faults,uLamp_dead/raw,uLamp_dead,False,6,2020,regen-v2,637c6b535a9e,unknown,greenhouse-regen:v1,1900.0,80.4
5760,6.677239974818038,16.783963862259032,10.106723887440994,6.510122066995575,3.4696026369464272,0.1269991834989911,681848.5319042732,72.33468963328417,0.4233306116633036,11.56534212315476,85.57291666666667,831,590.0334987640381,80.92013888888889,1099,1135332.1350097656,59.79166666666666,2316,6566.36580657959,4246,2225.682758027937,14.597607373461727,2570.0760262486306,1064.8131459373228,0,5760,1.0,False,faults,uLamp_dead/sup,uLamp_dead,True,6,2020,regen-v2,637c6b535a9e,unknown,greenhouse-regen:v1,1900.0,44.2
5760,4.775716758592416,15.42772163325105,10.652004874658632,4.952434554092872,5.11862830273966,0.5809420178261006,626751.1913508239,55.02705060103192,1.9364733927536688,17.062094342465535,71.97916666666667,1614,998.327709197998,57.91666666666667,2424,2600563.219238281,55.50347222222223,2563,4967.007545471191,6601,1693.1400185616894,66.77494443868352,3791.576519665908,1289.6525806835666,0,5760,1.0,False,faults,nofault,none,False,7,2020,regen-v2,637c6b535a9e,unknown,greenhouse-regen:v1,,
5760,3.564517563208033,10.6387005999605,7.07418303675247,2.063976987142759,4.8167315482191295,0.1934745013905817,432197.2118733954,22.933077634919545,0.6449150046352725,16.0557718273971,50.55555555555556,2848,10457.344831466677,53.29861111111112,2690,4827210.418334961,30.885416666666664,3981,21639.066890716556,9519,705.6331582741605,22.23844826560669,3567.949293845957,1123.3689074636454,0,5760,1.0,False,faults,t_in_stuck/raw,t_in_stuck,False,7,2020,regen-v2,637c6b535a9e,unknown,greenhouse-regen:v1,1900.0,79.0
5760,4.477740576899978,17.9911307324832,13.513390155583222,6.840587802129457,2.978192755845889,3.694609597607877,730889.6860071301,76.00653113477175,12.315365325359592,9.927309186152964,90.15625,567,456.3195390701294,89.6875,594,510748.9041748047,59.114583333333336,2355,6777.944610595703,3516,2338.6624957455288,424.6677697366616,2206.068707538285,1055.9903815475957,0,5760,1.0,False,faults,t_in_stuck/sup,t_in_stuck,True,7,2020,regen-v2,637c6b535a9e,unknown,greenhouse-regen:v1,1900.0,32.2
5760,4.350846630097448,13.871855169347851,9.521008539250404,3.8264847327702896,5.471879137888121,0.222644668591994,563544.1162547565,42.516497030781,0.742148895306647,18.239597126293734,53.21180555555556,2695,5655.281942367554,59.739583333333336,2319,2003353.0509033203,44.54861111111112,3194,7500.15682220459,8208,1308.1999089571684,25.591341026446813,4053.243803433622,1451.0613620926456,0,5760,1.0,False,faults,t_in_offset/raw,t_in_offset,False,7,2020,regen-v2,637c6b535a9e,unknown,greenhouse-regen:v1,1900.0,76.4
5760,4.477740576899978,17.9911307324832,13.513390155583222,6.840587802129457,2.978192755845889,3.694609597607877,730889.6860071301,76.00653113477175,12.315365325359592,9.927309186152964,90.15625,567,456.3195390701294,89.6875,594,510748.9041748047,59.114583333333336,2355,6777.944610595703,3516,2338.6624957455288,424.6677697366616,2206.068707538285,1055.9903815475957,0,5760,1.0,False,faults,t_in_offset/sup,t_in_offset,True,7,2020,regen-v2,637c6b535a9e,unknown,greenhouse-regen:v1,1900.0,32.5
5760,4.246655855413194,19.34419391549036,15.097538060077166,2.4492375860296374,4.072038809806038,8.576261664241493,785857.877816796,27.213750955884866,28.587538880804978,13.573462699353462,63.263888888888886,2116,2508.957253456116,47.77777777777778,3008,5307463.59362793,30.34722222222222,4012,27137.09122467041,9136,837.3461834758923,985.7772030238066,3016.3250426906657,837.9052906232687,0,5760,1.0,False,faults,rh_offset/raw,rh_offset,False,7,2020,regen-v2,637c6b535a9e,unknown,greenhouse-regen:v1,1900.0,77.5
5760,4.477740576899978,17.9911307324832,13.513390155583222,6.840587802129457,2.978192755845889,3.694609597607877,730889.6860071301,76.00653113477175,12.315365325359592,9.927309186152964,90.15625,567,456.3195390701294,89.6875,594,510748.9041748047,59.114583333333336,2355,6777.944610595703,3516,2338.6624957455288,424.6677697366616,2206.068707538285,1055.9903815475957,0,5760,1.0,False,faults,rh_offset/sup,rh_offset,True,7,2020,regen-v2,637c6b535a9e,unknown,greenhouse-regen:v1,1900.0,32.1
5760,-7.891932822028041,5.913220199250451,13.80515302127849,4.60738153617068,2.6409016118902544,6.556869873217557,240224.5705945496,51.19312817967422,21.85623291072519,8.803005372967515,71.80555555555556,1624,10525.260206222534,19.98263888888889,4609,17366285.903076172,41.076388888888886,3394,12468.80182647705,9627,1575.1731752110686,753.6632035329689,1956.2234143282903,415.5452175541632,0,5760,1.0,False,faults,uVent_dead/raw,uVent_dead,False,7,2020,regen-v2,637c6b535a9e,unknown,greenhouse-regen:v1,1900.0,85.3
5760,0.1396127903819167,9.522438679087143,9.382825888705224,4.1322520941949605,1.6743163655663649,3.576257428943901,386849.0713379152,45.91391215772178,11.92085809647967,5.581054551887883,77.62152777777777,1289,6351.689359664917,88.17708333333333,681,516344.1123046875,38.47222222222222,3544,13548.4677734375,5514,1412.7357585926306,411.06407216971024,1240.2343437599015,405.8937583800257,0,5760,1.0,False,faults,uVent_dead/sup,uVent_dead,True,7,2020,regen-v2,637c6b535a9e,unknown,greenhouse-regen:v1,1900.0,31.6
5760,-3.8194557533909386,14.485632593237463,18.3050883466284,13.349821542861054,4.761792302376767,0.1934745013905817,588478.824100272,148.33135047623395,0.6449150046352725,15.872641007922557,91.14583333333334,510,320.9396438598633,65.97222222222221,1960,2654975.2221679688,56.857638888888886,2485,9563.583820343018,4955,4564.041553397896,22.23844826560669,3527.253556492764,1214.4072143843923,0,5760,1.0,False,faults,uBoil_stuck/raw,uBoil_stuck,False,7,2020,regen-v2,637c6b535a9e,unknown,greenhouse-regen:v1,1900.0,77.5
5760,-3.823437016955441,16.06290382183736,19.8863408387928,13.543717764730696,2.952272448782121,3.3903506252799787,652555.4677621427,150.4857529414522,11.301168750933265,9.840908162607072,90.55555555555556,544,416.4412879943848,89.6875,594,510748.9041748047,69.47916666666667,1758,8370.351249694824,2896,4630.33085996865,389.6954741618011,2186.868479315905,1323.4160561055255,0,5760,1.0,False,faults,uBoil_stuck/sup,uBoil_stuck,True,7,2020,regen-v2,637c6b535a9e,unknown,greenhouse-regen:v1,1900.0,32.2
5760,5.144258241822101,15.220913518021026,10.076655276198927,4.8438944195106775,5.039286355297667,0.1934745013905817,618349.6116696042,53.8210491056742,0.6449150046352725,16.79762118432556,69.0625,1782,1404.5250778198242,57.43055555555555,2452,2835243.174438477,58.38541666666666,2397,4504.500286102295,6631,1656.0322798372354,22.23844826560669,3732.804705844379,1283.56698959431,0,5760,1.0,False,faults,uLamp_dead/raw,uLamp_dead,False,7,2020,regen-v2,637c6b535a9e,unknown,greenhouse-regen:v1,1900.0,78.1
5760,6.40424176192764,16.94538555406298,10.54114379213534,6.936404243532849,2.912477777613871,0.6922617709886207,688406.2881338085,77.0711582614761,2.307539236628736,9.708259258712904,90.17361111111111,566,467.2446012496948,89.6875,594,510748.9041748047,60.38194444444444,2282,6644.352703094482,3442,2371.4202544693558,79.57031842735093,2157.3909450406227,1024.544328512443,0,5760,1.0,False,faults,uLamp_dead/sup,uLamp_dead,True,7,2020,regen-v2,637c6b535a9e,unknown,greenhouse-regen:v1,1900.0,32.7
5760,5.637037889154138,16.24121565427678,10.60417776512264,4.9979362317210345,5.113241808679526,0.4929997247220792,659799.3859549941,55.53262479690039,1.643332415740264,17.04413936226509,66.5625,1926,1962.0770225524905,76.19791666666667,1371,1362548.7712402344,64.28819444444444,2057,3954.8171463012695,5354,1708.696147678561,56.66663513107968,3787.58652551748,1465.482585342333,0,5760,1.0,False,faults,nofault,none,False,8,2020,regen-v2,637c6b535a9e,unknown,greenhouse-regen:v1,,
5760,3.081019199894121,10.652152928114493,7.571133728220373,2.116402472544177,5.222666789013116,0.2320644666630774,432743.7127046513,23.51558302826864,0.7735482222102583,17.408889296710388,47.91666666666667,3000,11155.34239411354,62.39583333333333,2166,2929414.912597656,36.701388888888886,3646,18909.370391845703,8812,723.5564011094968,26.674076742735718,3868.642065327801,1340.2259010859057,0,5760,1.0,False,faults,t_in_stuck/raw,t_in_stuck,False,8,2020,regen-v2,637c6b535a9e,unknown,greenhouse-regen:v1,1900.0,79.5
5760,4.725674475126434,18.25049155059716,13.524817075470729,6.866684705352308,2.923320456899138,3.73481191321928,741426.2192430097,76.29649672613675,12.449373044064268,9.744401522997126,89.20138888888889,622,582.1002368927002,94.25347222222224,331,203595.65698242188,62.083333333333336,2184,6431.9424476623535,3137,2347.5845133981056,429.2887257768708,2165.4225605327456,1104.4464545316075,0,5760,1.0,False,faults,t_in_stuck/sup,t_in_stuck,True,8,2020,regen-v2,637c6b535a9e,unknown,greenhouse-regen:v1,1900.0,31.6
5760,5.484267769910978,14.698982296022969,9.21471452611199,3.97118887353418,5.009727862029977,0.2337977905478328,597146.1557759331,44.124320817046446,0.7793259684927761,16.69909287343326,54.18402777777778,2639,5593.844560623169,80.83333333333333,1104,684534.2683105469,53.21180555555556,2695,6542.179267883301,6438,1357.6714099586743,26.87330937380255,3710.9095279837647,1643.4369621446494,0,5760,1.0,False,faults,t_in_offset/raw,t_in_offset,False,8,2020,regen-v2,637c6b535a9e,unknown,greenhouse-regen:v1,1900.0,78.1
5760,4.725674475126434,18.25049155059716,13.524817075470729,6.866684705352308,2.923320456899138,3.73481191321928,741426.2192430097,76.29649672613675,12.449373044064268,9.744401522997126,89.20138888888889,622,582.1002368927002,94.25347222222224,331,203595.65698242188,62.083333333333336,2184,6431.9424476623535,3137,2347.5845133981056,429.2887257768708,2165.4225605327456,1104.4464545316075,0,5760,1.0,False,faults,t_in_offset/sup,t_in_offset,True,8,2020,regen-v2,637c6b535a9e,unknown,greenhouse-regen:v1,1900.0,31.7
5760,-0.2782644262282997,17.68717474311367,17.96543916934197,3.121464289603219,4.866809745294306,9.977165134444444,718541.4739389928,34.68293655114688,33.257217114814814,16.222699150981022,70.71180555555556,1687,2871.9135818481445,45.85069444444444,3119,15498342.49621582,33.020833333333336,3858,25555.33056640625,8664,1067.1672785582048,1146.800590420155,3605.044255683164,851.3834909259763,0,5760,1.0,False,faults,rh_offset/raw,rh_offset,False,8,2020,regen-v2,637c6b535a9e,unknown,greenhouse-regen:v1,1900.0,80.5
5760,4.725674475126434,18.25049155059716,13.524817075470729,6.866684705352308,2.923320456899138,3.73481191321928,741426.2192430097,76.29649672613675,12.449373044064268,9.744401522997126,89.20138888888889,622,582.1002368927002,94.25347222222224,331,203595.65698242188,62.083333333333336,2184,6431.9424476623535,3137,2347.5845133981056,429.2887257768708,2165.4225605327456,1104.4464545316075,0,5760,1.0,False,faults,rh_offset/sup,rh_offset,True,8,2020,regen-v2,637c6b535a9e,unknown,greenhouse-regen:v1,1900.0,32.2
5760,-18.44925571669533,3.8062312500343305,22.25548696672966,6.22052556790897,3.2947993407790888,12.740162058041603,154628.14453264468,69.1169507545441,42.46720686013868,10.98266446926363,63.54166666666666,2100,13630.46113872528,24.947916666666668,4323,34881098.62927246,61.84027777777777,2198,7933.654357910156,8621,2126.6754081084864,1464.38644320224,2440.5921054780056,468.4053353215356,0,5760,1.0,False,faults,uVent_dead/raw,uVent_dead,False,8,2020,regen-v2,637c6b535a9e,unknown,greenhouse-regen:v1,1900.0,90.2
5760,0.3552567223508852,9.738431722773718,9.383175000422836,4.16551191650565,1.6172291679124269,3.600433916004756,395623.78873768233,46.28346573895168,12.00144638668252,5.390763893041423,76.92708333333333,1329,6463.099653244019,92.55208333333331,429,210936.8829345703,41.23263888888889,3385,13211.405765533447,5143,1424.106637779204,413.8429788882372,1197.9475314370384,454.49650888345934,0,5760,1.0,False,faults,uVent_dead/sup,uVent_dead,True,8,2020,regen-v2,637c6b535a9e,unknown,greenhouse-regen:v1,1900.0,31.6
5760,-4.117800317248322,14.588164250818668,18.70596456806699,13.369180529729762,5.10471957167415,0.2320644666630774,592644.1726895084,148.54645033033069,0.7735482222102583,17.015731905580502,88.29861111111111,674,715.8174076080322,74.56597222222221,1465,1933776.583618164,59.42708333333333,2337,10061.093906402588,4476,4570.660010367772,26.674076742735718,3781.273757752519,1346.9060427195263,0,5760,1.0,False,faults,uBoil_stuck/raw,uBoil_stuck,False,8,2020,regen-v2,637c6b535a9e,unknown,greenhouse-regen:v1,1900.0,78.3
5760,-3.5942753416900883,16.2904688840099,19.88474422569999,13.57758540929007,2.895084988812386,3.412073827597533,661800.2984129023,150.862060103223,11.373579425325111,9.650283296041287,89.82638888888889,586,527.7083387374878,94.25347222222224,331,203595.65698242188,72.23958333333333,1599,8062.31831741333,2516,4641.90954191569,392.1923941770618,2144.5073994660497,1372.9782446720042,0,5760,1.0,False,faults,uBoil_stuck/sup,uBoil_stuck,True,8,2020,regen-v2,637c6b535a9e,unknown,greenhouse-regen:v1,1900.0,31.6
5760,3.8910031627156183,14.47843585055204,10.58743268783642,5.308070791443713,5.04729742972963,0.2320644666630774,588186.4564286766,58.978564349374594,0.7735482222102583,16.824324765765436,65.78125,1971,3656.352042198181,70.86805555555556,1678,6977096.426147461,64.91319444444444,2021,4544.7275390625,5670,1814.7250561154608,26.674076742735718,3738.738836549963,1379.7305997277315,0,5760,1.0,False,faults,uLamp_dead/raw,uLamp_dead,False,8,2020,regen-v2,637c6b535a9e,unknown,greenhouse-regen:v1,1900.0,82.0
5760,6.634022166384223,17.19951173746636,10.565489571082136,6.990868485069521,2.8587091608664457,0.7159119251461699,698730.1643345709,77.67631650077246,2.3863730838205663,9.529030536221486,89.42708333333333,609,587.1794786453247,94.25347222222224,331,203595.65698242188,63.36805555555556,2110,6307.132423400879,3050,2390.0405088385014,82.28872715202735,2117.562341197469,1075.3020364309032,0,5760,1.0,False,faults,uLamp_dead/sup,uLamp_dead,True,8,2020,regen-v2,637c6b535a9e,unknown,greenhouse-regen:v1,1900.0,32.0
5760,2.993054135197072,14.37018855950978,11.377134424312713,4.719286801774617,5.729770679862103,0.928076942675994,583788.910230085,52.43652001971797,3.0935898089199805,19.099235599540343,54.895833333333336,2598,2660.617919921875,59.61805555555556,2326,2982513.2231445312,68.87152777777777,1793,3482.712574005127,6717,1613.4313859801036,106.67551079192472,4244.274576068947,1445.0702751894146,0,5760,1.0,False,faults,nofault,none,False,9,2020,regen-v2,637c6b535a9e,unknown,greenhouse-regen:v1,,
5760,1.5676655613194228,9.452847264633728,7.885181703314304,2.016584623508212,5.499233147159848,0.3693639326462451,384021.9201257452,22.406495816757907,1.2312131088208171,18.330777157199496,43.85416666666666,3234,12103.459250926971,57.41319444444445,2453,4345474.4228515625,38.645833333333336,3534,17967.4222946167,9221,689.4306409394843,42.45562453859961,4073.506032684677,1317.5604360260763,0,5760,1.0,False,faults,t_in_stuck/raw,t_in_stuck,False,9,2020,regen-v2,637c6b535a9e,unknown,greenhouse-regen:v1,1900.0,77.2
5760,4.164744162907511,17.808328576612436,13.643584413704923,6.837078502654176,3.072010311833215,3.734495599217533,723463.3484248802,75.96753891837973,12.448318664058442,10.240034372777384,86.05902777777777,803,841.8937511444092,90.88541666666666,525,280790.7860107422,63.17708333333333,2121,6257.766809463501,3449,2337.4627361974963,429.2523676953368,2275.563193310788,1104.3012337133482,0,5760,1.0,False,faults,t_in_stuck/sup,t_in_stuck,True,9,2020,regen-v2,637c6b535a9e,unknown,greenhouse-regen:v1,1900.0,31.5
5760,2.163743161677945,12.287944107059406,10.124200945381462,3.677120222686532,5.989531952875764,0.457548769819166,499197.7293492884,40.85689136318369,1.5251625660638866,19.96510650958588,45.05208333333333,3165,7635.047365188599,63.28125,2115,2281646.388305664,58.92361111111111,2366,4833.5986976623535,7646,1257.1351195935597,52.591812751759086,4436.690333648219,1603.4764547296732,0,5760,1.0,False,faults,t_in_offset/raw,t_in_offset,False,9,2020,regen-v2,637c6b535a9e,unknown,greenhouse-regen:v1,1900.0,75.4
5760,4.164744162907511,17.808328576612436,13.643584413704923,6.837078502654176,3.072010311833215,3.734495599217533,723463.3484248802,75.96753891837973,12.448318664058442,10.240034372777384,86.05902777777777,803,841.8937511444092,90.88541666666666,525,280790.7860107422,63.17708333333333,2121,6257.766809463501,3449,2337.4627361974963,429.2523676953368,2275.563193310788,1104.3012337133482,0,5760,1.0,False,faults,t_in_offset/sup,t_in_offset,True,9,2020,regen-v2,637c6b535a9e,unknown,greenhouse-regen:v1,1900.0,31.3
5760,3.1576432605343507,17.673121380224174,14.515478119689824,2.318431691441893,4.662385595237061,7.53466083301087,717970.5560716072,25.76035212713215,25.115536110036235,15.54128531745687,53.87152777777777,2657,4229.358366012573,48.35069444444444,2975,7504299.625,34.80902777777778,3755,25577.394653320312,9387,792.6262195179484,866.0529697173349,3453.618957853556,921.8125264459368,0,5760,1.0,False,faults,rh_offset/raw,rh_offset,False,9,2020,regen-v2,637c6b535a9e,unknown,greenhouse-regen:v1,1900.0,77.6
5760,4.164744162907511,17.808328576612436,13.643584413704923,6.837078502654176,3.072010311833215,3.734495599217533,723463.3484248802,75.96753891837973,12.448318664058442,10.240034372777384,86.05902777777777,803,841.8937511444092,90.88541666666666,525,280790.7860107422,63.17708333333333,2121,6257.766809463501,3449,2337.4627361974963,429.2523676953368,2275.563193310788,1104.3012337133482,0,5760,1.0,False,faults,rh_offset/sup,rh_offset,True,9,2020,regen-v2,637c6b535a9e,unknown,greenhouse-regen:v1,1900.0,31.4
5760,-16.37809124723462,4.197238387805512,20.57532963504013,5.620119730498047,3.649977459225622,11.305232445316465,170512.80950459893,62.445774783311634,37.68410815105488,12.166591530752074,58.54166666666667,2388,13785.53969669342,18.52430555555556,4693,37311322.372558594,55.53819444444444,2561,8588.350471496582,9642,1921.4084555724849,1299.452005245018,2703.687006246265,464.2943800637077,0,5760,1.0,False,faults,uVent_dead/raw,uVent_dead,False,9,2020,regen-v2,637c6b535a9e,unknown,greenhouse-regen:v1,1900.0,88.4
5760,-0.1471547570616908,9.367011199620586,9.514165956682277,4.136495600336287,1.7689018176552571,3.608768538690733,380534.8299845864,45.96106222595875,12.029228462302443,5.89633939218419,73.66319444444444,1517,6711.565756797791,89.47916666666667,606,285310.1965332031,42.41319444444444,3317,13030.639625549316,5440,1414.1865305851395,414.8009814667656,1310.297641952012,457.1564512428746,0,5760,1.0,False,faults,uVent_dead/sup,uVent_dead,True,9,2020,regen-v2,637c6b535a9e,unknown,greenhouse-regen:v1,1900.0,31.3
5760,-8.015869957302538,12.00000486896107,20.01587482626361,13.297317255152816,5.100220698120885,1.618336872989906,487500.1978015435,147.74796950169795,5.394456243299687,17.00073566040295,81.96180555555556,1039,2710.420692443848,65.52083333333333,1986,5473835.753173828,60.41666666666666,2280,10480.282161712646,5305,4546.091369688384,186.0157325813537,3777.941256397433,1230.957210317512,0,5760,1.0,False,faults,uBoil_stuck/raw,uBoil_stuck,False,9,2020,regen-v2,637c6b535a9e,unknown,greenhouse-regen:v1,1900.0,77.9
5760,-4.122173289024883,15.894217597870927,20.016390886895813,13.54548022731147,3.0443486538244064,3.4265620057599344,645702.5899135065,150.50533585901636,11.421873352533115,10.147828846081357,86.61458333333333,771,776.3782606124878,90.88541666666666,525,280790.7860107422,73.48958333333333,1527,7846.360662460327,2823,4630.9334117587605,393.8577018997344,2255.073076394024,1374.2644675281072,0,5760,1.0,False,faults,uBoil_stuck/sup,uBoil_stuck,True,9,2020,regen-v2,637c6b535a9e,unknown,greenhouse-regen:v1,1900.0,31.8
5760,3.2915134997876008,14.074870951559973,10.783357451772371,4.662217868400566,5.751775650725561,0.3693639326462451,571791.6324071239,51.802420760006285,1.2312131088208171,19.17258550241854,53.69791666666666,2667,3004.9724044799805,59.01041666666666,2361,3288247.7166748047,72.55208333333333,1581,3043.5451164245605,6609,1593.9206392305468,42.45562453859961,4260.57455552382,1442.4713652231012,0,5760,1.0,False,faults,uLamp_dead/raw,uLamp_dead,False,9,2020,regen-v2,637c6b535a9e,unknown,greenhouse-regen:v1,1900.0,76.4
5760,6.087745549117008,16.762897680450575,10.675152131333563,6.94534447952844,3.005511618701913,0.7242960331032129,680992.7182683046,77.17049421698266,2.4143201103440437,10.018372062339711,86.16319444444444,797,839.4293937683105,90.88541666666666,525,280790.7860107422,64.6875,2034,6055.330249786377,3356,2374.4767454000803,83.2524175834021,2226.3049022936198,1073.422870711297,0,5760,1.0,False,faults,uLamp_dead/sup,uLamp_dead,True,9,2020,regen-v2,637c6b535a9e,unknown,greenhouse-regen:v1,1900.0,31.8
