steps,epi,revenue,cost_total,cost_heat,cost_co2,cost_elec,fruit_dm_growth,energy_heat_kwh_m2,energy_elec_kwh_m2,co2_kg_m2,t_in_in_corridor_pct,t_in_violation_steps,t_in_violation_area,co2_in_corridor_pct,co2_violation_steps,co2_violation_area,rh_in_corridor_pct,rh_violation_steps,rh_violation_area,violation_steps_total,boiler_sum,lamp_sum,co2_injection_sum,vent_sum,solver_failures,steps_expected,season_fraction,truncated,method,seed,test_year,xi_uboil,rng_seed,horizon,max_solver_failures,secs,regen_id,config_hash,git_sha,image
5760,4.633505033605601,18.82551512786217,14.192010094256572,7.289512529497127,2.1524715303685187,4.750026034390926,764786.5520694008,80.99458366107919,15.83342011463642,7.174905101228396,95.22569444444444,275,385.74970149993896,100.0,0,0.0,62.10069444444445,2183,6893.667533874512,2458,2492.141034190952,545.9800039294614,1594.4233554580535,964.8017977790362,0,5760,1.0,False,rule_based,0,2020,,-1,20,100,4.6,regen-v2,637c6b535a9e,unknown,greenhouse-regen:v1
5760,-6.971197553462108,18.221369854828968,25.19256740829108,8.104337951146658,2.1297811298067355,14.95844832733768,740243.1503524268,90.04819945718509,49.86149442445894,7.099270432689119,93.87152777777776,353,601.7383589744568,100.0,0,0.0,51.05902777777778,2819,6172.752422332764,3172,2770.71382839817,1719.3618767216722,1577.6156514270265,1167.395714308131,0,5760,1.0,False,rule_based,0,2021,,-1,20,100,4.6,regen-v2,637c6b535a9e,unknown,greenhouse-regen:v1
5760,1.3275113618985808,17.637418865785413,16.309907503886834,7.499613752832879,2.139634234155769,6.670659516898183,716520.1414225324,83.3290416981431,22.235531722993944,7.132114113852565,95.39930555555556,265,493.4826302528381,100.0,0,0.0,61.11111111111112,2240,5014.862869262695,2505,2563.970514295536,766.7424732707419,1584.9142469795345,1140.604291500547,0,5760,1.0,False,rule_based,0,2022,,-1,20,100,4.5,regen-v2,637c6b535a9e,unknown,greenhouse-regen:v1
5760,-3.8142653819713086,17.52128685038918,21.335552232360484,7.35007553803624,2.3552000843903835,11.630276609933864,711802.2782970604,81.66750597818044,38.76758869977954,7.850666947967945,93.02083333333331,402,549.7288312911987,100.0,0,0.0,53.07291666666667,2703,6248.114597320557,3105,2512.846337649489,1336.8134034486193,1744.592654565445,1265.6447612482766,0,5760,1.0,False,rule_based,0,2023,,-1,20,100,4.5,regen-v2,637c6b535a9e,unknown,greenhouse-regen:v1
5760,8.302170877883274,16.261443498141766,7.95927262025849,4.8081981523312685,2.47064155761201,0.6804329103152116,660621.1421120092,53.42442391479187,2.2681097010507054,8.2354718587067,63.00347222222222,2131,2179.3284816741943,100.0,0,0.0,62.20486111111111,2177,4779.339485168457,4308,1643.8284281435372,78.21067937121967,1830.1048560772676,1481.798398025429,0,5760,1.0,False,sindy_mpc_conf,0,2020,0.0,418524381,20,100,77.9,regen-v2,637c6b535a9e,unknown,greenhouse-regen:v1
5760,-1.688149425846564,7.85276684314602,9.540916268992582,6.715092807892725,1.8197422295127004,1.0060812315871588,319018.65300280706,74.61214230991918,3.353604105290529,6.065807431709001,69.32291666666667,1767,1631.3739852905271,99.94791666666669,3,174.8114013671875,51.49305555555556,2794,6136.3675537109375,4564,2295.758224830388,115.64152111846155,1347.9572071440605,1318.9810100741024,0,5760,1.0,False,sindy_mpc_conf,0,2021,0.0,418524381,20,100,70.0,regen-v2,637c6b535a9e,unknown,greenhouse-regen:v1
5760,-0.1309421936410868,9.359941657944958,9.490883851586045,6.1092104227993325,2.2334486212784626,1.148224807508251,380247.629854014,67.88011580888147,3.827416025027504,7.444828737594875,77.29166666666667,1308,1110.975803375244,99.375,36,5903.935302734375,60.45138888888889,2278,5239.798896789551,3622,2088.61894895082,131.979862752305,1654.4063864048549,1291.317274220807,0,5760,1.0,False,sindy_mpc_conf,0,2022,0.0,418524381,20,100,71.0,regen-v2,637c6b535a9e,unknown,greenhouse-regen:v1
5760,4.503643814969779,12.768486005224258,8.26484219025448,5.253813018746577,2.618125212820808,0.3929039586870949,518719.7439622355,58.3757002082953,1.3096798622903163,8.727084042736026,74.54861111111111,1466,1153.9941129684448,100.0,0,0.0,47.46527777777778,3026,5594.830760955811,4492,1796.1753909143908,45.16137459027525,1939.3520083881187,1705.173564766082,0,5760,1.0,False,sindy_mpc_conf,0,2023,0.0,418524381,20,100,77.2,regen-v2,637c6b535a9e,unknown,greenhouse-regen:v1
5760,0.862010856460663,11.32185305726859,10.459842200807929,4.597240068905768,5.110289078596543,0.7523130533056182,459950.2804515365,51.0804452100641,2.507710177685394,17.03429692865514,67.17013888888889,1891,1629.1347522735596,52.22222222222223,2752,2712459.4477539062,51.61458333333333,2787,6814.064025878906,7430,1571.706006529114,86.47276482411571,3785.3993182086974,1432.2694600850457,0,5760,1.0,False,sindy_mpc_dense,0,2020,0.0392985992927771,3288969182,20,100,68.2,regen-v2,637c6b535a9e,unknown,greenhouse-regen:v1
5760,-6.122503536893297,5.677888915620832,11.800392452514128,5.670571132341841,4.4366590505128345,1.693162269659453,230664.23719709628,63.00634591490935,5.643874232198177,14.788863501709448,75.95486111111111,1385,1000.1487579345704,42.44791666666667,3315,4250811.594848633,49.56597222222222,2905,7427.759521484375,7605,1938.656797749404,194.6163528827114,3286.4141110127894,1159.690846449358,0,5760,1.0,False,sindy_mpc_dense,0,2021,0.0392985992927771,3288969182,20,100,68.5,regen-v2,637c6b535a9e,unknown,greenhouse-regen:v1
5760,-2.4595106766110955,9.355488134309478,11.814998810920574,5.483441103900029,4.101462461232122,2.230095245788424,380066.7054563226,60.92712337666699,7.433650819294748,13.671541537440408,82.8125,990,813.4109077453613,58.99305555555555,2362,2247236.7734375,53.76736111111112,2663,8265.73445892334,6015,1874.680720993836,256.3327869591248,3038.1203403515124,1244.497344851677,0,5760,1.0,False,sindy_mpc_dense,0,2022,0.0392985992927771,3288969182,20,100,68.0,regen-v2,637c6b535a9e,unknown,greenhouse-regen:v1
5760,-3.482057901674502,6.1122824820286805,9.594340383703184,4.499231900098664,4.744314063680933,0.3507944199235859,248311.4758324152,49.99146555665183,1.1693147330786198,15.814380212269777,78.28125,1251,1036.0067110061646,54.39236111111111,2627,2037383.4012451167,37.41319444444444,3605,11748.18452835083,7483,1538.198939642824,40.32119767773813,3514.306714698708,1639.1842230381071,0,5760,1.0,False,sindy_mpc_dense,0,2023,0.0392985992927771,3288969182,20,100,67.6,regen-v2,637c6b535a9e,unknown,greenhouse-regen:v1
5760,0.7602083208694363,11.241306360075416,10.481098039205982,4.587561362019972,5.120635356915683,0.7729013202703267,456678.0708780639,50.97290402244414,2.5763377342344222,17.068784523052276,67.30902777777777,1883,1621.3458976745603,51.90972222222222,2770,2790618.8829345703,51.16319444444445,2813,6885.134635925293,7466,1568.3970466495653,88.83923202070592,3793.063226708873,1432.584308235917,0,5760,1.0,False,sindy_mpc_lowthr,0,2020,0.0392775884691845,4124342315,20,100,65.4,regen-v2,637c6b535a9e,unknown,greenhouse-regen:v1
5760,-6.2073264528947,5.635006365062671,11.842332817957368,5.659774283204093,4.435398200936772,1.7471603338165034,228922.13358067095,62.88638092448992,5.823867779388345,14.784660669789242,76.09375,1377,988.457444190979,42.37847222222222,3319,4344362.815063477,48.83680555555556,2947,7476.308265686035,7643,1934.9655671941769,200.8230268289525,3285.4801478117924,1160.7303735987514,0,5760,1.0,False,sindy_mpc_lowthr,0,2021,0.0392775884691845,4124342315,20,100,65.5,regen-v2,637c6b535a9e,unknown,greenhouse-regen:v1
5760,-2.5783352146395044,9.275239915763509,11.853575130403012,5.4773945549758665,4.113912624866045,2.2622679505611,376806.6215778925,60.85993949973185,7.540893168537001,13.713042082886815,83.03819444444444,977,809.9826898574829,58.75,2376,2269987.8178710938,53.52430555555555,2677,8342.888008117676,6030,1872.6135240831231,260.03079897400943,3047.342684318167,1245.5245259785097,0,5760,1.0,False,sindy_mpc_lowthr,0,2022,0.0392775884691845,4124342315,20,100,65.4,regen-v2,637c6b535a9e,unknown,greenhouse-regen:v1
5760,-3.569596676247926,6.018475521767117,9.58807219801504,4.479990290800815,4.744880664496266,0.3632012427179608,244500.5680717891,49.77766989778684,1.2106708090598692,15.81626888165422,78.31597222222221,1249,1038.4733304977417,54.23611111111111,2636,2082938.9584960935,37.13541666666666,3621,11754.960842132568,7506,1531.6206124716723,41.7472691640526,3514.726419170681,1638.1063343214482,0,5760,1.0,False,sindy_mpc_lowthr,0,2023,0.0392775884691845,4124342315,20,100,65.8,regen-v2,637c6b535a9e,unknown,greenhouse-regen:v1
5760,-3.992791621799831,11.832389626343854,15.825181248143686,7.024978352305491,2.613176147162433,6.187026748675763,480690.8285702191,78.05531502561658,20.62342249558588,8.710587157208112,76.21527777777779,1370,1190.426788330078,90.48611111111111,548,385486.77322387695,66.84027777777779,1910,3469.0286178588867,3828,2401.7020020781315,711.1524998313836,1935.6860352934043,759.7150476329047,0,5760,1.0,False,nn_mpc,0,2020,,-1,20,100,1860.2,regen-v2,637c6b535a9e,unknown,greenhouse-regen:v1
5760,-8.14855619282787,10.777844883616575,18.92640107644445,8.605589305519938,2.52430612674695,7.79650564417756,437849.9483969235,95.61765895022154,25.98835214725853,8.414353755823168,86.54513888888889,775,428.54422760009766,82.44791666666667,1011,444629.994934082,53.87152777777777,2657,4778.610069274902,4443,2942.081814630836,896.150073635711,1869.8563900262536,638.9779471707452,0,5760,1.0,False,nn_mpc,0,2021,,-1,20,100,1883.8,regen-v2,637c6b535a9e,unknown,greenhouse-regen:v1
5225,-6.969096784298532,11.906346697768791,18.87544348206732,7.578287152696367,2.065800167989477,9.23135616138148,483695.3345968571,84.20319058551519,30.77118720460493,6.886000559964923,83.27272727272728,874,495.2468242645264,87.25358851674642,666,444622.8416748047,64.22966507177034,1869,2906.772827148437,3409,2590.867401755307,1061.0754210042512,1530.2223462217678,604.9802590957203,0,5760,0.9071,True,nn_mpc,0,2022,,-1,20,100,1660.5,regen-v2,637c6b535a9e,unknown,greenhouse-regen:v1
5760,-4.667625588776801,8.784138352483726,13.451763941260529,6.83458498477628,2.3391685129649167,4.278010443519331,356855.6205696514,75.93983316418088,14.260034811731105,7.797228376549723,77.39583333333333,1302,745.4782934188843,94.47916666666669,318,151722.0672607422,52.34375,2745,5524.28503036499,4365,2336.610250592953,491.72533844158943,1732.7174165017805,895.5450552008734,0,5760,1.0,False,nn_mpc,0,2023,,-1,20,100,1865.2,regen-v2,637c6b535a9e,unknown,greenhouse-regen:v1
5760,4.633505033605601,18.82551512786217,14.192010094256572,7.289512529497127,2.1524715303685187,4.750026034390926,764786.5520694008,80.99458366107919,15.83342011463642,7.174905101228396,95.22569444444444,275,385.74970149993896,100.0,0,0.0,62.10069444444445,2183,6893.667533874512,2458,2492.141034190952,545.9800039294614,1594.4233554580535,964.8017977790362,0,5760,1.0,False,rule_based,1,2020,,-1,20,100,4.6,regen-v2,637c6b535a9e,unknown,greenhouse-regen:v1
5760,-6.971197553462108,18.221369854828968,25.19256740829108,8.104337951146658,2.1297811298067355,14.95844832733768,740243.1503524268,90.04819945718509,49.86149442445894,7.099270432689119,93.87152777777776,353,601.7383589744568,100.0,0,0.0,51.05902777777778,2819,6172.752422332764,3172,2770.71382839817,1719.3618767216722,1577.6156514270265,1167.395714308131,0,5760,1.0,False,rule_based,1,2021,,-1,20,100,4.6,regen-v2,637c6b535a9e,unknown,greenhouse-regen:v1
5760,1.3275113618985808,17.637418865785413,16.309907503886834,7.499613752832879,2.139634234155769,6.670659516898183,716520.1414225324,83.3290416981431,22.235531722993944,7.132114113852565,95.39930555555556,265,493.4826302528381,100.0,0,0.0,61.11111111111112,2240,5014.862869262695,2505,2563.970514295536,766.7424732707419,1584.9142469795345,1140.604291500547,0,5760,1.0,False,rule_based,1,2022,,-1,20,100,4.7,regen-v2,637c6b535a9e,unknown,greenhouse-regen:v1
5760,-3.8142653819713086,17.52128685038918,21.335552232360484,7.35007553803624,2.3552000843903835,11.630276609933864,711802.2782970604,81.66750597818044,38.76758869977954,7.850666947967945,93.02083333333331,402,549.7288312911987,100.0,0,0.0,53.07291666666667,2703,6248.114597320557,3105,2512.846337649489,1336.8134034486193,1744.592654565445,1265.6447612482766,0,5760,1.0,False,rule_based,1,2023,,-1,20,100,4.7,regen-v2,637c6b535a9e,unknown,greenhouse-regen:v1
5760,-0.633423290475086,10.391954105290752,11.02537739576584,4.839467310160609,6.168532147296012,0.0173779383092187,422173.13552743685,53.77185900178455,0.0579264610307291,20.56177382432004,59.60069444444444,2327,3598.018506526947,47.46527777777778,3026,2917178.8182373047,56.57986111111111,2501,4526.431980133057,7854,1654.51873804908,1.9974641823253128,4569.283071908094,1402.2268378242206,0,5760,1.0,False,sindy_mpc_conf,1,2020,0.0,56809052,20,100,72.7,regen-v2,637c6b535a9e,unknown,greenhouse-regen:v1
5760,-4.918814343637097,7.421742183092436,12.340556526729536,6.666033977182674,5.560539250274354,0.1139832992725074,301508.27618813026,74.06704419091861,0.3799443309083581,18.535130834247845,62.62152777777777,2153,3252.73770737648,46.44097222222222,3085,3196471.0859375,50.364583333333336,2859,4373.689743041992,8097,2278.985975158506,13.10152867532909,4118.917963272292,1191.6881545679958,0,5760,1.0,False,sindy_mpc_conf,1,2021,0.0,56809052,20,100,71.7,regen-v2,637c6b535a9e,unknown,greenhouse-regen:v1
5760,-2.4190002617316155,8.884806303226025,11.30380656495764,5.881468691860958,5.327620131188643,0.0947177419080399,360945.25606855727,65.34965213178842,0.315725806360133,17.758733770628808,62.46527777777777,2162,3756.301844596863,55.92013888888889,2539,2079461.0264892576,66.07638888888889,1954,2954.333507537842,6655,2010.7585271195856,10.88709677167488,3946.3852825296335,1238.1077744589893,0,5760,1.0,False,sindy_mpc_conf,1,2022,0.0,56809052,20,100,75.3,regen-v2,637c6b535a9e,unknown,greenhouse-regen:v1
5760,0.8095263907619122,13.017876282735775,12.208349891973864,5.488810014327935,6.719539877645929,0.0,528851.2239861409,60.98677793697706,0.0,22.398466258819766,61.77083333333333,2202,2382.9282875061035,63.489583333333336,2103,1637612.4750976562,56.26736111111112,2519,3471.0867919921875,6824,1876.5162428535689,0.0,4977.436946120881,1654.4701024983042,0,5760,1.0,False,sindy_mpc_conf,1,2023,0.0,56809052,20,100,79.8,regen-v2,637c6b535a9e,unknown,greenhouse-regen:v1
5760,3.201264227990326,15.125349703581229,11.924085475590903,4.952181784903966,5.7819837393362326,1.1899199513507035,614467.3317079874,55.02424205448852,3.966399837835679,19.273279131120777,62.29166666666666,2172,1917.7188968658447,56.80555555555556,2488,2882189.997680664,62.53472222222223,2158,4070.6946563720703,6818,1693.053601448264,136.77240831358696,4282.950917830612,1370.4085982759009,0,5760,1.0,False,sindy_mpc_dense,1,2020,0.0376178867423374,633731363,20,100,69.6,regen-v2,637c6b535a9e,unknown,greenhouse-regen:v1
5760,-4.273060856784235,9.070723275960848,13.343784132745084,6.567722421998121,5.2298003890140095,1.5462613217329528,368498.1330859094,72.9746935777569,5.154204405776509,17.432667963380034,71.00694444444444,1670,1165.4891395568848,50.45138888888889,2854,3750898.622192383,56.73611111111111,2492,3799.227478027344,7016,2245.3751874452164,177.73118607313458,3873.926214541552,1168.547325132286,0,5760,1.0,False,sindy_mpc_dense,1,2021,0.0376178867423374,633731363,20,100,69.9,regen-v2,637c6b535a9e,unknown,greenhouse-regen:v1
5760,0.0094549914597736,12.297297125796089,12.287842134336312,6.036775186066266,4.836356047747957,1.4147109005220906,499577.6957354661,67.07527984518073,4.715703001740303,16.121186825826523,75.50347222222223,1411,1036.3568706512451,67.03125,1899,2301335.3560791016,71.40625,1647,2694.4235458374023,4957,2063.854763658274,162.6104485398547,3582.4859605913102,1202.426818624368,0,5760,1.0,False,sindy_mpc_dense,1,2022,0.0376178867423374,633731363,20,100,70.1,regen-v2,637c6b535a9e,unknown,greenhouse-regen:v1
5760,-1.156001738472612,10.94117957691695,12.097181315389562,5.543897329862589,6.059781601089946,0.4935023844370267,444485.4203122511,61.59885922069544,1.6450079481234223,20.199272003633155,67.10069444444444,1895,1540.9805574417114,67.01388888888889,1900,1724957.5043945312,55.72916666666666,2550,3433.899436950684,6345,1895.349513797207,56.72441193865591,4488.727111523086,1633.5504826838037,0,5760,1.0,False,sindy_mpc_dense,1,2023,0.0376178867423374,633731363,20,100,69.9,regen-v2,637c6b535a9e,unknown,greenhouse-regen:v1
5760,3.205306563773416,15.126815708982203,11.921509145208786,4.9522090446221565,5.7810082840986015,1.1882918164880287,614526.888177402,55.02454494024619,3.9609727216267623,19.270027613662005,62.27430555555556,2173,1916.2023992538448,56.857638888888886,2485,2880983.8157958984,62.482638888888886,2161,4072.4557151794434,6819,1693.0629226958715,136.5852662899758,4282.228357974002,1370.48075889495,0,5760,1.0,False,sindy_mpc_lowthr,1,2020,0.0376178848223028,2804785410,20,100,69.2,regen-v2,637c6b535a9e,unknown,greenhouse-regen:v1
5760,-4.281895676573866,9.06904080243839,13.350936479012256,6.570075349464924,5.24228235830774,1.5385787712395915,368429.7825990596,73.00083721627693,5.128595904131972,17.47427452769247,70.98958333333333,1671,1175.5939645767212,50.46874999999999,2853,3732455.255569458,56.63194444444445,2498,3768.267082214356,7022,2246.179606628123,176.84813430341512,3883.172117119948,1169.4972230845492,0,5760,1.0,False,sindy_mpc_lowthr,1,2021,0.0376178848223028,2804785410,20,100,68.6,regen-v2,637c6b535a9e,unknown,greenhouse-regen:v1
5760,0.0073284161146696,12.280705292996815,12.27337687688215,6.040267772341791,4.833560209000655,1.399548895539704,498903.65252799576,67.11408635935324,4.665162985132347,16.11186736333552,75.67708333333333,1401,1023.9545793533324,66.96180555555556,1903,2301750.209960937,71.00694444444444,1670,2720.8774757385254,4974,2065.048810339709,160.86768932529793,3580.414969939767,1201.483022876596,0,5760,1.0,False,sindy_mpc_lowthr,1,2022,0.0376178848223028,2804785410,20,100,69.7,regen-v2,637c6b535a9e,unknown,greenhouse-regen:v1
5760,-1.1484115216876456,10.954357448262709,12.102768969950352,5.539763827664372,6.055712116410227,0.5072930258757551,445020.77133567247,61.55293141849302,1.6909767529191837,20.18570705470076,67.10069444444444,1895,1532.8732995986938,66.96180555555556,1903,1738084.3935546875,55.64236111111112,2555,3445.757278442383,6353,1893.936352307709,58.30954331976126,4485.712678669164,1633.0445177039885,0,5760,1.0,False,sindy_mpc_lowthr,1,2023,0.0376178848223028,2804785410,20,100,69.7,regen-v2,637c6b535a9e,unknown,greenhouse-regen:v1
5760,-0.6714831836786194,11.053345287407309,11.724828471085928,5.917515533587235,2.9021243525205644,2.9051885849781263,449042.15230092185,65.75017259541372,9.683961949927088,9.673747841735215,69.49652777777777,1757,1709.366455078125,86.02430555555556,805,732844.3599853516,70.13888888888889,1720,2911.4349822998047,4282,2023.082234929224,333.9297222843408,2149.7217416083868,801.1294928159955,0,5760,1.0,False,nn_mpc,1,2020,,-1,20,100,1988.5,regen-v2,637c6b535a9e,unknown,greenhouse-regen:v1
5760,-6.507997816376268,9.00323649700889,15.511234313385158,7.421556636465096,2.702197493020848,5.387480183899214,365756.4826909862,82.46174040516775,17.95826727966405,9.00732497673616,76.16319444444444,1373,1153.8113489151,81.28472222222223,1078,890605.6833496094,55.625,2556,4437.834907531738,5007,2537.2843215968524,619.2505957015271,2001.6277738172987,625.6742371721597,0,5760,1.0,False,nn_mpc,1,2021,,-1,20,100,1919.2,regen-v2,637c6b535a9e,unknown,greenhouse-regen:v1
5760,-3.706552206122841,11.757496586979576,15.464048793102418,6.884870562901796,2.675046524304196,5.904131705896424,477648.2988460453,76.49856181001995,19.68043901965475,8.916821747680652,73.00347222222221,1555,1481.3069849014282,86.02430555555556,805,720255.4439697266,63.38541666666667,2109,3454.3730545043945,4469,2353.801902361079,678.6358284392813,1981.515944822188,786.6767233818333,0,5760,1.0,False,nn_mpc,1,2022,,-1,20,100,1872.7,regen-v2,637c6b535a9e,unknown,greenhouse-regen:v1
5760,-3.004655802425559,9.249743651749704,12.254399454175264,6.265320306114317,2.660653255081598,3.3284258929793475,375770.8358523318,69.61467006793686,11.094752976597826,8.868844183605328,76.37152777777779,1361,1037.2474250793457,93.48958333333334,375,314119.20861816406,54.46180555555556,2623,4332.501983642578,4359,2141.9898494390263,382.5776885148697,1970.8542638950744,840.9850118915783,0,5760,1.0,False,nn_mpc,1,2023,,-1,20,100,1848.3,regen-v2,637c6b535a9e,unknown,greenhouse-regen:v1
5760,4.633505033605601,18.82551512786217,14.192010094256572,7.289512529497127,2.1524715303685187,4.750026034390926,764786.5520694008,80.99458366107919,15.83342011463642,7.174905101228396,95.22569444444444,275,385.74970149993896,100.0,0,0.0,62.10069444444445,2183,6893.667533874512,2458,2492.141034190952,545.9800039294614,1594.4233554580535,964.8017977790362,0,5760,1.0,False,rule_based,10,2020,,-1,20,100,4.7,regen-v2,637c6b535a9e,unknown,greenhouse-regen:v1
5760,-6.971197553462108,18.221369854828968,25.19256740829108,8.104337951146658,2.1297811298067355,14.95844832733768,740243.1503524268,90.04819945718509,49.86149442445894,7.099270432689119,93.87152777777776,353,601.7383589744568,100.0,0,0.0,51.05902777777778,2819,6172.752422332764,3172,2770.71382839817,1719.3618767216722,1577.6156514270265,1167.395714308131,0,5760,1.0,False,rule_based,10,2021,,-1,20,100,4.6,regen-v2,637c6b535a9e,unknown,greenhouse-regen:v1
5760,1.3275113618985808,17.637418865785413,16.309907503886834,7.499613752832879,2.139634234155769,6.670659516898183,716520.1414225324,83.3290416981431,22.235531722993944,7.132114113852565,95.39930555555556,265,493.4826302528381,100.0,0,0.0,61.11111111111112,2240,5014.862869262695,2505,2563.970514295536,766.7424732707419,1584.9142469795345,1140.604291500547,0,5760,1.0,False,rule_based,10,2022,,-1,20,100,4.6,regen-v2,637c6b535a9e,unknown,greenhouse-regen:v1
5760,-3.8142653819713086,17.52128685038918,21.335552232360484,7.35007553803624,2.3552000843903835,11.630276609933864,711802.2782970604,81.66750597818044,38.76758869977954,7.850666947967945,93.02083333333331,402,549.7288312911987,100.0,0,0.0,53.07291666666667,2703,6248.114597320557,3105,2512.846337649489,1336.8134034486193,1744.592654565445,1265.6447612482766,0,5760,1.0,False,rule_based,10,2023,,-1,20,100,4.5,regen-v2,637c6b535a9e,unknown,greenhouse-regen:v1
5760,-0.9536840941499958,11.96713644908876,12.920820543238756,4.599567339241483,2.3262858607183627,5.99496734327891,486164.9182442309,51.106303769349815,19.98322447759637,7.7542862023945425,46.5625,3078,4849.140362739563,100.0,0,0.0,67.89930555555556,1849,3883.582160949707,4927,1572.5016561458915,689.0767062886698,1723.1747113411416,1435.8279287656592,0,5760,1.0,False,sindy_mpc_conf,10,2020,0.0,3514091590,20,100,74.0,regen-v2,637c6b535a9e,unknown,greenhouse-regen:v1
5760,-3.209733987838967,8.026678581400528,11.236412569239494,6.209226882511647,1.8223019222956816,3.2048837644321653,326083.81736939645,68.99140980568497,10.682945881440553,6.0743397409856055,52.62152777777778,2729,4313.241135835648,99.23611111111111,44,28884.65478515625,56.54513888888889,2503,5596.908020019531,5276,2122.81260877637,368.3774443844708,1349.853276133363,1343.7665197105553,0,5760,1.0,False,sindy_mpc_conf,10,2021,0.0,3514091590,20,100,74.7,regen-v2,637c6b535a9e,unknown,greenhouse-regen:v1
5760,-2.756344536573669,10.333979533906511,13.09032407048018,5.133624744618148,2.209510324846536,5.747189001015495,419817.918564952,57.04027494020164,19.15729667005165,7.365034416155121,53.83680555555556,2659,5153.029931545258,96.00694444444444,230,185706.4670410156,64.21875,2061,4062.5033416748047,4950,1755.085382372213,660.5964368398558,1636.6743133520747,1303.301503952102,0,5760,1.0,False,sindy_mpc_conf,10,2022,0.0,3514091590,20,100,78.6,regen-v2,637c6b535a9e,unknown,greenhouse-regen:v1
5760,-1.280826951208701,9.070455579542545,10.351282530751243,5.024055975241158,2.329818622421524,2.997407933088565,368487.2579189159,55.8228441693462,9.991359776961882,7.766062074738413,51.78819444444444,2777,3588.492958068848,100.0,0,0.0,54.56597222222223,2617,4481.003082275391,5394,1717.6259734545956,344.5296474213962,1725.7915720426056,1674.34052428393,0,5760,1.0,False,sindy_mpc_conf,10,2023,0.0,3514091590,20,100,72.8,regen-v2,637c6b535a9e,unknown,greenhouse-regen:v1
5760,3.3361816192903637,14.212279642809182,10.87609802351882,4.609319771111483,4.990576413674431,1.2762018387329048,577373.860489123,51.21466412346093,4.254006129109683,16.635254712248102,66.26736111111111,1943,1830.157922744751,60.46875000000001,2277,2876537.4462890625,50.78125,2835,6046.67183303833,7055,1575.8358192700755,146.68986648448458,3696.723268453723,1396.6126134490078,0,5760,1.0,False,sindy_mpc_dense,10,2020,0.0312393228259602,3234821629,20,100,70.5,regen-v2,637c6b535a9e,unknown,greenhouse-regen:v1
5760,-4.980663357031437,8.081788058828728,13.062451415860163,6.037489429914123,4.504511124126073,2.520450861819969,328322.6398899171,67.0832158879347,8.40150287273323,15.015037080420244,76.85763888888889,1333,1083.9858675003052,49.895833333333336,2886,4326281.2284088135,44.09722222222222,3220,7357.642234802246,7439,2064.098951311745,289.7069955735883,3336.6749057782554,1184.901690664551,0,5760,1.0,False,sindy_mpc_dense,10,2021,0.0312393228259602,3234821629,20,100,71.2,regen-v2,637c6b535a9e,unknown,greenhouse-regen:v1
5760,-0.6061455953456165,11.932480210092129,12.538625805437745,5.688509151056183,4.004852072172588,2.845264582208971,484757.0085349926,63.20565723395759,9.484215274029903,13.34950690724196,83.59375,945,679.5540418624878,65.88541666666666,1965,2936359.8868408203,53.97569444444444,2651,6209.444915771484,5561,1944.7894521410965,327.04190589024165,2966.557089910015,1200.236616666475,0,5760,1.0,False,sindy_mpc_dense,10,2022,0.0312393228259602,3234821629,20,100,71.2,regen-v2,637c6b535a9e,unknown,greenhouse-regen:v1
5760,-0.8796155085725583,9.402150685630664,10.281766194203222,4.960603537793917,4.720470462255634,0.6006921941536719,381962.3716037457,55.11781708659908,2.002307313845573,15.734901540852116,77.63888888888889,1288,1128.3541479110718,68.92361111111111,1790,1732459.7451171875,38.88888888888889,3520,7687.121200561523,6598,1695.9328337031204,69.0450800205735,3496.644787370831,1634.418239056105,0,5760,1.0,False,sindy_mpc_dense,10,2023,0.0312393228259602,3234821629,20,100,70.6,regen-v2,637c6b535a9e,unknown,greenhouse-regen:v1
5760,3.34733095398201,14.225952801814252,10.878621847832244,4.610115985191094,4.991045490869832,1.2774603717713164,577929.332573704,51.22351094656771,4.258201239237722,16.63681830289944,66.21527777777779,1946,1833.334991455078,60.50347222222222,2275,2873899.116210937,50.81597222222223,2833,6050.811180114746,7054,1576.1080283920278,146.8345255551618,3697.0707328532058,1396.4881818955766,0,5760,1.0,False,sindy_mpc_lowthr,10,2020,0.0312329091819717,4016650870,20,100,68.9,regen-v2,637c6b535a9e,unknown,greenhouse-regen:v1
5760,-4.978402374499624,8.081521243382053,13.05992361788168,6.038735298686625,4.503653143845439,2.517535175349614,328311.8005123959,67.09705887429584,8.391783917832047,15.012177146151462,76.73611111111111,1340,1089.3284921646118,49.87847222222222,2887,4332664.151107788,44.02777777777778,3224,7371.775238037109,7451,2064.524888498649,289.3718593974032,3336.0393655669463,1184.8769520901787,0,5760,1.0,False,sindy_mpc_lowthr,10,2021,0.0312329091819717,4016650870,20,100,70.2,regen-v2,637c6b535a9e,unknown,greenhouse-regen:v1
5760,-0.665095956093313,11.986039355090702,12.651135311184015,5.684012936251084,3.995319684931766,2.971802690001164,486932.84880055976,63.15569929167871,9.906008966670548,13.317732283105888,83.83680555555556,931,656.9465065002441,65.625,1980,2944674.2163085938,53.75,2664,6292.5920753479,5575,1943.2522867011216,341.586515930353,2959.496063793259,1201.3956718511245,0,5760,1.0,False,sindy_mpc_lowthr,10,2022,0.0312329091819717,4016650870,20,100,70.3,regen-v2,637c6b535a9e,unknown,greenhouse-regen:v1
5760,-0.8767248810700512,9.407024800542484,10.283749681612536,4.961508592559472,4.720691047788503,0.6015500412645604,382160.3825220384,55.127873250660805,2.005166804215201,15.735636825961675,77.63888888888889,1288,1124.2090454101562,68.95833333333333,1788,1731449.0006103516,39.02777777777778,3512,7678.388191223144,6588,1696.242253451095,69.1436828157575,3496.808183562855,1634.2172971251148,0,5760,1.0,False,sindy_mpc_lowthr,10,2023,0.0312329091819717,4016650870,20,100,71.1,regen-v2,637c6b535a9e,unknown,greenhouse-regen:v1
5760,-4.061101480307942,10.35683500518175,14.417936485489692,6.479014679999558,2.3883509039252595,5.550570901564876,420746.4220855087,71.9890519999951,18.501903005216253,7.961169679750865,73.88888888888889,1504,1051.4195404052734,97.93402777777776,119,26042.95767211914,65.01736111111111,2015,3445.9562759399414,3638,2215.047752558909,637.9966548965208,1769.1488182422795,665.7145787895295,0,5760,1.0,False,nn_mpc,10,2020,,-1,20,100,1933.2,regen-v2,637c6b535a9e,unknown,greenhouse-regen:v1
5760,-8.737509365851961,9.800810035197449,18.538319401049414,8.431592276947013,2.1998522319657843,7.906874892136614,398157.9076798964,93.6843586327446,26.35624964045538,7.3328407732192815,84.77430555555556,877,925.7088862657548,97.72569444444444,131,32655.290313720703,52.10069444444444,2759,4962.335250854492,3767,2882.595652034641,908.836193878517,1629.520172714732,576.7539890070552,0,5760,1.0,False,nn_mpc,10,2021,,-1,20,100,1859.4,regen-v2,637c6b535a9e,unknown,greenhouse-regen:v1
5219,-7.0243332675640255,10.705304696634323,17.729637964198353,7.286637609050395,2.097251732822852,8.345748622325104,434903.0033007695,80.96264010055995,27.81916207441701,6.990839109409508,82.39126269400269,919,1036.0430483818054,98.1222456409274,98,22095.205444335938,64.95497221689979,1829,3371.016300201416,2846,2491.158156407003,959.2814508797176,1553.5198021271376,560.6204322304121,0,5760,0.9061,True,nn_mpc,10,2022,,-1,20,100,1668.7,regen-v2,637c6b535a9e,unknown,greenhouse-regen:v1
5320,-3.246212640462187,8.337549616383804,11.58376225684599,6.236938910065335,2.4470620481375,2.899761298643156,338712.95316559204,69.29932122294818,9.665870995477189,8.156873493791668,78.43984962406016,1147,696.7785425186157,96.84210526315788,168,37352.755859375,47.66917293233083,2784,5589.057838439941,4099,2132.286806385661,333.30589643134635,1812.638553895311,615.8638841947718,0,5760,0.9236,True,nn_mpc,10,2023,,-1,20,100,1691.2,regen-v2,637c6b535a9e,unknown,greenhouse-regen:v1
5760,4.633505033605601,18.82551512786217,14.192010094256572,7.289512529497127,2.1524715303685187,4.750026034390926,764786.5520694008,80.99458366107919,15.83342011463642,7.174905101228396,95.22569444444444,275,385.74970149993896,100.0,0,0.0,62.10069444444445,2183,6893.667533874512,2458,2492.141034190952,545.9800039294614,1594.4233554580535,964.8017977790362,0,5760,1.0,False,rule_based,11,2020,,-1,20,100,4.5,regen-v2,637c6b535a9e,unknown,greenhouse-regen:v1
5760,-6.971197553462108,18.221369854828968,25.19256740829108,8.104337951146658,2.1297811298067355,14.95844832733768,740243.1503524268,90.04819945718509,49.86149442445894,7.099270432689119,93.87152777777776,353,601.7383589744568,100.0,0,0.0,51.05902777777778,2819,6172.752422332764,3172,2770.71382839817,1719.3618767216722,1577.6156514270265,1167.395714308131,0,5760,1.0,False,rule_based,11,2021,,-1,20,100,4.5,regen-v2,637c6b535a9e,unknown,greenhouse-regen:v1
5760,1.3275113618985808,17.637418865785413,16.309907503886834,7.499613752832879,2.139634234155769,6.670659516898183,716520.1414225324,83.3290416981431,22.235531722993944,7.132114113852565,95.39930555555556,265,493.4826302528381,100.0,0,0.0,61.11111111111112,2240,5014.862869262695,2505,2563.970514295536,766.7424732707419,1584.9142469795345,1140.604291500547,0,5760,1.0,False,rule_based,11,2022,,-1,20,100,4.7,regen-v2,637c6b535a9e,unknown,greenhouse-regen:v1
5760,-3.8142653819713086,17.52128685038918,21.335552232360484,7.35007553803624,2.3552000843903835,11.630276609933864,711802.2782970604,81.66750597818044,38.76758869977954,7.850666947967945,93.02083333333331,402,549.7288312911987,100.0,0,0.0,53.07291666666667,2703,6248.114597320557,3105,2512.846337649489,1336.8134034486193,1744.592654565445,1265.6447612482766,0,5760,1.0,False,rule_based,11,2023,,-1,20,100,4.7,regen-v2,637c6b535a9e,unknown,greenhouse-regen:v1
5760,-0.9416752733712364,11.90170319199936,12.843378465370598,4.53054797196307,2.3993103941924927,5.913520099215034,483506.692174974,50.33942191070079,19.71173366405011,7.997701313974976,47.36111111111111,3032,5144.992118835449,100.0,0,0.0,68.24652777777777,1829,3870.814426422119,4861,1548.905291222551,679.7149537639605,1777.2669578594175,1382.641284110653,0,5760,1.0,False,sindy_mpc_conf,11,2020,0.0,118137717,20,100,72.6,regen-v2,637c6b535a9e,unknown,greenhouse-regen:v1
5760,-3.32891353814839,7.964514365590426,11.293427903738817,6.188371165981865,1.92584465984278,3.1792120779141704,323558.39610211103,68.75967962202073,10.597373593047235,6.419482199475932,52.10069444444444,2759,4573.026314258575,99.32291666666669,39,23427.1689453125,57.20486111111112,2465,5393.723815917969,5263,2115.682450918425,365.4266756881434,1426.5515995185178,1325.221801233981,0,5760,1.0,False,sindy_mpc_conf,11,2021,0.0,118137717,20,100,72.7,regen-v2,637c6b535a9e,unknown,greenhouse-regen:v1
5760,-2.742565642877312,10.328667866653705,13.071233509531016,5.098166107966543,2.343780880872697,5.629286520691776,419602.1320828067,56.64629008851715,18.76428840230592,7.812602936242325,52.88194444444444,2714,5399.1886529922485,96.94444444444444,176,145795.5538330078,64.56597222222223,2041,3831.355567932129,4931,1742.9627717162823,647.0444275357125,1736.133986103205,1260.814021427677,0,5760,1.0,False,sindy_mpc_conf,11,2022,0.0,118137717,20,100,76.1,regen-v2,637c6b535a9e,unknown,greenhouse-regen:v1
5760,-1.7539087197480543,8.736115645168363,10.49002436491642,4.980834346447619,2.5669004710405683,2.942289547428231,354904.6980849648,55.34260384941799,9.80763182476077,8.556334903468562,51.19791666666666,2811,3811.360906600952,100.0,0,0.0,54.35763888888889,2629,4459.934841156006,5440,1702.8493502160993,338.19420088392235,1901.407755767882,1629.6905356970933,0,5760,1.0,False,sindy_mpc_conf,11,2023,0.0,118137717,20,100,71.6,regen-v2,637c6b535a9e,unknown,greenhouse-regen:v1
5760,1.8072207594246108,14.190020645834451,12.38279988640984,4.789235717439823,5.7457834638963305,1.8477807050736872,576469.5887370246,53.21373019377581,6.159269016912291,19.152611546321104,69.39236111111111,1763,1555.028688430786,50.06944444444444,2876,3971956.693847656,55.57291666666667,2559,5410.170520782471,7198,1637.345543385365,212.38858675299707,4256.135897225912,1309.3221847024697,0,5760,1.0,False,sindy_mpc_dense,11,2020,0.0359082871084722,1239938400,20,100,69.1,regen-v2,637c6b535a9e,unknown,greenhouse-regen:v1
5760,-5.516113545139728,8.460151430751214,13.97626497589094,6.2486022013409706,4.729018059728729,2.998644714821242,343693.651874268,69.42891334823301,9.995482382737473,15.763393532429095,78.80208333333333,1221,902.2205619812012,47.8125,3006,5746227.607467651,47.29166666666666,3036,7116.664009094238,7263,2136.2742579070555,344.67180601546494,3502.976340693915,1093.40060804263,0,5760,1.0,False,sindy_mpc_dense,11,2021,0.0359082871084722,1239938400,20,100,71.1,regen-v2,637c6b535a9e,unknown,greenhouse-regen:v1
5760,-0.9141954957977636,11.575189891755702,12.489385387553469,5.706971083106932,4.610092176933662,2.1723221275128743,470242.0893525755,63.41078981229925,7.241073758376248,15.366973923112209,79.35763888888889,1189,848.362247467041,64.87847222222223,2023,3419044.521850586,61.545138888888886,2215,4449.543872833252,5427,1951.101225253612,249.69219844807077,3414.883093608042,1165.9335317092036,0,5760,1.0,False,sindy_mpc_dense,11,2022,0.0359082871084722,1239938400,20,100,71.2,regen-v2,637c6b535a9e,unknown,greenhouse-regen:v1
5760,-2.668853715207653,9.424912490206887,12.09376620541454,5.208989364313429,5.929442200036441,0.95533464106467,382887.0699146548,57.87765960348255,3.1844488035489005,19.764807333454804,69.98263888888889,1729,1334.4548234939575,62.98611111111111,2132,2775983.153442383,50.29513888888889,2863,5053.446708679199,6724,1780.851064186595,109.80857950382976,4392.179406376125,1566.8662038315838,0,5760,1.0,False,sindy_mpc_dense,11,2023,0.0359082871084722,1239938400,20,100,70.3,regen-v2,637c6b535a9e,unknown,greenhouse-regen:v1
5760,-0.7104617882550834,13.195267175128636,13.90572896338372,5.042318502949228,5.589652787603393,3.2737576728310973,536057.7289896008,56.02576114388031,10.912525576103658,18.63217595867798,68.88888888888889,1792,2911.8614864349365,48.420138888888886,2971,6796096.958374023,55.19097222222222,2581,6050.686000823975,7344,1723.8695737286912,376.2939854203543,4140.483546879715,1249.1262934553747,0,5760,1.0,False,sindy_mpc_lowthr,11,2020,0.0359217418772368,1134734204,20,100,71.0,regen-v2,637c6b535a9e,unknown,greenhouse-regen:v1
5760,-5.529871048382045,8.455491243179914,13.98536229156196,6.251937514999714,4.7298807526212965,3.0035440239409485,343504.331754184,69.46597238888572,10.011813413136496,15.766269175404322,78.66319444444444,1229,908.774600982666,47.795138888888886,3007,5744587.502380371,47.25694444444444,3038,7080.75220489502,7274,2137.4145352038186,345.2349448504855,3503.6153727259275,1092.7139218881243,0,5760,1.0,False,sindy_mpc_lowthr,11,2021,0.0359217418772368,1134734204,20,100,69.1,regen-v2,637c6b535a9e,unknown,greenhouse-regen:v1
5760,-0.9011208544311518,11.576536741396191,12.477657595827344,5.707212009066596,4.602848082699038,2.167597504061711,470296.8051192203,63.41346676740662,7.225325013539036,15.342826942330126,79.40972222222223,1186,842.5556259155273,64.84375,2025,3441008.697631836,61.37152777777778,2225,4487.167133331299,5436,1951.183592234504,249.14913850828825,3409.5170981784745,1165.2187376349173,0,5760,1.0,False,sindy_mpc_lowthr,11,2022,0.0359217418772368,1134734204,20,100,69.2,regen-v2,637c6b535a9e,unknown,greenhouse-regen:v1
5760,-2.6610369645345253,9.446823406472904,12.107860371007432,5.213456047859562,5.939930240280333,0.9544740828675374,383777.2008879618,57.92728942066181,3.181580276225125,19.79976746760111,69.79166666666666,1740,1346.028042793274,63.21180555555556,2119,2755875.059692383,50.0,2880,4981.52713394165,6739,1782.3781358048125,109.70966463057664,4399.948325037438,1568.8072241539712,0,5760,1.0,False,sindy_mpc_lowthr,11,2023,0.0359217418772368,1134734204,20,100,69.4,regen-v2,637c6b535a9e,unknown,greenhouse-regen:v1
3691,-5.168769573329081,6.962215824030343,12.130985397359424,5.242389331209698,2.269584853665904,4.619011212483821,282840.01785123267,58.24877034677443,15.396704041612738,7.565282845553014,74.15334597670008,954,1355.5603976249697,82.98564074776483,628,294676.4246826172,71.66079653210512,1046,1873.4333419799805,2628,1792.269856975548,530.9208288400662,1681.1739652522203,382.0920600605943,0,5760,0.6408,True,nn_mpc,11,2020,,-1,20,100,1221.2,regen-v2,637c6b535a9e,unknown,greenhouse-regen:v1
5760,-9.789240317802946,9.37662863983096,19.165868957633904,9.10232569129024,3.161293365138832,6.902249901204833,380925.5384931328,101.13695212544714,23.007499670682776,10.537644550462772,81.80555555555556,1048,1720.4553275108335,84.82638888888889,874,347545.08056640625,58.10763888888889,2413,4918.450191497803,4335,3111.9062188383136,793.3620575410972,2341.6987882676112,627.8773676890306,0,5760,1.0,False,nn_mpc,11,2021,,-1,20,100,1832.3,regen-v2,637c6b535a9e,unknown,greenhouse-regen:v1
4460,-7.595840976923083,7.943971224242008,15.539812201165091,7.561038619412665,2.058134170192804,5.9206394115596215,322723.8309848316,84.01154021569629,19.73546470519874,6.860447233976014,72.847533632287,1211,2882.6360759735107,92.98206278026906,313,88706.56994628906,71.7713004484305,1259,2390.930992126465,2783,2584.9704691993265,680.5332657720721,1524.5438292411263,457.10427574226594,0,5760,0.7743,True,nn_mpc,11,2022,,-1,20,100,1363.1,regen-v2,637c6b535a9e,unknown,greenhouse-regen:v1
5319,-6.026908235255499,7.979661158760123,14.006569394015624,6.670898769104466,3.032108455743857,4.303562169167299,324173.73457463,74.12109743449406,14.345207230557664,10.107028185812856,82.30870464373002,941,904.1414442062378,88.87008836247415,592,186421.3570556641,53.28069185937206,2485,5050.690589904785,4018,2280.6491514361437,494.6623179842649,2246.006264626101,653.6118685081626,0,5760,0.9234,True,nn_mpc,11,2023,,-1,20,100,1706.4,regen-v2,637c6b535a9e,unknown,greenhouse-regen:v1
5760,4.633505033605601,18.82551512786217,14.192010094256572,7.289512529497127,2.1524715303685187,4.750026034390926,764786.5520694008,80.99458366107919,15.83342011463642,7.174905101228396,95.22569444444444,275,385.74970149993896,100.0,0,0.0,62.10069444444445,2183,6893.667533874512,2458,2492.141034190952,545.9800039294614,1594.4233554580535,964.8017977790362,0,5760,1.0,False,rule_based,12,2020,,-1,20,100,4.6,regen-v2,637c6b535a9e,unknown,greenhouse-regen:v1
5760,-6.971197553462108,18.221369854828968,25.19256740829108,8.104337951146658,2.1297811298067355,14.95844832733768,740243.1503524268,90.04819945718509,49.86149442445894,7.099270432689119,93.87152777777776,353,601.7383589744568,100.0,0,0.0,51.05902777777778,2819,6172.752422332764,3172,2770.71382839817,1719.3618767216722,1577.6156514270265,1167.395714308131,0,5760,1.0,False,rule_based,12,2021,,-1,20,100,4.7,regen-v2,637c6b535a9e,unknown,greenhouse-regen:v1
5760,1.3275113618985808,17.637418865785413,16.309907503886834,7.499613752832879,2.139634234155769,6.670659516898183,716520.1414225324,83.3290416981431,22.235531722993944,7.132114113852565,95.39930555555556,265,493.4826302528381,100.0,0,0.0,61.11111111111112,2240,5014.862869262695,2505,2563.970514295536,766.7424732707419,1584.9142469795345,1140.604291500547,0,5760,1.0,False,rule_based,12,2022,,-1,20,100,4.9,regen-v2,637c6b535a9e,unknown,greenhouse-regen:v1
5760,-3.8142653819713086,17.52128685038918,21.335552232360484,7.35007553803624,2.3552000843903835,11.630276609933864,711802.2782970604,81.66750597818044,38.76758869977954,7.850666947967945,93.02083333333331,402,549.7288312911987,100.0,0,0.0,53.07291666666667,2703,6248.114597320557,3105,2512.846337649489,1336.8134034486193,1744.592654565445,1265.6447612482766,0,5760,1.0,False,rule_based,12,2023,,-1,20,100,4.8,regen-v2,637c6b535a9e,unknown,greenhouse-regen:v1
5760,-1.4757727700817558,11.950401093824038,13.426173863905792,4.610454922281312,2.4834286274918638,6.332290314132621,485485.0444366016,51.2272769142368,21.10763438044207,8.278095424972879,48.69791666666667,2955,4464.184726715088,100.0,0,0.0,64.72222222222223,2032,4248.1104736328125,4987,1576.2239062206886,727.8494614295121,1839.576761015902,1476.5912601294438,0,5760,1.0,False,sindy_mpc_conf,12,2020,0.0,2620518588,20,100,76.5,regen-v2,637c6b535a9e,unknown,greenhouse-regen:v1
5760,-3.3927416498784524,7.967942328587725,11.360683978466176,6.246190941369648,1.937723912173191,3.176769124923337,323697.6570988763,69.40212157077387,10.589230416411125,6.45907970724397,54.44444444444444,2624,4188.536987781525,99.51388888888889,28,10752.349853515623,54.02777777777777,2648,5539.583023071289,5300,2135.44989347054,365.1458763873582,1435.3510468706952,1380.0523724986342,0,5760,1.0,False,sindy_mpc_conf,12,2021,0.0,2620518588,20,100,76.0,regen-v2,637c6b535a9e,unknown,greenhouse-regen:v1
5760,-2.968975090904713,10.254474545825056,13.22344963672977,5.178243007417734,2.435212787347211,5.609993841964823,416588.0284241429,57.536033415752605,18.699979473216075,8.117375957824036,54.98263888888889,2593,4993.753314495087,97.2222222222222,160,117865.05493164062,62.55208333333333,2157,4023.551216125488,4910,1770.3394895615538,644.8268784270883,1803.8613229586408,1335.621604475537,0,5760,1.0,False,sindy_mpc_conf,12,2022,0.0,2620518588,20,100,78.7,regen-v2,637c6b535a9e,unknown,greenhouse-regen:v1
5760,-2.548398763391313,8.219182742555263,10.767581505946575,5.039542766114813,2.6258773439249747,3.102161395906788,333904.2989163076,55.99491962349793,10.34053798635596,8.752924479749916,53.61111111111111,2672,3262.598847389221,100.0,0,0.0,52.15277777777778,2756,4716.381576538086,5428,1722.9206042267165,356.5702752426061,1945.0943298291747,1707.2518670823251,0,5760,1.0,False,sindy_mpc_conf,12,2023,0.0,2620518588,20,100,73.8,regen-v2,637c6b535a9e,unknown,greenhouse-regen:v1
5760,4.815436000549509,14.533818531215264,9.718382530665757,4.968967633441352,4.5538573148770976,0.1955575823473066,590436.3778306202,55.210751482681694,0.6518586078243553,15.17952438292366,67.86458333333333,1851,1762.932059288025,78.88888888888889,1216,762439.8223876953,60.65972222222222,2266,4514.304470062256,5333,1698.7923528816086,22.477883021243265,3373.227640978181,1434.0371168526426,0,5760,1.0,False,sindy_mpc_dense,12,2020,0.0399524320129692,2415129324,20,100,70.7,regen-v2,637c6b535a9e,unknown,greenhouse-regen:v1
5760,0.3711483953250692,11.6741488085095,11.303000413184431,6.93004968454991,3.773494793557518,0.5994559350770026,474262.2953456985,77.00055205055456,1.9981864502566755,12.57831597852506,73.81944444444444,1508,1126.9330940246582,85.26041666666667,849,395335.676361084,55.36458333333333,2571,4973.191581726074,4928,2369.247755578316,68.90298115029263,2795.181326860278,1314.787206583918,0,5760,1.0,False,sindy_mpc_dense,12,2021,0.0399524320129692,2415129324,20,100,70.4,regen-v2,637c6b535a9e,unknown,greenhouse-regen:v1
5223,2.1176502342668524,11.832775115353083,9.715124881086233,6.126718580856549,3.229644371481541,0.3587619287481404,480706.48906121904,68.0746508984061,1.1958730958271346,10.765481238271803,79.60941987363584,1065,821.0134906768799,87.88052843193567,633,287447.3408203125,60.788818686578594,2048,4030.1389350891113,3746,2094.604643920523,41.23700333572111,2392.3291631523343,1084.3890574312795,0,5760,0.9068,True,sindy_mpc_dense,12,2022,0.0399524320129692,2415129324,20,100,65.1,regen-v2,637c6b535a9e,unknown,greenhouse-regen:v1
5760,1.248807537471299,11.531759427597525,10.282951890126226,5.563090731085998,4.58220315253932,0.1376580065009066,468477.7267461494,61.81211923428887,0.4588600216696887,15.2740105084644,78.83680555555556,1219,924.928032875061,84.30555555555556,904,467392.6282958984,48.35069444444444,2975,5468.411869049072,5098,1901.9113607725187,15.82275933509147,3394.224557754186,1671.8398147946764,0,5760,1.0,False,sindy_mpc_dense,12,2023,0.0399524320129692,2415129324,20,100,71.6,regen-v2,637c6b535a9e,unknown,greenhouse-regen:v1
5760,4.822964479587752,14.541396260586692,9.71843178099894,4.967804132690736,4.554948393393607,0.1956792549145975,590744.2230863344,55.19782369656373,0.6522641830486585,15.183161311312023,67.89930555555556,1849,1761.8750195503235,78.90625,1215,763525.9301757812,60.71180555555556,2263,4513.087070465088,5327,1698.3945757178803,22.491868465353903,3374.035846663752,1435.107279618805,0,5760,1.0,False,sindy_mpc_lowthr,12,2020,0.0399524300859214,3889291081,20,100,71.1,regen-v2,637c6b535a9e,unknown,greenhouse-regen:v1
5760,0.3021995931253354,11.633043262953098,11.330843669827765,6.933814402337767,3.778208591573984,0.6188206759160133,472592.38255746965,77.04238224819741,2.062735586386711,12.594028638579946,73.81944444444444,1508,1131.4443550109863,85.17361111111111,854,399475.1592559815,55.48611111111112,2564,4965.30029296875,4926,2370.534839121918,71.12881327536206,2798.673030662747,1315.7022666419437,0,5760,1.0,False,sindy_mpc_lowthr,12,2021,0.0399524300859214,3889291081,20,100,70.7,regen-v2,637c6b535a9e,unknown,greenhouse-regen:v1
5223,1.9773027926453144,11.881080472188904,9.903777679543593,6.126257203900619,3.232326137996897,0.5451943376460733,482668.89418267424,68.06952448778466,1.8173144588202443,10.774420459989658,79.60941987363584,1065,838.508641242981,86.73176335439403,693,318973.6330566406,60.61650392494735,2057,4065.256065368652,3815,2094.4469080530152,62.666015796812616,2394.315658928348,1082.1501991514172,0,5760,0.9068,True,sindy_mpc_lowthr,12,2022,0.0399524300859214,3889291081,20,100,65.2,regen-v2,637c6b535a9e,unknown,greenhouse-regen:v1
5760,1.2293572252056737,11.514296862679174,10.2849396374735,5.561719589272371,4.58392183531027,0.1392982128908592,467768.31004634144,61.79688432524858,0.4643273763028642,15.279739451034231,78.83680555555556,1219,923.6410131454468,84.27083333333333,906,468838.58435058594,48.31597222222222,2977,5471.721714019775,5102,1901.4425938963525,16.011288883971357,3395.49765688064,1672.2296809676604,0,5760,1.0,False,sindy_mpc_lowthr,12,2023,0.0399524300859214,3889291081,20,100,69.9,regen-v2,637c6b535a9e,unknown,greenhouse-regen:v1
3687,-3.746333272531686,7.296190225078854,11.04252349761054,4.776215900729989,2.2506872842058225,4.015620312674729,296407.7278938285,53.06906556366655,13.385401042249097,7.502290947352742,64.09004610794685,1324,1965.8992819786072,69.35177651206943,1130,1265506.3005371094,65.28342826145918,1280,2289.082271575928,3734,1632.894324732416,461.5655529626351,1667.1757652241977,430.74995570350575,0,5760,0.6401,True,nn_mpc,12,2020,,-1,20,100,1403.6,regen-v2,637c6b535a9e,unknown,greenhouse-regen:v1
5760,-8.513147158369675,10.82825264302658,19.341399801396253,8.360430067022913,3.07003636006106,7.910933374312281,439897.7636229548,92.8936674113657,26.36977791437427,10.233454533536866,72.27430555555556,1597,2470.815139770508,68.07291666666667,1839,1989420.3829345703,57.37847222222222,2455,4666.162338256836,5891,2858.2666899030305,909.3026865236176,2274.101007279808,674.2175397949838,0,5760,1.0,False,nn_mpc,12,2021,,-1,20,100,2084.7,regen-v2,637c6b535a9e,unknown,greenhouse-regen:v1
5219,-5.933048483658235,11.230160796661067,17.1632092803193,7.249552245024695,2.942966423582,6.970690611712605,456225.2823643558,80.55058050027439,23.235635372375352,9.809888078606669,71.948649166507,1464,1833.038984298706,69.86012646100785,1573,1673401.7740478516,67.00517340486684,1722,3533.411464691162,4759,2478.4794002725,801.2288066883207,2179.9751277255764,626.8256319771181,0,5760,0.9061,True,nn_mpc,12,2022,,-1,20,100,1814.0,regen-v2,637c6b535a9e,unknown,greenhouse-regen:v1
5320,-4.548224506149822,9.473300408644032,14.021524914793854,6.380819074640346,2.571059302516141,5.069646537637366,384852.82910116384,70.89798971822607,16.898821792124554,8.570197675053803,73.38345864661655,1416,1528.5016446113586,84.26691729323308,837,785475.9097900391,50.43233082706767,2637,5595.431289672852,4890,2181.4766065689805,582.7179927247967,1904.4883721485903,745.3626873710043,0,5760,0.9236,True,nn_mpc,12,2023,,-1,20,100,1816.2,regen-v2,637c6b535a9e,unknown,greenhouse-regen:v1
5760,4.633505033605601,18.82551512786217,14.192010094256572,7.289512529497127,2.1524715303685187,4.750026034390926,764786.5520694008,80.99458366107919,15.83342011463642,7.174905101228396,95.22569444444444,275,385.74970149993896,100.0,0,0.0,62.10069444444445,2183,6893.667533874512,2458,2492.141034190952,545.9800039294614,1594.4233554580535,964.8017977790362,0,5760,1.0,False,rule_based,13,2020,,-1,20,100,4.9,regen-v2,637c6b535a9e,unknown,greenhouse-regen:v1
5760,-6.971197553462108,18.221369854828968,25.19256740829108,8.104337951146658,2.1297811298067355,14.95844832733768,740243.1503524268,90.04819945718509,49.86149442445894,7.099270432689119,93.87152777777776,353,601.7383589744568,100.0,0,0.0,51.05902777777778,2819,6172.752422332764,3172,2770.71382839817,1719.3618767216722,1577.6156514270265,1167.395714308131,0,5760,1.0,False,rule_based,13,2021,,-1,20,100,5.0,regen-v2,637c6b535a9e,unknown,greenhouse-regen:v1
5760,1.3275113618985808,17.637418865785413,16.309907503886834,7.499613752832879,2.139634234155769,6.670659516898183,716520.1414225324,83.3290416981431,22.235531722993944,7.132114113852565,95.39930555555556,265,493.4826302528381,100.0,0,0.0,61.11111111111112,2240,5014.862869262695,2505,2563.970514295536,766.7424732707419,1584.9142469795345,1140.604291500547,0,5760,1.0,False,rule_based,13,2022,,-1,20,100,5.1,regen-v2,637c6b535a9e,unknown,greenhouse-regen:v1
5760,-3.8142653819713086,17.52128685038918,21.335552232360484,7.35007553803624,2.3552000843903835,11.630276609933864,711802.2782970604,81.66750597818044,38.76758869977954,7.850666947967945,93.02083333333331,402,549.7288312911987,100.0,0,0.0,53.07291666666667,2703,6248.114597320557,3105,2512.846337649489,1336.8134034486193,1744.592654565445,1265.6447612482766,0,5760,1.0,False,rule_based,13,2023,,-1,20,100,5.1,regen-v2,637c6b535a9e,unknown,greenhouse-regen:v1
5760,1.5153380181667535,14.7609979542617,13.245659936094944,4.769359504177199,2.271392198454964,6.204908233462781,599665.5418918815,52.99288337974666,20.68302744487594,7.571307328183212,54.25347222222222,2635,3060.5663890838623,100.0,0,0.0,65.59027777777777,1982,4239.515640258789,4617,1630.5502581794017,713.2078428221463,1682.5127405035428,1466.4380444055837,0,5760,1.0,False,sindy_mpc_conf,13,2020,0.0740162127887034,3703764477,20,100,76.7,regen-v2,637c6b535a9e,unknown,greenhouse-regen:v1
5760,-3.463756228670721,8.2791201833389,11.742876412009622,6.636520726537065,1.7877056321334408,3.3186500533391152,336339.2574481428,73.73911918374517,11.062166844463718,5.959018773778136,60.88541666666667,2253,2125.1765718460083,99.51388888888889,28,7935.348999023437,54.86111111111112,2600,5318.737663269043,4881,2268.895974974176,381.45402926094425,1324.2263936354907,1357.7373838034532,0,5760,1.0,False,sindy_mpc_conf,13,2021,0.0740162127887034,3703764477,20,100,74.6,regen-v2,637c6b535a9e,unknown,greenhouse-regen:v1
5760,2.1167631705214385,15.656414170360062,13.539650999838626,5.606496268851116,2.2212229699919157,5.7119317609955935,636041.8256708776,62.29440298723463,19.03977253665198,7.404076566639718,68.85416666666667,1794,1804.5526494979856,100.0,0,0.0,63.38541666666667,2109,4684.28796005249,3903,1916.750860835513,656.5438807395251,1645.35034762576,1334.6407683587083,0,5760,1.0,False,sindy_mpc_conf,13,2022,0.0740162127887034,3703764477,20,100,84.5,regen-v2,637c6b535a9e,unknown,greenhouse-regen:v1
5760,0.3769840435854974,11.02411405016247,10.647130006576973,5.11411573218059,2.4513037215514144,3.081710552844968,447854.6332878504,56.82350813533989,10.272368509483226,8.171012405171382,58.35069444444444,2399,2387.8310356140137,100.0,0,0.0,52.1875,2754,4823.956089019775,5153,1748.4156354315598,354.21960372962155,1815.780534843736,1707.4454530511516,0,5760,1.0,False,sindy_mpc_conf,13,2023,0.0740162127887034,3703764477,20,100,75.9,regen-v2,637c6b535a9e,unknown,greenhouse-regen:v1
5760,3.608312793716382,13.998601789726855,10.390288996010474,4.62059879572964,4.478087691677636,1.291602508603198,568693.1977076535,51.33998661921822,4.305341695343993,14.926958972258788,65.92013888888889,1963,1730.6069021224976,66.80555555555556,1912,2531438.4252929688,50.65972222222223,2842,5973.129676818848,6717,1579.6918953870745,148.46005891562373,3317.101993274888,1397.938877286159,0,5760,1.0,False,sindy_mpc_dense,13,2020,0.058570484758918,545933081,20,100,70.8,regen-v2,637c6b535a9e,unknown,greenhouse-regen:v1
5760,-4.379393280744337,7.702849942615192,12.082243223359528,6.011329402394216,3.889827707018684,2.181086113946628,312928.27891874214,66.79254891549128,7.270287046488761,12.966092356728948,77.37847222222223,1303,997.003999710083,57.25694444444444,2462,4019398.362426758,44.583333333333336,3192,7144.309799194336,6957,2055.1553513573035,250.69955332096967,2881.353856189113,1189.623746243887,0,5760,1.0,False,sindy_mpc_dense,13,2021,0.058570484758918,545933081,20,100,71.5,regen-v2,637c6b535a9e,unknown,greenhouse-regen:v1
5760,0.2966327469039855,11.30712796248335,11.010495215579365,5.556845079003425,3.6582631803254704,1.7953869562504678,459352.073475886,61.74272310003806,5.98462318750156,12.1942106010849,80.90277777777779,1100,695.182297706604,72.04861111111111,1610,2542541.4665527344,57.32638888888889,2458,5463.247211456299,5168,1899.7760974330915,206.3663169101836,2709.824577180175,1220.3455605456356,0,5760,1.0,False,sindy_mpc_dense,13,2022,0.058570484758918,545933081,20,100,71.9,regen-v2,637c6b535a9e,unknown,greenhouse-regen:v1
5760,-0.6338204959314162,8.892692794561425,9.526513290492842,4.895298170933321,4.072653730912236,0.5585613886472831,361265.6447790579,54.39220189925913,1.861871295490944,13.575512436374122,77.11805555555556,1318,1110.4831190109253,76.94444444444444,1328,1519027.5733642578,39.61805555555556,3478,7573.463737487793,6124,1673.6062121357868,64.20245860555428,3016.7805415891403,1632.1477619477064,0,5760,1.0,False,sindy_mpc_dense,13,2023,0.058570484758918,545933081,20,100,70.7,regen-v2,637c6b535a9e,unknown,greenhouse-regen:v1
5760,3.615398669447405,13.99752689132521,10.382128221877808,4.617824609272643,4.477434125222542,1.2868694873826207,568649.5299600867,51.309162325251584,4.289564957942069,14.924780417408474,66.00694444444444,1958,1732.2674827575684,66.75347222222221,1915,2548200.999145508,50.625,2844,5983.590412139893,6717,1578.7434553003686,147.91603283762078,3316.617871603948,1397.3383869418312,0,5760,1.0,False,sindy_mpc_lowthr,13,2020,0.0585704885551467,1661634008,20,100,68.9,regen-v2,637c6b535a9e,unknown,greenhouse-regen:v1
5760,-4.383146829712182,7.695792751935859,12.078939581648044,6.008912580883032,3.889068481134157,2.180958519630852,312641.5805473943,66.7656953431448,7.269861732102839,12.963561603780525,77.39583333333333,1302,998.0553350448608,57.239583333333336,2463,4021506.600738525,44.60069444444444,3191,7135.815406799316,6956,2054.329086286747,250.68488730197512,2880.791465358895,1189.7617501430698,0,5760,1.0,False,sindy_mpc_lowthr,13,2021,0.0585704885551467,1661634008,20,100,70.0,regen-v2,637c6b535a9e,unknown,greenhouse-regen:v1
5760,0.2964633954489684,11.30945135245612,11.01298795700715,5.556021529944569,3.661743327517703,1.7952230995448777,459446.4611935299,61.73357255493966,5.984076998482926,12.205811091725677,80.78125,1107,701.2246570587158,72.08333333333333,1608,2540024.292602539,57.53472222222222,2446,5442.965084075928,5161,1899.4945405632247,206.34748300589524,2712.402464665757,1219.2474494707803,0,5760,1.0,False,sindy_mpc_lowthr,13,2022,0.0585704885551467,1661634008,20,100,70.4,regen-v2,637c6b535a9e,unknown,greenhouse-regen:v1
5760,-0.6322344055656428,8.89822775009785,9.530462155663496,4.894411731778069,4.076100550720318,0.5599498731651084,361490.5023477252,54.38235257531189,1.866499577217028,13.587001835734393,77.08333333333334,1320,1107.3669834136963,76.96180555555556,1327,1517908.3763427734,39.77430555555556,3469,7540.883563995361,6116,1673.303155786058,64.362054232564,3019.3337412960464,1632.191176749916,0,5760,1.0,False,sindy_mpc_lowthr,13,2023,0.0585704885551467,1661634008,20,100,69.9,regen-v2,637c6b535a9e,unknown,greenhouse-regen:v1
5760,-1.4125806812854291,12.49521214990486,13.907792831190289,6.852846776471763,2.0349467449901333,5.0199993097283935,507617.99358988495,76.14274196079737,16.73333103242798,6.783155816633778,69.80902777777777,1739,1692.473159790039,99.60069444444444,23,14474.571533203123,72.37847222222223,1591,3098.5104370117188,3353,2342.8535999775977,577.0114149775935,1507.3679591943162,771.1829408074681,0,5760,1.0,False,nn_mpc,13,2020,,-1,20,100,2099.5,regen-v2,637c6b535a9e,unknown,greenhouse-regen:v1
5760,-4.735439505676378,9.997637896963449,14.733077402639829,8.672717033374052,1.820252026363676,4.240108342902101,406154.03956414014,96.36352259304503,14.133694476340336,6.067506754545586,76.54513888888889,1351,1740.9523814320564,99.0277777777778,56,25781.590377807617,65.39930555555556,1993,3695.3949584960938,3400,2965.031466465726,487.3687754417125,1348.3348333960123,723.9904155733302,0,5760,1.0,False,nn_mpc,13,2021,,-1,20,100,2052.7,regen-v2,637c6b535a9e,unknown,greenhouse-regen:v1
5760,-4.027352518549839,12.390627903388364,16.417980421938204,8.098543068024625,1.80972865436668,6.509708699546897,503369.25857515226,89.98381186694029,21.699028998489656,6.032428847888935,72.62152777777777,1577,1818.0162448883057,98.75,72,24364.18334960937,74.58333333333333,1464,2544.800636291504,3113,2768.7326734924145,748.2423789845534,1340.5397433192318,868.0789873263361,0,5760,1.0,False,nn_mpc,13,2022,,-1,20,100,1988.9,regen-v2,637c6b535a9e,unknown,greenhouse-regen:v1
5760,-2.059347015939577,9.603931034566871,11.663278050506449,6.449790608379836,1.8555289716804848,3.3579584704461283,390159.6982792792,71.6643400931093,11.193194901487097,6.185096572268282,75.59027777777779,1406,1024.5602378845217,100.0,0,0.0,55.74652777777778,2549,5546.447402954102,3955,2205.0566174489422,385.9722384818364,1374.4659047773612,886.2899455904424,0,5760,1.0,False,nn_mpc,13,2023,,-1,20,100,2001.3,regen-v2,637c6b535a9e,unknown,greenhouse-regen:v1
5760,4.633505033605601,18.82551512786217,14.192010094256572,7.289512529497127,2.1524715303685187,4.750026034390926,764786.5520694008,80.99458366107919,15.83342011463642,7.174905101228396,95.22569444444444,275,385.74970149993896,100.0,0,0.0,62.10069444444445,2183,6893.667533874512,2458,2492.141034190952,545.9800039294614,1594.4233554580535,964.8017977790362,0,5760,1.0,False,rule_based,14,2020,,-1,20,100,4.5,regen-v2,637c6b535a9e,unknown,greenhouse-regen:v1
5760,-6.971197553462108,18.221369854828968,25.19256740829108,8.104337951146658,2.1297811298067355,14.95844832733768,740243.1503524268,90.04819945718509,49.86149442445894,7.099270432689119,93.87152777777776,353,601.7383589744568,100.0,0,0.0,51.05902777777778,2819,6172.752422332764,3172,2770.71382839817,1719.3618767216722,1577.6156514270265,1167.395714308131,0,5760,1.0,False,rule_based,14,2021,,-1,20,100,4.7,regen-v2,637c6b535a9e,unknown,greenhouse-regen:v1
5760,1.3275113618985808,17.637418865785413,16.309907503886834,7.499613752832879,2.139634234155769,6.670659516898183,716520.1414225324,83.3290416981431,22.235531722993944,7.132114113852565,95.39930555555556,265,493.4826302528381,100.0,0,0.0,61.11111111111112,2240,5014.862869262695,2505,2563.970514295536,766.7424732707419,1584.9142469795345,1140.604291500547,0,5760,1.0,False,rule_based,14,2022,,-1,20,100,4.8,regen-v2,637c6b535a9e,unknown,greenhouse-regen:v1
5760,-3.8142653819713086,17.52128685038918,21.335552232360484,7.35007553803624,2.3552000843903835,11.630276609933864,711802.2782970604,81.66750597818044,38.76758869977954,7.850666947967945,93.02083333333331,402,549.7288312911987,100.0,0,0.0,53.07291666666667,2703,6248.114597320557,3105,2512.846337649489,1336.8134034486193,1744.592654565445,1265.6447612482766,0,5760,1.0,False,rule_based,14,2023,,-1,20,100,4.7,regen-v2,637c6b535a9e,unknown,greenhouse-regen:v1
5760,-0.8581936085649773,12.52809640432869,13.386290012893667,4.611656207360664,2.4455202550157065,6.329113550517296,508953.916425853,51.2406245262296,21.097045168390988,8.151734183385688,47.708333333333336,3012,5214.568793296814,100.0,0,0.0,68.40277777777779,1820,3689.399429321289,4832,1576.6345996230398,727.4843160515475,1811.4964856524737,1562.411159494061,0,5760,1.0,False,sindy_mpc_conf,14,2020,0.0,4089708578,20,100,75.3,regen-v2,637c6b535a9e,unknown,greenhouse-regen:v1
5760,-3.701851788089376,8.05142647786096,11.75327826595034,6.404568924437228,1.9473173374235515,3.4013920040895576,327089.2006631016,71.16187693819143,11.337973346965192,6.491057791411839,53.645833333333336,2670,4615.730815410614,99.32291666666669,39,24299.85400390625,57.395833333333336,2454,4546.561172485352,5163,2189.59621277066,390.9645982915518,1442.4572873098605,1446.5211145636326,0,5760,1.0,False,sindy_mpc_conf,14,2021,0.0,4089708578,20,100,74.0,regen-v2,637c6b535a9e,unknown,greenhouse-regen:v1
5760,-3.354652217836477,10.606919453994315,13.961571671830791,5.225084181640344,2.27287094186352,6.4636165483269306,430906.1028185191,58.05649090711494,21.545388494423104,7.576236472878398,55.12152777777778,2585,5410.086942195892,97.34375,153,92391.36169433594,62.326388888888886,2170,4018.6453704833984,4908,1786.353566408901,742.9444306614174,1683.6081052219683,1369.5805734134956,0,5760,1.0,False,sindy_mpc_conf,14,2022,0.0,4089708578,20,100,77.2,regen-v2,637c6b535a9e,unknown,greenhouse-regen:v1
5760,-2.5049986926837624,8.365769741294384,10.870768433978146,5.177101260660823,2.4681947361787944,3.225472437138529,339859.39574008435,57.52334734067581,10.751574790461763,8.227315787262649,50.90277777777777,2828,4053.590834617615,100.0,0,0.0,56.614583333333336,2499,3718.158027648926,5327,1769.949147939556,370.7439583109715,1828.292396103487,1784.3762966839795,0,5760,1.0,False,sindy_mpc_conf,14,2023,0.0,4089708578,20,100,71.0,regen-v2,637c6b535a9e,unknown,greenhouse-regen:v1
5760,3.1341895942399245,14.095556986726454,10.96136739248653,4.766258076969297,5.542777562877957,0.6523317526392751,572632.0025857622,52.95842307743664,2.1744391754642507,18.47592520959319,61.80555555555556,2200,2068.195960998535,56.97916666666667,2478,2523545.009887696,60.24305555555556,2290,4381.536136627197,6968,1629.489940034357,74.98066113495197,4105.761157592609,1422.7489124690787,0,5760,1.0,False,sindy_mpc_dense,14,2020,0.0372945249371745,3558689024,20,100,69.6,regen-v2,637c6b535a9e,unknown,greenhouse-regen:v1
5760,-4.634252231291472,7.784647784871318,12.418900016162787,6.184418734078456,4.902116369629914,1.3323649124544192,316251.31626039726,68.71576371198285,4.441216374848064,16.34038789876638,71.68402777777779,1631,1203.9243116378784,50.48611111111111,2852,3780556.416656494,58.24652777777778,2405,4149.893287658691,6888,2114.331191022363,153.1453923032897,3631.197309969776,1209.33655483418,0,5760,1.0,False,sindy_mpc_dense,14,2021,0.0372945249371745,3558689024,20,100,70.9,regen-v2,637c6b535a9e,unknown,greenhouse-regen:v1
5760,0.0091890034034687,11.37381337100501,11.364624367601545,5.738726805243333,4.488969910198781,1.1369276521594276,462061.1681970786,63.76363116937037,3.789758840531425,14.963233033995936,77.03125,1323,914.6097478866576,68.45486111111111,1817,2047515.389160156,67.10069444444444,1895,3643.7831649780273,5035,1961.9578822979147,130.6813395211947,3325.1628950314166,1220.7461028588853,0,5760,1.0,False,sindy_mpc_dense,14,2022,0.0372945249371745,3558689024,20,100,70.4,regen-v2,637c6b535a9e,unknown,greenhouse-regen:v1
5760,-1.397487048008111,9.645723173196512,11.043210221204625,5.124230667513537,5.610183689773029,0.3087958639180569,391857.5039111083,56.93589630570597,1.0293195463935232,18.70061229924343,71.09375,1665,1415.6544952392578,67.11805555555556,1894,1498129.1677246094,52.65625000000001,2727,4797.382732391357,6286,1751.8737320201608,35.49377746716944,4155.69162210253,1649.444331167334,0,5760,1.0,False,sindy_mpc_dense,14,2023,0.0372945249371745,3558689024,20,100,70.4,regen-v2,637c6b535a9e,unknown,greenhouse-regen:v1
5760,3.1057588124752256,14.048943289441484,10.94318447696626,4.766891400015851,5.5306297224835,0.6456633544669069,570738.3211335603,52.96546000017612,2.1522111815563565,18.43543240827833,61.63194444444444,2210,2059.2024030685425,57.170138888888886,2467,2517589.471435547,60.60763888888889,2269,4394.80509185791,6946,1629.7064618003442,74.2141786445101,4096.762758582978,1422.1386016724534,0,5760,1.0,False,sindy_mpc_lowthr,14,2020,0.0372925395771292,2880715498,20,100,68.0,regen-v2,637c6b535a9e,unknown,greenhouse-regen:v1
5760,-4.651443882870264,7.766079561273706,12.41752344414397,6.193853275901304,4.893714443725978,1.329955724516688,315496.9821767443,68.82059195445893,4.4331857483889605,16.312381479086593,71.63194444444444,1634,1218.516675949097,50.46874999999999,2853,3760184.301635742,57.93402777777777,2423,4086.331130981445,6910,2117.556675966196,152.86847419618385,3624.9736635357367,1210.870295998029,0,5760,1.0,False,sindy_mpc_lowthr,14,2021,0.0372925395771292,2880715498,20,100,69.0,regen-v2,637c6b535a9e,unknown,greenhouse-regen:v1
5760,-0.0551703035669342,11.288692181881348,11.343862485448284,5.734250313047483,4.498308226574808,1.1113039458259926,458603.1198889298,63.71389236719426,3.704346486086642,14.99436075524936,77.04861111111111,1322,906.8052892684937,68.31597222222221,1825,1889161.964111328,67.51736111111111,1871,3571.657249450684,5018,1960.427457470544,127.7360856815002,3332.080166868865,1228.6499785511296,0,5760,1.0,False,sindy_mpc_lowthr,14,2022,0.0372925395771292,2880715498,20,100,68.6,regen-v2,637c6b535a9e,unknown,greenhouse-regen:v1
5760,-1.4425281427149026,9.559913859397929,11.00244200211283,5.117714031794296,5.587711298016943,0.2970166723015917,388371.5005380408,56.86348924215885,0.990055574338639,18.625704326723145,71.30208333333333,1653,1404.122091293335,66.94444444444444,1904,1498123.163696289,52.20486111111112,2753,4895.223480224609,6310,1749.6458234437082,34.139847514286075,4139.04540695318,1651.0749469417046,0,5760,1.0,False,sindy_mpc_lowthr,14,2023,0.0372925395771292,2880715498,20,100,69.6,regen-v2,637c6b535a9e,unknown,greenhouse-regen:v1
5760,-4.153294663345768,16.138490590263412,20.29178525360918,7.585630983310152,2.6903652071059194,10.015789063193107,655626.1802294512,84.28478870344614,33.38596354397703,8.967884023686398,75.97222222222221,1384,1143.4635028839111,96.59722222222224,196,123817.98669433594,66.35416666666667,1938,4094.826545715332,3518,2593.3781133862426,1151.240122973055,1992.863116435342,799.2865153781069,0,5760,1.0,False,nn_mpc,14,2020,,-1,20,100,1995.9,regen-v2,637c6b535a9e,unknown,greenhouse-regen:v1
5760,-4.9002981324237975,12.46036400467592,17.360662137099716,8.596558735760448,2.419896375135841,6.34420702620343,506202.2876899593,95.5173192862272,21.147356754011437,8.066321250452805,81.5625,1062,1127.9952869415283,92.44791666666666,435,304255.66033935547,59.84374999999999,2313,5062.665298461914,3810,2938.994440078676,729.2191989261378,1792.5158336270913,658.7327712941183,0,5760,1.0,False,nn_mpc,14,2021,,-1,20,100,1918.2,regen-v2,637c6b535a9e,unknown,greenhouse-regen:v1
5760,-5.325659734892247,14.570493745511772,19.896153480404017,7.898042962284803,2.384232703268503,9.613877814850714,591926.3084114158,87.7560329142756,32.046259382835714,7.947442344228343,77.36111111111111,1304,1770.1890487670898,87.04861111111111,746,751197.7845458984,67.39583333333333,1878,3769.000156402588,3928,2700.1856283769985,1105.0434269321383,1766.0982974999297,732.8409573847975,0,5760,1.0,False,nn_mpc,14,2022,,-1,20,100,1833.1,regen-v2,637c6b535a9e,unknown,greenhouse-regen:v1
5760,-4.113674998493474,13.201412930435588,17.315087928929064,7.296595740029172,2.7841544602884265,7.234337728611464,536307.4002989458,81.07328600032413,24.11445909537155,9.280514867628089,82.37847222222221,1015,688.6455235481262,98.28125,99,40885.99682617188,53.888888888888886,2656,5407.199836730957,3770,2494.5626463513663,831.5330725524536,2062.336637078333,862.7493471084382,0,5760,1.0,False,nn_mpc,14,2023,,-1,20,100,1841.6,regen-v2,637c6b535a9e,unknown,greenhouse-regen:v1
5760,4.633505033605601,18.82551512786217,14.192010094256572,7.289512529497127,2.1524715303685187,4.750026034390926,764786.5520694008,80.99458366107919,15.83342011463642,7.174905101228396,95.22569444444444,275,385.74970149993896,100.0,0,0.0,62.10069444444445,2183,6893.667533874512,2458,2492.141034190952,545.9800039294614,1594.4233554580535,964.8017977790362,0,5760,1.0,False,rule_based,15,2020,,-1,20,100,4.9,regen-v2,637c6b535a9e,unknown,greenhouse-regen:v1
5760,-6.971197553462108,18.221369854828968,25.19256740829108,8.104337951146658,2.1297811298067355,14.95844832733768,740243.1503524268,90.04819945718509,49.86149442445894,7.099270432689119,93.87152777777776,353,601.7383589744568,100.0,0,0.0,51.05902777777778,2819,6172.752422332764,3172,2770.71382839817,1719.3618767216722,1577.6156514270265,1167.395714308131,0,5760,1.0,False,rule_based,15,2021,,-1,20,100,5.0,regen-v2,637c6b535a9e,unknown,greenhouse-regen:v1
5760,1.3275113618985808,17.637418865785413,16.309907503886834,7.499613752832879,2.139634234155769,6.670659516898183,716520.1414225324,83.3290416981431,22.235531722993944,7.132114113852565,95.39930555555556,265,493.4826302528381,100.0,0,0.0,61.11111111111112,2240,5014.862869262695,2505,2563.970514295536,766.7424732707419,1584.9142469795345,1140.604291500547,0,5760,1.0,False,rule_based,15,2022,,-1,20,100,5.1,regen-v2,637c6b535a9e,unknown,greenhouse-regen:v1
5760,-3.8142653819713086,17.52128685038918,21.335552232360484,7.35007553803624,2.3552000843903835,11.630276609933864,711802.2782970604,81.66750597818044,38.76758869977954,7.850666947967945,93.02083333333331,402,549.7288312911987,100.0,0,0.0,53.07291666666667,2703,6248.114597320557,3105,2512.846337649489,1336.8134034486193,1744.592654565445,1265.6447612482766,0,5760,1.0,False,rule_based,15,2023,,-1,20,100,5.0,regen-v2,637c6b535a9e,unknown,greenhouse-regen:v1
5760,-0.8996756366299599,11.133095738524569,12.032771375154528,4.1402598650287175,4.706245445262876,3.186266064862932,452282.0143775605,46.00288738920797,10.62088688287644,15.687484817542922,51.09375000000001,2817,4696.978154182434,60.85069444444444,2255,2042104.764160156,44.72222222222222,3184,6675.72204208374,8256,1415.4734581919452,366.2374786138042,3486.1077358269904,1462.7315604113242,0,5760,1.0,False,sindy_mpc_conf,15,2020,0.0,3847051388,20,100,81.4,regen-v2,637c6b535a9e,unknown,greenhouse-regen:v1
5760,-4.019043551566816,7.65544405311573,11.674487604682549,5.92668606092079,4.1420565904388535,1.6057449533229025,311002.41465782654,65.85206734356434,5.352483177743008,13.806855301462846,56.49305555555556,2506,3679.656886577606,59.42708333333333,2337,2245534.5971221924,34.045138888888886,3799,7514.696159362793,8642,2026.2174568738249,184.56838579255756,3068.190067161126,1286.8257438098854,0,5760,1.0,False,sindy_mpc_conf,15,2021,0.0,3847051388,20,100,79.2,regen-v2,637c6b535a9e,unknown,greenhouse-regen:v1
5760,-3.5359837412073656,9.706277509795978,13.242261251003344,5.168858472710339,4.226190169716668,3.847212608576336,394317.5238354616,57.43176080789265,12.824042028587789,14.087300565722227,56.64930555555555,2497,4542.998199939728,71.94444444444444,1616,1308069.0892333984,48.68055555555556,2956,5743.357032775879,7069,1767.1311013208,442.2083457987291,3130.5112365288574,1344.4653030222478,0,5760,1.0,False,sindy_mpc_conf,15,2022,0.0,3847051388,20,100,82.0,regen-v2,637c6b535a9e,unknown,greenhouse-regen:v1
5760,-3.907969793205784,7.6126992228699475,11.520669016075733,4.994911756199585,5.1734454322764165,1.3523118275997306,309265.9059290916,55.499019513328726,4.507706091999102,17.244818107588056,54.84375,2601,3129.3830456733704,75.36458333333333,1419,1118717.3708496094,42.10069444444444,3335,5696.990493774414,7355,1707.662138976286,155.43814118144002,3832.1818013185966,1731.819998656697,0,5760,1.0,False,sindy_mpc_conf,15,2023,0.0,3847051388,20,100,77.4,regen-v2,637c6b535a9e,unknown,greenhouse-regen:v1
5760,-2.7047293963437844,13.308396029909709,16.013125426253488,5.381682289720031,5.287799306278663,5.3436438302547975,540653.5887150818,59.79646988577812,17.812146100849326,17.625997687595543,73.59375,1521,4621.801076889038,46.16319444444444,3101,8235053.060302734,49.114583333333336,2931,7966.261245727539,7553,1839.891381970516,614.2119347378709,3916.8883755544034,1043.6481613619244,0,5760,1.0,False,sindy_mpc_dense,15,2020,0.0325900197765451,1569504913,20,100,77.9,regen-v2,637c6b535a9e,unknown,greenhouse-regen:v1
5760,-0.220274630350056,12.988733206424923,13.20900783677498,6.620112157593431,5.033203924408571,1.5556917547729785,527667.2865110126,73.55680175103812,5.185639182576595,16.777346414695238,81.66666666666667,1056,756.2964324951172,51.99652777777778,2765,3068429.626358032,42.58680555555556,3307,6983.52173614502,7128,2263.286207054996,178.81514449954727,3728.299203075149,1059.998757982803,0,5760,1.0,False,sindy_mpc_dense,15,2021,0.0325900197765451,1569504913,20,100,74.6,regen-v2,637c6b535a9e,unknown,greenhouse-regen:v1
5760,2.2909250687164304,14.808701792852917,12.517776724136484,6.096600420899071,4.818857624543336,1.6023186786940786,601603.5103346497,67.74000467665634,5.341062262313596,16.062858748477787,80.74652777777777,1109,1533.310863494873,67.65625,1863,2488328.273071289,59.54861111111112,2330,5695.715236663818,5302,2084.3078360344844,184.1745607242559,3569.524166587552,1055.8918656870833,0,5760,1.0,False,sindy_mpc_dense,15,2022,0.0325900197765451,1569504913,20,100,74.1,regen-v2,637c6b535a9e,unknown,greenhouse-regen:v1
5760,0.2507363509010277,13.176593325941102,12.925856975040071,5.453003297104734,6.28275122199565,1.1901024559396902,535299.1038663572,60.58892552338594,3.9670081864656335,20.942504073318837,71.42361111111111,1646,1839.4021406173704,63.125,2124,2472673.7055664062,49.91319444444444,2885,5258.437961578369,6655,1864.274632002872,136.79338589805263,4653.8897941703735,1460.628718722991,0,5760,1.0,False,sindy_mpc_dense,15,2023,0.0325900197765451,1569504913,20,100,72.8,regen-v2,637c6b535a9e,unknown,greenhouse-regen:v1
5760,-0.3718944749897475,14.472255544107083,14.844150019096832,5.212421210779667,5.425814719542184,4.205914088774983,587935.3814793504,57.91579123088518,14.019713629249944,18.08604906514061,74.58333333333333,1464,3689.564302444458,48.21180555555556,2983,6759365.84375,49.47916666666667,2910,7662.019329071045,7357,1782.024345199512,483.43840141784295,4019.122014340364,1082.2264072111948,0,5760,1.0,False,sindy_mpc_lowthr,15,2020,0.0325898878612069,883814690,20,100,72.6,regen-v2,637c6b535a9e,unknown,greenhouse-regen:v1
5760,-0.2255582799627025,12.986837013869955,13.21239529383266,6.621192033459436,5.040242675345958,1.5509605850272647,527590.253688467,73.56880037177152,5.169868616757549,16.80080891781986,81.70138888888889,1054,756.1744623184204,51.99652777777778,2765,3059666.6380615234,42.60416666666666,3306,6961.277297973633,7125,2263.655396646537,178.27133192208706,3733.513093214533,1060.643744083985,0,5760,1.0,False,sindy_mpc_lowthr,15,2021,0.0325898878612069,883814690,20,100,72.5,regen-v2,637c6b535a9e,unknown,greenhouse-regen:v1
5760,2.29956501225693,14.805778399730713,12.506213387473784,6.099572816077694,4.818447498888123,1.5881930725079696,601484.7474890603,67.77303128975215,5.293976908359899,16.06149166296041,80.69444444444444,1112,1531.9741287231443,67.63888888888889,1864,2482858.5329589844,59.67013888888889,2323,5700.062126159668,5299,2085.3240383077487,182.55092796415568,3569.220370158777,1056.1445319458342,0,5760,1.0,False,sindy_mpc_lowthr,15,2022,0.0325898878612069,883814690,20,100,71.9,regen-v2,637c6b535a9e,unknown,greenhouse-regen:v1
5760,0.2570013736586918,13.175543375826347,12.918542002167657,5.454236407066193,6.278637713694638,1.1856678814068229,535256.4496429453,60.602626745179926,3.952226271356076,20.928792378982127,71.5625,1638,1829.4788584709167,63.17708333333333,2121,2471265.141113281,49.82638888888889,2890,5258.731315612793,6649,1864.6962064784288,136.28366436628008,4650.842750109692,1461.0504162753002,0,5760,1.0,False,sindy_mpc_lowthr,15,2023,0.0325898878612069,883814690,20,100,69.7,regen-v2,637c6b535a9e,unknown,greenhouse-regen:v1
5702,-0.4033765342950454,10.44556492841712,10.848941462712164,5.274623408292231,2.4199051890447025,3.1544128653752312,424351.0752169455,58.60692675880257,10.514709551250771,8.066350630149008,74.13188354963171,1475,876.9121351242065,98.91266222378114,62,13064.765502929688,54.2792002806033,2607,6599.513843536377,4144,1803.2900535350288,362.57619193877633,1792.5223611065971,768.5389307244211,0,5760,0.9899,True,nn_mpc,15,2020,,-1,20,100,2267.8,regen-v2,637c6b535a9e,unknown,greenhouse-regen:v1
5760,-3.2317485554371665,10.308154920106634,13.5399034755438,6.881178119312618,2.1891305899938,4.469594766237382,418768.793629332,76.4575346590291,14.898649220791274,7.297101966646,81.11111111111111,1088,536.8570861816406,97.76041666666669,129,73749.51232910156,41.875,3348,7617.004592895508,4565,2352.5395262788697,513.7465247871843,1621.5782140237611,674.9612518600119,0,5760,1.0,False,nn_mpc,15,2021,,-1,20,100,2190.6,regen-v2,637c6b535a9e,unknown,greenhouse-regen:v1
5760,-0.3336752293732707,12.394211912176988,12.72788714155026,6.130834191444157,2.212871297066921,4.384181653039181,503514.8589321901,68.12037990493508,14.613938843463936,7.376237656889737,80.95486111111111,1097,723.3910522460938,97.88194444444444,122,126668.75390625,54.60069444444444,2615,5964.48991394043,3834,2096.0116906682424,503.92892562484576,1639.1639250828223,764.82501378541,0,5760,1.0,False,nn_mpc,15,2022,,-1,20,100,2084.4,regen-v2,637c6b535a9e,unknown,greenhouse-regen:v1
5760,-1.1462053934263838,10.201079164909888,11.347284558336272,5.275215846712451,2.6698297896626246,3.402238921961197,414418.8410744642,58.61350940791612,11.340796406537324,8.899432632208748,80.92013888888889,1099,512.9769487380981,99.04513888888889,55,15033.897583007812,38.4375,3546,9177.077941894531,4700,1803.4925975528447,391.061945121617,1977.651696259764,864.1322786380588,0,5760,1.0,False,nn_mpc,15,2023,,-1,20,100,2118.6,regen-v2,637c6b535a9e,unknown,greenhouse-regen:v1
5760,4.633505033605601,18.82551512786217,14.192010094256572,7.289512529497127,2.1524715303685187,4.750026034390926,764786.5520694008,80.99458366107919,15.83342011463642,7.174905101228396,95.22569444444444,275,385.74970149993896,100.0,0,0.0,62.10069444444445,2183,6893.667533874512,2458,2492.141034190952,545.9800039294614,1594.4233554580535,964.8017977790362,0,5760,1.0,False,rule_based,16,2020,,-1,20,100,4.6,regen-v2,637c6b535a9e,unknown,greenhouse-regen:v1
5760,-6.971197553462108,18.221369854828968,25.19256740829108,8.104337951146658,2.1297811298067355,14.95844832733768,740243.1503524268,90.04819945718509,49.86149442445894,7.099270432689119,93.87152777777776,353,601.7383589744568,100.0,0,0.0,51.05902777777778,2819,6172.752422332764,3172,2770.71382839817,1719.3618767216722,1577.6156514270265,1167.395714308131,0,5760,1.0,False,rule_based,16,2021,,-1,20,100,4.7,regen-v2,637c6b535a9e,unknown,greenhouse-regen:v1
5760,1.3275113618985808,17.637418865785413,16.309907503886834,7.499613752832879,2.139634234155769,6.670659516898183,716520.1414225324,83.3290416981431,22.235531722993944,7.132114113852565,95.39930555555556,265,493.4826302528381,100.0,0,0.0,61.11111111111112,2240,5014.862869262695,2505,2563.970514295536,766.7424732707419,1584.9142469795345,1140.604291500547,0,5760,1.0,False,rule_based,16,2022,,-1,20,100,4.9,regen-v2,637c6b535a9e,unknown,greenhouse-regen:v1
5760,-3.8142653819713086,17.52128685038918,21.335552232360484,7.35007553803624,2.3552000843903835,11.630276609933864,711802.2782970604,81.66750597818044,38.76758869977954,7.850666947967945,93.02083333333331,402,549.7288312911987,100.0,0,0.0,53.07291666666667,2703,6248.114597320557,3105,2512.846337649489,1336.8134034486193,1744.592654565445,1265.6447612482766,0,5760,1.0,False,rule_based,16,2023,,-1,20,100,4.7,regen-v2,637c6b535a9e,unknown,greenhouse-regen:v1
5760,-1.057132884414707,13.037946504645811,14.095079389060515,4.827554515312383,2.630749322882655,6.63677555086548,529666.5767512361,53.639494614582034,22.1225851695516,8.76916440960885,46.59722222222222,3076,4721.738990783691,100.0,0,0.0,78.24652777777777,1253,2736.510040283203,4329,1650.4459875504183,762.8477644635464,1948.7032015114887,1523.5999535996707,0,5760,1.0,False,sindy_mpc_conf,16,2020,0.0,3207005022,20,100,74.9,regen-v2,637c6b535a9e,unknown,greenhouse-regen:v1
5760,-4.083085196982633,8.001779760081188,12.084864957063822,6.661601846626318,2.1139866104970344,3.309276499940468,325072.30275329825,74.01779829584798,11.030921666468227,7.046622034990115,50.22569444444444,2867,4267.396027326584,99.35763888888889,37,21716.24462890625,68.125,1836,3551.268295288086,4740,2277.4707164100946,380.3766092828103,1565.9160079480116,1369.1675100056068,0,5760,1.0,False,sindy_mpc_conf,16,2021,0.0,3207005022,20,100,70.8,regen-v2,637c6b535a9e,unknown,greenhouse-regen:v1
5760,-3.672932104208031,10.23017418258639,13.903106286794422,5.450671561877486,2.493554194416154,5.958880530500782,415600.8261675721,60.56301735419429,19.862935101669272,8.311847314720513,52.53472222222222,2734,5150.147984981537,97.17013888888889,163,139643.9920654297,73.57638888888889,1522,2924.017250061035,4419,1863.4774572285944,684.9287966777279,1847.0771808570696,1335.2409712168703,0,5760,1.0,False,sindy_mpc_conf,16,2022,0.0,3207005022,20,100,76.8,regen-v2,637c6b535a9e,unknown,greenhouse-regen:v1
5760,-3.2814122161146653,8.281306106516372,11.56271832263104,5.508563841296319,2.8271074314267493,3.2270470499079686,336428.0605772276,61.20626490329243,10.75682349969323,9.423691438089165,50.74652777777777,2837,3472.377103805542,100.0,0,0.0,72.32638888888889,1594,2360.139610290528,4431,1883.2696896294149,370.92494823971015,2094.153653298288,1709.8172600384446,0,5760,1.0,False,sindy_mpc_conf,16,2023,0.0,3207005022,20,100,68.8,regen-v2,637c6b535a9e,unknown,greenhouse-regen:v1
5760,3.1580303701046835,13.121051947411562,9.96302157730688,5.038704543182168,4.844434423973219,0.0798826101514919,533042.7353635947,55.98560603535742,0.2662753671716399,16.1481147465774,57.04861111111112,2474,2935.7209854125977,79.28819444444444,1193,503280.2764892578,81.54513888888889,1063,2069.219223022461,4730,1722.6340325651274,9.181909236163872,3588.4699451433216,1510.8670102600022,0,5760,1.0,False,sindy_mpc_dense,16,2020,0.0305840675582694,3516696427,20,100,71.7,regen-v2,637c6b535a9e,unknown,greenhouse-regen:v1
5760,-3.421752180498485,7.6668762351720865,11.088628415670572,6.6458042313510415,3.6285265159735887,0.8142976683459433,311466.847053866,73.8422692372338,2.7143255611531445,12.09508838657863,62.89930555555555,2137,2203.125517845154,87.55208333333333,717,227526.7915802002,76.21527777777779,1370,2781.4365005493164,4224,2272.069820935692,93.59743303220326,2687.797419211608,1310.9546866606509,0,5760,1.0,False,sindy_mpc_dense,16,2021,0.0305840675582694,3516696427,20,100,70.8,regen-v2,637c6b535a9e,unknown,greenhouse-regen:v1
5760,-0.2627408812973408,10.849135184807263,11.111876066104603,6.122072381328701,4.0620522535928245,0.9277514311830802,440746.1168827951,68.0230264592078,3.0925047706102675,13.540174178642747,71.64930555555556,1633,1801.3976650238037,87.98611111111111,692,225920.7659912109,78.29861111111111,1250,2668.442337036133,3575,2093.016199417664,106.63809572772414,3008.9275956150223,1282.8748402360825,0,5760,1.0,False,sindy_mpc_dense,16,2022,0.0305840675582694,3516696427,20,100,70.5,regen-v2,637c6b535a9e,unknown,greenhouse-regen:v1
5760,-1.7947195914175185,9.20832677991907,11.00304637133659,5.539589629570454,5.387834800346186,0.0756219414199508,374088.2754342122,61.55099588411616,0.2520731380665028,17.959449334487285,69.46180555555556,1759,1750.3598432540894,81.49305555555556,1066,330325.0936279297,67.27430555555556,1885,2899.149726867676,4710,1893.8767961350443,8.692177208084347,3990.988738648646,1725.42275672573,0,5760,1.0,False,sindy_mpc_dense,16,2023,0.0305840675582694,3516696427,20,100,71.1,regen-v2,637c6b535a9e,unknown,greenhouse-regen:v1
5760,3.227018066585841,13.12697202380173,9.89995395721589,5.037163693520644,4.782891745525287,0.0798985181699593,533283.2384669454,55.96848548356272,0.2663283938998644,15.94297248508429,57.10069444444444,2471,2938.499442100525,79.96527777777777,1154,488894.1051025391,81.66666666666667,1056,2063.6612663269043,4681,1722.1072456946706,9.183737769096496,3542.8827754610365,1512.0359633260066,0,5760,1.0,False,sindy_mpc_lowthr,16,2020,0.0305840677665614,4282964902,20,100,69.7,regen-v2,637c6b535a9e,unknown,greenhouse-regen:v1
5760,-3.3683992453555667,7.6675576194845725,11.035956864840138,6.646100628105504,3.571674062651913,0.8181821740827223,311494.5282915608,73.8455625345056,2.7272739136090745,11.90558020883971,63.020833333333336,2130,2223.4143266677856,88.31597222222223,673,210215.55207824707,76.47569444444444,1355,2789.856269836426,4158,2272.1711542199537,94.0439280257161,2645.684490652573,1309.8173915934549,0,5760,1.0,False,sindy_mpc_lowthr,16,2021,0.0305840677665614,4282964902,20,100,69.8,regen-v2,637c6b535a9e,unknown,greenhouse-regen:v1
5760,-0.2424151782435348,10.857258583029449,11.099673761272983,6.13061124971796,4.039815268592497,0.929247242962528,441076.12993557134,68.11790277464401,3.0974908098750937,13.466050895308324,71.5625,1638,1803.337636947632,88.17708333333333,681,220901.6563720703,78.31597222222221,1249,2679.593315124512,3568,2095.935471141621,106.81002766523238,2992.455754517936,1282.625013662088,0,5760,1.0,False,sindy_mpc_lowthr,16,2022,0.0305840677665614,4282964902,20,100,69.1,regen-v2,637c6b535a9e,unknown,greenhouse-regen:v1
5760,-1.7101451297693928,9.22445958609448,10.934604715863872,5.549787156674586,5.308493684117368,0.0763238750719202,374743.67068508826,61.66430174082874,0.254412916906401,17.694978947057894,69.47916666666667,1758,1748.1982698440552,82.11805555555556,1030,317617.23046875,67.1875,1890,2884.448516845703,4678,1897.3631302989584,8.772859126408111,3932.217543756337,1726.3662712247428,0,5760,1.0,False,sindy_mpc_lowthr,16,2023,0.0305840677665614,4282964902,20,100,70.3,regen-v2,637c6b535a9e,unknown,greenhouse-regen:v1
3780,-5.752949034229021,8.06923430026335,13.822183334492369,5.172622935081019,1.505241564971447,7.144318834439902,327812.64344819856,57.47358816756688,23.814396114799678,5.017471883238157,70.44973544973546,1117,801.2926273345947,97.08994708994707,110,104448.83532714844,70.71428571428572,1107,2327.3662643432617,2334,1768.4180994777585,821.1860728416158,1114.9937523563044,410.0078670049952,0,5760,0.6562,True,nn_mpc,16,2020,,-1,20,100,1234.2,regen-v2,637c6b535a9e,unknown,greenhouse-regen:v1
5760,-11.87867009585539,10.55269955982383,22.43136965567922,9.001922650202705,2.0028045257968072,11.426642479679709,428703.4196178431,100.02136278003006,38.08880826559903,6.676015085989357,80.01736111111111,1151,702.1013326644897,96.33680555555556,211,262776.68545532227,59.32291666666667,2343,4691.0615234375,3705,3077.5803923288872,1313.4071815935783,1483.5589076058,587.1920433424666,0,5760,1.0,False,nn_mpc,16,2021,,-1,20,100,1791.8,regen-v2,637c6b535a9e,unknown,greenhouse-regen:v1
4448,-8.523939375611075,9.407060270152208,17.930999645763283,7.067999029112045,1.521410602630155,9.341590014021085,382161.8234749335,78.53332254568939,31.13863338007028,5.071368675433851,78.64208633093526,950,633.1208715438843,94.67176258992804,237,318340.58361816406,69.76169064748201,1345,3089.019287109375,2532,2416.409924903563,1073.745979273688,1126.970816212409,412.0489463203506,0,5760,0.7722,True,nn_mpc,16,2022,,-1,20,100,1349.7,regen-v2,637c6b535a9e,unknown,greenhouse-regen:v1
5315,-6.836180904209451,8.600578332272194,15.436759236481643,6.520595181249013,2.128057859745597,6.7881061954870345,349398.4947485579,72.45105756943349,22.62702065162345,7.093526199151992,76.06773283160865,1272,802.4669876098633,95.4656632173095,241,305436.2834472656,51.87206020696144,2558,5691.625835418701,4071,2229.263309643363,780.2420913595033,1576.3391551743684,645.4135871839462,0,5760,0.9227,True,nn_mpc,16,2023,,-1,20,100,1631.0,regen-v2,637c6b535a9e,unknown,greenhouse-regen:v1
5760,4.633505033605601,18.82551512786217,14.192010094256572,7.289512529497127,2.1524715303685187,4.750026034390926,764786.5520694008,80.99458366107919,15.83342011463642,7.174905101228396,95.22569444444444,275,385.74970149993896,100.0,0,0.0,62.10069444444445,2183,6893.667533874512,2458,2492.141034190952,545.9800039294614,1594.4233554580535,964.8017977790362,0,5760,1.0,False,rule_based,17,2020,,-1,20,100,4.6,regen-v2,637c6b535a9e,unknown,greenhouse-regen:v1
5760,-6.971197553462108,18.221369854828968,25.19256740829108,8.104337951146658,2.1297811298067355,14.95844832733768,740243.1503524268,90.04819945718509,49.86149442445894,7.099270432689119,93.87152777777776,353,601.7383589744568,100.0,0,0.0,51.05902777777778,2819,6172.752422332764,3172,2770.71382839817,1719.3618767216722,1577.6156514270265,1167.395714308131,0,5760,1.0,False,rule_based,17,2021,,-1,20,100,4.6,regen-v2,637c6b535a9e,unknown,greenhouse-regen:v1
5760,1.3275113618985808,17.637418865785413,16.309907503886834,7.499613752832879,2.139634234155769,6.670659516898183,716520.1414225324,83.3290416981431,22.235531722993944,7.132114113852565,95.39930555555556,265,493.4826302528381,100.0,0,0.0,61.11111111111112,2240,5014.862869262695,2505,2563.970514295536,766.7424732707419,1584.9142469795345,1140.604291500547,0,5760,1.0,False,rule_based,17,2022,,-1,20,100,4.7,regen-v2,637c6b535a9e,unknown,greenhouse-regen:v1
5760,-3.8142653819713086,17.52128685038918,21.335552232360484,7.35007553803624,2.3552000843903835,11.630276609933864,711802.2782970604,81.66750597818044,38.76758869977954,7.850666947967945,93.02083333333331,402,549.7288312911987,100.0,0,0.0,53.07291666666667,2703,6248.114597320557,3105,2512.846337649489,1336.8134034486193,1744.592654565445,1265.6447612482766,0,5760,1.0,False,rule_based,17,2023,,-1,20,100,4.7,regen-v2,637c6b535a9e,unknown,greenhouse-regen:v1
5760,8.468324327420133,16.322913139444577,7.854588812024445,4.937917267112553,2.266681851320797,0.6499896935910943,663118.346289936,54.865747412361706,2.1666323119703144,7.555606171069324,59.583333333333336,2328,2691.3981342315674,100.0,0,0.0,66.57986111111111,1925,3857.4320678710938,4253,1688.1768425706568,74.71145898105452,1679.0235925571865,1490.860072797483,0,5760,1.0,False,sindy_mpc_conf,17,2020,0.0,246107914,20,100,77.9,regen-v2,637c6b535a9e,unknown,greenhouse-regen:v1
5760,-1.8608014905019636,7.9790335630262526,9.839835053528214,7.049497171794918,1.7413160406996977,1.0490218410336,324148.23849794146,78.32774635327688,3.496739470112,5.804386802332326,64.40972222222221,2050,2285.4892835617065,99.51388888888889,28,15858.091674804688,59.82638888888889,2314,3945.992401123047,4392,2410.084502585102,120.57722322819272,1289.8637344808417,1288.0603113085072,0,5760,1.0,False,sindy_mpc_conf,17,2021,0.0,246107914,20,100,68.5,regen-v2,637c6b535a9e,unknown,greenhouse-regen:v1
5760,5.5627624998167695,15.31411208239506,9.75134958257829,6.32364448637996,2.100655736453228,1.3270493597451023,622135.8033472993,70.2627165153329,4.423497865817008,7.002185788177426,74.77430555555556,1453,1387.7397060394287,100.0,0,0.0,66.30208333333333,1941,3065.0787086486816,3394,2161.92973944502,152.53440921905425,1556.041285319965,1296.5017469132322,0,5760,1.0,False,sindy_mpc_conf,17,2022,0.0,246107914,20,100,77.9,regen-v2,637c6b535a9e,unknown,greenhouse-regen:v1
5760,4.5997304861286885,12.833728000357697,8.233997514229006,5.53994614594694,2.289664102572118,0.4043872657099477,521370.2000145314,61.55495717718823,1.3479575523664926,7.6322136752403935,66.31944444444444,1940,1823.4163064956665,100.0,0,0.0,54.045138888888886,2647,4069.94624710083,4587,1893.9986836464143,46.48129496692485,1696.047484323487,1697.5183489857736,0,5760,1.0,False,sindy_mpc_conf,17,2023,0.0,246107914,20,100,76.4,regen-v2,637c6b535a9e,unknown,greenhouse-regen:v1
5760,5.333372257553274,16.8804747269641,11.547102469410824,5.119737596276929,5.831385782893479,0.5959790902404163,685769.2857829165,56.88597329196588,1.9865969674680544,19.43795260964493,71.82291666666667,1623,1000.392095565796,56.47569444444444,2507,2542116.9580078125,58.71527777777777,2378,4706.308364868164,6508,1750.3376378109974,68.50334389031396,4319.545024300276,1299.4540095927478,0,5760,1.0,False,sindy_mpc_dense,17,2020,0.0399544127537539,2428746035,20,100,67.5,regen-v2,637c6b535a9e,unknown,greenhouse-regen:v1
5760,-0.2501033812467664,13.104824832870552,13.35492821411732,6.981764334652322,5.279683735217023,1.0934801442479718,532383.5088353661,77.5751592739147,3.644933814159906,17.598945784056742,80.78125,1107,668.9540119171143,53.95833333333333,2652,2387247.239959717,49.47916666666667,2910,4859.650428771973,6669,2386.927977034552,125.68737307140636,3910.8768389021616,1127.929554752071,0,5760,1.0,False,sindy_mpc_dense,17,2021,0.0399544127537539,2428746035,20,100,68.0,regen-v2,637c6b535a9e,unknown,greenhouse-regen:v1
5760,2.637458869969908,15.659356285905194,13.021897415935284,6.421477838692221,4.932565015829055,1.667854561414011,636161.3491148985,71.3497537632469,5.55951520471337,16.44188338609685,84.42708333333333,897,521.1600427627563,69.25347222222223,1771,1446681.4842529297,62.083333333333336,2184,3857.1494674682617,4852,2195.377038483193,191.70742084291012,3653.7518618756776,1174.1209692320092,0,5760,1.0,False,sindy_mpc_dense,17,2022,0.0399544127537539,2428746035,20,100,68.1,regen-v2,637c6b535a9e,unknown,greenhouse-regen:v1
5600,0.7834818586136474,12.79938894192471,12.015907083311063,5.576958748717928,6.21057986229885,0.2283684722942846,519975.1757656913,61.96620831908809,0.7612282409809489,20.7019328743295,78.71428571428571,1192,662.0217580795288,60.62499999999999,2205,1688859.9425048828,51.94642857142857,2691,4166.369060516357,6088,1906.6525643065024,26.249249692229544,4600.429527046872,1486.8140154590278,0,5760,0.9722,True,sindy_mpc_dense,17,2023,0.0399544127537539,2428746035,20,100,65.5,regen-v2,637c6b535a9e,unknown,greenhouse-regen:v1
5760,5.3370627640508665,16.881998668622384,11.54493590457152,5.118187008116614,5.831325965152576,0.5954229313023308,685831.1959127844,56.868744534629045,1.9847431043411028,19.437753217175256,71.84027777777777,1622,1000.2840385437012,56.40625,2511,2546578.985107422,58.76736111111112,2375,4702.646896362305,6508,1749.8075254825826,68.43941740895079,4319.500713622692,1299.093299831929,0,5760,1.0,False,sindy_mpc_lowthr,17,2020,0.0399544161865974,2479374571,20,100,67.4,regen-v2,637c6b535a9e,unknown,greenhouse-regen:v1
5760,-0.260584111554079,13.10628524003935,13.366869351593428,6.981164322226168,5.286156107163359,1.0995489222039014,532442.8378765986,77.56849246917965,3.665163074013005,17.6205203572112,80.76388888888889,1108,669.3597736358643,53.85416666666667,2658,2383700.694763184,49.583333333333336,2904,4846.516220092773,6670,2386.722845292951,126.384933546823,3915.6711885501873,1127.675821794052,0,5760,1.0,False,sindy_mpc_lowthr,17,2021,0.0399544161865974,2479374571,20,100,67.6,regen-v2,637c6b535a9e,unknown,greenhouse-regen:v1
5760,2.6386829645213554,15.653347503833452,13.014664539312092,6.417520558226345,4.9293239973935385,1.6678199836922107,635917.2423432339,71.30578398029272,5.559399945640703,16.431079991311798,84.49652777777777,893,518.723554611206,69.51388888888889,1756,1455273.8614501953,62.34375,2169,3857.563983917236,4818,2194.024123251651,191.70344673167983,3651.351108445648,1172.4299040791807,0,5760,1.0,False,sindy_mpc_lowthr,17,2022,0.0399544161865974,2479374571,20,100,67.2,regen-v2,637c6b535a9e,unknown,greenhouse-regen:v1
5600,0.7759577128171191,12.801790486530711,12.025832773713594,5.576273415512115,6.215532030410161,0.2340273277913181,520072.7385153102,61.95859350569017,0.780091092637727,20.718440101367204,78.69642857142857,1193,663.635383605957,60.62499999999999,2205,1686813.6951904297,51.80357142857142,2699,4167.807422637939,6097,1906.418261911332,26.899692813372504,4604.097800034147,1487.1908656696526,0,5760,0.9722,True,sindy_mpc_lowthr,17,2023,0.0399544161865974,2479374571,20,100,64.4,regen-v2,637c6b535a9e,unknown,greenhouse-regen:v1
3695,-6.094212368351316,9.518083985298045,15.612296353649365,5.181583789372207,1.951085972873208,8.479626591403946,386672.1619027332,57.57315321524674,28.265421971346488,6.50361990957736,78.78213802435724,784,660.976879119873,93.12584573748308,254,272748.0194091797,64.97970230040595,1294,2558.2144203186035,2332,1771.4816375751411,974.6697237297944,1445.24886766108,497.19934362666805,0,5760,0.6415,True,nn_mpc,17,2020,,-1,20,100,1164.2,regen-v2,637c6b535a9e,unknown,greenhouse-regen:v1
5222,-13.054185977033354,13.25012471190167,26.304310688935026,8.396976392723785,2.7519055397553456,15.155428756455896,538286.3164210053,93.29973769693096,50.51809585485299,9.173018465851152,85.29299119111452,768,933.0307278633118,89.00804289544236,574,1008731.7818603516,53.79165070854079,2413,4683.947639465332,3755,2870.761159320552,1742.0033058841495,2038.4485473267507,676.7438036404175,0,5760,0.9066,True,nn_mpc,17,2021,,-1,20,100,1576.8,regen-v2,637c6b535a9e,unknown,greenhouse-regen:v1
4459,-10.902393994583084,12.568597237978487,23.470991232561573,7.01184303720919,2.4169167555886526,14.04223143976373,510599.2627928761,77.90936708010211,46.80743813254577,8.05638918529551,81.38596097779771,830,1346.680286884308,81.69993272034088,816,1553778.6314697266,65.1715631307468,1553,2731.345943450928,3199,2397.2112944613605,1614.049590410299,1790.3087064418987,573.4409323201036,0,5760,0.7741,True,nn_mpc,17,2022,,-1,20,100,1335.7,regen-v2,637c6b535a9e,unknown,greenhouse-regen:v1
5324,-6.667143955532991,10.990019730558403,17.657163686091398,6.57386364390266,2.807829862637542,8.275470179551196,446469.5515539353,73.04292937669622,27.584900598503985,9.359432875458474,79.99624342599549,1065,763.3444690704346,95.39819684447784,245,147050.1124267578,53.41848234410218,2480,5827.219974517822,3790,2247.4747502039063,951.2034695221516,2079.873972441659,793.0008450268065,0,5760,0.9243,True,nn_mpc,17,2023,,-1,20,100,1654.5,regen-v2,637c6b535a9e,unknown,greenhouse-regen:v1
5760,4.633505033605601,18.82551512786217,14.192010094256572,7.289512529497127,2.1524715303685187,4.750026034390926,764786.5520694008,80.99458366107919,15.83342011463642,7.174905101228396,95.22569444444444,275,385.74970149993896,100.0,0,0.0,62.10069444444445,2183,6893.667533874512,2458,2492.141034190952,545.9800039294614,1594.4233554580535,964.8017977790362,0,5760,1.0,False,rule_based,18,2020,,-1,20,100,4.6,regen-v2,637c6b535a9e,unknown,greenhouse-regen:v1
5760,-6.971197553462108,18.221369854828968,25.19256740829108,8.104337951146658,2.1297811298067355,14.95844832733768,740243.1503524268,90.04819945718509,49.86149442445894,7.099270432689119,93.87152777777776,353,601.7383589744568,100.0,0,0.0,51.05902777777778,2819,6172.752422332764,3172,2770.71382839817,1719.3618767216722,1577.6156514270265,1167.395714308131,0,5760,1.0,False,rule_based,18,2021,,-1,20,100,4.8,regen-v2,637c6b535a9e,unknown,greenhouse-regen:v1
5760,1.3275113618985808,17.637418865785413,16.309907503886834,7.499613752832879,2.139634234155769,6.670659516898183,716520.1414225324,83.3290416981431,22.235531722993944,7.132114113852565,95.39930555555556,265,493.4826302528381,100.0,0,0.0,61.11111111111112,2240,5014.862869262695,2505,2563.970514295536,766.7424732707419,1584.9142469795345,1140.604291500547,0,5760,1.0,False,rule_based,18,2022,,-1,20,100,4.8,regen-v2,637c6b535a9e,unknown,greenhouse-regen:v1
5760,-3.8142653819713086,17.52128685038918,21.335552232360484,7.35007553803624,2.3552000843903835,11.630276609933864,711802.2782970604,81.66750597818044,38.76758869977954,7.850666947967945,93.02083333333331,402,549.7288312911987,100.0,0,0.0,53.07291666666667,2703,6248.114597320557,3105,2512.846337649489,1336.8134034486193,1744.592654565445,1265.6447612482766,0,5760,1.0,False,rule_based,18,2023,,-1,20,100,4.7,regen-v2,637c6b535a9e,unknown,greenhouse-regen:v1
5760,0.6037955079683685,11.363596657189104,10.759801149220731,4.146041730725046,4.654832861382396,1.9589265571132928,461646.1141983073,46.0671303413894,6.529755190377643,15.516109537941318,48.83680555555556,2947,4367.91646194458,64.51388888888889,2044,3239148.063232422,50.45138888888889,2854,7078.04817199707,7845,1417.450164485395,225.16397159975588,3448.0243401271914,1393.9670046988024,0,5760,1.0,False,sindy_mpc_conf,18,2020,0.0,620726115,20,100,76.0,regen-v2,637c6b535a9e,unknown,greenhouse-regen:v1
5760,-6.641882544607258,7.760654474032632,14.40253701863989,5.321455234670331,4.8811914267138805,4.199890357255679,315276.5880075757,59.12728038522591,13.999634524185598,16.27063808904627,54.02777777777777,2648,4292.317066907883,53.97569444444444,2651,6186511.990966797,30.78125,3987,11232.999504089355,9286,1819.3009349475728,482.7460184094971,3615.697352951173,1247.7035465737758,0,5760,1.0,False,sindy_mpc_conf,18,2021,0.0,620726115,20,100,77.5,regen-v2,637c6b535a9e,unknown,greenhouse-regen:v1
5760,-7.664120316850883,8.879786112670914,16.543906429521797,3.8011678489153353,4.882477985182682,7.860260595423779,360741.3108272559,42.23519832128151,26.2008686514126,16.274926617275607,54.18402777777778,2639,5548.2887926101685,59.72222222222222,2320,9650986.09362793,42.72569444444444,3299,12279.899757385254,8258,1299.5445643128746,903.4782293622994,3616.650360635381,1253.803014539758,0,5760,1.0,False,sindy_mpc_conf,18,2022,0.0,620726115,20,100,80.2,regen-v2,637c6b535a9e,unknown,greenhouse-regen:v1
5760,2.3061534723302244,13.09270217752204,10.786548705191814,4.694479466381301,5.287719872218155,0.8043493665923589,531891.0259618328,52.16088295979223,2.681164555307863,17.62573290739385,58.4375,2394,2632.18914604187,75.20833333333333,1428,1619063.9079589844,43.66319444444444,3245,6768.824600219727,7067,1604.950244488139,92.45395002574672,3916.8295353943663,1670.926103619963,0,5760,1.0,False,sindy_mpc_conf,18,2023,0.0,620726115,20,100,81.6,regen-v2,637c6b535a9e,unknown,greenhouse-regen:v1
5760,4.332813039878684,16.585244094331525,12.252431054452842,5.045532252869689,5.987630344562982,1.2192684570201704,673775.5413322182,56.06146947632988,4.064228190067235,19.958767815209946,70.72916666666667,1686,1218.9550714492798,52.56944444444444,2732,3176311.9313964844,54.40972222222222,2626,5411.293483734131,7044,1724.9682906908338,140.14579966192736,4435.281736486957,1314.132303371264,0,5760,1.0,False,sindy_mpc_dense,18,2020,0.0314408793157148,1068227606,20,100,73.4,regen-v2,637c6b535a9e,unknown,greenhouse-regen:v1
5760,-2.3337047589121123,11.631597828850357,13.96530258776247,6.666692833828467,5.164930330304156,2.133679423629846,472533.6617970457,74.0743648203163,7.112264745432821,17.216434434347185,80.43402777777777,1127,614.0006999969482,46.63194444444444,3074,4283703.873062134,46.57986111111111,3077,6753.389266967773,7278,2279.211225040547,245.25050819567363,3825.874318850492,1130.7716559544515,0,5760,1.0,False,sindy_mpc_dense,18,2021,0.0314408793157148,1068227606,20,100,74.8,regen-v2,637c6b535a9e,unknown,greenhouse-regen:v1
5760,0.480883694934763,14.420709052096871,13.939825357162112,6.1260561272803855,4.980085273204956,2.8336839566767718,585841.3052414355,68.0672903031154,9.445613188922572,16.60028424401652,83.66319444444444,941,621.3056211471558,63.54166666666666,2100,2657721.094604492,64.84375,2025,4280.338848114014,5066,2094.378163845952,325.7107999134238,3688.952053741785,1198.9601259541384,0,5760,1.0,False,sindy_mpc_dense,18,2022,0.0314408793157148,1068227606,20,100,74.7,regen-v2,637c6b535a9e,unknown,greenhouse-regen:v1
5760,0.1104351727558473,12.748541430127096,12.638106257371248,5.5673858075416405,6.485626665872039,0.5850937839575696,517909.4955989133,61.85984230601823,1.9503126131918989,21.6187555529068,74.01041666666667,1497,919.312891960144,60.520833333333336,2274,2215845.539672852,50.06944444444444,2876,4886.207969665527,6647,1903.379762777002,67.25215895470825,4804.16790203742,1583.0101287857617,0,5760,1.0,False,sindy_mpc_dense,18,2023,0.0314408793157148,1068227606,20,100,72.8,regen-v2,637c6b535a9e,unknown,greenhouse-regen:v1
5760,4.372695143639368,16.632816925818588,12.260121782179224,5.047785813517131,5.990082133229882,1.2222538354322072,675708.1876113801,56.08650903907924,4.074179451440691,19.96694044409961,70.69444444444444,1688,1219.3612937927246,52.60416666666666,2730,3169614.209472656,54.25347222222222,2635,5435.873291015625,7053,1725.7387404921226,140.48894644492262,4437.097875310805,1314.2962200622987,0,5760,1.0,False,sindy_mpc_lowthr,18,2020,0.0314408759048236,2996787258,20,100,71.5,regen-v2,637c6b535a9e,unknown,greenhouse-regen:v1
5760,-2.270684386248567,11.708271948636703,13.978956334885272,6.670553833895502,5.1692828848357335,2.1391196161540367,475648.5479133661,74.11726482106114,7.130398720513456,17.230942949452444,80.3125,1134,613.0241107940674,46.63194444444444,3074,4277401.362609863,46.44097222222222,3085,6777.556129455566,7293,2280.53122475342,245.8758179413455,3829.098434208609,1131.757635115238,0,5760,1.0,False,sindy_mpc_lowthr,18,2021,0.0314408759048236,2996787258,20,100,73.1,regen-v2,637c6b535a9e,unknown,greenhouse-regen:v1
5760,0.6025637119467495,14.507866963115664,13.905303251168917,6.12128458464351,4.985584749684136,2.7984339168412684,589382.0953765739,68.01427316270566,9.328113056137562,16.618615832280454,83.64583333333333,942,624.2453079223633,63.50694444444444,2102,2658709.252807617,64.67013888888889,2035,4355.849750518799,5079,2092.746867837008,321.6590709494672,3693.0257410503054,1198.4471837720143,0,5760,1.0,False,sindy_mpc_lowthr,18,2022,0.0314408759048236,2996787258,20,100,72.6,regen-v2,637c6b535a9e,unknown,greenhouse-regen:v1
5760,0.1349556260108755,12.78056972629802,12.645614100287142,5.5678068681634745,6.490146755783931,0.5876604763397386,519210.645130857,61.86452075737194,1.9588682544657956,21.63382251927977,74.09722222222223,1492,916.9537210464478,60.43402777777778,2279,2209114.737060547,49.77430555555556,2893,4885.160205841064,6664,1903.5237157572749,67.54718102823557,4807.516114145612,1583.6517273432291,0,5760,1.0,False,sindy_mpc_lowthr,18,2023,0.0314408759048236,2996787258,20,100,73.7,regen-v2,637c6b535a9e,unknown,greenhouse-regen:v1
5696,-5.699148987199964,6.612440237143235,12.311589224343198,6.817754069116435,2.38931077718062,3.1045243780461425,268630.3846339439,75.75282299018262,10.348414593487142,7.964369257268733,75.4564606741573,1398,868.423394203186,85.95505617977528,800,671902.9028320312,66.97682584269663,1881,4830.598430633545,4079,2330.856091554838,356.8418826946068,1769.8598348323585,626.6164921977627,0,5760,0.9889,True,nn_mpc,18,2020,,-1,20,100,2127.8,regen-v2,637c6b535a9e,unknown,greenhouse-regen:v1
5760,-7.286533107954331,8.479483197175462,15.766016305129794,8.363489718012602,2.710872426319452,4.69165416079774,344479.0048852532,92.92766353347336,15.638847202659134,9.03624142106484,84.16666666666667,912,1171.0998820066452,77.86458333333334,1275,1161665.4555664062,58.07291666666666,2415,5653.164970397949,4602,2859.312724290285,539.2705931821538,2008.0536495720803,544.5217278593975,0,5760,1.0,False,nn_mpc,18,2021,,-1,20,100,1998.8,regen-v2,637c6b535a9e,unknown,greenhouse-regen:v1
3880,-5.018435899071196,7.792108475217676,12.810544374288872,6.01701069122245,2.074309727388912,4.71922395567751,316554.4068057181,66.85567434691612,15.730746518925034,6.914365757963041,80.07731958762886,773,944.4005365371704,66.21134020618557,1311,1294542.7969970703,67.24226804123712,1271,3181.501838684082,3355,2057.097671528397,542.4395355537142,1536.525723814697,308.88698847078683,0,5760,0.6736,True,nn_mpc,18,2022,,-1,20,100,1246.4,regen-v2,637c6b535a9e,unknown,greenhouse-regen:v1
5760,-4.497443075854813,6.473654825955167,10.97109790180998,5.922401881236338,2.616625696448118,2.4320703241255224,262992.22730442864,65.80446534707042,8.106901080418409,8.72208565482706,81.31944444444444,1076,655.8996505737305,88.55902777777777,659,577906.0891265869,47.708333333333336,3012,9651.90769958496,4747,2024.7527797210985,279.54831314589546,1938.2412565045163,744.8268864812572,0,5760,1.0,False,nn_mpc,18,2023,,-1,20,100,1988.5,regen-v2,637c6b535a9e,unknown,greenhouse-regen:v1
5760,4.633505033605601,18.82551512786217,14.192010094256572,7.289512529497127,2.1524715303685187,4.750026034390926,764786.5520694008,80.99458366107919,15.83342011463642,7.174905101228396,95.22569444444444,275,385.74970149993896,100.0,0,0.0,62.10069444444445,2183,6893.667533874512,2458,2492.141034190952,545.9800039294614,1594.4233554580535,964.8017977790362,0,5760,1.0,False,rule_based,19,2020,,-1,20,100,4.5,regen-v2,637c6b535a9e,unknown,greenhouse-regen:v1
5760,-6.971197553462108,18.221369854828968,25.19256740829108,8.104337951146658,2.1297811298067355,14.95844832733768,740243.1503524268,90.04819945718509,49.86149442445894,7.099270432689119,93.87152777777776,353,601.7383589744568,100.0,0,0.0,51.05902777777778,2819,6172.752422332764,3172,2770.71382839817,1719.3618767216722,1577.6156514270265,1167.395714308131,0,5760,1.0,False,rule_based,19,2021,,-1,20,100,4.5,regen-v2,637c6b535a9e,unknown,greenhouse-regen:v1
5760,1.3275113618985808,17.637418865785413,16.309907503886834,7.499613752832879,2.139634234155769,6.670659516898183,716520.1414225324,83.3290416981431,22.235531722993944,7.132114113852565,95.39930555555556,265,493.4826302528381,100.0,0,0.0,61.11111111111112,2240,5014.862869262695,2505,2563.970514295536,766.7424732707419,1584.9142469795345,1140.604291500547,0,5760,1.0,False,rule_based,19,2022,,-1,20,100,4.5,regen-v2,637c6b535a9e,unknown,greenhouse-regen:v1
5760,-3.8142653819713086,17.52128685038918,21.335552232360484,7.35007553803624,2.3552000843903835,11.630276609933864,711802.2782970604,81.66750597818044,38.76758869977954,7.850666947967945,93.02083333333331,402,549.7288312911987,100.0,0,0.0,53.07291666666667,2703,6248.114597320557,3105,2512.846337649489,1336.8134034486193,1744.592654565445,1265.6447612482766,0,5760,1.0,False,rule_based,19,2023,,-1,20,100,4.6,regen-v2,637c6b535a9e,unknown,greenhouse-regen:v1
5760,-1.5839956005331344,19.866301651990888,21.450297252524024,5.799936508586676,2.259679020685658,13.390681723251692,807068.5046121299,64.4437389842964,44.63560574417231,7.532263402285526,82.86458333333333,987,806.6969289779663,100.0,0,0.0,48.28125,2979,5552.193145751953,3966,1982.8842754183545,1539.1588188297228,1673.8363114954727,1943.4781103782848,0,5760,1.0,False,sindy_mpc_conf,19,2020,0.0581229763253284,3747979278,20,100,79.7,regen-v2,637c6b535a9e,unknown,greenhouse-regen:v1
5760,-16.53613334740595,13.624431414803787,30.16056476220974,7.967980156136273,1.891513773132096,20.301070832941377,553492.5262264039,88.53311284595858,67.67023610980459,6.30504591044032,89.73958333333333,591,471.6814374923706,99.72222222222224,16,2845.4132080078125,31.28472222222222,3958,6788.430526733398,4565,2724.095779947156,2333.456418247172,1401.121314433251,1909.0913513840512,0,5760,1.0,False,sindy_mpc_conf,19,2021,0.0581229763253284,3747979278,20,100,72.8,regen-v2,637c6b535a9e,unknown,greenhouse-regen:v1
5760,-6.771441362827993,19.28549898988276,26.056940352710757,6.377546302713743,2.153507722886544,17.525886327110467,783473.3964639872,70.86162558570825,58.419621090368224,7.17835907628848,92.55208333333331,429,428.7187814712525,100.0,0,0.0,40.46875,3429,5827.414566040039,3858,2180.357711612618,2014.4696927835373,1595.1909059738064,1723.7937886479317,0,5760,1.0,False,sindy_mpc_conf,19,2022,0.0581229763253284,3747979278,20,100,78.3,regen-v2,637c6b535a9e,unknown,greenhouse-regen:v1
5760,-3.246978880108471,14.974515692466005,18.221494572574475,6.636361278154814,2.2275899822579373,9.357543312161724,608339.7000064314,73.73734753505349,31.19181104053908,7.425299940859791,89.82638888888889,586,502.31186962127686,100.0,0,0.0,45.43402777777778,3143,5079.495918273926,3729,2268.8414625705004,1075.579691212183,1650.066654753144,2063.039936858534,0,5760,1.0,False,sindy_mpc_conf,19,2023,0.0581229763253284,3747979278,20,100,77.7,regen-v2,637c6b535a9e,unknown,greenhouse-regen:v1
5760,4.648263082090804,17.335977717925964,12.68771463583516,4.68347561860212,6.21226195851575,1.79197705871729,704274.0947907423,52.038617984468,5.973256862390967,20.70753986171917,68.85416666666667,1794,1539.6824035644531,53.69791666666666,2667,4222710.909545898,56.04166666666666,2532,5894.0515213012695,6993,1601.1882450241585,205.9743748138777,4601.675524937185,1387.998237186424,0,5760,1.0,False,sindy_mpc_dense,19,2020,0.0492884313712118,675834094,20,100,66.3,regen-v2,637c6b535a9e,unknown,greenhouse-regen:v1
5760,-1.9280623789099935,13.709288760278673,15.637351139188668,6.409740973932212,5.703511064252635,3.524099101003818,556939.855886321,71.21934415480236,11.74699700334606,19.011703547508784,77.95138888888889,1270,834.5840311050415,46.302083333333336,3093,6067649.786636353,42.88194444444444,3290,7935.34553527832,7653,2191.364434293443,405.0688623431443,4224.823011289346,1228.6312216716942,0,5760,1.0,False,sindy_mpc_dense,19,2021,0.0492884313712118,675834094,20,100,67.7,regen-v2,637c6b535a9e,unknown,greenhouse-regen:v1
5760,0.6897354891446366,16.65538291210939,15.96564742296475,5.649031331656079,5.215589077233361,5.101027014075313,676624.9308044439,62.76701479617865,17.003423380251043,17.385296924111202,81.78819444444444,1049,950.1283617019652,54.34027777777778,2630,4829910.439453125,55.86805555555555,2542,6741.65954208374,6221,1931.2927635555477,586.3249442234106,3863.3993162097777,1212.9525901209051,0,5760,1.0,False,sindy_mpc_dense,19,2022,0.0492884313712118,675834094,20,100,67.5,regen-v2,637c6b535a9e,unknown,greenhouse-regen:v1
5760,0.4209569019456899,13.392033501764466,12.971076599818776,5.45403606429216,6.57889779782667,0.9381427376999476,544051.3610091815,60.60040071435734,3.127142458999826,21.929659326088903,71.23263888888889,1657,1172.8427143096924,64.32291666666666,2055,2806583.8959960938,53.47222222222222,2680,4562.451816558838,6392,1864.6277140108527,107.83249837784174,4873.25762748832,1653.0527380508638,0,5760,1.0,False,sindy_mpc_dense,19,2023,0.0492884313712118,675834094,20,100,65.2,regen-v2,637c6b535a9e,unknown,greenhouse-regen:v1
5760,4.649696309434045,17.336668962293466,12.68697265285942,4.682596015492278,6.210599309032393,1.7937773283347491,704302.176593172,52.02884461658087,5.97925776111583,20.701997696774644,68.76736111111111,1799,1538.6343240737915,53.71527777777778,2666,4221241.651855469,56.00694444444444,2534,5895.866607666016,6999,1600.887526741497,206.18130256125616,4600.4439323116185,1388.1746042826244,0,5760,1.0,False,sindy_mpc_lowthr,19,2020,0.0492884264789444,1519259795,20,100,65.1,regen-v2,637c6b535a9e,unknown,greenhouse-regen:v1
5760,-1.9223655837420848,13.70197122827673,15.624336812018814,6.408534813376548,5.702183617486536,3.5136183811557307,556642.5811487421,71.20594237085054,11.712061270519104,19.00727872495512,77.86458333333334,1275,836.4359931945801,46.28472222222222,3094,6068744.805999756,42.88194444444444,3290,7939.967590332031,7659,2190.952073641572,403.864181543309,4223.83971532207,1228.111777547429,0,5760,1.0,False,sindy_mpc_lowthr,19,2021,0.0492884264789444,1519259795,20,100,66.9,regen-v2,637c6b535a9e,unknown,greenhouse-regen:v1
5760,0.6916952157376124,16.65510245376243,15.963407238024818,5.648084012404448,5.214315259625767,5.101007965994602,676613.5371840987,62.75648902671609,17.003359886648674,17.381050865419226,81.75347222222223,1051,948.9371242523192,54.47916666666666,2622,4822655.593994141,55.90277777777778,2540,6729.705253601074,6213,1930.968891797434,586.3227550437329,3862.4557472511833,1213.1009344726208,0,5760,1.0,False,sindy_mpc_lowthr,19,2022,0.0492884264789444,1519259795,20,100,67.1,regen-v2,637c6b535a9e,unknown,greenhouse-regen:v1
5760,0.4240462799630569,13.389262731684797,12.965216451721744,5.453208174193626,6.574226229237978,0.9377820482901384,543938.798474695,60.59120193548473,3.1259401609671285,21.914087430793263,71.18055555555556,1660,1175.936861038208,64.40972222222221,2050,2813636.7774658203,53.45486111111111,2681,4572.8124351501465,6391,1864.344674120852,107.79104008738793,4869.797206527344,1652.4279359575612,0,5760,1.0,False,sindy_mpc_lowthr,19,2023,0.0492884264789444,1519259795,20,100,65.0,regen-v2,637c6b535a9e,unknown,greenhouse-regen:v1
5760,-3.516083890690614,10.099764698007323,13.615848588697936,6.6616416537512695,2.392646963206204,4.561559971740463,410302.9408565475,74.01824059723633,15.205199905801544,7.975489877354013,80.01736111111111,1151,853.3541212081909,96.49305555555556,202,71697.06787109375,72.41319444444444,1589,3038.213535308838,2942,2277.484326417629,524.3172386427133,1772.3310841580374,685.7375625004811,0,5760,1.0,False,nn_mpc,19,2020,,-1,20,100,2026.6,regen-v2,637c6b535a9e,unknown,greenhouse-regen:v1
5760,-7.878051733282278,9.38785195019223,17.26590368347451,8.484909700781632,2.242881043770608,6.53811293892227,381381.4854765594,94.27677445312924,21.793709796407565,7.476270145902028,86.84027777777777,758,797.3443222045898,88.03819444444444,689,357499.0731201172,63.125,2124,4103.365440368652,3571,2900.8238286925443,751.5072339746434,1661.3933667752108,544.5402145064998,0,5760,1.0,False,nn_mpc,19,2021,,-1,20,100,1936.8,regen-v2,637c6b535a9e,unknown,greenhouse-regen:v1
5760,-7.451973250871449,10.707007921952403,18.158981172823854,7.472157949153107,2.491103047946383,8.195720175724365,434972.1968293165,83.02397721281231,27.31906725241455,8.303676826487944,83.45486111111111,953,989.2053308486938,86.64930555555556,769,505718.35705566406,68.50694444444444,1814,3802.9482955932617,3536,2554.5839144528777,942.0368018342974,1845.26151696119,675.9080842265995,0,5760,1.0,False,nn_mpc,19,2022,,-1,20,100,1869.3,regen-v2,637c6b535a9e,unknown,greenhouse-regen:v1
5760,-4.909420870182073,8.7391230834355,13.648543953617573,6.736847123309116,2.533364618320164,4.378332211988293,355026.87526456715,74.85385692565684,14.594440706627644,8.44454872773388,85.45138888888889,838,539.7053546905518,94.20138888888889,334,132023.72888183594,56.92708333333333,2481,5393.097080230713,3653,2303.195597477318,503.2565758342081,1876.566383744316,725.6892042208258,0,5760,1.0,False,nn_mpc,19,2023,,-1,20,100,1927.9,regen-v2,637c6b535a9e,unknown,greenhouse-regen:v1
5760,4.633505033605601,18.82551512786217,14.192010094256572,7.289512529497127,2.1524715303685187,4.750026034390926,764786.5520694008,80.99458366107919,15.83342011463642,7.174905101228396,95.22569444444444,275,385.74970149993896,100.0,0,0.0,62.10069444444445,2183,6893.667533874512,2458,2492.141034190952,545.9800039294614,1594.4233554580535,964.8017977790362,0,5760,1.0,False,rule_based,2,2020,,-1,20,100,4.5,regen-v2,637c6b535a9e,unknown,greenhouse-regen:v1
5760,-6.971197553462108,18.221369854828968,25.19256740829108,8.104337951146658,2.1297811298067355,14.95844832733768,740243.1503524268,90.04819945718509,49.86149442445894,7.099270432689119,93.87152777777776,353,601.7383589744568,100.0,0,0.0,51.05902777777778,2819,6172.752422332764,3172,2770.71382839817,1719.3618767216722,1577.6156514270265,1167.395714308131,0,5760,1.0,False,rule_based,2,2021,,-1,20,100,4.5,regen-v2,637c6b535a9e,unknown,greenhouse-regen:v1
5760,1.3275113618985808,17.637418865785413,16.309907503886834,7.499613752832879,2.139634234155769,6.670659516898183,716520.1414225324,83.3290416981431,22.235531722993944,7.132114113852565,95.39930555555556,265,493.4826302528381,100.0,0,0.0,61.11111111111112,2240,5014.862869262695,2505,2563.970514295536,766.7424732707419,1584.9142469795345,1140.604291500547,0,5760,1.0,False,rule_based,2,2022,,-1,20,100,4.7,regen-v2,637c6b535a9e,unknown,greenhouse-regen:v1
5760,-3.8142653819713086,17.52128685038918,21.335552232360484,7.35007553803624,2.3552000843903835,11.630276609933864,711802.2782970604,81.66750597818044,38.76758869977954,7.850666947967945,93.02083333333331,402,549.7288312911987,100.0,0,0.0,53.07291666666667,2703,6248.114597320557,3105,2512.846337649489,1336.8134034486193,1744.592654565445,1265.6447612482766,0,5760,1.0,False,rule_based,2,2023,,-1,20,100,4.6,regen-v2,637c6b535a9e,unknown,greenhouse-regen:v1
5760,7.747941272354749,16.58924890624828,8.841307633893528,4.696139962216519,2.56928297791773,1.5758846937592783,673938.2368163363,52.17933291351689,5.252948979197595,8.564276593059102,60.65972222222222,2266,2712.7955198287964,100.0,0,0.0,64.11458333333333,2067,4828.194198608398,4333,1605.517934868112,181.13617161396215,1903.1725762411704,1421.3883619387125,0,5760,1.0,False,sindy_mpc_conf,2,2020,0.0,1712067057,20,100,81.4,regen-v2,637c6b535a9e,unknown,greenhouse-regen:v1
5760,-2.065499132414544,7.999996755628884,10.065495888043428,6.667106751980663,1.91314957074358,1.4852395653191854,324999.8681974234,74.07896391089626,4.950798551063952,6.377165235811932,67.74305555555556,1858,2038.686819076538,99.5659722222222,25,12878.165771484377,52.56944444444444,2732,5935.589561462402,4615,2279.352735499529,170.717191344726,1417.147829112551,1278.775498811736,0,5760,1.0,False,sindy_mpc_conf,2,2021,0.0,1712067057,20,100,72.8,regen-v2,637c6b535a9e,unknown,greenhouse-regen:v1
5760,-0.4433256707923843,9.574362318650376,10.01768798944276,6.059493471973376,2.3543071004298453,1.6038874170395396,388958.4691951716,67.32770524414862,5.346291390131799,7.847690334766151,72.96875,1557,1647.38853931427,99.58333333333331,24,2331.0806884765625,61.90972222222222,2194,4808.940166473389,3775,2071.621699473878,184.3548753278901,1743.9311851991083,1265.2279523562615,0,5760,1.0,False,sindy_mpc_conf,2,2022,0.0,1712067057,20,100,73.3,regen-v2,637c6b535a9e,unknown,greenhouse-regen:v1
5760,4.377724828709463,13.026529456371357,8.648804627661896,5.077811421948926,2.784569991901794,0.7864232138111762,529202.7591650864,56.42012691054362,2.621410712703921,9.28189997300598,64.91319444444444,2021,1999.1626567840576,100.0,0,0.0,49.70486111111111,2897,5536.444797515869,4918,1736.0039049069617,90.39347308058456,2062.644438694464,1656.894130658668,0,5760,1.0,False,sindy_mpc_conf,2,2023,0.0,1712067057,20,100,79.2,regen-v2,637c6b535a9e,unknown,greenhouse-regen:v1
5760,4.549491012331592,14.547421403766414,9.99793039143482,5.018845302725781,4.823742989445089,0.1553420992639516,590988.9945280106,55.76494780806424,0.5178069975465054,16.079143298150296,62.37847222222223,2167,1967.954725265503,76.16319444444444,1373,585856.2756347656,70.46875,1701,3325.1265563964844,5241,1715.844547450224,17.85541373443042,3573.142954925962,1402.598541917289,0,5760,1.0,False,sindy_mpc_dense,2,2020,0.0420362760343026,1799171074,20,100,68.9,regen-v2,637c6b535a9e,unknown,greenhouse-regen:v1
5760,-2.7748415925017773,9.199758374455296,11.974599966957072,6.7496587873482365,4.13347807779015,1.0914631018186882,373740.1839622464,74.99620874831375,3.638210339395628,13.7782602593005,71.84027777777777,1622,1276.9859685897827,74.51388888888889,1468,717999.5074462891,68.52430555555556,1813,3009.0262298583984,4903,2307.5756521747708,125.45552893008524,3061.835612805938,1224.1631248929173,0,5760,1.0,False,sindy_mpc_dense,2,2021,0.0420362760343026,1799171074,20,100,69.1,regen-v2,637c6b535a9e,unknown,greenhouse-regen:v1
5760,0.6562480781649525,12.651095764551144,11.994847686386194,6.131843892079472,4.212746831704552,1.6502569626021684,513950.7654348903,68.13159880088303,5.500856542007228,14.042489439015176,78.36805555555556,1246,1086.7330331802368,81.16319444444444,1085,474572.5255126953,74.75694444444444,1454,2663.818572998047,3785,2096.3568862070524,189.68470834484197,3120.5532083419903,1237.5252617637148,0,5760,1.0,False,sindy_mpc_dense,2,2022,0.0420362760343026,1799171074,20,100,69.4,regen-v2,637c6b535a9e,unknown,greenhouse-regen:v1
5760,-0.1051072150984064,10.67056228562762,10.775669500726028,5.451793275641629,5.198196058251256,0.1256801668331431,433491.59285362216,60.57548084046255,0.4189338894438103,17.327320194170852,74.49652777777777,1469,1100.985613822937,77.88194444444444,1274,485714.8645019531,57.04861111111112,2474,4015.006000518799,5217,1863.86094907281,14.445996139353266,3850.515597759793,1643.2033162557743,0,5760,1.0,False,sindy_mpc_dense,2,2023,0.0420362760343026,1799171074,20,100,68.8,regen-v2,637c6b535a9e,unknown,greenhouse-regen:v1
5760,5.427068696582436,15.661228153833052,10.23415945725062,5.170847063713971,4.919772749476531,0.1435396440601162,636237.3937494678,57.45385626348857,0.4784654802003875,16.399242498255102,62.55208333333333,2157,1932.591586112976,78.4375,1242,555279.0886230469,69.47916666666667,1758,3373.7234077453613,5157,1767.8109619711408,16.498809656538484,3644.27611027303,1420.2147854323412,0,5760,1.0,False,sindy_mpc_lowthr,2,2020,0.042042231500708,288255471,20,100,68.2,regen-v2,637c6b535a9e,unknown,greenhouse-regen:v1
5760,-1.3945467291287776,11.157812238874984,12.552358968003764,7.125457875796659,4.317219195096567,1.109681897110537,453286.1222042964,79.17175417551844,3.6989396570351247,14.39073065032189,70.59027777777777,1694,1248.0257940292358,77.08333333333334,1320,630179.0146026611,66.89236111111111,1907,2978.0074157714844,4921,2436.0539753152075,127.5496432698022,3197.940144631887,1247.7122839072708,0,5760,1.0,False,sindy_mpc_lowthr,2,2021,0.042042231500708,288255471,20,100,69.9,regen-v2,637c6b535a9e,unknown,greenhouse-regen:v1
5760,1.670616494404215,13.96313063019686,12.292514135792649,6.338964527451086,4.319266480939,1.634283127402563,567252.1818517476,70.43293919390096,5.447610424675211,14.397554936463331,78.10763888888889,1261,1032.9494609832764,81.84027777777779,1046,462501.2264404297,73.88888888888889,1504,2681.9527320861816,3811,2167.1673599841824,187.84863539607736,3199.456652160715,1247.4356713405184,0,5760,1.0,False,sindy_mpc_lowthr,2,2022,0.042042231500708,288255471,20,100,68.0,regen-v2,637c6b535a9e,unknown,greenhouse-regen:v1
5760,1.085376609120207,12.364799611127191,11.279423002006986,5.787005467248671,5.38554684249547,0.106870692262844,502319.9842020422,64.30006074720745,0.3562356408761469,17.951822808318237,73.29861111111111,1538,1098.568829536438,81.28472222222223,1078,442521.6297607422,57.91666666666667,2424,3571.7387046813965,5040,1978.463407452081,12.283987685507222,3989.29395792378,1652.003301280556,0,5760,1.0,False,sindy_mpc_lowthr,2,2023,0.042042231500708,288255471,20,100,68.1,regen-v2,637c6b535a9e,unknown,greenhouse-regen:v1
5760,-3.808957909078981,13.35078452303794,17.15974243211692,7.239085024985007,2.892271274660425,7.028386132471491,542375.6212484164,80.43427805538897,23.42795377490497,9.640904248868084,83.59375,945,578.0966873168945,85.9375,810,331879.74951171875,69.44444444444444,1760,2627.3198738098145,3515,2474.900862703379,807.8604742703747,2142.4231667577105,642.8371032653897,0,5760,1.0,False,nn_mpc,2,2020,,-1,20,100,1864.4,regen-v2,637c6b535a9e,unknown,greenhouse-regen:v1
5760,-7.119864825550023,9.552655053298077,16.6725198788481,9.057236202816188,2.5080434327027703,5.107240243329143,388076.6115402344,100.63595780906876,17.024134144430477,8.360144775675902,87.62152777777777,713,472.68202781677246,83.07291666666666,975,533503.8419189453,65.32986111111111,1997,3108.931915283203,3685,3096.491008372531,587.0391089756852,1857.8099504265765,536.6005123796083,0,5760,1.0,False,nn_mpc,2,2021,,-1,20,100,1833.2,regen-v2,637c6b535a9e,unknown,greenhouse-regen:v1
5232,-5.568910733444587,10.253502375862906,15.822413109307492,7.504118056296283,2.3560346290738945,5.962260423937315,416548.5340194306,83.37908951440315,19.874201413124386,7.853448763579649,80.61926605504587,1014,742.8678817749023,78.36391437308869,1132,666400.4217529297,70.33639143730886,1552,2427.6057891845703,3698,2565.510447196564,685.317290003072,1745.2108362774943,541.2162679425512,0,5760,0.9083,True,nn_mpc,2,2022,,-1,20,100,1651.5,regen-v2,637c6b535a9e,unknown,greenhouse-regen:v1
5602,-4.500062151885548,9.97059207158393,14.470654223469475,7.142512012278065,2.7173794039653805,4.610762807226034,405055.3029080972,79.36124458086739,15.369209357420113,9.05793134655127,88.07568725455195,668,374.3705711364746,90.5926454837558,527,195926.33618164065,55.67654409139593,2483,4324.224918365479,3678,2441.884448054114,529.9727362193792,2012.873632412758,691.4344967517663,0,5760,0.9726,True,nn_mpc,2,2023,,-1,20,100,1715.9,regen-v2,637c6b535a9e,unknown,greenhouse-regen:v1
5760,4.633505033605601,18.82551512786217,14.192010094256572,7.289512529497127,2.1524715303685187,4.750026034390926,764786.5520694008,80.99458366107919,15.83342011463642,7.174905101228396,95.22569444444444,275,385.74970149993896,100.0,0,0.0,62.10069444444445,2183,6893.667533874512,2458,2492.141034190952,545.9800039294614,1594.4233554580535,964.8017977790362,0,5760,1.0,False,rule_based,3,2020,,-1,20,100,4.9,regen-v2,637c6b535a9e,unknown,greenhouse-regen:v1
5760,-6.971197553462108,18.221369854828968,25.19256740829108,8.104337951146658,2.1297811298067355,14.95844832733768,740243.1503524268,90.04819945718509,49.86149442445894,7.099270432689119,93.87152777777776,353,601.7383589744568,100.0,0,0.0,51.05902777777778,2819,6172.752422332764,3172,2770.71382839817,1719.3618767216722,1577.6156514270265,1167.395714308131,0,5760,1.0,False,rule_based,3,2021,,-1,20,100,4.8,regen-v2,637c6b535a9e,unknown,greenhouse-regen:v1
5760,1.3275113618985808,17.637418865785413,16.309907503886834,7.499613752832879,2.139634234155769,6.670659516898183,716520.1414225324,83.3290416981431,22.235531722993944,7.132114113852565,95.39930555555556,265,493.4826302528381,100.0,0,0.0,61.11111111111112,2240,5014.862869262695,2505,2563.970514295536,766.7424732707419,1584.9142469795345,1140.604291500547,0,5760,1.0,False,rule_based,3,2022,,-1,20,100,4.9,regen-v2,637c6b535a9e,unknown,greenhouse-regen:v1
5760,-3.8142653819713086,17.52128685038918,21.335552232360484,7.35007553803624,2.3552000843903835,11.630276609933864,711802.2782970604,81.66750597818044,38.76758869977954,7.850666947967945,93.02083333333331,402,549.7288312911987,100.0,0,0.0,53.07291666666667,2703,6248.114597320557,3105,2512.846337649489,1336.8134034486193,1744.592654565445,1265.6447612482766,0,5760,1.0,False,rule_based,3,2023,,-1,20,100,4.8,regen-v2,637c6b535a9e,unknown,greenhouse-regen:v1
5760,-2.1588286095020024,11.601713775390792,13.760542384892794,4.185200037449261,3.193688964883168,6.381653382560365,471319.62212525087,46.50222263832512,21.272177941867884,10.645629882943894,48.66319444444444,2957,5691.329283237457,82.23958333333333,1023,1654569.3239746094,53.43750000000001,2682,5798.073177337647,6662,1430.8376195992985,733.5233770431447,2365.6955293070546,1523.4313842963795,0,5760,1.0,False,sindy_mpc_conf,3,2020,0.0,4174263774,20,100,79.8,regen-v2,637c6b535a9e,unknown,greenhouse-regen:v1
5760,-5.273983441821384,7.565001724092323,12.838985165913709,5.684850930528356,3.5158311029290243,3.6383031324563273,307328.1950412506,63.16501033920395,12.127677108187758,11.719437009763414,51.94444444444445,2768,5871.9662544727325,70.57291666666666,1695,2557605.194946289,36.64930555555556,3649,7618.235496520996,8112,1943.5387795871543,418.1957624616574,2604.319333776297,1401.1430028870564,0,5760,1.0,False,sindy_mpc_conf,3,2021,0.0,4174263774,20,100,80.5,regen-v2,637c6b535a9e,unknown,greenhouse-regen:v1
5760,-4.704581359512508,9.000518795499474,13.70510015501198,4.183361904857646,3.202358817187558,6.319379432966777,365646.0760671661,46.48179894286274,21.064598109889257,10.674529390625194,52.708333333333336,2724,8341.664004564285,68.19444444444444,1832,4144524.9365234375,42.43055555555556,3316,7708.061084747314,7872,1430.2091996240435,726.3654521623466,2372.117641721923,1346.1111479829838,0,5760,1.0,False,sindy_mpc_conf,3,2022,0.0,4174263774,20,100,85.7,regen-v2,637c6b535a9e,unknown,greenhouse-regen:v1
5760,-3.4194600562041497,8.039496632855855,11.458956689060006,4.87145244374678,3.308172404349625,3.279331840963599,326604.5507097692,54.12724937496423,10.931106136545331,11.027241347832083,54.39236111111111,2627,3927.9088048934937,88.69791666666667,651,913528.6384277344,43.05555555555556,3280,5689.096435546875,6558,1665.4538259953367,376.9346943350352,2450.498075146261,1779.276019066946,0,5760,1.0,False,sindy_mpc_conf,3,2023,0.0,4174263774,20,100,77.4,regen-v2,637c6b535a9e,unknown,greenhouse-regen:v1
5760,4.799008334267879,13.570268283977745,8.771259949709865,4.909930888396132,3.631407274662092,0.2299217866516405,551292.1490365958,54.55478764884591,0.7664059555054685,12.104690915540306,59.53125,2331,2819.473587036133,92.39583333333331,438,259347.04931640625,67.46527777777777,1874,3608.713760375977,4643,1678.608849600643,26.427791571736705,2689.931315227926,1536.282843403273,0,5760,1.0,False,sindy_mpc_dense,3,2020,0.0311407271098998,1414005743,20,100,71.4,regen-v2,637c6b535a9e,unknown,greenhouse-regen:v1
5760,-2.485324669931325,7.742320653245621,10.227645323176944,6.598441563349872,2.786894520009848,0.8423092398172256,314531.7765381033,73.31601737055414,2.807697466057419,9.289648400032826,63.97569444444444,2075,2225.024798393249,93.02083333333331,402,251786.7466583252,68.22916666666666,1830,2957.677734375,4307,2255.877456783006,96.81715397247656,2064.3663094218923,1376.282198241854,0,5760,1.0,False,sindy_mpc_dense,3,2021,0.0311407271098998,1414005743,20,100,71.7,regen-v2,637c6b535a9e,unknown,greenhouse-regen:v1
5760,1.2420174435017222,10.90678222833318,9.664764784831458,5.988783168524905,2.9308986581813934,0.7450829581251606,443088.0280260355,66.54203520583228,2.483609860417202,9.76966219393798,74.30555555555556,1480,1438.0042400360107,92.5,432,329450.2951660156,71.97916666666667,1614,2866.5541610717773,3526,2047.447237391341,85.64171930329564,2171.036043606683,1327.930258197509,0,5760,1.0,False,sindy_mpc_dense,3,2022,0.0311407271098998,1414005743,20,100,71.5,regen-v2,637c6b535a9e,unknown,greenhouse-regen:v1
5760,0.4610209407895678,9.877848155118912,9.416827214329343,5.578189838536417,3.708157733038438,0.1304796427544904,401287.58130170585,61.97988709484908,0.4349321425149682,12.360525776794791,72.8125,1566,1582.6772384643557,93.54166666666669,372,227479.0601806641,52.82986111111111,2717,4569.7585525512695,4655,1907.073448538072,14.99766011123561,2746.783507100241,1767.695262526578,0,5760,1.0,False,sindy_mpc_dense,3,2023,0.0311407271098998,1414005743,20,100,71.3,regen-v2,637c6b535a9e,unknown,greenhouse-regen:v1
5760,4.798665976284177,13.568637994997482,8.769972018713307,4.909705005139938,3.6309941869745455,0.2292728265988229,551225.9185467728,54.5522778348882,0.7642427553294098,12.103313956581822,59.54861111111112,2330,2819.9138803482056,92.41319444444444,437,259156.6348876953,67.46527777777777,1874,3608.099437713623,4641,1678.5316254569868,26.3531985467625,2689.625323313576,1536.3373240442866,0,5760,1.0,False,sindy_mpc_lowthr,3,2020,0.0311407240561425,1197778244,20,100,71.5,regen-v2,637c6b535a9e,unknown,greenhouse-regen:v1
5760,-2.486918930016568,7.73817932098264,10.225098250999208,6.597849774837062,2.7868312620507547,0.8404172141113921,314363.53491491976,73.30944194263402,2.8013907137046408,9.289437540169184,63.97569444444444,2075,2223.8724269866943,92.93402777777776,407,252550.45057678223,68.22916666666666,1830,2951.778282165528,4312,2255.675135901909,96.59967991815029,2064.31945276637,1376.0657989798074,0,5760,1.0,False,sindy_mpc_lowthr,3,2021,0.0311407240561425,1197778244,20,100,70.6,regen-v2,637c6b535a9e,unknown,greenhouse-regen:v1
5760,1.241836243262731,10.90787334834794,9.66603710508521,5.987884243817744,2.9308808635797745,0.7472719976876909,443132.3547766351,66.53204715353048,2.49090665895897,9.76960287859925,74.32291666666667,1479,1438.448733329773,92.5,432,329814.23693847656,71.99652777777777,1613,2863.8847694396973,3524,2047.1399123570477,85.89333310232152,2171.0228620576454,1327.9856507415684,0,5760,1.0,False,sindy_mpc_lowthr,3,2022,0.0311407240561425,1197778244,20,100,71.0,regen-v2,637c6b535a9e,unknown,greenhouse-regen:v1
5760,0.4662896250171214,9.8789866591273,9.41269703411018,5.578192158571408,3.706655881560218,0.1278489939785534,401333.8330270466,61.97991287301565,0.4261633132618447,12.355519605200728,72.79513888888889,1567,1583.9973735809326,93.54166666666669,372,224131.3829345703,52.951388888888886,2710,4562.818344116211,4649,1907.0742415697737,14.695286652570372,2745.6710261247163,1768.2370952438082,0,5760,1.0,False,sindy_mpc_lowthr,3,2023,0.0311407240561425,1197778244,20,100,73.5,regen-v2,637c6b535a9e,unknown,greenhouse-regen:v1
5760,-3.107224253120457,12.429050432398144,15.5362746855186,6.242572945589661,2.579976112822778,6.713725627106163,504930.1738161746,69.3619216176629,22.37908542368721,8.599920376075927,75.9375,1386,857.013708114624,93.73263888888889,361,263621.62158203125,59.16666666666666,2352,4106.60880279541,4099,2134.212973144147,771.6926011807016,1911.0934158521864,883.0945682088234,0,5760,1.0,False,nn_mpc,3,2020,,-1,20,100,2307.0,regen-v2,637c6b535a9e,unknown,greenhouse-regen:v1
5760,-7.141007849207361,11.89453862924963,19.03554647845699,8.256338690449816,2.3747476607385085,8.404460127268667,483215.6318132662,91.73709656055352,28.01486709089556,7.915825535795029,85.06944444444444,860,585.2185020446777,88.52430555555556,661,544965.3319091797,44.25347222222222,3211,5515.994499206543,4732,2822.679894007044,966.02989962458,1759.0723410596192,824.627720542278,0,5760,1.0,False,nn_mpc,3,2021,,-1,20,100,2175.6,regen-v2,637c6b535a9e,unknown,greenhouse-regen:v1
5028,-6.7851873122334565,11.976803535259812,18.761990847493266,6.762146330980388,2.2475289528278437,9.752315563685038,486557.6436199299,75.13495923311542,32.5077185456168,7.491763176092811,81.46380270485282,932,687.5121383666992,79.47494033412887,1032,885559.6739501953,56.364359586316624,2194,3684.980697631836,4158,2311.8448996444367,1120.9558119953272,1664.836260638409,641.8871596947971,0,5760,0.8729,True,nn_mpc,3,2022,,-1,20,100,1801.3,regen-v2,637c6b535a9e,unknown,greenhouse-regen:v1
5760,-3.527039851642768,10.67668743199043,14.2037272836332,6.574142659999407,2.454818123437222,5.17476650019657,433740.42692461127,73.04602955554897,17.2492216673219,8.182727078124074,82.51736111111111,1007,552.1210670471191,96.42361111111111,206,114390.70837402344,42.48263888888889,3313,6638.29829788208,4526,2247.570140517687,594.8007472755007,1818.3837958953832,950.2829138558632,0,5760,1.0,False,nn_mpc,3,2023,,-1,20,100,2019.0,regen-v2,637c6b535a9e,unknown,greenhouse-regen:v1
5760,4.633505033605601,18.82551512786217,14.192010094256572,7.289512529497127,2.1524715303685187,4.750026034390926,764786.5520694008,80.99458366107919,15.83342011463642,7.174905101228396,95.22569444444444,275,385.74970149993896,100.0,0,0.0,62.10069444444445,2183,6893.667533874512,2458,2492.141034190952,545.9800039294614,1594.4233554580535,964.8017977790362,0,5760,1.0,False,rule_based,4,2020,,-1,20,100,4.7,regen-v2,637c6b535a9e,unknown,greenhouse-regen:v1
5760,-6.971197553462108,18.221369854828968,25.19256740829108,8.104337951146658,2.1297811298067355,14.95844832733768,740243.1503524268,90.04819945718509,49.86149442445894,7.099270432689119,93.87152777777776,353,601.7383589744568,100.0,0,0.0,51.05902777777778,2819,6172.752422332764,3172,2770.71382839817,1719.3618767216722,1577.6156514270265,1167.395714308131,0,5760,1.0,False,rule_based,4,2021,,-1,20,100,4.6,regen-v2,637c6b535a9e,unknown,greenhouse-regen:v1
5760,1.3275113618985808,17.637418865785413,16.309907503886834,7.499613752832879,2.139634234155769,6.670659516898183,716520.1414225324,83.3290416981431,22.235531722993944,7.132114113852565,95.39930555555556,265,493.4826302528381,100.0,0,0.0,61.11111111111112,2240,5014.862869262695,2505,2563.970514295536,766.7424732707419,1584.9142469795345,1140.604291500547,0,5760,1.0,False,rule_based,4,2022,,-1,20,100,4.7,regen-v2,637c6b535a9e,unknown,greenhouse-regen:v1
5760,-3.8142653819713086,17.52128685038918,21.335552232360484,7.35007553803624,2.3552000843903835,11.630276609933864,711802.2782970604,81.66750597818044,38.76758869977954,7.850666947967945,93.02083333333331,402,549.7288312911987,100.0,0,0.0,53.07291666666667,2703,6248.114597320557,3105,2512.846337649489,1336.8134034486193,1744.592654565445,1265.6447612482766,0,5760,1.0,False,rule_based,4,2023,,-1,20,100,4.8,regen-v2,637c6b535a9e,unknown,greenhouse-regen:v1
5760,-0.4002363259185942,9.265019495583664,9.66525582150226,4.24936108717265,5.31565246703836,0.1002422672912478,376391.4170080864,47.215123190807226,0.3341408909708261,17.718841556794533,42.70833333333333,3300,6982.678407669067,59.23611111111112,2348,2763235.1068115234,61.5625,2214,4121.761375427246,7862,1452.7730217236476,11.522099739586924,3937.520345670953,1531.547048694838,0,5760,1.0,False,sindy_mpc_conf,4,2020,0.0,3155591308,20,100,78.4,regen-v2,637c6b535a9e,unknown,greenhouse-regen:v1
5760,-5.437984199195087,6.516124822525587,11.954109021720674,5.865816268085022,5.720505118798584,0.3677876348370686,264717.570915102,65.1757363120558,1.2259587827902287,19.06835039599528,46.33680555555556,3091,6836.871146241669,50.31250000000001,2862,3577167.0389404297,51.49305555555556,2794,5027.649459838867,8747,2005.40727115678,42.274440765205405,4237.411198010009,1425.659806448391,0,5760,1.0,False,sindy_mpc_conf,4,2021,0.0,3155591308,20,100,80.3,regen-v2,637c6b535a9e,unknown,greenhouse-regen:v1
5760,-3.3003284599946943,6.734236875884072,10.034565335878764,4.43744534161505,5.050215917159051,0.5469040771046654,273578.3730827904,49.30494824016723,1.8230135903488849,16.834053057196837,48.35069444444444,2975,8690.888382196426,58.19444444444445,2408,4557581.037719727,52.58680555555556,2731,5070.905498504639,8114,1517.0753315884983,62.86253746863144,3740.900677812303,1370.642282730028,0,5760,1.0,False,sindy_mpc_conf,4,2022,0.0,3155591308,20,100,83.0,regen-v2,637c6b535a9e,unknown,greenhouse-regen:v1
5760,-3.990543082383333,7.159400375398551,11.149943457781884,5.128374760514177,5.979941421566468,0.0416272757012397,290850.6402505661,56.98194178349086,0.138757585670799,19.933138071888227,48.19444444444444,2984,4771.56559419632,69.91319444444444,1733,1557883.7849121094,58.71527777777777,2378,3502.284568786621,7095,1753.2905154457687,4.784744330723628,4429.586237118716,1775.3578964454794,0,5760,1.0,False,sindy_mpc_conf,4,2023,0.0,3155591308,20,100,75.8,regen-v2,637c6b535a9e,unknown,greenhouse-regen:v1
5760,4.516342661562407,16.965384631371897,12.449041969809487,4.704427305122969,6.157758366210608,1.5868562984759138,689218.7506494833,52.27141450136632,5.289520994919713,20.525861220702023,66.78819444444444,1913,1749.8739280700684,55.69444444444444,2552,3645956.1873779297,62.53472222222223,2158,4560.606369018555,6623,1608.3512146823607,182.39727582647205,4561.302493668753,1409.3334313934815,0,5760,1.0,False,sindy_mpc_dense,4,2020,0.0358029776586821,730896881,20,100,72.7,regen-v2,637c6b535a9e,unknown,greenhouse-regen:v1
5760,-1.264410046769505,13.322412933029462,14.586822979798969,6.6495141880475295,5.643626158023629,2.2936826337278085,541223.0254043218,73.88349097830589,7.645608779092695,18.812087193412097,75.46875,1413,962.0487537384032,49.583333333333336,2904,4605845.130859375,51.05902777777778,2819,5634.010231018066,7136,2273.3381831465995,263.641682063212,4180.463821095122,1250.9071764751402,0,5760,1.0,False,sindy_mpc_dense,4,2021,0.0358029776586821,730896881,20,100,73.9,regen-v2,637c6b535a9e,unknown,greenhouse-regen:v1
5760,1.6469550521602865,15.842907757891757,14.195952705731472,5.820954207823326,5.190348637918264,3.1846498599898823,643618.1276643527,64.67726897581474,10.615499533299609,17.301162126394214,77.56944444444444,1292,1217.652310371399,58.64583333333333,2382,3987665.6270751953,64.30555555555556,2056,4895.20832824707,5730,1990.06981418272,366.05170785065815,3844.702694787132,1213.4262447764445,0,5760,1.0,False,sindy_mpc_dense,4,2022,0.0358029776586821,730896881,20,100,73.7,regen-v2,637c6b535a9e,unknown,greenhouse-regen:v1
5760,0.5659734497420175,13.305937395534436,12.739963945792418,5.491057077528744,6.459551642619699,0.7893552256439751,540553.7066935864,61.01174530587493,2.631184085479917,21.53183880873233,67.98611111111111,1844,1476.630121231079,67.76041666666667,1857,2277051.036743164,59.25347222222223,2347,3663.514972686768,6048,1877.28447177316,90.7304855549956,4784.853068516182,1652.906488750699,0,5760,1.0,False,sindy_mpc_dense,4,2023,0.0358029776586821,730896881,20,100,72.5,regen-v2,637c6b535a9e,unknown,greenhouse-regen:v1
5760,4.516200338294732,16.967655223841863,12.451454885547133,4.704752100481636,6.156954692818587,1.5897480922469085,689310.9934685758,52.27502333868485,5.299160307489696,20.52318230939529,66.75347222222221,1915,1748.3172869682312,55.65972222222222,2554,3643907.095214844,62.46527777777777,2162,4560.42582321167,6631,1608.4622561556384,182.72966569216092,4560.707178941342,1409.556108287244,0,5760,1.0,False,sindy_mpc_lowthr,4,2020,0.0358029765018551,3842449293,20,100,73.3,regen-v2,637c6b535a9e,unknown,greenhouse-regen:v1
5760,-1.2676244502054288,13.32373154313705,14.59135599334248,6.648292779933676,5.643676611949051,2.299386601459753,541276.5939399427,73.86991977704085,7.664622004865843,18.812255373163502,75.46875,1413,961.8540477752686,49.60069444444444,2903,4605899.04624939,50.97222222222222,2824,5637.115982055664,7140,2272.920608983319,264.2973102893458,4180.501193271893,1251.1580472687515,0,5760,1.0,False,sindy_mpc_lowthr,4,2021,0.0358029765018551,3842449293,20,100,72.5,regen-v2,637c6b535a9e,unknown,greenhouse-regen:v1
5760,1.6525710624823078,15.8377365860259,14.185165523543594,5.821922905080163,5.188861120419414,3.174381498044018,643408.0488073023,64.68803227866847,10.581271660146728,17.29620373473138,77.51736111111111,1295,1218.846326828003,58.68055555555556,2380,3982507.978515625,64.39236111111111,2051,4894.09602355957,5726,1990.4009922109672,364.8714361143116,3843.600829253233,1213.2901291411797,0,5760,1.0,False,sindy_mpc_lowthr,4,2022,0.0358029765018551,3842449293,20,100,72.1,regen-v2,637c6b535a9e,unknown,greenhouse-regen:v1
5760,0.5667473753036356,13.30571270490595,12.738965329602316,5.490619813569524,6.4593793319989015,0.7889661840338896,540544.5786368042,61.00688681743916,2.6298872801129654,21.531264439996335,67.95138888888889,1846,1475.473578453064,67.76041666666667,1857,2277020.671875,59.201388888888886,2350,3663.776958465576,6053,1877.134978749067,90.68576831209876,4784.725431269017,1652.955750223061,0,5760,1.0,False,sindy_mpc_lowthr,4,2023,0.0358029765018551,3842449293,20,100,71.6,regen-v2,637c6b535a9e,unknown,greenhouse-regen:v1
5760,-5.227774368220862,12.915707239926238,18.143481608147106,7.170811006959388,2.760033608909957,8.212636992277755,524700.6066220035,79.67567785510431,27.37545664092585,9.20011202969986,78.85416666666667,1218,942.1335554122924,95.3125,270,106051.07263183594,62.84722222222222,2140,3703.952884674072,3628,2451.559320184629,943.981263581223,2044.4693397224444,777.6302034582679,0,5760,1.0,False,nn_mpc,4,2020,,-1,20,100,2045.4,regen-v2,637c6b535a9e,unknown,greenhouse-regen:v1
5760,-10.012937436093956,12.436891890782604,22.44982932687656,8.99555963916803,2.3898940249110487,11.06437566279748,505248.7330630433,99.95066265742255,36.88125220932494,7.966313416370163,84.53125,891,1105.446810245514,96.57986111111111,197,51933.34941101074,53.71527777777778,2666,4554.079399108887,3754,3075.405004642195,1271.767317445954,1770.2918710557487,656.6308299424431,0,5760,1.0,False,nn_mpc,4,2021,,-1,20,100,1873.8,regen-v2,637c6b535a9e,unknown,greenhouse-regen:v1
5229,-8.750768394695696,13.102921849143522,21.853690243839218,7.8121757142927875,2.226417463782409,11.815097065764022,532306.2001214556,86.80195238103097,39.38365688588007,7.421391545941362,75.922738573341,1259,1597.22318649292,95.73532224134634,223,71870.76257324219,61.69439663415567,2003,3790.2314376831055,3485,2670.8293040699737,1358.0571339139076,1649.1981212922838,603.185684874362,0,5760,0.9078,True,nn_mpc,4,2022,,-1,20,100,1664.9,regen-v2,637c6b535a9e,unknown,greenhouse-regen:v1
5760,-5.790437160228439,11.178558110641536,16.96899527086998,6.982708007041023,2.7760168333507544,7.210270430478198,454128.9232448124,77.58564452267804,24.034234768260664,9.253389444502517,84.70486111111111,881,545.8566083908081,97.89930555555556,121,40740.84924316406,47.864583333333336,3003,5757.101581573486,4005,2387.2505998670417,828.7667167754748,2056.30876542365,886.8466287634936,0,5760,1.0,False,nn_mpc,4,2023,,-1,20,100,1819.7,regen-v2,637c6b535a9e,unknown,greenhouse-regen:v1
5760,4.633505033605601,18.82551512786217,14.192010094256572,7.289512529497127,2.1524715303685187,4.750026034390926,764786.5520694008,80.99458366107919,15.83342011463642,7.174905101228396,95.22569444444444,275,385.74970149993896,100.0,0,0.0,62.10069444444445,2183,6893.667533874512,2458,2492.141034190952,545.9800039294614,1594.4233554580535,964.8017977790362,0,5760,1.0,False,rule_based,5,2020,,-1,20,100,4.7,regen-v2,637c6b535a9e,unknown,greenhouse-regen:v1
5760,-6.971197553462108,18.221369854828968,25.19256740829108,8.104337951146658,2.1297811298067355,14.95844832733768,740243.1503524268,90.04819945718509,49.86149442445894,7.099270432689119,93.87152777777776,353,601.7383589744568,100.0,0,0.0,51.05902777777778,2819,6172.752422332764,3172,2770.71382839817,1719.3618767216722,1577.6156514270265,1167.395714308131,0,5760,1.0,False,rule_based,5,2021,,-1,20,100,4.8,regen-v2,637c6b535a9e,unknown,greenhouse-regen:v1
5760,1.3275113618985808,17.637418865785413,16.309907503886834,7.499613752832879,2.139634234155769,6.670659516898183,716520.1414225324,83.3290416981431,22.235531722993944,7.132114113852565,95.39930555555556,265,493.4826302528381,100.0,0,0.0,61.11111111111112,2240,5014.862869262695,2505,2563.970514295536,766.7424732707419,1584.9142469795345,1140.604291500547,0,5760,1.0,False,rule_based,5,2022,,-1,20,100,4.9,regen-v2,637c6b535a9e,unknown,greenhouse-regen:v1
5760,-3.8142653819713086,17.52128685038918,21.335552232360484,7.35007553803624,2.3552000843903835,11.630276609933864,711802.2782970604,81.66750597818044,38.76758869977954,7.850666947967945,93.02083333333331,402,549.7288312911987,100.0,0,0.0,53.07291666666667,2703,6248.114597320557,3105,2512.846337649489,1336.8134034486193,1744.592654565445,1265.6447612482766,0,5760,1.0,False,rule_based,5,2023,,-1,20,100,4.9,regen-v2,637c6b535a9e,unknown,greenhouse-regen:v1
5760,-0.087455423792625,9.43355919043762,9.521014614230245,4.355955310975979,5.089574724371548,0.0754845788827165,383238.34211152827,48.39950345528866,0.2516152629423887,16.965249081238497,43.85416666666666,3234,6825.963265895844,69.6875,1746,1783919.2587890625,61.545138888888886,2215,4050.8470153808594,7195,1489.2154907407248,8.676388422593474,3770.055350405744,1496.7153217661555,0,5760,1.0,False,sindy_mpc_conf,5,2020,0.0,3929851121,20,100,78.0,regen-v2,637c6b535a9e,unknown,greenhouse-regen:v1
5760,-5.316944176407152,6.652158352500185,11.969102528907335,6.0082865238407015,5.640043355826421,0.3207726492402143,270243.93307032,66.75873915378557,1.0692421641340475,18.800144519421405,46.51041666666666,3081,6865.827777749859,56.21527777777777,2522,2666914.688720703,49.18402777777778,2927,4523.086502075195,8530,2054.1150506334525,36.87041949327725,4177.809891679637,1396.8434472480403,0,5760,1.0,False,sindy_mpc_conf,5,2021,0.0,3929851121,20,100,78.6,regen-v2,637c6b535a9e,unknown,greenhouse-regen:v1
5760,-3.0678846020763366,6.739367290564981,9.807251892641318,4.520239290543188,4.793666596429825,0.4933460056683048,273786.7961792023,50.224881006035424,1.644486685561016,15.978888654766084,49.14930555555556,2929,8675.07593011856,61.37152777777778,2225,3393852.8436279297,54.427083333333336,2625,4597.614219665527,7779,1545.3809542603717,56.70643752424803,3550.864146114456,1346.972583690249,0,5760,1.0,False,sindy_mpc_conf,5,2022,0.0,3929851121,20,100,84.0,regen-v2,637c6b535a9e,unknown,greenhouse-regen:v1
5760,-3.945395888933974,7.271472826939139,11.216868715873114,5.261759773206821,5.917473366758801,0.0376355759074911,295403.58359440253,58.46399748007579,0.1254519196916371,19.72491122252934,49.13194444444444,2930,4740.587454319,78.4375,1242,1050281.7822265625,58.55902777777777,2387,3213.1929664611816,6559,1798.892231395274,4.32592827502175,4383.313604900394,1745.061119941563,0,5760,1.0,False,sindy_mpc_conf,5,2023,0.0,3929851121,20,100,74.7,regen-v2,637c6b535a9e,unknown,greenhouse-regen:v1
5760,4.198828955078236,16.851634610339527,12.652805655261291,4.758066875436716,6.143692727025409,1.7510460527991674,684597.6560450434,52.86740972707463,5.836820175997225,20.478975756751364,70.95486111111111,1673,1292.6340556144714,52.170138888888886,2755,3266098.822631836,55.78125000000001,2547,5594.937076568604,6975,1626.6895311318565,201.26966124593088,4550.88350032435,1335.2976441293868,0,5760,1.0,False,sindy_mpc_dense,5,2020,0.0422751926570002,811413,20,100,73.8,regen-v2,637c6b535a9e,unknown,greenhouse-regen:v1
5760,-1.866601080422317,12.422325069357246,14.288926149779568,6.612944919962722,5.471831243277036,2.2041499865398086,504656.9559426382,73.47716577736358,7.347166621799363,18.23943747759012,78.14236111111111,1259,849.1636352539062,49.34027777777778,2918,3683700.7423095694,46.09375,3105,6271.300514221191,7282,2260.835869377959,253.35057316467697,4053.208328304841,1187.495008102344,0,5760,1.0,False,sindy_mpc_dense,5,2021,0.0422751926570002,811413,20,100,76.0,regen-v2,637c6b535a9e,unknown,greenhouse-regen:v1
5760,1.393750072715696,14.590524927571725,13.196774854856026,5.873720380771268,5.234325513696941,2.08872896038782,592740.0751826012,65.26355978634741,6.962429867959399,17.44775171232314,78.94097222222223,1213,1104.832145690918,66.04166666666667,1956,2403344.082763672,62.88194444444445,2138,4728.632751464844,5307,2008.109531515424,240.0837884775988,3877.2781589061888,1192.6796663130374,0,5760,1.0,False,sindy_mpc_dense,5,2022,0.0422751926570002,811413,20,100,76.6,regen-v2,637c6b535a9e,unknown,greenhouse-regen:v1
5760,-0.686082936385442,12.748278365629863,13.434361302015304,5.604865332609237,6.61474139996395,1.214754569442119,517898.8086037132,62.27628147343597,4.049181898140397,22.04913799987984,68.66319444444444,1805,1861.1503448486328,62.56944444444444,2156,2548727.302978516,56.49305555555556,2506,4229.532012939453,6467,1916.1932767232877,139.62696174235924,4899.808443196772,1577.3449302266067,0,5760,1.0,False,sindy_mpc_dense,5,2023,0.0422751926570002,811413,20,100,74.9,regen-v2,637c6b535a9e,unknown,greenhouse-regen:v1
5760,4.418693666216226,17.052183189987836,12.633489523771614,4.742355493138341,6.161581010391919,1.7295530202413554,692744.942093256,52.69283881264823,5.765176734137851,20.538603367973064,70.72916666666667,1686,1290.0369901657104,52.65625000000001,2727,3239906.850097656,56.00694444444444,2534,5516.656700134277,6947,1621.3181181375048,198.7991979259602,4564.13408173385,1338.1444860038237,0,5760,1.0,False,sindy_mpc_lowthr,5,2020,0.0422764823499021,731149643,20,100,71.8,regen-v2,637c6b535a9e,unknown,greenhouse-regen:v1
5760,-1.387685539298508,12.825301878155928,14.212987417454436,6.585248096127371,5.499465860992881,2.128273460334185,521027.8888000846,73.16942329030412,7.094244867780619,18.33155286997627,78.47222222222221,1240,842.5208292007446,50.15625,2871,3711841.8612213135,45.85069444444444,3119,6345.8503494262695,7230,2251.366870955032,244.62913323875895,4073.678414980816,1186.824959585426,0,5760,1.0,False,sindy_mpc_lowthr,5,2021,0.0422764823499021,731149643,20,100,73.1,regen-v2,637c6b535a9e,unknown,greenhouse-regen:v1
5760,1.958355084978601,15.081570680555007,13.12321559557641,5.859475000826078,5.226626927402214,2.0371136673481187,612688.8088975473,65.10527778695642,6.790378891160396,17.42208975800738,79.49652777777779,1181,1063.6546411514282,66.68402777777777,1919,2503794.7287597656,61.90972222222222,2194,4937.902969360352,5294,2003.2393174661704,234.1509961751026,3871.575501242037,1191.6961569721025,0,5760,1.0,False,sindy_mpc_lowthr,5,2022,0.0422764823499021,731149643,20,100,73.2,regen-v2,637c6b535a9e,unknown,greenhouse-regen:v1
5760,-0.4549186021611451,12.947829074296386,13.402747676457532,5.5933516277099296,6.630219514355218,1.1791765343923832,526005.5561432907,62.14835141899922,3.930588447974611,22.100731714517394,68.81944444444444,1796,1852.0822792053225,62.93402777777778,2135,2526964.764892578,56.09375,2529,4270.725151062012,6460,1912.256966835377,135.5375324689017,4911.273714477776,1579.4097090755718,0,5760,1.0,False,sindy_mpc_lowthr,5,2023,0.0422764823499021,731149643,20,100,71.8,regen-v2,637c6b535a9e,unknown,greenhouse-regen:v1
3689,-1.7627950128681944,7.246770547860869,9.009565560729063,4.884901252882041,1.1814368804035618,2.9432274274434613,294400.0535068478,54.27668058757824,9.810758091478204,3.9381229346785394,68.3654106804012,1167,1058.1814069747925,99.34941718622932,24,3163.336151123047,74.16644076985634,953,1457.0397834777832,2144,1670.051710779819,338.30200282129096,875.1384301045441,496.2982765727096,0,5760,0.6405,True,nn_mpc,5,2020,,-1,20,100,1359.8,regen-v2,637c6b535a9e,unknown,greenhouse-regen:v1
5760,-7.400410603685632,8.768147266595538,16.16855787028117,8.556385210711664,1.7139291814496616,5.898243478119844,356205.9827054437,95.07094678568517,19.660811593732813,5.713097271498872,74.91319444444444,1445,1645.8840699195862,98.2465277777778,101,16952.24422454834,64.73958333333333,2031,3167.798713684082,3577,2925.259901868136,677.959021131599,1269.5771704632257,775.5817270539135,0,5760,1.0,False,nn_mpc,5,2021,,-1,20,100,1954.2,regen-v2,637c6b535a9e,unknown,greenhouse-regen:v1
5027,-7.121554270030947,10.289288813528556,17.410843083559502,7.506874671377963,1.566876669901345,8.337091742280194,418002.3580495976,83.40971857086626,27.79030580760065,5.222922233004484,69.10682315496321,1553,1995.0136127471924,96.29998010741994,186,11863.850555419922,73.02566142828725,1356,2026.1125373840327,3095,2566.4528785903904,958.2864066030482,1160.649385214464,644.7695370710446,0,5760,0.8727,True,nn_mpc,5,2022,,-1,20,100,1691.4,regen-v2,637c6b535a9e,unknown,greenhouse-regen:v1
5319,-2.992985814606483,7.470787287733874,10.463773102340358,6.057990885649047,1.933975908692691,2.4718063079986208,303500.73356418865,67.31100984054497,8.239354359995403,6.44658636230897,76.16093250611017,1268,930.6705207824708,99.49238578680205,27,6300.897796630859,60.51889452904682,2100,3735.8821182250977,3395,2071.107993847035,284.1156672900652,1432.5747467085623,895.4018724449553,0,5760,0.9234,True,nn_mpc,5,2023,,-1,20,100,1783.8,regen-v2,637c6b535a9e,unknown,greenhouse-regen:v1
5760,4.633505033605601,18.82551512786217,14.192010094256572,7.289512529497127,2.1524715303685187,4.750026034390926,764786.5520694008,80.99458366107919,15.83342011463642,7.174905101228396,95.22569444444444,275,385.74970149993896,100.0,0,0.0,62.10069444444445,2183,6893.667533874512,2458,2492.141034190952,545.9800039294614,1594.4233554580535,964.8017977790362,0,5760,1.0,False,rule_based,6,2020,,-1,20,100,4.6,regen-v2,637c6b535a9e,unknown,greenhouse-regen:v1
5760,-6.971197553462108,18.221369854828968,25.19256740829108,8.104337951146658,2.1297811298067355,14.95844832733768,740243.1503524268,90.04819945718509,49.86149442445894,7.099270432689119,93.87152777777776,353,601.7383589744568,100.0,0,0.0,51.05902777777778,2819,6172.752422332764,3172,2770.71382839817,1719.3618767216722,1577.6156514270265,1167.395714308131,0,5760,1.0,False,rule_based,6,2021,,-1,20,100,4.7,regen-v2,637c6b535a9e,unknown,greenhouse-regen:v1
5760,1.3275113618985808,17.637418865785413,16.309907503886834,7.499613752832879,2.139634234155769,6.670659516898183,716520.1414225324,83.3290416981431,22.235531722993944,7.132114113852565,95.39930555555556,265,493.4826302528381,100.0,0,0.0,61.11111111111112,2240,5014.862869262695,2505,2563.970514295536,766.7424732707419,1584.9142469795345,1140.604291500547,0,5760,1.0,False,rule_based,6,2022,,-1,20,100,4.8,regen-v2,637c6b535a9e,unknown,greenhouse-regen:v1
5760,-3.8142653819713086,17.52128685038918,21.335552232360484,7.35007553803624,2.3552000843903835,11.630276609933864,711802.2782970604,81.66750597818044,38.76758869977954,7.850666947967945,93.02083333333331,402,549.7288312911987,100.0,0,0.0,53.07291666666667,2703,6248.114597320557,3105,2512.846337649489,1336.8134034486193,1744.592654565445,1265.6447612482766,0,5760,1.0,False,rule_based,6,2023,,-1,20,100,4.8,regen-v2,637c6b535a9e,unknown,greenhouse-regen:v1
5760,5.096132755752814,16.971579519402695,11.87544676364988,4.372710107853399,5.950785091041183,1.551951564755298,689470.4179757345,48.58566786503776,5.17317188251766,19.83595030347061,58.05555555555556,2416,3054.366571426392,54.114583333333336,2643,4970115.0439453125,60.01736111111112,2303,5255.815158843994,7362,1494.9436266616176,178.38523727406954,4407.988955264989,1422.8794588161618,0,5760,1.0,False,sindy_mpc_conf,6,2020,0.0,1990158916,20,100,81.5,regen-v2,637c6b535a9e,unknown,greenhouse-regen:v1
5760,-6.063868136389866,9.073420327775503,15.13728846416537,6.147930413805547,5.937198503101311,3.052159547258513,368607.7008158799,68.31033793117274,10.173865157528375,19.790661677004373,63.55902777777778,2099,2162.5896711349487,45.22569444444444,3155,7975676.226806641,46.545138888888886,3079,7198.988899230957,8333,2101.8565524679966,350.8229366055997,4397.924816507742,1264.4692377108818,0,5760,1.0,False,sindy_mpc_conf,6,2021,0.0,1990158916,20,100,73.6,regen-v2,637c6b535a9e,unknown,greenhouse-regen:v1
5760,0.9698858736154968,17.634957460763903,16.665071587148407,4.875476076681037,5.958183827914786,5.831411682552584,716420.1468435335,54.17195640756709,19.43803894184195,19.860612759715952,67.88194444444444,1850,2060.015676498413,53.732638888888886,2665,11505628.243408203,52.06597222222222,2761,7443.520610809326,7276,1666.8294287611484,670.2772054023668,4413.469502599102,1265.0693568071488,0,5760,1.0,False,sindy_mpc_conf,6,2022,0.0,1990158916,20,100,81.2,regen-v2,637c6b535a9e,unknown,greenhouse-regen:v1
5760,1.2116317109059171,13.116345336983793,11.904713626077871,5.022117650790129,6.090319214859567,0.7922767604281783,532851.5293149665,55.80130723100144,2.6409225347605942,20.301064049531888,65.45138888888889,1990,2068.9349117279053,64.58333333333334,2040,3101281.989379883,49.375,2916,5389.148826599121,6946,1716.9632984166124,91.06629440506882,4511.347566812782,1666.781950054935,0,5760,1.0,False,sindy_mpc_conf,6,2023,0.0,1990158916,20,100,80.5,regen-v2,637c6b535a9e,unknown,greenhouse-regen:v1
5760,5.561870434386968,16.223105929398667,10.6612354950117,4.894266763669,5.359697477097904,0.4072712542447959,659063.6783818209,54.38074181854445,1.357570847482653,17.865658256993015,72.11805555555556,1606,1059.8423051834106,59.27083333333333,2346,2791295.9162597656,55.76388888888889,2548,5082.883808135986,6500,1673.2535948800623,46.81278792802769,3970.1462787958912,1314.6290304269369,0,5760,1.0,False,sindy_mpc_dense,6,2020,0.0418163119049608,877085795,20,100,69.7,regen-v2,637c6b535a9e,unknown,greenhouse-regen:v1
5760,0.2332901120929504,12.551583513769703,12.318293401676756,6.651639578467064,4.923203682246943,0.7434501409627478,509908.0802468943,73.90710642741182,2.4781671365424924,16.410678940823146,78.88888888888889,1216,654.10422706604,56.73611111111111,2492,2703856.1927490234,46.12847222222222,3103,5744.845321655273,6811,2274.0648122228804,85.45403921157622,3646.817540757033,1157.908770416812,0,5760,1.0,False,sindy_mpc_dense,6,2021,0.0418163119049608,877085795,20,100,69.9,regen-v2,637c6b535a9e,unknown,greenhouse-regen:v1
5760,3.698408022165221,14.89533569226835,11.196927670103126,6.07823153624347,4.501078555447334,0.6176175784123245,605123.0124984017,67.53590595826078,2.058725261374415,15.003595184824448,80.59027777777777,1118,703.9544086456299,74.30555555555556,1480,1551596.9591064453,62.82986111111111,2141,4128.499317169189,4739,2078.02787774846,70.99052634252241,3334.1322631981293,1184.2320643304547,0,5760,1.0,False,sindy_mpc_dense,6,2022,0.0418163119049608,877085795,20,100,70.4,regen-v2,637c6b535a9e,unknown,greenhouse-regen:v1
5760,1.2392808197076683,12.58816668646624,11.348885866758572,5.352828267642099,5.823728490663681,0.172329108452792,511394.2716376911,59.47586964046777,0.5744303615093069,19.412428302212277,73.66319444444444,1517,895.6771173477173,66.02430555555556,1957,1796299.96875,49.18402777777778,2927,5094.324409484863,6401,1830.0267589597536,19.807943480523868,4313.872954940647,1571.824762960419,0,5760,1.0,False,sindy_mpc_dense,6,2023,0.0418163119049608,877085795,20,100,68.3,regen-v2,637c6b535a9e,unknown,greenhouse-regen:v1
5760,5.5990771012167055,16.22769736180559,10.628620260588884,4.894009365112487,5.3332526021125215,0.4013582933638766,659250.2053233521,54.37788183458319,1.337860977879589,17.777508673708407,72.39583333333334,1590,1052.2934942245483,59.25347222222223,2347,2830378.795288086,55.74652777777778,2549,5126.565341949463,6486,1673.1655948042703,46.13313721165686,3950.5574815450736,1313.04759331716,0,5760,1.0,False,sindy_mpc_lowthr,6,2020,0.0418163133389671,1276074930,20,100,68.8,regen-v2,637c6b535a9e,unknown,greenhouse-regen:v1
5760,0.223935251735602,12.553440570661934,12.329505318926334,6.654866522201275,4.932793621397181,0.7418451753278777,509983.52318314114,73.94296135779194,2.472817251092926,16.44264540465727,78.90625,1215,654.3617734909058,56.71874999999999,2493,2687434.217529297,46.16319444444444,3101,5731.909004211426,6809,2275.1680405508614,85.26956037458268,3653.9211993530153,1158.606639821097,0,5760,1.0,False,sindy_mpc_lowthr,6,2021,0.0418163133389671,1276074930,20,100,69.1,regen-v2,637c6b535a9e,unknown,greenhouse-regen:v1
5760,3.706528351761536,14.904817437817254,11.198289086055718,6.07869700786139,4.499414704513448,0.6201773736808799,605508.2084113259,67.54107786512655,2.0672579122695995,14.998049015044828,80.55555555555556,1120,696.8926782608032,74.34027777777777,1478,1550164.935546875,62.93402777777778,2135,4131.718338012695,4733,2078.187010327638,71.28475582227478,3332.8997802165254,1184.107143714225,0,5760,1.0,False,sindy_mpc_lowthr,6,2022,0.0418163133389671,1276074930,20,100,69.7,regen-v2,637c6b535a9e,unknown,greenhouse-regen:v1
5760,1.244493706169309,12.59496212811692,11.35046842194761,5.355391510789794,5.825267733053248,0.1698091781045714,511670.3364547499,59.5043501198866,0.5660305936819048,19.417559110177493,73.61111111111111,1520,896.3362407684326,66.09375,1953,1786190.4981689453,49.201388888888886,2926,5094.913963317871,6399,1830.903080521632,19.51829624847886,4315.013135304466,1572.0303991820365,0,5760,1.0,False,sindy_mpc_lowthr,6,2023,0.0418163133389671,1276074930,20,100,69.3,regen-v2,637c6b535a9e,unknown,greenhouse-regen:v1
5710,-5.680401920157927,12.222779994684974,17.903181914842904,7.367573418697297,3.269708930837104,7.2658995653085,496550.43728407705,81.86192687441442,24.219665217695,10.899029769457014,80.47285464098074,1115,855.7193241119385,94.64098073555166,306,71159.07263183594,66.40980735551663,1918,3865.837902069092,3339,2518.8285191149043,835.1608694131846,2422.006615252951,972.2453704406394,0,5760,0.9913,True,nn_mpc,6,2020,,-1,20,100,1939.4,regen-v2,637c6b535a9e,unknown,greenhouse-regen:v1
5760,-10.617474766567351,11.578112542180255,22.19558730874761,9.193349263039403,2.8358553868976752,10.16638265881053,470360.8220260729,102.14832514488226,33.887942196035105,9.452851289658918,88.73263888888889,649,529.6912150382996,95.72916666666669,246,134531.4115600586,58.47222222222223,2392,4985.78946685791,3287,3143.0253880495857,1168.5497303177806,2100.6336197674013,837.090709708808,0,5760,1.0,False,nn_mpc,6,2021,,-1,20,100,1828.1,regen-v2,637c6b535a9e,unknown,greenhouse-regen:v1
5222,-7.943059473768145,11.5799441422771,19.523003616045244,7.665192361530769,2.508573431101744,9.349237823412732,470435.2307800072,85.16880401700855,31.164126078042443,8.361911437005812,85.15894293374187,775,699.2118215560913,92.01455381080046,417,522932.15759277344,65.91344312523937,1780,3846.354164123535,2972,2620.5785851088617,1074.625037011646,1858.202541193465,720.5458675520132,0,5760,0.9066,True,nn_mpc,6,2022,,-1,20,100,1634.5,regen-v2,637c6b535a9e,unknown,greenhouse-regen:v1
5602,-5.934459663147537,9.87120753981828,15.805667202965818,6.854326557165801,3.114653256174804,5.8366873896252125,401017.8063051176,76.1591839685089,19.45562463208404,10.38217752058268,84.55908604069975,865,556.8618869781494,96.98322027847198,169,84649.27868652344,49.928596929667975,2805,6521.019931793213,3839,2343.35950586069,670.8836080547298,2307.150558261896,988.8328122923048,0,5760,0.9726,True,nn_mpc,6,2023,,-1,20,100,1786.5,regen-v2,637c6b535a9e,unknown,greenhouse-regen:v1
5760,4.633505033605601,18.82551512786217,14.192010094256572,7.289512529497127,2.1524715303685187,4.750026034390926,764786.5520694008,80.99458366107919,15.83342011463642,7.174905101228396,95.22569444444444,275,385.74970149993896,100.0,0,0.0,62.10069444444445,2183,6893.667533874512,2458,2492.141034190952,545.9800039294614,1594.4233554580535,964.8017977790362,0,5760,1.0,False,rule_based,7,2020,,-1,20,100,4.6,regen-v2,637c6b535a9e,unknown,greenhouse-regen:v1
5760,-6.971197553462108,18.221369854828968,25.19256740829108,8.104337951146658,2.1297811298067355,14.95844832733768,740243.1503524268,90.04819945718509,49.86149442445894,7.099270432689119,93.87152777777776,353,601.7383589744568,100.0,0,0.0,51.05902777777778,2819,6172.752422332764,3172,2770.71382839817,1719.3618767216722,1577.6156514270265,1167.395714308131,0,5760,1.0,False,rule_based,7,2021,,-1,20,100,4.8,regen-v2,637c6b535a9e,unknown,greenhouse-regen:v1
5760,1.3275113618985808,17.637418865785413,16.309907503886834,7.499613752832879,2.139634234155769,6.670659516898183,716520.1414225324,83.3290416981431,22.235531722993944,7.132114113852565,95.39930555555556,265,493.4826302528381,100.0,0,0.0,61.11111111111112,2240,5014.862869262695,2505,2563.970514295536,766.7424732707419,1584.9142469795345,1140.604291500547,0,5760,1.0,False,rule_based,7,2022,,-1,20,100,5.0,regen-v2,637c6b535a9e,unknown,greenhouse-regen:v1
5760,-3.8142653819713086,17.52128685038918,21.335552232360484,7.35007553803624,2.3552000843903835,11.630276609933864,711802.2782970604,81.66750597818044,38.76758869977954,7.850666947967945,93.02083333333331,402,549.7288312911987,100.0,0,0.0,53.07291666666667,2703,6248.114597320557,3105,2512.846337649489,1336.8134034486193,1744.592654565445,1265.6447612482766,0,5760,1.0,False,rule_based,7,2023,,-1,20,100,4.9,regen-v2,637c6b535a9e,unknown,greenhouse-regen:v1
5760,8.760905787331358,16.0295985365376,7.26869274920624,5.018482353568499,2.10532773640058,0.1448826592371623,651202.44054684,55.76091503964999,0.4829421974572076,7.017759121335265,69.75694444444444,1742,1460.5830097198486,100.0,0,0.0,61.84027777777777,2198,4487.3796043396,3940,1715.7204617860189,16.6531792468504,1559.5020284577984,1406.3790682463102,0,5760,1.0,False,sindy_mpc_conf,7,2020,0.0598226986535135,1224499046,20,100,80.4,regen-v2,637c6b535a9e,unknown,greenhouse-regen:v1
5760,-1.6587453739830254,7.618116108974876,9.2768614829579,7.106271427050065,1.5702419061037869,0.6003481498040499,309485.96692710434,78.95857141166739,2.0011604993468333,5.234139687012624,78.15972222222223,1258,811.5135974884033,99.73958333333334,15,2124.182983398437,53.59374999999999,2673,5297.976341247559,3946,2429.4945057119207,69.00553452958603,1163.1421525226233,1290.0819799406495,0,5760,1.0,False,sindy_mpc_conf,7,2021,0.0598226986535135,1224499046,20,100,71.7,regen-v2,637c6b535a9e,unknown,greenhouse-regen:v1
5760,6.056720412183884,14.7327548022883,8.67603439010442,6.208707733160566,1.9778154331845077,0.489511223759345,598518.1638429622,68.98564147956185,1.6317040791978168,6.592718110615024,82.39583333333333,1014,731.2209901809692,100.0,0,0.0,61.71875,2205,4748.213790893555,3219,2122.6351220134457,56.265658033891455,1465.0484683655095,1290.4391107194415,0,5760,1.0,False,sindy_mpc_conf,7,2022,0.0598226986535135,1224499046,20,100,81.2,regen-v2,637c6b535a9e,unknown,greenhouse-regen:v1
5760,4.82138211447665,12.440712533330728,7.619330418854078,5.401185372224461,2.102816463506149,0.1153285831234677,505403.9466665608,60.01317080249401,0.3844286104115592,7.009388211687163,77.01388888888889,1324,858.0423173904419,100.0,0,0.0,46.63194444444444,3074,5640.762321472168,4398,1846.5591023959364,13.256158970145435,1557.641825228644,1674.2779055939643,0,5760,1.0,False,sindy_mpc_conf,7,2023,0.0598226986535135,1224499046,20,100,80.7,regen-v2,637c6b535a9e,unknown,greenhouse-regen:v1
5760,4.775716758592416,15.42772163325105,10.652004874658632,4.952434554092872,5.11862830273966,0.5809420178261006,626751.1913508239,55.02705060103192,1.9364733927536688,17.062094342465535,71.97916666666667,1614,998.327709197998,57.91666666666667,2424,2600563.219238281,55.50347222222223,2563,4967.007545471191,6601,1693.1400185616894,66.77494443868352,3791.576519665908,1289.6525806835666,0,5760,1.0,False,sindy_mpc_dense,7,2020,0.0548005409608653,1701019739,20,100,70.2,regen-v2,637c6b535a9e,unknown,greenhouse-regen:v1
5760,-2.607323320308014,10.187866891489255,12.795190211797271,6.56831392447836,4.69822396193956,1.5286523253793505,413882.092466751,72.98126582753734,5.095507751264502,15.660746539798533,82.60416666666667,1002,499.4948930740357,46.545138888888886,3079,3418762.00289917,47.93402777777778,2999,5120.494155883789,7080,2245.5774092742813,175.70716369270752,3480.165898355395,1108.6473397352606,0,5760,1.0,False,sindy_mpc_dense,7,2021,0.0548005409608653,1701019739,20,100,71.1,regen-v2,637c6b535a9e,unknown,greenhouse-regen:v1
5760,0.912558475922936,13.502514959718152,12.589956483795216,5.945662845080959,4.32116532026966,2.323128318444597,548539.6702385499,66.06292050089954,7.74376106148199,14.403884400898868,82.53472222222223,1006,504.87311363220215,62.06597222222222,2185,2103768.389770508,64.73958333333333,2031,3635.5815467834473,5222,2032.705247350067,267.0262436140935,3200.863200019728,1168.2615376928177,0,5760,1.0,False,sindy_mpc_dense,7,2022,0.0548005409608653,1701019739,20,100,70.4,regen-v2,637c6b535a9e,unknown,greenhouse-regen:v1
5760,0.705929454130751,11.790206154094726,11.084276699963974,5.400369284998044,5.389911048425061,0.2939963665408697,478977.1250100982,60.00410316664494,0.9799878884695656,17.966370161416872,76.66666666666667,1344,714.7588262557983,64.56597222222223,2041,1799553.200805664,46.64930555555556,3073,4966.084819793701,6458,1846.280096912982,33.79268578163843,3992.526702258817,1550.5576939867433,0,5760,1.0,False,sindy_mpc_dense,7,2023,0.0548005409608653,1701019739,20,100,70.0,regen-v2,637c6b535a9e,unknown,greenhouse-regen:v1
5760,4.777925315747511,15.425093233938783,10.647167918191274,4.951653351031046,5.119527608191984,0.575986958968245,626644.4126287631,55.01837056701163,1.91995652989415,17.065092027306612,71.94444444444444,1616,1003.8155651092528,57.951388888888886,2422,2589290.3474121094,55.833333333333336,2544,4945.750503540039,6582,1692.8729395666746,66.20539759707084,3792.2426728434057,1289.7104113731675,0,5760,1.0,False,sindy_mpc_lowthr,7,2020,0.0548005365619305,1378532050,20,100,70.0,regen-v2,637c6b535a9e,unknown,greenhouse-regen:v1
5760,-2.6032094923119105,10.19980605273929,12.8030155450512,6.5679477930588295,4.701065612848317,1.5340021391440546,414367.1208925337,72.97719770065366,5.113340463813516,15.67021870949439,82.56944444444444,1004,499.9757385253906,46.52777777777778,3080,3420274.9165649414,47.795138888888886,3007,5124.6911697387695,7091,2245.45223651385,176.32208477696733,3482.270823421786,1108.1072072221004,0,5760,1.0,False,sindy_mpc_lowthr,7,2021,0.0548005365619305,1378532050,20,100,70.7,regen-v2,637c6b535a9e,unknown,greenhouse-regen:v1
5760,0.9129070832305834,13.501759076694798,12.588851993464212,5.947608139500588,4.320314572625403,2.320929281338224,548508.9624907261,66.08453488333987,7.73643093779408,14.40104857541801,82.53472222222223,1006,500.0933151245117,62.083333333333336,2184,2096749.4096679688,64.79166666666667,2028,3630.745029449463,5218,2033.370303688634,266.7734809064756,3200.233016892974,1168.2713957963765,0,5760,1.0,False,sindy_mpc_lowthr,7,2022,0.0548005365619305,1378532050,20,100,71.1,regen-v2,637c6b535a9e,unknown,greenhouse-regen:v1
5760,0.7055499349665288,11.789843255082426,11.084293320115895,5.400665475263962,5.391071893544224,0.2925559513077124,478962.3822377236,60.00739416959958,0.9751865043590416,17.970239645147412,76.57986111111111,1349,717.5735940933228,64.58333333333334,2040,1790264.5979003906,46.73611111111112,3068,4953.996597290039,6457,1846.3813594684143,33.62712110123873,3993.3865872160095,1550.9282795531633,0,5760,1.0,False,sindy_mpc_lowthr,7,2023,0.0548005365619305,1378532050,20,100,69.9,regen-v2,637c6b535a9e,unknown,greenhouse-regen:v1
5760,-6.973306592938702,14.050299833608255,21.023606426546955,8.012268754518058,2.490509568103188,10.52082810392571,570793.4307403354,89.02520838353398,35.0694270130857,8.30169856034396,84.63541666666666,885,557.0645217895508,99.53125,27,4899.490966796875,70.86805555555556,1678,2708.7997512817383,2590,2739.2371809500487,1209.2905869819697,1844.8219019777769,898.070774191875,0,5760,1.0,False,nn_mpc,7,2020,,-1,20,100,2122.5,regen-v2,637c6b535a9e,unknown,greenhouse-regen:v1
5760,-10.651349457544818,13.49035571457778,24.1417051721226,9.568598858910448,2.1531133507365814,12.41999296247557,548045.7009047223,106.317765099005,41.39997654158523,7.177044502455272,87.60416666666667,714,452.5407342910767,99.6875,18,1190.7374725341797,59.04513888888889,2359,3569.8387145996094,3091,3271.3158491466997,1427.585399715981,1594.8987779473464,708.2165485490166,0,5760,1.0,False,nn_mpc,7,2021,,-1,20,100,1981.7,regen-v2,637c6b535a9e,unknown,greenhouse-regen:v1
5760,-8.858175495034848,15.6992388141009,24.557414309135748,8.477460675029112,2.287157898137477,13.79279573596916,637781.5768228491,94.19400750032348,45.97598578656387,7.623859660458256,84.87847222222223,871,515.9926309585571,99.6875,18,2994.252319335937,66.33680555555556,1939,3034.4935874938965,2828,2898.277153648042,1585.3788198714485,1694.1910367307348,841.4814176392612,0,5760,1.0,False,nn_mpc,7,2022,,-1,20,100,1859.2,regen-v2,637c6b535a9e,unknown,greenhouse-regen:v1
5760,-7.823063248637843,11.949018972585078,19.772082221222924,8.050497148788988,2.7018987589472503,9.019686313486684,485428.8957612688,89.44996831987766,30.065621044955613,9.006329196490835,86.45833333333334,780,408.5650758743286,99.96527777777776,2,236.6907958984375,57.37847222222222,2455,4383.56379699707,3237,2752.306716928289,1036.745553741906,2001.40648750122,934.2178574980636,0,5760,1.0,False,nn_mpc,7,2023,,-1,20,100,1895.1,regen-v2,637c6b535a9e,unknown,greenhouse-regen:v1
5760,4.633505033605601,18.82551512786217,14.192010094256572,7.289512529497127,2.1524715303685187,4.750026034390926,764786.5520694008,80.99458366107919,15.83342011463642,7.174905101228396,95.22569444444444,275,385.74970149993896,100.0,0,0.0,62.10069444444445,2183,6893.667533874512,2458,2492.141034190952,545.9800039294614,1594.4233554580535,964.8017977790362,0,5760,1.0,False,rule_based,8,2020,,-1,20,100,4.5,regen-v2,637c6b535a9e,unknown,greenhouse-regen:v1
5760,-6.971197553462108,18.221369854828968,25.19256740829108,8.104337951146658,2.1297811298067355,14.95844832733768,740243.1503524268,90.04819945718509,49.86149442445894,7.099270432689119,93.87152777777776,353,601.7383589744568,100.0,0,0.0,51.05902777777778,2819,6172.752422332764,3172,2770.71382839817,1719.3618767216722,1577.6156514270265,1167.395714308131,0,5760,1.0,False,rule_based,8,2021,,-1,20,100,4.5,regen-v2,637c6b535a9e,unknown,greenhouse-regen:v1
5760,1.3275113618985808,17.637418865785413,16.309907503886834,7.499613752832879,2.139634234155769,6.670659516898183,716520.1414225324,83.3290416981431,22.235531722993944,7.132114113852565,95.39930555555556,265,493.4826302528381,100.0,0,0.0,61.11111111111112,2240,5014.862869262695,2505,2563.970514295536,766.7424732707419,1584.9142469795345,1140.604291500547,0,5760,1.0,False,rule_based,8,2022,,-1,20,100,4.6,regen-v2,637c6b535a9e,unknown,greenhouse-regen:v1
5760,-3.8142653819713086,17.52128685038918,21.335552232360484,7.35007553803624,2.3552000843903835,11.630276609933864,711802.2782970604,81.66750597818044,38.76758869977954,7.850666947967945,93.02083333333331,402,549.7288312911987,100.0,0,0.0,53.07291666666667,2703,6248.114597320557,3105,2512.846337649489,1336.8134034486193,1744.592654565445,1265.6447612482766,0,5760,1.0,False,rule_based,8,2023,,-1,20,100,4.5,regen-v2,637c6b535a9e,unknown,greenhouse-regen:v1
5760,5.0947698648268975,12.851807816992348,7.757037952165449,5.136910532634037,2.6196128492659643,0.0005145702654495,522104.6925653141,57.07678369593374,0.0017152342181652,8.732042830886549,55.10416666666666,2586,4031.465063095093,100.0,0,0.0,73.00347222222221,1555,3019.8372535705566,4141,1756.208728663908,0.0591460076926034,1940.4539619366892,1545.6022032622295,0,5760,1.0,False,sindy_mpc_conf,8,2020,0.0,3702642371,20,100,73.1,regen-v2,637c6b535a9e,unknown,greenhouse-regen:v1
5760,-2.2001892383318067,7.118125654529058,9.318314892860863,7.122116003226613,2.065047367029876,0.131151522604376,289173.854715243,79.13462225807348,0.4371717420145869,6.88349122343292,58.12500000000001,2412,3877.6282287461217,99.25347222222224,43,47549.13293457031,63.97569444444444,2075,2877.5344009399414,4530,2434.911453040332,15.074887617301089,1529.6647150366907,1396.9374340238346,0,5760,1.0,False,sindy_mpc_conf,8,2021,0.0,3702642371,20,100,69.5,regen-v2,637c6b535a9e,unknown,greenhouse-regen:v1
5760,0.1492407150009997,8.749931680856426,8.600690965855424,6.0431465931296895,2.444543857730056,0.1130005149956792,355465.9745347923,67.14607325699656,0.3766683833189309,8.148479525766854,60.24305555555556,2290,4056.529670715332,98.21180555555556,103,66634.34704589844,70.41666666666667,1704,2236.0734634399414,4097,2066.0330227705545,12.988564955053205,1810.7732272256424,1360.031523918221,0,5760,1.0,False,sindy_mpc_conf,8,2022,0.0,3702642371,20,100,73.9,regen-v2,637c6b535a9e,unknown,greenhouse-regen:v1
5760,-0.0398522699346599,8.72432280695644,8.7641750768911,5.921552749418021,2.84174792097683,0.0008744064962491,354425.6140326054,65.79503054908912,0.0029146883208304,9.472493069922768,59.68750000000001,2322,2902.466728210449,100.0,0,0.0,62.37847222222223,2167,2659.9337120056152,4489,2024.462479517672,0.1005064945368931,2104.998460841201,1763.0587578246805,0,5760,1.0,False,sindy_mpc_conf,8,2023,0.0,3702642371,20,100,69.6,regen-v2,637c6b535a9e,unknown,greenhouse-regen:v1
5760,5.637037889154138,16.24121565427678,10.60417776512264,4.9979362317210345,5.113241808679526,0.4929997247220792,659799.3859549941,55.53262479690039,1.643332415740264,17.04413936226509,66.5625,1926,1962.0770225524905,76.19791666666667,1371,1362548.7712402344,64.28819444444444,2057,3954.8171463012695,5354,1708.696147678561,56.66663513107968,3787.58652551748,1465.482585342333,0,5760,1.0,False,sindy_mpc_dense,8,2020,0.0382594531025977,4166306570,20,100,71.6,regen-v2,637c6b535a9e,unknown,greenhouse-regen:v1
5760,-0.4457359952063349,12.004813355066782,12.450549350273116,7.0071587628682925,4.469309822850708,0.9740807645541164,487695.542549588,77.85731958742548,3.2469358818470546,14.897699409502358,71.92708333333333,1617,1300.5857782363892,77.72569444444444,1283,1064428.1799468994,57.27430555555556,2461,4454.531204223633,5361,2395.6098335983456,111.96330637856552,3310.5998678588035,1347.6997353141142,0,5760,1.0,False,sindy_mpc_dense,8,2021,0.0382594531025977,4166306570,20,100,71.7,regen-v2,637c6b535a9e,unknown,greenhouse-regen:v1
5760,2.554818121514969,14.07443124536172,11.519613123846751,6.281581643677047,4.317421917074386,0.9206095630953168,571773.7693428198,69.79535159641163,3.068698543651056,14.391406390247951,80.43402777777777,1127,989.2362842559814,81.35416666666667,1074,1192950.058959961,62.239583333333336,2175,3953.1507606506343,4376,2147.549279809612,105.81719108061615,3198.090309171549,1303.044471390246,0,5760,1.0,False,sindy_mpc_dense,8,2022,0.0382594531025977,4166306570,20,100,70.0,regen-v2,637c6b535a9e,unknown,greenhouse-regen:v1
5760,1.3650259970613194,12.769890530302328,11.404864533241009,5.697442471612663,5.346771070945794,0.3606509906825517,518776.802793532,63.30491635125182,1.202169968941839,17.82257023648598,78.47222222222221,1240,1003.0711317062378,78.97569444444444,1211,1010985.2613525392,50.29513888888889,2863,4945.789974212647,5314,1947.843580627404,41.454136854313255,3960.5711626303873,1700.4940426504068,0,5760,1.0,False,sindy_mpc_dense,8,2023,0.0382594531025977,4166306570,20,100,69.3,regen-v2,637c6b535a9e,unknown,greenhouse-regen:v1
5760,5.637312705864471,16.240811326717335,10.603498620852866,4.998005957841027,5.113168376856558,0.4923242861552808,659782.9601478918,55.53339953156697,1.641080953850936,17.043894589521862,66.5625,1926,1961.7341051101685,76.21527777777779,1370,1362433.355834961,64.28819444444444,2057,3955.0563354492183,5353,1708.7199849827607,56.58899829018286,3787.532130887813,1465.2868663237948,0,5760,1.0,False,sindy_mpc_lowthr,8,2020,0.0382594535237578,261805398,20,100,70.5,regen-v2,637c6b535a9e,unknown,greenhouse-regen:v1
5760,-0.4457610139874954,12.004771603813966,12.45053261780146,7.00750904108569,4.46929571138783,0.9737278653279402,487693.84640494233,77.86121156761878,3.2457595510931343,14.897652371292768,71.92708333333333,1617,1300.5076751708984,77.69097222222221,1285,1064451.1691741943,57.25694444444444,2462,4454.746841430664,5364,2395.7295886412007,111.92274292221724,3310.58941594486,1347.557871742718,0,5760,1.0,False,sindy_mpc_lowthr,8,2021,0.0382594535237578,261805398,20,100,69.9,regen-v2,637c6b535a9e,unknown,greenhouse-regen:v1
5760,2.554952250034588,14.074975682631043,11.520023432596458,6.28165432983891,4.31703412368652,0.921334979071029,571795.8871068862,69.79615922043233,3.07111659690343,14.390113745621736,80.43402777777777,1127,989.9793729782104,81.37152777777777,1073,1191482.319580078,62.17013888888889,2179,3953.2932891845694,4379,2147.574129732488,105.90057211384917,3197.803053817576,1303.210895613649,0,5760,1.0,False,sindy_mpc_lowthr,8,2022,0.0382594535237578,261805398,20,100,69.4,regen-v2,637c6b535a9e,unknown,greenhouse-regen:v1
5760,1.3652031596284546,12.76982261443575,11.404619454807293,5.697232658529293,5.346627939136472,0.3607588571415286,518774.0437114523,63.30258509476992,1.2025295238050957,17.82209313045491,78.45486111111111,1241,1002.8794317245485,78.97569444444444,1211,1011173.9792480468,50.29513888888889,2863,4947.071750640869,5315,1947.7718466667843,41.466535272528695,3960.4651392853166,1700.3599468692073,0,5760,1.0,False,sindy_mpc_lowthr,8,2023,0.0382594535237578,261805398,20,100,69.6,regen-v2,637c6b535a9e,unknown,greenhouse-regen:v1
5760,-0.4067588825791948,13.089960271739972,13.496719154319166,5.697328444546123,2.660849258520921,5.138541451252122,531779.6360394363,63.303649383845816,17.128471504173742,8.86949752840307,65.64236111111111,1979,1839.9774250984192,93.38541666666669,381,159221.84439086914,61.23263888888889,2233,5516.107929229736,4593,1947.8045962685724,590.6369475843763,1970.99945088076,867.08284603431,0,5760,1.0,False,nn_mpc,8,2020,,-1,20,100,2018.1,regen-v2,637c6b535a9e,unknown,greenhouse-regen:v1
5760,-4.248973967177178,10.58499071772217,14.833964684899348,7.5228754620670255,2.238365951207107,5.072723271625214,430015.2479074632,83.58750513407806,16.909077572084048,7.461219837357023,75.0,1440,1254.4833188056946,92.5347222222222,430,386983.0665283203,53.732638888888886,2665,6827.390556335449,4535,2571.923236466415,583.0716401186547,1658.048851807347,681.8214770360198,0,5760,1.0,False,nn_mpc,8,2021,,-1,20,100,1928.7,regen-v2,637c6b535a9e,unknown,greenhouse-regen:v1
5228,-2.972356871333867,11.198823287096154,14.17118015843002,6.561590033494326,2.2035244766395863,5.406065648296108,454952.19603828125,72.90655592771473,18.020218827653697,7.345081588798621,72.9150726855394,1416,1234.2660846710205,84.48737566947207,811,1044150.8881835938,61.18974751338944,2029,4693.636932373047,4256,2243.2786442583456,621.3868566024083,1632.2403531398418,644.881256243131,0,5760,0.9076,True,nn_mpc,8,2022,,-1,20,100,1731.7,regen-v2,637c6b535a9e,unknown,greenhouse-regen:v1
5760,-1.424670355086184,10.40850792820108,11.833178283287264,5.571741198628999,2.6375841978431125,3.623852886815153,422845.6345831689,61.90823554032221,12.079509622717175,8.791947326143708,72.86458333333333,1563,1059.8746814727783,97.8125,126,85008.97644042969,43.802083333333336,3237,10214.066505432129,4926,1904.8687842133304,416.5348152808135,1953.766072143478,847.5963395401263,0,5760,1.0,False,nn_mpc,8,2023,,-1,20,100,1946.7,regen-v2,637c6b535a9e,unknown,greenhouse-regen:v1
5760,4.633505033605601,18.82551512786217,14.192010094256572,7.289512529497127,2.1524715303685187,4.750026034390926,764786.5520694008,80.99458366107919,15.83342011463642,7.174905101228396,95.22569444444444,275,385.74970149993896,100.0,0,0.0,62.10069444444445,2183,6893.667533874512,2458,2492.141034190952,545.9800039294614,1594.4233554580535,964.8017977790362,0,5760,1.0,False,rule_based,9,2020,,-1,20,100,5.2,regen-v2,637c6b535a9e,unknown,greenhouse-regen:v1
5760,-6.971197553462108,18.221369854828968,25.19256740829108,8.104337951146658,2.1297811298067355,14.95844832733768,740243.1503524268,90.04819945718509,49.86149442445894,7.099270432689119,93.87152777777776,353,601.7383589744568,100.0,0,0.0,51.05902777777778,2819,6172.752422332764,3172,2770.71382839817,1719.3618767216722,1577.6156514270265,1167.395714308131,0,5760,1.0,False,rule_based,9,2021,,-1,20,100,5.2,regen-v2,637c6b535a9e,unknown,greenhouse-regen:v1
5760,1.3275113618985808,17.637418865785413,16.309907503886834,7.499613752832879,2.139634234155769,6.670659516898183,716520.1414225324,83.3290416981431,22.235531722993944,7.132114113852565,95.39930555555556,265,493.4826302528381,100.0,0,0.0,61.11111111111112,2240,5014.862869262695,2505,2563.970514295536,766.7424732707419,1584.9142469795345,1140.604291500547,0,5760,1.0,False,rule_based,9,2022,,-1,20,100,5.6,regen-v2,637c6b535a9e,unknown,greenhouse-regen:v1
5760,-3.8142653819713086,17.52128685038918,21.335552232360484,7.35007553803624,2.3552000843903835,11.630276609933864,711802.2782970604,81.66750597818044,38.76758869977954,7.850666947967945,93.02083333333331,402,549.7288312911987,100.0,0,0.0,53.07291666666667,2703,6248.114597320557,3105,2512.846337649489,1336.8134034486193,1744.592654565445,1265.6447612482766,0,5760,1.0,False,rule_based,9,2023,,-1,20,100,5.4,regen-v2,637c6b535a9e,unknown,greenhouse-regen:v1
5760,-1.4872474614462556,12.007812757265752,13.495060218712007,4.585563176534936,2.605098446476409,6.304398595700659,487817.39326392114,50.95070196149928,21.014661985668862,8.6836614882547,46.96180555555556,3055,4909.957345962524,100.0,0,0.0,66.33680555555556,1939,3957.9307556152335,4994,1567.7139055469224,724.6435167407694,1929.7025529496204,1509.6410452568844,0,5760,1.0,False,sindy_mpc_conf,9,2020,0.0,1308943729,20,100,84.8,regen-v2,637c6b535a9e,unknown,greenhouse-regen:v1
5760,-3.543119672922588,7.986738010581216,11.529857683503804,6.273890008222798,2.0393755995941296,3.216592075686876,324461.2316798619,69.70988898025331,10.72197358562292,6.797918665313766,52.170138888888886,2755,4542.933083295822,99.47916666666666,30,12266.370727539062,56.59722222222222,2500,5022.864410400391,5285,2144.9196620915213,369.7232271810669,1510.6485913831452,1410.0671529570006,0,5760,1.0,False,sindy_mpc_conf,9,2021,0.0,1308943729,20,100,84.6,regen-v2,637c6b535a9e,unknown,greenhouse-regen:v1
5760,-3.01969290174266,10.272450938437164,13.292143840179822,5.170374147504607,2.530467577054109,5.5913021156211045,417318.3193740097,57.44860163894008,18.637673718737016,8.434891923513698,53.87152777777777,2657,5316.6849184036255,96.63194444444444,194,149868.97485351562,63.73263888888889,2089,3830.7471618652335,4940,1767.6492817669723,642.6784040340918,1874.420426798585,1356.3149406481014,0,5760,1.0,False,sindy_mpc_conf,9,2022,0.0,1308943729,20,100,88.2,regen-v2,637c6b535a9e,unknown,greenhouse-regen:v1
5760,-2.565530489848703,8.414768917014941,10.980299406863644,5.055368585966698,2.7778363083531667,3.1470945125437786,341849.987253732,56.170762066296646,10.490315041812597,9.259454361177225,51.00694444444444,2822,3752.32244682312,100.0,0,0.0,54.25347222222222,2635,4146.085136413574,5457,1728.3311409617272,361.7350013027173,2057.656523433377,1738.503546625871,0,5760,1.0,False,sindy_mpc_conf,9,2023,0.0,1308943729,20,100,82.4,regen-v2,637c6b535a9e,unknown,greenhouse-regen:v1
5760,2.993054135197072,14.37018855950978,11.377134424312713,4.719286801774617,5.729770679862103,0.928076942675994,583788.910230085,52.43652001971797,3.0935898089199805,19.099235599540343,54.895833333333336,2598,2660.617919921875,59.61805555555556,2326,2982513.2231445312,68.87152777777777,1793,3482.712574005127,6717,1613.4313859801036,106.67551079192472,4244.274576068947,1445.0702751894146,0,5760,1.0,False,sindy_mpc_dense,9,2020,0.0260267398606495,2720995093,20,100,82.9,regen-v2,637c6b535a9e,unknown,greenhouse-regen:v1
5760,-4.752222344374373,8.88422411751188,13.636446461886257,6.443816224746726,5.338149335079878,1.854480902059652,360921.6047739202,71.5979580527414,6.181603006865507,17.793831116932928,66.33680555555556,1939,1683.4373016357422,51.16319444444445,2813,4430961.773910522,60.81597222222223,2257,3618.279090881348,7009,2203.014093395332,213.158724308223,3954.1846926861153,1265.8685797856524,0,5760,1.0,False,sindy_mpc_dense,9,2021,0.0260267398606495,2720995093,20,100,83.7,regen-v2,637c6b535a9e,unknown,greenhouse-regen:v1
5760,-0.909349533410984,12.105231492561828,13.01458102597281,5.795227457328692,4.799714648384207,2.4196389202599127,491775.0293853242,64.39141619254103,8.065463067533043,15.999048827947355,71.57986111111111,1637,1541.9957427978516,65.13888888888889,2008,2406134.5341796875,73.40277777777777,1532,2634.7752532958984,5177,1981.2743445625256,278.1194162147223,3555.344182268297,1266.572825100333,0,5760,1.0,False,sindy_mpc_dense,9,2022,0.0260267398606495,2720995093,20,100,83.9,regen-v2,637c6b535a9e,unknown,greenhouse-regen:v1
5760,-1.2297566481144055,10.366604871027931,11.596361519142338,5.310411465405815,5.842237266540113,0.4437127871964095,421143.3228855097,59.0045718378424,1.4790426239880317,19.47412422180038,63.97569444444444,2075,1845.9690351486208,70.05208333333334,1725,1759105.6822509766,59.56597222222222,2329,3260.5744247436523,6129,1815.5252877244989,51.00146989240272,4327.583161244735,1692.3055424865815,0,5760,1.0,False,sindy_mpc_dense,9,2023,0.0260267398606495,2720995093,20,100,85.2,regen-v2,637c6b535a9e,unknown,greenhouse-regen:v1
5760,3.001263293840319,14.390380794182338,11.38911750034202,4.719217311843085,5.735834398088221,0.934065790410715,584609.2197636575,52.43574790936761,3.1135526347023834,19.119447993627404,55.17361111111111,2582,2653.8042001724243,59.53125,2331,2993959.5192871094,68.68055555555556,1804,3469.7572441101074,6717,1613.4076271797885,107.36388405126618,4248.7662194462,1448.1586512192696,0,5760,1.0,False,sindy_mpc_lowthr,9,2020,0.0260369336231391,1681742920,20,100,81.3,regen-v2,637c6b535a9e,unknown,greenhouse-regen:v1
5760,-4.741195225997028,8.919164944014124,13.660360170011153,6.452053307577563,5.354200387189168,1.8541064752444236,362341.0758505738,71.68948119530626,6.180354917481411,17.847334623963896,66.09375,1953,1681.640737533569,51.388888888888886,2800,4432977.743255615,60.65972222222222,2266,3606.22705078125,7019,2205.830189449657,213.1156867879241,3966.07436004678,1266.5333657299382,0,5760,1.0,False,sindy_mpc_lowthr,9,2021,0.0260369336231391,1681742920,20,100,83.9,regen-v2,637c6b535a9e,unknown,greenhouse-regen:v1
5760,-0.9152479801139112,12.13916077027827,13.054408750392184,5.793680008281829,4.827411255040243,2.4333174870701115,493153.4062925548,64.37422231424254,8.111058290233705,16.091370850134144,71.23263888888889,1657,1567.7418766021729,65.22569444444444,2003,2402971.4743652344,73.66319444444444,1517,2576.5578079223637,5177,1980.745301986472,279.6916650927189,3575.8601874785927,1266.5807272636443,0,5760,1.0,False,sindy_mpc_lowthr,9,2022,0.0260369336231391,1681742920,20,100,83.1,regen-v2,637c6b535a9e,unknown,greenhouse-regen:v1
5760,-1.2127480019053705,10.413874095546335,11.626622097451706,5.310246854028403,5.8742403055052845,0.4421349379180198,423063.6351315698,59.00274282253781,1.4737831263933996,19.58080101835095,63.52430555555556,2101,1866.687203407288,69.94791666666667,1731,1766083.7673339844,59.357638888888886,2341,3200.5635833740234,6173,1815.4690091719087,50.820107849570086,4351.289114722034,1692.8212988652404,0,5760,1.0,False,sindy_mpc_lowthr,9,2023,0.0260369336231391,1681742920,20,100,83.2,regen-v2,637c6b535a9e,unknown,greenhouse-regen:v1
5760,-0.5796503034167318,14.847171565210344,15.426821868627076,7.158631331064747,2.3618960138508047,5.906294523711524,603166.3448366702,79.54034812294164,19.687648412371747,7.872986712836016,78.61111111111111,1232,899.0318603515625,94.3402777777778,326,207571.03491210935,67.46527777777777,1874,3364.825984954834,3432,2447.395326428298,678.8844281398899,1749.5526028494787,630.0621596078493,0,5760,1.0,False,nn_mpc,9,2020,,-1,20,100,2583.1,regen-v2,637c6b535a9e,unknown,greenhouse-regen:v1
5760,-6.263127128023096,14.685705903704424,20.94883303172752,8.618738533400895,2.338854876513995,9.991239621812628,596606.8023379922,95.76376148223216,33.30413207270876,7.796182921713317,85.17361111111111,854,941.837676525116,88.76736111111111,647,340895.620552063,52.84722222222222,2716,4906.894973754883,4217,2946.5772767186327,1148.41834741792,1732.4850939087428,504.633454323788,0,5760,1.0,False,nn_mpc,9,2021,,-1,20,100,2327.3,regen-v2,637c6b535a9e,unknown,greenhouse-regen:v1
5225,-5.766352105706535,14.896207656342527,20.662559762049064,7.489995083802839,2.1969018585832814,10.975662819662944,605158.4360389152,83.22216759780932,36.58554273220982,7.323006195277605,80.78468899521532,1004,914.8135147094728,82.73684210526315,902,656154.7100830078,63.73205741626794,1895,3775.967056274414,3801,2560.6820805237207,1261.5704389200855,1627.3347093157463,518.3582890386522,0,5760,0.9071,True,nn_mpc,9,2022,,-1,20,100,2070.8,regen-v2,637c6b535a9e,unknown,greenhouse-regen:v1
5760,-0.92682727907283,12.89135011416946,13.818177393242289,6.698274626918165,2.425226424122094,4.69467634220203,523711.0983881343,74.42527363242405,15.648921140673432,8.084088080406982,83.95833333333333,924,532.8018484115601,94.86111111111111,296,284221.47521972656,48.40277777777778,2972,6579.086135864258,4192,2290.00842087595,539.6179702186718,1796.4640173382484,706.0698153955988,0,5760,1.0,False,nn_mpc,9,2023,,-1,20,100,2292.5,regen-v2,637c6b535a9e,unknown,greenhouse-regen:v1
5760,0.3746182436990777,6.219644511650522,5.845026267951445,5.005182420609962,0.0179884041198844,0.8218554432215981,252673.0582858025,55.61313800677736,2.739518144071994,0.0599613470662813,66.84027777777779,1910,4141.290512084961,80.76388888888889,1108,139903.12187194824,55.95486111111111,2537,11781.790920257568,5555,1711.1734777111435,94.46614272826874,13.324743756341906,568.1161777230395,0,5760,1.0,False,sindy_mpc_conf_dagger,0,2020,0.0,3986046464,20,100,76.5,regen-v2,637c6b535a9e,unknown,greenhouse-regen:v1
5760,-3.5965071995860898,4.340829339014043,7.937336538600133,6.586057397748936,0.0090245764157314,1.342254564435464,176346.19189744547,73.17841553054375,4.474181881451547,0.0300819213857716,69.47916666666667,1758,2892.9323959350586,84.32291666666667,903,78943.41958618164,52.1875,2754,11602.284065246582,5415,2251.64355525023,154.28213379008915,6.684871401202351,480.3709058682908,0,5760,1.0,False,sindy_mpc_conf_dagger,0,2021,0.0,3986046464,20,100,74.9,regen-v2,637c6b535a9e,unknown,greenhouse-regen:v1
5760,-1.8488179603044808,5.762717676444922,7.611535636749403,5.804375562022146,0.0197228713144018,1.7874372034128552,234110.40560557492,64.49306180024607,5.958124011376184,0.0657429043813394,76.00694444444444,1382,3384.2750883102417,72.25694444444444,1598,173628.43328857422,52.77777777777778,2720,10914.328464508057,5700,1984.401901951133,205.45255226578035,14.60953423306103,496.44991398764233,0,5760,1.0,False,sindy_mpc_conf_dagger,0,2022,0.0,3986046464,20,100,82.3,regen-v2,637c6b535a9e,unknown,greenhouse-regen:v1
5760,-1.722253886464577,4.452503071985673,6.174756958450249,5.313257322660856,0.0065787498882166,0.8549208859011763,180882.93729941797,59.03619247400952,2.8497362863372544,0.0219291662940556,75.71180555555556,1399,2878.142335891724,83.00347222222221,979,81000.80964660645,46.49305555555556,3082,14345.398448944092,5460,1816.4982315914956,98.26676847466231,4.873148014923599,638.4906507516528,0,5760,1.0,False,sindy_mpc_conf_dagger,0,2023,0.0,3986046464,20,100,75.0,regen-v2,637c6b535a9e,unknown,greenhouse-regen:v1
5760,3.4204021503085418,12.94193498315488,9.52153283284634,4.966958446385684,4.3909062777721015,0.1636681086885544,525766.1086906671,55.18842718206316,0.5455603622951816,14.636354259240338,61.40624999999999,2223,2287.390612602234,86.30208333333333,789,185320.92712402344,67.98611111111111,1844,3536.7237663269043,4856,1698.1054510165511,18.81242627652571,3252.5231691142526,1451.6037938473291,0,5760,1.0,False,sindy_mpc_dense_dagger,0,2020,0.0436933268394993,613634266,20,100,72.2,regen-v2,637c6b535a9e,unknown,greenhouse-regen:v1
5760,-3.956812014258566,6.687427175916865,10.64423919017543,6.233123680613351,3.650310202745268,0.7608053068168101,271676.7290216226,69.2569297845928,2.536017689389367,12.167700675817562,66.64930555555556,1921,1783.6937980651855,82.60416666666667,1002,376088.8041687012,69.13194444444444,1778,3206.703544616699,4701,2130.982455361652,87.44888577115553,2703.9334835668888,1232.5693569790346,0,5760,1.0,False,sindy_mpc_dense_dagger,0,2021,0.0436933268394993,613634266,20,100,71.2,regen-v2,637c6b535a9e,unknown,greenhouse-regen:v1
5760,-0.1303057880981528,10.678976873415635,10.809282661513787,5.85819770211153,3.675297806480911,1.275787152921346,433833.4354825101,65.091085579017,4.252623843071154,12.250992688269704,75.29513888888889,1423,1230.2810173034668,90.50347222222224,547,186606.96069335935,70.29513888888889,1711,3119.0481491088867,3681,2002.802632922318,146.6422016075853,2722.4428193266485,1276.321661393369,0,5760,1.0,False,sindy_mpc_dense_dagger,0,2022,0.0436933268394993,613634266,20,100,71.7,regen-v2,637c6b535a9e,unknown,greenhouse-regen:v1
5760,-1.7241376679035818,8.213779068412979,9.93791673631656,5.30246372756122,4.552809264897658,0.0826437438576824,333684.77465427725,58.91626363956911,0.2754791461922748,15.176030882992196,74.04513888888889,1495,1311.6730642318726,88.36805555555556,670,164740.4141845703,54.37499999999999,2628,4775.692657470703,4793,1812.8081110054327,9.499280911523185,3372.451306599037,1674.3944741782852,0,5760,1.0,False,sindy_mpc_dense_dagger,0,2023,0.0436933268394993,613634266,20,100,72.4,regen-v2,637c6b535a9e,unknown,greenhouse-regen:v1
5760,-0.0119313199554704,11.60349347229483,11.615424792250302,5.258543660760574,6.355970031610284,0.0009110998794436,471391.9223119775,58.428262897339714,0.0030369995981454,21.186566772034283,71.33680555555556,1651,1148.8431153297424,46.40625,3087,3238502.663085937,59.09722222222222,2356,4506.372314453125,7094,1797.7927045858996,0.1047241212996054,4708.125948874884,1423.2859105672092,0,5760,1.0,False,sindy_mpc_conf_dagger,1,2020,0.0711301444208438,3573942053,20,100,68.0,regen-v2,637c6b535a9e,unknown,greenhouse-regen:v1
5760,-5.269055357222413,7.644895372905429,12.913950730127842,7.012732934756202,5.8809233715354505,0.0202944238361902,310573.87452428305,77.91925483062447,0.0676480794539675,19.60307790511817,76.92708333333333,1329,801.9326786994934,43.36805555555556,3262,3319526.2794189453,53.45486111111111,2681,3985.6303939819336,7272,2397.5155341715267,2.3326923865319404,4356.239534836492,1316.5422558861342,0,5760,1.0,False,sindy_mpc_conf_dagger,1,2021,0.0711301444208438,3573942053,20,100,69.6,regen-v2,637c6b535a9e,unknown,greenhouse-regen:v1
5760,0.759288000672959,12.478047403261314,11.718759402588356,6.212125165130781,5.506492931593345,0.0001413058642297,506920.6757574909,69.02361294589757,0.0004710195474326,18.354976438644485,82.39583333333333,1014,610.6671409606934,52.15277777777778,2756,2332167.7384033203,61.59722222222223,2212,3472.9101219177246,5982,2123.803476083492,0.016242053572563,4078.8836526717487,1332.6425161133177,0,5760,1.0,False,sindy_mpc_conf_dagger,1,2022,0.0711301444208438,3573942053,20,100,71.7,regen-v2,637c6b535a9e,unknown,greenhouse-regen:v1
5760,-4.946661491971196,7.658247823312722,12.60490931528392,5.811903556058521,6.790628206936628,0.0023775522887706,311116.31782207935,64.57670617842801,0.0079251742959022,22.635427356455427,73.36805555555556,1534,1029.013867855072,58.420138888888886,2395,1991536.461303711,53.40277777777778,2684,3847.3934631347656,6613,1986.975574195548,0.2732818863918512,5030.09496782416,1692.529972594673,0,5760,1.0,False,sindy_mpc_conf_dagger,1,2023,0.0711301444208438,3573942053,20,100,69.0,regen-v2,637c6b535a9e,unknown,greenhouse-regen:v1
5760,5.153883698988304,14.0802742325646,8.926390533576296,5.090029190225799,3.64942418874972,0.1869371546007762,572011.1406979369,56.55587989139777,0.6231238486692542,12.1647472958324,61.38888888888889,2224,2826.6528663635254,93.19444444444444,392,175173.41723632812,67.41319444444444,1877,3339.9941749572754,4493,1740.1809195532833,21.487029405306934,2703.277176542008,1456.331950090712,0,5760,1.0,False,sindy_mpc_dense_dagger,1,2020,0.0408765198205607,13304932,20,100,66.0,regen-v2,637c6b535a9e,unknown,greenhouse-regen:v1
5760,-2.182180415567257,8.099752037218117,10.281932452785371,6.669943270686677,2.7423746039940133,0.8696145781046835,329052.426511986,74.11048078540752,2.8987152603489448,9.141248679980045,64.54861111111111,2042,2283.026626586914,95.22569444444444,275,159686.7290649414,69.02777777777777,1784,2681.020866394043,4101,2280.322486588608,99.95569870995764,2031.388595784104,1303.5973774049642,0,5760,1.0,False,sindy_mpc_dense_dagger,1,2021,0.0408765198205607,13304932,20,100,65.3,regen-v2,637c6b535a9e,unknown,greenhouse-regen:v1
5760,1.1341603698424785,11.7188564936423,10.58469612379982,6.177309367726936,3.053562089739996,1.353824666332887,476078.5450542184,68.63677075252151,4.51274888777629,10.17854029913332,72.8125,1566,1614.7609376907349,95.03472222222224,286,134865.23962402344,71.02430555555556,1669,2362.016014099121,3521,2111.900638171215,155.61203053957797,2261.897843899533,1288.6033542289947,0,5760,1.0,False,sindy_mpc_dense_dagger,1,2022,0.0408765198205607,13304932,20,100,66.6,regen-v2,637c6b535a9e,unknown,greenhouse-regen:v1
5760,0.3414080807085881,9.63064411939652,9.289236038687932,5.587166900514216,3.5690201953374805,0.1330489428362343,391244.9173504836,62.07963222793573,0.4434964761207812,11.896733984458267,73.99305555555556,1498,1672.351598739624,97.4652777777778,146,62619.74938964844,53.888888888888886,2656,4124.390125274658,4300,1910.142529989717,15.292981786857103,2643.7186627250803,1713.1510680871995,0,5760,1.0,False,sindy_mpc_dense_dagger,1,2023,0.0408765198205607,13304932,20,100,67.2,regen-v2,637c6b535a9e,unknown,greenhouse-regen:v1
5760,2.6934558043377166,14.369617451958604,11.676161647620887,4.138893120727697,2.197608026956234,5.339660499936956,583765.7089858183,45.987701341418855,17.79886833312319,7.325360089854113,44.39236111111112,3203,5130.569536685944,100.0,0,0.0,55.57291666666667,2559,6176.905685424805,5762,1415.0061951667542,613.754080580841,1627.8577975521391,1403.402556261472,0,5760,1.0,False,sindy_mpc_conf_dagger,10,2020,0.0306601509828192,945122536,20,100,77.8,regen-v2,637c6b535a9e,unknown,greenhouse-regen:v1
5760,-2.4615160847497317,8.254284251941616,10.715800336691345,6.06595678800295,1.7299799645828422,2.9198635841055527,335330.2977351281,67.39951986669945,9.732878613685177,5.766599881942808,49.96527777777778,2882,3668.560091972351,99.23611111111111,44,42827.86706542969,45.26041666666666,3153,7408.107666015625,6079,2073.831379597458,335.6165037787322,1281.4666409240544,1316.5348019608284,0,5760,1.0,False,sindy_mpc_conf_dagger,10,2021,0.0306601509828192,945122536,20,100,82.1,regen-v2,637c6b535a9e,unknown,greenhouse-regen:v1
5760,-2.993864537479661,10.687099208758788,13.680963746238447,5.434523422896364,2.008889375474632,6.237550947867453,434163.4053558257,60.38359358773738,20.79183649289151,6.6962979182487725,58.177083333333336,2409,3222.0320253372192,100.0,0,0.0,60.81597222222223,2257,5302.320960998535,4666,1857.9567253513403,716.9598791167779,1488.0662040976592,1212.1163443947305,0,5760,1.0,False,sindy_mpc_conf_dagger,10,2022,0.0306601509828192,945122536,20,100,80.0,regen-v2,637c6b535a9e,unknown,greenhouse-regen:v1
5760,-0.1425379807711416,8.975329655321081,9.117867636092225,4.399937226658794,2.154396514490224,2.5635338949432045,364622.7672474189,48.88819140731994,8.545112983144016,7.181321714967414,45.03472222222222,3166,4305.077311515808,100.0,0,0.0,42.93402777777778,3287,8364.068454742432,6453,1504.2520429154242,294.6590684891308,1595.8492700839038,1620.8156162652222,0,5760,1.0,False,sindy_mpc_conf_dagger,10,2023,0.0306601509828192,945122536,20,100,77.1,regen-v2,637c6b535a9e,unknown,greenhouse-regen:v1
5760,2.2875022132069978,14.211306874449084,11.923804661242086,4.830489910784875,6.245714264899812,0.8476004855573999,577334.341774494,53.67211011983195,2.825334951858,20.81904754966604,63.59375000000001,2097,2045.1266479492188,49.375,2916,4196836.482055664,62.30902777777778,2171,4144.21297454834,7184,1651.4495432997794,97.42534322591383,4626.455011156815,1419.1159548968044,0,5760,1.0,False,sindy_mpc_dense_dagger,10,2020,0.042389538938424,2509677180,20,100,68.4,regen-v2,637c6b535a9e,unknown,greenhouse-regen:v1
5760,-5.701690952452124,8.381137126375656,14.08282807882778,6.382822336258554,6.054257657942614,1.645748084626611,340483.695759011,70.9202481806506,5.485826948755371,20.18085885980872,71.26736111111111,1655,1351.7311420440674,40.607638888888886,3421,5644511.25012207,60.364583333333336,2283,4304.619003295898,7359,2182.161482292704,189.1664462832524,4484.635302082939,1218.076355156451,0,5760,1.0,False,sindy_mpc_dense_dagger,10,2021,0.042389538938424,2509677180,20,100,68.0,regen-v2,637c6b535a9e,unknown,greenhouse-regen:v1
5760,-1.024227047461653,12.11409806348178,13.138325110943434,5.7033044737013645,5.248910755356711,2.1861098818853586,492135.23382894736,63.370049707792944,7.287032939617863,17.496369184522372,78.125,1260,962.2889652252196,56.458333333333336,2508,3640804.910522461,64.16666666666667,2064,3818.840530395508,5832,1949.8476828074893,251.2769980163652,3888.082040544323,1242.652863346986,0,5760,1.0,False,sindy_mpc_dense_dagger,10,2022,0.042389538938424,2509677180,20,100,68.7,regen-v2,637c6b535a9e,unknown,greenhouse-regen:v1
5760,-2.1885516962625062,9.773924527662771,11.96247622392528,5.3148419165719325,6.197065936988261,0.4505683703650873,397065.68393630016,59.05379907302147,1.5018945678836246,20.656886456627536,76.18055555555556,1372,1161.0832929611206,58.333333333333336,2400,2653724.53125,50.19097222222222,2869,5178.96501159668,6641,1817.039971244157,51.78946782414793,4590.419211386738,1656.6891311672562,0,5760,1.0,False,sindy_mpc_dense_dagger,10,2023,0.042389538938424,2509677180,20,100,68.6,regen-v2,637c6b535a9e,unknown,greenhouse-regen:v1
5760,2.1876329323226846,14.451744905581911,12.264111973259226,4.980413970143124,2.2156163002681635,5.068081702847939,587102.1367892651,55.337933001590265,16.893605676159797,7.385387667560545,57.15277777777777,2468,2491.5345759391785,100.0,0,0.0,69.6875,1746,3676.7321395874014,4214,1702.705630265602,582.5381266018647,1641.197260202483,1448.6523507829056,0,5760,1.0,False,sindy_mpc_conf_dagger,11,2020,0.0643360223531222,3330206935,20,100,72.5,regen-v2,637c6b535a9e,unknown,greenhouse-regen:v1
5760,-3.24922391172929,8.149862434788453,11.39908634651774,6.873121850233719,1.6955387269944704,2.8304257692895525,331088.1614132809,76.36802055815244,9.434752564298508,5.651795756648235,64.61805555555556,2038,1555.2420721054075,99.20138888888889,46,31468.23547363281,57.72569444444444,2435,4620.907180786133,4519,2349.7852478695286,325.33629540833937,1255.9546120674754,1340.393790330627,0,5760,1.0,False,sindy_mpc_conf_dagger,11,2021,0.0643360223531222,3330206935,20,100,70.1,regen-v2,637c6b535a9e,unknown,greenhouse-regen:v1
5760,-3.242225981920889,10.794408750739162,14.036634732660051,5.988855971810023,2.017944771851856,6.029833988998174,438522.8554987785,66.54284413122248,20.099446629993917,6.726482572839521,70.50347222222221,1699,1488.646481513977,100.0,0,0.0,66.54513888888889,1927,3812.0554428100586,3626,2047.4721270665195,693.0843665885875,1494.7739050550556,1325.3870050042096,0,5760,1.0,False,sindy_mpc_conf_dagger,11,2022,0.0643360223531222,3330206935,20,100,73.7,regen-v2,637c6b535a9e,unknown,greenhouse-regen:v1
5760,-1.2862696605494148,8.78842112262305,10.074690783172466,5.465341986654114,2.1470938149084065,2.462254981609945,357029.60810656147,60.72602207393461,8.207516605366486,7.1569793830280215,62.44791666666667,2163,1811.2103605270383,100.0,0,0.0,57.44791666666666,2451,3666.6181259155273,4614,1868.492987415848,283.0178138529215,1590.439862270443,1691.164622068592,0,5760,1.0,False,sindy_mpc_conf_dagger,11,2023,0.0643360223531222,3330206935,20,100,68.5,regen-v2,637c6b535a9e,unknown,greenhouse-regen:v1
5760,2.749972379025066,11.415786224340946,8.665813845315881,4.974612075548849,3.3684618360785183,0.3227399336885124,463766.315363851,55.27346750609833,1.075799778961708,11.228206120261728,65.85069444444444,1967,2231.644892692566,88.87152777777779,641,598986.1215820312,64.75694444444444,2030,3956.551746368408,4638,1700.722076624097,37.096544220269806,2495.1569149697766,1501.9376588694777,0,5760,1.0,False,sindy_mpc_dense_dagger,11,2020,0.038855201241688,1581414927,20,100,67.3,regen-v2,637c6b535a9e,unknown,greenhouse-regen:v1
5760,-3.916898716619048,5.575839398530661,9.49273811514971,6.078296710431445,2.3751192369908054,1.0393221677274602,226518.4755653081,67.53663011590496,3.464407225758201,7.917064123302685,68.15972222222221,1834,1913.9005546569824,90.1909722222222,565,458208.4948730469,68.125,1836,3339.6873626708984,4235,2078.0501565283357,119.46231800106716,1759.3475836653226,1266.9792132018306,0,5760,1.0,False,sindy_mpc_dense_dagger,11,2021,0.038855201241688,1581414927,20,100,65.7,regen-v2,637c6b535a9e,unknown,greenhouse-regen:v1
5760,-1.0987056496495216,9.420559466931929,10.519265116581453,5.873409326459469,2.9046681256059883,1.7411876645159932,382710.2283441096,65.26010362732744,5.803958881719978,9.682227085353295,77.43055555555556,1300,1133.962476730347,88.94097222222223,637,516027.8291931152,65.57291666666667,1983,3887.498966217041,3920,2008.0031893146609,200.13651291290324,2151.6060190588305,1302.258270678966,0,5760,1.0,False,sindy_mpc_dense_dagger,11,2022,0.038855201241688,1581414927,20,100,68.0,regen-v2,637c6b535a9e,unknown,greenhouse-regen:v1
5760,-1.9655187857125171,6.583416459751128,8.548935245463646,5.213701015207789,3.0902768568546706,0.2449573734011864,267451.2936773896,57.93001128008655,0.8165245780039548,10.300922856182236,77.36111111111111,1304,1277.6777324676514,91.42361111111111,494,397679.5017089844,49.375,2916,5514.266311645508,4714,1782.4618852255103,28.15601993628055,2289.0939680474585,1714.7346306276088,0,5760,1.0,False,sindy_mpc_dense_dagger,11,2023,0.038855201241688,1581414927,20,100,68.0,regen-v2,637c6b535a9e,unknown,greenhouse-regen:v1
5760,1.172951140131287,13.979800352863275,12.80684921273199,4.924364190065283,2.102394039815234,5.780090982851472,567929.3893350706,54.71515766739204,19.26696994283824,7.007980132717448,60.78125,2259,2263.993259906769,100.0,0,0.0,63.14236111111112,2123,4053.073394775391,4382,1683.5433135699532,664.3782737772588,1557.3289187822083,1535.962109727397,0,5760,1.0,False,sindy_mpc_conf_dagger,12,2020,0.0704769570296935,2162669881,20,100,75.8,regen-v2,637c6b535a9e,unknown,greenhouse-regen:v1
5760,-3.859977008364298,8.141308290849587,12.001285299213883,6.892113012110369,1.691945135374769,3.4172271517287456,330740.6493157644,76.57903346789298,11.390757172429153,5.6398171179158965,66.875,1908,1478.3465375900269,99.07986111111111,53,46350.12561035156,55.95486111111111,2537,4643.510940551758,4498,2356.277953336678,392.7847301901629,1253.29269312186,1365.098985574539,0,5760,1.0,False,sindy_mpc_conf_dagger,12,2021,0.0704769570296935,2162669881,20,100,72.7,regen-v2,637c6b535a9e,unknown,greenhouse-regen:v1
5760,0.3901169993236523,15.360524612123712,14.97040761280006,5.837673493680661,2.042196504385261,7.090537614734137,624021.3123675258,64.86303881867401,23.635125382447125,6.807321681284203,77.08333333333334,1320,1305.3058528900146,100.0,0,0.0,62.04861111111111,2186,4052.461963653565,3506,1995.785810863333,815.0043232626065,1512.7381511077149,1352.6200757273136,0,5760,1.0,False,sindy_mpc_conf_dagger,12,2022,0.0704769570296935,2162669881,20,100,84.1,regen-v2,637c6b535a9e,unknown,greenhouse-regen:v1
5760,0.1270567641558131,10.55910468272164,10.432047918565823,5.443175353296824,2.181194675660965,2.8076778896080365,428963.6277355666,60.47972614774249,9.358926298693456,7.270648918869885,71.31944444444444,1652,1311.7319622039795,100.0,0,0.0,51.09375000000001,2817,4418.789596557617,4469,1860.914650199576,322.7215964748503,1615.6997602791062,1766.405378968736,0,5760,1.0,False,sindy_mpc_conf_dagger,12,2023,0.0704769570296935,2162669881,20,100,75.9,regen-v2,637c6b535a9e,unknown,greenhouse-regen:v1
5760,1.029366915389608,9.23138056927854,8.20201365388893,5.09748995949534,2.877409751182721,0.2271139432108685,375024.8356269406,56.638777327726,0.7570464773695618,9.591365837275736,67.5,1872,1886.5576362609863,89.39236111111111,611,555474.0933837891,61.38888888888889,2224,4828.851066589356,4707,1742.7316102109544,26.10505090696773,2131.414631412751,1426.9363633393723,0,5760,1.0,False,sindy_mpc_dense_dagger,12,2020,0.0511893723026062,2061347553,20,100,69.7,regen-v2,637c6b535a9e,unknown,greenhouse-regen:v1
5760,-1.307510195043572,8.684499171285074,9.992009366328649,7.057327957547498,2.23670370161347,0.6979777071676783,352807.77883345616,78.4147550838611,2.326592357225594,7.455679005378233,71.44097222222221,1645,1397.987606048584,94.28819444444444,329,248357.03134155276,55.85069444444445,2543,5496.0444412231445,4517,2412.761694800738,80.22732250115925,1656.8175561981382,1289.8185169316066,0,5760,1.0,False,sindy_mpc_dense_dagger,12,2021,0.0511893723026062,2061347553,20,100,66.9,regen-v2,637c6b535a9e,unknown,greenhouse-regen:v1
5225,-0.8033411201755121,8.44051529411751,9.24385641429302,6.131959175435531,2.313042666788632,0.7988545720688581,342895.9338235238,68.13287972706146,2.6628485735628606,7.710142222628773,75.44497607655502,1283,1063.2099390029907,90.7177033492823,485,361048.0135498047,57.91387559808613,2199,4590.653663635254,3967,2096.396300028493,91.82236452690016,1713.3649380718216,1083.6813310643174,0,5760,0.9071,True,sindy_mpc_dense_dagger,12,2022,0.0511893723026062,2061347553,20,100,62.1,regen-v2,637c6b535a9e,unknown,greenhouse-regen:v1
5760,-0.5725132972330776,7.9610378117534495,8.53355110898653,5.626609923479791,2.740273658667558,0.1666675268391798,323417.1611024839,62.517888038664346,0.5555584227972662,9.13424552889186,79.13194444444444,1202,984.2270956039428,94.53125,315,234602.53369140625,46.52777777777778,3080,6721.231346130371,4597,1923.6273245437933,19.157186870321475,2029.8323409423824,1668.82466482927,0,5760,1.0,False,sindy_mpc_dense_dagger,12,2023,0.0511893723026062,2061347553,20,100,67.7,regen-v2,637c6b535a9e,unknown,greenhouse-regen:v1
5760,5.081016747175069,12.662634976810878,7.58161822963581,5.311563232592641,2.029786908564939,0.24026808847823,514419.545932942,59.01736925102934,0.8008936282607669,6.76595636188313,63.33333333333333,2112,1802.784546852112,100.0,0,0.0,68.61111111111111,1808,3387.608051300049,3920,1815.9190537731165,27.61702158225528,1503.545858600488,1448.2096436175284,0,5760,1.0,False,sindy_mpc_conf_dagger,13,2020,0.079237728396311,2281768594,20,100,69.5,regen-v2,637c6b535a9e,unknown,greenhouse-regen:v1
5760,2.8289803697532414,12.361669027284488,9.53268865753125,7.038110505457193,1.7731215468558656,0.7214566052181894,502192.8042334324,78.20122783841326,2.4048553507272983,5.910405156186219,72.30902777777779,1595,1066.1613903045654,100.0,0,0.0,58.69791666666667,2379,4220.474769592285,3974,2406.1916251364783,82.92604636127871,1313.4233682367565,1259.021215119481,0,5760,1.0,False,sindy_mpc_conf_dagger,13,2021,0.079237728396311,2281768594,20,100,75.9,regen-v2,637c6b535a9e,unknown,greenhouse-regen:v1
5760,5.439404069233923,14.49756943445773,9.058165365223807,6.202878998325812,1.9597672185798192,0.8955191483181767,588963.7582748453,68.9208777591757,2.985063827727256,6.532557395266064,78.75,1224,1055.330909729004,100.0,0,0.0,62.37847222222223,2167,3503.7340087890625,3391,2120.642392495456,102.93323522807698,1451.6794209530703,1278.6509523133593,0,5760,1.0,False,sindy_mpc_conf_dagger,13,2022,0.079237728396311,2281768594,20,100,77.3,regen-v2,637c6b535a9e,unknown,greenhouse-regen:v1
5760,4.376273227762989,12.304267374375971,7.927994146612983,5.619190513028003,2.1452761120353525,0.1635275215496273,499860.8620840239,62.43545014475559,0.5450917384987577,7.150920373451175,76.11111111111111,1376,948.1308336257936,100.0,0,0.0,54.270833333333336,2634,4388.839008331299,4010,1921.0907728364407,18.796266809397743,1589.0934159368137,1665.6263453804322,0,5760,1.0,False,sindy_mpc_conf_dagger,13,2023,0.079237728396311,2281768594,20,100,76.5,regen-v2,637c6b535a9e,unknown,greenhouse-regen:v1
5760,4.697479468254527,12.543559967846564,7.846080499592037,4.869309133830768,2.7871784209468693,0.1895929448143989,509582.12369376665,54.10343482034187,0.6319764827146631,9.290594736489563,64.0625,2070,2212.951364517212,95.71180555555556,247,143956.330078125,61.25000000000001,2232,5113.225891113281,4549,1664.7210713224845,21.79229258870805,2064.576608369772,1489.0095843536635,0,5760,1.0,False,sindy_mpc_dense_dagger,13,2020,0.0623541554320882,1495447077,20,100,66.8,regen-v2,637c6b535a9e,unknown,greenhouse-regen:v1
5760,-2.526623516034455,6.188381068542112,8.715004584576567,6.02198328272533,1.8580915129090283,0.8349297889422095,251402.9809095233,66.91092536361478,2.7830992964740315,6.193638376363428,68.40277777777779,1820,1766.3925161361694,95.76388888888889,244,175478.55337524414,64.51388888888889,2044,5033.820251464844,4108,2058.7977041321374,95.96894126320792,1376.364083797676,1262.5254578579788,0,5760,1.0,False,sindy_mpc_dense_dagger,13,2021,0.0623541554320882,1495447077,20,100,66.4,regen-v2,637c6b535a9e,unknown,greenhouse-regen:v1
5760,0.6989951267673677,10.330443074741757,9.631447947974388,5.786498261918715,2.416972943821841,1.4279767422338303,419674.2499113838,64.29442513243016,4.759922474112769,8.05657647940614,76.96180555555556,1327,1098.1644554138184,96.4409722222222,205,105460.42590332033,64.21875,2061,5224.899906158447,3593,1978.2900048540032,164.13525785573125,1790.3503291778457,1308.2724129665296,0,5760,1.0,False,sindy_mpc_dense_dagger,13,2022,0.0623541554320882,1495447077,20,100,66.5,regen-v2,637c6b535a9e,unknown,greenhouse-regen:v1
5760,0.0823293567488872,7.589507223340158,7.507177866591271,5.035926127080665,2.374583104478024,0.0966686350325818,308323.730948194,55.95473474534072,0.3222287834419394,7.915277014926747,76.54513888888889,1351,1302.1720123291016,98.38541666666669,93,68722.25549316406,43.97569444444444,3227,8683.472450256348,4671,1721.684146218524,11.11133733650338,1758.9504479007626,1709.157829449877,0,5760,1.0,False,sindy_mpc_dense_dagger,13,2023,0.0623541554320882,1495447077,20,100,66.7,regen-v2,637c6b535a9e,unknown,greenhouse-regen:v1
5760,3.670386373256464,16.636462182403612,12.966075809147153,5.051677701319137,2.471671373881165,5.442726733946849,675856.2761601468,56.1297522368793,18.142422446489498,8.238904579603883,56.75347222222222,2491,2800.305763244629,100.0,0,0.0,75.10416666666667,1434,2884.459728240967,3925,1727.0692990030295,625.6007739450108,1830.8676823982237,1536.6062454117382,0,5760,1.0,False,sindy_mpc_conf_dagger,14,2020,0.0622837089176951,1774647503,20,100,81.9,regen-v2,637c6b535a9e,unknown,greenhouse-regen:v1
5760,-3.3786828303710648,8.2949754083856,11.673658238756666,7.252221416488854,1.97015098885748,2.451285833410332,336983.37596566504,80.58023796098726,8.170952778034438,6.567169962858268,61.26736111111111,2231,2041.9904460906985,99.63541666666669,21,5769.284423828125,67.76041666666667,1857,2437.9855346679688,4109,2479.391937636011,281.7569923104005,1459.371102579621,1371.0245437705885,0,5760,1.0,False,sindy_mpc_conf_dagger,14,2021,0.0622837089176951,1774647503,20,100,73.3,regen-v2,637c6b535a9e,unknown,greenhouse-regen:v1
5760,2.0231267990777435,15.50182847998133,13.478701680903589,6.076628812525142,2.333057444405413,5.069015423973031,629761.7819992416,67.51809791694602,16.896718079910105,7.776858148018044,69.44444444444444,1760,1723.6846857070925,100.0,0,0.0,73.24652777777779,1541,2581.58451461792,3301,2077.479935079228,582.6454510803609,1728.190699972457,1367.8567867719876,0,5760,1.0,False,sindy_mpc_conf_dagger,14,2022,0.0622837089176951,1774647503,20,100,81.2,regen-v2,637c6b535a9e,unknown,greenhouse-regen:v1
5760,2.1553748787562528,13.100618670080689,10.945243791324437,5.7745905825918165,2.6314008636127757,2.539252345119843,532212.633472028,64.16211758435352,8.464174483732812,8.771336212042584,62.239583333333336,2175,2042.238480567932,100.0,0,0.0,66.61458333333333,1923,2265.389072418213,4098,1974.219002115296,291.8680857444175,1949.1858247843052,1746.7173035907804,0,5760,1.0,False,sindy_mpc_conf_dagger,14,2023,0.0622837089176951,1774647503,20,100,80.0,regen-v2,637c6b535a9e,unknown,greenhouse-regen:v1
5760,4.49288585333224,13.30073312543867,8.807847272106429,5.026226349443102,3.682213506286409,0.0994074163769183,540342.283220946,55.8469594382567,0.3313580545897279,12.2740450209547,58.07291666666666,2415,3013.0086812973022,93.50694444444444,374,71439.45764160156,70.97222222222223,1672,3068.223949432373,4461,1718.3679840844266,11.426139836442342,2727.5655597784144,1512.532009749579,0,5760,1.0,False,sindy_mpc_dense_dagger,14,2020,0.0424757157101803,971073389,20,100,71.8,regen-v2,637c6b535a9e,unknown,greenhouse-regen:v1
5760,-2.70845310971655,7.140702121471718,9.849155231188268,6.38920106779746,2.7352689791346814,0.7246851842561284,290091.0236847885,70.99112297552733,2.4156172808537613,9.117563263782271,61.73611111111112,2204,2443.873607635498,97.03125,171,29030.450637817383,72.36111111111111,1592,2572.382179260254,3967,2184.3422435877496,83.2971476029357,2026.1251692552823,1320.7055897680857,0,5760,1.0,False,sindy_mpc_dense_dagger,14,2021,0.0424757157101803,971073389,20,100,70.3,regen-v2,637c6b535a9e,unknown,greenhouse-regen:v1
5760,0.6453375566132036,11.040836524602692,10.39549896798949,6.029690205282126,3.158357622732761,1.2074511399746028,448533.9838119844,66.99655783646807,4.024837133248677,10.527858742442538,70.10416666666667,1722,1705.4008293151855,97.60416666666669,138,22899.443603515625,74.80902777777779,1451,2147.661361694336,3311,2061.432548509079,138.78748741273523,2339.524164936702,1298.34782414725,0,5760,1.0,False,sindy_mpc_dense_dagger,14,2022,0.0424757157101803,971073389,20,100,71.4,regen-v2,637c6b535a9e,unknown,greenhouse-regen:v1
5760,-0.4283252105252361,8.915907142264581,9.344232352789817,5.447706281654996,3.82933699338772,0.0671890777471002,362208.7276544986,60.53006979616663,0.2239635924903341,12.764456644625737,70.55555555555556,1696,1761.9200353622437,96.2847222222222,214,30282.152221679688,57.96875,2421,3627.391151428223,4331,1862.46368536433,7.722882451570929,2836.545921846286,1734.12298937338,0,5760,1.0,False,sindy_mpc_dense_dagger,14,2023,0.0424757157101803,971073389,20,100,72.6,regen-v2,637c6b535a9e,unknown,greenhouse-regen:v1
5760,1.6582277874788185,13.495733508543754,11.837505721064936,4.578474052706399,3.577289295146884,3.6817423732116494,548264.17378459,50.87193391895999,12.272474577372169,11.924297650489615,56.71874999999999,2493,3165.2072348594666,95.48611111111111,260,40061.75939941406,61.78819444444444,2201,4135.083202362061,4954,1565.290273826069,423.188778478434,2649.8439219499,1634.6802735560543,0,5760,1.0,False,sindy_mpc_conf_dagger,15,2020,0.0569060848942011,2133167996,20,100,73.1,regen-v2,637c6b535a9e,unknown,greenhouse-regen:v1
5760,-3.884825305521726,7.742634205919594,11.62745951144132,6.868479418150531,2.7367504335494885,2.0222296597413,314544.5146154835,76.31643797945034,6.740765532471,9.122501445164962,61.51041666666666,2217,2340.097831726074,98.48958333333331,87,8565.373123168945,52.98611111111112,2708,4816.882209777832,5012,2348.1980901461766,232.4401907166826,2027.2225445701952,1487.6356786700214,0,5760,1.0,False,sindy_mpc_conf_dagger,15,2021,0.0569060848942011,2133167996,20,100,71.6,regen-v2,637c6b535a9e,unknown,greenhouse-regen:v1
5760,0.1459445902593188,14.243629690335752,14.097685100076433,5.664832327147198,3.3033900261693856,5.129462746759848,578647.4561698899,62.94258141274665,17.09820915586616,11.011300087231286,66.51041666666667,1929,2624.313499450684,99.5659722222222,25,1625.3990173339844,61.75347222222223,2203,4408.003967285156,4157,1936.6948133450287,589.5934191463526,2446.955575424073,1431.8718470116178,0,5760,1.0,False,sindy_mpc_conf_dagger,15,2022,0.0569060848942011,2133167996,20,100,78.8,regen-v2,637c6b535a9e,unknown,greenhouse-regen:v1
5760,-0.8594528736094708,10.3938560012786,11.25330887488807,5.336360897567381,4.012961576759013,1.903986400561676,422250.4000519431,59.2928988618598,6.346621335205587,13.37653858919671,59.70486111111111,2321,2589.557683944702,99.28819444444444,41,3923.313598632813,51.59722222222223,2788,4204.902290344238,5150,1824.3968882660856,218.84901140071028,2972.564130858977,1866.3754758659045,0,5760,1.0,False,sindy_mpc_conf_dagger,15,2023,0.0569060848942011,2133167996,20,100,73.6,regen-v2,637c6b535a9e,unknown,greenhouse-regen:v1
5760,3.5478457768219416,12.445393962379846,8.897548185557909,4.91324259914359,3.701373730602372,0.2829318558119449,505594.12972168135,54.591584434928784,0.9431061860398164,12.33791243534124,64.87847222222223,2023,2478.948081970215,82.84722222222223,988,383135.1203613281,61.02430555555556,2245,5426.8147315979,5256,1679.741060669556,32.52090296970545,2741.758318420665,1501.448214651272,0,5760,1.0,False,sindy_mpc_dense_dagger,15,2020,0.0370077907595401,4165992752,20,100,70.3,regen-v2,637c6b535a9e,unknown,greenhouse-regen:v1
5760,-3.344466366959213,6.202344320082414,9.546810687041626,6.087031282766699,2.5756932801258072,0.8840861241491214,251970.2380033481,67.63368091962998,2.946953747163738,8.585644267086025,66.59722222222221,1924,2228.009189605713,86.66666666666667,768,237903.12185668945,63.83680555555556,2083,5369.875198364258,4775,2081.036334850113,101.61909471250652,1907.920948268395,1312.803578724849,0,5760,1.0,False,sindy_mpc_dense_dagger,15,2021,0.0370077907595401,4165992752,20,100,68.5,regen-v2,637c6b535a9e,unknown,greenhouse-regen:v1
5760,-0.0030226671802799,10.28787267031488,10.29089533749516,5.805846300421803,3.258263261542596,1.2267857755307618,417944.827231542,64.50940333802004,4.089285918435873,10.86087753847532,75.15625,1431,1402.6804847717283,82.1875,1026,358388.4313964844,62.17013888888889,2179,6200.766613006592,4636,1984.904717985852,141.00985912583414,2413.5283423804613,1303.0341183554806,0,5760,1.0,False,sindy_mpc_dense_dagger,15,2022,0.0370077907595401,4165992752,20,100,69.4,regen-v2,637c6b535a9e,unknown,greenhouse-regen:v1
5760,-1.3330976431405746,7.554007602188029,8.887105245328605,5.023500546647279,3.67972939757165,0.183875301109675,306881.5588388887,55.81667274052532,0.6129176703655835,12.265764658572166,76.75347222222221,1339,1433.406994819641,79.02777777777777,1208,361160.3670654297,44.114583333333336,3219,9676.188377380371,5766,1717.4360848357237,21.13509223751645,2725.725478758108,1749.0318341696025,0,5760,1.0,False,sindy_mpc_dense_dagger,15,2023,0.0370077907595401,4165992752,20,100,71.0,regen-v2,637c6b535a9e,unknown,greenhouse-regen:v1
5760,-1.492854247928653,11.665189200794584,13.158043448723236,4.326967354217766,2.467985960147364,6.363090134358105,473898.3112822799,48.07741504686407,21.21030044786035,8.226619867157881,39.53125,3483,6544.228756904602,99.87847222222224,7,716.60693359375,65.19097222222221,2005,3681.246192932129,5495,1479.3050778610495,731.3896704989237,1828.137747941404,1480.854306915929,0,5760,1.0,False,sindy_mpc_conf_dagger,16,2020,0.0,4124163685,20,100,80.7,regen-v2,637c6b535a9e,unknown,greenhouse-regen:v1
5760,-3.775349327781909,7.629601431293626,11.404950759075533,6.065903064704093,2.017007017564567,3.322040676806873,309952.5581463035,67.3989229411566,11.073468922689578,6.723356725215224,42.06597222222222,3337,6083.430742740631,98.0902777777778,110,69329.2177734375,53.28125,2691,4577.753265380859,6138,2073.813014375516,381.8437558703238,1494.0792722099982,1359.318735526343,0,5760,1.0,False,sindy_mpc_conf_dagger,16,2021,0.0,4124163685,20,100,82.0,regen-v2,637c6b535a9e,unknown,greenhouse-regen:v1
5760,-4.336734196392344,9.521932086116257,13.8586662825086,4.838367395918345,2.3066184724701126,6.713680414120142,386828.4909984729,53.75963773242606,22.378934713733805,7.688728241567042,45.60763888888889,3133,7034.249068260193,96.59722222222224,196,142345.19592285156,61.64930555555556,2209,4302.0680809021,5538,1654.142699412247,771.6874039702017,1708.6062756387937,1254.5837484633023,0,5760,1.0,False,sindy_mpc_conf_dagger,16,2022,0.0,4124163685,20,100,84.9,regen-v2,637c6b535a9e,unknown,greenhouse-regen:v1
5760,-1.8196352133065443,8.59686684995344,10.416502063259983,4.8056418769062965,2.552864994786617,3.05799519156707,349247.71577935846,53.39602085451441,10.193317305223566,8.509549982622058,41.31944444444444,3380,5182.163548469544,100.0,0,0.0,52.29166666666667,2748,4449.837253570557,6128,1642.95448795331,351.4937000011996,1891.011107709752,1701.3450752410183,0,5760,1.0,False,sindy_mpc_conf_dagger,16,2023,0.0,4124163685,20,100,76.1,regen-v2,637c6b535a9e,unknown,greenhouse-regen:v1
5760,4.723626269357876,12.937339868325523,8.213713598967647,5.1978567963377404,2.959095890884964,0.0567609117449428,525579.4321507243,57.75396440375268,0.1892030391498095,9.863652969616544,57.170138888888886,2467,2952.191349983216,98.92361111111111,62,12331.938232421877,80.72916666666666,1110,1871.205581665039,3639,1777.045058856422,6.524242779139196,2191.9228820299973,1491.7255477826566,0,5760,1.0,False,sindy_mpc_dense_dagger,16,2020,0.0438945588216209,391560874,20,100,70.8,regen-v2,637c6b535a9e,unknown,greenhouse-regen:v1
5760,-1.94699795153576,7.497256099441593,9.444254050977351,6.660942242301458,2.098983416548488,0.6843283921274069,304576.0290398147,74.0104693589051,2.2810946404246897,6.996611388494961,60.81597222222223,2257,2443.1673612594604,99.42708333333331,33,2795.925842285156,79.0625,1206,1895.547378540039,3496,2277.2452095776293,78.65843588778714,1554.8025308267725,1289.73069385792,0,5760,1.0,False,sindy_mpc_dense_dagger,16,2021,0.0438945588216209,391560874,20,100,69.8,regen-v2,637c6b535a9e,unknown,greenhouse-regen:v1
5760,1.1126319928441877,10.899392182815784,9.786760189971597,6.115461357723263,2.5661135515571942,1.1051852806911375,442787.8074268912,67.94957064136959,3.683950935637125,8.55371183852398,65.59027777777777,1982,2083.4210538864136,99.82638888888889,10,597.3728332519531,81.45833333333333,1068,1671.9888763427734,3060,2090.7560206437456,127.03279093681618,1900.82485341294,1264.8078929347002,0,5760,1.0,False,sindy_mpc_dense_dagger,16,2022,0.0438945588216209,391560874,20,100,71.9,regen-v2,637c6b535a9e,unknown,greenhouse-regen:v1
5760,0.6180547430019885,9.08041933199426,8.462364588992271,5.569211156087148,2.815226357515583,0.0779270753895398,368892.0353622668,61.88012395652387,0.2597569179651328,9.384087858385277,65.83333333333333,1968,2024.50807094574,99.84375,9,664.666748046875,70.13888888888889,1720,2750.2365951538086,3697,1904.0038137217496,8.957135198168823,2085.3528575771697,1700.5268150956194,0,5760,1.0,False,sindy_mpc_dense_dagger,16,2023,0.0438945588216209,391560874,20,100,72.1,regen-v2,637c6b535a9e,unknown,greenhouse-regen:v1
5760,3.941782994581027,14.445813555218928,10.504030560637904,5.299824832213182,5.204091042842911,0.0001146855818107,586861.175680769,58.88694258014647,0.0003822852727025,17.346970142809703,65.17361111111111,2006,1830.855912208557,80.71180555555556,1111,438274.5789794922,68.83680555555556,1795,3456.407985687256,4912,1811.9059270003795,0.0131822509825299,3854.882253307243,1387.9543604816572,0,5760,1.0,False,sindy_mpc_conf_dagger,17,2020,0.0606955241890153,991356924,20,100,71.4,regen-v2,637c6b535a9e,unknown,greenhouse-regen:v1
5760,-4.077111745649799,7.776087230208597,11.853198975858398,7.355948054663026,4.47877433223305,0.0184765889623202,315903.5437272243,81.73275616292251,0.0615886298744007,14.929247774110168,68.88888888888889,1792,1557.5100531578064,88.35069444444444,671,185578.7891845703,65.13888888888889,2008,3050.3716735839844,4471,2514.854036790876,2.123745854224347,3317.6106155858406,1289.3662425095508,0,5760,1.0,False,sindy_mpc_conf_dagger,17,2021,0.0606955241890153,991356924,20,100,71.5,regen-v2,637c6b535a9e,unknown,greenhouse-regen:v1
5760,1.579420909847277,12.7912386909012,11.211817781053924,6.556167642970673,4.655514693094103,0.0001354449891485,519644.0718178613,72.84630714411858,0.0004514832971617,15.518382310313678,77.39583333333333,1302,1052.1073789596558,88.33333333333333,672,187307.73388671875,70.48611111111111,1700,2621.2022743225098,3674,2241.424835570061,0.0155683898164682,3448.529402125705,1267.0755426738342,0,5760,1.0,False,sindy_mpc_conf_dagger,17,2022,0.0606955241890153,991356924,20,100,71.4,regen-v2,637c6b535a9e,unknown,greenhouse-regen:v1
5760,-2.13182032955716,9.464967441925324,11.596787771482482,5.928671203692082,5.6661259962065005,0.0019905715839006,384514.30232821626,65.87412448546759,0.006635238613002,18.88708665402167,76.5625,1350,1065.7512736320496,84.09722222222223,916,230832.5550537109,58.61111111111112,2384,3352.8225326538086,4650,2026.8961378835256,0.2288013309165521,4197.130366283161,1654.3466861592278,0,5760,1.0,False,sindy_mpc_conf_dagger,17,2023,0.0606955241890153,991356924,20,100,69.6,regen-v2,637c6b535a9e,unknown,greenhouse-regen:v1
3687,-1.4751948555892809,4.17375443525469,5.648949290843972,3.7430401785057743,1.5330724158096345,0.3728366965285628,169558.7739322218,41.589335316730825,1.2427889884285428,5.110241386032114,63.49335503119067,1346,1327.465262413025,88.66286954163276,418,257429.4342041016,70.2468131272037,1097,1790.8207817077637,2861,1279.671855360581,42.85479252843864,1135.6091969925285,819.3801775560213,0,5760,0.6401,True,sindy_mpc_dense_dagger,17,2020,0.0519496759380363,1290636545,20,100,41.7,regen-v2,637c6b535a9e,unknown,greenhouse-regen:v1
5760,-3.021419120709912,7.087746419154071,10.109165539863984,7.078473141726799,2.243361949507569,0.787330448629616,287939.69827813416,78.64970157474221,2.624434828765387,7.477873165025231,70.38194444444444,1706,1441.21204662323,92.93402777777776,407,195511.98446655276,59.75694444444445,2318,3798.910484313965,4431,2419.9908184112774,90.49775253071364,1661.7495914674082,1291.2818062574604,0,5760,1.0,False,sindy_mpc_dense_dagger,17,2021,0.0519496759380363,1290636545,20,100,62.9,regen-v2,637c6b535a9e,unknown,greenhouse-regen:v1
4459,-2.2338100925290165,5.910724252231657,8.144534344760674,5.526672450152114,1.725791845678033,0.8920700489305268,240123.17274691103,61.40747166835683,2.973566829768423,5.752639485593444,71.54070419376541,1269,1074.0435857772827,90.53599461762728,422,216579.759765625,65.66494729760036,1531,2218.1607055664062,3222,1889.4606661040948,102.53678740884692,1278.364329741366,806.1861069071928,0,5760,0.7741,True,sindy_mpc_dense_dagger,17,2022,0.0519496759380363,1290636545,20,100,50.7,regen-v2,637c6b535a9e,unknown,greenhouse-regen:v1
5319,-1.7574642790640378,6.247275724518111,8.00474000358215,5.311029142700393,2.514549695196237,0.1791611656855183,253795.57630854828,59.01143491889326,0.5972038856183944,8.381832317320791,76.93175408911449,1227,1014.6221752166748,93.213009964279,361,191037.94921875,54.87873660462493,2400,4019.947036743164,3988,1815.7364591494616,20.59323742050283,1862.629403482044,1490.4841319059428,0,5760,0.9234,True,sindy_mpc_dense_dagger,17,2023,0.0519496759380363,1290636545,20,100,59.8,regen-v2,637c6b535a9e,unknown,greenhouse-regen:v1
5760,8.507060224703135,16.535977938984807,8.028917714281672,4.979109049263496,2.8872386628232074,0.1625700021949684,671774.1037712578,55.32343388070551,0.5419000073165616,9.62412887607736,68.47222222222223,1816,1513.134052276611,100.0,0,0.0,62.10069444444445,2183,4577.280605316162,3999,1702.2595039041537,18.686207213719456,2138.6953049040767,1338.3628664563068,0,5760,1.0,False,sindy_mpc_conf_dagger,18,2020,0.0674243317273204,1139190288,20,100,80.9,regen-v2,637c6b535a9e,unknown,greenhouse-regen:v1
5760,-1.9451221526311695,7.934215145307599,9.879337297938768,7.018081335407016,2.2065742106772896,0.6546817518544618,322327.4902781212,77.97868150452241,2.182272506181539,7.355247368924299,74.53125,1467,959.5534057617188,100.0,0,0.0,54.73958333333333,2607,5060.786224365234,4074,2399.3440470050878,75.25077605264428,1634.4994159080943,1172.1547722486446,0,5760,1.0,False,sindy_mpc_conf_dagger,18,2021,0.0674243317273204,1139190288,20,100,71.3,regen-v2,637c6b535a9e,unknown,greenhouse-regen:v1
5760,5.846579081735124,15.292625552950582,9.446046471215457,6.094676693983362,2.5719894498941773,0.7793803273379172,621262.9130886174,67.71862993314846,2.597934424459724,8.573298166313926,84.09722222222223,916,595.5843620300293,100.0,0,0.0,57.013888888888886,2476,4555.221492767334,3392,2083.650151916083,89.58394540643238,1905.177370249548,1206.0337953142516,0,5760,1.0,False,sindy_mpc_conf_dagger,18,2022,0.0674243317273204,1139190288,20,100,82.2,regen-v2,637c6b535a9e,unknown,greenhouse-regen:v1
5760,4.3369037692333885,12.941211090028634,8.604307320795247,5.463118110262067,3.025421761841531,0.1157674486916487,525736.7005324133,60.70131233624519,0.3858914956388292,10.084739206138437,80.67708333333333,1113,731.8092908859253,100.0,0,0.0,47.30902777777778,3035,5680.632961273193,4148,1867.7326873834563,13.306603339896917,2241.053156016612,1566.0599483211322,0,5760,1.0,False,sindy_mpc_conf_dagger,18,2023,0.0674243317273204,1139190288,20,100,80.5,regen-v2,637c6b535a9e,unknown,greenhouse-regen:v1
5760,3.740661495942105,12.94047519823629,9.199813702294186,5.13047974414696,3.9602985785177554,0.1090353796294693,525706.8049283493,57.005330490521786,0.3634512654315645,13.200995261725852,61.84027777777777,2198,2429.386651992798,88.66319444444444,653,181993.43615722656,70.74652777777779,1685,3173.1036491394043,4536,1754.0101701367485,12.532802243371943,2933.554503365048,1486.7652479910384,0,5760,1.0,False,sindy_mpc_dense_dagger,18,2020,0.0444667772186334,4274084384,20,100,67.3,regen-v2,637c6b535a9e,unknown,greenhouse-regen:v1
5760,-3.6816090014528657,6.527969155567444,10.20957815702031,6.43700603913334,3.0663574670325358,0.7062146508544348,265198.74694492744,71.52228932370379,2.3540488361814496,10.221191556775118,66.40625,1935,1970.1253299713132,90.1909722222222,565,120820.43072509766,72.53472222222223,1582,2769.050048828125,4082,2200.6858264925645,81.1740978325532,2271.375902076036,1308.9727005818413,0,5760,1.0,False,sindy_mpc_dense_dagger,18,2021,0.0444667772186334,4274084384,20,100,65.9,regen-v2,637c6b535a9e,unknown,greenhouse-regen:v1
5760,-0.3427590661604198,10.560690901706906,10.903449967867324,6.114600958638195,3.550939021144313,1.237909988084818,429028.067881843,67.9400106515355,4.126366626949394,11.83646340381438,75.19097222222221,1429,1299.0036315917969,90.22569444444444,563,167885.46936035156,70.69444444444444,1688,2853.609172821045,3680,2090.461865507163,142.2885043117645,2630.325200284499,1318.9054815574975,0,5760,1.0,False,sindy_mpc_dense_dagger,18,2022,0.0444667772186334,4274084384,20,100,67.4,regen-v2,637c6b535a9e,unknown,greenhouse-regen:v1
5760,-1.9065692985382816,8.091860420927425,9.998429719465706,5.5712090949109605,4.363325243927173,0.0638953806275735,328731.82960017666,61.90232327678845,0.2129846020919119,14.544417479757245,75.0,1440,1391.605278968811,85.90277777777777,812,183590.7918701172,54.65277777777777,2612,4405.908721923828,4864,1904.6868704684357,7.344296578826964,3232.092772212181,1729.6456887368877,0,5760,1.0,False,sindy_mpc_dense_dagger,18,2023,0.0444667772186334,4274084384,20,100,67.1,regen-v2,637c6b535a9e,unknown,greenhouse-regen:v1
5760,-6.422692675247581,22.11386615109613,28.536558826343708,5.97485102546958,2.4767480218742435,20.08495977899988,898375.81238828,66.38723361632867,66.9498659299996,8.255826739580812,75.55555555555556,1408,1204.486198425293,100.0,0,0.0,50.920138888888886,2827,5044.857894897461,4235,2042.684112040596,2308.616067089936,1834.6281637979937,1955.265994941519,0,5760,1.0,False,sindy_mpc_conf_dagger,19,2020,0.0692028059130137,3001149000,20,100,82.9,regen-v2,637c6b535a9e,unknown,greenhouse-regen:v1
5760,-21.49722458711849,16.105945722164844,37.603170309283335,8.166675255678836,2.147808632392281,27.28868642121222,654304.0449629468,90.74083617420928,90.9622880707074,7.159362107974271,82.56944444444444,1004,649.070125579834,100.0,0,0.0,38.47222222222222,3544,5936.724182128906,4548,2792.025729073713,3136.630622807732,1590.9693570005284,1908.097336429608,0,5760,1.0,False,sindy_mpc_conf_dagger,19,2021,0.0692028059130137,3001149000,20,100,75.5,regen-v2,637c6b535a9e,unknown,greenhouse-regen:v1
5760,-11.01367792865335,21.48331279444429,32.496990723097646,6.639746714147617,2.3981354935866106,23.45910851536341,872759.5822742996,73.77496349052909,78.19702838454472,7.993784978622036,84.98263888888889,865,631.8871479034424,100.0,0,0.0,49.982638888888886,2881,4294.036071777344,3746,2269.998877316141,2696.4492546328675,1776.396662457943,1754.556490267143,0,5760,1.0,False,sindy_mpc_conf_dagger,19,2022,0.0692028059130137,3001149000,20,100,82.9,regen-v2,637c6b535a9e,unknown,greenhouse-regen:v1
5760,-9.171623034978534,17.7221050021049,26.893728037083434,6.907276329282734,2.492020257753815,17.494431450046886,719960.5157105116,76.74751476980816,58.31477150015629,8.306734192512717,79.54861111111111,1178,968.9841365814208,100.0,0,0.0,50.9375,2826,4453.434902191162,4004,2361.46199401009,2010.8541901926324,1845.9409317333511,2050.801513669652,0,5760,1.0,False,sindy_mpc_conf_dagger,19,2023,0.0692028059130137,3001149000,20,100,82.4,regen-v2,637c6b535a9e,unknown,greenhouse-regen:v1
5760,2.543567478035486,15.389797107322922,12.846229629287436,5.057546602944379,7.10490200782986,0.6837810185131962,625210.5074849937,56.19496225493755,2.279270061710654,23.6830066927662,61.71875,2205,2165.7047996521,46.302083333333336,3093,5251088.353881836,71.59722222222223,1636,2863.9487495422363,6934,1729.075762063656,78.59551941160844,5262.89037617113,1407.0785498085188,0,5760,1.0,False,sindy_mpc_dense_dagger,19,2020,0.0610098982828703,2130676607,20,100,70.7,regen-v2,637c6b535a9e,unknown,greenhouse-regen:v1
5760,-5.602162798677083,10.492017002998026,16.09417980167511,6.862346943090997,7.136601697348864,2.09523116123525,426238.19074679486,76.24829936767775,6.984103870784168,23.78867232449621,70.05208333333334,1725,1492.9823942184448,38.61111111111112,3536,6730266.046508789,67.65625,1863,2618.123413085937,7124,2346.1015198008317,240.83116813718743,5286.371626639939,1256.816084545516,0,5760,1.0,False,sindy_mpc_dense_dagger,19,2021,0.0610098982828703,2130676607,20,100,69.3,regen-v2,637c6b535a9e,unknown,greenhouse-regen:v1
5760,-2.2838860285643685,14.381238110141908,16.66512413870628,5.867997620930621,6.790960579836346,4.006165937939311,584237.798224515,65.19997356589579,13.353886459797703,22.636535266121157,77.60416666666666,1290,1043.377917289734,43.958333333333336,3228,8500727.582519531,65.625,1980,2747.24564743042,6498,2006.1530332153911,460.478843783768,5030.341169172256,1245.2171702644025,0,5760,1.0,False,sindy_mpc_dense_dagger,19,2022,0.0610098982828703,2130676607,20,100,70.9,regen-v2,637c6b535a9e,unknown,greenhouse-regen:v1
5760,-1.7038555979390264,11.588229473065336,13.292085071004362,5.782538984373534,7.222900969327052,0.2866451173037767,470771.82234327926,64.25043315970593,0.9554837243459224,24.076336564423507,75.20833333333333,1428,1169.3102350234983,54.16666666666666,2640,3358380.1166992188,59.895833333333336,2310,2833.621253967285,6378,1976.9364043131727,32.94771473812643,5350.29701386968,1665.5481230878254,0,5760,1.0,False,sindy_mpc_dense_dagger,19,2023,0.0610098982828703,2130676607,20,100,71.2,regen-v2,637c6b535a9e,unknown,greenhouse-regen:v1
5760,5.4592737600545735,13.241592211545024,7.78231845149045,5.321947837486534,2.15433770411699,0.3060329098869257,537939.6835940166,59.13275374985038,1.0201096996230858,7.181125680389967,68.57638888888889,1810,1425.5242862701416,100.0,0,0.0,64.21875,2061,4155.980880737305,3871,1819.4693460547576,35.17619662388714,1595.8057065858527,1370.1025514286723,0,5760,1.0,False,sindy_mpc_conf_dagger,2,2020,0.0686815907040286,2652018739,20,100,82.5,regen-v2,637c6b535a9e,unknown,greenhouse-regen:v1
5760,2.88867658824926,12.52446268982598,9.635786101576722,6.989755695452025,1.8299795083163355,0.8160508978083615,508806.2967741805,77.66395217168916,2.720169659361205,6.099931694387784,76.07638888888889,1378,899.4152450561523,100.0,0,0.0,56.44097222222222,2509,4730.614570617676,3887,2389.6600670820526,93.79895392231396,1355.5403767990288,1214.1165361091307,0,5760,1.0,False,sindy_mpc_conf_dagger,2,2021,0.0686815907040286,2652018739,20,100,88.3,regen-v2,637c6b535a9e,unknown,greenhouse-regen:v1
5760,5.785786018411926,15.238395112202312,9.452609093790384,6.1828821442589454,2.0920570874174924,1.1776698621139463,619059.8014332189,68.69869049176606,3.925566207046488,6.973523624724975,82.32638888888889,1018,657.5551662445068,100.0,0,0.0,60.48611111111111,2276,3758.369575500488,3294,2113.805862209516,135.3643521015526,1549.6719161022618,1234.3640453756532,0,5760,1.0,False,sindy_mpc_conf_dagger,2,2022,0.0686815907040286,2652018739,20,100,90.9,regen-v2,637c6b535a9e,unknown,greenhouse-regen:v1
5760,2.0570627978546847,10.081835562344338,8.024772764489654,5.702846680034721,2.1353909936917783,0.1865350907631549,409574.5697202388,63.364963111496905,0.6217836358771832,7.117969978972595,80.48611111111111,1124,736.4426898956299,100.0,0,0.0,50.920138888888886,2827,5008.112861633301,3951,1949.6911720006417,21.44081508760309,1581.771105607358,1597.2783663868418,0,5760,1.0,False,sindy_mpc_conf_dagger,2,2023,0.0686815907040286,2652018739,20,100,80.6,regen-v2,637c6b535a9e,unknown,greenhouse-regen:v1
5760,5.154445222373308,13.278062188471374,8.123616966098066,4.983905502950665,3.029721014857293,0.1099904482901083,539421.2764066496,55.37672781056295,0.3666348276336946,10.099070049524313,64.6875,2034,2141.253398895264,98.47222222222224,88,19982.47436523437,65.72916666666667,1974,3875.45650100708,4096,1703.899317752088,12.6425802219274,2244.2377885345995,1452.509825707029,0,5760,1.0,False,sindy_mpc_dense_dagger,2,2020,0.0549302623886913,1623711899,20,100,81.6,regen-v2,637c6b535a9e,unknown,greenhouse-regen:v1
5760,-1.8930786065178369,7.454702025642676,9.347780632160514,6.435207997184207,2.16523096604515,0.7473416689311562,302847.2697917337,71.50231107982452,2.4911388964371874,7.217436553483833,69.72222222222221,1744,1604.57333278656,98.33333333333331,96,22548.947341918945,67.01388888888889,1900,3722.645896911621,3740,2200.071109042846,85.90134118469486,1603.8747893382474,1242.177136863911,0,5760,1.0,False,sindy_mpc_dense_dagger,2,2021,0.0549302623886913,1623711899,20,100,77.9,regen-v2,637c6b535a9e,unknown,greenhouse-regen:v1
5760,1.029972803307707,11.150608828706549,10.120636025398843,5.973932327626081,2.75579742059488,1.3909062771778808,452993.4836662036,66.37702586251201,4.636354257259603,9.185991401982934,77.01388888888889,1324,1120.4827070236206,97.63888888888889,136,28247.371795654297,67.51736111111111,1871,3537.9060020446777,3331,2042.3700260267055,159.8742846138343,2041.3314232095688,1286.113267845158,0,5760,1.0,False,sindy_mpc_dense_dagger,2,2022,0.0549302623886913,1623711899,20,100,80.2,regen-v2,637c6b535a9e,unknown,greenhouse-regen:v1
5760,0.473696853006618,8.877491660252112,8.403794807245493,5.3724605954422415,2.954437403718347,0.0768968080849047,360648.0986977421,59.69400661602491,0.2563226936163492,9.848124679061158,77.06597222222223,1321,1202.4607286453247,97.69097222222224,133,18687.8525390625,50.29513888888889,2863,5693.5817794799805,4317,1836.7386647038904,8.838713538568896,2188.472151533781,1677.849208041643,0,5760,1.0,False,sindy_mpc_dense_dagger,2,2023,0.0549302623886913,1623711899,20,100,80.4,regen-v2,637c6b535a9e,unknown,greenhouse-regen:v1
5760,-0.1300736888702266,9.941170234252835,10.071243923123063,4.945682171676296,5.103549998826988,0.0220117526197805,403860.04076652153,54.95202412973662,0.073372508732602,17.011833329423297,58.81944444444444,2372,3400.5277376174927,67.01388888888889,1900,2108896.892700196,65.0,2016,3640.152942657471,6288,1690.8315111458055,2.530086503390961,3780.407406537977,1419.2272987495508,0,5760,1.0,False,sindy_mpc_conf_dagger,3,2020,0.0,3475336982,20,100,82.3,regen-v2,637c6b535a9e,unknown,greenhouse-regen:v1
5760,-4.183437207317513,7.36383675752195,11.547273964839462,6.732609008289173,4.63948001016899,0.1751849463813006,299155.86827432923,74.80676675876859,0.5839498212710023,15.464933367229968,65.86805555555556,1966,2864.484040915966,55.71180555555556,2551,3325714.457611084,51.44097222222223,2797,4074.064727783203,7314,2301.746669918361,20.13620062180214,3436.6518601525613,1273.6141317450447,0,5760,1.0,False,sindy_mpc_conf_dagger,3,2021,0.0,3475336982,20,100,83.0,regen-v2,637c6b535a9e,unknown,greenhouse-regen:v1
5760,-0.7028575617904966,9.767870636335232,10.47072819812573,6.017204140917174,4.450974193161908,0.0025498640466481,396819.7446011189,66.85782378796861,0.0084995468221604,14.836580643873027,68.48958333333334,1815,2390.400511264801,65.52083333333333,1986,2058168.318603516,66.09375,1953,2809.793628692627,5754,2057.163809775312,0.2930878238693021,3297.017919444963,1276.0782385733155,0,5760,1.0,False,sindy_mpc_conf_dagger,3,2022,0.0,3475336982,20,100,84.1,regen-v2,637c6b535a9e,unknown,greenhouse-regen:v1
5760,-3.042420658990472,7.593914737332437,10.63633539632291,5.509989077301436,5.121547884070877,0.0047984349505975,308502.7862041303,61.22210085890484,0.0159947831686586,17.071826280236255,62.01388888888889,2188,2461.4062275886536,76.73611111111111,1340,1277824.366821289,56.02430555555556,2533,3301.374839782715,6061,1883.756949741578,0.5515442410889977,3793.7391730029294,1688.3102803797256,0,5760,1.0,False,sindy_mpc_conf_dagger,3,2023,0.0,3475336982,20,100,81.7,regen-v2,637c6b535a9e,unknown,greenhouse-regen:v1
5760,4.461445374906392,11.93988064495296,7.47843527004657,4.847857919177404,2.449234227453987,0.1813431234151788,485057.65120121406,53.86508799086005,0.6044770780505961,8.16411409151329,64.11458333333333,2067,2445.385694503784,96.78819444444444,185,76143.61071777344,60.90277777777777,2252,4715.528015136719,4504,1657.3873231657944,20.844037184139054,1814.2475755578605,1538.7446865069437,0,5760,1.0,False,sindy_mpc_dense_dagger,3,2020,0.0362612692713611,3703207020,20,100,79.1,regen-v2,637c6b535a9e,unknown,greenhouse-regen:v1
5760,-2.5714473707214003,5.970415308884348,8.54186267960575,6.041266666198311,1.6542166374497569,0.8463793759576815,242548.1219234267,67.12518517998123,2.821264586525605,5.514055458165856,67.56944444444444,1868,1987.085467338562,96.5277777777778,200,112401.6704711914,63.90625,2079,4412.259483337402,4147,2065.390312679903,97.2849860182881,1225.3456576186438,1287.7865601098672,0,5760,1.0,False,sindy_mpc_dense_dagger,3,2021,0.0362612692713611,3703207020,20,100,77.6,regen-v2,637c6b535a9e,unknown,greenhouse-regen:v1
5760,0.3515727680899774,9.616579727606617,9.265006959516636,5.774735427378084,2.111886415720162,1.3783851164183911,390673.5514340187,64.1637269708676,4.594617054727971,7.039621385733874,75.34722222222221,1420,1494.3244009017944,97.01388888888889,172,70529.33386230469,63.81944444444444,2084,4741.97225189209,3676,1974.2685221015508,158.43507088554531,1564.3603085863992,1328.4381502786207,0,5760,1.0,False,sindy_mpc_dense_dagger,3,2022,0.0362612692713611,3703207020,20,100,79.6,regen-v2,637c6b535a9e,unknown,greenhouse-regen:v1
5760,0.1060905649578456,7.429313954275698,7.323223389317851,5.180356924100495,2.0169201388026723,0.1259463264146837,301815.8793924502,57.5595213788944,0.4198210880489459,6.723067129342241,76.45833333333333,1356,1439.6724529266355,98.97569444444444,59,43517.322509765625,45.59027777777778,3134,7421.041210174561,4549,1771.0621968807834,14.476589195396295,1494.0149173652117,1745.1946221889689,0,5760,1.0,False,sindy_mpc_dense_dagger,3,2023,0.0362612692713611,3703207020,20,100,79.8,regen-v2,637c6b535a9e,unknown,greenhouse-regen:v1
5760,-4.301315294241479,11.27282648694572,15.5741417811872,4.149588561444787,5.016091793308721,6.408461426433693,457958.57603217,46.10653957160875,21.36153808811231,16.720305977695737,44.70486111111111,3185,6359.974483013153,66.54513888888889,1927,4188793.798339844,59.68750000000001,2322,4613.528507232666,7434,1418.6627565100678,736.6047616710229,3715.623549935149,1339.8890608005568,0,5760,1.0,False,sindy_mpc_conf_dagger,4,2020,0.0,3278254859,20,100,81.8,regen-v2,637c6b535a9e,unknown,greenhouse-regen:v1
5760,-6.970809696916898,7.75585863407824,14.726668330995135,5.718312158334795,5.429910636854135,3.578445535806208,315081.75700942846,63.53680175927551,11.928151786020694,18.09970212284712,48.90625,2943,5917.264792442322,55.052083333333336,2589,5463169.743652344,48.38541666666666,2973,6078.494598388672,8505,1954.9785148331432,411.3155788154788,4022.156029410742,1240.979546522305,0,5760,1.0,False,sindy_mpc_conf_dagger,4,2021,0.0,3278254859,20,100,84.0,regen-v2,637c6b535a9e,unknown,greenhouse-regen:v1
5760,-7.7843208190900866,8.977916761811695,16.762237580901783,4.212909844633907,4.801428124850927,7.747899611416946,364727.8684486001,46.81010938482119,25.82633203805649,16.00476041616976,49.09722222222222,2932,8191.155622005463,60.17361111111112,2294,7280897.349975586,51.63194444444444,2786,6726.08842086792,8012,1440.3110578154633,890.5631737566846,3556.6134271104,1153.2898217443617,0,5760,1.0,False,sindy_mpc_conf_dagger,4,2022,0.0,3278254859,20,100,87.1,regen-v2,637c6b535a9e,unknown,greenhouse-regen:v1
5760,-4.68493368080299,8.366453653991545,13.051387334794535,4.781084558898098,5.089623401039014,3.180679374857423,339887.17969340656,53.12316176553443,10.602264582858076,16.965411336796713,50.19097222222222,2869,4331.125727653503,75.43402777777779,1415,2394051.9487304688,48.35069444444444,2975,4919.569625854492,7259,1634.5588236885255,365.5953305003181,3770.091408336701,1565.5727862398858,0,5760,1.0,False,sindy_mpc_conf_dagger,4,2023,0.0,3278254859,20,100,79.4,regen-v2,637c6b535a9e,unknown,greenhouse-regen:v1
5760,2.670292467123626,13.788084693588056,11.11779222646443,5.047258329124545,5.68508753085945,0.3854463664804356,560140.9406770148,56.08064810138383,1.284821221601452,18.9502917695315,60.83333333333333,2256,2280.835015296936,67.76041666666667,1857,1793277.199951172,73.03819444444444,1553,2839.9721755981445,5666,1725.5584029297977,44.304180075355,4211.175947372075,1449.435324169354,0,5760,1.0,False,sindy_mpc_dense_dagger,4,2020,0.0459290581483124,4202783283,20,100,72.4,regen-v2,637c6b535a9e,unknown,greenhouse-regen:v1
5760,-4.895401206374473,7.736721366110286,12.63212257248476,6.605700611432511,4.939644918215195,1.086777042837054,314304.3054982304,73.39667346036123,3.62259014279018,16.465483060717318,66.78819444444444,1913,1705.5265808105469,67.63888888888889,1864,1658790.1966552734,71.16319444444444,1661,2342.815139770508,5438,2258.359183373067,124.91690157931212,3658.996235148042,1281.650842544428,0,5760,1.0,False,sindy_mpc_dense_dagger,4,2021,0.0459290581483124,4202783283,20,100,71.9,regen-v2,637c6b535a9e,unknown,greenhouse-regen:v1
5760,-0.9891448329089658,11.633732305298224,12.62287713820719,5.99875194187857,5.038470593913622,1.5856546024149991,472620.3749027404,66.65279935420634,5.285515341383331,16.794901979712073,74.60069444444444,1463,1149.392068862915,70.76388888888889,1684,1873420.6049804688,73.88888888888889,1504,2087.327606201172,4651,2050.855364309581,182.2591498059384,3732.2004388038326,1276.8189056077013,0,5760,1.0,False,sindy_mpc_dense_dagger,4,2022,0.0459290581483124,4202783283,20,100,72.5,regen-v2,637c6b535a9e,unknown,greenhouse-regen:v1
5760,-2.641130725917633,9.126760591538446,11.76789131745608,5.58286509166015,5.906588492304495,0.2784377334914334,370774.6490312493,62.031834351779445,0.928125778304778,19.68862830768165,74.11458333333333,1491,1245.343599319458,72.30902777777779,1595,1359955.2615966797,57.98611111111112,2420,3089.406318664551,5506,1908.6718271708933,32.00433730299173,4375.250734685334,1696.6172587616347,0,5760,1.0,False,sindy_mpc_dense_dagger,4,2023,0.0459290581483124,4202783283,20,100,71.6,regen-v2,637c6b535a9e,unknown,greenhouse-regen:v1
5760,2.38188255089528,13.650131266871217,11.26824871597594,5.089691824051747,6.178435480346487,0.0001214115777052,554536.5827166432,56.55213137835275,0.0004047052590176,20.59478493448829,69.89583333333333,1734,1228.5875096321106,49.56597222222222,2905,2742098.340698242,65.27777777777779,2000,3324.8249473571777,6639,1740.0655795085336,0.0139553535100942,4576.618875672314,1469.196548885111,0,5760,1.0,False,sindy_mpc_conf_dagger,5,2020,0.0538579411664954,1774234292,20,100,73.0,regen-v2,637c6b535a9e,unknown,greenhouse-regen:v1
5760,-5.401619461223516,7.646689083308475,13.048308544531992,7.162408062332273,5.864488281654946,0.0214122005447745,310646.74400940683,79.58231180369192,0.071374001815915,19.54829427218316,76.5625,1350,871.0717539787292,45.08680555555556,3163,2933136.498046875,58.03819444444444,2417,3331.201805114746,6930,2448.686515084774,2.4611724661773766,4344.065394780562,1310.1296887611393,0,5760,1.0,False,sindy_mpc_conf_dagger,5,2021,0.0538579411664954,1774234292,20,100,71.2,regen-v2,637c6b535a9e,unknown,greenhouse-regen:v1
5760,-2.9973179492020527,8.925883810584224,11.92320175978628,6.367546738095066,5.546864130934405,0.0087908907568082,362614.02980498417,70.7505193121674,0.0293029691893607,18.489547103114685,79.39236111111111,1187,999.7784457206726,52.77777777777778,2720,2090743.553833008,66.85763888888889,1909,2982.4425354003906,5816,2176.939055563053,1.010447209931432,4108.788244773482,1309.2062520953382,0,5760,1.0,False,sindy_mpc_conf_dagger,5,2022,0.0538579411664954,1774234292,20,100,73.5,regen-v2,637c6b535a9e,unknown,greenhouse-regen:v1
5760,-3.667417348816455,8.9450186089597,12.612435957776157,5.874374056783901,6.736021002318461,0.0020408986737951,363391.3809889879,65.27082285315446,0.0068029955793172,22.453403341061534,70.19097222222223,1717,1204.6811242103577,61.545138888888886,2215,1714066.6983642578,60.08680555555556,2299,2890.0675315856934,6231,2008.333009924081,0.2345860514159511,4989.645185943095,1699.212156234816,0,5760,1.0,False,sindy_mpc_conf_dagger,5,2023,0.0538579411664954,1774234292,20,100,72.0,regen-v2,637c6b535a9e,unknown,greenhouse-regen:v1
5760,2.978253544409314,12.793832790840764,9.81557924643145,5.108417391849327,4.227882473008374,0.4792793815737497,519749.457127906,56.7601932427703,1.597597938579166,14.09294157669458,66.05902777777779,1955,2117.6206760406494,78.55902777777779,1235,854308.4879150391,65.45138888888889,1990,3742.079956054688,5180,1746.4674843442854,55.08958402390327,3131.764794716043,1502.148447034191,0,5760,1.0,False,sindy_mpc_dense_dagger,5,2020,0.0443785359245137,3370522817,20,100,72.7,regen-v2,637c6b535a9e,unknown,greenhouse-regen:v1
5760,-4.0519475849017415,6.69734269302691,10.749290277928653,6.41105678573812,3.209923738328785,1.1283097538617457,272079.5469042182,71.23396428597911,3.761032512872486,10.699745794429283,68.61111111111111,1808,1748.7565879821775,80.95486111111111,1097,696486.985168457,66.61458333333333,1923,3712.1550064086914,4828,2191.8142867993324,129.69077644265917,2377.7212872237424,1301.0619262574285,0,5760,1.0,False,sindy_mpc_dense_dagger,5,2021,0.0443785359245137,3370522817,20,100,70.6,regen-v2,637c6b535a9e,unknown,greenhouse-regen:v1
5760,-1.0360606176017049,10.603739519752608,11.639800137354314,6.045865334161546,3.8850617218519456,1.708873081340823,430776.91798994975,67.17628149068385,5.6962436044694105,12.950205739506488,77.44791666666667,1299,1149.124831199646,78.50694444444444,1238,850266.8995361328,68.07291666666667,1839,3602.157928466797,4376,2066.9625061772795,196.422193011918,2877.8234981662745,1299.95521646528,0,5760,1.0,False,sindy_mpc_dense_dagger,5,2022,0.0443785359245137,3370522817,20,100,70.3,regen-v2,637c6b535a9e,unknown,greenhouse-regen:v1
5760,-2.140292865706943,8.043819917296501,10.184112783003444,5.450440040833428,4.434259024580676,0.29941371758934,326780.18414017034,60.5604448981492,0.9980457252978,14.780863415268922,77.69097222222221,1285,1190.1910619735718,75.85069444444444,1391,714402.4656982422,50.29513888888889,2863,5546.7142333984375,5539,1863.3983047489212,34.41536986834051,3284.636313729039,1734.5477625394913,0,5760,1.0,False,sindy_mpc_dense_dagger,5,2023,0.0443785359245137,3370522817,20,100,71.9,regen-v2,637c6b535a9e,unknown,greenhouse-regen:v1
5760,8.600852834290652,16.550953093166697,7.950100258876044,4.966048830399257,2.833692427577088,0.1503590008997,672382.4694098971,55.17832033776952,0.5011966696656668,9.44564142525696,69.58333333333333,1752,1459.1301975250244,100.0,0,0.0,62.11805555555555,2182,4570.228675842285,3934,1697.7944720841597,17.282643724585892,2099.0314277882903,1317.2870953829324,0,5760,1.0,False,sindy_mpc_conf_dagger,6,2020,0.0592459399291738,4092781153,20,100,82.3,regen-v2,637c6b535a9e,unknown,greenhouse-regen:v1
5760,2.913573293634691,12.79555015755484,9.88197686392015,6.820647292980434,2.3005554566018414,0.7607741143378737,519819.2251506654,75.78496992200482,2.535913714459579,7.668518188672805,76.42361111111111,1358,874.4375085830688,100.0,0,0.0,54.65277777777777,2612,5564.777191162109,3970,2331.8452294682447,87.44530053766003,1704.1151527934865,1194.4399750822051,0,5760,1.0,False,sindy_mpc_conf_dagger,6,2021,0.0592459399291738,4092781153,20,100,81.4,regen-v2,637c6b535a9e,unknown,greenhouse-regen:v1
5760,5.999593029830878,15.437130482051067,9.437537452220193,6.012814125596719,2.593724512869768,0.830998813753703,627133.4258333247,66.80904583996355,2.769996045845677,8.64574837623256,83.07291666666666,975,635.8740472793579,100.0,0,0.0,59.44444444444444,2336,4255.579116821289,3311,2055.66294850091,95.5171050566095,1921.2774170467733,1195.7850630583202,0,5760,1.0,False,sindy_mpc_conf_dagger,6,2022,0.0592459399291738,4092781153,20,100,82.5,regen-v2,637c6b535a9e,unknown,greenhouse-regen:v1
5760,4.534714174897763,12.9714061770996,8.436692002201834,5.349020982033122,2.964698776011331,0.1229722441573823,526963.3759446712,59.43356646703469,0.4099074805246077,9.882329253371104,81.37152777777777,1073,711.5543756484985,100.0,0,0.0,47.98611111111112,2996,6180.931667327881,4069,1828.725121295532,14.134740756335123,2196.073166692953,1552.3640549423974,0,5760,1.0,False,sindy_mpc_conf_dagger,6,2023,0.0592459399291738,4092781153,20,100,80.2,regen-v2,637c6b535a9e,unknown,greenhouse-regen:v1
3687,-0.2604950160609186,5.211516243093673,5.472011259154591,3.685839420768352,1.5798079221397252,0.2063639162465141,211717.8473756805,40.953771341870585,0.6878797208217137,5.266026407132418,63.764578247898015,1336,1347.2935614585876,93.35503119066992,245,154991.98583984375,66.12422023325196,1249,2318.9867553710938,2830,1260.11604113103,23.71999034399349,1170.228089953436,849.8314733579928,0,5760,0.6401,True,sindy_mpc_dense_dagger,6,2020,0.0528650348370843,156090322,20,100,43.6,regen-v2,637c6b535a9e,unknown,greenhouse-regen:v1
5760,-1.4633901058293786,8.569352481406364,10.032742587235742,6.968697285296509,2.284348482049915,0.7796968198893179,348129.94455713354,77.42996983662788,2.59898939963106,7.614494940166384,72.03125,1611,1372.4630088806152,95.86805555555556,238,96574.82908630373,55.95486111111111,2537,4914.615875244141,4386,2382.460610804991,89.62032403423684,1692.1099866017123,1341.0242975084034,0,5760,1.0,False,sindy_mpc_dense_dagger,6,2021,0.0528650348370843,156090322,20,100,65.7,regen-v2,637c6b535a9e,unknown,greenhouse-regen:v1
4459,-1.1921650524588865,6.893282518588045,8.085447571046933,5.515845945059153,1.6864993449892935,0.883102280998484,280039.60231763934,61.287177167323925,2.9436742699949465,5.6216644832976455,73.22269567167527,1194,1037.2547798156738,95.06615833146444,220,131788.8690185547,62.906481273828206,1654,2661.4356956481934,3068,1885.7592973061496,101.50600942743604,1249.258774270033,838.8773187746926,0,5760,0.7741,True,sindy_mpc_dense_dagger,6,2022,0.0528650348370843,156090322,20,100,52.4,regen-v2,637c6b535a9e,unknown,greenhouse-regen:v1
5319,-0.4554544652204783,7.441009244546918,7.896463709767396,5.249718262456288,2.4938430849797277,0.152902362331382,302291.0005597186,58.33020291618097,0.509674541104607,8.312810283265758,76.40533934950179,1255,1031.5268449783323,97.17992103778906,150,67544.83825683594,49.61458920849784,2680,5040.640438079834,4085,1794.775474058402,17.574984209636504,1847.2911729228304,1543.66026467231,0,5760,0.9234,True,sindy_mpc_dense_dagger,6,2023,0.0528650348370843,156090322,20,100,61.1,regen-v2,637c6b535a9e,unknown,greenhouse-regen:v1
5760,5.530287828559597,13.367216496835267,7.836928668275671,5.204846414827404,2.475965207312309,0.1561170461359574,543043.1701839328,57.831626831415605,0.5203901537865246,8.253217357707697,65.78125,1971,1841.765582561493,99.84375,9,734.205078125,59.65277777777778,2324,4835.8003005981445,4304,1779.434672169894,17.944488123913377,1834.0483021323307,1348.639048172085,0,5760,1.0,False,sindy_mpc_conf_dagger,7,2020,0.0676522271734594,1630809012,20,100,73.2,regen-v2,637c6b535a9e,unknown,greenhouse-regen:v1
5760,2.997817987920685,12.59859829416354,9.600780306242855,6.82482133602758,1.9062479564449435,0.869711013770332,511818.05570039386,75.83134817808423,2.8990367125677734,6.354159854816478,72.34375,1593,1248.8534898757937,99.79166666666669,12,650.8784027099609,54.63541666666667,2613,5602.610740661621,4218,2333.272249829608,99.96678314322207,1412.0355232700583,1244.9179499088775,0,5760,1.0,False,sindy_mpc_conf_dagger,7,2021,0.0676522271734594,1630809012,20,100,79.6,regen-v2,637c6b535a9e,unknown,greenhouse-regen:v1
5760,5.795261258774701,15.436915333137652,9.641654074362952,6.072685963898585,2.3294686413142385,1.2394994691501284,627124.6854087171,67.47428848776205,4.131664897167095,7.764895471047462,75.90277777777777,1388,970.7427768707277,99.6875,18,1649.732177734375,61.61458333333333,2211,4102.530494689941,3617,2076.1319523843367,142.47120327356396,1725.5323268498842,1207.7088405279324,0,5760,1.0,False,sindy_mpc_conf_dagger,7,2022,0.0676522271734594,1630809012,20,100,82.9,regen-v2,637c6b535a9e,unknown,greenhouse-regen:v1
5760,4.868973727472847,12.63633333280245,7.767359605329603,5.339760535512024,2.3231404948585226,0.1044585749590565,513351.0416450995,59.33067261680027,0.3481952498635218,7.743801649528409,76.40625,1359,995.0028820037842,99.84375,9,1876.1663818359373,48.40277777777778,2972,6239.568595886231,4340,1825.5591568041984,12.006732606298929,1720.844811923551,1613.2090953477018,0,5760,1.0,False,sindy_mpc_conf_dagger,7,2023,0.0676522271734594,1630809012,20,100,81.2,regen-v2,637c6b535a9e,unknown,greenhouse-regen:v1
5760,3.710878552224758,12.597259924388146,8.886381372163388,4.886426125928982,3.894391410429749,0.1055638358046583,511763.68442826846,54.293623621433134,0.3518794526821946,12.981304701432496,64.07986111111111,2069,2001.8811149597168,87.13541666666667,741,266809.4738769531,64.98263888888889,2017,4082.628330230713,4827,1670.5730347865306,12.133774288359929,2884.7343786524134,1403.4219296782912,0,5760,1.0,False,sindy_mpc_dense_dagger,7,2020,0.0637898423961917,1171211252,20,100,72.0,regen-v2,637c6b535a9e,unknown,greenhouse-regen:v1
5760,-3.825555839902272,6.366143174560834,10.191699014463104,6.1076667551731125,3.3273783534349097,0.7566539058550835,258624.56646653387,67.86296394636791,2.522179686183612,11.091261178116364,70.39930555555556,1705,1480.514778137207,80.48611111111111,1124,604819.2014160156,68.19444444444444,1832,3427.3811798095703,4661,2088.0911984276518,86.97171334132287,2464.7247064584744,1190.854015199514,0,5760,1.0,False,sindy_mpc_dense_dagger,7,2021,0.0637898423961917,1171211252,20,100,71.1,regen-v2,637c6b535a9e,unknown,greenhouse-regen:v1
5760,0.0761337440973322,10.322541361430574,10.24640761733324,5.704941961359577,3.292243835615854,1.2492218203578105,419353.24280811707,63.38824401510641,4.164072734526035,10.974146118719514,76.97916666666667,1326,1000.5944623947144,88.69791666666667,651,290631.3419189453,72.03125,1611,3020.878433227539,3588,1950.4075073769077,143.58871507613566,2438.6991386201225,1248.9340301632417,0,5760,1.0,False,sindy_mpc_dense_dagger,7,2022,0.0637898423961917,1171211252,20,100,72.2,regen-v2,637c6b535a9e,unknown,greenhouse-regen:v1
5760,-1.1761210733008096,7.903906773480026,9.080027846780837,5.134978620995595,3.8814178482586743,0.0636313775265676,321096.2126726261,57.05531801106217,0.2121045917552255,12.938059494195585,75.57291666666667,1407,1146.4737901687622,86.54513888888889,775,285848.564453125,51.66666666666667,2784,5435.446842193604,4966,1755.5482458127435,7.313951413188665,2875.124331488957,1621.7752000314924,0,5760,1.0,False,sindy_mpc_dense_dagger,7,2023,0.0637898423961917,1171211252,20,100,73.1,regen-v2,637c6b535a9e,unknown,greenhouse-regen:v1
5760,5.1285959292308165,13.400617042929532,8.272021113698717,5.573793010888904,2.698067401635709,0.0001607011741027,544400.0673690123,61.93103345432116,0.0005356705803424,8.993558005452364,66.38888888888889,1936,1780.7296686172483,100.0,0,0.0,70.26041666666667,1713,3025.709484100342,3649,1905.5702602107503,0.0184714002254342,1998.5684458475384,1505.536090302327,0,5760,1.0,False,sindy_mpc_conf_dagger,8,2020,0.0876613029518669,3854832093,20,100,75.3,regen-v2,637c6b535a9e,unknown,greenhouse-regen:v1
5760,-2.4695644917879798,7.275273006379233,9.744837498167216,7.597257831434815,2.115744829411577,0.0318348373208195,295557.96588415635,84.41397590483128,0.1061161244027316,7.052482764705259,70.90277777777779,1676,1319.505634307861,99.39236111111111,35,30068.070434570312,61.80555555555556,2200,2791.550422668457,3911,2597.353104346108,3.659176703565541,1567.21839073114,1421.4353863027757,0,5760,1.0,False,sindy_mpc_conf_dagger,8,2021,0.0876613029518669,3854832093,20,100,72.4,regen-v2,637c6b535a9e,unknown,greenhouse-regen:v1
5760,5.855498455268647,14.79463759915716,8.939139143888514,6.376490339984209,2.562648803904305,0.0,601032.1524657597,70.84989266649121,0.0,8.542162679681018,80.86805555555556,1102,787.8733348846436,100.0,0,0.0,64.28819444444444,2057,3093.983200073242,3159,2179.996696837841,0.0,1898.2583730402769,1380.5177474154757,0,5760,1.0,False,sindy_mpc_conf_dagger,8,2022,0.0876613029518669,3854832093,20,100,83.0,regen-v2,637c6b535a9e,unknown,greenhouse-regen:v1
5760,1.1307992079363487,10.18289717439092,9.052097966454571,6.214286556544387,2.837696773380947,0.000114636529237,413680.1977096311,69.04762840604874,0.0003821217641234,9.458989244603158,77.1875,1314,992.0412292480468,100.0,0,0.0,56.75347222222222,2491,3154.318161010742,3805,2124.5424121614515,0.0131766121160491,2101.997609801952,1766.222110810101,0,5760,1.0,False,sindy_mpc_conf_dagger,8,2023,0.0876613029518669,3854832093,20,100,75.6,regen-v2,637c6b535a9e,unknown,greenhouse-regen:v1
5760,3.373007093975716,13.270777591913347,9.897770497937632,5.051376540008796,4.382734164344978,0.4636597935838574,539125.3396714798,56.12640600009774,1.5455326452795248,14.609113881149929,63.78472222222222,2086,2345.9567699432373,82.55208333333334,1005,1227702.1394042969,67.95138888888889,1846,3384.561180114746,4937,1726.9663366441057,53.29422906715165,3246.469752309077,1463.6180410155307,0,5760,1.0,False,sindy_mpc_dense_dagger,8,2020,0.0438155733845817,3242916139,20,100,73.8,regen-v2,637c6b535a9e,unknown,greenhouse-regen:v1
5760,-4.105542505581218,7.197423963620774,11.302966469201992,6.465802635673684,3.547425413038015,1.289738420490293,292395.348522094,71.84225150748537,4.299128068300977,11.824751376793383,67.86458333333333,1851,1862.441756248474,82.17013888888889,1027,1188980.0882873535,69.18402777777779,1775,2970.311378479004,4653,2210.530814662318,148.24579540751077,2627.7225271987454,1283.1385737160704,0,5760,1.0,False,sindy_mpc_dense_dagger,8,2021,0.0438155733845817,3242916139,20,100,72.3,regen-v2,637c6b535a9e,unknown,greenhouse-regen:v1
5760,-0.7629480322968454,11.220358632394952,11.9833066646918,6.107220331544102,3.834663598692078,2.0414227344556197,455827.06944104494,67.85800368382336,6.804742448185398,12.78221199564026,77.01388888888889,1324,1152.8350563049316,81.44097222222221,1069,1679604.9624023438,66.97916666666667,1902,3146.283363342285,4295,2087.938574673612,234.64629121795,2840.491553356904,1277.2402811848003,0,5760,1.0,False,sindy_mpc_dense_dagger,8,2022,0.0438155733845817,3242916139,20,100,71.9,regen-v2,637c6b535a9e,unknown,greenhouse-regen:v1
5760,-1.6930658204878206,8.72931059164442,10.42237641213224,5.62165465155757,4.405388489026514,0.3953332715481584,354628.2427855546,62.46282946175078,1.317777571827195,14.684628296755047,76.96180555555556,1327,1278.4007081985474,83.07291666666666,975,1083422.1888427734,52.27430555555556,2749,4839.643424987793,5051,1921.9332138759976,45.44060600685861,3263.250731242429,1708.6882769230251,0,5760,1.0,False,sindy_mpc_dense_dagger,8,2023,0.0438155733845817,3242916139,20,100,72.9,regen-v2,637c6b535a9e,unknown,greenhouse-regen:v1
5760,7.986179123273131,15.631703579187718,7.645524455914588,4.767034685267058,2.229437248758249,0.6490525218892805,635037.9579045011,52.96705205852287,2.163508406297602,7.431457495860831,58.12500000000001,2412,2883.0745573043823,100.0,0,0.0,64.39236111111111,2051,4121.165649414063,4463,1629.755446917332,74.6037381238938,1651.434999653001,1563.242823945737,0,5760,1.0,False,sindy_mpc_conf_dagger,9,2020,0.0,2952449224,20,100,93.2,regen-v2,637c6b535a9e,unknown,greenhouse-regen:v1
5760,-1.967836267083396,7.656898272902154,9.62473453998555,6.903041540058068,1.7222840452989296,0.9994089546285532,311061.49233665003,76.70046155620075,3.331363182095177,5.740946817663099,63.4375,2106,2158.765563011169,99.84375,9,2704.6512451171875,54.91319444444444,2597,4344.101737976074,4712,2360.0142022161685,114.87459228681251,1275.7659594247195,1411.0252154859836,0,5760,1.0,False,sindy_mpc_conf_dagger,9,2021,0.0,2952449224,20,100,85.2,regen-v2,637c6b535a9e,unknown,greenhouse-regen:v1
5760,5.500463647610017,14.6419659269417,9.141502279331686,5.752214659591967,2.100428212522947,1.2888594072167705,594829.8657820066,63.913496217688525,4.296198024055902,7.001427375076491,68.55902777777779,1811,1898.466543197632,100.0,0,0.0,62.43055555555556,2164,4208.417568206787,3975,1966.5691146578215,148.14475925343373,1555.872749515138,1370.38900727892,0,5760,1.0,False,sindy_mpc_conf_dagger,9,2022,0.0,2952449224,20,100,95.4,regen-v2,637c6b535a9e,unknown,greenhouse-regen:v1
5760,4.386649338394017,12.393356608342897,8.006707269948876,5.33816615390183,2.309369466264936,0.3591716497821117,503480.1122139301,59.31295726557589,1.1972388326070391,7.697898220883119,62.89930555555555,2137,2019.0954904556277,100.0,0,0.0,53.07291666666667,2703,4371.015918731689,4840,1825.014069662769,41.28409765904276,1710.6440494525937,1782.6265379052556,0,5760,1.0,False,sindy_mpc_conf_dagger,9,2023,0.0,2952449224,20,100,95.7,regen-v2,637c6b535a9e,unknown,greenhouse-regen:v1
5760,4.304542356721096,13.00501348520555,8.700471128484452,4.964735072696579,3.5844518059491333,0.1512842498387407,528328.6728364754,55.16372302996199,0.5042808327958025,11.948172686497111,62.11805555555555,2182,2576.85985660553,93.88888888888889,352,75533.73791503906,66.73611111111111,1916,3351.0850372314453,4450,1697.3453233460402,17.3889942180408,2655.14948562302,1522.2662113696797,0,5760,1.0,False,sindy_mpc_dense_dagger,9,2020,0.0378505872524547,2371858711,20,100,79.6,regen-v2,637c6b535a9e,unknown,greenhouse-regen:v1
5760,-2.7981887621431323,6.993158189514558,9.79134695165769,6.35743720591031,2.6684638732900448,0.7654458724573355,284097.0514490289,70.63819117678122,2.551486241524452,8.894879577633484,66.31944444444444,1940,1990.9751081466677,93.76736111111111,359,73494.5880279541,67.39583333333333,1878,3576.152587890625,4177,2173.482805252686,87.98228419773781,1976.6399076716432,1311.9022624368372,0,5760,1.0,False,sindy_mpc_dense_dagger,9,2021,0.0378505872524547,2371858711,20,100,77.7,regen-v2,637c6b535a9e,unknown,greenhouse-regen:v1
5760,0.2814121775435203,10.54094643766331,10.25953426011979,5.981299683224831,2.928557223635062,1.3496773532598956,428225.949030072,66.45888536916479,4.498924510866319,9.761857412116877,73.87152777777779,1505,1588.6777362823486,96.70138888888889,190,28458.05383300781,68.22916666666666,1830,3356.2749786376958,3525,2044.8887815945784,155.13532805002114,2169.301648416964,1322.871060620702,0,5760,1.0,False,sindy_mpc_dense_dagger,9,2022,0.0378505872524547,2371858711,20,100,80.3,regen-v2,637c6b535a9e,unknown,greenhouse-regen:v1
5760,-0.2626455568041422,8.676572273407752,8.939217830211895,5.391614461220214,3.4666914649437968,0.0809119040478835,352485.7486071899,59.90682734689126,0.2697063468262786,11.555638216479323,75.32986111111111,1421,1489.0715818405151,92.27430555555556,445,102318.1435546875,49.77430555555556,2893,5713.775108337402,4759,1843.28699566757,9.30021881106038,2567.9196024643325,1736.453565264311,0,5760,1.0,False,sindy_mpc_dense_dagger,9,2023,0.0378505872524547,2371858711,20,100,80.3,regen-v2,637c6b535a9e,unknown,greenhouse-regen:v1
5760,2.786963210873269,18.162865919209224,15.375902708335955,7.5969683425726195,2.623822392605983,5.155111973157352,737866.4279678747,84.410759361918,17.183706577191174,8.746074642019943,79.53125,1179,1919.601845741272,100.0,0,0.0,69.89583333333333,1734,4045.1191387176514,2913,2597.254132417608,592.5416067089199,1943.5721412144728,726.7822002330897,71,5760,1.0,False,oracle_mpc,0,2020,,-1,20,100,6974.4,regen-v2,637c6b535a9e,unknown,greenhouse-regen:v1
5760,-6.838347988647699,16.826505555660603,23.6648535443083,8.585560757371539,2.5105828519302635,12.5687099350065,683576.7881987119,95.39511952635044,41.895699783355,8.368609506434213,82.11805555555556,1030,1510.93994140625,100.0,0,0.0,55.92013888888889,2539,5714.4853439331055,3569,2935.234446768126,1444.6793034468208,1859.6910009593453,747.9707926003639,21,5760,1.0,False,oracle_mpc,0,2021,,-1,20,100,7000.2,regen-v2,637c6b535a9e,unknown,greenhouse-regen:v1
5416,-1.152694695306761,14.819877211716252,15.972571907023015,7.576182940903823,2.2399735163799805,6.15641544973921,602057.5117259729,84.17981045448693,20.52138483246404,7.466578387933269,84.5642540620384,836,2098.578881263733,99.94460856720828,3,9.587066650390623,64.62333825701624,1916,4750.180000305176,2755,2590.148011546408,707.6339597281567,1659.2396414426266,685.6857381768089,100,5760,0.9403,True,oracle_mpc,0,2022,,-1,20,100,6649.0,regen-v2,637c6b535a9e,unknown,greenhouse-regen:v1
5760,-3.933411259154498,16.360162394490544,20.29357365364504,7.468538770493302,2.7331209393430047,10.091913943808734,664631.5972761783,82.98376411659224,33.63971314602912,9.11040313114335,85.01736111111111,863,1164.439248085022,100.0,0,0.0,53.125,2700,6621.201274871826,3563,2553.346586539419,1159.990108956432,2024.5340289296464,828.0388981779716,16,5760,1.0,False,oracle_mpc,0,2023,,-1,20,100,6551.1,regen-v2,637c6b535a9e,unknown,greenhouse-regen:v1
5760,2.760928107143036,18.003128803742328,15.242200696599296,7.471347121959837,2.6215393030846057,5.14931427155485,731377.1076520322,83.01496802177597,17.164380905182835,8.738464343615354,80.45138888888889,1126,1816.628026008606,100.0,0,0.0,69.73958333333333,1743,3991.2106323242183,2869,2554.30670667054,591.8752037523865,1941.880965061604,706.9715557290682,78,5760,1.0,False,oracle_mpc,1,2020,,-1,20,100,7050.6,regen-v2,637c6b535a9e,unknown,greenhouse-regen:v1
5760,-6.823728583838383,16.781610723188116,23.605339307026497,8.56773024161463,2.497931271762243,12.539677793649624,681752.9356295172,95.197002684607,41.79892597883208,8.32643757254081,82.15277777777777,1028,1542.6851916313171,100.0,0,0.0,55.59027777777777,2558,5912.924018859863,3586,2929.1385440628774,1441.3422747435106,1850.3194592498564,731.7508282157116,20,5760,1.0,False,oracle_mpc,1,2021,,-1,20,100,6998.5,regen-v2,637c6b535a9e,unknown,greenhouse-regen:v1
5416,-1.1572542596761586,14.8522022731722,16.009456532848358,7.548015220716733,2.2274963328788453,6.23394497925278,603370.7173476206,83.86683578574149,20.779816597509267,7.424987776262818,84.78581979320532,824,2046.455719947815,99.8522895125554,8,543.4821166992188,64.84490398818316,1904,4731.124305725098,2736,2580.5180217600805,716.5454000300804,1649.997283040303,675.5452123035996,100,5760,0.9403,True,oracle_mpc,1,2022,,-1,20,100,6652.3,regen-v2,637c6b535a9e,unknown,greenhouse-regen:v1
5760,-3.931760526230072,16.352871783732382,20.284632309962458,7.556512291243754,2.7325374742751976,9.995582544443504,664335.4162141281,83.96124768048615,33.31860848147835,9.108458247583991,84.23611111111111,908,1277.329800605774,100.0,0,0.0,54.07986111111112,2645,6515.497463226318,3553,2583.423004720972,1148.9175340922427,2024.1018317885407,832.1564205983168,14,5760,1.0,False,oracle_mpc,1,2023,,-1,20,100,6392.4,regen-v2,637c6b535a9e,unknown,greenhouse-regen:v1
5760,2.7787899455515435,18.122387703060564,15.343597757509022,7.546616357635914,2.6105449767247384,5.186436423148368,736222.0004368355,83.85129286262126,17.28812141049456,8.701816589082462,80.88541666666667,1101,1768.3635959625244,100.0,0,0.0,69.79166666666666,1740,4101.873710632324,2841,2580.039781663092,596.1421180296734,1933.7370194631371,714.4218635093482,63,5760,1.0,False,oracle_mpc,10,2020,,-1,20,100,6941.6,regen-v2,637c6b535a9e,unknown,greenhouse-regen:v1
5760,-6.816520573864388,16.735187362736564,23.551707936600952,8.594353234065572,2.4940151914481863,12.463339511087192,679866.9866111729,95.49281371183967,41.544465036957305,8.313383971493955,81.875,1044,1474.033411026001,100.0,0,0.0,55.78125000000001,2547,5773.596504211426,3591,2938.2404221716392,1432.5677600773915,1847.4186604515176,736.9226594915506,26,5760,1.0,False,oracle_mpc,10,2021,,-1,20,100,6956.8,regen-v2,637c6b535a9e,unknown,greenhouse-regen:v1
5392,-1.27701593278637,14.917727731811446,16.194743664597816,7.606409163377468,2.223951832276811,6.364382668943537,606032.68910484,84.51565737086077,21.214608896478456,7.413172774256037,84.19881305637982,852,1942.4438905715945,100.0,0,0.0,64.66988130563797,1905,4555.753227233887,2757,2600.4817633712987,731.5382378799195,1647.3717273249204,671.5117500375447,100,5760,0.9361,True,oracle_mpc,10,2022,,-1,20,100,6534.5,regen-v2,637c6b535a9e,unknown,greenhouse-regen:v1
5760,-4.042969336128669,16.30315302557882,20.346122361707486,7.509462338456196,2.7476240882390632,10.089035935012229,662315.5916641395,83.43847042729108,33.6301197833741,9.158746960796876,84.86111111111111,872,1232.280066490173,100.0,0,0.0,53.36805555555556,2686,6720.181224822998,3558,2567.337550516878,1159.6593034223324,2035.2771023259952,834.5348321898239,22,5760,1.0,False,oracle_mpc,10,2023,,-1,20,100,6474.6,regen-v2,637c6b535a9e,unknown,greenhouse-regen:v1
5760,2.622650661544553,17.85026173887651,15.227611077331956,7.513284984034097,2.577974810261584,5.1363512830362765,725166.8831418583,83.48094426704553,17.121170943454256,8.593249367538613,80.29513888888889,1135,2017.232800483704,100.0,0,0.0,69.40972222222223,1762,4129.694633483887,2897,2568.644437494818,590.3852048588385,1909.6109694620816,698.3696253305708,80,5760,1.0,False,oracle_mpc,11,2020,,-1,20,100,6982.2,regen-v2,637c6b535a9e,unknown,greenhouse-regen:v1
5760,-6.657071601231755,16.76633507689714,23.42340667812889,8.48339791899994,2.49754971716,12.442459041968956,681132.3624989463,94.2599768777771,41.47486347322985,8.325165723866668,82.08333333333333,1032,1590.3111357688904,100.0,0,0.0,55.22569444444444,2579,6006.194278717041,3611,2900.306978658354,1430.1677060153916,1850.0368282485467,733.4803487946635,21,5760,1.0,False,oracle_mpc,11,2021,,-1,20,100,7021.5,regen-v2,637c6b535a9e,unknown,greenhouse-regen:v1
5414,-1.20115126792044,14.885977464910248,16.087128732830685,7.559651269406913,2.234690740920926,6.292786722502846,604742.8345119788,83.99612521563238,20.97595574167616,7.448969136403087,84.81714074621351,822,2006.7906637191768,100.0,0,0.0,64.3332101957887,1931,4682.403717041016,2753,2584.496159913813,723.3088190035987,1655.3264743404166,674.7936249784862,100,5760,0.9399,True,oracle_mpc,11,2022,,-1,20,100,6630.4,regen-v2,637c6b535a9e,unknown,greenhouse-regen:v1
5760,-3.942529834979175,16.35781818107854,20.300348016057715,7.513679295656008,2.761536947244561,10.025131773157144,664536.3636063157,83.48532550728898,33.41710591052382,9.205123157481871,85.12152777777777,857,1232.5080919265747,100.0,0,0.0,54.58333333333333,2616,6687.238086700439,3473,2568.779246095135,1152.3139973200837,2045.5829223652447,821.0287585253456,20,5760,1.0,False,oracle_mpc,11,2023,,-1,20,100,6539.4,regen-v2,637c6b535a9e,unknown,greenhouse-regen:v1
5760,2.806578584556574,18.166487183960093,15.359908599403518,7.586389275318232,2.5981589269729843,5.1753603971123,738013.5418483787,84.29321417020257,17.25120132370767,8.660529756576615,80.74652777777777,1109,1772.3066511154177,100.0,0,0.0,70.48611111111111,1700,4019.787010192871,2809,2593.6373578736548,594.8690113823592,1924.5621682385413,707.9137404267672,67,5760,1.0,False,oracle_mpc,12,2020,,-1,20,100,7966.2,regen-v2,637c6b535a9e,unknown,greenhouse-regen:v1
5760,-6.904129737588024,16.759852603825365,23.663982341413387,8.565812273714359,2.508158812390876,12.590011255308152,680869.0120304055,95.17569193015954,41.96670418436051,8.360529374636254,81.5625,1062,1547.105764389038,100.0,0,0.0,54.84375,2601,5927.25895690918,3663,2928.482826644131,1447.1277306047314,1857.8954167716936,736.3508563754995,21,5760,1.0,False,oracle_mpc,12,2021,,-1,20,100,8096.4,regen-v2,637c6b535a9e,unknown,greenhouse-regen:v1
5401,-1.2234245354286617,14.836638754983412,16.06006329041207,7.566654735626771,2.22122759076397,6.272180964021334,602738.4494212011,84.07394150696412,20.90726988007112,7.404091969213233,84.2806887613405,849,1970.9197988510127,100.0,0,0.0,65.04351046102573,1888,4672.219871520996,2737,2586.890506817536,720.9403411701152,1645.3537712715108,672.9321060434863,100,5760,0.9377,True,oracle_mpc,12,2022,,-1,20,100,7756.3,regen-v2,637c6b535a9e,unknown,greenhouse-regen:v1
5760,-3.877692036739904,16.36399552158737,20.24168755832728,7.450047601141439,2.74541488574342,10.046225071442416,664787.318064487,82.77830667934933,33.48741690480806,9.151382952478066,85.17361111111111,854,1186.54536819458,100.0,0,0.0,53.75,2664,6718.195182800293,3518,2547.0248199937173,1154.7385136590706,2033.6406564520637,829.3638345163547,14,5760,1.0,False,oracle_mpc,12,2023,,-1,20,100,7064.2,regen-v2,637c6b535a9e,unknown,greenhouse-regen:v1
5760,2.887814204944636,18.10963325574273,15.221819050798093,7.489439110979987,2.611314352376092,5.121065587442013,735703.8510145483,83.21599012199985,17.07021862480671,8.704381174586974,80.81597222222221,1105,1738.5177764892578,100.0,0,0.0,70.36458333333333,1707,3858.8487510681152,2812,2560.4920032954533,588.6282283764737,1934.3069260472291,707.7392521908723,68,5760,1.0,False,oracle_mpc,13,2020,,-1,20,100,7869.5,regen-v2,637c6b535a9e,unknown,greenhouse-regen:v1
5760,-6.6322005150962,16.698757875329,23.330958390425195,8.546105352575042,2.495972649007095,12.288880388843062,678387.0386852407,94.95672613972268,40.96293462947688,8.31990883002365,82.1875,1026,1530.404001235962,100.0,0,0.0,55.451388888888886,2566,5866.431995391846,3592,2921.7454183606906,1412.5149869392162,1848.868629166788,739.570675930737,26,5760,1.0,False,oracle_mpc,13,2021,,-1,20,100,7988.4,regen-v2,637c6b535a9e,unknown,greenhouse-regen:v1
5587,-0.740556296512304,15.45421465858725,16.194770955099553,7.652727482499542,2.350690235721904,6.1913532368781095,627827.4705051071,85.03030536110603,20.63784412292703,7.835634119073013,84.41023805262216,871,1916.900413513184,99.98210130660462,1,70.2386474609375,64.72167531770181,1971,4593.004600524902,2843,2616.3170866426326,711.6497963057511,1741.252026054926,716.2262346330428,100,5760,0.97,True,oracle_mpc,13,2022,,-1,20,100,7905.0,regen-v2,637c6b535a9e,unknown,greenhouse-regen:v1
5760,-3.790308669046846,16.367611913020014,20.157920582066858,7.443050427082787,2.724465399669487,9.990404755314586,664934.2339664381,82.70056030091986,33.301349184381955,9.081551332231625,85.01736111111111,863,1163.7277054786682,100.0,0,0.0,53.36805555555556,2686,6720.479175567627,3549,2544.63262486736,1148.322386134842,2018.1225183516617,831.9770897315084,15,5760,1.0,False,oracle_mpc,13,2023,,-1,20,100,6982.8,regen-v2,637c6b535a9e,unknown,greenhouse-regen:v1
5760,2.6336628618816045,18.15822943863722,15.524566576755618,7.619290337456682,2.6362816836195937,5.268994555679342,737678.0709446372,84.65878152729647,17.56331518559781,8.787605612065313,80.01736111111111,1151,1882.4971199035645,100.0,0,0.0,71.19791666666667,1659,3700.137924194336,2810,2604.885584418013,605.6315582908778,1952.801246621682,723.8841952646351,65,5760,1.0,False,oracle_mpc,14,2020,,-1,20,100,7091.8,regen-v2,637c6b535a9e,unknown,greenhouse-regen:v1
5760,-6.831629028535044,16.73659182851985,23.568220857054893,8.55022481279525,2.512285669423832,12.505710374835814,679924.043033619,95.00249791994722,41.68570124945272,8.374285564746105,81.875,1044,1617.5315589904783,100.0,0,0.0,55.32986111111112,2573,5916.594177246094,3617,2923.153780234219,1437.4379748956835,1860.9523479304085,749.4887265422326,23,5760,1.0,False,oracle_mpc,14,2021,,-1,20,100,7147.5,regen-v2,637c6b535a9e,unknown,greenhouse-regen:v1
5407,-1.2167652367634747,14.786894321389582,16.003659558153057,7.606409275250479,2.2431525785377406,6.154097704364837,600717.5818064518,84.5156586138942,20.513659014549457,7.477175261792469,83.87275753652672,872,2038.6259050369265,99.81505455890512,10,440.63340759277344,64.73090438320696,1907,4579.636791229248,2789,2600.481802375436,707.3675518621853,1661.594503464864,683.6329064534916,100,5760,0.9387,True,oracle_mpc,14,2022,,-1,20,100,6622.0,regen-v2,637c6b535a9e,unknown,greenhouse-regen:v1
5760,-3.986259343575157,16.302203029806762,20.28846237338192,7.517458179369357,2.776169394331546,9.994834799681016,662276.9980858997,83.52731310410397,33.31611599893672,9.253897981105151,84.56597222222221,889,1257.6894702911377,100.0,0,0.0,54.46180555555556,2623,6699.719039916992,3512,2570.0711728200195,1148.831586351616,2056.4217733907567,842.088644789397,21,5760,1.0,False,oracle_mpc,14,2023,,-1,20,100,6471.8,regen-v2,637c6b535a9e,unknown,greenhouse-regen:v1
5760,2.7443482165887705,18.122785986055018,15.378437769466249,7.573007895505066,2.6051323707244203,5.2002975032367615,736238.1806834851,84.14453217227852,17.334325010789208,8.683774569081402,80.60763888888889,1117,1840.07715511322,99.98263888888889,1,97.875732421875,70.60763888888889,1693,3948.9395179748535,2811,2589.0625269107904,597.7353447948399,1929.7276814470256,702.1807469564087,57,5760,1.0,False,oracle_mpc,15,2020,,-1,20,100,6993.3,regen-v2,637c6b535a9e,unknown,greenhouse-regen:v1
5760,-6.748126617181117,16.807767725305,23.555894342486116,8.519273022420276,2.514810483892474,12.521810836173362,682815.5638405154,94.65858913800308,41.73936945391121,8.382701612974913,81.71875,1053,1592.5389127731323,100.0,0,0.0,55.22569444444444,2579,5833.177864074707,3632,2912.5719743678937,1439.2886015260392,1862.8225811788136,737.16453004495,23,5760,1.0,False,oracle_mpc,15,2021,,-1,20,100,7081.2,regen-v2,637c6b535a9e,unknown,greenhouse-regen:v1
5412,-1.1397681996223743,14.907401177808598,16.04716937743097,7.61955401235906,2.2686508930341795,6.158964472037731,605613.1728484742,84.661711248434,20.529881573459104,7.562169643447265,84.60827790096083,833,1969.363821029663,100.0,0,0.0,65.169992609017,1885,4461.416770935059,2718,2604.975729237617,707.9269506105144,1680.4821423988542,686.7706858563731,100,5760,0.9396,True,oracle_mpc,15,2022,,-1,20,100,6466.7,regen-v2,637c6b535a9e,unknown,greenhouse-regen:v1
5760,-4.04367227223003,16.331671014214624,20.375343286444654,7.596967359187781,2.7670191937315467,10.011356733525323,663474.1349524691,84.41074843541979,33.371189111751086,9.22339731243849,85.0,864,1240.1193056106567,100.0,0,0.0,53.645833333333336,2670,6540.235466003418,3534,2597.253795307875,1150.7306601282996,2049.643846364587,847.209301267525,16,5760,1.0,False,oracle_mpc,15,2023,,-1,20,100,6183.6,regen-v2,637c6b535a9e,unknown,greenhouse-regen:v1
5760,2.7965498628179177,18.190773938527222,15.394224075709303,7.531817995120737,2.621281306010263,5.241124774578305,739000.1912526684,83.68686661245263,17.470415915261018,8.737604353367544,80.90277777777779,1100,1754.6521100997925,100.0,0,0.0,69.61805555555556,1750,4018.286735534668,2850,2574.9805118950194,602.4281353431305,1941.6898560277411,707.0248138312113,64,5760,1.0,False,oracle_mpc,16,2020,,-1,20,100,6913.5,regen-v2,637c6b535a9e,unknown,greenhouse-regen:v1
5760,-6.713809855284364,16.743295347268997,23.45710520255336,8.572850448213897,2.4853890990483105,12.398865655291154,680196.373482803,95.25389386904332,41.32955218430385,8.284630330161036,83.125,972,1515.1825542449951,100.0,0,0.0,54.86111111111112,2600,5713.118026733398,3572,2930.8890405506813,1425.156971704262,1841.0289623529447,718.3769502324487,22,5760,1.0,False,oracle_mpc,16,2021,,-1,20,100,7010.0,regen-v2,637c6b535a9e,unknown,greenhouse-regen:v1
5495,-1.0802016180784668,14.965742119874628,16.045943737953092,7.562338287881073,2.2520825702291454,6.231522879842876,607983.2736199067,84.02598097645637,20.771742932809588,7.506941900763818,85.950864422202,772,1858.2196226119995,100.0,0,0.0,64.3130118289354,1961,4859.661701202393,2733,2585.4147978453275,716.2669980311937,1668.209311688681,677.777282790694,100,5760,0.954,True,oracle_mpc,16,2022,,-1,20,100,6547.8,regen-v2,637c6b535a9e,unknown,greenhouse-regen:v1
5760,-3.981989199189508,16.32194784788383,20.30393704707334,7.520423964999141,2.7293895193657804,10.054123562708416,663079.1313202806,83.56026627776824,33.51374520902806,9.097965064552602,84.96527777777779,866,1222.8535785675049,100.0,0,0.0,53.97569444444444,2651,6646.227794647217,3517,2571.0851160966613,1155.6463853699006,2021.7700135445127,828.4146703875149,23,5760,1.0,False,oracle_mpc,16,2023,,-1,20,100,6138.2,regen-v2,637c6b535a9e,unknown,greenhouse-regen:v1
5760,2.8085494954601984,18.136028280405487,15.32747878494529,7.50974531392798,2.607497566891422,5.210235904125886,736776.148891473,83.44161459919978,17.367453013752954,8.691658556304741,80.79861111111111,1106,1762.4133644104004,100.0,0,0.0,69.82638888888889,1738,3971.4802207946777,2844,2567.4342944827613,598.8776901602912,1931.4796782503088,711.1269972453802,55,5760,1.0,False,oracle_mpc,17,2020,,-1,20,100,6915.4,regen-v2,637c6b535a9e,unknown,greenhouse-regen:v1
5760,-6.649588793131851,16.7491969169459,23.398785710077743,8.543317678144948,2.511972074353873,12.343495957578927,680436.1247509271,94.92575197938832,41.14498652526309,8.373240247846244,82.98611111111111,980,1507.877519607544,100.0,0,0.0,55.53819444444444,2561,5780.046913146973,3541,2920.79236939282,1418.792638530494,1860.720055945816,745.7026107731505,16,5760,1.0,False,oracle_mpc,17,2021,,-1,20,100,7055.0,regen-v2,637c6b535a9e,unknown,greenhouse-regen:v1
5683,-0.5430830422789144,15.831174014477384,16.3742570567563,7.75301899570973,2.419864268842726,6.2013737922038406,643141.4443381437,86.14465550788589,20.6712459740128,8.066214229475753,85.65898293155024,815,1984.7356691360476,100.0,0,0.0,66.23262361428823,1919,4546.516994476318,2734,2650.6047829207405,712.8015857768781,1792.4920497919315,731.332326819258,100,5760,0.9866,True,oracle_mpc,17,2022,,-1,20,100,6603.5,regen-v2,637c6b535a9e,unknown,greenhouse-regen:v1
5760,-3.928745867204014,16.37692075048865,20.305666617692665,7.494591888064884,2.7835821687841413,10.02749256084364,665312.4054886014,83.27324320072094,33.424975202812135,9.278607229280473,84.375,900,1283.7621364593506,100.0,0,0.0,54.07986111111112,2645,6693.634059906006,3545,2562.2536361540187,1152.5853509522835,2061.912717749192,832.4854479862063,14,5760,1.0,False,oracle_mpc,17,2023,,-1,20,100,6072.2,regen-v2,637c6b535a9e,unknown,greenhouse-regen:v1
5760,2.733727007395247,18.10567486101672,15.371947853621473,7.593363742366887,2.6216484932624398,5.156935617992147,735543.0412288043,84.37070824852097,17.189785393307158,8.738828310874798,80.95486111111111,1097,1765.7769765853882,100.0,0,0.0,69.87847222222221,1735,3887.7363662719727,2832,2596.021790732498,592.7512210136783,1941.9618455795803,713.2429665920408,61,5760,1.0,False,oracle_mpc,18,2020,,-1,20,100,7987.7,regen-v2,637c6b535a9e,unknown,greenhouse-regen:v1
5760,-6.785619989804303,16.821853154886966,23.60747314469127,8.54211150088787,2.486016554116256,12.579345089687145,683387.784417283,94.91235000986522,41.93115029895715,8.286721847054189,81.84027777777779,1046,1642.1864805221558,100.0,0,0.0,54.91319444444444,2597,5916.27087020874,3643,2920.3799981987645,1445.9017347938825,1841.493744507692,743.0819221131635,26,5760,1.0,False,oracle_mpc,18,2021,,-1,20,100,8196.6,regen-v2,637c6b535a9e,unknown,greenhouse-regen:v1
5505,-1.0713253019302496,15.08044969917236,16.151775001102607,7.669509249873892,2.301613954758679,6.180651796470039,612643.2690288771,85.21676944304325,20.60217265490013,7.672046515862263,85.06811989100818,822,1972.9966373443604,100.0,0,0.0,65.08628519527701,1922,4521.143455505371,2744,2622.0544436477307,710.4197473041539,1704.8992247496196,707.5916298082088,100,5760,0.9557,True,oracle_mpc,18,2022,,-1,20,100,7489.5,regen-v2,637c6b535a9e,unknown,greenhouse-regen:v1
5760,-3.96484942189124,16.39456660752227,20.35941602941351,7.520758325317904,2.7861080187271066,10.052549685368495,666029.2684305921,83.56398139242116,33.508498951228326,9.287026729090355,84.27083333333333,906,1272.7506771087646,100.0,0,0.0,54.98263888888889,2593,6632.4189376831055,3499,2571.1994260855035,1155.465481298719,2063.78371706655,839.1657456833403,14,5760,1.0,False,oracle_mpc,18,2023,,-1,20,100,6733.1,regen-v2,637c6b535a9e,unknown,greenhouse-regen:v1
5760,2.628926587051592,18.150659990570954,15.521733403519365,7.5533026191268675,2.6280988121178925,5.340331972274603,737370.562116945,83.9255846569652,17.801106574248678,8.760329373726309,80.45138888888889,1126,1839.4106922149656,99.96527777777776,2,51.5263671875,70.74652777777779,1685,3912.475681304932,2813,2582.325678893791,613.8312605343019,1946.7398599596668,712.0262205853409,61,5760,1.0,False,oracle_mpc,19,2020,,-1,20,100,7259.0,regen-v2,637c6b535a9e,unknown,greenhouse-regen:v1
5760,-6.660161644805996,16.798164196826935,23.458325841632927,8.459127075036278,2.4876793202283114,12.51151944636834,682425.4204960942,93.99030083373644,41.7050648212278,8.292264400761038,82.17013888888889,1027,1530.052721977234,100.0,0,0.0,54.61805555555556,2614,6002.649299621582,3641,2892.0092581263348,1438.1056843509098,1842.7254228100808,736.4838208682554,24,5760,1.0,False,oracle_mpc,19,2021,,-1,20,100,7247.3,regen-v2,637c6b535a9e,unknown,greenhouse-regen:v1
5584,-0.6966545683411387,15.476675485047316,16.173330053388455,7.656850282098944,2.3271464107248345,6.189333360564678,628739.9415800472,85.07611424554382,20.631111201882263,7.757154702416115,85.63753581661892,802,1837.3316202163696,99.96418338108882,2,14.279541015625,64.7743553008596,1967,4611.94921875,2771,2617.726591881556,711.4176274218719,1723.8121559761469,712.6589925811844,100,5760,0.9694,True,oracle_mpc,19,2022,,-1,20,100,6676.5,regen-v2,637c6b535a9e,unknown,greenhouse-regen:v1
5760,-3.967156000797792,16.418961333259265,20.38611733405705,7.54006233158196,2.752341694105267,10.093713308369832,667020.3041636577,83.77847035091067,33.645711027899445,9.174472313684223,84.30555555555556,904,1278.348747253418,100.0,0,0.0,54.25347222222222,2635,6619.970771789551,3539,2577.799087980619,1160.1969317383423,2038.7716255827736,837.6893320490127,18,5760,1.0,False,oracle_mpc,19,2023,,-1,20,100,6500.8,regen-v2,637c6b535a9e,unknown,greenhouse-regen:v1
5760,2.7498578375567724,18.102437548498397,15.35257971094162,7.558688664420188,2.609669103495364,5.184221943026068,735411.5254077472,83.98542960466877,17.280739810086892,8.698897011651212,80.59027777777777,1118,1779.8812952041626,100.0,0,0.0,69.67013888888889,1747,4007.467678070069,2865,2584.167063547952,595.8875787329366,1933.088223415879,709.2322122221034,67,5760,1.0,False,oracle_mpc,2,2020,,-1,20,100,6949.0,regen-v2,637c6b535a9e,unknown,greenhouse-regen:v1
5760,-6.594226972008555,16.748162149773833,23.34238912178239,8.520776436341661,2.494635858153159,12.32697682728757,680394.087334562,94.67529373712958,41.08992275762524,8.315452860510531,82.60416666666667,1002,1488.6628513336182,100.0,0,0.0,55.052083333333336,2589,5938.415630340576,3591,2913.085962610166,1416.89388700168,1847.8784123967928,735.3550841430231,22,5760,1.0,False,oracle_mpc,2,2021,,-1,20,100,6892.0,regen-v2,637c6b535a9e,unknown,greenhouse-regen:v1
5413,-1.0385996821981105,14.96912944784238,16.00772913004049,7.564171605318925,2.248484393045852,6.195073131675715,608120.8838185967,84.04635117021027,20.650243772252384,7.494947976819506,84.64806946240532,831,2015.3714418411253,100.0,0,0.0,65.43506373545169,1871,4676.948181152344,2702,2586.041573013686,712.0773713534999,1665.543995163203,685.4548500385604,100,5760,0.9398,True,oracle_mpc,2,2022,,-1,20,100,6573.4,regen-v2,637c6b535a9e,unknown,greenhouse-regen:v1
5760,-3.931278763715732,16.36244540975565,20.293724173471382,7.540953139362452,2.753670567631952,9.999100466476982,664724.3447713234,83.78836821513836,33.33033488825661,9.178901892106508,84.82638888888889,874,1192.95365524292,100.0,0,0.0,53.489583333333336,2679,6657.832580566406,3553,2578.103636169393,1149.3218935563614,2039.755976161293,837.7759594941577,16,5760,1.0,False,oracle_mpc,2,2023,,-1,20,100,6191.6,regen-v2,637c6b535a9e,unknown,greenhouse-regen:v1
5760,2.767978326671838,18.06709844627768,15.299120119605837,7.4824184056886995,2.6173077666602933,5.199393947256844,733975.8743800306,83.13798228543,17.331313157522814,8.724359222200977,80.83333333333333,1104,1749.6370372772217,100.0,0,0.0,69.91319444444444,1733,3977.1311416625977,2837,2558.0917626538376,597.6314876869144,1938.746494002188,710.9351751625284,73,5760,1.0,False,oracle_mpc,3,2020,,-1,20,100,7133.5,regen-v2,637c6b535a9e,unknown,greenhouse-regen:v1
5760,-6.739481350557301,16.784828100675995,23.5243094512333,8.530076377527784,2.4895215060541527,12.50471156765136,681883.6415899624,94.77862641697538,41.6823718921712,8.298405020180509,83.15972222222221,970,1457.0829219818115,100.0,0,0.0,55.32986111111112,2573,5906.120052337647,3543,2916.265429087016,1437.3231688000956,1844.0900042048115,721.1312690067207,25,5760,1.0,False,oracle_mpc,3,2021,,-1,20,100,7170.4,regen-v2,637c6b535a9e,unknown,greenhouse-regen:v1
5494,-0.9140781997710096,15.07580776580558,15.98988596557659,7.600626198463962,2.272148068750777,6.117111698361851,612454.6904858517,84.45140220515513,20.39037232787284,7.573826895835924,83.70950127411722,895,1981.601344108581,99.89078995267565,6,93.8460693359375,65.07098653076083,1919,4734.480358123779,2820,2598.504682381007,703.1162873121812,1683.0726424035993,693.9163174099276,100,5760,0.9538,True,oracle_mpc,3,2022,,-1,20,100,6794.1,regen-v2,637c6b535a9e,unknown,greenhouse-regen:v1
5760,-3.860063948503474,16.34690199699131,20.206965945494783,7.495629560391734,2.763669408970173,9.947666976132876,664092.893627772,83.2847728932415,33.158889920442924,9.212231363233911,84.98263888888889,865,1252.4469814300537,100.0,0,0.0,54.61805555555556,2614,6633.537223815918,3479,2562.6083949546737,1143.4099968748517,2047.1625249972296,834.9364445868471,22,5760,1.0,False,oracle_mpc,3,2023,,-1,20,100,6495.3,regen-v2,637c6b535a9e,unknown,greenhouse-regen:v1
5760,2.7835920799855205,18.10466995505269,15.321077875067171,7.494500090110854,2.5976355947995438,5.228942190156776,735502.2169240157,83.27222322345393,17.429807300522587,8.658785315998479,81.05902777777779,1091,1732.1125621795654,100.0,0,0.0,70.15625,1719,3942.217834472656,2810,2562.2222511962027,601.0278383254122,1924.1745148753455,712.3584761117102,72,5760,1.0,False,oracle_mpc,4,2020,,-1,20,100,6974.8,regen-v2,637c6b535a9e,unknown,greenhouse-regen:v1
5760,-6.7721054757684325,16.7800430252723,23.552148501040733,8.566995592785267,2.49669659199518,12.488456316260285,681689.2479016872,95.1888399198363,41.628187720867615,8.322321973317267,82.17013888888889,1027,1529.6745290756226,100.0,0,0.0,56.02430555555556,2533,5741.155704498291,3560,2928.887382289516,1435.454749369751,1849.4048826652045,731.1313191668278,27,5760,1.0,False,oracle_mpc,4,2021,,-1,20,100,6979.5,regen-v2,637c6b535a9e,unknown,greenhouse-regen:v1
5407,-1.2174018815018255,14.85916350527676,16.07656538677859,7.574014274956729,2.206109819183297,6.29644129263856,603653.5174018685,84.15571416618589,20.98813764212853,7.353699397277657,84.63103384501572,831,1889.8995399475095,100.0,0,0.0,64.98982800073978,1893,4619.677486419678,2724,2589.4065899229718,723.7288844764958,1634.1554215178817,674.5979656852821,100,5760,0.9387,True,oracle_mpc,4,2022,,-1,20,100,6734.3,regen-v2,637c6b535a9e,unknown,greenhouse-regen:v1
5760,-4.057378340643089,16.281034996954745,20.338413337597835,7.534662156952724,2.7569548871301954,10.046796293514912,661417.0467512865,83.71846841058583,33.48932097838304,9.18984962376732,84.77430555555556,877,1257.8535261154177,100.0,0,0.0,54.80902777777777,2603,6487.697601318359,3480,2575.9528745021908,1154.8041704294203,2042.1888043859185,829.8685631799565,23,5760,1.0,False,oracle_mpc,4,2023,,-1,20,100,6525.2,regen-v2,637c6b535a9e,unknown,greenhouse-regen:v1
5760,2.8278861917829032,18.11918323351906,15.291297041736154,7.502964928733772,2.617185697670008,5.171146415332375,736091.8188617118,83.36627698593081,17.237154717774583,8.723952325566694,80.43402777777777,1127,1769.7585401535034,100.0,0,0.0,68.92361111111111,1790,4031.7822914123535,2917,2565.1162138648638,594.384645055785,1938.6560717225736,712.1927768007091,64,5760,1.0,False,oracle_mpc,5,2020,,-1,20,100,7430.5,regen-v2,637c6b535a9e,unknown,greenhouse-regen:v1
5760,-6.67386818046418,16.717887922395903,23.39175610286009,8.431200526612983,2.4934743898903937,12.46708118635671,679164.1968473337,93.68000585125536,41.5569372878557,8.311581299634646,82.82986111111111,989,1485.25812625885,100.0,0,0.0,53.92361111111112,2654,5985.573219299316,3643,2882.4617186709816,1432.9978382242189,1847.0180661544,733.3861957261474,21,5760,1.0,False,oracle_mpc,5,2021,,-1,20,100,7485.4,regen-v2,637c6b535a9e,unknown,greenhouse-regen:v1
5411,-1.209481110038773,14.828214068860632,16.037695178899405,7.531705818738967,2.234169032165129,6.271820327995311,602396.1965474632,83.68562020821075,20.90606775998437,7.447230107217097,84.82720384402144,821,1948.581431388855,99.8706338939198,7,120.698486328125,64.53520606172611,1919,4701.559303283691,2747,2574.9421596353395,720.8988881094194,1654.9400230043252,673.1932666256673,100,5760,0.9394,True,oracle_mpc,5,2022,,-1,20,100,6882.6,regen-v2,637c6b535a9e,unknown,greenhouse-regen:v1
5760,-3.942125347215531,16.38184761703228,20.32397296424781,7.540819551310466,2.7807109791369915,10.002442433800354,665512.5594419364,83.78688390344963,33.34147477933452,9.269036597123304,85.01736111111111,863,1195.5391464233398,100.0,0,0.0,54.35763888888889,2629,6461.198120117188,3492,2578.0579652722004,1149.706027148134,2059.785909085618,838.7952693561472,21,5760,1.0,False,oracle_mpc,5,2023,,-1,20,100,6475.6,regen-v2,637c6b535a9e,unknown,greenhouse-regen:v1
5760,2.8776175995006854,18.17518132898257,15.29756372948189,7.50535330740279,2.5974729212893504,5.19473750078975,738366.7414899172,83.39281452669766,17.315791669299166,8.658243070964502,81.78819444444444,1049,1696.619912147522,99.98263888888889,1,30.8265380859375,69.94791666666667,1731,4055.500389099121,2781,2565.932753759338,597.0962645747838,1924.0540158106544,708.2984829694532,67,5760,1.0,False,oracle_mpc,6,2020,,-1,20,100,7147.8,regen-v2,637c6b535a9e,unknown,greenhouse-regen:v1
5760,-6.830397364448156,16.809023357680253,23.639420722128406,8.519355251886545,2.5005949651635238,12.61947050507834,682866.5739057603,94.65950279873938,42.06490168359447,8.335316550545079,82.01388888888889,1036,1602.4063901901245,100.0,0,0.0,54.37499999999999,2628,5989.644104003906,3664,2912.600085614578,1450.513851404986,1852.2925665254,743.4184832305008,18,5760,1.0,False,oracle_mpc,6,2021,,-1,20,100,7086.5,regen-v2,637c6b535a9e,unknown,greenhouse-regen:v1
5491,-1.055209325141549,15.106749298987436,16.161958624128985,7.610231299664852,2.3096603390001675,6.242066985463965,613711.6902713646,84.5581255518317,20.80688995154655,7.698867796667225,84.75687488617739,837,1924.3422527313232,100.0,0,0.0,65.05190311418684,1919,4640.783260345459,2756,2601.788477485386,717.4789639011162,1710.8595104634123,691.8639172204269,100,5760,0.9533,True,oracle_mpc,6,2022,,-1,20,100,6784.3,regen-v2,637c6b535a9e,unknown,greenhouse-regen:v1
5760,-3.932971407330123,16.3590541547436,20.292025562073725,7.472752622182734,2.75005870094495,10.06921423894604,664586.5750364588,83.03058469091927,33.564047463153464,9.166862336483169,85.22569444444444,851,1214.4015340805054,100.0,0,0.0,54.045138888888886,2647,6744.385353088379,3498,2554.78722080338,1157.3809466444468,2037.0805198478445,820.9839558240801,20,5760,1.0,False,oracle_mpc,6,2023,,-1,20,100,6556.5,regen-v2,637c6b535a9e,unknown,greenhouse-regen:v1
5760,2.676997378259453,18.09723326863357,15.420235890374114,7.557968959873522,2.5953294046810726,5.26693752581952,735200.1015382387,83.97743288748357,17.5564584193984,8.651098015603576,80.95486111111111,1097,1729.2542266845703,100.0,0,0.0,69.32291666666667,1767,3996.3512992858887,2864,2583.921009516973,605.3951185050993,1922.4662264929,706.1449592153112,68,5760,1.0,False,oracle_mpc,7,2020,,-1,20,100,7146.8,regen-v2,637c6b535a9e,unknown,greenhouse-regen:v1
5760,-6.849962033346092,16.806144090768626,23.65610612411472,8.621532653987089,2.4941894249833365,12.540384045144291,682749.6036874754,95.7948072665232,41.80128015048098,8.313964749944455,82.06597222222223,1033,1503.6703090667725,100.0,0,0.0,55.86805555555555,2542,5693.769241333008,3575,2947.5325298286184,1441.423452919998,1847.5477210350407,734.2107252984878,22,5760,1.0,False,oracle_mpc,7,2021,,-1,20,100,7234.1,regen-v2,637c6b535a9e,unknown,greenhouse-regen:v1
5417,-1.04537367888774,15.012302584459626,16.057676263347364,7.535356952988771,2.263061349549738,6.259257960808855,609874.7924936722,83.7261883665419,20.864193202696185,7.54353783183246,84.622484770168,833,1891.077635765076,100.0,0,0.0,64.53756691895883,1921,4599.087745666504,2754,2576.190410644691,719.4549376619824,1676.3417397223252,676.4195371229966,100,5760,0.9405,True,oracle_mpc,7,2022,,-1,20,100,6657.9,regen-v2,637c6b535a9e,unknown,greenhouse-regen:v1
5760,-3.9678429372873207,16.332583749465826,20.30042668675315,7.597976777413003,2.766293237532218,9.936156671807929,663511.2148220493,84.42196419347782,33.12052223935976,9.220977458440728,84.16666666666667,912,1332.3744955062866,100.0,0,0.0,54.75694444444444,2606,6525.146942138672,3518,2597.5988974812444,1142.0869740150342,2049.106102057221,843.9670063005242,14,5760,1.0,False,oracle_mpc,7,2023,,-1,20,100,6534.8,regen-v2,637c6b535a9e,unknown,greenhouse-regen:v1
5760,2.805809018860129,18.068444847976988,15.26263582911686,7.520629281368102,2.5989003970416995,5.14310615070706,734030.5719490652,83.56254757075669,17.143687169023533,8.663001323472333,80.13888888888889,1144,1772.6275329589844,100.0,0,0.0,69.73958333333333,1743,3954.834297180176,2887,2571.155308898249,591.161626798737,1925.1114035993112,705.7638006630696,74,5760,1.0,False,oracle_mpc,8,2020,,-1,20,100,7033.5,regen-v2,637c6b535a9e,unknown,greenhouse-regen:v1
5760,-6.817398280321671,16.707190287809674,23.524588568131342,8.563692451208066,2.48158030065068,12.4793158162726,678729.6054422681,95.15213834675627,41.59771938757533,8.271934335502266,82.36111111111111,1016,1540.811192035675,100.0,0,0.0,54.56597222222223,2617,6043.216442108154,3633,2927.758102870099,1434.4041170017251,1838.2076286932925,738.3936154210833,22,5760,1.0,False,oracle_mpc,8,2021,,-1,20,100,7012.8,regen-v2,637c6b535a9e,unknown,greenhouse-regen:v1
5686,-0.6550474668311292,15.813976584113565,16.46902405094469,7.787212573637971,2.4163069354543625,6.26550454185236,642442.7987296135,86.52458415153302,20.885015139507868,8.054356451514542,85.38515652479775,831,1899.0278873443604,99.94723883221948,3,47.301544189453125,66.03939500527612,1931,4521.311336517334,2765,2662.2948933696543,720.1729364478024,1789.8569878504238,738.7048858031133,100,5760,0.9872,True,oracle_mpc,8,2022,,-1,20,100,6881.4,regen-v2,637c6b535a9e,unknown,greenhouse-regen:v1
5760,-4.00569688145358,16.32506124536297,20.330758126816548,7.585672111219905,2.7483024378748526,9.996783577721793,663205.6130928707,84.28524568022117,33.32261192573931,9.16100812624951,84.21875,909,1249.843786239624,100.0,0,0.0,54.34027777777778,2630,6567.001426696777,3539,2593.392176080417,1149.0555843669697,2035.7795825608916,838.3324085004879,16,5760,1.0,False,oracle_mpc,8,2023,,-1,20,100,6407.2,regen-v2,637c6b535a9e,unknown,greenhouse-regen:v1
5760,2.821966577181976,18.127441049464124,15.305474472282148,7.561240272455836,2.6275155310768925,5.116718668749419,736427.29263448,84.01378080506485,17.055728895831397,8.758385103589642,81.78819444444444,1049,1622.8092727661133,100.0,0,0.0,70.50347222222221,1699,3914.548202514648,2748,2585.039407888138,588.1285834627485,1946.3078009699184,708.9300858130191,57,5760,1.0,False,oracle_mpc,9,2020,,-1,20,100,7385.2,regen-v2,637c6b535a9e,unknown,greenhouse-regen:v1
5760,-6.794882463550687,16.785357876874897,23.580240340425583,8.552809341129846,2.485359555448438,12.542071443847298,681905.1637480427,95.03121490144274,41.80690481282433,8.284531851494792,82.63888888888889,1000,1588.7878007888794,100.0,0,0.0,55.86805555555555,2542,5834.666927337647,3542,2924.037380542769,1441.6174075481986,1841.0070780964645,750.5761770243714,22,5760,1.0,False,oracle_mpc,9,2021,,-1,20,100,7476.3,regen-v2,637c6b535a9e,unknown,greenhouse-regen:v1
5414,-1.05049127924989,14.89242039981222,15.942911679062108,7.542864652000376,2.2250540193367074,6.174993007725025,605004.5787423714,83.80960724444863,20.583310025750084,7.416846731122359,85.81455485777613,768,1819.1806478500368,99.90764684152198,5,235.75457763671875,64.90579977835242,1900,4588.546607971191,2673,2578.75714435442,709.7693117444272,1648.1881627051366,682.688339731219,100,5760,0.9399,True,oracle_mpc,9,2022,,-1,20,100,6697.6,regen-v2,637c6b535a9e,unknown,greenhouse-regen:v1
5760,-3.9662816919089448,16.440852483534528,20.407134175443478,7.536024965956451,2.775113082009491,10.09599612747753,667909.6321435901,83.73361073284946,33.653320424925106,9.250376940031638,84.96527777777779,866,1169.4256925582886,100.0,0,0.0,54.045138888888886,2647,6569.343204498291,3513,2576.418790851419,1160.4593234872514,2055.639319466418,826.5682132889781,15,5760,1.0,False,oracle_mpc,9,2023,,-1,20,100,6415.7,regen-v2,637c6b535a9e,unknown,greenhouse-regen:v1
5760,5.54089919588107,15.13033590534057,9.589436709459498,8.254380124000088,1.335056585459411,0.0,614669.8961544606,91.71533471111208,0.0,4.450188618198037,80.95486111111111,1097,1309.655014038086,99.93055555555556,4,13.938262939453123,86.02430555555556,805,2762.397819519043,1906,2822.0102988034487,0.0,988.9308040440084,1442.2255991958082,0,5760,1.0,False,ppo,0,2020,,-1,20,100,6.1,regen-v2,637c6b535a9e,unknown,greenhouse-regen:v1
5760,0.392408757470565,12.478469487102531,12.086060729631969,10.897214479228108,1.1888462504038584,0.0,506937.8229135404,121.08016088031232,0.0,3.962820834679528,77.30902777777777,1307,1513.478226661682,98.7847222222222,70,6589.121948242188,89.40972222222221,610,617.7373809814453,1987,3725.5434117019176,0.0,880.6268521510065,1297.7617933526635,0,5760,1.0,False,ppo,0,2021,,-1,20,100,5.7,regen-v2,637c6b535a9e,unknown,greenhouse-regen:v1
5760,4.443334473115394,14.435417317566278,9.992082844450884,9.088319746483862,0.903763097967021,0.0,586438.8285261301,100.98133051648736,0.0,3.01254365989007,80.64236111111111,1115,1538.7335939407349,98.07291666666669,111,17572.767456054688,91.49305555555556,490,559.6765327453613,1716,3107.117862045765,0.0,669.4541466422379,1653.1738492548466,0,5760,1.0,False,ppo,0,2022,,-1,20,100,5.5,regen-v2,637c6b535a9e,unknown,greenhouse-regen:v1
5760,1.203708724630028,12.34107326349426,11.137364538864231,10.011150531248376,1.1262140076158569,0.0,501356.1013294544,111.23500590275974,0.0,3.754046692052856,75.19097222222221,1429,1650.331455230713,99.98263888888889,1,0.70733642578125,91.42361111111111,494,878.47119140625,1924,3422.615566238761,0.0,834.232598233968,1738.583293821663,0,5760,1.0,False,ppo,0,2023,,-1,20,100,5.6,regen-v2,637c6b535a9e,unknown,greenhouse-regen:v1
5760,-2.885695178501298,11.242738119336972,14.128433297838267,10.47611806398779,2.4317239120334384,1.2205913218170406,456736.2360980645,116.40131182208656,4.068637739390136,8.105746373444795,82.53472222222223,1006,1278.482204437256,99.61805555555556,22,9106.24462890625,89.49652777777779,605,1145.0597839355469,1633,3581.5788252949715,140.29785308241844,1801.2769718766212,1739.9394850730896,0,5760,1.0,False,sac,0,2020,,-1,20,100,6.1,regen-v2,637c6b535a9e,unknown,greenhouse-regen:v1
5760,-5.757942512937012,10.066231037190434,15.824173550127448,12.138726240804791,2.365852690283954,1.3195946190387011,408940.6358858614,134.87473600894216,4.398648730129004,7.886175634279846,88.99305555555556,634,740.9619150161743,97.55208333333331,141,32786.14074707031,91.9965277777778,461,617.5691604614258,1236,4149.991877198219,151.6775424182415,1752.4834742844105,1982.40462026,0,5760,1.0,False,sac,0,2021,,-1,20,100,5.9,regen-v2,637c6b535a9e,unknown,greenhouse-regen:v1
5760,-2.399347334868601,11.768919435046474,14.168266769915071,10.74666201757863,2.012039274524152,1.4095654778122904,478112.35204876296,119.40735575087368,4.698551592707635,6.706797581747174,85.86805555555556,814,674.6135263442993,99.72222222222224,16,455.432373046875,90.39930555555556,553,871.4883079528809,1383,3674.072484642267,162.01902043819427,1490.3994626104832,1728.4653456807137,0,5760,1.0,False,sac,0,2022,,-1,20,100,5.9,regen-v2,637c6b535a9e,unknown,greenhouse-regen:v1
5760,-5.0526290256575965,10.08812505706611,15.140754082723706,11.602403761439769,2.564282264766097,0.9740680565178396,409830.0804433107,128.91559734933077,3.246893521726132,8.547607549220324,86.75347222222223,763,644.4554252624512,99.09722222222224,52,8725.225830078125,93.09027777777776,398,476.5522537231445,1213,3966.633764594793,111.96184557676315,1899.468344271183,2323.520655244589,0,5760,1.0,False,sac,0,2023,,-1,20,100,5.9,regen-v2,637c6b535a9e,unknown,greenhouse-regen:v1
5760,4.041802703805067,13.765962093024314,9.724159389219244,9.193566266479902,0.5305931227393448,0.0,559242.2100291128,102.15073629422112,0.0,1.7686437424644827,83.59375,945,1006.7229051589966,99.79166666666669,12,128.248291015625,76.05902777777777,1379,4052.299201965332,2336,3143.099578283727,0.0,393.03194276988506,1323.5591428903865,0,5760,1.0,False,ppo,1,2020,,-1,20,100,5.9,regen-v2,637c6b535a9e,unknown,greenhouse-regen:v1
5760,-2.1492070402125902,10.372694099349427,12.52190113956202,11.864229822078531,0.6540437662526964,0.0036275512307882,421390.6977860705,131.8247758008726,0.0120918374359607,2.180145887508988,94.49652777777776,317,484.13365936279297,99.75694444444444,14,348.3783874511719,84.14930555555556,913,1681.2102432250977,1244,4056.1469477191567,0.4169599115848541,484.4768638908863,1205.2500274255872,0,5760,1.0,False,ppo,1,2021,,-1,20,100,5.7,regen-v2,637c6b535a9e,unknown,greenhouse-regen:v1
5760,1.2744024648960648,12.521198360909704,11.24679589601364,10.391050026086903,0.8557458699267356,0.0,508673.6834119568,115.4561114009656,0.0,2.852486233089119,93.05555555555556,400,536.0088129043579,100.0,0,0.0,84.96527777777779,866,1606.8573532104492,1266,3552.495735414326,0.0,633.8858295753598,1390.5969977264758,0,5760,1.0,False,ppo,1,2022,,-1,20,100,5.8,regen-v2,637c6b535a9e,unknown,greenhouse-regen:v1
5760,-0.1797398266581935,10.685516852954764,10.865256679612958,9.780960919567756,1.0833018293447791,0.0009939307004213,434099.1221512873,108.67734355075288,0.0033131023347377,3.61100609781593,94.01041666666666,345,468.8637027740479,100.0,0,0.0,77.32638888888889,1306,2708.014289855957,1651,3343.918263100088,0.1142449080944061,802.4457995146513,1669.7440324281342,0,5760,1.0,False,ppo,1,2023,,-1,20,100,5.7,regen-v2,637c6b535a9e,unknown,greenhouse-regen:v1
5760,-2.0447858202348663,10.86149824808061,12.906284068315475,9.396840145734696,2.424350325755775,1.0850935968250035,441248.3663282748,104.40933495260774,3.616978656083345,8.08116775251925,79.67013888888889,1171,2062.644821166992,94.65277777777776,308,113185.94689941406,86.64930555555556,769,1592.8745613098145,2248,3212.5949216187,124.72340193390846,1795.8150561153889,1417.2978864610195,0,5760,1.0,False,sac,1,2020,,-1,20,100,6.1,regen-v2,637c6b535a9e,unknown,greenhouse-regen:v1
5760,-4.955482961320686,10.027138302541715,14.9826212638624,11.14362382138744,2.7983050569713117,1.0406923855036496,407352.4935407572,123.81804245986044,3.468974618345499,9.327683523237704,77.06597222222223,1321,2077.316164016724,91.5625,486,126927.17944335938,89.07986111111111,629,949.9919815063477,2436,3809.78592184186,119.61981442570686,2072.81856071949,1486.3164165616035,0,5760,1.0,False,sac,1,2021,,-1,20,100,6.0,regen-v2,637c6b535a9e,unknown,greenhouse-regen:v1
5760,-2.4315441514674987,11.32268230692256,13.754226458390058,9.91999734519124,2.8151545300528404,1.0190745831459762,459983.96871872887,110.22219272434712,3.396915277153254,9.383848433509469,79.16666666666666,1200,2096.613044738769,96.35416666666666,210,76049.7370300293,90.46875,549,905.3449478149414,1959,3391.452083826065,117.13500955700874,2085.299651890993,1869.9848456084728,0,5760,1.0,False,sac,1,2022,,-1,20,100,5.8,regen-v2,637c6b535a9e,unknown,greenhouse-regen:v1
5760,-4.54615130492005,9.883606052219834,14.429757357139884,10.353700308810174,3.191322749081254,0.884734299248457,401521.4958714308,115.04111454233528,2.9491143308281904,10.637742496937513,82.86458333333333,987,1312.1318492889404,95.13888888888889,280,54823.33906555176,87.67361111111111,710,1318.6985664367676,1977,3539.726601302624,101.69359761476515,2363.942777097225,2195.00724619627,0,5760,1.0,False,sac,1,2023,,-1,20,100,5.8,regen-v2,637c6b535a9e,unknown,greenhouse-regen:v1
5760,0.4283699728997064,12.98616181844106,12.557791845541352,10.590827117983435,1.966964727557916,0.0,527562.8238741681,117.67585686648265,0.0,6.55654909185972,98.02083333333331,114,100.72933101654051,100.0,0,0.0,87.1875,738,3346.750717163086,852,3620.7955958917737,0.0,1457.01090930216,1334.074164265301,0,5760,1.0,False,ppo,10,2020,,-1,20,100,5.6,regen-v2,637c6b535a9e,unknown,greenhouse-regen:v1
5760,-2.4220177081642844,11.894543207192775,14.316560915357062,12.29294433750026,2.023616577856801,0.0,483215.81779220654,136.58827041666956,0.0,6.7453885928560045,97.60416666666669,138,140.02908992767334,99.32291666666669,39,1237.568603515625,90.65972222222224,538,634.2962951660156,715,4202.7160128206015,0.0,1498.97524285689,905.8656844880898,0,5760,1.0,False,ppo,10,2021,,-1,20,100,5.3,regen-v2,637c6b535a9e,unknown,greenhouse-regen:v1
5760,-0.5356444072396738,13.06305850694801,13.598702914187683,11.433818493235856,2.1648844209518283,0.0,530686.7518447629,127.04242770262064,0.0,7.216281403172761,98.19444444444444,104,131.7850103378296,99.16666666666669,48,1311.9847412109375,93.59375,369,555.7409133911133,521,3908.99777546525,0.0,1603.618089593947,1257.8860435963145,0,5760,1.0,False,ppo,10,2022,,-1,20,100,5.5,regen-v2,637c6b535a9e,unknown,greenhouse-regen:v1
5760,-2.2947322104510293,11.623178282763586,13.917910493214617,11.569134131309577,2.348776361905038,0.0,472191.61773727066,128.54593479232864,0.0,7.82925453968346,98.90625,63,100.82137393951416,100.0,0,0.0,89.46180555555556,607,598.0050468444824,670,3955.25953207165,0.0,1739.8343421518805,1220.4081155164167,0,5760,1.0,False,ppo,10,2023,,-1,20,100,5.4,regen-v2,637c6b535a9e,unknown,greenhouse-regen:v1
5760,-3.287093376852474,12.107921692894497,15.395015069746972,10.693234811742602,3.021040675516426,1.6807395824879408,491884.3187738389,118.81372013047336,5.602465274959803,10.070135585054754,71.82291666666667,1623,3102.907377243042,94.32291666666669,327,94061.14331054688,89.13194444444444,626,1777.716407775879,2576,3655.806773245335,193.18845775723457,2237.8079077899456,2045.7815983891487,0,5760,1.0,False,sac,10,2020,,-1,20,100,5.8,regen-v2,637c6b535a9e,unknown,greenhouse-regen:v1
5760,-7.185904885800954,8.57427665059415,15.760181536395102,12.38352819446549,1.8059901044771076,1.5706632374525071,348329.9889303873,137.59475771628323,5.235544124841691,6.019967014923692,85.3125,846,1470.876528263092,95.92013888888889,235,50162.997802734375,89.93055555555556,580,1057.2129821777344,1661,4233.684852808714,180.53600430488584,1337.7704477608204,1584.31554672122,0,5760,1.0,False,sac,10,2021,,-1,20,100,5.6,regen-v2,637c6b535a9e,unknown,greenhouse-regen:v1
5760,-4.608664746099871,11.512417986062008,16.12108273216188,11.261485600773993,2.495763772322237,2.3638333590656515,467691.9806837691,125.12761778637768,7.879444530218839,8.319212574407459,77.39583333333333,1302,2061.664450645447,92.03125,459,118885.21166992188,92.23958333333331,447,754.7129325866699,2208,3850.080547273159,271.70498380064964,1848.71390542388,1879.1660053431988,0,5760,1.0,False,sac,10,2022,,-1,20,100,5.9,regen-v2,637c6b535a9e,unknown,greenhouse-regen:v1
5760,-6.534350231888752,9.017749246699502,15.552099478588254,11.3055143375583,2.6429365914702414,1.6036485495597124,366346.06314716727,125.61682597287,5.345495165199042,8.809788638234139,80.625,1116,1061.938286781311,96.16319444444444,221,47113.13562011719,86.12847222222221,799,1484.9037475585938,2136,3865.133106857538,184.3274194896221,1957.7308084964752,2359.377139300108,0,5760,1.0,False,sac,10,2023,,-1,20,100,5.8,regen-v2,637c6b535a9e,unknown,greenhouse-regen:v1
5760,3.828209509851062,13.884783660566244,10.056574150715184,8.775714391912334,1.2808597588028496,0.0,564069.3362105037,97.50793768791485,0.0,4.269532529342833,82.96875,981,1497.783489227295,100.0,0,0.0,83.87152777777777,929,3563.397491455078,1910,3000.244236551225,0.0,948.7850065206294,1422.4219811465591,0,5760,1.0,False,ppo,11,2020,,-1,20,100,5.7,regen-v2,637c6b535a9e,unknown,greenhouse-regen:v1
5760,-2.742613982470192,10.015335864578804,12.757949847048996,12.134906055814216,0.6230437912347813,0.0,406873.0194985139,134.83228950904683,0.0,2.076812637449271,92.32638888888889,442,881.1345691680908,100.0,0,0.0,91.9965277777778,461,398.0949897766113,903,4148.685831047595,0.0,461.5139194331714,1061.7724881470203,0,5760,1.0,False,ppo,11,2021,,-1,20,100,5.6,regen-v2,637c6b535a9e,unknown,greenhouse-regen:v1
5760,1.2622052476139518,12.152893042238867,10.890687794624917,10.027924282689394,0.8616493029630685,0.001114208972454,493711.27984095406,111.42138091877104,0.0037140299081802,2.8721643432102284,92.41319444444444,437,584.9079065322876,100.0,0,0.0,90.79861111111111,530,680.6998825073242,967,3428.350182116032,0.1280699968338012,638.2587429356063,1561.2945962697268,0,5760,1.0,False,ppo,11,2022,,-1,20,100,5.6,regen-v2,637c6b535a9e,unknown,greenhouse-regen:v1
5760,-0.8965704206981613,11.019321267527918,11.91589168822608,10.8239824756125,1.09190921261358,0.0,447659.92649332166,120.26647195125,0.0,3.6396973753786006,91.02430555555556,517,728.1016855239868,100.0,0,0.0,93.45486111111111,377,463.415714263916,894,3700.5068292692304,0.0,808.8216389730223,1537.229721210897,0,5760,1.0,False,ppo,11,2023,,-1,20,100,5.6,regen-v2,637c6b535a9e,unknown,greenhouse-regen:v1
5760,-0.993510884811156,12.33190348736105,13.325414372172206,10.345449219218642,2.3193876901701094,0.6605774627834559,500983.5791740427,114.94943576909604,2.201924875944853,7.731292300567031,88.95833333333333,636,872.1720523834229,96.21527777777776,218,24811.919464111328,86.47569444444444,779,1738.8059883117676,1633,3536.905715972185,75.92844399809837,1718.0649556815624,1135.2220032215118,0,5760,1.0,False,sac,11,2020,,-1,20,100,5.9,regen-v2,637c6b535a9e,unknown,greenhouse-regen:v1
5760,-5.2244560513989295,10.162720484454814,15.387176535853744,12.185542233516276,2.4244346247956154,0.7771996775418519,412860.5196809768,135.3949137057364,2.5906655918061734,8.081448749318719,88.57638888888889,658,887.2833099365234,94.77430555555556,301,39221.8376159668,89.58333333333334,600,1047.7996215820312,1559,4165.997344791889,89.33329626917839,1795.8774998486042,1521.7509313225746,0,5760,1.0,False,sac,11,2021,,-1,20,100,5.8,regen-v2,637c6b535a9e,unknown,greenhouse-regen:v1
5760,-1.1310763560762511,11.853769357714254,12.984845713790506,10.520209387155624,1.7719339121729134,0.6927024144619703,481559.3801571416,116.89121541284024,2.309008048206568,5.906446373909712,89.40972222222221,610,799.1615743637085,97.29166666666669,156,15908.73272705078,88.57638888888889,658,1446.214580535889,1424,3596.652781933546,79.62096717953682,1312.5436386466026,1651.9277332127094,0,5760,1.0,False,sac,11,2022,,-1,20,100,5.8,regen-v2,637c6b535a9e,unknown,greenhouse-regen:v1
5760,-4.758800371220695,10.370189042232198,15.128989413452892,11.812516228779405,2.45443033029288,0.8620428543806077,421288.9298406831,131.25018031977118,2.873476181268692,8.181434434309601,89.44444444444444,608,626.8484697341919,99.67013888888889,19,4665.117919921875,92.88194444444444,410,583.439453125,1037,4038.46708676219,99.08538556098938,1818.0965409576893,2038.4546818733213,0,5760,1.0,False,sac,11,2023,,-1,20,100,5.8,regen-v2,637c6b535a9e,unknown,greenhouse-regen:v1
5760,-1.4651360107158728,8.159674726510843,9.624810737226715,8.968306777003594,0.633379757766053,0.0231242024570703,331486.78576450306,99.64785307781771,0.0770806748569011,2.1112658592201767,68.68055555555556,1804,9767.20397900045,100.0,0,0.0,81.92708333333333,1041,6981.645790100098,2845,3066.087787009776,2.657954305410385,469.1701909378171,1998.475088272244,0,5760,1.0,False,ppo,12,2020,,-1,20,100,5.7,regen-v2,637c6b535a9e,unknown,greenhouse-regen:v1
5760,-3.745373224137953,8.786783433313438,12.532156657451392,12.186607614829391,0.3430809839107095,0.0024680587112903,356963.07697835844,135.40675127588213,0.0082268623709678,1.1436032797023652,92.03125,459,1982.1510796546936,98.2465277777778,101,3943.575881958008,90.8159722222222,529,1379.448917388916,1089,4166.36157771945,0.2836849093437195,254.1340621560812,890.8229727372527,0,5760,1.0,False,ppo,12,2021,,-1,20,100,5.3,regen-v2,637c6b535a9e,unknown,greenhouse-regen:v1
5760,-0.1186937834803623,11.856123908454675,11.97481769193504,11.723261939123088,0.2395908684711903,0.011964884340763,481655.0337809713,130.25846599025652,0.0398829478025436,0.798636228237301,93.59375,369,822.6463499069214,98.8715277777778,65,1859.628448486328,90.29513888888889,559,1445.0992164611816,993,4007.952799700201,1.3752740621566772,177.4747173860669,1334.7117892615497,0,5760,1.0,False,ppo,12,2022,,-1,20,100,5.5,regen-v2,637c6b535a9e,unknown,greenhouse-regen:v1
5760,-15.09869326559739,1.1563468372972134,16.255040102894604,16.24243707242757,0.0110228036999702,0.0015802267670631,46976.59026519931,180.47152302697305,0.0052674225568771,0.0367426789999008,73.40277777777777,1532,7104.957431793213,99.91319444444444,5,76.30206298828125,85.85069444444444,815,4622.422172546387,2352,5552.969939291477,0.1816352605819702,8.165039777755737,253.83503687754276,0,5760,1.0,False,ppo,12,2023,,-1,20,100,5.3,regen-v2,637c6b535a9e,unknown,greenhouse-regen:v1
5760,-3.433497192731437,11.365610642806502,14.79910783553794,10.593627191803604,2.0635705803304907,2.1419100634038446,461727.9323640141,117.70696879781782,7.139700211346149,6.878568601101636,69.375,1764,3426.7701349258423,97.69097222222224,133,65428.52833557129,86.26736111111111,791,2311.516647338867,2688,3621.7528860867023,246.1965590119362,1528.5708002448082,2026.6007366776464,0,5760,1.0,False,sac,12,2020,,-1,20,100,6.1,regen-v2,637c6b535a9e,unknown,greenhouse-regen:v1
5760,-8.096177468622932,9.43330379848658,17.52948126710951,11.647093245770035,2.637499458901584,3.2448885624378923,383227.9668135173,129.41214717522263,10.816295208126308,8.79166486300528,66.875,1908,3560.8897557258606,96.02430555555556,229,39330.00943756104,82.72569444444444,995,1816.3999710083008,3132,3981.912220776081,372.9756968319416,1953.7033028900623,2166.5012476444244,0,5760,1.0,False,sac,12,2021,,-1,20,100,6.0,regen-v2,637c6b535a9e,unknown,greenhouse-regen:v1
5760,-4.808719980490107,11.074440477868269,15.883160458358375,11.120722574975344,1.840991291695833,2.9214465916872028,449899.14441339846,123.5635841663927,9.73815530562401,6.136637638986111,78.14236111111111,1259,1820.7274589538572,95.24305555555556,274,41308.82827758789,89.02777777777777,632,1121.664463043213,2165,3801.9564358890057,335.798458814621,1363.6972531080246,1919.719422608614,0,5760,1.0,False,sac,12,2022,,-1,20,100,6.1,regen-v2,637c6b535a9e,unknown,greenhouse-regen:v1
5760,-6.7856546104879865,9.765568838281016,16.551223448769,11.1509340460293,2.728180798141658,2.672108604598045,396726.2340551663,123.89926717810332,8.907028681993484,9.093935993805529,78.29861111111111,1250,1603.3400812149048,99.25347222222224,43,7405.914489746094,83.55902777777777,947,2075.496192932129,2240,3812.285143941641,307.13892006874084,2020.8746652901173,2593.14592140913,0,5760,1.0,False,sac,12,2023,,-1,20,100,6.0,regen-v2,637c6b535a9e,unknown,greenhouse-regen:v1
5760,3.1710807298401287,12.21972576109524,9.048645031255113,8.499723664983362,0.5487809357050806,0.0001404305666685,496426.3590444941,94.44137405537067,0.000468101888895,1.829269785683602,74.09722222222223,1492,2239.167836666107,100.0,0,0.0,84.18402777777779,911,4444.185470581055,2403,2905.8884324729443,0.0161414444446563,406.50439681857824,1462.1299991142005,0,5760,1.0,False,ppo,13,2020,,-1,20,100,5.7,regen-v2,637c6b535a9e,unknown,greenhouse-regen:v1
5760,-2.560863072137179,10.538136355411991,13.09899942754917,12.433339146332816,0.6656602812163531,0.0,428111.7894386121,138.1482127370313,0.0,2.2188676040545103,90.57291666666669,543,767.4532518386841,100.0,0,0.0,92.82986111111111,413,471.21675872802734,956,4250.714238062501,0.0,493.0816897898912,1124.0259792543948,0,5760,1.0,False,ppo,13,2021,,-1,20,100,5.3,regen-v2,637c6b535a9e,unknown,greenhouse-regen:v1
5760,1.6705870719455298,12.419241024943451,10.748653952997923,10.139948923358697,0.6069809473436325,0.0017240822955965,504531.66663832776,112.66609914842996,0.0057469409853219,2.023269824478775,89.01041666666667,633,737.7271118164062,100.0,0,0.0,90.53819444444444,545,869.3965377807617,1178,3466.649204567075,0.1981703788042068,449.61551655083895,1554.3032269915566,0,5760,1.0,False,ppo,13,2022,,-1,20,100,5.4,regen-v2,637c6b535a9e,unknown,greenhouse-regen:v1
5760,-0.1528481500463734,11.0683894047763,11.221237554822675,10.388220132735931,0.8083923613853753,0.0246250607013702,449653.3195690373,115.42466814151037,0.0820835356712341,2.6946412046179176,86.19791666666666,795,976.4345359802246,100.0,0,0.0,90.12152777777776,569,1079.8909339904783,1364,3551.5282505080104,2.8304667472839355,598.8091565817595,1767.9746479019525,0,5760,1.0,False,ppo,13,2023,,-1,20,100,5.3,regen-v2,637c6b535a9e,unknown,greenhouse-regen:v1
5760,-4.02749565347287,10.646376738871604,14.673872392344474,11.065051929299534,2.28716211618036,1.3216583468645813,432509.05501665897,122.94502143666148,4.405527822881938,7.6238737206012,92.93402777777776,407,373.9182596206665,97.96875,117,17347.778076171875,94.61805555555556,310,442.8781433105469,834,3782.923736512661,151.91475251317024,1694.1941601336002,2082.6443567574024,0,5760,1.0,False,sac,13,2020,,-1,20,100,5.6,regen-v2,637c6b535a9e,unknown,greenhouse-regen:v1
5760,-7.859883008496121,8.264472257865563,16.124355266361682,12.8189771015279,2.0340652341127394,1.271312930721045,335744.1854757885,142.43307890586556,4.2377097690701495,6.780217447042465,89.87847222222223,583,754.750566482544,98.03819444444444,113,43116.446533203125,95.20833333333331,276,359.3848686218262,972,4382.556274026632,146.12792307138443,1506.714988231659,1730.3860832452774,0,5760,1.0,False,sac,13,2021,,-1,20,100,5.5,regen-v2,637c6b535a9e,unknown,greenhouse-regen:v1
5760,-4.704551985206558,10.292463528466866,14.997015513673423,11.008397978563606,1.8468671629026527,2.1417503722071647,418131.33084396645,122.31553309515118,7.139167907357216,6.156223876342177,84.93055555555556,868,916.2412242889404,97.58680555555556,139,18305.496948242188,95.45138888888889,262,315.3286552429199,1269,3763.5548644661903,246.17820370197296,1368.0497502982616,1898.1375552415848,0,5760,1.0,False,sac,13,2022,,-1,20,100,5.6,regen-v2,637c6b535a9e,unknown,greenhouse-regen:v1
5760,-6.161935316681121,8.532291728918995,14.694227045600115,11.41083801036626,2.0840936352163557,1.1992954000175,346624.3514873342,126.78708900406956,3.997651333391667,6.946978784054518,91.71875,477,449.85096645355225,99.23611111111111,44,6194.5146484375,92.17013888888889,451,701.1015701293945,972,3901.1412001252174,137.85004597902298,1543.7730631232262,2193.109184831381,0,5760,1.0,False,sac,13,2023,,-1,20,100,5.5,regen-v2,637c6b535a9e,unknown,greenhouse-regen:v1
5760,4.002032757176625,13.600729333704876,9.598696576528251,9.448396058009193,0.1400515612039715,0.0102489573150873,552529.6291817606,104.98217842232437,0.034163191050291,0.4668385373465716,94.6875,306,348.7035984992981,100.0,0,0.0,83.125,972,4693.250417709351,1278,3230.220874533057,1.1780410706996918,103.74189718812704,1637.5924470350146,0,5760,1.0,False,ppo,14,2020,,-1,20,100,5.6,regen-v2,637c6b535a9e,unknown,greenhouse-regen:v1
5760,-2.4960438192056005,10.260852456930516,12.756896276136114,12.582319650197402,0.1707941502481699,0.0037824756905436,416847.13106280216,139.80355166886002,0.0126082523018121,0.5693138341605664,94.67013888888889,307,433.761004447937,99.98263888888889,1,2.57623291015625,93.99305555555556,346,351.52356338500977,654,4301.647743657231,0.4347673207521438,126.51418536901474,1534.5808279514313,0,5760,1.0,False,ppo,14,2021,,-1,20,100,5.3,regen-v2,637c6b535a9e,unknown,greenhouse-regen:v1
5760,1.0083742795412438,12.119302059394215,11.110927779852972,10.8971143530529,0.2121459531515836,0.0016674736484885,492346.64616289,121.07904836725444,0.0055582454949617,0.7071531771719456,96.80555555555556,184,209.62854671478271,100.0,0,0.0,93.125,396,684.0518341064453,580,3725.5091805309057,0.1916636377573013,157.14515048265457,1795.9847151972351,0,5760,1.0,False,ppo,14,2022,,-1,20,100,5.3,regen-v2,637c6b535a9e,unknown,greenhouse-regen:v1
5760,-0.6435688928469903,10.990137884726389,11.633706777573376,11.270542260769757,0.3622613381937146,0.0009031786099076,446474.3515670095,125.22824734188616,0.0030105953663587,1.2075377939790488,94.20138888888889,334,405.8285250663757,100.0,0,0.0,93.33333333333331,384,581.3087539672852,718,3853.176841288805,0.1038136333227157,268.34173199534416,1793.1683569028974,0,5760,1.0,False,ppo,14,2023,,-1,20,100,5.4,regen-v2,637c6b535a9e,unknown,greenhouse-regen:v1
5760,-3.9099518657346657,11.384398263218491,15.29435012895316,11.254108343289792,2.3669475205957893,1.6732942650675775,462491.17944325134,125.04564825877549,5.577647550225259,7.889825068652631,89.25347222222221,619,610.9191217422485,93.90625,351,84999.21411132812,91.63194444444444,482,853.1186790466309,1452,3847.558407962322,192.33267414569852,1753.2944597005844,2108.389436393976,0,5760,1.0,False,sac,14,2020,,-1,20,100,5.8,regen-v2,637c6b535a9e,unknown,greenhouse-regen:v1
5760,-7.51776807447907,9.696280107981597,17.214048182460665,12.662781558081509,3.038405577304959,1.5128610470741988,393911.3793867523,140.69757286757232,5.042870156913996,10.12801859101653,89.77430555555556,589,643.3373699188232,97.03125,171,36498.88125610352,91.92708333333334,465,467.7875556945801,1225,4329.156088232994,173.89207437634468,2250.6707980036736,2581.545122295618,0,5760,1.0,False,sac,14,2021,,-1,20,100,5.7,regen-v2,637c6b535a9e,unknown,greenhouse-regen:v1
5760,-4.561324400836257,11.210649259791497,15.77197366062775,11.512184461576492,2.4157830119758845,1.8440061870753768,455432.6261790296,127.91316068418324,6.146687290251255,8.052610039919616,85.69444444444444,824,798.0858306884766,95.1215277777778,281,128663.61010742188,95.01736111111111,287,410.9763298034668,1392,3935.7895595133305,211.954734146595,1789.4688977599144,2339.6848826110363,0,5760,1.0,False,sac,14,2022,,-1,20,100,5.7,regen-v2,637c6b535a9e,unknown,greenhouse-regen:v1
5760,-5.266884678143968,9.96018437231783,15.2270690504618,11.38717376659736,2.4521414372161026,1.3877538466483357,404632.4901254119,126.5241529621929,4.625846155494452,8.173804790720343,85.10416666666667,858,997.0660486221312,98.68055555555556,76,26357.803100585938,85.85069444444444,815,1579.4332084655762,1749,3893.050860375166,159.5119363963604,1816.4010646045208,2491.991698473692,0,5760,1.0,False,sac,14,2023,,-1,20,100,5.6,regen-v2,637c6b535a9e,unknown,greenhouse-regen:v1
5760,3.665965836526316,13.842625706504894,10.176659869978575,8.683949516175314,1.492710353803262,0.0,562356.6693267613,96.4883279575035,0.0,4.975701179344207,94.84375,297,269.46313762664795,99.8090277777778,11,426.40696716308594,84.04513888888889,919,3585.7637481689453,1227,2968.871629461646,0.0,1105.7113731876016,1123.9314266331494,0,5760,1.0,False,ppo,15,2020,,-1,20,100,5.7,regen-v2,637c6b535a9e,unknown,greenhouse-regen:v1
5760,-2.633068156327828,8.747277149129697,11.380345305457524,10.69554626286272,0.6847990425948053,0.0,355358.134183394,118.8394029206969,0.0,2.282663475316017,96.85763888888889,181,232.56369876861567,99.73958333333334,15,273.20947265625,91.73611111111111,476,768.7784805297852,672,3656.59701294452,0.0,507.2585500702262,1778.3273391015828,0,5760,1.0,False,ppo,15,2021,,-1,20,100,5.4,regen-v2,637c6b535a9e,unknown,greenhouse-regen:v1
5760,1.3508359731311006,12.065991899661164,10.715155926530064,9.61297216460891,1.1021837619211523,0.0,490180.9209237348,106.8108018289879,0.0,3.673945873070509,96.82291666666669,183,235.37986373901367,99.32291666666669,39,1937.662048339844,90.625,540,775.0011520385742,762,3286.4862101227045,0.0,816.4324162378907,1554.424004664179,0,5760,1.0,False,ppo,15,2022,,-1,20,100,5.5,regen-v2,637c6b535a9e,unknown,greenhouse-regen:v1
5760,-0.6065620192107906,9.983202521745936,10.589764540956727,9.713447358439677,0.8763171825170517,0.0,405567.60244592873,107.92719287155197,0.0,2.9210572750568398,97.10069444444444,167,180.44073963165283,99.32291666666669,39,2037.3104095458984,88.00347222222223,691,1087.8384017944336,897,3320.8367037400603,0.0,649.1238389015198,1946.8851028853096,0,5760,1.0,False,ppo,15,2023,,-1,20,100,5.4,regen-v2,637c6b535a9e,unknown,greenhouse-regen:v1
5760,-3.223705449103429,12.15392976425676,15.37763521336019,11.013668216751515,3.337387028597295,1.0265799680113792,493753.3966729309,122.37409129723906,3.421933226704597,11.12462342865765,84.70486111111111,881,2213.944788455963,97.69097222222224,133,30373.96850585937,93.05555555555556,400,797.7291870117188,1414,3765.356655299664,117.99769747257233,2472.1385397017,2922.4131529033184,0,5760,1.0,False,sac,15,2020,,-1,20,100,6.1,regen-v2,637c6b535a9e,unknown,greenhouse-regen:v1
5760,-5.709918980749978,10.276018461518452,15.98593744226843,12.30808746523708,2.2069285884261127,1.470921388605237,417463.24999918713,136.75652739152312,4.903071295350791,7.356428628087043,87.43055555555556,724,813.0521354675293,98.83680555555556,67,4928.753173828125,90.52083333333331,546,718.9481430053711,1337,4207.893150508404,169.07142397761345,1634.7619173526764,2246.4903888106346,0,5760,1.0,False,sac,15,2021,,-1,20,100,6.1,regen-v2,637c6b535a9e,unknown,greenhouse-regen:v1
5760,-3.4336364153078947,11.565148827841952,14.998785243149849,11.180898395685103,2.4564816393837328,1.361405208081007,469834.1711310793,124.23220439650116,4.538017360270024,8.18827213127911,81.57986111111111,1061,1307.7570276260376,97.17013888888889,163,41712.179443359375,94.32291666666669,327,326.57632064819336,1551,3822.5293660461903,156.48335725069046,1819.616029173136,2207.128420740366,0,5760,1.0,False,sac,15,2022,,-1,20,100,6.0,regen-v2,637c6b535a9e,unknown,greenhouse-regen:v1
5760,-4.6545362562588135,10.95196483809066,15.606501094349472,10.939517451705784,2.838583656844496,1.828399985799193,444923.5715474331,121.55019390784206,6.094666619330644,9.461945522814988,86.59722222222223,772,782.4075546264648,98.80208333333331,69,13912.323120117188,88.97569444444444,635,1175.1565856933594,1476,3740.00596639514,210.1609179079533,2102.654560625553,2767.7531668543816,0,5760,1.0,False,sac,15,2023,,-1,20,100,5.9,regen-v2,637c6b535a9e,unknown,greenhouse-regen:v1
5760,4.206612755958312,13.716508805626392,9.509896049668082,8.786718795567937,0.7231352269828318,4.20271173119545e-05,557233.1702285722,97.63020883964376,0.0001400903910398,2.4104507566094395,72.65625,1575,1995.969612121582,100.0,0,0.0,82.30902777777777,1019,4328.190532684326,2594,3004.006425835192,0.0048307031393051,535.6557236909866,1439.5641157254577,0,5760,1.0,False,ppo,16,2020,,-1,20,100,6.1,regen-v2,637c6b535a9e,unknown,greenhouse-regen:v1
5760,-0.8180624938699471,10.25234563840301,11.07040813227296,10.41401177554205,0.6563963567309081,0.0,416501.5415601224,115.71124195046724,0.0,2.187987855769694,79.56597222222223,1177,1322.9280700683594,100.0,0,0.0,87.20486111111111,737,1300.0693626403809,1914,3560.3459061682224,0.0,486.2195235043764,1290.5096399784088,0,5760,1.0,False,ppo,16,2021,,-1,20,100,5.8,regen-v2,637c6b535a9e,unknown,greenhouse-regen:v1
5760,2.831330911912806,12.863781328155882,10.032450416243076,9.3258667231109,0.706583693132177,0.0,522591.11645633273,103.62074136789887,0.0,2.3552789771072566,73.94097222222223,1501,1695.9878730773926,100.0,0,0.0,87.01388888888889,748,1407.9336471557615,2249,3188.330503627658,0.0,523.395328246057,1852.189873702824,0,5760,1.0,False,ppo,16,2022,,-1,20,100,6.2,regen-v2,637c6b535a9e,unknown,greenhouse-regen:v1
5760,0.7864141982626558,11.083325826832318,10.296911628569664,9.675457706710697,0.6214539218589663,0.0,450260.1117150629,107.50508563011884,0.0,2.071513072863221,76.38888888888889,1360,1550.6718606948853,100.0,0,0.0,86.66666666666667,768,1611.5320167541504,2128,3307.848788619041,0.0,460.3362384140492,1992.875679552555,0,5760,1.0,False,ppo,16,2023,,-1,20,100,5.8,regen-v2,637c6b535a9e,unknown,greenhouse-regen:v1
5760,-1.9338363120871969,10.028313440021556,11.962149752108752,9.337862380760908,1.775022067661583,0.8492653036862612,407400.2335008757,103.75402645289898,2.8308843456208708,5.916740225538612,76.42361111111111,1358,1861.137493133545,99.04513888888889,55,5717.163696289063,85.48611111111111,836,2196.122756958008,2249,3192.4315831661224,97.61670157313348,1314.8311612308023,2193.7262462079525,0,5760,1.0,False,sac,16,2020,,-1,20,100,6.1,regen-v2,637c6b535a9e,unknown,greenhouse-regen:v1
5760,-5.626158137826383,8.884098720249028,14.51025685807541,11.98401849147454,1.7562847639024255,0.7699536026984453,360916.5105101168,133.1557610163838,2.5665120089948177,5.854282546341419,78.09027777777777,1262,1454.1991577148438,97.74305555555556,130,11303.415649414062,87.55208333333333,717,1203.47416305542,2109,4097.100338965654,88.50041410326958,1300.9516769647598,1702.1629173755646,0,5760,1.0,False,sac,16,2021,,-1,20,100,6.0,regen-v2,637c6b535a9e,unknown,greenhouse-regen:v1
5760,-0.886632432114224,11.31977998620506,12.206412418319283,10.219120491872728,1.0341505655676126,0.9531413608789444,459866.0619395806,113.54578324303031,3.1771378695964816,3.4471685518920423,74.13194444444444,1490,1947.168969154358,99.91319444444444,5,1743.024658203125,88.29861111111111,674,1196.822723388672,2169,3493.716407477856,109.55647826194765,766.0374559760094,2034.3330987989905,0,5760,1.0,False,sac,16,2022,,-1,20,100,6.0,regen-v2,637c6b535a9e,unknown,greenhouse-regen:v1
5760,-3.648312540429096,9.209971471808096,12.85828401223719,10.345722072945534,1.7602052635386585,0.7523566757529975,374155.0910422039,114.9524674771726,2.507855585843325,5.867350878462196,76.5625,1350,1451.7785186767578,99.72222222222224,16,1007.907470703125,86.51041666666667,777,1544.7651977539062,2143,3536.998999297619,86.47777882218361,1303.8557507693768,2354.451830357313,0,5760,1.0,False,sac,16,2023,,-1,20,100,5.9,regen-v2,637c6b535a9e,unknown,greenhouse-regen:v1
5760,3.292631506323883,14.841263762110914,11.54863225578703,10.13573858446777,1.0072619173575192,0.4056317539617419,602926.3403357558,112.61931760519744,1.3521058465391398,3.3575397245250644,78.03819444444444,1265,1903.8424167633057,100.0,0,0.0,80.20833333333334,1140,8454.498161315918,2405,3465.209772467613,46.624339535832405,746.1199387833476,2209.792781723197,0,5760,1.0,False,ppo,17,2020,,-1,20,100,5.5,regen-v2,637c6b535a9e,unknown,greenhouse-regen:v1
5760,-2.197191159367135,12.216448077388534,14.41363923675567,12.794187673828192,1.6194515629274768,0.0,496293.2031439092,142.15764082031325,0.0,5.398171876424923,81.875,1044,1377.4745483398438,100.0,0,0.0,95.5034722222222,259,251.0611724853516,1303,4374.081256009638,0.0,1199.5937503166497,1619.24386694422,0,5760,1.0,False,ppo,17,2021,,-1,20,100,5.3,regen-v2,637c6b535a9e,unknown,greenhouse-regen:v1
5760,1.6744144782092445,14.529071530904252,12.854657052695003,11.462399443012476,1.385105333083123,0.0071522765994071,590243.5309429852,127.35999381124974,0.0238409219980239,4.617017776943743,86.73611111111111,764,994.7559804916382,99.6875,18,1313.0274658203125,94.3402777777778,326,592.8429412841797,1108,3918.7690403461456,0.8221007585525513,1026.003950431943,1904.355414492544,0,5760,1.0,False,ppo,17,2022,,-1,20,100,5.5,regen-v2,637c6b535a9e,unknown,greenhouse-regen:v1
5760,-1.1007140020964354,12.658899205311046,13.759613207407485,11.717096294419282,2.0387562785435467,0.0037606344446539,514267.7802157613,130.1899588268809,0.0125354481488466,6.795854261811822,86.89236111111111,755,885.8913478851318,100.0,0,0.0,92.96875,405,732.2813339233398,1160,4005.844886980951,0.4322568327188492,1510.1898359581828,1932.350630016532,0,5760,1.0,False,ppo,17,2023,,-1,20,100,5.4,regen-v2,637c6b535a9e,unknown,greenhouse-regen:v1
5760,-2.95843305925823,10.316860813016229,13.275293872274458,9.359057973311842,2.4429163385510444,1.4733195604115723,419122.47052878427,103.98953303679824,4.911065201371908,8.143054461836815,79.67013888888889,1171,1500.2401480674744,97.65625,135,44257.30322265625,85.43402777777777,839,1657.2549362182615,2145,3199.677939593792,169.34707590937614,1809.5676581859589,1780.6679953038692,0,5760,1.0,False,sac,17,2020,,-1,20,100,5.8,regen-v2,637c6b535a9e,unknown,greenhouse-regen:v1
5760,-6.047270767101522,9.94294901005191,15.990219777153431,11.805088191197813,2.637068902435898,1.548062683519721,403932.3035333589,131.1676465688646,5.160208945065738,8.79022967478633,82.22222222222221,1024,1141.1124210357666,95.5034722222222,259,59816.31396484375,88.07291666666667,687,999.6924819946288,1970,4035.927586734295,177.9382394850254,1953.38437217474,1609.6362164616585,0,5760,1.0,False,sac,17,2021,,-1,20,100,5.7,regen-v2,637c6b535a9e,unknown,greenhouse-regen:v1
5760,-4.261686230144973,11.10243599074674,15.364122220891714,10.816121448129415,2.740945856362581,1.8070549163997167,451036.46212408633,120.17912720143796,6.023516387999058,9.13648618787527,89.18402777777777,623,592.4665260314941,94.1840277777778,335,54028.40103149414,87.53472222222223,718,1063.0581512451172,1676,3697.819298505783,207.70746165513992,2030.3302639722824,1847.1647241413596,0,5760,1.0,False,sac,17,2022,,-1,20,100,5.8,regen-v2,637c6b535a9e,unknown,greenhouse-regen:v1
5760,-5.246577307293495,9.468512557689914,14.715089864983408,10.37974032966122,2.871561921340227,1.463787613981962,384658.3226561528,115.33044810734692,4.87929204660654,9.57187307113409,79.93055555555556,1156,1600.4515504837036,98.7847222222222,70,28969.0263671875,84.42708333333333,897,1725.6781463623047,2123,3548.6291725337505,168.25144988298416,2127.0829046964645,2152.3995400071144,0,5760,1.0,False,sac,17,2023,,-1,20,100,5.7,regen-v2,637c6b535a9e,unknown,greenhouse-regen:v1
5760,4.1791164892714985,13.285514437093076,9.10639794782158,8.97047487138603,0.135923076435551,0.0,539724.0240069063,99.67194301540032,0.0,0.4530769214518368,86.30208333333333,789,1193.7472643852234,100.0,0,0.0,86.97916666666666,750,3076.9822311401367,1539,3066.8290158584714,0.0,100.6837603226304,1443.3727197647097,0,5760,1.0,False,ppo,18,2020,,-1,20,100,5.7,regen-v2,637c6b535a9e,unknown,greenhouse-regen:v1
5760,-2.5278480222442905,9.901634435363135,12.429482457607426,12.197332921143808,0.2321495364636182,0.0,402253.8989366274,135.5259213460423,0.0,0.7738317882120609,87.43055555555556,724,1540.4542021751404,99.98263888888889,1,24.79278564453125,93.81944444444444,356,528.5935401916504,1081,4170.028349108994,0.0,171.9626196026802,1132.4761337414384,0,5760,1.0,False,ppo,18,2021,,-1,20,100,5.5,regen-v2,637c6b535a9e,unknown,greenhouse-regen:v1
5760,1.4406933284844603,12.017948054025448,10.577254725540987,10.360966589083336,0.2162881364576518,0.0,488229.13969478384,115.12185098981485,0.0,0.7209604548588395,85.13888888888889,856,1369.7449369430542,99.98263888888889,1,11.936676025390623,91.5972222222222,484,1137.8732109069824,1341,3542.2107996866107,0.0,160.21343441307545,1488.417970335111,0,5760,1.0,False,ppo,18,2022,,-1,20,100,5.5,regen-v2,637c6b535a9e,unknown,greenhouse-regen:v1
5760,-0.5888823756804735,10.874584180376488,11.46346655605696,11.170959612585603,0.2925069434713572,0.0,441779.9823277948,124.12177347317338,0.0,0.975023144904524,91.11111111111111,512,1015.1457858085632,100.0,0,0.0,95.53819444444444,257,305.88516998291016,769,3819.131491482258,0.0,216.67180997878316,1790.7025193460286,0,5760,1.0,False,ppo,18,2023,,-1,20,100,5.4,regen-v2,637c6b535a9e,unknown,greenhouse-regen:v1
5760,0.5000691638323693,13.389811149068477,12.889741985236109,10.068644100514051,2.2474116977110503,0.5736861870110035,543961.0779309069,111.87382333904505,1.9122872900366783,7.491372325703502,79.79166666666667,1164,2113.1264238357544,97.56944444444444,140,35453.54296875,93.125,396,612.0476608276367,1700,3442.271487355232,65.94094103574753,1664.7494057118893,1045.1351606547832,0,5760,1.0,False,sac,18,2020,,-1,20,100,5.8,regen-v2,637c6b535a9e,unknown,greenhouse-regen:v1
5760,-4.354095028978247,9.827002112447063,14.18109714142531,11.99169175568819,1.388467161257565,0.8009382244795561,399221.960818162,133.24101950764657,2.6697940815985204,4.62822387085855,85.72916666666667,822,1152.3216590881348,98.125,108,10869.2939453125,91.61458333333331,483,884.374641418457,1413,4099.723677158356,92.0618648827076,1028.4941935241222,1717.9164150953293,0,5760,1.0,False,sac,18,2021,,-1,20,100,5.7,regen-v2,637c6b535a9e,unknown,greenhouse-regen:v1
5760,-0.0135261709707086,12.718836502441556,12.732362673412265,10.788579836569726,1.267826526260376,0.675956310582161,516702.73291168816,119.87310929521918,2.253187701940537,4.226088420867921,88.36805555555556,670,1124.323221206665,99.51388888888889,28,3118.8162841796875,93.26388888888889,388,570.3968162536621,1086,3688.403362929821,77.69612765312195,939.1307601928712,1868.3058298826215,0,5760,1.0,False,sac,18,2022,,-1,20,100,5.7,regen-v2,637c6b535a9e,unknown,greenhouse-regen:v1
5760,-4.000961387532309,9.429972730554535,13.430934118086846,10.856889263179154,1.7714070440188048,0.8026378108888865,383092.642178778,120.63210292421284,2.675459369629622,5.904690146729349,84.42708333333333,897,1168.191966533661,99.53125,27,3250.5223388671875,88.62847222222221,655,1296.3334503173828,1579,3711.757013052702,92.25721964240074,1312.1533659398556,2239.0359956920147,0,5760,1.0,False,sac,18,2023,,-1,20,100,5.7,regen-v2,637c6b535a9e,unknown,greenhouse-regen:v1
5760,3.686315775545216,13.574442237003677,9.888126461458462,7.795244805425406,1.9879774693402228,0.1049041866928339,551461.7158782744,86.6138311713934,0.3496806223094464,6.626591564467409,78.87152777777777,1217,1589.4143795967102,100.0,0,0.0,88.02083333333334,690,3943.695966720581,1907,2665.0409591197968,12.057952493429184,1472.57590321498,1516.515516921878,0,5760,1.0,False,ppo,19,2020,,-1,20,100,6.1,regen-v2,637c6b535a9e,unknown,greenhouse-regen:v1
5760,-1.7136893611470678,10.292596499252063,12.006285860399135,10.33435169789102,1.658244045834406,0.0136901166737079,418136.7327821152,114.82612997656688,0.0456337222456932,5.5274801527813535,86.16319444444444,797,1550.6108484268188,99.94791666666669,3,20.830810546875,93.19444444444444,392,627.7976264953613,1192,3533.1116915866733,1.5735766291618347,1228.328922840301,1341.216297404375,0,5760,1.0,False,ppo,19,2021,,-1,20,100,5.6,regen-v2,637c6b535a9e,unknown,greenhouse-regen:v1
5760,2.2729345927845723,12.853497027385352,10.580562434600782,8.85751361966338,1.676524801517953,0.0465240134194493,522173.31673753005,98.41681799625977,0.1550800447314977,5.588416005059844,81.68402777777779,1055,1805.147500514984,100.0,0,0.0,89.82638888888889,586,1086.5346946716309,1641,3028.209784500301,5.347587749361992,1241.870223346632,1460.97287369892,0,5760,1.0,False,ppo,19,2022,,-1,20,100,5.7,regen-v2,637c6b535a9e,unknown,greenhouse-regen:v1
5760,-0.6115852592505668,10.958785696967537,11.570370956218104,9.785781884817034,1.7747530271461698,0.009836044254899,445200.66893930617,108.73090983130038,0.0327868141829967,5.915843423820566,91.25,504,818.8481016159058,100.0,0,0.0,95.39930555555556,265,473.5098876953125,769,3345.566456347704,1.130579799413681,1314.631871960126,1656.151985554956,0,5760,1.0,False,ppo,19,2023,,-1,20,100,5.8,regen-v2,637c6b535a9e,unknown,greenhouse-regen:v1
5760,-1.2560319331229994,11.57813382228228,12.834165755405277,9.48109327680543,1.6907641372337936,1.6623083413660529,470361.6865302175,105.34548085339368,5.541027804553509,5.635880457445979,82.37847222222221,1015,1172.71453332901,99.28819444444444,41,8666.943237304688,86.80555555555556,760,1928.559642791748,1816,3241.3994108736515,191.06992429494855,1252.4178794324398,2031.068274885416,0,5760,1.0,False,sac,19,2020,,-1,20,100,5.9,regen-v2,637c6b535a9e,unknown,greenhouse-regen:v1
5760,-4.877341970395583,9.702364534712297,14.57970650510788,11.74833892298788,1.6416819921925665,1.1896855899274348,394158.55922268704,130.53709914430976,3.9656186330914496,5.472273307308554,86.875,756,798.4246292114258,97.27430555555556,157,44545.349609375,90.9375,522,701.6825523376465,1435,4016.526127517224,136.74547010660172,1216.0607349574566,1499.304418295622,0,5760,1.0,False,sac,19,2021,,-1,20,100,5.7,regen-v2,637c6b535a9e,unknown,greenhouse-regen:v1
5760,-2.4498249564179946,11.621411891212894,14.071236847630887,10.765847058974952,1.8234469863340257,1.4819428023219108,472119.8580805238,119.62052287749948,4.939809341073036,6.078156621113419,88.78472222222223,646,686.1641426086426,99.35763888888889,37,2165.0692138671875,94.6875,306,423.0995330810547,989,3680.6314731538296,170.33825314044952,1350.7014713585377,1924.280852854252,0,5760,1.0,False,sac,19,2022,,-1,20,100,5.8,regen-v2,637c6b535a9e,unknown,greenhouse-regen:v1
5760,-4.033278963123309,9.500508551302506,13.533787514425814,10.221744147527218,2.2437418865963816,1.0683014803022146,385958.15989666426,113.57493497252464,3.5610049343407155,7.479139621987939,80.59027777777777,1118,1138.795512199402,99.46180555555556,31,6236.1671142578125,89.80902777777777,587,854.0492286682129,1736,3494.613383769989,122.7932735979557,1662.0310271084309,2111.800470739603,0,5760,1.0,False,sac,19,2023,,-1,20,100,5.8,regen-v2,637c6b535a9e,unknown,greenhouse-regen:v1
5760,3.097171528727848,14.342632457148383,11.245460928420536,9.378094180400112,1.8673667480204248,0.0,582669.4435716531,104.20104644889014,0.0,6.224555826734751,92.10069444444444,455,609.7900447845459,99.60069444444444,23,439.28564453125,86.49305555555556,778,4005.2875385284415,1256,3206.1860445812345,0.0,1383.234628163278,1439.4706378132105,0,5760,1.0,False,ppo,2,2020,,-1,20,100,5.5,regen-v2,637c6b535a9e,unknown,greenhouse-regen:v1
5760,-2.3546218106231787,11.740948479910507,14.095570290533686,12.205831841537542,1.8579993057437705,0.0317391432523727,476976.0319963644,135.6203537948616,0.1057971441745758,6.1933310191459015,93.9409722222222,349,421.4532432556152,99.20138888888889,46,1288.19140625,95.625,252,226.3264923095703,647,4172.933962918818,3.6481773853302,1376.2957820324227,1189.6064690761268,0,5760,1.0,False,ppo,2,2021,,-1,20,100,5.2,regen-v2,637c6b535a9e,unknown,greenhouse-regen:v1
5760,1.8413731506946875,14.03940898707117,12.198035836376482,10.468137209177389,1.7228748420907647,0.0070237851083278,570350.9900997663,116.31263565752654,0.0234126170277595,5.742916140302549,93.4027777777778,380,336.1517562866211,98.6284722222222,79,5959.090698242188,95.39930555555556,265,334.85140228271484,724,3578.850327923894,0.8073316216468811,1276.2035867339,1751.8468143567443,0,5760,1.0,False,ppo,2,2022,,-1,20,100,5.4,regen-v2,637c6b535a9e,unknown,greenhouse-regen:v1
5760,-2.1783874169242448,11.399052526013149,13.57743994293739,11.169106133320929,2.408333809616463,0.0,463086.50886928407,124.1011792591214,0.0,8.027779365388211,95.83333333333334,240,296.0413074493408,100.0,0,0.0,95.9027777777778,236,216.1042022705078,476,3818.497823357582,0.0,1783.950970086269,1754.5861103869977,0,5760,1.0,False,ppo,2,2023,,-1,20,100,5.3,regen-v2,637c6b535a9e,unknown,greenhouse-regen:v1
5760,-3.223448133827651,10.87520893691564,14.098657070743291,11.004434432738272,2.1019543577313424,0.9922682802736758,441805.3630621979,122.27149369709193,3.307560934245586,7.006514525771141,82.84722222222223,988,1171.295621395111,99.35763888888889,37,2991.4874572753906,94.13194444444444,338,652.0820960998535,1363,3762.1998060643673,114.05382531881332,1557.0032279491425,2262.518399119377,0,5760,1.0,False,sac,2,2020,,-1,20,100,5.8,regen-v2,637c6b535a9e,unknown,greenhouse-regen:v1
5760,-7.939551009626238,9.04706639493078,16.986617404557016,12.409235172779113,2.414095972645282,2.163286259132623,367537.072294063,137.8803908086568,7.210954197108744,8.046986575484276,78.40277777777777,1244,2018.2586450576785,98.88888888888889,64,11225.927642822266,93.17708333333331,393,555.6009407043457,1701,4242.473563343287,248.65359300374985,1788.2192389965055,2438.589684158564,0,5760,1.0,False,sac,2,2021,,-1,20,100,5.7,regen-v2,637c6b535a9e,unknown,greenhouse-regen:v1
5760,-3.856395035363408,10.971601661783785,14.82799669714719,11.047391510009763,1.943939474679529,1.8366657124578956,445721.31750996615,122.74879455566406,6.122219041526318,6.479798248931765,83.97569444444444,923,1082.5292234420776,99.44444444444444,32,4805.0341796875,94.67013888888889,307,322.91117095947266,1262,3776.885986328125,211.111001431942,1439.9551664292812,2409.738499611616,0,5760,1.0,False,sac,2,2022,,-1,20,100,5.7,regen-v2,637c6b535a9e,unknown,greenhouse-regen:v1
5760,-6.697756629028699,9.577946337888608,16.275702966917308,11.855501007067412,2.6858984460309148,1.7343035138189793,389104.0699767247,131.7277889674157,5.781011712729931,8.952994820103049,80.85069444444444,1103,1355.9211659431458,99.4097222222222,34,4254.726318359375,93.02083333333331,402,568.9767189025879,1539,4053.162737458944,199.3452314734459,1989.5544044673445,2957.128329187632,0,5760,1.0,False,sac,2,2023,,-1,20,100,5.7,regen-v2,637c6b535a9e,unknown,greenhouse-regen:v1
5760,3.8205351017600098,13.014768168693426,9.194233066933414,7.963441300878861,0.7941688905458897,0.4366228755086659,528724.9568531704,88.48268112087624,1.4554095850288866,2.6472296351529656,66.84027777777779,1910,3061.812131881714,100.0,0,0.0,84.53125,891,3641.139078140259,2801,2722.544034488499,50.1865374147892,588.2732522562146,1554.9225614890456,0,5760,1.0,False,ppo,3,2020,,-1,20,100,6.0,regen-v2,637c6b535a9e,unknown,greenhouse-regen:v1
5760,-2.5117580025410358,9.722846052637689,12.234604055178725,11.334178474178351,0.8200605517175048,0.0803650292828679,394990.6208884061,125.93531637975948,0.267883430942893,2.733535172391683,89.16666666666667,624,882.2945184707642,100.0,0,0.0,92.98611111111111,404,486.5084190368652,1028,3874.9328116849065,9.237359687685966,607.4522605314851,1169.175045767799,0,5760,1.0,False,ppo,3,2021,,-1,20,100,5.6,regen-v2,637c6b535a9e,unknown,greenhouse-regen:v1
5760,1.91319805540396,11.690764366398287,9.777566310994326,9.003912790280209,0.6301122860703616,0.1435412346437573,474937.3023849304,100.04347544755788,0.4784707821458578,2.100374286901205,83.76736111111111,935,1113.780303955078,100.0,0,0.0,92.58680555555556,427,657.6272125244141,1362,3078.2607830017805,16.4989924877882,466.7498415336013,1612.7428628504276,0,5760,1.0,False,ppo,3,2022,,-1,20,100,5.5,regen-v2,637c6b535a9e,unknown,greenhouse-regen:v1
5760,-0.0621238997578692,11.053236480852954,11.115360380610824,9.608598616519757,1.0222104100389404,0.4845513540521263,449037.7320346513,106.76220685021951,1.6151711801737545,3.407368033463135,85.29513888888889,847,889.2085361480713,100.0,0,0.0,90.03472222222221,574,942.3212013244628,1421,3284.9909800067544,55.69555793702602,757.1928963251412,1621.4951578881592,0,5760,1.0,False,ppo,3,2023,,-1,20,100,5.4,regen-v2,637c6b535a9e,unknown,greenhouse-regen:v1
5760,-0.6885817563302874,12.627236180137835,13.315817936468124,10.325924174617231,1.824777113498747,1.165116648352146,512981.4698180996,114.73249082908036,3.88372216117382,6.082590378329157,74.32291666666667,1479,2649.797468185425,99.73958333333334,15,1367.0823974609375,93.36805555555556,382,826.4460601806641,1876,3530.230487048626,133.92145383358002,1351.6867507398129,2305.703781098128,0,5760,1.0,False,sac,3,2020,,-1,20,100,5.8,regen-v2,637c6b535a9e,unknown,greenhouse-regen:v1
5760,-4.675184803220371,10.012359270561744,14.687544073782115,11.579450690873712,2.022087301777303,1.0860060811311008,406752.0953665709,128.66056323193015,3.620020270437003,6.740291005924344,81.16319444444444,1085,1376.9021787643433,99.72222222222224,16,462.7579040527344,89.18402777777777,623,890.8198127746582,1724,3958.7865609824657,124.82828518748283,1497.8424457609651,1632.118444174528,0,5760,1.0,False,sac,3,2021,,-1,20,100,5.6,regen-v2,637c6b535a9e,unknown,greenhouse-regen:v1
5760,-1.694613150246857,11.83979025766659,13.534403407913445,10.69338978087455,1.6849782172992824,1.1560354097396135,480991.4792177052,118.81544200971724,3.853451365798712,5.616594057664275,81.59722222222221,1060,1127.8502388000488,99.49652777777776,29,2909.03466796875,93.3159722222222,385,612.3052978515625,1474,3655.8597541451454,132.87763330340383,1248.1320128142834,2022.8977873027325,0,5760,1.0,False,sac,3,2022,,-1,20,100,5.8,regen-v2,637c6b535a9e,unknown,greenhouse-regen:v1
5760,-3.561354042349829,9.97885562392913,13.540209666278958,10.414863835448026,2.1335201779067514,0.99182565292418,405391.0097221209,115.72070928275583,3.306085509747267,7.111733926355838,81.47569444444444,1067,1449.2557611465454,99.8090277777778,11,1166.638671875,89.56597222222223,601,934.827995300293,1679,3560.63720870018,114.00294861197472,1580.3853169679642,2225.125337958336,0,5760,1.0,False,sac,3,2023,,-1,20,100,5.8,regen-v2,637c6b535a9e,unknown,greenhouse-regen:v1
5760,4.278341312549639,13.83325885241721,9.554917539867573,8.076046764785797,1.4652000472521407,0.0136707278296351,561976.1408794492,89.73385294206442,0.0455690927654504,4.884000157507136,88.36805555555556,670,618.172287940979,100.0,0,0.0,82.65625,999,4229.992584228516,1669,2761.041628986597,1.571348026394844,1085.3333683349192,1647.284222587943,0,5760,1.0,False,ppo,4,2020,,-1,20,100,6.5,regen-v2,637c6b535a9e,unknown,greenhouse-regen:v1
5760,-0.3667858504438144,11.60557420199855,11.972360052442363,10.250852484341335,1.721507568101026,0.0,471476.4519561911,113.89836093712596,0.0,5.738358560336753,91.90972222222224,466,574.777626991272,100.0,0,0.0,83.97569444444444,923,1443.4288902282717,1389,3504.5649519115686,0.0,1275.1907911859453,1320.4154424965382,0,5760,1.0,False,ppo,4,2021,,-1,20,100,6.1,regen-v2,637c6b535a9e,unknown,greenhouse-regen:v1
5760,3.3223069734948925,13.809527420184503,10.487220446689614,8.983716363762506,1.499435156022012,0.0040689269050955,561012.0514449956,99.8190707084723,0.0135630896836519,4.99811718674004,91.66666666666666,480,433.6502323150635,100.0,0,0.0,88.57638888888889,658,1126.2094268798828,1138,3071.356021799147,0.4676927477121353,1110.6927081644535,1628.4481259584427,0,5760,1.0,False,ppo,4,2022,,-1,20,100,6.2,regen-v2,637c6b535a9e,unknown,greenhouse-regen:v1
5760,1.1607957653198162,12.055679131846668,10.894883366526848,9.231992493551598,1.6628908729752525,0.0,489761.9647312708,102.57769437279552,0.0,5.542969576584175,91.45833333333331,492,550.3559799194336,100.0,0,0.0,82.30902777777777,1019,1976.6560821533203,1511,3156.23674993217,0.0,1231.7710170187056,1502.5806607436389,0,5760,1.0,False,ppo,4,2023,,-1,20,100,6.7,regen-v2,637c6b535a9e,unknown,greenhouse-regen:v1
5760,-2.349549136659374,12.663915994102638,15.01346513076201,10.59616618342325,2.308112497012317,2.1091864503264426,514471.5872604196,117.7351798158139,7.030621501088143,7.69370832337439,88.15972222222223,682,896.8883743286133,98.68055555555556,76,22600.817260742188,92.30902777777776,443,842.5242347717285,1201,3622.6209174096575,242.4352241754532,1709.7129607498646,2404.3206527233124,0,5760,1.0,False,sac,4,2020,,-1,20,100,6.6,regen-v2,637c6b535a9e,unknown,greenhouse-regen:v1
5760,-5.732290586534203,8.859286295007108,14.591576881541313,11.592603902457654,1.8732270694524047,1.1257459096312523,359908.5057346638,128.80671002730728,3.752486365437508,6.244090231508016,90.32986111111111,557,719.3513069152832,99.42708333333331,33,2364.9901123046875,82.20486111111111,1025,2230.5669326782227,1615,3963.283385455608,129.3960815668106,1387.5756070017817,1871.958784848452,0,5760,1.0,False,sac,4,2021,,-1,20,100,7.1,regen-v2,637c6b535a9e,unknown,greenhouse-regen:v1
5760,-4.240053672238139,10.972135951002244,15.21218962324038,11.456631853917989,1.7920950835257767,1.9634626857966184,445743.0230094661,127.29590948797764,6.544875619322061,5.973650278419256,88.87152777777779,641,688.9411811828613,98.94097222222224,61,10396.657348632812,92.32638888888889,442,382.7776107788086,1144,3916.797215014696,225.68536618351936,1327.4778396487236,2190.544953256845,0,5760,1.0,False,sac,4,2022,,-1,20,100,6.7,regen-v2,637c6b535a9e,unknown,greenhouse-regen:v1
5760,-5.125087306305092,9.364376028314162,14.489463334619254,11.05176400521621,2.4752651256322857,0.9624342037707568,380427.7761502628,122.79737783573567,3.2081140125691894,8.250883752107619,89.18402777777777,623,630.9430546760559,99.39236111111111,35,3893.7646484375,87.93402777777779,695,1278.6030082702637,1353,3778.380856484175,110.62462112307549,1833.5297226905825,2542.2359696626663,0,5760,1.0,False,sac,4,2023,,-1,20,100,6.5,regen-v2,637c6b535a9e,unknown,greenhouse-regen:v1
5760,4.473906814541827,14.39127556339984,9.917368748858012,9.793923741984552,0.0937054380051791,0.0297395688682794,584645.5697631185,108.82137491093948,0.0991318962275981,0.3123514600172639,83.62847222222223,943,1517.8897976875303,99.86111111111111,8,27.78009033203125,80.72916666666666,1110,3438.8116874694824,2061,3348.3499972596765,3.418341249227524,69.41143555939198,988.6882680431008,0,5760,1.0,False,ppo,5,2020,,-1,20,100,5.7,regen-v2,637c6b535a9e,unknown,greenhouse-regen:v1
5760,-1.811335008259473,11.130919710981305,12.942254719240776,12.60363583932314,0.3245935616467147,0.0140253182709217,452193.6132586155,140.04039821470158,0.0467510609030723,1.0819785388223826,94.46180555555556,319,490.77375507354736,98.8715277777778,65,4300.600448608398,88.45486111111111,665,815.4259719848633,1049,4308.935329683125,1.6121055483818054,240.4396752938628,723.0307597313076,0,5760,1.0,False,ppo,5,2021,,-1,20,100,5.5,regen-v2,637c6b535a9e,unknown,greenhouse-regen:v1
5760,2.4193411608249957,13.245976688998852,10.826635528173856,10.631936481489054,0.1636554864943027,0.0310435601904988,538117.8029905783,118.1326275721006,0.1034785339683294,0.5455182883143425,88.57638888888889,658,1361.3482856750488,98.97569444444444,59,1119.906753540039,85.71180555555556,823,1448.814224243164,1540,3634.850079141557,3.568225309252739,121.22628629207613,1132.882192576304,0,5760,1.0,False,ppo,5,2022,,-1,20,100,5.6,regen-v2,637c6b535a9e,unknown,greenhouse-regen:v1
5760,-0.8332007675038998,11.340464343869652,12.173665111373552,11.87637238799762,0.2759354387674481,0.0213572846084833,460706.3639697046,131.95969319997357,0.0711909486949444,0.9197847958914936,96.70138888888889,190,315.2270441055298,99.96527777777776,2,16.878265380859375,90.88541666666666,525,525.1870613098145,717,4060.298252306879,2.4548602998256683,204.3966213092208,1135.1901462562382,0,5760,1.0,False,ppo,5,2023,,-1,20,100,5.5,regen-v2,637c6b535a9e,unknown,greenhouse-regen:v1
5760,-2.6579067877182063,11.395677013829976,14.053583801548182,9.95117993861139,2.189514334903657,1.912889528033137,462949.3786868428,110.568665984571,6.376298426777124,7.298381116345524,87.08333333333333,744,864.1082563400269,98.85416666666669,66,4059.529357910156,91.30208333333331,501,804.0053367614746,1311,3402.112799525261,219.8723595440388,1621.8624702990055,2309.794606477022,0,5760,1.0,False,sac,5,2020,,-1,20,100,6.3,regen-v2,637c6b535a9e,unknown,greenhouse-regen:v1
5760,-6.067151061751472,9.76617731628291,15.83332837803438,11.342425062022356,2.6254956658333537,1.8654076501786707,396750.9534739932,126.02694513358176,6.218025500595569,8.751652219444512,85.67708333333334,825,1051.4351511001587,98.69791666666666,75,8869.886840820312,80.17361111111111,1142,1978.0346603393557,2042,3877.7521579563618,214.41467243433,1944.811604321003,2403.469189822674,0,5760,1.0,False,sac,5,2021,,-1,20,100,6.3,regen-v2,637c6b535a9e,unknown,greenhouse-regen:v1
5760,-2.239333325869464,11.484626112935818,13.723959438805284,10.374302652677894,1.9651409219428893,1.384515864184499,466562.9358380176,115.27002947419882,4.615052880614997,6.550469739809632,83.38541666666667,957,1531.3637924194336,99.73958333333334,15,765.813232421875,86.68402777777777,767,1153.4077377319336,1739,3546.770137667656,159.13975450396538,1455.6599421799183,2573.947721868753,0,5760,1.0,False,sac,5,2022,,-1,20,100,6.3,regen-v2,637c6b535a9e,unknown,greenhouse-regen:v1
5760,-4.842424191205101,9.632130182570322,14.474554373775424,10.464694183954595,2.506339166338741,1.5035210234820842,391305.2886669193,116.27437982171774,5.011736744940281,8.354463887795806,84.79166666666667,876,952.1672649383544,98.80208333333331,69,5493.51904296875,85.48611111111111,836,1296.8601722717283,1781,3577.6732252836227,172.81850844621658,1856.5475306212904,2748.354068338871,0,5760,1.0,False,sac,5,2023,,-1,20,100,6.2,regen-v2,637c6b535a9e,unknown,greenhouse-regen:v1
5760,1.6870938413571563,13.795073446883077,12.10797960552592,10.435382753054984,1.6725968524709345,0.0,560424.8587796249,115.9486972561665,0.0,5.575322841569781,96.14583333333331,222,240.71548080444336,99.72222222222224,16,184.6966552734375,90.64236111111111,539,2703.760305404663,777,3567.652223266661,0.0,1238.9606314599514,1555.76589358598,0,5760,1.0,False,ppo,6,2020,,-1,20,100,7.1,regen-v2,637c6b535a9e,unknown,greenhouse-regen:v1
5760,-2.7866240551460306,11.38271406260582,14.169338117751852,13.101619865744748,1.0677182520071042,0.0,462422.7587933615,145.57355406383053,0.0,3.559060840023681,96.77083333333331,186,204.76316165924072,99.5659722222222,25,1631.96337890625,95.03472222222224,286,332.7915840148926,497,4479.186278887093,0.0,790.9024088941514,1103.954077405855,0,5760,1.0,False,ppo,6,2021,,-1,20,100,6.2,regen-v2,637c6b535a9e,unknown,greenhouse-regen:v1
5760,0.4657678786463404,13.41969695952342,12.953929080877082,11.648829806041718,1.305099274835363,0.0,545175.188980639,129.43144228935242,0.0,4.350330916117876,97.93402777777776,119,109.17704010009766,99.86111111111111,8,189.26025390625,95.26041666666669,273,449.0677452087402,400,3982.505916595459,0.0,966.7402035817504,1476.8106725048274,0,5760,1.0,False,ppo,6,2022,,-1,20,100,6.3,regen-v2,637c6b535a9e,unknown,greenhouse-regen:v1
5760,-0.9958697433726696,11.70388057803532,12.69975032140799,11.6116863504773,1.088063970930688,0.0,475470.14848268486,129.01873722752558,0.0,3.626879903102293,95.46875,261,264.0582790374756,99.93055555555556,4,283.5655517578125,92.08333333333331,456,533.6911926269531,721,3969.807299308479,0.0,805.9733118005097,1643.9627481829375,0,5760,1.0,False,ppo,6,2023,,-1,20,100,6.4,regen-v2,637c6b535a9e,unknown,greenhouse-regen:v1
5760,-0.9225434371250264,11.59645453540212,12.518997972527146,9.714691143125297,1.9419673732459544,0.8623394561558961,471105.9655007111,107.9410127013922,2.874464853852987,6.473224577486515,84.46180555555556,895,1269.3227634429932,99.72222222222224,16,2274.440795898437,93.78472222222224,358,503.61305236816406,1269,3321.2619292736053,99.11947771906851,1438.494350552559,1602.939889281988,0,5760,1.0,False,sac,6,2020,,-1,20,100,6.6,regen-v2,637c6b535a9e,unknown,greenhouse-regen:v1
5760,-4.058158792343442,10.00636084755018,14.06451963989362,11.416925303231924,1.740207936760783,0.9073863999009132,406508.409431726,126.85472559146582,3.0246213330030445,5.800693122535944,77.30902777777777,1307,1749.9828720092771,99.32291666666669,39,7405.3681640625,91.92708333333334,465,727.1723861694336,1811,3903.222325891256,104.29728734493256,1289.042916119099,1622.6764887273312,0,5760,1.0,False,sac,6,2021,,-1,20,100,6.3,regen-v2,637c6b535a9e,unknown,greenhouse-regen:v1
5760,-0.8339921760094624,12.159848307567342,12.993840483576804,10.443001628585904,1.628505675972998,0.9223331790179014,493993.83749492327,116.03335142873227,3.074443930059671,5.428352253243327,78.03819444444444,1265,1734.2086191177368,99.6875,18,2017.3895263671875,94.44444444444444,320,446.9661712646485,1603,3570.256967037916,106.01530793309212,1206.3005007207394,1790.1194529235363,0,5760,1.0,False,sac,6,2022,,-1,20,100,6.4,regen-v2,637c6b535a9e,unknown,greenhouse-regen:v1
5760,-2.95497836529019,9.83313448305649,12.788112848346682,10.132731508824977,1.6647078598961231,0.9906734796255828,399471.0883741699,112.58590565361084,3.302244932085276,5.549026199653744,72.91666666666666,1560,2119.653757095337,99.46180555555556,31,3178.6065673828125,89.32291666666666,615,1268.8402252197266,2206,3464.181712418794,113.87051489949226,1233.1169332563877,2188.2090077102184,0,5760,1.0,False,sac,6,2023,,-1,20,100,6.3,regen-v2,637c6b535a9e,unknown,greenhouse-regen:v1
5760,5.047704561649019,13.641782510476688,8.59407794882767,8.082325240779294,0.3165294230796396,0.1952232849687337,554197.4144881155,89.8036137864366,0.6507442832291126,1.0550980769321323,82.37847222222221,1015,1365.5929431915283,100.0,0,0.0,75.41666666666667,1416,6728.028175354004,2431,2763.188116505742,22.439458042383198,234.4662393182516,1435.474711156916,0,5760,1.0,False,ppo,7,2020,,-1,20,100,5.8,regen-v2,637c6b535a9e,unknown,greenhouse-regen:v1
5760,-3.829761566950146,8.201405001138387,12.031166568088532,10.517608647004142,0.9631063066687432,0.5504516144156456,333182.0781712469,116.86231830004604,1.8348387147188188,3.210354355562478,87.62152777777777,713,1459.7332663536072,99.51388888888889,28,4573.646545410156,86.04166666666667,804,1474.9017715454102,1545,3595.763640001416,63.27030050754547,713.4120790138841,764.3398025713395,0,5760,1.0,False,ppo,7,2021,,-1,20,100,5.7,regen-v2,637c6b535a9e,unknown,greenhouse-regen:v1
5760,0.8905501728758001,11.292757485342284,10.402207312466484,8.876049673348199,0.5723464791677892,0.9538111599504948,458768.2728420303,98.62277414831333,3.179370533168316,1.907821597225964,87.15277777777779,740,1229.1809463500977,100.0,0,0.0,80.78125,1107,2412.4606742858887,1847,3034.54689687118,109.6334666609764,423.9603549391031,1291.8661926507484,0,5760,1.0,False,ppo,7,2022,,-1,20,100,5.8,regen-v2,637c6b535a9e,unknown,greenhouse-regen:v1
5760,-0.1522038534182797,10.046017794420782,10.19822164783906,9.180863267524725,1.0142919340040533,0.0030664463102817,408119.4728983443,102.00959186138584,0.0102214877009391,3.3809731133468444,89.61805555555556,598,910.53284740448,100.0,0,0.0,86.5625,774,1344.5079803466797,1372,3138.756672658026,0.3524650931358337,751.3273585215211,1426.3175183718558,0,5760,1.0,False,ppo,7,2023,,-1,20,100,5.6,regen-v2,637c6b535a9e,unknown,greenhouse-regen:v1
5760,-4.223894189662774,10.520300616647017,14.744194806309787,9.397100369576364,1.9294096370950344,3.4176847996383906,427387.212551285,104.41222632862628,11.392282665461302,6.431365456983448,82.13541666666667,1029,1188.344467163086,98.26388888888889,100,29530.847900390625,81.14583333333333,1086,2207.0868377685547,2215,3212.6838870346546,392.837333291769,1429.1923237740991,1562.6321823894978,0,5760,1.0,False,sac,7,2020,,-1,20,100,6.2,regen-v2,637c6b535a9e,unknown,greenhouse-regen:v1
5760,-6.178482376627668,8.999438818040447,15.177921194668114,11.165034104029834,1.7624161788851025,2.250470911753178,365602.2019828932,124.05593448922038,7.501569705843926,5.874720596283675,86.18055555555556,796,969.7950448989868,95.43402777777776,263,89579.31982421875,84.72222222222221,880,1327.671905517578,1939,3817.105676591396,258.674817442894,1305.4934658408165,1465.0715117156506,0,5760,1.0,False,sac,7,2021,,-1,20,100,6.1,regen-v2,637c6b535a9e,unknown,greenhouse-regen:v1
5760,-3.883163804493604,10.512195558237526,14.39535936273113,10.20537428196296,1.732482524831593,2.457502555936575,427057.94455339946,113.39304757736625,8.19167518645525,5.774941749438644,82.72569444444444,995,1208.7130708694458,99.18402777777776,47,5878.122314453125,89.25347222222221,619,779.1072158813477,1661,3489.0168485343456,282.4715581536293,1283.320388764143,1714.917032301426,0,5760,1.0,False,sac,7,2022,,-1,20,100,6.2,regen-v2,637c6b535a9e,unknown,greenhouse-regen:v1
5760,-4.676754949824079,9.144883313963994,13.821638263788074,9.876778028317538,2.423306059321761,1.5215541761487723,371510.8846297873,109.7419780924171,5.071847253829242,8.077686864405871,83.97569444444444,923,902.8954610824584,97.91666666666666,120,34221.1552734375,81.21527777777777,1082,1986.881858825684,2125,3376.67624899745,174.8912846148014,1795.0415254235268,2046.1143647134304,0,5760,1.0,False,sac,7,2023,,-1,20,100,6.1,regen-v2,637c6b535a9e,unknown,greenhouse-regen:v1
5760,3.617626679370863,12.0345839784738,8.416957299102936,8.137456946038641,0.277364722689148,0.0021356303751468,488904.9741254981,90.41618828931824,0.0071187679171562,0.9245490756304936,92.93402777777776,407,740.0063362121582,99.94791666666669,3,15.68035888671875,85.53819444444444,833,3928.649608612061,1243,2782.0365627482533,0.2454747557640075,205.4553501401097,1209.233407393098,0,5760,1.0,False,ppo,8,2020,,-1,20,100,6.0,regen-v2,637c6b535a9e,unknown,greenhouse-regen:v1
5760,-1.127125600884269,9.764921192328844,10.892046793213114,10.44421049761232,0.4478362956007942,0.0,396699.92343835934,116.04678330680358,0.0,1.4927876520026475,92.17013888888889,451,892.5867357254028,100.0,0,0.0,88.26388888888889,676,1171.2355003356934,1127,3570.6702555939555,0.0,331.73058933392167,1375.2141164019704,0,5760,1.0,False,ppo,8,2021,,-1,20,100,5.7,regen-v2,637c6b535a9e,unknown,greenhouse-regen:v1
5760,3.4392778958495707,12.545902582015284,9.106624686165713,8.69860410838388,0.3893064133414998,0.0187141644403338,509677.2923943709,96.65115675982088,0.0623805481344461,1.2976880444716663,91.28472222222224,502,806.2182168960571,100.0,0,0.0,87.86458333333333,699,1425.2947158813477,1201,2973.881746456027,2.1510533839464188,288.3751209937036,1689.943607315421,0,5760,1.0,False,ppo,8,2022,,-1,20,100,5.7,regen-v2,637c6b535a9e,unknown,greenhouse-regen:v1
5760,0.4021625686520407,10.371582936012809,9.969420367360769,9.621034202401152,0.3483861649596132,0.0,421345.5567755203,106.90038002667949,0.0,1.161287216532044,92.1875,450,582.7246837615967,100.0,0,0.0,91.85763888888889,469,848.3559608459473,919,3289.242462359369,0.0,258.0638258960098,1892.1884324997663,0,5760,1.0,False,ppo,8,2023,,-1,20,100,5.7,regen-v2,637c6b535a9e,unknown,greenhouse-regen:v1
5760,-3.981858893356096,9.41752478696816,13.399383680324256,10.708111973413825,1.5282871404245495,1.1629845664858816,382586.9444705816,118.97902192682028,3.8766152216196055,5.094290468081832,85.12152777777777,857,1246.9138922691343,98.28125,99,35636.47106933594,91.61458333333331,483,992.0727424621582,1439,3660.892982363701,133.6763869524002,1132.064548462629,2246.9193900227547,0,5760,1.0,False,sac,8,2020,,-1,20,100,6.0,regen-v2,637c6b535a9e,unknown,greenhouse-regen:v1
5760,-9.689926687379163,6.720639681492763,16.410566368871926,12.92087403563708,1.9883315312996503,1.501360801935196,273025.9870606435,143.56526706263423,5.004536006450654,6.627771770998835,89.63541666666667,597,688.8388195037842,95.625,252,208838.5460205078,94.91319444444444,293,387.7859573364258,1142,4417.392832696438,172.57020711898804,1472.8381713330746,1574.0247260332108,0,5760,1.0,False,sac,8,2021,,-1,20,100,5.9,regen-v2,637c6b535a9e,unknown,greenhouse-regen:v1
5760,-5.62767127896188,9.374282293280082,15.001953572241964,11.760807890827952,1.888653047579527,1.3524926338344814,380830.21816450334,130.6756432314217,4.508308779448272,6.295510158598424,88.17708333333333,681,868.6654033660889,99.72222222222224,16,2566.7021484375,97.13541666666666,165,193.95655059814453,862,4020.7890225052834,155.45892342925072,1399.0022574663162,1996.113998889923,0,5760,1.0,False,sac,8,2022,,-1,20,100,5.9,regen-v2,637c6b535a9e,unknown,greenhouse-regen:v1
5760,-7.659907867549585,7.853258164956941,15.513166032506522,11.732382937677205,2.407504074060917,1.373279020768404,319038.6129513757,130.35981041863562,4.57759673589468,8.025013580203057,84.73958333333333,879,1519.9549083709717,99.20138888888889,46,8643.113021850586,93.03819444444444,401,772.2729606628418,1326,4011.071089804173,157.8481633067131,1783.3363511562347,2319.8942073881626,0,5760,1.0,False,sac,8,2023,,-1,20,100,5.8,regen-v2,637c6b535a9e,unknown,greenhouse-regen:v1
5760,2.499795889299961,11.823892513145546,9.324096623845584,8.832947041095235,0.4911495827503502,0.0,480345.6333465378,98.14385601216928,0.0,1.6371652758345008,93.09027777777776,398,399.9313907623291,100.0,0,0.0,82.62152777777779,1001,4006.219230651856,1399,3019.810954220593,0.0,363.8145057410002,1245.29757046327,0,5760,1.0,False,ppo,9,2020,,-1,20,100,5.8,regen-v2,637c6b535a9e,unknown,greenhouse-regen:v1
5760,-1.5450462144466537,9.815779006222966,11.36082522066962,10.85232495208662,0.5085002685829997,0.0,398766.022127808,120.581388356518,0.0,1.6950008952766658,93.47222222222224,376,753.1554870605469,99.96527777777776,2,46.30419921875,83.35069444444444,959,1274.1276321411133,1337,3710.1965648159385,0.0,376.6668656170368,818.8347392491996,0,5760,1.0,False,ppo,9,2021,,-1,20,100,5.5,regen-v2,637c6b535a9e,unknown,greenhouse-regen:v1
5760,1.606838489985071,11.76000563472954,10.15316714474447,9.66917618707046,0.4839418411877005,4.9116486310958864e-05,477750.2289108876,107.43529096744956,0.0001637216210365,1.6131394706256683,90.45138888888889,550,809.747317314148,100.0,0,0.0,86.02430555555556,805,1179.6048011779783,1355,3305.701260536909,0.0056455731391906,358.4754379168153,1304.8434722982347,0,5760,1.0,False,ppo,9,2022,,-1,20,100,5.7,regen-v2,637c6b535a9e,unknown,greenhouse-regen:v1
5760,-0.4908382425293083,9.98241119832697,10.47324944085628,10.22910324551426,0.2441461953420191,0.0,405535.45493203314,113.65670272793622,0.0,0.813820651140064,96.26736111111111,215,347.6246347427368,100.0,0,0.0,88.05555555555556,688,870.985164642334,903,3497.129314705729,0.0,180.8490335866809,1355.657517440617,0,5760,1.0,False,ppo,9,2023,,-1,20,100,5.4,regen-v2,637c6b535a9e,unknown,greenhouse-regen:v1
5760,-1.1003454268705843,12.196102831403463,13.296448258274047,9.526483583211151,2.726653449556231,1.0433112255066632,495466.6775257657,105.84981759123504,3.4777040850222107,9.088844831854104,71.38888888888889,1648,2312.1356477737427,98.94097222222224,61,6720.415191650391,90.26041666666669,561,981.2074089050292,2270,3256.9174643456936,119.92083051800728,2019.743295967579,1522.3899457752705,0,5760,1.0,False,sac,9,2020,,-1,20,100,6.1,regen-v2,637c6b535a9e,unknown,greenhouse-regen:v1
5760,-5.128864977117182,10.071185287881342,15.200050264998524,11.17119187162891,2.522088689522445,1.50676970384717,409141.9023201796,124.12435412921012,5.022565679490566,8.40696229840815,79.44444444444444,1184,1874.85249710083,99.72222222222224,16,6304.0186767578125,89.73958333333333,591,874.8240203857422,1791,3819.210896283388,173.19191998243332,1868.2138440907,1802.5506279468536,0,5760,1.0,False,sac,9,2021,,-1,20,100,6.1,regen-v2,637c6b535a9e,unknown,greenhouse-regen:v1
5760,-1.670910184757128,12.13951925106226,13.810429435819389,10.23254756436646,2.0990949725568293,1.4787868988960982,493167.9695744043,113.69497293740513,4.929289662986994,6.996983241856098,78.52430555555556,1237,2131.000659942627,99.79166666666669,12,277.69091796875,89.70486111111111,593,778.1348762512207,1842,3498.306859612465,169.97550562024117,1554.8851648569107,1741.3603448569777,0,5760,1.0,False,sac,9,2022,,-1,20,100,6.1,regen-v2,637c6b535a9e,unknown,greenhouse-regen:v1
5760,-4.778512612703809,10.098294599915675,14.876807212619482,10.008461273109912,3.2546221213325857,1.6137238181769846,410243.2181215743,111.2051252567768,5.379079393923282,10.848740404441951,77.69097222222221,1285,2112.4007172584534,97.89930555555556,121,35453.22109985352,84.72222222222221,880,1689.897777557373,2286,3421.6961617469788,185.48549634218216,2410.8312009871006,2274.954858094454,0,5760,1.0,False,sac,9,2023,,-1,20,100,6.0,regen-v2,637c6b535a9e,unknown,greenhouse-regen:v1
