steps,epi,revenue,cost_total,cost_heat,cost_co2,cost_elec,fruit_dm_growth,energy_heat_kwh_m2,energy_elec_kwh_m2,co2_kg_m2,t_in_in_corridor_pct,t_in_violation_steps,t_in_violation_area,co2_in_corridor_pct,co2_violation_steps,co2_violation_area,rh_in_corridor_pct,rh_violation_steps,rh_violation_area,violation_steps_total,boiler_sum,lamp_sum,co2_injection_sum,vent_sum,solver_failures,steps_expected,season_fraction,truncated,block,condition,lam,seed,test_year,xi_uboil,rng_seed,nonzero,rollout_rmse,regen_id,config_hash,git_sha,image,xi_donor
5760,0.7602083208694363,11.241306360075416,10.481098039205982,4.587561362019972,5.120635356915683,0.7729013202703267,456678.0708780639,50.97290402244414,2.5763377342344222,17.068784523052276,67.30902777777777,1883,1621.3458976745603,51.90972222222222,2770,2790618.8829345703,51.16319444444445,2813,6885.134635925293,7466,1568.3970466495653,88.83923202070592,3793.063226708873,1432.584308235917,0,5760,1.0,False,lambda,lam=1e-06,1e-06,0,2020,0.0392775884691845,3875786502.0,54.0,9.46919921592013,regen-v2,637c6b535a9e,unknown,greenhouse-regen:v1,
5760,0.862010856460663,11.32185305726859,10.459842200807929,4.597240068905768,5.110289078596543,0.7523130533056182,459950.2804515365,51.0804452100641,2.507710177685394,17.03429692865514,67.17013888888889,1891,1629.1347522735596,52.22222222222223,2752,2712459.4477539062,51.61458333333333,2787,6814.064025878906,7430,1571.706006529114,86.47276482411571,3785.3993182086974,1432.2694600850457,0,5760,1.0,False,lambda,lam=0.001,0.001,0,2020,0.0392985992927771,596050374.0,49.0,9.447938403344176,regen-v2,637c6b535a9e,unknown,greenhouse-regen:v1,
5760,5.233810347415937,16.468330285480352,11.234519938064416,4.837921468622813,5.874781629776493,0.5218168396651086,669025.9178476393,53.75468298469793,1.739389465550362,19.58260543258831,66.42361111111111,1934,1474.2307109832764,60.05208333333333,2301,2375977.599975586,62.46527777777777,2162,4135.70219039917,6397,1653.990246364823,59.97894690377758,4351.690095462092,1398.378226412773,0,5760,1.0,False,lambda,lam=0.01,0.01,0,2020,0.0396983539494781,1926287723.0,40.0,9.89050931814383,regen-v2,637c6b535a9e,unknown,greenhouse-regen:v1,
5760,4.835470604315642,16.681047186075226,11.845576581759584,4.683294639430457,6.460012644213999,0.7022692981151291,677667.541934306,52.03660710478286,2.340897660383764,21.533375480713328,67.96875,1845,1412.2800331115725,50.520833333333336,2850,3402486.1939697266,56.40625,2511,5133.782791137695,7206,1601.126372313589,80.72060901972641,4785.194551154119,1360.327762280804,0,5760,1.0,False,lambda,lam=0.02,0.02,0,2020,0.0396983539494781,3988966202.0,38.0,9.766221144775407,regen-v2,637c6b535a9e,unknown,greenhouse-regen:v1,
5760,4.947848879267882,16.825331515922592,11.877482636654712,4.694601187614365,6.498378623675014,0.6845028253653345,683529.0928343554,52.1622354179374,2.281676084551115,21.661262078916717,68.28125,1827,1380.0715637207031,50.15625,2871,3408960.829223633,55.10416666666666,2586,5459.455123901367,7284,1604.991857937311,78.67848578724437,4813.613795765788,1358.1261310960697,0,5760,1.0,False,lambda,lam=0.03,0.03,0,2020,0.0396983539494781,1539248911.0,37.0,9.50228325337749,regen-v2,637c6b535a9e,unknown,greenhouse-regen:v1,
5760,5.688819434667243,16.446251362327583,10.75743192766034,4.270677944732277,5.484361906007978,1.0023920769200838,668128.9615945581,47.45197716369197,3.3413069230669463,18.281206353359927,54.30555555555555,2632,3607.554015159607,59.25347222222223,2347,3101509.099609375,55.59027777777777,2558,6079.195198059082,7537,1460.0608362311918,115.2174799295479,4062.4903005111473,1457.9182127881218,0,5760,1.0,False,lambda,lam=0.04,0.04,0,2020,0.0,2946892129.0,33.0,8.267779325037061,regen-v2,637c6b535a9e,unknown,greenhouse-regen:v1,
5760,8.243049127984797,16.22818176135666,7.98513263337186,4.676208791266255,2.4116267958444046,0.897297046261201,659269.8840551142,51.957875458513946,2.9909901542040034,8.038755986148017,59.06249999999999,2358,2477.29213142395,100.0,0,0.0,62.13541666666666,2181,5040.084571838379,4539,1598.7038603860865,103.13759141930436,1786.39021920096,1456.6702433963137,0,5760,1.0,False,lambda,lam=0.05,0.05,0,2020,0.0,3042305639.0,27.0,9.177739442218488,regen-v2,637c6b535a9e,unknown,greenhouse-regen:v1,
5760,8.732588573912723,16.710508752369442,7.977920178456722,4.59182665923431,2.485546061565302,0.900547457657109,678864.4180650087,51.02029621371456,3.00182485885703,8.285153538551008,56.19791666666667,2523,2698.694418907165,100.0,0,0.0,63.05555555555556,2128,5601.078319549561,4651,1569.8552672881126,103.5112022485633,1841.1452301303752,1350.16249842586,0,5760,1.0,False,lambda,lam=0.06,0.06,0,2020,0.0,118944049.0,26.0,9.177739442218488,regen-v2,637c6b535a9e,unknown,greenhouse-regen:v1,
5760,5.165758725972578,12.889426841214718,7.723668115242139,5.102328623481105,2.621012720205939,0.0003267715550959,523632.9654243479,56.69254026090117,0.0010892385169863,8.73670906735313,59.91319444444444,2309,2713.6879920959477,100.0,0,0.0,69.56597222222223,1753,3972.541233062744,4062,1744.3858533415205,0.0375599499349142,1941.490905158588,1502.089655499862,0,5760,1.0,False,lambda,lam=0.07,0.07,0,2020,0.0,2617197429.0,24.0,9.680835242318732,regen-v2,637c6b535a9e,unknown,greenhouse-regen:v1,
5760,1.8555756127265988,5.126366737954928,3.2707911252283286,0.1674237622359534,2.28952591574034,0.8138414472520351,208258.64872941893,1.8602640248439275,2.7128048241734506,7.6317530524678,30.64236111111111,3995,19615.11395263672,95.26041666666669,273,160496.75134277344,27.96875,4149,27907.39719772339,8417,57.23889309775616,93.54499386983878,1695.9451217124438,1399.675943632113,0,5760,1.0,False,lambda,lam=0.08,0.08,0,2020,0.0,517118076.0,23.0,8.135710308650818,regen-v2,637c6b535a9e,unknown,greenhouse-regen:v1,
5760,2.7323586460677207,5.745551714804936,3.0131930687372157,0.1643088081568479,2.036992838876373,0.8118914217039943,233413.03841395053,1.825653423964977,2.7063047390133144,6.78997612958791,32.46527777777778,3890,18163.6287817955,95.29513888888889,271,154884.3262939453,24.635416666666668,4341,32317.11778640747,8502,56.173951441270745,93.32085302567758,1508.883583869159,1368.7836227857204,0,5760,1.0,False,lambda,lam=0.1,0.1,0,2020,0.0,2118900532.0,20.0,17.02508719812038,regen-v2,637c6b535a9e,unknown,greenhouse-regen:v1,
5760,4.540468866462675,6.146961560790639,1.6064926943279634,0.2304305522989947,0.32578703745709,1.050275104571879,249720.3134071197,2.56033946998883,3.500917015239597,1.0859567915236334,33.489583333333336,3831,17256.594779014587,90.625,540,798200.5949707031,25.260416666666668,4305,31465.06121826172,8676,78.77967595634065,120.72127644862078,241.3237312437332,1240.902354404535,0,5760,1.0,False,lambda,lam=0.15,0.15,0,2020,0.0,2719925583.0,13.0,13.484129498407912,regen-v2,637c6b535a9e,unknown,greenhouse-regen:v1,
5760,-2.399663031876928,2.815324012464484,5.214987044341411,0.8534554405992384,0.9019219789094914,3.459609624832682,114372.53800636966,9.482838228880428,11.532032082775608,3.006406596364972,26.822916666666668,4215,23309.54903721809,76.78819444444444,1337,2600516.4853515625,28.177083333333336,4137,25770.18886566162,9689,291.7796377746057,397.6562785169076,668.0903546869395,867.0255133286421,0,5760,1.0,False,lambda,lam=0.2,0.2,0,2020,0.0,3698045214.0,11.0,11.57376907155258,regen-v2,637c6b535a9e,unknown,greenhouse-regen:v1,
5760,8.302170877883274,16.261443498141766,7.95927262025849,4.8081981523312685,2.47064155761201,0.6804329103152116,660621.1421120092,53.42442391479187,2.2681097010507054,8.2354718587067,63.00347222222222,2131,2179.3284816741943,100.0,0,0.0,62.20486111111111,2177,4779.339485168457,4308,1643.8284281435372,78.21067937121967,1830.1048560772676,1481.798398025429,0,5760,1.0,False,knock,baseline,,0,2020,0.0,418524381.0,,,regen-v2,637c6b535a9e,unknown,greenhouse-regen:v1,0.0392775884691845
5760,8.302170877883274,16.261443498141766,7.95927262025849,4.8081981523312685,2.47064155761201,0.6804329103152116,660621.1421120092,53.42442391479187,2.2681097010507054,8.2354718587067,63.00347222222222,2131,2179.3284816741943,100.0,0,0.0,62.20486111111111,2177,4779.339485168457,4308,1643.8284281435372,78.21067937121967,1830.1048560772676,1481.798398025429,0,5760,1.0,False,knock,knockout,,0,2020,0.0,418524381.0,,,regen-v2,637c6b535a9e,unknown,greenhouse-regen:v1,0.0392775884691845
5760,8.412589448303997,16.058249591248064,7.645660142944063,4.865645833039225,2.3532770048849407,0.4267373050198985,652366.3896444525,54.062731478213614,1.4224576833996616,7.844256682949803,66.19791666666667,1947,1835.5871925354004,100.0,0,0.0,62.69097222222222,2149,4920.267894744873,4096,1663.4686614877269,49.05026509081856,1743.1681501420844,1466.045887616626,0,5760,1.0,False,knock,knockin,,0,2020,0.0392775884691845,418524381.0,,,regen-v2,637c6b535a9e,unknown,greenhouse-regen:v1,0.0392775884691845
5760,2.1515809573822677,10.591240190659766,8.4396592332775,4.562896567975437,2.925110488891267,0.9516521764107948,430269.132745553,50.69885075528264,3.1721739213693163,9.750368296304224,72.93402777777777,1559,2255.0321674346924,67.89930555555556,1849,4213938.953369141,42.56944444444444,3308,9585.15983581543,6716,1559.964638852883,109.38530766995258,2166.748509168301,1238.3761884947348,0,5760,1.0,False,cross,baseline,,0,2020,0.076920785623105,,,,regen-v2,637c6b535a9e,unknown,greenhouse-regen:v1,
5760,3.4634807745616563,12.324563075042391,8.861082300480737,5.0120523836817,2.7131262346682714,1.1359036821307646,500685.3749235972,55.68947092979667,3.786345607102549,9.043754115560905,63.68055555555555,2092,2591.475821495056,81.85763888888889,1045,1889746.974609375,44.87847222222222,3175,8591.59171295166,6312,1713.5221822336632,130.5636415574196,2009.723137386581,1489.367397045112,0,5760,1.0,False,cross,ko_uboil,,0,2020,0.0,,,,regen-v2,637c6b535a9e,unknown,greenhouse-regen:v1,
5760,1.168961816598257,9.918535784248297,8.74957396765004,4.5603202514280685,3.102637870815649,1.086615845406322,402940.5162350871,50.67022501586743,3.622052818021073,10.342126236052165,74.20138888888889,1486,2738.281922340393,62.58680555555556,2155,5183623.04284668,42.29166666666666,3324,10302.316806793213,6965,1559.0838466906853,124.89837307080457,2298.250274070987,1126.6579317242208,0,5760,1.0,False,cross,ko_cross,,0,2020,0.076920785623105,,,,regen-v2,637c6b535a9e,unknown,greenhouse-regen:v1,
5760,3.627326056677119,11.778771011289756,8.151444954612638,4.46140302208166,2.602172642033476,1.0878692904975011,478512.5723336464,49.57114468979622,3.626230968325004,8.673908806778254,64.98263888888889,2017,2528.3078832626343,82.04861111111111,1034,2214224.8123779297,46.66666666666666,3072,8402.832237243652,6123,1525.2659900164124,125.0424469622378,1927.535290399612,1448.4979267704043,0,5760,1.0,False,cross,ko_both,,0,2020,0.0,,,,regen-v2,637c6b535a9e,unknown,greenhouse-regen:v1,
5760,3.205306563773416,15.126815708982203,11.921509145208786,4.9522090446221565,5.7810082840986015,1.1882918164880287,614526.888177402,55.02454494024619,3.9609727216267623,19.270027613662005,62.27430555555556,2173,1916.2023992538448,56.857638888888886,2485,2880983.8157958984,62.482638888888886,2161,4072.4557151794434,6819,1693.0629226958715,136.5852662899758,4282.228357974002,1370.48075889495,0,5760,1.0,False,lambda,lam=1e-06,1e-06,1,2020,0.0376178848223028,476854477.0,54.0,14.41577199696748,regen-v2,637c6b535a9e,unknown,greenhouse-regen:v1,
5760,3.201264227990326,15.125349703581229,11.924085475590903,4.952181784903966,5.7819837393362326,1.1899199513507035,614467.3317079874,55.02424205448852,3.966399837835679,19.273279131120777,62.29166666666666,2172,1917.7188968658447,56.80555555555556,2488,2882189.997680664,62.53472222222223,2158,4070.6946563720703,6818,1693.053601448264,136.77240831358696,4282.950917830612,1370.4085982759009,0,5760,1.0,False,lambda,lam=0.001,0.001,1,2020,0.0376178867423374,3285011554.0,51.0,14.41222146304903,regen-v2,637c6b535a9e,unknown,greenhouse-regen:v1,
5760,3.7621042302139776,15.359312682644129,11.59720845243015,4.976065501931798,5.678973122959185,0.9421698275391686,623972.0777324177,55.28961668813109,3.1405660917972287,18.92991040986395,62.10069444444445,2183,1904.838269233704,57.36111111111111,2456,2696874.7465820312,64.04513888888889,2071,3881.010841369629,6710,1701.2189743755862,108.2953823101449,4206.646757363748,1374.7626786840788,0,5760,1.0,False,lambda,lam=0.01,0.01,1,2020,0.0378618763829592,1671972060.0,44.0,14.54297763463725,regen-v2,637c6b535a9e,unknown,greenhouse-regen:v1,
5760,2.101695116317048,14.056724471077285,11.955029354760237,5.007342169222124,6.1332451717637575,0.8144420137743527,571054.4316375146,55.63713521357916,2.714806712581176,20.44415057254586,65.90277777777777,1964,1479.0569052696228,54.045138888888886,2647,2746155.160888672,54.114583333333336,2643,5124.297473907471,7254,1711.9118529721738,93.61402451884008,4543.144570687871,1342.9234769437123,0,5760,1.0,False,lambda,lam=0.02,0.02,1,2020,0.0387926115386424,87321045.0,37.0,10.769556571113997,regen-v2,637c6b535a9e,unknown,greenhouse-regen:v1,
5760,2.108164411832582,14.064713688676282,11.9565492768437,4.983418013196816,6.148968855757437,0.8241624078894464,571378.993602474,55.371311257742406,2.747208026298155,20.496562852524796,66.875,1908,1408.0649676322937,52.60416666666666,2730,2804759.877807617,52.482638888888886,2737,5383.249698638916,7375,1703.7326541251296,94.73131119403712,4554.791744737375,1367.8755663270788,0,5760,1.0,False,lambda,lam=0.03,0.03,1,2020,0.0387926115386424,4183310868.0,35.0,12.633020620814037,regen-v2,637c6b535a9e,unknown,greenhouse-regen:v1,
5760,-3.288313386538515,11.815462330332949,15.103775716871464,4.70864177145221,5.175578486671832,5.219555458747421,480003.157169776,52.31824190502456,17.39851819582474,17.251928288906107,54.54861111111112,2618,4138.123065471649,66.89236111111111,1907,1863832.9892578125,58.76736111111112,2375,4350.321552276611,6900,1609.7920596788515,599.9489032208187,3833.761842236131,1456.8084602916815,0,5760,1.0,False,lambda,lam=0.04,0.04,1,2020,0.0,1323937025.0,33.0,12.179001336193844,regen-v2,637c6b535a9e,unknown,greenhouse-regen:v1,
5760,0.17844309860086,10.49164779042389,10.313204691823032,4.681564511637415,5.607195012951821,0.0244451672337949,426223.1914859706,52.017383462637945,0.0814838907793164,18.690650043172734,58.87152777777778,2369,3865.162902355194,59.94791666666666,2307,2272554.068725586,53.97569444444444,2651,4918.166996002197,7327,1600.5348757552065,2.809789333087278,4153.477786969679,1468.101512115974,0,5760,1.0,False,lambda,lam=0.05,0.05,1,2020,0.0,710204761.0,30.0,12.227838737327296,regen-v2,637c6b535a9e,unknown,greenhouse-regen:v1,
5760,-0.0974388898492093,9.161927149200912,9.25936603905012,3.938170575400476,5.23613301605349,0.0850624475961551,372203.2904362871,43.75745083778307,0.2835414919871837,17.4537767201783,42.06597222222222,3337,7320.026110649109,57.86458333333333,2427,2420776.520629883,48.07291666666666,2991,5853.664608001709,8755,1346.3831023003472,9.777292820878852,3878.61704654008,1477.4711232719487,0,5760,1.0,False,lambda,lam=0.06,0.06,1,2020,0.0,1354018392.0,26.0,11.807757404249324,regen-v2,637c6b535a9e,unknown,greenhouse-regen:v1,
5760,1.4244523980485553,4.769990925545283,3.3455385274967275,0.147074968209397,2.4812317891956406,0.71723177009169,193780.88135027717,1.6341663134377449,2.3907725669723003,8.270772630652136,29.54861111111111,4058,20273.38112020493,94.89583333333331,294,188611.89599609372,29.56597222222222,4057,27197.88804244995,8409,50.282040335661335,82.44043337993963,1837.949474270271,1520.8035343739598,0,5760,1.0,False,lambda,lam=0.07,0.07,1,2020,0.0,1559590881.0,24.0,14.487694256894436,regen-v2,637c6b535a9e,unknown,greenhouse-regen:v1,
5760,2.480625479046103,5.499120278946458,3.018494799900354,0.1372567874925211,2.201391813930237,0.679846198477596,223401.76133219985,1.5250754165835678,2.26615399492532,7.337972713100791,32.239583333333336,3903,18766.566485643387,95.6597222222222,250,136647.6639404297,25.538194444444446,4289,31877.39670944214,8442,46.92539741252294,78.14324130121948,1630.6606019387043,1467.8141676853108,0,5760,1.0,False,lambda,lam=0.08,0.08,1,2020,0.0,2291271354.0,20.0,17.734868393406362,regen-v2,637c6b535a9e,unknown,greenhouse-regen:v1,
5760,2.480625479046103,5.499120278946458,3.018494799900354,0.1372567874925211,2.201391813930237,0.679846198477596,223401.76133219985,1.5250754165835678,2.26615399492532,7.337972713100791,32.239583333333336,3903,18766.566485643387,95.6597222222222,250,136647.6639404297,25.538194444444446,4289,31877.39670944214,8442,46.92539741252294,78.14324130121948,1630.6606019387043,1467.8141676853108,0,5760,1.0,False,lambda,lam=0.1,0.1,1,2020,0.0,604471770.0,20.0,17.734868393406362,regen-v2,637c6b535a9e,unknown,greenhouse-regen:v1,
5760,4.645880325297787,5.807442040373392,1.1615617150756057,0.1674165793483145,0.2376888214099679,0.7564563143173232,235927.33289016903,1.8601842149812728,2.5215210477244105,0.7922960713665599,33.66319444444444,3821,17931.31727027893,92.82986111111111,413,499390.4208374024,24.42708333333333,4353,31608.449363708496,8587,57.23643735983474,86.9490016784823,176.0657935549831,1364.028386196732,0,5760,1.0,False,lambda,lam=0.15,0.15,1,2020,0.0,3869019760.0,15.0,17.734868393406362,regen-v2,637c6b535a9e,unknown,greenhouse-regen:v1,
5760,4.368918366693857,5.86732739003248,1.4984090233386218,0.2146660559529438,0.3032929312062172,0.9804500361794606,238360.17522006948,2.3851783994771543,3.2681667872648688,1.0109764373540575,33.36805555555556,3838,17598.861798286438,91.31944444444444,500,727348.8071289062,25.798611111111114,4274,31418.19770050049,8612,73.39010464272936,112.69540654447864,224.6614304258723,1306.5494145589305,0,5760,1.0,False,lambda,lam=0.2,0.2,1,2020,0.0,958060236.0,13.0,2.9002636225363703,regen-v2,637c6b535a9e,unknown,greenhouse-regen:v1,
5760,-0.633423290475086,10.391954105290752,11.02537739576584,4.839467310160609,6.168532147296012,0.0173779383092187,422173.13552743685,53.77185900178455,0.0579264610307291,20.56177382432004,59.60069444444444,2327,3598.018506526947,47.46527777777778,3026,2917178.8182373047,56.57986111111111,2501,4526.431980133057,7854,1654.51873804908,1.9974641823253128,4569.283071908094,1402.2268378242206,0,5760,1.0,False,knock,baseline,,1,2020,0.0,56809052.0,,,regen-v2,637c6b535a9e,unknown,greenhouse-regen:v1,0.0376178848223028
5760,-0.633423290475086,10.391954105290752,11.02537739576584,4.839467310160609,6.168532147296012,0.0173779383092187,422173.13552743685,53.77185900178455,0.0579264610307291,20.56177382432004,59.60069444444444,2327,3598.018506526947,47.46527777777778,3026,2917178.8182373047,56.57986111111111,2501,4526.431980133057,7854,1654.51873804908,1.9974641823253128,4569.283071908094,1402.2268378242206,0,5760,1.0,False,knock,knockout,,1,2020,0.0,56809052.0,,,regen-v2,637c6b535a9e,unknown,greenhouse-regen:v1,0.0376178848223028
5760,2.334389536286112,13.836061644730153,11.50167210844404,5.15245772218466,6.349090273378966,0.0001241128804162,562090.0043171624,57.24953024649622,0.0004137096013873,21.163634244596555,68.47222222222223,1816,1477.8664684295654,46.12847222222222,3103,3040721.513671875,60.88541666666667,2253,4240.274108886719,7172,1761.524007854047,0.0142658482970031,4703.029831165853,1378.1521662390114,0,5760,1.0,False,knock,knockin,,1,2020,0.0376178848223028,56809052.0,,,regen-v2,637c6b535a9e,unknown,greenhouse-regen:v1,0.0376178848223028
5760,-4.516913267288381,9.07570278381532,13.5926160511037,4.581790727621103,4.462712884168139,4.548112439314457,368700.4255924973,50.908785862456696,15.16037479771486,14.8757096138938,67.08333333333333,1896,7151.748784065247,38.00347222222222,3571,13247745.720581057,45.763888888888886,3124,11997.244510650637,8591,1566.4241812355615,522.771544797851,3305.713247497295,710.8713500150407,0,5760,1.0,False,cross,baseline,,1,2020,0.0982851310606718,,,,regen-v2,637c6b535a9e,unknown,greenhouse-regen:v1,
5760,-0.6334248879190588,12.039982100426606,12.673406988345665,5.110284779794969,3.8058084926528246,3.757313715897871,489124.2728298309,56.78094199772188,12.524379052992902,12.686028308842747,49.70486111111111,2897,7043.919134140015,60.62499999999999,2268,9544814.301391602,56.64930555555555,2497,9962.503803253174,7662,1747.105907531898,431.87513941819856,2819.11740120547,1179.4700490693588,0,5760,1.0,False,cross,ko_uboil,,1,2020,0.0,,,,regen-v2,637c6b535a9e,unknown,greenhouse-regen:v1,
5760,-7.373565568416203,7.90485532233561,15.278420890751814,5.885495068173108,4.753156596654664,4.639769225924042,321134.74746988417,65.39438964636787,15.465897419746808,15.843855322182216,69.32291666666667,1767,9686.620235919952,34.80902777777778,3755,14037220.16821289,49.54861111111112,2906,8937.543827056885,8428,2012.1350665446892,533.3068075199889,3520.8567376321234,561.730730480927,0,5760,1.0,False,cross,ko_cross,,1,2020,0.0982851310606718,,,,regen-v2,637c6b535a9e,unknown,greenhouse-regen:v1,
5760,-4.994531373601809,8.812588651416247,13.807120025018058,4.501457837602348,3.829559183446426,5.476103003969284,358011.41396378505,50.01619819558165,18.25367667989761,12.765197278154757,54.60069444444444,2615,9432.31711101532,47.083333333333336,3048,14174248.667236328,50.989583333333336,2823,11457.590969085692,8486,1538.959944571132,629.4371268081223,2836.710505790371,882.3846461097482,0,5760,1.0,False,cross,ko_both,,1,2020,0.0,,,,regen-v2,637c6b535a9e,unknown,greenhouse-regen:v1,
5760,3.34733095398201,14.225952801814252,10.878621847832244,4.610115985191094,4.991045490869832,1.2774603717713164,577929.332573704,51.22351094656771,4.258201239237722,16.63681830289944,66.21527777777779,1946,1833.334991455078,60.50347222222222,2275,2873899.116210937,50.81597222222223,2833,6050.811180114746,7054,1576.1080283920278,146.8345255551618,3697.0707328532058,1396.4881818955766,0,5760,1.0,False,lambda,lam=1e-06,1e-06,10,2020,0.0312329091819717,306787963.0,54.0,9.78257454075458,regen-v2,637c6b535a9e,unknown,greenhouse-regen:v1,
5760,3.3361816192903637,14.212279642809182,10.87609802351882,4.609319771111483,4.990576413674431,1.2762018387329048,577373.860489123,51.21466412346093,4.254006129109683,16.635254712248102,66.26736111111111,1943,1830.157922744751,60.46875000000001,2277,2876537.4462890625,50.78125,2835,6046.67183303833,7055,1575.8358192700755,146.68986648448458,3696.723268453723,1396.6126134490078,0,5760,1.0,False,lambda,lam=0.001,0.001,10,2020,0.0312393228259602,2021735424.0,49.0,9.788139964705728,regen-v2,637c6b535a9e,unknown,greenhouse-regen:v1,
5760,3.4354958030114364,13.8371568038255,10.401661000814064,4.535520062923923,4.5963271864301225,1.26981375146002,562134.495155411,50.39466736582137,4.232712504866734,15.321090621433742,66.71875,1917,1822.4120569229128,63.78472222222222,2086,2650270.792602539,47.22222222222222,3040,7260.361148834228,7043,1550.6051491157637,145.95560348096436,3404.686804350673,1416.5873120691565,0,5760,1.0,False,lambda,lam=0.01,0.01,10,2020,0.0312393228259602,1915953760.0,45.0,9.723044513856248,regen-v2,637c6b535a9e,unknown,greenhouse-regen:v1,
5760,5.390872003507626,16.955812407947374,11.56494040443975,4.678160326055188,5.996923943364141,0.88985613502042,688829.8790728621,51.979559178390986,2.9661871167347336,19.989746477880477,65.88541666666666,1965,1592.6319189071655,56.94444444444444,2480,2889704.329711914,55.38194444444444,2570,5232.045867919922,7015,1599.3710516980766,102.28231436395076,4442.1658824813,1366.8709385896746,0,5760,1.0,False,lambda,lam=0.02,0.02,10,2020,0.0323601733231485,2874180807.0,37.0,9.332627815815624,regen-v2,637c6b535a9e,unknown,greenhouse-regen:v1,
5760,5.052827819481715,16.908898647387435,11.856070827905718,4.317847410192822,5.705150042982852,1.8330733747300456,686924.0075501145,47.97608233547581,6.110244582433486,19.01716680994284,56.232638888888886,2521,3164.6943492889404,58.71527777777777,2378,3639886.451660156,54.87847222222222,2599,6012.213836669922,7498,1476.187149384401,210.6980890901249,4226.037068144438,1448.9756469896454,0,5760,1.0,False,lambda,lam=0.03,0.03,10,2020,0.0361186313865933,1643571172.0,33.0,9.759383422329108,regen-v2,637c6b535a9e,unknown,greenhouse-regen:v1,
5760,5.976291008019641,16.548354337224126,10.572063329204484,4.313082444322049,4.975410109649352,1.2835707752330845,672276.8949497301,47.92313827024499,4.278569250776949,16.58470036549784,52.89930555555556,2713,3768.267999649048,67.43055555555556,1876,2619607.287109375,57.239583333333336,2463,5546.665439605713,7052,1474.558101457363,147.53687072580504,3685.488968905356,1468.6684766055248,0,5760,1.0,False,lambda,lam=0.04,0.04,10,2020,0.0,531476101.0,32.0,9.794472742087738,regen-v2,637c6b535a9e,unknown,greenhouse-regen:v1,
5760,-0.6708509025773924,12.173905993577527,12.844756896154925,4.545683995175194,2.3180293338335405,5.981043567146186,494564.9309890871,50.507599946391046,19.936811890487288,7.726764446111802,47.10069444444444,3047,4689.82238483429,100.0,0,0.0,65.50347222222223,1987,4147.407169342041,5034,1554.079997548724,687.4762718636597,1717.0587658878735,1459.9421739512072,0,5760,1.0,False,lambda,lam=0.05,0.05,10,2020,0.0,1478528945.0,26.0,14.933217060111174,regen-v2,637c6b535a9e,unknown,greenhouse-regen:v1,
5760,1.3230168211486455,4.556867897934558,3.233851076785913,0.1609117233897093,2.286843401735947,0.7860959516602568,185122.75835359143,1.7879080376634373,2.620319838867523,7.622811339119823,29.39236111111111,4067,21056.192296743397,94.40972222222224,322,236481.5646972656,31.90972222222222,3922,25273.80658721924,8311,55.01255499609462,90.35585650957528,1693.9580750309983,1479.4770145319044,0,5760,1.0,False,lambda,lam=0.06,0.06,10,2020,0.0,538826764.0,24.0,14.390660027437397,regen-v2,637c6b535a9e,unknown,greenhouse-regen:v1,
5760,2.0309916674650346,5.191879924748613,3.160888257283577,0.1445456320480909,2.2991765388087373,0.7171660864267498,210920.1219429124,1.6060625783121214,2.3905536214224994,7.663921796029125,30.798611111111114,3986,19970.2472076416,95.46875,261,154151.8123779297,28.24652777777778,4133,26956.404167175293,8380,49.41731011994376,82.43288362159608,1703.0937329288147,1416.081735949131,0,5760,1.0,False,lambda,lam=0.07,0.07,10,2020,0.0,1312836471.0,21.0,13.851144656212792,regen-v2,637c6b535a9e,unknown,greenhouse-regen:v1,
5760,2.0309916674650346,5.191879924748613,3.160888257283577,0.1445456320480909,2.2991765388087373,0.7171660864267498,210920.1219429124,1.6060625783121214,2.3905536214224994,7.663921796029125,30.798611111111114,3986,19970.2472076416,95.46875,261,154151.8123779297,28.24652777777778,4133,26956.404167175293,8380,49.41731011994376,82.43288362159608,1703.0937329288147,1416.081735949131,0,5760,1.0,False,lambda,lam=0.08,0.08,10,2020,0.0,1580885022.0,21.0,13.851144656212792,regen-v2,637c6b535a9e,unknown,greenhouse-regen:v1,
5760,2.6921894188166067,5.6881827153031255,2.995993296486519,0.1498842159563675,2.1215613137682974,0.7245477667618543,231082.42280918948,1.6653801772929728,2.4151592225395144,7.071871045894325,32.482638888888886,3889,18486.16249585152,95.20833333333331,276,170759.255859375,25.45138888888889,4294,31630.581630706787,8459,51.24246708338623,83.2813523694807,1571.5268996770628,1421.611766975905,0,5760,1.0,False,lambda,lam=0.1,0.1,10,2020,0.0,3921004421.0,19.0,17.887740271907955,regen-v2,637c6b535a9e,unknown,greenhouse-regen:v1,
5760,4.992901648634039,6.140520003632089,1.1476183549980503,0.1633330638168845,0.2393618365843184,0.7449234545968472,249458.62514755363,1.814811820187606,2.4830781819894905,0.7978727886143949,33.923611111111114,3806,17513.35990381241,91.73611111111111,476,512940.4223632813,22.86458333333333,4443,32494.25184631348,8725,55.84036375099447,85.6233854650701,177.3050639615612,1324.8329254776272,0,5760,1.0,False,lambda,lam=0.15,0.15,10,2020,0.0,1051756184.0,15.0,17.887740271907955,regen-v2,637c6b535a9e,unknown,greenhouse-regen:v1,
5760,-0.9870278759193232,3.746384491887554,4.733412367806878,0.752456989783421,0.8365708020170368,3.14438457600642,152196.8699829319,8.360633219815789,10.4812819200214,2.7885693400567897,31.440972222222225,3949,23061.835048675537,78.15972222222223,1258,2324661.3681640625,28.315972222222225,4129,24590.0729637146,9336,257.2502529182304,361.4235142665676,619.6820756177356,633.1688748970521,0,5760,1.0,False,lambda,lam=0.2,0.2,10,2020,0.0,163810351.0,12.0,4.00775268981274,regen-v2,637c6b535a9e,unknown,greenhouse-regen:v1,
5760,-0.9536840941499958,11.96713644908876,12.920820543238756,4.599567339241483,2.3262858607183627,5.99496734327891,486164.9182442309,51.106303769349815,19.98322447759637,7.7542862023945425,46.5625,3078,4849.140362739563,100.0,0,0.0,67.89930555555556,1849,3883.582160949707,4927,1572.5016561458915,689.0767062886698,1723.1747113411416,1435.8279287656592,0,5760,1.0,False,knock,baseline,,10,2020,0.0,3514091590.0,,,regen-v2,637c6b535a9e,unknown,greenhouse-regen:v1,0.0312329091819717
5760,-0.9536840941499958,11.96713644908876,12.920820543238756,4.599567339241483,2.3262858607183627,5.99496734327891,486164.9182442309,51.106303769349815,19.98322447759637,7.7542862023945425,46.5625,3078,4849.140362739563,100.0,0,0.0,67.89930555555556,1849,3883.582160949707,4927,1572.5016561458915,689.0767062886698,1723.1747113411416,1435.8279287656592,0,5760,1.0,False,knock,knockout,,10,2020,0.0,3514091590.0,,,regen-v2,637c6b535a9e,unknown,greenhouse-regen:v1,0.0312329091819717
5760,5.027074569004864,16.82719700794918,11.800122438944316,4.546369611925647,2.296066039726271,4.957686787292399,683604.8784479355,50.51521791028496,16.525622624308,7.653553465754237,55.15624999999999,2583,3521.560585975647,100.0,0,0.0,68.48958333333334,1815,4014.786285400391,4398,1554.314396476036,569.8490561051411,1700.7896596359112,1440.8128833376973,0,5760,1.0,False,knock,knockin,,10,2020,0.0312329091819717,3514091590.0,,,regen-v2,637c6b535a9e,unknown,greenhouse-regen:v1,0.0312329091819717
5760,-2.521839199296694,9.449603994199634,11.97144319349633,4.673570043361259,5.0365533337933215,2.2613198163417496,383890.1622643602,51.92855603734733,7.537732721139165,16.788511112644407,62.60416666666667,2154,5895.253548622131,42.56944444444444,3308,8742631.889160156,47.552083333333336,3021,8541.785503387451,8483,1597.8017253406197,259.9218179608789,3730.780247196533,990.1989416375776,0,5760,1.0,False,cross,baseline,,10,2020,-0.0001921992211345,,,,regen-v2,637c6b535a9e,unknown,greenhouse-regen:v1,
5760,-2.510508095464437,9.45182491532411,11.962333010788546,4.674268962699789,5.030071514544824,2.2579925335439337,383980.387185042,51.93632180777544,7.526641778479779,16.766905048482748,62.482638888888886,2161,5898.108428001404,42.72569444444444,3299,8728317.326171875,47.60416666666666,3018,8555.018936157227,8478,1598.0406700844244,259.5393715984228,3725.978899505736,988.2948290407736,0,5760,1.0,False,cross,ko_uboil,,10,2020,0.0,,,,regen-v2,637c6b535a9e,unknown,greenhouse-regen:v1,
5760,-1.8358836593195869,9.803623214489438,11.639506873809026,4.136747592079393,4.646355840857607,2.856403440872023,398272.1930886334,45.96386213421548,9.521344802906745,15.487852802858692,56.44097222222222,2509,6507.467080116272,47.03125,3051,11213203.811401367,47.36111111111111,3032,10226.985454559326,8592,1414.272680082884,328.3222343683333,3441.745067963827,1023.5079995242816,0,5760,1.0,False,cross,ko_cross,,10,2020,-0.0001921992211345,,,,regen-v2,637c6b535a9e,unknown,greenhouse-regen:v1,
5760,-1.6528067127609942,9.852540521675802,11.505347234436796,4.175697626566139,4.648818882522559,2.6808307253480987,400259.4586930795,46.39664029517933,8.936102417826996,15.496062941741862,56.770833333333336,2490,6199.256142616272,47.58680555555556,3019,10865842.919067385,47.44791666666666,3027,10008.61065673828,8536,1427.5889317590086,308.1414627918087,3443.569542121308,1040.5436525837997,0,5760,1.0,False,cross,ko_both,,10,2020,0.0,,,,regen-v2,637c6b535a9e,unknown,greenhouse-regen:v1,
5760,-0.7104617882550834,13.195267175128636,13.90572896338372,5.042318502949228,5.589652787603393,3.2737576728310973,536057.7289896008,56.02576114388031,10.912525576103658,18.63217595867798,68.88888888888889,1792,2911.8614864349365,48.420138888888886,2971,6796096.958374023,55.19097222222222,2581,6050.686000823975,7344,1723.8695737286912,376.2939854203543,4140.483546879715,1249.1262934553747,0,5760,1.0,False,lambda,lam=1e-06,1e-06,11,2020,0.0359217418772368,3638040055.0,54.0,11.30433449090867,regen-v2,637c6b535a9e,unknown,greenhouse-regen:v1,
5760,1.8072207594246108,14.190020645834451,12.38279988640984,4.789235717439823,5.7457834638963305,1.8477807050736872,576469.5887370246,53.21373019377581,6.159269016912291,19.152611546321104,69.39236111111111,1763,1555.028688430786,50.06944444444444,2876,3971956.693847656,55.57291666666667,2559,5410.170520782471,7198,1637.345543385365,212.38858675299707,4256.135897225912,1309.3221847024697,0,5760,1.0,False,lambda,lam=0.001,0.001,11,2020,0.0359082871084722,2725210413.0,50.0,11.293596045450792,regen-v2,637c6b535a9e,unknown,greenhouse-regen:v1,
5760,2.5631299102234983,15.126078794346135,12.56294888412264,4.799607778683807,5.8073223638546185,1.9560187415842132,614496.9510203118,53.32897531870897,6.520062471947378,19.35774121284873,70.74652777777779,1685,1461.2123413085938,49.70486111111111,2897,4088177.3580322266,54.80902777777777,2603,5517.709232330322,7185,1640.8915479658135,224.829740563304,4301.720268252021,1308.850506154116,0,5760,1.0,False,lambda,lam=0.01,0.01,11,2020,0.0359082871084722,2979236517.0,43.0,11.104741957088727,regen-v2,637c6b535a9e,unknown,greenhouse-regen:v1,
5760,3.0055620212435663,14.407906252641151,11.402344231397583,4.54534580793787,4.694065742509177,2.162932680950538,585321.1915135467,50.50384231042078,7.20977560316846,15.646885808363924,75.22569444444444,1427,1320.3649864196775,59.114583333333336,2355,3704540.123535156,41.57986111111111,3365,8601.928066253662,7147,1553.964379560765,248.61295155713208,3477.085734039218,1336.6914716516249,0,5760,1.0,False,lambda,lam=0.02,0.02,11,2020,0.0364970492466448,88450681.0,41.0,9.50798268960892,regen-v2,637c6b535a9e,unknown,greenhouse-regen:v1,
5760,5.697230151566544,17.027030341675058,11.329800190108514,4.873845081054046,5.858742331794479,0.5972127772599877,691723.1076305492,54.15383423393385,1.9907092575332923,19.5291411059816,75.50347222222223,1411,860.131067276001,53.69791666666666,2667,2763099.6091308594,53.888888888888886,2656,5137.583080291748,6734,1666.271823023655,68.64514662411761,4339.809135777887,1247.858249299532,0,5760,1.0,False,lambda,lam=0.03,0.03,11,2020,0.0398855907218323,3697437329.0,37.0,10.74061914009506,regen-v2,637c6b535a9e,unknown,greenhouse-regen:v1,
5760,-1.0693125826627945,12.642496338512816,13.711808921175612,4.829927110354506,3.5835419111059776,5.2983398997151285,513601.4137520832,53.665856781716734,17.66113299905043,11.945139703686593,49.895833333333336,2886,4552.782227039337,99.58333333333331,24,3170.7177734375,70.72916666666667,1686,3356.9144439697266,4596,1651.2571321318485,609.0045860591486,2654.4754901104698,1440.1361377349458,0,5760,1.0,False,lambda,lam=0.04,0.04,11,2020,0.0,2885664603.0,33.0,11.512091034370028,regen-v2,637c6b535a9e,unknown,greenhouse-regen:v1,
5760,-0.768682448957189,11.924801575645766,12.693484024602956,4.511469677042827,2.3577806814070628,5.8242336661530665,484445.0640106093,50.12744085603141,19.414112220510223,7.8592689380235425,46.90972222222222,3058,5063.780193328857,100.0,0,0.0,67.25694444444444,1886,3990.772258758545,4944,1542.3827955355046,669.4521456845114,1746.504209173277,1395.0794956607756,0,5760,1.0,False,lambda,lam=0.05,0.05,11,2020,0.0,2104078947.0,27.0,11.481304992472714,regen-v2,637c6b535a9e,unknown,greenhouse-regen:v1,
5760,1.7151474025394382,4.9995373896244,3.2843899870849627,0.1721949705858249,2.28456971111176,0.8276253053873779,203106.2064534913,1.9132774509536103,2.7587510179579264,7.615232370372533,29.89583333333333,4038,19959.71331310272,94.32291666666669,327,249665.3575439453,29.42708333333333,4065,27088.144199371334,8430,58.87007534511247,95.12934540166792,1692.2738604571623,1427.662522032772,0,5760,1.0,False,lambda,lam=0.06,0.06,11,2020,0.0,811411276.0,23.0,10.480666940879154,regen-v2,637c6b535a9e,unknown,greenhouse-regen:v1,
5760,1.7151474025394382,4.9995373896244,3.2843899870849627,0.1721949705858249,2.28456971111176,0.8276253053873779,203106.2064534913,1.9132774509536103,2.7587510179579264,7.615232370372533,29.89583333333333,4038,19959.71331310272,94.32291666666669,327,249665.3575439453,29.42708333333333,4065,27088.144199371334,8430,58.87007534511247,95.12934540166792,1692.2738604571623,1427.662522032772,0,5760,1.0,False,lambda,lam=0.07,0.07,11,2020,0.0,3182931736.0,23.0,10.480666940879154,regen-v2,637c6b535a9e,unknown,greenhouse-regen:v1,
5760,1.7151474025394382,4.9995373896244,3.2843899870849627,0.1721949705858249,2.28456971111176,0.8276253053873779,203106.2064534913,1.9132774509536103,2.7587510179579264,7.615232370372533,29.89583333333333,4038,19959.71331310272,94.32291666666669,327,249665.3575439453,29.42708333333333,4065,27088.144199371334,8430,58.87007534511247,95.12934540166792,1692.2738604571623,1427.662522032772,0,5760,1.0,False,lambda,lam=0.08,0.08,11,2020,0.0,2120554310.0,23.0,10.480666940879154,regen-v2,637c6b535a9e,unknown,greenhouse-regen:v1,
5760,2.654818543523635,5.625285135641812,2.9704665921181777,0.1550362330444157,2.0548530047178604,0.7605773543559015,228527.20863544865,1.7226248116046192,2.535257847853005,6.849510015726201,32.395833333333336,3894,18412.323304653168,95.05208333333334,285,178114.76635742188,25.59027777777777,4286,32023.75791168213,8465,53.00384031491558,87.4226843956065,1522.1133364849784,1403.526365116876,0,5760,1.0,False,lambda,lam=0.1,0.1,11,2020,0.0,1919924582.0,20.0,13.159039652064704,regen-v2,637c6b535a9e,unknown,greenhouse-regen:v1,
5760,2.648402622594874,5.741539306708814,3.0931366841139414,0.1398438239003531,2.2434150693002297,0.7098777909133582,233250.0343350456,1.5538202655594795,2.366259303044528,7.478050231000766,32.74305555555556,3874,18379.2162706852,94.94791666666669,291,150164.57971191406,24.80902777777778,4331,32187.1015625,8496,47.80985427079728,81.5951483639307,1661.7889393673236,1394.2682859386257,0,5760,1.0,False,lambda,lam=0.15,0.15,11,2020,0.0,691373299.0,16.0,13.159039652064704,regen-v2,637c6b535a9e,unknown,greenhouse-regen:v1,
5760,4.38934260163881,5.909665890982904,1.520323289344093,0.2211184932732023,0.3037819807388879,0.9954228153320028,240080.17682118044,2.4568721474800257,3.318076051106676,1.0126066024629596,33.35069444444444,3839,17509.80647945404,91.33680555555556,499,718121.8084716797,25.34722222222222,4300,31489.496021270752,8638,75.59606600005411,114.41641548286668,225.02368933474108,1287.1939274658098,0,5760,1.0,False,lambda,lam=0.2,0.2,11,2020,0.0,3828308706.0,13.0,2.9924455574802677,regen-v2,637c6b535a9e,unknown,greenhouse-regen:v1,
5760,-0.9416752733712364,11.90170319199936,12.843378465370598,4.53054797196307,2.3993103941924927,5.913520099215034,483506.692174974,50.33942191070079,19.71173366405011,7.997701313974976,47.36111111111111,3032,5144.992118835449,100.0,0,0.0,68.24652777777777,1829,3870.814426422119,4861,1548.905291222551,679.7149537639605,1777.2669578594175,1382.641284110653,0,5760,1.0,False,knock,baseline,,11,2020,0.0,118137717.0,,,regen-v2,637c6b535a9e,unknown,greenhouse-regen:v1,0.0359217418772368
5760,-0.9416752733712364,11.90170319199936,12.843378465370598,4.53054797196307,2.3993103941924927,5.913520099215034,483506.692174974,50.33942191070079,19.71173366405011,7.997701313974976,47.36111111111111,3032,5144.992118835449,100.0,0,0.0,68.24652777777777,1829,3870.814426422119,4861,1548.905291222551,679.7149537639605,1777.2669578594175,1382.641284110653,0,5760,1.0,False,knock,knockout,,11,2020,0.0,118137717.0,,,regen-v2,637c6b535a9e,unknown,greenhouse-regen:v1,0.0359217418772368
5760,5.16914923453828,16.871940650291783,11.702791415753502,4.499193888377299,2.440141092846435,4.763456434529769,685422.5889181037,49.99104320419221,15.878188115099231,8.133803642821452,53.28125,2691,3800.7661457061768,100.0,0,0.0,69.42708333333333,1761,3904.9280548095694,4452,1538.1859454495543,547.5237281516753,1807.51192087625,1401.3349796939192,0,5760,1.0,False,knock,knockin,,11,2020,0.0359217418772368,118137717.0,,,regen-v2,637c6b535a9e,unknown,greenhouse-regen:v1,0.0359217418772368
5760,1.8088712467188208,10.53620070034453,8.72732945362571,4.722375838122739,2.6682379854510927,1.3367156300518783,428033.15345149656,52.47084264580821,4.4557187668395954,8.89412661817031,52.72569444444445,2723,7043.943844795227,75.55555555555556,1408,5375523.130615234,63.4375,2106,8132.166606903076,6237,1614.487465042303,153.645474477967,1976.4725827641869,1191.037727010731,0,5760,1.0,False,cross,baseline,,11,2020,0.0451648894514547,,,,regen-v2,637c6b535a9e,unknown,greenhouse-regen:v1,
5760,2.97290943390205,12.100005193768355,9.127095759866307,4.266041878648426,3.096957264131037,1.7640966170868435,491562.7109968396,47.40046531831585,5.880322056956146,10.32319088043679,51.302083333333336,2805,6955.10665512085,72.11805555555556,1606,6237111.699707031,56.26736111111112,2519,9668.847053527832,6930,1458.4758561291137,202.7697257807668,2294.0424183014416,1160.5547773392518,0,5760,1.0,False,cross,ko_uboil,,11,2020,0.0,,,,regen-v2,637c6b535a9e,unknown,greenhouse-regen:v1,
5760,1.8930616096521875,10.556706024080135,8.66364441442795,4.713704423757721,2.6509133707898966,1.2990266198803315,428866.1822282556,52.37449359730802,4.330088732934439,8.83637790263299,52.41319444444444,2741,7054.712933540344,76.12847222222221,1375,5106267.322143555,63.66319444444445,2093,8132.622802734375,6209,1611.522879990986,149.31340456052703,1963.6395334320923,1200.299127693453,0,5760,1.0,False,cross,ko_cross,,11,2020,0.0451648894514547,,,,regen-v2,637c6b535a9e,unknown,greenhouse-regen:v1,
5144,2.2905102265281787,10.619085852412738,8.32857562588456,4.041719444167082,2.6705553490672367,1.6163008326502386,431400.36275426747,44.90799382407869,5.387669442167463,8.901851163557456,50.58320373250389,2542,5755.469563484192,72.49222395023328,1415,5333524.710205078,56.64852255054432,2230,8627.802642822266,6187,1381.7844244830194,185.7817050587453,1978.1891469216707,1000.7331092715144,0,5760,0.8931,True,cross,ko_both,,11,2020,0.0,,,,regen-v2,637c6b535a9e,unknown,greenhouse-regen:v1,
5760,4.822964479587752,14.541396260586692,9.71843178099894,4.967804132690736,4.554948393393607,0.1956792549145975,590744.2230863344,55.19782369656373,0.6522641830486585,15.183161311312023,67.89930555555556,1849,1761.8750195503235,78.90625,1215,763525.9301757812,60.71180555555556,2263,4513.087070465088,5327,1698.3945757178803,22.491868465353903,3374.035846663752,1435.107279618805,0,5760,1.0,False,lambda,lam=1e-06,1e-06,12,2020,0.0399524300859214,2953779104.0,54.0,16.35682533299847,regen-v2,637c6b535a9e,unknown,greenhouse-regen:v1,
5760,4.815436000549509,14.533818531215264,9.718382530665757,4.968967633441352,4.5538573148770976,0.1955575823473066,590436.3778306202,55.210751482681694,0.6518586078243553,15.17952438292366,67.86458333333333,1851,1762.932059288025,78.88888888888889,1216,762439.8223876953,60.65972222222222,2266,4514.304470062256,5333,1698.7923528816086,22.477883021243265,3373.227640978181,1434.0371168526426,0,5760,1.0,False,lambda,lam=0.001,0.001,12,2020,0.0399524320129692,1843098125.0,50.0,16.329775679338425,regen-v2,637c6b535a9e,unknown,greenhouse-regen:v1,
3689,-0.1394792722960303,6.514824150535864,6.654303422831895,3.5552934465118176,2.733854854414857,0.3651551219052196,264664.7311155195,39.50326051679797,1.2171837396840657,9.11284951471619,67.74193548387096,1190,1087.1054258346558,70.58823529411765,1085,803960.8250732422,62.42884250474384,1386,2263.269172668457,3661,1215.4849393729846,41.971853105020905,2025.0776697627796,829.5151912223474,0,5760,0.6405,True,lambda,lam=0.01,0.01,12,2020,0.0399720639143806,995298271.0,42.0,14.90020082230572,regen-v2,637c6b535a9e,unknown,greenhouse-regen:v1,
5760,3.951554744986543,12.8791969028547,8.927642157868156,5.325690738069793,3.5138335749339835,0.0881178448643809,523217.3741784722,59.17434153410881,0.2937261495479365,11.71277858311328,65.86805555555556,1966,2070.657666683197,97.44791666666669,147,25684.96533203125,64.80902777777777,2027,3981.891399383545,4140,1820.7489697238443,10.128487986695358,2602.839684509564,1477.0519331452244,0,5760,1.0,False,lambda,lam=0.02,0.02,12,2020,0.0412937853137737,639029505.0,39.0,14.751182772169605,regen-v2,637c6b535a9e,unknown,greenhouse-regen:v1,
5760,5.252587936585248,16.49987290576118,11.247284969175931,4.786597048999929,5.964866941735238,0.495820978440764,670307.3367965479,53.18441165555477,1.6527365948025468,19.882889805784128,72.77777777777777,1568,1023.6444821357728,51.80555555555556,2776,2963054.376586914,52.74305555555555,2722,5338.792633056641,7066,1636.4434356894349,56.99091720086628,4418.419956270209,1379.5272092452974,0,5760,1.0,False,lambda,lam=0.03,0.03,12,2020,0.0412937853137737,4293876680.0,35.0,14.56098554952878,regen-v2,637c6b535a9e,unknown,greenhouse-regen:v1,
5760,3.4611449366190703,13.9929350765127,10.53179013989363,4.663816960654112,5.020294816001458,0.8476783632380596,568462.9874833284,51.82018845171236,2.825594544126865,16.734316053338194,67.70833333333334,1860,1509.383375167847,65.81597222222221,1969,2754849.733642578,48.52430555555556,2965,6791.900444030762,6794,1594.4673365979463,97.43429457576426,3718.73690047937,1366.0057814956206,0,5760,1.0,False,lambda,lam=0.04,0.04,12,2020,0.0,1930625166.0,31.0,16.086226908023562,regen-v2,637c6b535a9e,unknown,greenhouse-regen:v1,
5760,-1.6262713475921464,11.99675671567959,13.623028063271736,4.624887537793992,2.494384815823158,6.503755709654586,487368.24157448334,51.38763930882213,21.67918569884862,8.31461605274386,49.14930555555556,2929,4385.39245891571,100.0,0,0.0,64.42708333333333,2049,4295.778839111328,4978,1581.158132141582,747.5581275355833,1847.6924564036435,1475.5623548288352,0,5760,1.0,False,lambda,lam=0.05,0.05,12,2020,0.0,3361190422.0,27.0,15.442439236473044,regen-v2,637c6b535a9e,unknown,greenhouse-regen:v1,
5760,6.084170210291806,13.7525619253946,7.668391715102795,5.180003050304536,2.4882815353708416,0.0001071294274181,558697.8282191557,57.555589447828176,0.0003570980913937,8.294271784569473,63.59375000000001,2097,2462.106942653656,100.0,0,0.0,68.31597222222221,1825,3857.534984588623,3922,1770.9412137899112,0.0123137271106704,1843.1715083433253,1577.9369510441388,0,5760,1.0,False,lambda,lam=0.06,0.06,12,2020,0.0,4176722349.0,25.0,20.07119421018843,regen-v2,637c6b535a9e,unknown,greenhouse-regen:v1,
5760,8.941096393339382,16.327944779916493,7.38684838657711,4.776084183958632,2.610764202618479,0.0,663322.7566841076,53.067602043984806,0.0,8.702547342061598,60.38194444444444,2282,2805.8229188919067,100.0,0,0.0,60.55555555555555,2272,5621.326137542725,4554,1632.8492946648412,0.0,1933.899411061083,1515.5687418796938,0,5760,1.0,False,lambda,lam=0.07,0.07,12,2020,0.0,684978425.0,22.0,20.563892542599984,regen-v2,637c6b535a9e,unknown,greenhouse-regen:v1,
5760,2.603907879440194,5.640296357393117,3.0363884779529235,0.1596123351680115,2.100099452554207,0.7766766902307048,229137.0395190954,1.7734703907556832,2.588922300769016,7.000331508514024,32.37847222222222,3895,18382.183571100235,95.45138888888889,262,154615.7237548828,25.03472222222222,4318,32255.720153808597,8475,54.56831971660708,89.27318276739575,1555.6292241165092,1414.280028849574,0,5760,1.0,False,lambda,lam=0.08,0.08,12,2020,0.0,1723983518.0,20.0,19.85717079491736,regen-v2,637c6b535a9e,unknown,greenhouse-regen:v1,
5760,2.6023672465848846,5.687238648794825,3.0848714022099406,0.1566868934249505,2.1595247907960218,0.7686597179889678,231044.07010728976,1.7409654824994505,2.562199059963226,7.198415969320073,32.482638888888886,3889,18355.431066036224,95.39930555555556,265,151426.9090576172,24.96527777777778,4322,32304.40747833252,8476,53.56816877692998,88.35169184873511,1599.647992499764,1411.9536396142717,0,5760,1.0,False,lambda,lam=0.1,0.1,12,2020,0.0,4065811959.0,19.0,19.85717079491736,regen-v2,637c6b535a9e,unknown,greenhouse-regen:v1,
5760,4.659218174564313,5.9644185918913735,1.3052004173270604,0.1857757270105183,0.2682014039834207,0.8512232863331214,242304.50529558703,2.064174744561315,2.837410954443738,0.8940046799447359,33.90625,3807,17501.501967430115,91.94444444444444,464,615149.170501709,23.61111111111111,4400,32188.1650390625,8671,63.51306911386469,97.84175710263752,198.6677063695025,1316.396544343066,0,5760,1.0,False,lambda,lam=0.15,0.15,12,2020,0.0,826201641.0,15.0,19.85717079491736,regen-v2,637c6b535a9e,unknown,greenhouse-regen:v1,
5760,-1.5567363345144338,4.8391411563407445,6.395877490855179,1.1648554397396744,1.024809222075886,4.206212829039618,196590.10947634277,12.942838219329715,14.020709430132062,3.4160307402529533,31.493055555555557,3946,20619.40465784073,74.25347222222223,1483,2919102.154296875,25.34722222222222,4300,27459.23917388916,9729,398.2411756315031,483.4727387145747,759.117942373465,548.7543980297314,0,5760,1.0,False,lambda,lam=0.2,0.2,12,2020,0.0,3616673195.0,11.0,22.99577981774468,regen-v2,637c6b535a9e,unknown,greenhouse-regen:v1,
5760,-1.4757727700817558,11.950401093824038,13.426173863905792,4.610454922281312,2.4834286274918638,6.332290314132621,485485.0444366016,51.2272769142368,21.10763438044207,8.278095424972879,48.69791666666667,2955,4464.184726715088,100.0,0,0.0,64.72222222222223,2032,4248.1104736328125,4987,1576.2239062206886,727.8494614295121,1839.576761015902,1476.5912601294438,0,5760,1.0,False,knock,baseline,,12,2020,0.0,2620518588.0,,,regen-v2,637c6b535a9e,unknown,greenhouse-regen:v1,0.0399524300859214
5760,-1.4757727700817558,11.950401093824038,13.426173863905792,4.610454922281312,2.4834286274918638,6.332290314132621,485485.0444366016,51.2272769142368,21.10763438044207,8.278095424972879,48.69791666666667,2955,4464.184726715088,100.0,0,0.0,64.72222222222223,2032,4248.1104736328125,4987,1576.2239062206886,727.8494614295121,1839.576761015902,1476.5912601294438,0,5760,1.0,False,knock,knockout,,12,2020,0.0,2620518588.0,,,regen-v2,637c6b535a9e,unknown,greenhouse-regen:v1,0.0399524300859214
5760,1.9726821973890445,14.419736444526572,12.447054247137528,4.746247151087111,2.4147255515248114,5.286081544525604,585801.793058892,52.736079456523456,17.62027181508535,8.049085171749372,57.27430555555556,2461,3192.7778272628784,100.0,0,0.0,62.482638888888886,2161,4557.334526062012,4622,1622.6485979909387,607.5955797716636,1788.685594136971,1481.5183065869114,0,5760,1.0,False,knock,knockin,,12,2020,0.0399524300859214,2620518588.0,,,regen-v2,637c6b535a9e,unknown,greenhouse-regen:v1,0.0399524300859214
5700,-1.994252624265332,5.162542491032177,7.156795115297509,4.233746370383255,1.97202141224965,0.951027332664604,209728.2886981822,47.04162633759172,3.1700911088820134,6.573404707498834,62.78947368421053,2121,3351.584198951721,80.42105263157895,1116,3613501.591186523,59.56140350877192,2305,7701.22342300415,5542,1447.4346554511103,109.31348643448788,1460.7566017140266,1286.5373529795374,0,5760,0.9896,True,cross,baseline,,12,2020,0.0902911119643503,,,,regen-v2,637c6b535a9e,unknown,greenhouse-regen:v1,
4638,-2.3307604085966687,4.140469061127606,6.471229469724275,3.95281781356697,1.720678424724888,0.7977332314324161,168206.555608309,43.92019792852189,2.6591107714413877,5.735594749082961,51.16429495472187,2265,3720.81081533432,76.97283311772316,1068,2635144.969848633,54.89435101336783,2092,7212.896488189697,5425,1351.3907053380815,91.693474844002,1274.5766108709672,976.6140627234074,0,5760,0.8052,True,cross,ko_uboil,,12,2020,0.0,,,,regen-v2,637c6b535a9e,unknown,greenhouse-regen:v1,
3685,-0.7566236497149407,3.7718999354301648,4.528523585145106,3.508491802968993,0.9905863144314182,0.0294454677446946,153233.43487685046,38.98324225521103,0.0981515591489821,3.301954381438061,65.61736770691995,1267,1189.1790719032288,89.52510176390773,386,449702.5733642578,59.37584803256445,1497,3414.576545715332,3150,1199.4843767776729,3.3845365586818774,733.7676406084108,819.2542541544002,0,5760,0.6398,True,cross,ko_cross,,12,2020,0.0902911119643503,,,,regen-v2,637c6b535a9e,unknown,greenhouse-regen:v1,
4639,-2.4792341074429216,3.773802072429009,6.2530361798719305,3.5008469343083592,1.6970433959573852,1.0551458496061867,153310.7091924285,38.898299270092885,3.5171528320206225,5.656811319857951,54.386721276137095,2116,3599.006188392639,74.58503987928434,1179,4090416.8100585938,55.98189264927787,2042,7250.944694519043,5337,1196.870747271728,121.28113243517222,1257.0691815671412,944.5290677804408,0,5760,0.8054,True,cross,ko_both,,12,2020,0.0,,,,regen-v2,637c6b535a9e,unknown,greenhouse-regen:v1,
5760,3.615398669447405,13.99752689132521,10.382128221877808,4.617824609272643,4.477434125222542,1.2868694873826207,568649.5299600867,51.309162325251584,4.289564957942069,14.924780417408474,66.00694444444444,1958,1732.2674827575684,66.75347222222221,1915,2548200.999145508,50.625,2844,5983.590412139893,6717,1578.7434553003686,147.91603283762078,3316.617871603948,1397.3383869418312,0,5760,1.0,False,lambda,lam=1e-06,1e-06,13,2020,0.0585704885551467,3231646601.0,54.0,2.6730592765007164,regen-v2,637c6b535a9e,unknown,greenhouse-regen:v1,
5760,3.608312793716382,13.998601789726855,10.390288996010474,4.62059879572964,4.478087691677636,1.291602508603198,568693.1977076535,51.33998661921822,4.305341695343993,14.926958972258788,65.92013888888889,1963,1730.6069021224976,66.80555555555556,1912,2531438.4252929688,50.65972222222223,2842,5973.129676818848,6717,1579.6918953870745,148.46005891562373,3317.101993274888,1397.938877286159,0,5760,1.0,False,lambda,lam=0.001,0.001,13,2020,0.058570484758918,2951028281.0,51.0,2.6730595445763137,regen-v2,637c6b535a9e,unknown,greenhouse-regen:v1,
5760,4.049081501063636,13.83493356357796,9.785852062514325,4.532813571413646,3.983485896490244,1.2695525946104342,562044.1760203546,50.3645952379294,4.231841982034781,13.278286321634146,66.33680555555556,1939,1777.775197982788,71.11111111111111,1664,2175195.5677490234,46.75347222222222,3067,7310.812294006348,6670,1549.6798528996196,145.92558563886607,2950.730294133759,1423.9512227188611,0,5760,1.0,False,lambda,lam=0.01,0.01,13,2020,0.058609289881331,1056651710.0,46.0,2.673438798993367,regen-v2,637c6b535a9e,unknown,greenhouse-regen:v1,
5760,4.266799281451467,13.698486493652611,9.431687212201146,5.086597378832677,4.200176948441201,0.1449128849272667,556501.0138046374,56.51774865369641,0.4830429497575558,14.000589828137338,57.84722222222223,2428,2172.6699557304382,89.60069444444444,599,261946.5645751953,66.42361111111111,1934,3740.131328582764,4961,1739.0076506617852,16.656653377694177,3111.242184412917,1414.0002973519122,0,5760,1.0,False,lambda,lam=0.02,0.02,13,2020,0.0610130923661146,3115209037.0,43.0,2.6766554736515573,regen-v2,637c6b535a9e,unknown,greenhouse-regen:v1,
5760,4.270347930589542,13.563874188692452,9.293526258102911,5.124106853237201,4.060160878959486,0.1092585259062224,551032.3889156309,56.93452059152446,0.3641950863540747,13.533869596531622,57.98611111111112,2420,2242.6633524894714,94.23611111111111,332,73426.8662109375,67.8125,1854,3552.3375549316406,4606,1751.8314035381957,12.558451175005658,3007.5265768419995,1445.6387208839672,0,5760,1.0,False,lambda,lam=0.03,0.03,13,2020,0.0610130923661146,2955973060.0,38.0,2.6720873404238183,regen-v2,637c6b535a9e,unknown,greenhouse-regen:v1,
5760,2.367802288292605,14.241934702363956,11.87413241407135,4.463103805494447,5.257602411782667,2.153426196794235,578578.5972835356,49.59004228327163,7.178087322647451,17.525341372608892,53.83680555555556,2659,3132.4228649139404,63.888888888888886,2080,3292570.4189453125,52.60416666666666,2730,6254.114135742188,7469,1525.8474537337224,247.5202525425144,3894.5203050732,1406.7750526544885,0,5760,1.0,False,lambda,lam=0.04,0.04,13,2020,0.0644472105981064,1680995065.0,35.0,2.7438635652688856,regen-v2,637c6b535a9e,unknown,greenhouse-regen:v1,
5760,1.8293402744456129,14.763502758445997,12.934162484000383,4.692133559093589,2.336027916609956,5.90600100829684,599767.2995618687,52.134817323262105,19.68667002765613,7.786759722033187,52.91666666666666,2712,3240.689552307129,100.0,0,0.0,64.51388888888889,2044,4351.525699615479,4756,1604.1482251166394,678.850690530466,1730.3910490705534,1436.8642679142702,0,5760,1.0,False,lambda,lam=0.05,0.05,13,2020,0.0766655139059586,1801305962.0,28.0,2.9137033171480486,regen-v2,637c6b535a9e,unknown,greenhouse-regen:v1,
5760,1.786317234803877,5.187936287926899,3.401619053123021,0.1925020172452786,2.285627760951538,0.923489274926204,210759.91169703024,2.138911302725319,3.078297583087348,7.618759203171794,29.756944444444443,4046,19454.12732410431,93.4375,378,280341.7414550781,27.916666666666668,4152,28323.5803604126,8576,65.8126554673336,106.1481925154316,1693.0576008887535,1407.130222491984,0,5760,1.0,False,lambda,lam=0.06,0.06,13,2020,0.0,1347972184.0,24.0,2.7740911361257634,regen-v2,637c6b535a9e,unknown,greenhouse-regen:v1,
5760,1.6988189958814883,5.060782684010879,3.36196368812939,0.1844183161755558,2.286789537092176,0.8907558348616585,205594.296537942,2.0490924019506203,2.9691861162055284,7.622631790307253,30.0,4032,19785.376629829407,94.1840277777778,335,244062.41918945312,28.78472222222222,4102,27856.143241882324,8469,63.04899703551538,102.38572817730568,1693.9181759065614,1386.874865933094,0,5760,1.0,False,lambda,lam=0.07,0.07,13,2020,0.0,1125554563.0,23.0,2.751222662526612,regen-v2,637c6b535a9e,unknown,greenhouse-regen:v1,
5760,1.9157036796821707,5.164987369103804,3.249283689421633,0.1750220669589936,2.219380696071064,0.8548809263915754,209827.61186984205,1.9446896328777077,2.8496030879719183,7.397935653570211,30.486111111111114,4004,19705.074066638947,94.47916666666669,318,223712.64196777344,28.33333333333333,4128,27808.460788726807,8450,59.8366040855668,98.2621753399338,1643.985700303453,1356.2593233121202,0,5760,1.0,False,lambda,lam=0.08,0.08,13,2020,0.0,1173201425.0,22.0,2.751222662526612,regen-v2,637c6b535a9e,unknown,greenhouse-regen:v1,
5760,2.5294580864911893,5.608938351170704,3.079480264679515,0.1760779511667788,2.0570309035237737,0.8463714099889621,227863.12051630983,1.9564216796308755,2.8212380332965403,6.856769678412579,32.083333333333336,3912,18384.09696245193,94.47916666666669,318,209891.60485839844,25.92013888888889,4267,31941.45039749145,8497,60.197590052726525,97.28407019821542,1523.726593209084,1351.7527236516053,0,5760,1.0,False,lambda,lam=0.1,0.1,13,2020,0.0,2574118230.0,20.0,9.187252116242725,regen-v2,637c6b535a9e,unknown,greenhouse-regen:v1,
5760,2.1870240402382897,5.48027412867406,3.293250088435771,0.1681857688935008,2.2845943171149456,0.8404700024273246,222636.13647738373,1.8687307654833425,2.801566674757749,7.615314390383152,31.77083333333333,3930,18514.15517950058,94.58333333333331,312,178424.1329345703,26.45833333333333,4236,31818.77717590332,8478,57.499408241523454,96.60574737407332,1692.2920871072924,1362.009650613018,0,5760,1.0,False,lambda,lam=0.15,0.15,13,2020,0.0,1569894099.0,14.0,2.636880657818605,regen-v2,637c6b535a9e,unknown,greenhouse-regen:v1,
5760,4.256623735043874,5.771086468326521,1.5144627332826468,0.217864488685783,0.3050993009843256,0.9914989436125382,234450.3877757649,2.4207165409531446,3.304996478708461,1.016997669947752,33.07291666666667,3855,17720.09557914734,91.23263888888889,505,732213.9479980469,25.60763888888889,4285,31165.65885925293,8645,74.48358585866694,113.9653958975086,225.99948240298735,1261.0246825285303,0,5760,1.0,False,lambda,lam=0.2,0.2,13,2020,0.0,4089276883.0,13.0,2.636880657818605,regen-v2,637c6b535a9e,unknown,greenhouse-regen:v1,
5760,1.5153380181667535,14.7609979542617,13.245659936094944,4.769359504177199,2.271392198454964,6.204908233462781,599665.5418918815,52.99288337974666,20.68302744487594,7.571307328183212,54.25347222222222,2635,3060.5663890838623,100.0,0,0.0,65.59027777777777,1982,4239.515640258789,4617,1630.5502581794017,713.2078428221463,1682.5127405035428,1466.4380444055837,0,5760,1.0,False,knock,baseline,,13,2020,0.0740162127887034,3703764477.0,,,regen-v2,637c6b535a9e,unknown,greenhouse-regen:v1,0.0585704885551467
5760,-2.254133401053571,12.34882681277045,14.602960213824025,4.497446980824206,2.352655471482927,7.752857761516889,501671.0892687995,49.97163312026896,25.8428592050563,7.84218490494309,45.83333333333333,3120,4667.128095626831,100.0,0,0.0,62.36111111111112,2168,4585.02507019043,5288,1537.5887101839858,891.1330760510714,1742.7077555741923,1481.1026882499682,0,5760,1.0,False,knock,knockout,,13,2020,0.0,3703764477.0,,,regen-v2,637c6b535a9e,unknown,greenhouse-regen:v1,0.0585704885551467
5760,1.370930893866539,14.879966291814892,13.509035397948352,4.720090946513107,2.3070661483213875,6.481878303113856,604498.6306049799,52.44545496125674,21.60626101037952,7.690220494404625,52.5,2736,3272.3732500076294,100.0,0,0.0,65.19097222222221,2005,4341.406723022461,4741,1613.7063067628196,745.0434832675473,1708.9378872643842,1467.0152312249247,0,5760,1.0,False,knock,knockin,,13,2020,0.0585704885551467,3703764477.0,,,regen-v2,637c6b535a9e,unknown,greenhouse-regen:v1,0.0585704885551467
5760,5.002917445419531,12.235845465036476,7.232928019616947,4.751231734551704,2.313870868138914,0.16782541692633,497081.22201710695,52.79146371724115,0.5594180564211001,7.712902893796381,58.24652777777778,2405,2585.7888164520264,85.3125,846,1357539.9614257812,68.92361111111111,1790,4813.793262481689,5041,1624.3527284009008,19.29027775892676,1713.9784213295652,1412.2193536635016,0,5760,1.0,False,cross,baseline,,13,2020,0.1280689319784042,,,,regen-v2,637c6b535a9e,unknown,greenhouse-regen:v1,
5760,4.876640053797164,13.6792168306616,8.802576776864436,5.79212751834094,2.4928612191120845,0.5175880394114125,555718.1837456275,64.35697242601044,1.7252934647047085,8.309537397040282,48.420138888888886,2971,4978.673885345459,91.44097222222224,493,653312.162109375,57.84722222222223,2428,5972.432140350342,5892,1980.2145366443012,59.49287813421587,1846.563865695808,1509.7477318455826,0,5760,1.0,False,cross,ko_uboil,,13,2020,0.0,,,,regen-v2,637c6b535a9e,unknown,greenhouse-regen:v1,
5760,3.9109802502816633,10.842961951095296,6.931981700813634,4.919010583794098,2.005331363817933,0.0076397532016038,440495.3292632465,54.65567315326776,0.0254658440053463,6.68443787939311,60.90277777777777,2252,2372.477584838867,91.42361111111111,494,633106.1456298828,73.61111111111111,1520,4403.836307525635,4266,1681.7130190422552,0.8781325855286397,1485.4306394014843,1451.3828903412127,0,5760,1.0,False,cross,ko_cross,,13,2020,0.1280689319784042,,,,regen-v2,637c6b535a9e,unknown,greenhouse-regen:v1,
5760,4.214871029573657,12.603923092658032,8.389052063084375,4.348566308431055,2.5401071055845987,1.500378649068722,512034.3756392326,48.31740342701172,5.001262163562407,8.467023685281996,53.97569444444444,2651,4518.1537981033325,80.92013888888889,1099,4087595.5970458975,56.35416666666667,2514,6854.10721206665,6264,1486.689336136605,172.45731638759457,1881.560819008424,1365.398752182823,0,5760,1.0,False,cross,ko_both,,13,2020,0.0,,,,regen-v2,637c6b535a9e,unknown,greenhouse-regen:v1,
5760,3.1057588124752256,14.048943289441484,10.94318447696626,4.766891400015851,5.5306297224835,0.6456633544669069,570738.3211335603,52.96546000017612,2.1522111815563565,18.43543240827833,61.63194444444444,2210,2059.2024030685425,57.170138888888886,2467,2517589.471435547,60.60763888888889,2269,4394.80509185791,6946,1629.7064618003442,74.2141786445101,4096.762758582978,1422.1386016724534,0,5760,1.0,False,lambda,lam=1e-06,1e-06,14,2020,0.0372925395771292,4232594616.0,54.0,13.271753916326396,regen-v2,637c6b535a9e,unknown,greenhouse-regen:v1,
5760,3.1341895942399245,14.095556986726454,10.96136739248653,4.766258076969297,5.542777562877957,0.6523317526392751,572632.0025857622,52.95842307743664,2.1744391754642507,18.47592520959319,61.80555555555556,2200,2068.195960998535,56.97916666666667,2478,2523545.009887696,60.24305555555556,2290,4381.536136627197,6968,1629.489940034357,74.98066113495197,4105.761157592609,1422.7489124690787,0,5760,1.0,False,lambda,lam=0.001,0.001,14,2020,0.0372945249371745,674548278.0,49.0,11.259936239339844,regen-v2,637c6b535a9e,unknown,greenhouse-regen:v1,
5760,3.816676734929128,13.423202322090455,9.606525587161329,4.580594370336224,4.471122267018366,0.5548089498067397,545317.5943349248,50.895493003735815,1.8493631660224656,14.90374089006122,63.17708333333333,2121,2124.320026397705,66.875,1908,1858620.6221923828,52.58680555555556,2731,6495.76602935791,6760,1566.0151696519556,63.77114363985022,3311.942420557629,1480.048697007143,0,5760,1.0,False,lambda,lam=0.01,0.01,14,2020,0.0375453951454679,564388574.0,41.0,12.373957629591088,regen-v2,637c6b535a9e,unknown,greenhouse-regen:v1,
5760,3.228190090335711,13.582092770860887,10.353902680525175,4.487956804366806,5.068297365574509,0.7976485105838629,551772.5188162236,49.86618671518673,2.6588283686128764,16.89432455191503,64.34027777777777,2054,2050.9338779449463,57.62152777777778,2441,2683130.8259277344,48.90625,2943,7058.150207519531,7438,1534.3442071643558,91.6837366324892,3754.2943433663418,1445.8312784007426,0,5760,1.0,False,lambda,lam=0.02,0.02,14,2020,0.0375453951454679,1476749903.0,39.0,13.308977850870855,regen-v2,637c6b535a9e,unknown,greenhouse-regen:v1,
5760,5.292310740544943,16.79670639535315,11.504395654808206,4.796809782960336,6.207314172107575,0.5002716997402947,682366.1973112217,53.29788647733707,1.6675723324676492,20.691047240358586,66.94444444444444,1904,1498.224054336548,54.77430555555556,2605,2761009.889770508,59.28819444444444,2345,4767.382266998291,6854,1639.9349665985849,57.50249431211376,4598.010498063926,1393.8196424079715,0,5760,1.0,False,lambda,lam=0.03,0.03,14,2020,0.0382609040503778,3068507505.0,36.0,4.092292718044501,regen-v2,637c6b535a9e,unknown,greenhouse-regen:v1,
5760,-3.214752882113679,12.049020050621497,15.263772932735176,4.379630710101037,4.451067943023153,6.433074279610986,489491.4395564983,48.66256344556708,21.44358093203662,14.83689314341051,41.59722222222222,3364,7251.016973972321,77.55208333333333,1293,1806246.423461914,69.40972222222223,1762,3244.1153144836426,6419,1497.309644414519,739.4338254293143,3297.087365785685,1435.0324964286408,0,5760,1.0,False,lambda,lam=0.04,0.04,14,2020,0.0,3778581107.0,31.0,10.563721359651876,regen-v2,637c6b535a9e,unknown,greenhouse-regen:v1,
5760,-0.5658827448728531,12.739156686177251,13.305039431050108,4.449588740604639,2.4023162209610955,6.453134469484372,517528.2403759509,49.43987489560711,21.51044823161457,8.007720736536985,46.57986111111111,3077,5104.70604801178,100.0,0,0.0,64.84375,2025,4435.882907867432,5102,1521.2269196103878,741.7395941830312,1779.493496862966,1524.5505601074856,0,5760,1.0,False,lambda,lam=0.05,0.05,14,2020,0.0,2386413282.0,27.0,11.971486990236048,regen-v2,637c6b535a9e,unknown,greenhouse-regen:v1,
5760,5.562548677179391,13.293743911041531,7.731195233862143,5.293846986307772,2.43723771253818,0.0001105350161902,540058.3463860623,58.82052207008636,0.0003684500539675,8.124125708460602,54.87847222222222,2599,4313.438962936401,100.0,0,0.0,75.98958333333333,1383,2875.697010040283,3982,1809.8622177301784,0.012705174044764,1805.3612686853005,1652.7993990768434,0,5760,1.0,False,lambda,lam=0.06,0.06,14,2020,0.0,4237426605.0,27.0,10.910329959291635,regen-v2,637c6b535a9e,unknown,greenhouse-regen:v1,
5760,1.1229253041922838,4.5095100188386485,3.386584714646365,0.1567413178835296,2.4453599924192604,0.7844834043435752,183198.8445153201,1.7415701987058854,2.614944681145251,8.151199974730869,29.34027777777778,4070,20962.45406293869,95.17361111111111,278,180747.20263671875,33.177083333333336,3849,25265.07693862915,8197,53.58677525336405,90.17050634377978,1811.377771942371,1456.9160117575202,0,5760,1.0,False,lambda,lam=0.07,0.07,14,2020,0.0,2317920117.0,24.0,9.69251371079334,regen-v2,637c6b535a9e,unknown,greenhouse-regen:v1,
5760,1.753859671632484,5.041164815251331,3.2873051436188465,0.1541818296991288,2.364501814335289,0.768621499584429,204797.3206195853,1.7131314411014318,2.5620716652814304,7.881672714450964,30.243055555555557,4018,20031.525251865387,95.32986111111111,269,168610.2442626953,29.913194444444446,4037,26915.18186187744,8324,52.71173669434074,88.34729873586028,1751.4828253916512,1415.254200084596,0,5760,1.0,False,lambda,lam=0.08,0.08,14,2020,0.0,2916661801.0,21.0,10.90862553922991,regen-v2,637c6b535a9e,unknown,greenhouse-regen:v1,
5760,2.2412657922801342,5.39802900249159,3.156763210211457,0.1330871769086457,2.328186483006221,0.6954895502965897,219294.9282262209,1.478746410096064,2.3182985009886323,7.760621610020737,31.944444444444443,3920,18851.931374549866,96.5277777777778,200,89915.78442382812,26.336805555555557,4243,31469.430946350098,8363,45.499889513864986,79.9413274486083,1724.5825810713452,1414.9587483407836,0,5760,1.0,False,lambda,lam=0.1,0.1,14,2020,0.0,3698484599.0,14.0,2.77945411481532,regen-v2,637c6b535a9e,unknown,greenhouse-regen:v1,
5760,4.340838410845368,5.75199478916778,1.4111563783224124,0.2020271151952911,0.2857162136237055,0.923413049503416,233674.78830994107,2.244745724392124,3.07804349834472,0.9523873787456848,32.89930555555556,3865,17882.13108253479,91.64930555555556,481,674942.5833740234,26.12847222222222,4255,30967.19805908203,8601,69.06909922559986,106.13943103813251,211.64163949191456,1316.8824447426105,0,5760,1.0,False,lambda,lam=0.15,0.15,14,2020,0.0,1387651598.0,13.0,2.77945411481532,regen-v2,637c6b535a9e,unknown,greenhouse-regen:v1,
5760,4.340838410845368,5.75199478916778,1.4111563783224124,0.2020271151952911,0.2857162136237055,0.923413049503416,233674.78830994107,2.244745724392124,3.07804349834472,0.9523873787456848,32.89930555555556,3865,17882.13108253479,91.64930555555556,481,674942.5833740234,26.12847222222222,4255,30967.19805908203,8601,69.06909922559986,106.13943103813251,211.64163949191456,1316.8824447426105,0,5760,1.0,False,lambda,lam=0.2,0.2,14,2020,0.0,484066655.0,13.0,2.77945411481532,regen-v2,637c6b535a9e,unknown,greenhouse-regen:v1,
5760,-0.8581936085649773,12.52809640432869,13.386290012893667,4.611656207360664,2.4455202550157065,6.329113550517296,508953.916425853,51.2406245262296,21.097045168390988,8.151734183385688,47.708333333333336,3012,5214.568793296814,100.0,0,0.0,68.40277777777779,1820,3689.399429321289,4832,1576.6345996230398,727.4843160515475,1811.4964856524737,1562.411159494061,0,5760,1.0,False,knock,baseline,,14,2020,0.0,4089708578.0,,,regen-v2,637c6b535a9e,unknown,greenhouse-regen:v1,0.0372925395771292
5760,-0.8581936085649773,12.52809640432869,13.386290012893667,4.611656207360664,2.4455202550157065,6.329113550517296,508953.916425853,51.2406245262296,21.097045168390988,8.151734183385688,47.708333333333336,3012,5214.568793296814,100.0,0,0.0,68.40277777777779,1820,3689.399429321289,4832,1576.6345996230398,727.4843160515475,1811.4964856524737,1562.411159494061,0,5760,1.0,False,knock,knockout,,14,2020,0.0,4089708578.0,,,regen-v2,637c6b535a9e,unknown,greenhouse-regen:v1,0.0372925395771292
5760,4.254418204232018,16.516666826208393,12.262248621976376,4.578588717587598,2.3950435708937405,5.288616333495037,670989.589814716,50.873207973195534,17.628721111650126,7.983478569645802,53.00347222222223,2707,3991.8059091567993,100.0,0,0.0,69.80902777777777,1739,3775.807674407959,4446,1565.329477063068,607.886935033479,1774.106348985249,1556.6448610548478,0,5760,1.0,False,knock,knockin,,14,2020,0.0372925395771292,4089708578.0,,,regen-v2,637c6b535a9e,unknown,greenhouse-regen:v1,0.0372925395771292
5760,-0.2739520336163759,10.24384683778953,10.517798871405905,4.614595966926238,4.889204908903758,1.0139979955759095,416156.2777851997,51.27328852140265,3.379993318586365,16.29734969634586,60.78125,2259,5821.197724342346,44.895833333333336,3174,7654003.67565918,53.31597222222222,2689,8315.286464691162,8122,1577.6396461511083,116.5514937444976,3621.633266140456,981.1986236902296,0,5760,1.0,False,cross,baseline,,14,2020,0.0485529451670127,,,,regen-v2,637c6b535a9e,unknown,greenhouse-regen:v1,
5760,-0.1001819015123323,10.46132781082896,10.56150971234129,4.473014625486579,4.401638847208574,1.6868562396461382,424991.4423149265,49.70016250540643,5.622854132153794,14.672129490695246,51.97916666666666,2766,7822.459897994995,49.02777777777778,2936,7615131.574829102,54.07986111111112,2645,8699.481986999512,8347,1529.2357689408518,193.8915218155976,3260.4732194061626,1053.1700404942385,0,5760,1.0,False,cross,ko_uboil,,14,2020,0.0,,,,regen-v2,637c6b535a9e,unknown,greenhouse-regen:v1,
5760,0.1654778377002252,10.612140578299655,10.446662740599432,4.608554387985209,4.922603123968216,0.9155052286460076,431118.2109934236,51.206159866502325,3.0516840954866926,16.408677079894055,60.79861111111112,2258,5529.282186508179,45.69444444444444,3128,7403616.621948242,52.708333333333336,2724,8193.796981811523,8110,1575.574150537964,105.23048611561904,3646.372684748444,995.662878073946,0,5760,1.0,False,cross,ko_cross,,14,2020,0.0485529451670127,,,,regen-v2,637c6b535a9e,unknown,greenhouse-regen:v1,
5760,0.0921049869311784,10.533836815825005,10.441731828893824,4.420206279067784,4.388004036277865,1.6335215135481778,427937.1206428908,49.11340310075316,5.44507171182726,14.626680120926215,51.85763888888889,2773,7693.895314216614,49.40972222222222,2914,7607112.656982422,54.44444444444444,2624,8825.306575775146,8311,1511.181634209142,187.7610933333699,3250.3733599582933,1052.9552182257707,0,5760,1.0,False,cross,ko_both,,14,2020,0.0,,,,regen-v2,637c6b535a9e,unknown,greenhouse-regen:v1,
5760,-0.3718944749897475,14.472255544107083,14.844150019096832,5.212421210779667,5.425814719542184,4.205914088774983,587935.3814793504,57.91579123088518,14.019713629249944,18.08604906514061,74.58333333333333,1464,3689.564302444458,48.21180555555556,2983,6759365.84375,49.47916666666667,2910,7662.019329071045,7357,1782.024345199512,483.43840141784295,4019.122014340364,1082.2264072111948,0,5760,1.0,False,lambda,lam=1e-06,1e-06,15,2020,0.0325898878612069,2820517182.0,54.0,12.834480481449129,regen-v2,637c6b535a9e,unknown,greenhouse-regen:v1,
5760,-2.7047293963437844,13.308396029909709,16.013125426253488,5.381682289720031,5.287799306278663,5.3436438302547975,540653.5887150818,59.79646988577812,17.812146100849326,17.625997687595543,73.59375,1521,4621.801076889038,46.16319444444444,3101,8235053.060302734,49.114583333333336,2931,7966.261245727539,7553,1839.891381970516,614.2119347378709,3916.8883755544034,1043.6481613619244,0,5760,1.0,False,lambda,lam=0.001,0.001,15,2020,0.0325900197765451,3402422109.0,49.0,12.73768384114635,regen-v2,637c6b535a9e,unknown,greenhouse-regen:v1,
5760,-6.32552401500084,10.011058610985325,16.33658262598616,5.552151786622765,5.363352833592915,5.421078005770483,406699.2560712788,61.69057540691962,18.070260019234944,17.87784277864305,71.28472222222221,1654,5759.208281993866,44.75694444444444,3182,8532003.671142578,49.47916666666667,2910,7756.227352142334,7746,1898.1715502770207,623.1124143545044,3972.8539511039385,1013.8882952849608,0,5760,1.0,False,lambda,lam=0.01,0.01,15,2020,0.033887619238895,2679245396.0,42.0,11.863395145670996,regen-v2,637c6b535a9e,unknown,greenhouse-regen:v1,
5760,2.280090894830158,13.917942435185088,11.637851540354934,4.84845020375423,5.75216779419377,1.0372335424069326,565416.4114293943,53.87166893060256,3.457445141356442,19.17389264731257,71.96180555555556,1615,1161.3091912269592,52.81249999999999,2718,2595590.568847656,51.87500000000001,2772,5852.543727874756,7105,1657.5898127047908,119.22224587351204,4260.865033116215,1206.4592071153938,0,5760,1.0,False,lambda,lam=0.02,0.02,15,2020,0.0344945237675307,2999403213.0,40.0,13.100992360625945,regen-v2,637c6b535a9e,unknown,greenhouse-regen:v1,
5760,2.185985523522175,13.748981441391464,11.56299591786929,4.817760737412483,5.692063933645296,1.0531712468115118,558552.3710565283,53.5306748601387,3.510570822705039,18.97354644548432,70.65972222222221,1690,1211.5815253257751,53.42013888888889,2683,2501444.8802490234,52.41319444444444,2741,5386.000648498535,7114,1647.0976891250143,121.05416645668676,4216.343654093834,1231.0500714359086,0,5760,1.0,False,lambda,lam=0.03,0.03,15,2020,0.0344945237675307,247052416.0,38.0,13.20062435045871,regen-v2,637c6b535a9e,unknown,greenhouse-regen:v1,
5760,3.189138224568973,13.599006960413092,10.40986873584412,4.491273761250275,4.731673481283277,1.186921493310566,552459.6577667819,49.90304179166972,3.956404977701887,15.772244937610925,67.29166666666667,1884,1853.547978401184,66.5625,1926,1764705.8095703125,47.39583333333333,3030,6363.493137359619,6840,1535.478209166911,136.4277576225843,3504.943319815923,1444.7741558254756,0,5760,1.0,False,lambda,lam=0.04,0.04,15,2020,0.0,2987957713.0,32.0,12.865515483969997,regen-v2,637c6b535a9e,unknown,greenhouse-regen:v1,
5760,-1.306154176682897,11.135904297734488,12.442058474417388,4.196229893897101,4.369295007596729,3.876533572923555,452396.1120954636,46.62477659885668,12.921778576411851,14.564316691989095,50.01736111111112,2879,4925.748811721802,68.81944444444444,1796,1528603.6589355469,50.69444444444444,2840,5719.921699523926,7515,1434.608510992446,445.57857179774334,3236.514820277752,1499.911711112064,0,5760,1.0,False,lambda,lam=0.05,0.05,15,2020,0.0,3479338749.0,29.0,10.88650247138745,regen-v2,637c6b535a9e,unknown,greenhouse-regen:v1,
5760,0.7524594855689788,9.299637484612724,8.547177999043745,3.8926243646770895,4.51229990450263,0.1422537298640236,377797.7728123919,43.25138182974545,0.4741790995467454,15.040999681675434,41.11111111111111,3392,7816.024460792541,75.36458333333333,1419,1680862.1463623047,54.02777777777777,2648,5337.559497833252,7459,1330.8117499333118,16.351003437406238,3342.444373120555,1589.1763180528033,0,5760,1.0,False,lambda,lam=0.06,0.06,15,2020,0.0,3206163777.0,27.0,14.29768968749169,regen-v2,637c6b535a9e,unknown,greenhouse-regen:v1,
5760,1.7067521402141712,4.5474802990855565,2.8407281588713857,0.1552211214643903,1.946517265523061,0.7389897718839347,184741.3871503508,1.7246791273821145,2.463299239613116,6.48839088507687,29.635416666666664,4053,20703.053384304047,94.51388888888889,316,236445.58471679688,32.51736111111111,3887,24791.14311981201,8256,53.06705012476628,84.94135333170001,1441.8646402899128,1580.782246983073,0,5760,1.0,False,lambda,lam=0.07,0.07,15,2020,0.0,3328609847.0,25.0,15.335824039901317,regen-v2,637c6b535a9e,unknown,greenhouse-regen:v1,
5760,1.5715663523787518,4.638240856268675,3.0666745038899235,0.1548569298955611,2.174932552115956,0.7368850218784063,188428.53478591493,1.7206325543951244,2.4562834062613543,7.249775173719852,29.635416666666664,4053,20711.522325515747,94.25347222222224,331,259967.10034179688,33.66319444444444,3821,24623.617294311523,8205,52.94254007563522,84.69942786505682,1611.0611489802614,1538.6812471110206,0,5760,1.0,False,lambda,lam=0.08,0.08,15,2020,0.0,937916911.0,24.0,15.335824039901317,regen-v2,637c6b535a9e,unknown,greenhouse-regen:v1,
5760,1.5715663523787518,4.638240856268675,3.0666745038899235,0.1548569298955611,2.174932552115956,0.7368850218784063,188428.53478591493,1.7206325543951244,2.4562834062613543,7.249775173719852,29.635416666666664,4053,20711.522325515747,94.25347222222224,331,259967.10034179688,33.66319444444444,3821,24623.617294311523,8205,52.94254007563522,84.69942786505682,1611.0611489802614,1538.6812471110206,0,5760,1.0,False,lambda,lam=0.1,0.1,15,2020,0.0,3840693353.0,24.0,15.335824039901317,regen-v2,637c6b535a9e,unknown,greenhouse-regen:v1,
5760,4.240246566818023,5.662744238996691,1.4224976721786675,0.2045935936775989,0.2871858021789945,0.9307182763220742,230048.98470924053,2.273262151973322,3.102394254406914,0.9572860072633148,34.30555555555556,3784,17642.364653110504,91.47569444444444,491,679895.6805419922,24.82638888888889,4330,31912.37812805176,8605,69.94652769937883,106.97911220082008,212.73022361775165,1389.134517715746,0,5760,1.0,False,lambda,lam=0.15,0.15,15,2020,0.0,3141596224.0,14.0,3.278896028971299,regen-v2,637c6b535a9e,unknown,greenhouse-regen:v1,
5760,4.435064232236029,5.927897603377397,1.4928333711413684,0.2162569369961042,0.2995746992462798,0.9770017348989846,240820.8401372068,2.402854855512269,3.256672449663282,0.9985823308209326,33.645833333333336,3822,17574.9280128479,91.38888888888889,496,707089.5140991211,26.024305555555557,4261,31616.26769638061,8579,73.93399569468465,112.29905009201178,221.90718466752895,1336.9053564587518,0,5760,1.0,False,lambda,lam=0.2,0.2,15,2020,0.0,1282502714.0,13.0,3.278230052591534,regen-v2,637c6b535a9e,unknown,greenhouse-regen:v1,
5760,-0.8996756366299599,11.133095738524569,12.032771375154528,4.1402598650287175,4.706245445262876,3.186266064862932,452282.0143775605,46.00288738920797,10.62088688287644,15.687484817542922,51.09375000000001,2817,4696.978154182434,60.85069444444444,2255,2042104.764160156,44.72222222222222,3184,6675.72204208374,8256,1415.4734581919452,366.2374786138042,3486.1077358269904,1462.7315604113242,0,5760,1.0,False,knock,baseline,,15,2020,0.0,3847051388.0,,,regen-v2,637c6b535a9e,unknown,greenhouse-regen:v1,0.0325898878612069
5760,-0.8996756366299599,11.133095738524569,12.032771375154528,4.1402598650287175,4.706245445262876,3.186266064862932,452282.0143775605,46.00288738920797,10.62088688287644,15.687484817542922,51.09375000000001,2817,4696.978154182434,60.85069444444444,2255,2042104.764160156,44.72222222222222,3184,6675.72204208374,8256,1415.4734581919452,366.2374786138042,3486.1077358269904,1462.7315604113242,0,5760,1.0,False,knock,knockout,,15,2020,0.0,3847051388.0,,,regen-v2,637c6b535a9e,unknown,greenhouse-regen:v1,0.0325898878612069
5760,1.499499526515666,13.98039727172718,12.480897745211513,4.506836836539948,4.951784792657138,3.022276116014427,567953.6391639167,50.075964850443874,10.074253720048093,16.50594930885713,63.57638888888889,2098,1825.7217144966123,56.076388888888886,2530,2210509.2474365234,52.30902777777777,2747,5786.140563964844,7375,1540.7989193681897,347.388059338718,3667.988735216952,1416.7667025196738,0,5760,1.0,False,knock,knockin,,15,2020,0.0325898878612069,3847051388.0,,,regen-v2,637c6b535a9e,unknown,greenhouse-regen:v1,0.0325898878612069
5240,-2.038006464338308,7.7343718229067395,9.772378287245049,3.979548166905408,4.5539625096224245,1.2388676107172147,314208.8553055863,44.21720185450453,4.129558702390716,15.179875032074747,69.38931297709924,1604,3659.5084161758414,34.103053435114504,3453,8332715.138183594,36.14503816793893,3346,11935.67204284668,8403,1360.5292871561285,142.39857581897095,3373.305562415205,589.8302412159907,0,5760,0.9097,True,cross,baseline,,15,2020,0.0857154324954873,,,,regen-v2,637c6b535a9e,unknown,greenhouse-regen:v1,
5144,-1.897861643122344,9.69780715071437,11.595668793836712,3.8837623414405935,4.186701344434148,3.5252051079619733,393973.4154977713,43.15291490489548,11.75068369320658,13.955671148113828,54.60730948678072,2335,5534.370942115784,46.50077760497668,2752,10931051.681762695,35.01166407465008,3343,14499.836521148682,8430,1327.781996457791,405.19598905617886,3101.260256610972,775.1108581892045,0,5760,0.8931,True,cross,ko_uboil,,15,2020,0.0,,,,regen-v2,637c6b535a9e,unknown,greenhouse-regen:v1,
5244,-2.503071206456326,6.723488240773889,9.226559447230215,4.207123678302894,4.416319433455564,0.6031163354717577,273141.7097814393,46.745818647809934,2.010387784905859,14.721064778185216,72.5209763539283,1441,3768.942000389099,32.55148741418764,3537,8015321.173950195,42.33409610983982,3024,10611.23853302002,8002,1438.3328815276066,69.32371670105142,3271.347729175965,518.2127001813279,0,5760,0.9104,True,cross,ko_cross,,15,2020,0.0857154324954873,,,,regen-v2,637c6b535a9e,unknown,greenhouse-regen:v1,
5760,-1.897110941291352,8.842117455644363,10.739228396935715,3.850260969642241,4.696103311828268,2.192864115465207,359211.0216355523,42.78067744046935,7.30954705155069,15.653677706094228,60.88541666666667,2253,5870.98325920105,40.295138888888886,3439,10471650.201416016,32.74305555555556,3874,14902.004955291748,9566,1316.3285365706777,252.05334625670133,3478.5950463523645,757.975964493053,0,5760,1.0,False,cross,ko_both,,15,2020,0.0,,,,regen-v2,637c6b535a9e,unknown,greenhouse-regen:v1,
5760,3.227018066585841,13.12697202380173,9.89995395721589,5.037163693520644,4.782891745525287,0.0798985181699593,533283.2384669454,55.96848548356272,0.2663283938998644,15.94297248508429,57.10069444444444,2471,2938.499442100525,79.96527777777777,1154,488894.1051025391,81.66666666666667,1056,2063.6612663269043,4681,1722.1072456946706,9.183737769096496,3542.8827754610365,1512.0359633260066,0,5760,1.0,False,lambda,lam=1e-06,1e-06,16,2020,0.0305840677665614,2710381712.0,54.0,10.488205377125368,regen-v2,637c6b535a9e,unknown,greenhouse-regen:v1,
5760,3.1580303701046835,13.121051947411562,9.96302157730688,5.038704543182168,4.844434423973219,0.0798826101514919,533042.7353635947,55.98560603535742,0.2662753671716399,16.1481147465774,57.04861111111112,2474,2935.7209854125977,79.28819444444444,1193,503280.2764892578,81.54513888888889,1063,2069.219223022461,4730,1722.6340325651274,9.181909236163872,3588.4699451433216,1510.8670102600022,0,5760,1.0,False,lambda,lam=0.001,0.001,16,2020,0.0305840675582694,310836416.0,50.0,10.492468239774738,regen-v2,637c6b535a9e,unknown,greenhouse-regen:v1,
5760,2.245413632730978,11.561963990836094,9.316550358105118,4.697409754079491,4.501371766068695,0.1177688379569313,469704.7871277164,52.193441711994346,0.392562793189771,15.00457255356232,62.18749999999999,2178,2676.050033569336,72.58680555555556,1579,927476.8306884766,63.020833333333336,2130,5584.31466293335,5887,1605.9520525052333,13.53664803941017,3334.3494555238617,1554.9936953576537,0,5760,1.0,False,lambda,lam=0.01,0.01,16,2020,0.0314997075079389,2129625339.0,40.0,10.4482549377791,regen-v2,637c6b535a9e,unknown,greenhouse-regen:v1,
5760,5.640582763557795,16.25766863316222,10.617085869604423,5.111919699565979,5.3321389333698335,0.1730272366686116,660467.7882222151,56.79910777295533,0.5767574555620387,17.773796444566113,61.076388888888886,2242,2209.561618804932,76.28472222222223,1366,608491.0401611328,76.73611111111111,1340,2328.6140899658203,4948,1747.6648548108676,19.88818803554901,3949.732541569877,1443.4274948291943,0,5760,1.0,False,lambda,lam=0.02,0.02,16,2020,0.0316671527266433,1326555396.0,37.0,10.378960097752424,regen-v2,637c6b535a9e,unknown,greenhouse-regen:v1,
5760,7.686383788205796,15.748691300226396,8.062307512020599,5.408713663410612,2.438540225838903,0.215053622771085,639790.5840716973,60.09681848234014,0.7168454092369503,8.12846741946301,62.60416666666667,2154,2223.6984395980835,100.0,0,0.0,80.13888888888889,1144,2167.354076385498,3298,1849.132875854256,24.718807230473235,1806.326092322788,1530.7126082797008,0,5760,1.0,False,lambda,lam=0.03,0.03,16,2020,0.0326078780556575,3245464999.0,34.0,11.173693890113457,regen-v2,637c6b535a9e,unknown,greenhouse-regen:v1,
5760,7.772939294661826,15.803257705272184,8.03031841061036,5.038619301910631,2.42190854029248,0.5697905684072486,642007.3442766825,55.98465891011812,1.8993018946908289,8.073028467641599,61.28472222222222,2230,2846.376030921936,100.0,0,0.0,73.55902777777777,1523,3155.3603897094727,3753,1722.6048897089693,65.49316880614761,1794.0063270801195,1591.6653726312677,0,5760,1.0,False,lambda,lam=0.04,0.04,16,2020,0.0,2470462957.0,32.0,9.835549486045178,regen-v2,637c6b535a9e,unknown,greenhouse-regen:v1,
5760,-1.335374704349861,12.424192424616598,13.75956712896646,4.793802720201694,2.512466439873106,6.453297968891658,504732.8172500493,53.26447466890772,21.51099322963886,8.374888132910353,51.89236111111111,2771,4621.0055112838745,100.0,0,0.0,73.17708333333334,1545,3452.472370147705,4316,1638.906913378361,741.7583872182286,1861.0862522635612,1522.1243340616088,0,5760,1.0,False,lambda,lam=0.05,0.05,16,2020,0.0,550859894.0,27.0,9.680908368184864,regen-v2,637c6b535a9e,unknown,greenhouse-regen:v1,
5760,5.30317269450334,13.173971727309905,7.870799032806565,5.445528479570331,2.425156711757335,0.0001138414788991,535192.6014219649,60.50587199522591,0.0003794715963304,8.083855705857784,64.14930555555556,2065,2422.6763553619385,100.0,0,0.0,78.95833333333333,1212,2758.3541870117188,3277,1861.7191391566007,0.0130852270950273,1796.412378916754,1648.091856254502,0,5760,1.0,False,lambda,lam=0.06,0.06,16,2020,0.0,610716343.0,25.0,10.725265775234115,regen-v2,637c6b535a9e,unknown,greenhouse-regen:v1,
5760,5.30317269450334,13.173971727309905,7.870799032806565,5.445528479570331,2.425156711757335,0.0001138414788991,535192.6014219649,60.50587199522591,0.0003794715963304,8.083855705857784,64.14930555555556,2065,2422.6763553619385,100.0,0,0.0,78.95833333333333,1212,2758.3541870117188,3277,1861.7191391566007,0.0130852270950273,1796.412378916754,1648.091856254502,0,5760,1.0,False,lambda,lam=0.07,0.07,16,2020,0.0,3402737292.0,25.0,10.725265775234115,regen-v2,637c6b535a9e,unknown,greenhouse-regen:v1,
5760,1.7061188360214212,4.94021796078292,3.234099124761498,0.1621467525023035,2.2959639187260663,0.7759884535331278,200696.3546568061,1.8016305833589288,2.5866281784437595,7.653213062420221,30.32986111111111,4013,20307.805728197098,95.03472222222224,286,207018.1475830078,31.71875,3933,25593.48366165161,8232,55.43478715484161,89.19407504878902,1700.7140139011542,1447.1498712373418,0,5760,1.0,False,lambda,lam=0.08,0.08,16,2020,0.0,372557694.0,23.0,9.56020778659625,regen-v2,637c6b535a9e,unknown,greenhouse-regen:v1,
5760,1.7061188360214212,4.94021796078292,3.234099124761498,0.1621467525023035,2.2959639187260663,0.7759884535331278,200696.3546568061,1.8016305833589288,2.5866281784437595,7.653213062420221,30.32986111111111,4013,20307.805728197098,95.03472222222224,286,207018.1475830078,31.71875,3933,25593.48366165161,8232,55.43478715484161,89.19407504878902,1700.7140139011542,1447.1498712373418,0,5760,1.0,False,lambda,lam=0.1,0.1,16,2020,0.0,1816090741.0,23.0,9.56020778659625,regen-v2,637c6b535a9e,unknown,greenhouse-regen:v1,
5760,4.52681827511864,6.036061015523812,1.5092427404051711,0.2171594650443177,0.3041820897551784,0.987901185605675,245214.97875565488,2.412882944936864,3.2930039520189167,1.0139402991839284,33.611111111111114,3824,17450.614330768585,91.28472222222224,502,722466.7060546875,24.791666666666668,4332,31669.87091064453,8658,74.24255212671191,113.5518604353603,225.32006641327297,1324.3222693693515,0,5760,1.0,False,lambda,lam=0.15,0.15,16,2020,0.0,1192383839.0,13.0,3.2955211223913152,regen-v2,637c6b535a9e,unknown,greenhouse-regen:v1,
5760,4.52681827511864,6.036061015523812,1.5092427404051711,0.2171594650443177,0.3041820897551784,0.987901185605675,245214.97875565488,2.412882944936864,3.2930039520189167,1.0139402991839284,33.611111111111114,3824,17450.614330768585,91.28472222222224,502,722466.7060546875,24.791666666666668,4332,31669.87091064453,8658,74.24255212671191,113.5518604353603,225.32006641327297,1324.3222693693515,0,5760,1.0,False,lambda,lam=0.2,0.2,16,2020,0.0,3602183173.0,13.0,3.2955211223913152,regen-v2,637c6b535a9e,unknown,greenhouse-regen:v1,
5760,-1.057132884414707,13.037946504645811,14.095079389060515,4.827554515312383,2.630749322882655,6.63677555086548,529666.5767512361,53.639494614582034,22.1225851695516,8.76916440960885,46.59722222222222,3076,4721.738990783691,100.0,0,0.0,78.24652777777777,1253,2736.510040283203,4329,1650.4459875504183,762.8477644635464,1948.7032015114887,1523.5999535996707,0,5760,1.0,False,knock,baseline,,16,2020,0.0,3207005022.0,,,regen-v2,637c6b535a9e,unknown,greenhouse-regen:v1,0.0305840677665614
5760,-1.057132884414707,13.037946504645811,14.095079389060515,4.827554515312383,2.630749322882655,6.63677555086548,529666.5767512361,53.639494614582034,22.1225851695516,8.76916440960885,46.59722222222222,3076,4721.738990783691,100.0,0,0.0,78.24652777777777,1253,2736.510040283203,4329,1650.4459875504183,762.8477644635464,1948.7032015114887,1523.5999535996707,0,5760,1.0,False,knock,knockout,,16,2020,0.0,3207005022.0,,,regen-v2,637c6b535a9e,unknown,greenhouse-regen:v1,0.0305840677665614
5760,3.1415676296867847,16.43500752700946,13.293439897322678,4.7735382471054,2.633866841225984,5.886034808991293,667672.1807847593,53.039313856726665,19.620116029970976,8.779556137419947,50.83333333333333,2832,3808.7926139831534,100.0,0,0.0,78.36805555555556,1246,2811.750938415528,4078,1631.9788878732288,676.5557250928478,1951.012476349072,1526.1842874840036,0,5760,1.0,False,knock,knockin,,16,2020,0.0305840677665614,3207005022.0,,,regen-v2,637c6b535a9e,unknown,greenhouse-regen:v1,0.0305840677665614
5760,1.451548123208506,10.968096926881474,9.516548803672968,5.360453008921252,3.2301133283417864,0.9259824664099304,445578.9376545599,59.56058898801391,3.0866082213664354,10.767044427805954,65.43402777777779,1991,4164.317070007324,84.84375,873,3236430.2287597656,74.51388888888889,1468,4204.353721618652,4332,1832.633507798825,106.43476618571496,2392.676538831797,1415.3247896264547,0,5760,1.0,False,cross,baseline,,16,2020,0.0057945117914668,,,,regen-v2,637c6b535a9e,unknown,greenhouse-regen:v1,
5760,1.080872789735584,10.890093143334676,9.809220353599091,5.340493899120608,3.346303833182678,1.122422621295806,442410.0339479712,59.33882110134009,3.741408737652687,11.154346110608929,64.51388888888889,2044,4793.789847373962,82.27430555555556,1021,3655716.241088867,72.55208333333333,1581,4717.942001342773,4646,1825.8098804326517,129.01409423731596,2478.743580530253,1376.3758957224172,0,5760,1.0,False,cross,ko_uboil,,16,2020,0.0,,,,regen-v2,637c6b535a9e,unknown,greenhouse-regen:v1,
5760,0.2365329429711758,11.802460214876602,11.565927271905426,5.3283160169675,4.426257031457848,1.8113542234800764,479474.9462293619,59.2035112996389,6.037847411600255,14.754190104859497,62.46527777777777,2162,5618.143045425415,63.802083333333336,2085,6159094.068969727,60.05208333333333,2301,6771.638694763184,6548,1821.6465023581825,208.2016348709796,3278.708913607057,1253.159616743791,0,5760,1.0,False,cross,ko_cross,,16,2020,0.0057945117914668,,,,regen-v2,637c6b535a9e,unknown,greenhouse-regen:v1,
5760,0.1309372787033946,11.987182329316056,11.856245050612662,5.265744343199905,4.67707920070704,1.913421506705716,486979.2821284648,58.50827047999894,6.378071689019053,15.590264002356802,63.47222222222222,2104,5315.401810646057,58.87152777777778,2369,7147440.395019531,58.68055555555556,2380,7685.143508911133,6853,1800.2544778842416,219.93350651509155,3464.5031110078035,1218.0325538401394,0,5760,1.0,False,cross,ko_both,,16,2020,0.0,,,,regen-v2,637c6b535a9e,unknown,greenhouse-regen:v1,
5760,5.3370627640508665,16.881998668622384,11.54493590457152,5.118187008116614,5.831325965152576,0.5954229313023308,685831.1959127844,56.868744534629045,1.9847431043411028,19.437753217175256,71.84027777777777,1622,1000.2840385437012,56.40625,2511,2546578.985107422,58.76736111111112,2375,4702.646896362305,6508,1749.8075254825826,68.43941740895079,4319.500713622692,1299.093299831929,0,5760,1.0,False,lambda,lam=1e-06,1e-06,17,2020,0.0399544161865974,1327033157.0,54.0,9.130234786242038,regen-v2,637c6b535a9e,unknown,greenhouse-regen:v1,
5760,5.333372257553274,16.8804747269641,11.547102469410824,5.119737596276929,5.831385782893479,0.5959790902404163,685769.2857829165,56.88597329196588,1.9865969674680544,19.43795260964493,71.82291666666667,1623,1000.392095565796,56.47569444444444,2507,2542116.9580078125,58.71527777777777,2378,4706.308364868164,6508,1750.3376378109974,68.50334389031396,4319.545024300276,1299.4540095927478,0,5760,1.0,False,lambda,lam=0.001,0.001,17,2020,0.0399544127537539,530443997.0,50.0,9.125787980198144,regen-v2,637c6b535a9e,unknown,greenhouse-regen:v1,
5760,5.827837377090589,16.799190178101757,10.971352801011168,5.117139500492495,5.522453062640898,0.331760237877775,682467.1009853838,56.85710556102773,1.1058674595925833,18.40817687546966,66.57986111111111,1925,1476.9212465286255,68.78472222222223,1798,1066492.5363769531,64.72222222222223,2032,3834.5090980529785,5755,1749.449402528753,38.13336064947974,4090.705974605477,1363.953033063949,0,5760,1.0,False,lambda,lam=0.01,0.01,17,2020,0.0406841080060744,897007297.0,41.0,8.745167106337053,regen-v2,637c6b535a9e,unknown,greenhouse-regen:v1,
5760,5.10747974372813,17.082941174739368,11.97546143101124,4.97181372471041,6.195223031008528,0.8084246752923009,693994.4852237869,55.24237471900456,2.694748917641003,20.65074343669509,74.01041666666667,1497,948.3567333221436,52.67361111111111,2726,2987069.8940429688,55.06944444444445,2588,5200.366882324219,6811,1699.765376285074,92.9223766202411,4589.05409691262,1280.529965228196,0,5760,1.0,False,lambda,lam=0.02,0.02,17,2020,0.0406841080060744,203401503.0,40.0,8.743271101480596,regen-v2,637c6b535a9e,unknown,greenhouse-regen:v1,
5760,5.08228610891003,17.02432310392815,11.94203699501812,4.9745865071220345,6.151356719302391,0.816093768593696,691613.1260970811,55.273183412467056,2.7203125619789867,20.50452239767464,74.77430555555556,1453,920.071234703064,52.41319444444444,2741,3005709.1795654297,54.79166666666667,2604,5192.395160675049,6798,1700.7133358365306,93.80388123697992,4556.560532518459,1293.809147701367,0,5760,1.0,False,lambda,lam=0.03,0.03,17,2020,0.0406841080060744,1937982778.0,37.0,11.476284714096415,regen-v2,637c6b535a9e,unknown,greenhouse-regen:v1,
5760,5.562148642989055,17.48550262767097,11.92335398468192,4.851492302696624,5.885003973624538,1.186857708360758,710348.5442491333,53.90547002996249,3.9561923612025263,19.616679912081796,72.04861111111111,1610,1262.6262950897217,56.49305555555556,2506,2935665.450317383,52.36111111111112,2744,5920.40002822876,6860,1658.6298470640195,136.4204264380661,4359.262202270115,1269.3420776277194,0,5760,1.0,False,lambda,lam=0.04,0.04,17,2020,0.0,2321999976.0,34.0,8.769696129956229,regen-v2,637c6b535a9e,unknown,greenhouse-regen:v1,
5760,8.250207348337966,16.35324795886183,8.103040610523863,4.984365033170944,2.2781236354230145,0.8405519419299049,664350.6983287618,55.381833701899374,2.801839806433017,7.593745451410049,60.69444444444444,2264,2536.1257696151733,100.0,0,0.0,66.33680555555556,1939,3941.537242889404,4203,1704.0564214400042,96.61516567757528,1687.4989891141622,1507.3431027574147,0,5760,1.0,False,lambda,lam=0.05,0.05,17,2020,0.0,4083728895.0,30.0,9.06423130974522,regen-v2,637c6b535a9e,unknown,greenhouse-regen:v1,
5760,5.780388524074354,13.551659014131404,7.7712704900570495,5.458854421732728,2.312260102822134,0.0001559655021876,550536.1474490883,60.65393801925254,0.000519885007292,7.707533676073781,58.99305555555555,2362,2701.089114189148,100.0,0,0.0,77.93402777777779,1271,2967.3585891723637,3633,1866.2750163009937,0.0179270700991489,1712.7852606751069,1609.2670875268486,0,5760,1.0,False,lambda,lam=0.06,0.06,17,2020,0.0,1269364859.0,25.0,13.729324706127144,regen-v2,637c6b535a9e,unknown,greenhouse-regen:v1,
5760,5.804171434179005,13.639265804232458,7.835094370053454,5.392667689446169,2.44226743854874,0.0001592420585453,554095.1732969437,59.918529882735214,0.0005308068618178,8.140891461829133,57.56944444444444,2444,2853.7190079689026,100.0,0,0.0,78.28125,1251,2932.3349647521973,3695,1843.6470732979824,0.0183036852246205,1809.0869909989365,1574.3214700076755,0,5760,1.0,False,lambda,lam=0.07,0.07,17,2020,0.0,80408860.0,24.0,13.729324706127144,regen-v2,637c6b535a9e,unknown,greenhouse-regen:v1,
5760,1.5827511278662687,4.85376013866412,3.27100901079785,0.1648086875030771,2.30423011866372,0.801970204631053,197184.00563322983,1.831207638923079,2.6732340154368432,7.680767062212401,29.739583333333336,4047,20356.703555583957,94.60069444444444,311,235340.5213623047,30.243055555555557,4018,26329.17120742798,8376,56.34485043593197,92.18048329848212,1706.8371263055485,1445.679070999642,0,5760,1.0,False,lambda,lam=0.08,0.08,17,2020,0.0,3082916185.0,23.0,12.588054747906616,regen-v2,637c6b535a9e,unknown,greenhouse-regen:v1,
5760,2.5787740210286407,5.537707730666817,2.9589337096381763,0.1524055026252754,2.059026983710082,0.7475012233028189,224969.37655833943,1.6933944736141713,2.4916707443427297,6.863423279033607,32.395833333333336,3894,18579.58889102936,95.13888888888889,280,177601.439453125,25.67708333333333,4281,31980.96472930908,8455,52.10444532816183,85.91968093836644,1525.205173360316,1438.1960945412527,0,5760,1.0,False,lambda,lam=0.1,0.1,17,2020,0.0,1056534425.0,20.0,18.905041799563406,regen-v2,637c6b535a9e,unknown,greenhouse-regen:v1,
5760,2.2951264132698506,5.497476266195785,3.202349852925935,0.1708341648889705,2.1875134706406154,0.8440022173963486,223334.9733142038,1.898157387655229,2.813340724654496,7.291711568802052,32.34375,3897,18488.89602804184,94.82638888888889,298,203645.53393554688,26.354166666666668,4242,31884.538204193115,8437,58.40484273072181,97.01174912861282,1620.380348408199,1413.1676424226634,0,5760,1.0,False,lambda,lam=0.15,0.15,17,2020,0.0,3559309544.0,17.0,3.2020792134731004,regen-v2,637c6b535a9e,unknown,greenhouse-regen:v1,
5760,4.309238343216613,5.788784969354614,1.4795466261380008,0.2108239223144017,0.3011896571259603,0.967533046697639,235169.3893800312,2.342488025715575,3.2251101556587964,1.0039655237532012,33.125,3852,17701.869032382965,91.28472222222224,502,730817.0627441406,25.381944444444443,4298,31533.09024810791,8652,72.0765546984519,111.21069513860716,223.10344989037912,1323.4247061270762,0,5760,1.0,False,lambda,lam=0.2,0.2,17,2020,0.0,2118605324.0,13.0,3.2020792134731004,regen-v2,637c6b535a9e,unknown,greenhouse-regen:v1,
5760,8.468324327420133,16.322913139444577,7.854588812024445,4.937917267112553,2.266681851320797,0.6499896935910943,663118.346289936,54.865747412361706,2.1666323119703144,7.555606171069324,59.583333333333336,2328,2691.3981342315674,100.0,0,0.0,66.57986111111111,1925,3857.4320678710938,4253,1688.1768425706568,74.71145898105452,1679.0235925571865,1490.860072797483,0,5760,1.0,False,knock,baseline,,17,2020,0.0,246107914.0,,,regen-v2,637c6b535a9e,unknown,greenhouse-regen:v1,0.0399544161865974
5760,8.468324327420133,16.322913139444577,7.854588812024445,4.937917267112553,2.266681851320797,0.6499896935910943,663118.346289936,54.865747412361706,2.1666323119703144,7.555606171069324,59.583333333333336,2328,2691.3981342315674,100.0,0,0.0,66.57986111111111,1925,3857.4320678710938,4253,1688.1768425706568,74.71145898105452,1679.0235925571865,1490.860072797483,0,5760,1.0,False,knock,knockout,,17,2020,0.0,246107914.0,,,regen-v2,637c6b535a9e,unknown,greenhouse-regen:v1,0.0399544161865974
5760,8.631659401833462,16.2363950982264,7.604735696392938,5.040565623230288,2.175707411977055,0.3884626611855944,659603.5508654475,56.00628470255876,1.294875537285315,7.252358039923518,63.14236111111112,2123,2166.358048439026,100.0,0,0.0,67.10069444444444,1895,3771.4974517822266,4018,1723.2702995014135,44.650880626647,1611.6351197877434,1461.0423040680162,0,5760,1.0,False,knock,knockin,,17,2020,0.0399544161865974,246107914.0,,,regen-v2,637c6b535a9e,unknown,greenhouse-regen:v1,0.0399544161865974
5699,-5.430545748620853,4.507240795392358,9.93778654401321,4.406225314317117,3.662232373294564,1.869328856401529,183106.65731281447,48.95805904796797,6.231096188005096,12.207441244315213,65.62554834181435,1959,4188.230885505676,58.78224249868398,2349,6695915.204589844,58.18564660466748,2383,8508.390991210938,6691,1506.4018173456889,214.86538585951692,2712.764720557653,1042.967835455775,0,5760,0.9894,True,cross,baseline,,17,2020,0.0668630199034894,,,,regen-v2,637c6b535a9e,unknown,greenhouse-regen:v1,
4639,-5.103350176038089,3.669342007057172,8.77269218309526,3.3058503334461005,3.249681956768163,2.2171598928809977,149067.0190366976,36.73167037162334,7.390532976269992,10.83227318922721,62.750592800172456,1728,3272.5590982437134,45.22526406553136,2541,7709526.251098633,46.92821728820867,2462,10029.371898651125,6731,1130.2052420941527,254.84596485537128,2407.171818586981,711.4975725516172,0,5760,0.8054,True,cross,ko_uboil,,17,2020,0.0,,,,regen-v2,637c6b535a9e,unknown,greenhouse-regen:v1,
5699,-5.305657676702822,4.509902937655283,9.815560614358104,4.497189759945418,3.603387325561082,1.7149835288516029,183214.80684224583,49.96877511050465,5.716611762838676,12.01129108520361,66.99420951044043,1881,4170.042350769043,58.06281803825233,2390,7383091.074829102,59.09808738375154,2331,8341.16826248169,6602,1537.5007715566076,197.12454358123185,2669.1757960803147,975.8315356133724,0,5760,0.9894,True,cross,ko_cross,,17,2020,0.0668630199034894,,,,regen-v2,637c6b535a9e,unknown,greenhouse-regen:v1,
5700,-6.329572578330341,4.174365082890399,10.50393766122074,3.634150241591451,3.888270923828919,2.981516495800371,169583.58149242247,40.3794471287939,9.938388319334573,12.96090307942973,63.3859649122807,2087,5010.67603969574,42.877192982456144,3256,12235206.460571287,46.578947368421055,3045,14032.6789894104,8388,1242.4445262775364,342.70304554639034,2880.2006839093965,800.5459436628264,0,5760,0.9896,True,cross,ko_both,,17,2020,0.0,,,,regen-v2,637c6b535a9e,unknown,greenhouse-regen:v1,
5760,4.372695143639368,16.632816925818588,12.260121782179224,5.047785813517131,5.990082133229882,1.2222538354322072,675708.1876113801,56.08650903907924,4.074179451440691,19.96694044409961,70.69444444444444,1688,1219.3612937927246,52.60416666666666,2730,3169614.209472656,54.25347222222222,2635,5435.873291015625,7053,1725.7387404921226,140.48894644492262,4437.097875310805,1314.2962200622987,0,5760,1.0,False,lambda,lam=1e-06,1e-06,18,2020,0.0314408759048236,2480691264.0,54.0,10.614437204670114,regen-v2,637c6b535a9e,unknown,greenhouse-regen:v1,
5760,4.332813039878684,16.585244094331525,12.252431054452842,5.045532252869689,5.987630344562982,1.2192684570201704,673775.5413322182,56.06146947632988,4.064228190067235,19.958767815209946,70.72916666666667,1686,1218.9550714492798,52.56944444444444,2732,3176311.9313964844,54.40972222222222,2626,5411.293483734131,7044,1724.9682906908338,140.14579966192736,4435.281736486957,1314.132303371264,0,5760,1.0,False,lambda,lam=0.001,0.001,18,2020,0.0314408793157148,611754309.0,50.0,10.56189060205441,regen-v2,637c6b535a9e,unknown,greenhouse-regen:v1,
5760,5.63215316609352,17.18678912369725,11.55463595760373,4.918455000980379,5.864987704924534,0.7711932516988168,698213.3081502008,54.64950001089311,2.5706441723293896,19.54995901641512,72.65625,1575,1028.2374210357666,57.170138888888886,2467,2492046.133666992,55.39930555555556,2569,5150.713310241699,6611,1681.523077213872,88.64290266810346,4344.435337433529,1317.5280732153649,0,5760,1.0,False,lambda,lam=0.01,0.01,18,2020,0.032825149132934,1093947507.0,41.0,11.370279128606269,regen-v2,637c6b535a9e,unknown,greenhouse-regen:v1,
5760,5.493044244166562,17.27062980670624,11.777585562539675,4.791822110683638,6.104063694425449,0.8816997574305891,701619.3358974409,53.24246789648487,2.9389991914352973,20.346878981418165,72.8125,1566,1045.7904615402222,52.170138888888886,2755,2947335.4342041016,51.66666666666667,2784,5915.6311378479,7105,1638.229780724235,101.34479963721208,4521.528661945927,1286.3417572018718,0,5760,1.0,False,lambda,lam=0.02,0.02,18,2020,0.032825149132934,4294074847.0,39.0,12.43158815705243,regen-v2,637c6b535a9e,unknown,greenhouse-regen:v1,
5760,5.602259880349724,17.34649209501925,11.744232214669529,4.790489204528288,6.062751994355405,0.8909910157858337,704701.241360157,53.22765782809208,2.9699700526194457,20.20917331451801,73.22916666666667,1542,1030.750786781311,52.170138888888886,2755,2904021.299194336,51.11111111111111,2816,5986.528411865234,7113,1637.7740879926291,102.41276046849556,4490.927402449807,1271.3014657770843,0,5760,1.0,False,lambda,lam=0.03,0.03,18,2020,0.03495695226297,4197106611.0,33.0,11.271303487953812,regen-v2,637c6b535a9e,unknown,greenhouse-regen:v1,
5760,5.628795618796723,17.53607090451348,11.907275285716755,4.723400184026332,5.931763188187645,1.2521119135027805,712402.8804958601,52.48222426695924,4.173706378342601,19.772543960625484,70.59027777777777,1694,1328.8770360946655,54.60069444444444,2615,2910494.237915039,49.93055555555556,2884,6457.141094207764,7193,1614.8376688621584,143.92090956686224,4393.898658336776,1292.695143246743,0,5760,1.0,False,lambda,lam=0.04,0.04,18,2020,0.0,2931661330.0,32.0,11.538810665172766,regen-v2,637c6b535a9e,unknown,greenhouse-regen:v1,
5760,1.0474169238123208,11.610022571939153,10.56260564812683,4.162709231704443,4.562525965804426,1.8373704506179631,471657.1669850281,46.25232479671603,6.124568168726544,15.208419886014752,48.888888888888886,2944,4301.173083305359,66.00694444444444,1958,2784226.310180664,50.15625,2871,6978.310272216797,7773,1423.1484546326426,211.1920056340197,3379.6488637104485,1394.3499769196933,0,5760,1.0,False,lambda,lam=0.05,0.05,18,2020,0.0,3941122905.0,27.0,12.171643012280835,regen-v2,637c6b535a9e,unknown,greenhouse-regen:v1,
5760,-0.1611973809511109,9.543984342735044,9.705181723686154,4.32258818423544,5.30676173185336,0.075831807597354,387724.3639236111,48.028757602616,0.2527726919911802,17.689205772844534,43.732638888888886,3241,6741.805830001831,62.51736111111112,2159,2169125.577270508,60.78125,2259,4170.523975372314,7659,1477.807926496114,8.716299727753464,3930.934615688054,1480.3220704514438,0,5760,1.0,False,lambda,lam=0.06,0.06,18,2020,0.0,3818230829.0,26.0,9.288288387811232,regen-v2,637c6b535a9e,unknown,greenhouse-regen:v1,
5760,5.74805236716912,13.43749491204696,7.6894425448778385,5.376571274553498,2.3127628337195647,0.0001084366047754,545898.2308019077,59.73968082837221,0.0003614553492516,7.709209445731883,63.68055555555555,2092,2420.7908306121826,100.0,0,0.0,73.03819444444444,1553,3198.229434967041,3645,1838.144025241398,0.0124639774916128,1713.1576539853509,1601.3682378048757,0,5760,1.0,False,lambda,lam=0.07,0.07,18,2020,0.0,1652145941.0,24.0,9.079492251448157,regen-v2,637c6b535a9e,unknown,greenhouse-regen:v1,
5760,5.769318631662218,13.674977014086952,7.905658382424733,5.222275047965657,2.6832726218764584,0.0001107125826179,555545.9411972824,58.025278310729526,0.0003690419420599,8.94424207292153,60.38194444444444,2282,2632.691588878632,100.0,0,0.0,73.85416666666667,1506,3672.0575408935542,3788,1785.393178952142,0.0127255840974616,1987.6093503787183,1515.370669166787,0,5760,1.0,False,lambda,lam=0.08,0.08,18,2020,0.0,392289001.0,22.0,9.079492251448157,regen-v2,637c6b535a9e,unknown,greenhouse-regen:v1,
5760,2.723343229026896,5.642774293701098,2.9194310646742023,0.1404075266196392,2.079350354609676,0.6996731834448874,229237.70568160716,1.5600836291071027,2.3322439448162915,6.931167848698919,31.92708333333333,3921,18648.62310242653,95.5034722222222,259,154396.3184814453,25.95486111111111,4265,31316.71357345581,8445,48.002573177472,80.4222050150316,1540.2595212339984,1419.01454655399,0,5760,1.0,False,lambda,lam=0.1,0.1,18,2020,0.0,1526865183.0,19.0,13.245017969251643,regen-v2,637c6b535a9e,unknown,greenhouse-regen:v1,
5760,4.497183772904817,5.833331271317437,1.3361474984126185,0.1902483110118191,0.272179774327811,0.8737194130729884,236979.08289727088,2.1138701223535463,2.912398043576628,0.9072659144260368,33.177083333333336,3849,17934.04978609085,91.97916666666669,462,638329.8310852051,26.09375,4257,30779.180877685547,8568,65.04215752080158,100.4275187346837,201.6146476809956,1319.495503486407,0,5760,1.0,False,lambda,lam=0.15,0.15,18,2020,0.0,1569441756.0,13.0,2.7485877304133304,regen-v2,637c6b535a9e,unknown,greenhouse-regen:v1,
5760,4.497183772904817,5.833331271317437,1.3361474984126185,0.1902483110118191,0.272179774327811,0.8737194130729884,236979.08289727088,2.1138701223535463,2.912398043576628,0.9072659144260368,33.177083333333336,3849,17934.04978609085,91.97916666666669,462,638329.8310852051,26.09375,4257,30779.180877685547,8568,65.04215752080158,100.4275187346837,201.6146476809956,1319.495503486407,0,5760,1.0,False,lambda,lam=0.2,0.2,18,2020,0.0,1601553413.0,13.0,2.7485877304133304,regen-v2,637c6b535a9e,unknown,greenhouse-regen:v1,
5760,0.6037955079683685,11.363596657189104,10.759801149220731,4.146041730725046,4.654832861382396,1.9589265571132928,461646.1141983073,46.0671303413894,6.529755190377643,15.516109537941318,48.83680555555556,2947,4367.91646194458,64.51388888888889,2044,3239148.063232422,50.45138888888889,2854,7078.04817199707,7845,1417.450164485395,225.16397159975588,3448.0243401271914,1393.9670046988024,0,5760,1.0,False,knock,baseline,,18,2020,0.0,620726115.0,,,regen-v2,637c6b535a9e,unknown,greenhouse-regen:v1,0.0314408759048236
5760,0.6037955079683685,11.363596657189104,10.759801149220731,4.146041730725046,4.654832861382396,1.9589265571132928,461646.1141983073,46.0671303413894,6.529755190377643,15.516109537941318,48.83680555555556,2947,4367.91646194458,64.51388888888889,2044,3239148.063232422,50.45138888888889,2854,7078.04817199707,7845,1417.450164485395,225.16397159975588,3448.0243401271914,1393.9670046988024,0,5760,1.0,False,knock,knockout,,18,2020,0.0,620726115.0,,,regen-v2,637c6b535a9e,unknown,greenhouse-regen:v1,0.0314408759048236
5760,5.731854325769529,17.157473881944917,11.425619556175388,3.9441943414895726,5.1988645195657766,2.2825606951200386,697022.3764540122,43.82438157210636,7.608535650400129,17.32954839855259,53.47222222222222,2680,3598.6044216156006,58.29861111111111,2402,3930843.3708496094,50.26041666666666,2865,7512.647205352783,7947,1348.4425109892104,262.3632982757836,3851.010754402617,1370.8965756536254,0,5760,1.0,False,knock,knockin,,18,2020,0.0314408759048236,620726115.0,,,regen-v2,637c6b535a9e,unknown,greenhouse-regen:v1,0.0314408759048236
5760,-3.733285935675121,6.763658521568727,10.496944457243847,4.408605719074063,4.863804361428614,1.2245343767411707,274773.6274387295,48.984507989711815,4.081781255803903,16.21268120476205,77.70833333333333,1284,2941.7670154571533,38.81944444444444,3524,8159675.778930664,38.958333333333336,3516,11570.808967590332,8324,1507.2156296269504,140.75107778370784,3602.8180448079283,750.9166406062543,0,5760,1.0,False,cross,baseline,,18,2020,0.0172446732050698,,,,regen-v2,637c6b535a9e,unknown,greenhouse-regen:v1,
5760,-3.3282925464187305,7.154061719593843,10.482354266012576,4.384218771215405,4.876538536338421,1.2215969584587472,290633.75735849986,48.71354190239339,4.071989861529158,16.255128454461403,76.07638888888889,1378,2576.181649208069,40.74652777777778,3413,7744247.974731445,37.67361111111111,3590,11566.16204071045,8381,1498.878213296312,140.4134434929668,3612.2507656739754,838.2270136000334,0,5760,1.0,False,cross,ko_uboil,,18,2020,0.0,,,,regen-v2,637c6b535a9e,unknown,greenhouse-regen:v1,
5760,-3.7262591743807176,6.776704799857205,10.502963974237923,4.283703170764267,4.785272918676908,1.433987884796749,275303.632494199,47.59670189738075,4.779959615989164,15.950909728923026,74.73958333333334,1455,3303.7930269241333,40.0,3456,8159925.614379883,38.22916666666666,3558,11935.205562591553,8469,1464.5139047898847,164.82619364024927,3544.646605324838,825.0581831672978,0,5760,1.0,False,cross,ko_cross,,18,2020,0.0172446732050698,,,,regen-v2,637c6b535a9e,unknown,greenhouse-regen:v1,
5760,-3.373037817323733,7.069490851716171,10.442528669039904,4.13810686069885,4.747187713754709,1.5572340945863454,287198.06585096946,45.97896511887611,5.190780315287818,15.82395904584903,72.06597222222221,1609,3156.697069168091,43.21180555555556,3271,7740474.057495117,39.63541666666666,3477,12327.868309020996,8357,1414.7373879859597,178.99242461947654,3516.4353421092032,906.7531551030614,0,5760,1.0,False,cross,ko_both,,18,2020,0.0,,,,regen-v2,637c6b535a9e,unknown,greenhouse-regen:v1,
5760,4.649696309434045,17.336668962293466,12.68697265285942,4.682596015492278,6.210599309032393,1.7937773283347491,704302.176593172,52.02884461658087,5.97925776111583,20.701997696774644,68.76736111111111,1799,1538.6343240737915,53.71527777777778,2666,4221241.651855469,56.00694444444444,2534,5895.866607666016,6999,1600.887526741497,206.18130256125616,4600.4439323116185,1388.1746042826244,0,5760,1.0,False,lambda,lam=1e-06,1e-06,19,2020,0.0492884264789444,10390668.0,54.0,11.803097622101008,regen-v2,637c6b535a9e,unknown,greenhouse-regen:v1,
5760,4.648263082090804,17.335977717925964,12.68771463583516,4.68347561860212,6.21226195851575,1.79197705871729,704274.0947907423,52.038617984468,5.973256862390967,20.70753986171917,68.85416666666667,1794,1539.6824035644531,53.69791666666666,2667,4222710.909545898,56.04166666666666,2532,5894.0515213012695,6993,1601.1882450241585,205.9743748138777,4601.675524937185,1387.998237186424,0,5760,1.0,False,lambda,lam=0.001,0.001,19,2020,0.0492884313712118,2408700852.0,51.0,11.79635459909102,regen-v2,637c6b535a9e,unknown,greenhouse-regen:v1,
5760,4.627137607681989,17.337360496995807,12.71022288931382,4.683060044507301,6.250247818260446,1.7769150265460731,704330.2701904547,52.03400049452557,5.923050088486911,20.83415939420149,68.90625,1791,1536.7683963775637,53.17708333333333,2697,4251860.632324219,55.78125000000001,2547,5933.130168914795,7035,1601.0461694462654,204.2431064275064,4629.813198601982,1387.108027103641,0,5760,1.0,False,lambda,lam=0.01,0.01,19,2020,0.0493077881312386,1627407212.0,43.0,11.810440616373246,regen-v2,637c6b535a9e,unknown,greenhouse-regen:v1,
5760,4.906612392418135,16.903404558699627,11.996792166281494,4.708291969843109,6.437137619903973,0.8513625765344122,686700.8101971725,52.31435522047899,2.8378752551147075,21.457125399679917,67.53472222222221,1870,1548.9057426452637,52.69097222222222,2725,3168725.1309814453,55.989583333333336,2535,5303.808521270752,7130,1609.6724682012236,97.85776721156743,4768.250088910028,1374.6519080003004,0,5760,1.0,False,lambda,lam=0.02,0.02,19,2020,0.0524697534398771,1895751231.0,37.0,10.39827038623046,regen-v2,637c6b535a9e,unknown,greenhouse-regen:v1,
5760,4.650839817708626,17.098854296399654,12.448014478691029,4.307736490355353,6.242990339690842,1.897287648644832,694640.9557912359,47.86373878172615,6.32429216214944,20.809967798969478,56.52777777777778,2504,3101.010376930237,54.13194444444444,2642,3966971.241455078,55.55555555555556,2560,5930.731857299805,7706,1472.7304240252174,218.07904010819297,4624.437287224685,1441.0374423641215,0,5760,1.0,False,lambda,lam=0.03,0.03,19,2020,0.0535429849911421,3978898140.0,36.0,12.23177852426628,regen-v2,637c6b535a9e,unknown,greenhouse-regen:v1,
5760,4.676298020148814,16.994046528035646,12.317748507886831,4.300854323831943,6.113806330210193,1.9030878538446965,690383.1402014481,47.78727026479937,6.343626179482322,20.379354434033974,56.63194444444445,2498,3107.1936502456665,54.30555555555555,2632,4000359.877319336,54.44444444444444,2624,6087.68737411499,7754,1470.3775464961889,218.7457304570464,4528.745428781668,1461.530814159245,0,5760,1.0,False,lambda,lam=0.04,0.04,19,2020,0.0535429849911421,2993333002.0,34.0,12.058433914715112,regen-v2,637c6b535a9e,unknown,greenhouse-regen:v1,
5760,-14.66974500231504,24.490659194876145,39.160404197191184,5.4779450205238245,2.729349570881136,30.953109605786228,994933.0297918434,60.86605578359805,103.17703201928742,9.09783190293712,59.79166666666666,2316,2896.976071357727,100.0,0,0.0,52.74305555555555,2722,4839.686985015869,5038,1872.8017161787825,3557.828689845856,2021.7404228634955,1949.8943567184656,0,5760,1.0,False,lambda,lam=0.05,0.05,19,2020,0.0,1001209436.0,28.0,10.330457753871377,regen-v2,637c6b535a9e,unknown,greenhouse-regen:v1,
5760,0.8208122588264871,4.13994479409565,3.319132535269163,0.1693709078428102,2.321626623275858,0.8281350041504949,168185.2572601358,1.881898976031225,2.760450013834983,7.738755410919526,28.87152777777778,4097,21474.091403722763,94.28819444444444,329,247304.48291015625,33.454861111111114,3833,24888.591903686523,8259,57.90458381558065,95.18793156729268,1719.7234240579069,1502.4308798343775,0,5760,1.0,False,lambda,lam=0.06,0.06,19,2020,0.0,1109519393.0,26.0,9.195188800519452,regen-v2,637c6b535a9e,unknown,greenhouse-regen:v1,
5760,1.3834862547724862,4.673792036420309,3.290305781647824,0.1650140381938777,2.3271256411725467,0.798166102281399,189872.80147957505,1.8334893132653087,2.66055367427133,7.757085470575156,29.704861111111114,4049,20402.057058811188,94.47916666666669,318,237964.5274658203,30.416666666666664,4008,26454.49852371216,8375,56.4150558186212,91.74323011736708,1723.7967713381418,1496.4212655695203,0,5760,1.0,False,lambda,lam=0.07,0.07,19,2020,0.0,1908095095.0,24.0,10.4077073220571,regen-v2,637c6b535a9e,unknown,greenhouse-regen:v1,
5760,1.54125442046988,4.831743208567332,3.290488788097452,0.1659330665985122,2.3167881704117246,0.8077675510872155,196289.56784804788,1.8437007399834693,2.692558503624052,7.722627234705749,29.600694444444443,4055,20389.02362346649,94.35763888888889,325,241414.54760742188,30.885416666666664,3981,26165.990280151367,8361,56.72925349298512,92.84684492343742,1716.1393859004422,1453.3117537745004,0,5760,1.0,False,lambda,lam=0.08,0.08,19,2020,0.0,875457419.0,23.0,10.955834113750164,regen-v2,637c6b535a9e,unknown,greenhouse-regen:v1,
5760,2.6511251216786973,5.615805634317057,2.96468051263836,0.1545356947829481,2.055544947730021,0.7545998701253905,228142.10389413044,1.7170632753660904,2.5153329004179685,6.851816492433404,32.395833333333336,3894,18520.47910952568,95.46875,261,160865.58056640625,25.76388888888889,4276,31989.412746429443,8431,52.832716146534665,86.73561716155994,1522.625886349958,1440.0652275187956,0,5760,1.0,False,lambda,lam=0.1,0.1,19,2020,0.0,730840981.0,20.0,12.656841135951238,regen-v2,637c6b535a9e,unknown,greenhouse-regen:v1,
5760,4.412942275377404,5.924741644667966,1.5117993692905616,0.218546882562479,0.3034946106304856,0.9897578760975972,240692.6293146361,2.428298695138656,3.299192920325324,1.011648702101619,33.55902777777778,3827,17575.83950662613,91.31944444444444,500,720144.4566650391,25.60763888888889,4285,31490.911891937256,8612,74.71688284281603,113.76527309099728,224.81082251821016,1313.5874771560325,0,5760,1.0,False,lambda,lam=0.15,0.15,19,2020,0.0,893406581.0,13.0,2.977604466886311,regen-v2,637c6b535a9e,unknown,greenhouse-regen:v1,
5760,-1.0975196246502517,3.666185047138021,4.763704671788273,0.7627036222164519,0.8370145155381049,3.1639865340337154,148938.7675399821,8.474484691293911,10.546621780112384,2.7900483851270166,31.12847222222222,3967,23130.90560722351,78.24652777777777,1253,2328593.0471191406,29.097222222222225,4084,24442.20269393921,9304,260.7533750814481,363.6766129697494,620.0107520376532,647.8123589732676,0,5760,1.0,False,lambda,lam=0.2,0.2,19,2020,0.0,1884398801.0,12.0,4.002404330486326,regen-v2,637c6b535a9e,unknown,greenhouse-regen:v1,
5760,-1.5839956005331344,19.866301651990888,21.450297252524024,5.799936508586676,2.259679020685658,13.390681723251692,807068.5046121299,64.4437389842964,44.63560574417231,7.532263402285526,82.86458333333333,987,806.6969289779663,100.0,0,0.0,48.28125,2979,5552.193145751953,3966,1982.8842754183545,1539.1588188297228,1673.8363114954727,1943.4781103782848,0,5760,1.0,False,knock,baseline,,19,2020,0.0581229763253284,3747979278.0,,,regen-v2,637c6b535a9e,unknown,greenhouse-regen:v1,0.0492884264789444
5760,-13.205784870967978,24.96616727001529,38.17195214098327,5.639601256958067,2.7066106927429474,29.82574019128225,1014250.5453443712,62.66223618842297,99.41913397094083,9.022035642476492,65.69444444444444,1976,2044.5439310073853,100.0,0,0.0,46.99652777777778,3053,5143.603145599365,5029,1928.0688045827412,3428.245998492179,2004.8968083278717,1959.8868912103808,0,5760,1.0,False,knock,knockout,,19,2020,0.0,3747979278.0,,,regen-v2,637c6b535a9e,unknown,greenhouse-regen:v1,0.0492884264789444
5760,-2.5533957051002645,20.381239019204607,22.93463472430487,5.78041768354951,2.3164582499479605,14.837758790807396,827987.8351551871,64.22686315055012,49.45919596935799,7.721527499826535,79.84375,1161,909.3886737823486,100.0,0,0.0,48.90625,2943,5478.434722900391,4104,1976.21117430549,1705.48951623064,1715.8950003387213,1949.4291503598383,0,5760,1.0,False,knock,knockin,,19,2020,0.0492884264789444,3747979278.0,,,regen-v2,637c6b535a9e,unknown,greenhouse-regen:v1,0.0492884264789444
5760,1.5920836073949334,13.31407180018472,11.721988192789786,5.067554036977667,5.537812366744475,1.1166217890676444,540884.1668825042,56.30615596641852,3.7220726302254814,18.45937455581492,75.06944444444444,1436,2244.6131982803345,45.01736111111111,3167,7923890.292480469,47.56944444444444,3020,7604.04008102417,7623,1732.497106322391,128.34733201881627,4102.083234245659,919.9256632295984,0,5760,1.0,False,cross,baseline,,19,2020,0.0183739866150532,,,,regen-v2,637c6b535a9e,unknown,greenhouse-regen:v1,
5760,1.712192989651828,13.52573934247777,11.813546352825943,4.873966406690938,5.577806957623622,1.3617729885113825,549483.1607881595,54.15518229656598,4.5392432950379416,18.59268985874541,74.80902777777779,1451,2058.6869802474976,45.22569444444444,3155,7309350.675170898,45.71180555555556,3127,7757.548984527588,7733,1666.313301016272,156.52563085581178,4131.708857760495,1020.2021031382952,0,5760,1.0,False,cross,ko_uboil,,19,2020,0.0,,,,regen-v2,637c6b535a9e,unknown,greenhouse-regen:v1,
5760,1.190689571309524,13.84312624892932,12.652436677619797,4.7215246843940175,5.634930374751911,2.2959816184738675,562377.0038627536,52.46138538215576,7.653272061579559,18.78310124917304,73.07291666666667,1551,2267.233762741089,47.37847222222222,3031,7693580.799438477,45.39930555555556,3145,8171.228534698486,7727,1614.1964729194808,263.90593342371375,4174.022498775545,1103.3567711887097,0,5760,1.0,False,cross,ko_cross,,19,2020,0.0183739866150532,,,,regen-v2,637c6b535a9e,unknown,greenhouse-regen:v1,
5760,1.1950201305043802,13.845670673787474,12.650650543283092,4.754292330893557,5.599115082471952,2.2972431299175837,562480.3711226161,52.82547034326175,7.657477099725278,18.66371694157317,68.31597222222221,1825,2533.7423152923584,48.90625,2943,7250569.101074219,44.86111111111112,3176,8281.793128967285,7944,1625.399088038217,264.05093451030734,4147.492653464848,1162.893536698882,0,5760,1.0,False,cross,ko_both,,19,2020,0.0,,,,regen-v2,637c6b535a9e,unknown,greenhouse-regen:v1,
5760,5.427068696582436,15.661228153833052,10.23415945725062,5.170847063713971,4.919772749476531,0.1435396440601162,636237.3937494678,57.45385626348857,0.4784654802003875,16.399242498255102,62.55208333333333,2157,1932.591586112976,78.4375,1242,555279.0886230469,69.47916666666667,1758,3373.7234077453613,5157,1767.8109619711408,16.498809656538484,3644.27611027303,1420.2147854323412,0,5760,1.0,False,lambda,lam=1e-06,1e-06,2,2020,0.042042231500708,3908171985.0,54.0,11.513945897184565,regen-v2,637c6b535a9e,unknown,greenhouse-regen:v1,
5760,4.549491012331592,14.547421403766414,9.99793039143482,5.018845302725781,4.823742989445089,0.1553420992639516,590988.9945280106,55.76494780806424,0.5178069975465054,16.079143298150296,62.37847222222223,2167,1967.954725265503,76.16319444444444,1373,585856.2756347656,70.46875,1701,3325.1265563964844,5241,1715.844547450224,17.85541373443042,3573.142954925962,1402.598541917289,0,5760,1.0,False,lambda,lam=0.001,0.001,2,2020,0.0420362760343026,2135125064.0,49.0,11.589891356027293,regen-v2,637c6b535a9e,unknown,greenhouse-regen:v1,
5760,6.330380081969082,16.269459931960014,9.939079849990936,4.989620816027927,4.809087016820389,0.1403720171426186,660946.8097358757,55.44023128919918,0.4679067238087288,16.030290056067965,64.79166666666667,2028,1822.2399005889893,82.79513888888889,991,380062.13134765625,67.69097222222223,1861,3519.746913909912,4880,1705.853270295041,16.13471459972418,3562.286678363542,1447.926869966207,0,5760,1.0,False,lambda,lam=0.01,0.01,2,2020,0.0420362963301916,4206027311.0,42.0,11.197173067569873,regen-v2,637c6b535a9e,unknown,greenhouse-regen:v1,
5760,4.994101378828063,16.669218178507776,11.675116799679715,4.821327956695523,6.31638544435654,0.5374033986276532,677186.9885018785,53.57031062995026,1.7913446620921774,21.05461814785513,69.01041666666666,1785,1294.5968446731567,53.02083333333333,2706,3218008.318359375,57.86458333333333,2427,4664.588176727295,6918,1648.317249108508,61.77050575090465,4678.804031585048,1371.9421285848414,0,5760,1.0,False,lambda,lam=0.02,0.02,2,2020,0.0426117702481508,3177610036.0,35.0,13.672490407099671,regen-v2,637c6b535a9e,unknown,greenhouse-regen:v1,
5760,4.994101378828063,16.669218178507776,11.675116799679715,4.821327956695523,6.31638544435654,0.5374033986276532,677186.9885018785,53.57031062995026,1.7913446620921774,21.05461814785513,69.01041666666666,1785,1294.5968446731567,53.02083333333333,2706,3218008.318359375,57.86458333333333,2427,4664.588176727295,6918,1648.317249108508,61.77050575090465,4678.804031585048,1371.9421285848414,0,5760,1.0,False,lambda,lam=0.03,0.03,2,2020,0.0426117702481508,1444749007.0,35.0,13.672490407099671,regen-v2,637c6b535a9e,unknown,greenhouse-regen:v1,
5760,4.610125086808308,16.887390735876075,12.277265649067765,4.464848533416144,6.31990368373479,1.4925134319168314,686050.2486449655,49.60942814906827,4.975044773056105,21.0663456124493,58.97569444444445,2363,2637.731845855713,51.26736111111111,2807,4383923.765625,55.57291666666667,2559,5609.7192459106445,7729,1526.4439444171155,171.55326753096875,4681.410136331794,1418.2157376723903,0,5760,1.0,False,lambda,lam=0.04,0.04,2,2020,0.0441839506410723,3109645504.0,33.0,11.235917605878324,regen-v2,637c6b535a9e,unknown,greenhouse-regen:v1,
5760,8.267243219130332,16.868633391630254,8.601390172499924,4.58233322385282,2.5802435905986245,1.4388133580484783,685288.2315349792,50.91481359836467,4.796044526828262,8.600811968662082,58.22916666666666,2406,3002.469361305237,100.0,0,0.0,63.97569444444444,2075,5257.423469543457,4481,1566.6096497429144,165.3808457558439,1911.291549526784,1326.9057867611252,0,5760,1.0,False,lambda,lam=0.05,0.05,2,2020,0.0,3405464364.0,27.0,11.398024060451595,regen-v2,637c6b535a9e,unknown,greenhouse-regen:v1,
5760,-1.1220584235955735,12.114372056551296,13.236430480146872,4.522400534823132,2.563476052723863,6.150553892599877,492146.36479739647,50.24889483136813,20.50184630866626,8.544920175746212,47.82986111111111,3005,5287.400231361389,100.0,0,0.0,68.45486111111111,1817,4517.747653961182,4822,1546.1198416183825,706.9602174911612,1898.8711494832023,1221.7356718462793,0,5760,1.0,False,lambda,lam=0.06,0.06,2,2020,0.0,2042305088.0,25.0,14.754467374782012,regen-v2,637c6b535a9e,unknown,greenhouse-regen:v1,
5760,2.644294308975341,5.895385932431671,3.2510916234563294,0.1625346665016375,2.300797038451229,0.7877599185034632,239500.05350503663,1.805940738907084,2.625866395011544,7.6693234615040975,33.385416666666664,3837,17801.837741851807,94.49652777777776,317,203726.09716796875,23.350694444444446,4415,33240.89192581177,8569,55.5674073370491,90.54711691354106,1704.2941021877923,1467.0542866289093,0,5760,1.0,False,lambda,lam=0.07,0.07,2,2020,0.0,3512521049.0,21.0,18.04736793341954,regen-v2,637c6b535a9e,unknown,greenhouse-regen:v1,
5760,2.4974246248704155,5.670940592273539,3.173515967403124,0.1593631630370859,2.2375547594931957,0.7765980448728427,230381.96156111252,1.7707018115231767,2.5886601495761425,7.458515864977317,32.673611111111114,3878,18294.864314317703,95.43402777777776,263,144725.9832763672,24.53125,4347,32472.06856918335,8488,54.48313268855259,89.26414302889432,1657.4479701789146,1403.817116541195,0,5760,1.0,False,lambda,lam=0.08,0.08,2,2020,0.0,344052681.0,19.0,14.58008852742465,regen-v2,637c6b535a9e,unknown,greenhouse-regen:v1,
5760,2.4974246248704155,5.670940592273539,3.173515967403124,0.1593631630370859,2.2375547594931957,0.7765980448728427,230381.96156111252,1.7707018115231767,2.5886601495761425,7.458515864977317,32.673611111111114,3878,18294.864314317703,95.43402777777776,263,144725.9832763672,24.53125,4347,32472.06856918335,8488,54.48313268855259,89.26414302889432,1657.4479701789146,1403.817116541195,0,5760,1.0,False,lambda,lam=0.1,0.1,2,2020,0.0,303994103.0,19.0,14.58008852742465,regen-v2,637c6b535a9e,unknown,greenhouse-regen:v1,
5760,4.813342761928511,6.1033352474234,1.289992485494888,0.1849970374125055,0.2640924147845008,0.8409030332978816,247947.9944265756,2.0555226379167286,2.803010110992939,0.8803080492816695,34.20138888888889,3790,17217.21115541458,91.54513888888889,487,603469.948135376,22.55208333333333,4461,32734.910850524902,8738,63.24685044554687,96.65552112366312,195.6240109028868,1290.9170251531025,0,5760,1.0,False,lambda,lam=0.15,0.15,2,2020,0.0,3884067421.0,15.0,14.58008852742465,regen-v2,637c6b535a9e,unknown,greenhouse-regen:v1,
5760,-2.308611268748458,2.775476065290971,5.084087334039429,0.8220521675464231,0.8862439589933907,3.375791207499616,112753.71515244571,9.133912972738036,11.252637358332054,2.954146529977969,26.28472222222222,4246,23572.105517864227,76.99652777777779,1325,2546575.79296875,27.98611111111111,4148,25979.88241958618,9719,281.0434762109194,388.021977856958,656.4770071481869,880.7577838503678,0,5760,1.0,False,lambda,lam=0.2,0.2,2,2020,0.0,4134072024.0,11.0,3.5606308353896714,regen-v2,637c6b535a9e,unknown,greenhouse-regen:v1,
5760,7.747941272354749,16.58924890624828,8.841307633893528,4.696139962216519,2.56928297791773,1.5758846937592783,673938.2368163363,52.17933291351689,5.252948979197595,8.564276593059102,60.65972222222222,2266,2712.7955198287964,100.0,0,0.0,64.11458333333333,2067,4828.194198608398,4333,1605.517934868112,181.13617161396215,1903.1725762411704,1421.3883619387125,0,5760,1.0,False,knock,baseline,,2,2020,0.0,1712067057.0,,,regen-v2,637c6b535a9e,unknown,greenhouse-regen:v1,0.042042231500708
5760,7.747941272354749,16.58924890624828,8.841307633893528,4.696139962216519,2.56928297791773,1.5758846937592783,673938.2368163363,52.17933291351689,5.252948979197595,8.564276593059102,60.65972222222222,2266,2712.7955198287964,100.0,0,0.0,64.11458333333333,2067,4828.194198608398,4333,1605.517934868112,181.13617161396215,1903.1725762411704,1421.3883619387125,0,5760,1.0,False,knock,knockout,,2,2020,0.0,1712067057.0,,,regen-v2,637c6b535a9e,unknown,greenhouse-regen:v1,0.042042231500708
5760,8.0745307743659,16.370912499346982,8.296381724981082,4.80923413784596,2.4395572390632707,1.0475903480718491,665068.3202859712,53.43593486495512,3.491967826906164,8.131857463544236,64.11458333333333,2067,2053.8690004348755,100.0,0,0.0,64.25347222222221,2059,4612.611721038818,4126,1644.1826102364644,120.4126838262638,1807.0794361849173,1406.4380902478308,0,5760,1.0,False,knock,knockin,,2,2020,0.042042231500708,1712067057.0,,,regen-v2,637c6b535a9e,unknown,greenhouse-regen:v1,0.042042231500708
5760,0.175241358816544,8.22341469409102,8.048173335274473,4.423255921938202,2.259585468666942,1.36533194466933,334076.22194744763,49.14728802153559,4.5511064822311,7.53195156222314,70.53819444444444,1697,3224.668785095215,73.19444444444444,1544,5119569.66394043,48.99305555555556,2938,9669.55686569214,6179,1512.2242470310875,156.93470645320053,1673.7670141934902,1222.2918960447976,0,5760,1.0,False,cross,baseline,,2,2020,0.0065544423002249,,,,regen-v2,637c6b535a9e,unknown,greenhouse-regen:v1,
5760,0.1892386350191415,8.345924887519644,8.156686252500503,4.429468383748564,2.313803286537737,1.413414582214202,339053.1985554855,49.21631537498404,4.711381940714007,7.712677621792458,70.85069444444444,1679,3219.9173831939697,72.20486111111111,1601,5239781.427612305,47.89930555555556,3001,9750.368984222412,6281,1514.348164413864,162.46144622119908,1713.9283610044288,1212.2292155562009,0,5760,1.0,False,cross,ko_uboil,,2,2020,0.0,,,,regen-v2,637c6b535a9e,unknown,greenhouse-regen:v1,
5760,0.5204705421706439,8.993506871764055,8.473036329593413,4.587487515560774,2.442193674239812,1.4433551397928264,365361.21666541474,50.97208350623082,4.811183799309421,8.140645580799374,72.34375,1593,3078.4787578582764,73.14236111111111,1547,4499878.307250977,47.13541666666667,3045,9084.79201889038,6185,1568.3718002313965,165.9028894469495,1809.0323510019705,1280.5500302259888,0,5760,1.0,False,cross,ko_cross,,2,2020,0.0065544423002249,,,,regen-v2,637c6b535a9e,unknown,greenhouse-regen:v1,
5760,0.7382974398499864,9.273174885909707,8.53487744605972,4.628555649864881,2.469685221075216,1.4366365751196235,376722.7297400818,51.42839610960979,4.788788583732079,8.23228407025072,72.27430555555556,1597,2842.40526008606,72.8125,1566,4508489.368774414,46.05902777777778,3107,9429.526916503906,6270,1582.412188297442,165.1306406333077,1829.3964601657628,1286.8878841564788,0,5760,1.0,False,cross,ko_both,,2,2020,0.0,,,,regen-v2,637c6b535a9e,unknown,greenhouse-regen:v1,
5760,4.798665976284177,13.568637994997482,8.769972018713307,4.909705005139938,3.6309941869745455,0.2292728265988229,551225.9185467728,54.5522778348882,0.7642427553294098,12.103313956581822,59.54861111111112,2330,2819.9138803482056,92.41319444444444,437,259156.6348876953,67.46527777777777,1874,3608.099437713623,4641,1678.5316254569868,26.3531985467625,2689.625323313576,1536.3373240442866,0,5760,1.0,False,lambda,lam=1e-06,1e-06,3,2020,0.0311407240561425,505201592.0,54.0,9.20130694593161,regen-v2,637c6b535a9e,unknown,greenhouse-regen:v1,
5760,4.799008334267879,13.570268283977745,8.771259949709865,4.909930888396132,3.631407274662092,0.2299217866516405,551292.1490365958,54.55478764884591,0.7664059555054685,12.104690915540306,59.53125,2331,2819.473587036133,92.39583333333331,438,259347.04931640625,67.46527777777777,1874,3608.713760375977,4643,1678.608849600643,26.427791571736705,2689.931315227926,1536.282843403273,0,5760,1.0,False,lambda,lam=0.001,0.001,3,2020,0.0311407271098998,869523678.0,51.0,9.20021414303655,regen-v2,637c6b535a9e,unknown,greenhouse-regen:v1,
5760,5.436457465113685,14.422725428918737,8.98626796380505,4.913696627589685,3.823378398784343,0.2491929374310214,585923.2205498236,54.59662919544095,0.8306431247700715,12.744594662614476,59.75694444444445,2318,2751.615288734436,91.73611111111111,476,291571.8505859375,67.08333333333333,1896,3755.9678916931152,4690,1679.8962823671743,28.642866415912927,2832.132146709197,1522.9335714915535,0,5760,1.0,False,lambda,lam=0.01,0.01,3,2020,0.0310587629408663,2074673513.0,45.0,9.271019910200792,regen-v2,637c6b535a9e,unknown,greenhouse-regen:v1,
5760,5.7941660897811325,12.946733342693072,7.15256725291194,4.540098232030385,2.560649961286627,0.0518190595949278,525961.0420469061,50.44553591144872,0.1727301986497596,8.535499870955423,59.68750000000001,2322,3171.917736053467,98.92361111111111,62,8207.65673828125,58.21180555555555,2407,5872.238475799561,4791,1552.170336053238,5.956213755137979,1896.777748313401,1541.5411102724552,0,5760,1.0,False,lambda,lam=0.02,0.02,3,2020,0.0327932269119588,2829655138.0,40.0,10.658363319270258,regen-v2,637c6b535a9e,unknown,greenhouse-regen:v1,
5760,8.130213154610518,16.00347640957651,7.873263254965995,4.881822338129478,2.911678216235089,0.0797627006014263,650141.2291390458,54.24247042366087,0.2658756686714213,9.705594054116965,66.52777777777777,1928,2117.3636980056763,99.72222222222224,16,894.70751953125,59.79166666666666,2316,5355.146705627441,4260,1668.9990902191266,9.168126560765357,2156.798678223431,1563.7392902926508,0,5760,1.0,False,lambda,lam=0.03,0.03,3,2020,0.0361242358390187,93991783.0,37.0,10.105817377783657,regen-v2,637c6b535a9e,unknown,greenhouse-regen:v1,
5760,1.7130187042073295,14.305605942487052,12.592587238279725,4.739367180302431,2.677817709368965,5.1754023486083245,581165.2414135365,52.65963533669368,17.25134116202775,8.926059031229885,54.94791666666666,2595,3909.3765602111816,99.28819444444444,41,4471.2738037109375,62.37847222222223,2167,4934.740119934082,4803,1620.2964715506682,594.8738331904831,1983.5686735317531,1614.905695534774,0,5760,1.0,False,lambda,lam=0.04,0.04,3,2020,0.0,1035633941.0,34.0,9.73778512644408,regen-v2,637c6b535a9e,unknown,greenhouse-regen:v1,
5760,-0.4160358773205006,12.420784874484298,12.836820751804796,4.749962229767818,2.234368580691765,5.852489941345215,504594.3855259246,52.77735810853132,19.508299804484054,7.447895268972551,50.50347222222222,2851,4444.182951927185,100.0,0,0.0,66.26736111111111,1943,4465.355617523193,4794,1623.918711439307,672.6999932164126,1655.087836479074,1534.346063421694,0,5760,1.0,False,lambda,lam=0.05,0.05,3,2020,0.0,2069937656.0,31.0,9.971044513014528,regen-v2,637c6b535a9e,unknown,greenhouse-regen:v1,
5760,5.761025388446854,13.390307734216982,7.62928234577013,5.174989874904806,2.4541725244719528,0.0001199463933706,543981.251702565,57.49988749894229,0.0003998213112354,8.180575081573176,56.51041666666666,2505,3843.1364336013794,100.0,0,0.0,71.90972222222223,1618,3386.8130073547363,4123,1769.227307547167,0.0137869414553028,1817.905572434016,1580.8680151379522,0,5760,1.0,False,lambda,lam=0.06,0.06,3,2020,0.0,2305607632.0,27.0,11.022067048423114,regen-v2,637c6b535a9e,unknown,greenhouse-regen:v1,
5760,2.0239995181458994,5.193066742717496,3.169067224571597,0.1552757991052698,2.2501658228188512,0.7636256026474759,210968.33642289828,1.7252866567252203,2.5454186754915864,7.500552742729504,30.486111111111114,4004,19683.264216423035,95.05208333333334,285,181942.16735839844,28.55902777777778,4115,27591.666149139404,8404,53.08574322358646,87.7730577383492,1666.7894974069245,1420.4010948238722,0,5760,1.0,False,lambda,lam=0.07,0.07,3,2020,0.0,2113384468.0,23.0,15.202278071479196,regen-v2,637c6b535a9e,unknown,greenhouse-regen:v1,
5760,2.697661431496318,5.649286799460386,2.951625367964068,0.1525460953033994,2.053173228927757,0.7459060437329113,229502.27622807815,1.6949566144822164,2.486353479109704,6.843910763092524,32.74305555555556,3874,18425.718467473984,95.22569444444444,275,166160.43322753906,25.069444444444443,4316,31909.064785003666,8465,52.15251125310745,85.73632680260108,1520.869057958647,1431.7644194321238,0,5760,1.0,False,lambda,lam=0.08,0.08,3,2020,0.0,705892111.0,21.0,17.513599238949006,regen-v2,637c6b535a9e,unknown,greenhouse-regen:v1,
5760,2.898593006039863,5.879952841681171,2.9813598356413094,0.1536738139120862,2.068438428911604,0.7592475928176194,238873.0841932976,1.7074868212454024,2.530825309392065,6.894794763038679,32.65625,3879,18170.03869533539,95.03472222222224,286,179100.5313720703,24.65277777777778,4340,32010.458141326904,8505,52.53805595564597,87.2698383530792,1532.176613375506,1399.6047258090005,0,5760,1.0,False,lambda,lam=0.1,0.1,3,2020,0.0,566087062.0,19.0,15.757278748682753,regen-v2,637c6b535a9e,unknown,greenhouse-regen:v1,
5760,4.56660151507773,6.081410576104034,1.514809061026304,0.2174098565615247,0.3069809075092534,0.9904182969555256,247057.3046542264,2.415665072905831,3.301394323185086,1.0232696916975117,33.454861111111114,3833,17471.347181797028,91.19791666666669,507,736648.2194824219,25.3125,4302,31227.586975097656,8642,74.32815619918742,113.84118373424911,227.39326456179705,1291.1046680514469,0,5760,1.0,False,lambda,lam=0.15,0.15,3,2020,0.0,3711731234.0,13.0,2.7606297537838262,regen-v2,637c6b535a9e,unknown,greenhouse-regen:v1,
5760,-1.158807544655459,5.803917941355356,6.962725486010815,1.2396805558220017,1.1844756490326385,4.538569281156175,235784.1663675613,13.774228398022242,15.128564270520585,3.948252163442128,28.83680555555556,4099,19880.531037807465,64.07986111111111,2069,2775136.485610962,19.913194444444443,4613,33129.23976516724,10781,423.8224122646792,521.674630388345,877.3893695145769,433.098510221156,0,5760,1.0,False,lambda,lam=0.2,0.2,3,2020,0.0,3958514315.0,11.0,24.323086508793796,regen-v2,637c6b535a9e,unknown,greenhouse-regen:v1,
5760,-2.1588286095020024,11.601713775390792,13.760542384892794,4.185200037449261,3.193688964883168,6.381653382560365,471319.62212525087,46.50222263832512,21.272177941867884,10.645629882943894,48.66319444444444,2957,5691.329283237457,82.23958333333333,1023,1654569.3239746094,53.43750000000001,2682,5798.073177337647,6662,1430.8376195992985,733.5233770431447,2365.6955293070546,1523.4313842963795,0,5760,1.0,False,knock,baseline,,3,2020,0.0,4174263774.0,,,regen-v2,637c6b535a9e,unknown,greenhouse-regen:v1,0.0311407240561425
5760,-2.1588286095020024,11.601713775390792,13.760542384892794,4.185200037449261,3.193688964883168,6.381653382560365,471319.62212525087,46.50222263832512,21.272177941867884,10.645629882943894,48.66319444444444,2957,5691.329283237457,82.23958333333333,1023,1654569.3239746094,53.43750000000001,2682,5798.073177337647,6662,1430.8376195992985,733.5233770431447,2365.6955293070546,1523.4313842963795,0,5760,1.0,False,knock,knockout,,3,2020,0.0,4174263774.0,,,regen-v2,637c6b535a9e,unknown,greenhouse-regen:v1,0.0311407240561425
5760,0.8977509556991118,14.1557673436499,13.258016387950788,4.303739533202784,3.528617844742536,5.425659010005467,575078.0483357771,47.81932814669761,18.08553003335156,11.762059482475118,53.35069444444444,2687,4041.281697750092,77.91666666666667,1272,1641296.7685546875,56.99652777777777,2477,5782.013031005859,6436,1471.3639430698545,623.6389665916316,2613.7909958622163,1499.774586312199,0,5760,1.0,False,knock,knockin,,3,2020,0.0311407240561425,4174263774.0,,,regen-v2,637c6b535a9e,unknown,greenhouse-regen:v1,0.0311407240561425
5760,3.4571774615367548,10.302716912831489,6.845539451294735,4.648359186652524,1.9947703267868264,0.202409937855384,418547.87458377925,51.64843540725027,0.6746997928512802,6.649234422622755,56.076388888888886,2530,3166.6740131378174,92.46527777777776,434,456988.2701416016,68.21180555555556,1831,4552.993232727051,4795,1589.1826273038407,23.265510125210994,1477.6076491804336,1463.1624861505006,0,5760,1.0,False,cross,baseline,,3,2020,0.0907431660309293,,,,regen-v2,637c6b535a9e,unknown,greenhouse-regen:v1,
5760,3.934637580361135,12.206302437898897,8.271664857537756,5.478633842199582,2.304908230721298,0.4881227846168761,495881.0365396425,60.87370935777314,1.6270759487229205,7.683027435737659,50.79861111111112,2834,4615.942903518677,92.10069444444444,455,526768.3558349609,56.232638888888886,2521,5752.692077636719,5810,1873.037211004785,56.10606717989309,1707.3394294776592,1524.253721441241,0,5760,1.0,False,cross,ko_uboil,,3,2020,0.0,,,,regen-v2,637c6b535a9e,unknown,greenhouse-regen:v1,
5760,2.645175042964341,9.171088492534697,6.525913449570356,4.7309486156293765,1.7882170945492049,0.0067477393917739,372575.4700092221,52.5660957292153,0.0224924646392464,5.96072364849735,59.28819444444444,2345,2730.712207794189,93.02083333333331,402,366985.1706542969,71.00694444444444,1670,4235.573627471924,4417,1617.4183306769803,0.7756022075010566,1324.6052550186942,1481.6372916768496,0,5760,1.0,False,cross,ko_cross,,3,2020,0.0907431660309293,,,,regen-v2,637c6b535a9e,unknown,greenhouse-regen:v1,
5760,4.270011786600858,11.497363429827145,7.227351643226286,4.5340148202684025,2.20056790085414,0.4927689221037439,467080.3893367278,50.3779424474267,1.6425630736791463,7.335226336180466,54.94791666666666,2595,3432.168261528015,90.88541666666666,525,637483.3179931641,60.12152777777777,2297,4799.853088378906,5417,1550.0905368556655,56.64010600489706,1630.050296707453,1496.9674662656844,0,5760,1.0,False,cross,ko_both,,3,2020,0.0,,,,regen-v2,637c6b535a9e,unknown,greenhouse-regen:v1,
5760,4.516200338294732,16.967655223841863,12.451454885547133,4.704752100481636,6.156954692818587,1.5897480922469085,689310.9934685758,52.27502333868485,5.299160307489696,20.52318230939529,66.75347222222221,1915,1748.3172869682312,55.65972222222222,2554,3643907.095214844,62.46527777777777,2162,4560.42582321167,6631,1608.4622561556384,182.72966569216092,4560.707178941342,1409.556108287244,0,5760,1.0,False,lambda,lam=1e-06,1e-06,4,2020,0.0358029765018551,2788475049.0,54.0,8.956873731956852,regen-v2,637c6b535a9e,unknown,greenhouse-regen:v1,
5760,4.516342661562407,16.965384631371897,12.449041969809487,4.704427305122969,6.157758366210608,1.5868562984759138,689218.7506494833,52.27141450136632,5.289520994919713,20.525861220702023,66.78819444444444,1913,1749.8739280700684,55.69444444444444,2552,3645956.1873779297,62.53472222222223,2158,4560.606369018555,6623,1608.3512146823607,182.39727582647205,4561.302493668753,1409.3334313934815,0,5760,1.0,False,lambda,lam=0.001,0.001,4,2020,0.0358029776586821,1530950364.0,51.0,8.950740277589912,regen-v2,637c6b535a9e,unknown,greenhouse-regen:v1,
5760,-2.8822006088243386,8.833391498879656,11.715592107703998,4.54474721816843,5.922568552449307,1.2482763370862595,358856.52964198607,50.49719131298256,4.160921123620866,19.741895174831026,66.66666666666666,1920,1797.350085735321,48.54166666666666,2964,3272194.4686279297,64.25347222222221,2059,3941.081874847412,6943,1553.759732494868,143.48003841084733,4387.087815977462,1427.463594200662,0,5760,1.0,False,lambda,lam=0.01,0.01,4,2020,0.0365308960956975,2588184664.0,43.0,10.130522959523654,regen-v2,637c6b535a9e,unknown,greenhouse-regen:v1,
5760,2.337548592535248,13.697243555342002,11.359694962806756,5.068968401825531,5.619680923159043,0.6710456378221799,556450.5194357688,56.32187113139479,2.2368187927406,18.73226974386348,64.375,2052,1690.6211071014404,64.98263888888889,2017,1899324.1619873047,66.63194444444444,1922,3502.864025115967,5991,1732.980650950179,77.13168263042611,4162.726610084769,1435.4208758896566,0,5760,1.0,False,lambda,lam=0.02,0.02,4,2020,0.0387300728858764,3827951325.0,39.0,11.66193666198462,regen-v2,637c6b535a9e,unknown,greenhouse-regen:v1,
5760,2.3847692351753143,13.914706788356304,11.52993755318099,4.685554978595368,5.92127728124872,0.9231052933369012,565284.9632769749,52.06172198439298,3.0770176444563377,19.73759093749573,64.02777777777777,2072,1827.3505849838257,56.14583333333333,2526,2679536.084960937,55.59027777777777,2558,5133.863723754883,7156,1601.8991373740166,106.10405645931262,4386.131319682207,1394.4995945107817,0,5760,1.0,False,lambda,lam=0.03,0.03,4,2020,0.0387300728858764,3219201927.0,36.0,9.797023236596315,regen-v2,637c6b535a9e,unknown,greenhouse-regen:v1,
5760,-3.267380041513415,10.740369335058308,14.007749376571724,4.1682407222702125,3.602113360744714,6.237395293556794,436327.5042367438,46.31378580300236,20.79131764518932,12.007044535815714,43.4375,3258,6539.663589000702,84.34027777777777,902,1432461.5770263672,57.15277777777777,2468,4835.722900390625,6628,1425.0395627125308,716.9419876700355,2668.23211888316,1566.5363285850071,0,5760,1.0,False,lambda,lam=0.04,0.04,4,2020,0.0,2391043642.0,28.0,11.151859358791244,regen-v2,637c6b535a9e,unknown,greenhouse-regen:v1,
5760,-0.3633738747390159,9.200124580702466,9.563498455441485,4.385301335798884,5.0826055495871145,0.0955915700554847,373755.06109103776,48.72557039776538,0.3186385668516159,16.942018498623717,42.96875,3285,6722.154463291168,70.08680555555556,1723,2081061.1184082031,65.19097222222221,2005,3640.928379058838,7013,1499.2483192351144,10.987536854252088,3764.892999452812,1559.5970917518453,0,5760,1.0,False,lambda,lam=0.05,0.05,4,2020,0.0,719956284.0,28.0,8.567154627827758,regen-v2,637c6b535a9e,unknown,greenhouse-regen:v1,
5760,5.64280281172255,13.36239980133116,7.719596989608609,5.29774124830036,2.4217421840490707,0.0001135572591796,542847.4919290784,58.86379164778178,0.0003785241972655,8.072473946830236,62.53472222222223,2158,2666.7457599639893,100.0,0,0.0,74.79166666666667,1452,3129.2542762756348,3610,1811.193589340657,0.0130525586313175,1793.8830987883084,1639.9520631038451,0,5760,1.0,False,lambda,lam=0.06,0.06,4,2020,0.0,3323719929.0,25.0,11.689754406970302,regen-v2,637c6b535a9e,unknown,greenhouse-regen:v1,
5760,1.324254613417826,4.629167242690691,3.3049126292728657,0.171008339933725,2.308939910998226,0.824964378340915,188059.91923430932,1.9000926659302784,2.7498812611363834,7.696466369994086,29.56597222222222,4057,20322.69424343109,94.46180555555556,319,227138.4844970703,31.163194444444443,3965,26434.54660797119,8341,58.464389865085,94.82349161933568,1710.325860247055,1494.1334045093229,0,5760,1.0,False,lambda,lam=0.07,0.07,4,2020,0.0,983778030.0,24.0,10.37808105746154,regen-v2,637c6b535a9e,unknown,greenhouse-regen:v1,
5760,1.6071399053781192,4.820800029093907,3.213660123715788,0.1612622473203577,2.269748523654747,0.7826493527406827,195845.00118194,1.7918027480039749,2.608831175802276,7.565828412182491,29.96527777777778,4034,20260.53214406967,95.10416666666669,282,177898.66796875,30.98958333333333,3975,26266.9443359375,8291,55.13239225765864,89.9596957145518,1681.2952047760236,1436.4448582822188,0,5760,1.0,False,lambda,lam=0.08,0.08,4,2020,0.0,3082728550.0,23.0,10.37808105746154,regen-v2,637c6b535a9e,unknown,greenhouse-regen:v1,
5760,2.4149986248256896,5.467792654564921,3.0527940297392315,0.1601432442673947,2.118334627469781,0.7743161580020561,222129.0765916999,1.7793693807488309,2.581053860006854,7.061115424899271,32.604166666666664,3882,18556.82846570015,95.26041666666669,273,169633.9453125,25.29513888888889,4303,32221.82323074341,8458,54.749827080383625,89.00185712263318,1569.1367604394495,1474.3341563879958,0,5760,1.0,False,lambda,lam=0.1,0.1,4,2020,0.0,2225052199.0,21.0,10.45453562398228,regen-v2,637c6b535a9e,unknown,greenhouse-regen:v1,
5760,4.422054052272948,5.976927727880065,1.554873675607117,0.22405269067646,0.3130500175557289,1.0177709673749282,242812.68894512765,2.489474340849556,3.392569891249761,1.0435000585190966,33.454861111111114,3833,17438.39272403717,91.02430555555556,517,760856.6176757812,25.29513888888889,4303,31448.095539093018,8653,76.59921042480107,116.98516871323824,231.88890184459396,1311.914487135804,0,5760,1.0,False,lambda,lam=0.15,0.15,4,2020,0.0,2336440818.0,13.0,2.6197437686319285,regen-v2,637c6b535a9e,unknown,greenhouse-regen:v1,
5760,4.422054052272948,5.976927727880065,1.554873675607117,0.22405269067646,0.3130500175557289,1.0177709673749282,242812.68894512765,2.489474340849556,3.392569891249761,1.0435000585190966,33.454861111111114,3833,17438.39272403717,91.02430555555556,517,760856.6176757812,25.29513888888889,4303,31448.095539093018,8653,76.59921042480107,116.98516871323824,231.88890184459396,1311.914487135804,0,5760,1.0,False,lambda,lam=0.2,0.2,4,2020,0.0,907985741.0,13.0,2.6197437686319285,regen-v2,637c6b535a9e,unknown,greenhouse-regen:v1,
5760,-0.4002363259185942,9.265019495583664,9.66525582150226,4.24936108717265,5.31565246703836,0.1002422672912478,376391.4170080864,47.215123190807226,0.3341408909708261,17.718841556794533,42.70833333333333,3300,6982.678407669067,59.23611111111112,2348,2763235.1068115234,61.5625,2214,4121.761375427246,7862,1452.7730217236476,11.522099739586924,3937.520345670953,1531.547048694838,0,5760,1.0,False,knock,baseline,,4,2020,0.0,3155591308.0,,,regen-v2,637c6b535a9e,unknown,greenhouse-regen:v1,0.0358029765018551
5760,-0.4002363259185942,9.265019495583664,9.66525582150226,4.24936108717265,5.31565246703836,0.1002422672912478,376391.4170080864,47.215123190807226,0.3341408909708261,17.718841556794533,42.70833333333333,3300,6982.678407669067,59.23611111111112,2348,2763235.1068115234,61.5625,2214,4121.761375427246,7862,1452.7730217236476,11.522099739586924,3937.520345670953,1531.547048694838,0,5760,1.0,False,knock,knockout,,4,2020,0.0,3155591308.0,,,regen-v2,637c6b535a9e,unknown,greenhouse-regen:v1,0.0358029765018551
5760,3.0929733687217347,13.172929938215123,10.079956569493389,4.437434303618062,5.642391351224376,0.0001309146509505,535150.2787399894,49.30482559575624,0.0004363821698352,18.80797117074792,48.09027777777778,2990,4767.175673484802,56.857638888888886,2485,2913753.156738281,66.85763888888889,1909,3799.288417816162,7384,1517.0715561036138,0.0150476607202561,4179.549148408854,1523.522844730494,0,5760,1.0,False,knock,knockin,,4,2020,0.0358029765018551,3155591308.0,,,regen-v2,637c6b535a9e,unknown,greenhouse-regen:v1,0.0358029765018551
5760,1.7152888298255204,11.463637323339954,9.748348493514431,4.78345775974619,3.9328243533491767,1.0320663804190673,465710.2662606856,53.14953066384656,3.4402212680635578,13.109414511163925,65.01736111111111,2015,2909.1768279075623,61.927083333333336,2193,6863773.802368164,49.583333333333336,2904,7685.988231658936,7112,1635.3701754203144,118.62831969900364,2913.203224424394,1129.0339689919435,0,5760,1.0,False,cross,baseline,,4,2020,0.1526031491277259,,,,regen-v2,637c6b535a9e,unknown,greenhouse-regen:v1,
5760,-1.129110593030747,11.135454885228455,12.264565478259204,3.334024422823453,3.7018430597426297,5.228697995693119,452377.85471240606,37.04471580914948,17.428993318977067,12.339476865808766,38.4375,3546,11755.059165477753,74.86111111111111,1448,12619341.26538086,33.385416666666664,3837,20385.38819503784,8831,1139.8374090917305,600.9997694569415,2742.105971026785,1318.588536686716,0,5760,1.0,False,cross,ko_uboil,,4,2020,0.0,,,,regen-v2,637c6b535a9e,unknown,greenhouse-regen:v1,
5760,3.2407409820804585,11.447361560252146,8.206620578171687,5.284495534792411,2.9172447239642434,0.0048803194150328,465049.0633852434,58.71661705324901,0.0162677313834428,9.724149079880812,72.72569444444444,1571,1123.617074966431,71.63194444444444,1634,3419698.3200683594,61.75347222222223,2203,4865.055362701416,5408,1806.6651399395569,0.5609562469063346,2160.9220182463305,1235.4423085448493,0,5760,1.0,False,cross,ko_cross,,4,2020,0.1526031491277259,,,,regen-v2,637c6b535a9e,unknown,greenhouse-regen:v1,
5760,1.5973029207501264,11.817923519522106,10.220620598771982,4.452698176978661,3.92843954789148,1.8394828739018383,480103.1429805856,49.47442418865179,6.131609579672795,13.0947984929716,55.69444444444444,2552,4192.072016716003,67.32638888888889,1882,5963976.743774414,51.99652777777778,2765,7732.092792510986,7199,1522.2899751252128,211.43481323265405,2909.955221770315,1251.0820589151076,0,5760,1.0,False,cross,ko_both,,4,2020,0.0,,,,regen-v2,637c6b535a9e,unknown,greenhouse-regen:v1,
5760,4.418693666216226,17.052183189987836,12.633489523771614,4.742355493138341,6.161581010391919,1.7295530202413554,692744.942093256,52.69283881264823,5.765176734137851,20.538603367973064,70.72916666666667,1686,1290.0369901657104,52.65625000000001,2727,3239906.850097656,56.00694444444444,2534,5516.656700134277,6947,1621.3181181375048,198.7991979259602,4564.13408173385,1338.1444860038237,0,5760,1.0,False,lambda,lam=1e-06,1e-06,5,2020,0.0422764823499021,3974886160.0,53.0,11.312272547633007,regen-v2,637c6b535a9e,unknown,greenhouse-regen:v1,
5760,4.198828955078236,16.851634610339527,12.652805655261291,4.758066875436716,6.143692727025409,1.7510460527991674,684597.6560450434,52.86740972707463,5.836820175997225,20.478975756751364,70.95486111111111,1673,1292.6340556144714,52.170138888888886,2755,3266098.822631836,55.78125000000001,2547,5594.937076568604,6975,1626.6895311318565,201.26966124593088,4550.88350032435,1335.2976441293868,0,5760,1.0,False,lambda,lam=0.001,0.001,5,2020,0.0422751926570002,353076896.0,46.0,11.363917094249391,regen-v2,637c6b535a9e,unknown,greenhouse-regen:v1,
5760,1.637820313245016,14.154905121621582,12.517084808376564,4.872271219138223,6.149422844310706,1.495390744927636,575043.0205658767,54.13634687931359,4.984635816425453,20.49807614770236,70.12152777777779,1721,1307.254482269287,52.864583333333336,2715,3021539.084350586,54.895833333333336,2598,5455.922691345215,7034,1665.7337510575426,171.8839934552408,4555.128031765496,1349.3356862658109,0,5760,1.0,False,lambda,lam=0.01,0.01,5,2020,0.0423486837927952,783912088.0,43.0,8.851980275309499,regen-v2,637c6b535a9e,unknown,greenhouse-regen:v1,
5760,1.4595386028945128,13.2022679851531,11.742729382258588,4.806595745340877,6.147389951294644,0.7887436856230696,536342.1368968447,53.40661939267641,2.6291456187435656,20.49129983764881,67.69097222222223,1861,1270.9395599365234,49.44444444444444,2912,2834823.291625977,52.29166666666667,2748,5475.634063720703,7521,1643.2805962753114,90.66019390058966,4553.622184907989,1335.7701646416886,0,5760,1.0,False,lambda,lam=0.02,0.02,5,2020,0.0432552231958156,3544880670.0,38.0,9.373470653671264,regen-v2,637c6b535a9e,unknown,greenhouse-regen:v1,
5760,1.8703889829285272,13.486938264453032,11.616549281524506,4.77667500647385,6.0412108512111455,0.7986634238395107,547906.8669934045,53.074166738598336,2.6622114127983694,20.137369504037157,67.91666666666667,1848,1254.3080883026123,49.93055555555556,2884,2765157.778442383,51.49305555555556,2794,5539.766376495361,7526,1633.0512843486335,91.8003935880412,4474.971000929883,1371.9561197791138,0,5760,1.0,False,lambda,lam=0.03,0.03,5,2020,0.0432552231958156,883894639.0,35.0,9.05213963421836,regen-v2,637c6b535a9e,unknown,greenhouse-regen:v1,
5760,-0.2334346669973041,14.19200097970612,14.425435646703423,4.646309433417335,5.001025764212347,4.778100449073738,576550.039800561,51.62566037130372,15.927001496912462,16.670085880707823,65.46875,1989,1643.6712346076963,60.32986111111112,2285,2240067.9744873047,52.65625000000001,2727,5748.201290130615,7001,1588.4818576488187,549.206948030948,3704.463529486712,1410.2634528126953,0,5760,1.0,False,lambda,lam=0.04,0.04,5,2020,0.052908553707333,208098328.0,30.0,11.344779185919244,regen-v2,637c6b535a9e,unknown,greenhouse-regen:v1,
5760,-0.0797461000789061,9.40642068726623,9.486166787345136,4.335639904990386,5.0735389702685385,0.0769879120862111,382135.8404201906,48.173776722115406,0.2566263736207038,16.911796567561797,43.24652777777778,3269,7007.57029914856,70.74652777777779,1685,1686127.0860595703,62.20486111111111,2177,3910.0325622558594,7131,1482.270054225915,8.84918531815785,3758.177014925757,1502.8477350799603,0,5760,1.0,False,lambda,lam=0.05,0.05,5,2020,0.0,1726311902.0,27.0,9.708706801123512,regen-v2,637c6b535a9e,unknown,greenhouse-regen:v1,
5760,5.668218036403932,13.225964043419784,7.557746007015851,5.218132914006899,2.339469195801125,0.0001438972078263,537304.7892639287,57.97925460007666,0.0004796573594212,7.798230652670417,51.89236111111111,2771,4246.782721042633,100.0,0,0.0,79.93055555555556,1156,2692.111068725586,3927,1783.977065789173,0.0165399087785312,1732.9401447633936,1596.504549560639,0,5760,1.0,False,lambda,lam=0.06,0.06,5,2020,0.0,1173843496.0,26.0,12.938646569423724,regen-v2,637c6b535a9e,unknown,greenhouse-regen:v1,
5760,1.5049203897488994,4.529337080123284,3.0244166903743848,0.1500067654680926,2.142390660926313,0.732019263979979,184004.3188800084,1.6667418385343624,2.440064213266597,7.141302203087711,30.13888888888889,4024,20717.429476737976,94.93055555555556,292,188586.8594970703,29.270833333333336,4074,25977.07355117798,8390,51.284364280011545,84.14014529080336,1586.95604430209,1526.8649153695414,0,5760,1.0,False,lambda,lam=0.07,0.07,5,2020,0.0,2525513471.0,24.0,9.36360332101096,regen-v2,637c6b535a9e,unknown,greenhouse-regen:v1,
5760,2.573897842004488,5.544319783179279,2.9704219411747905,0.1393321463422849,2.150008729491793,0.6810810653407126,225237.9911916582,1.548134959358722,2.2702702178023757,7.166695764972643,32.89930555555556,3865,18652.8024597168,95.85069444444444,239,140108.9100341797,24.756944444444446,4334,32253.9923248291,8438,47.634921779404095,78.28517986386092,1592.599059367784,1483.845861441295,0,5760,1.0,False,lambda,lam=0.08,0.08,5,2020,0.0,2170233651.0,20.0,2.7491014657908983,regen-v2,637c6b535a9e,unknown,greenhouse-regen:v1,
5760,2.755135391186012,5.696794737283589,2.9416593460975786,0.1393410987723735,2.1170717453802457,0.6852465019449591,231432.28620214583,1.54823443080415,2.284155006483197,7.056905817934153,32.673611111111114,3878,18543.931126356125,95.29513888888889,271,149833.03295898438,25.052083333333336,4317,32097.81924438477,8466,47.637982439078925,78.76396565925458,1568.201293608265,1453.8437648119948,0,5760,1.0,False,lambda,lam=0.1,0.1,5,2020,0.0,328101563.0,19.0,3.158990943786712,regen-v2,637c6b535a9e,unknown,greenhouse-regen:v1,
5760,2.755135391186012,5.696794737283589,2.9416593460975786,0.1393410987723735,2.1170717453802457,0.6852465019449591,231432.28620214583,1.54823443080415,2.284155006483197,7.056905817934153,32.673611111111114,3878,18543.931126356125,95.29513888888889,271,149833.03295898438,25.052083333333336,4317,32097.81924438477,8466,47.637982439078925,78.76396565925458,1568.201293608265,1453.8437648119948,0,5760,1.0,False,lambda,lam=0.15,0.15,5,2020,0.0,3098082555.0,19.0,3.158990943786712,regen-v2,637c6b535a9e,unknown,greenhouse-regen:v1,
5760,-0.0195105091681224,5.587379816547009,5.606890325715131,1.006886891069496,0.9052853707859008,3.6947180638597352,226987.30504722224,11.1876321229944,12.315726879532452,3.017617902619669,28.541666666666664,4116,21492.51842093468,72.03125,1611,2305351.589706421,20.19097222222222,4597,32091.01219177246,10324,344.23483426686363,424.68023706530187,670.5817565737434,448.63655789670986,0,5760,1.0,False,lambda,lam=0.2,0.2,5,2020,0.0,251410078.0,13.0,23.91170618229488,regen-v2,637c6b535a9e,unknown,greenhouse-regen:v1,
5760,-0.087455423792625,9.43355919043762,9.521014614230245,4.355955310975979,5.089574724371548,0.0754845788827165,383238.34211152827,48.39950345528866,0.2516152629423887,16.965249081238497,43.85416666666666,3234,6825.963265895844,69.6875,1746,1783919.2587890625,61.545138888888886,2215,4050.8470153808594,7195,1489.2154907407248,8.676388422593474,3770.055350405744,1496.7153217661555,0,5760,1.0,False,knock,baseline,,5,2020,0.0,3929851121.0,,,regen-v2,637c6b535a9e,unknown,greenhouse-regen:v1,0.0422764823499021
5760,-0.087455423792625,9.43355919043762,9.521014614230245,4.355955310975979,5.089574724371548,0.0754845788827165,383238.34211152827,48.39950345528866,0.2516152629423887,16.965249081238497,43.85416666666666,3234,6825.963265895844,69.6875,1746,1783919.2587890625,61.545138888888886,2215,4050.8470153808594,7195,1489.2154907407248,8.676388422593474,3770.055350405744,1496.7153217661555,0,5760,1.0,False,knock,knockout,,5,2020,0.0,3929851121.0,,,regen-v2,637c6b535a9e,unknown,greenhouse-regen:v1,0.0422764823499021
5760,2.99170932393406,13.001311873312687,10.009602549378627,4.596445741931497,5.412896271775196,0.0002605356719344,528178.2948533279,51.07161935479441,0.0008684522397816,18.04298757258399,50.43402777777778,2855,4591.153495311737,62.43055555555556,2164,1951064.9932861328,65.57291666666667,1983,3727.920673370361,7002,1571.4344421682345,0.0299466292044689,4009.552793773315,1492.4954251898662,0,5760,1.0,False,knock,knockin,,5,2020,0.0422764823499021,3929851121.0,,,regen-v2,637c6b535a9e,unknown,greenhouse-regen:v1,0.0422764823499021
5760,-7.397194567176692,2.263977134707626,9.661171701884316,2.80264574201556,4.120365698960519,2.7381602609082383,91974.0710974973,31.140508244617337,9.127200869694128,13.734552329868398,62.95138888888889,2134,5978.770915031433,16.90972222222222,4786,16040696.563842772,37.98611111111111,3572,17514.191471099854,10492,958.1694840378914,314.7310642036104,3052.122740570341,430.2856331920921,0,5760,1.0,False,cross,baseline,,5,2020,0.1170516163245471,,,,regen-v2,637c6b535a9e,unknown,greenhouse-regen:v1,
5760,-2.560355694826491,9.065076600483383,11.625432295309874,4.0388483591570985,3.4467206125644743,4.139863323588301,368268.7368946375,44.87609287952332,13.799544411961003,11.489068708548247,55.36458333333333,2571,6332.769118309021,69.94791666666667,1731,10290945.885009766,28.02083333333333,4146,19697.69219970703,8448,1380.802858059027,475.8463591319832,2553.1263793258377,1313.6977748469535,0,5760,1.0,False,cross,ko_uboil,,5,2020,0.0,,,,regen-v2,637c6b535a9e,unknown,greenhouse-regen:v1,
5760,-7.40909746253595,1.2109114402016006,8.620008902737549,3.3377017860641525,4.099957911576735,1.1823492050966626,49193.27725819002,37.085575400712806,3.941164016988876,13.66652637192245,70.57291666666666,1695,5304.131083488464,16.28472222222222,4822,14752028.414672852,46.5625,3078,13458.895435333252,9595,1141.094627839646,135.9022073002836,3037.005860682701,382.1031396193374,0,5760,1.0,False,cross,ko_cross,,5,2020,0.1170516163245471,,,,regen-v2,637c6b535a9e,unknown,greenhouse-regen:v1,
5760,-7.848602126199874,3.248022831693385,11.09662495789326,2.951465376812343,3.832542050103633,4.312617530977284,131950.92753754376,32.794059742359366,14.37539176992428,12.77514016701211,58.54166666666667,2388,7591.813624382019,29.49652777777777,4061,17023627.110351562,32.239583333333336,3903,18490.06862640381,10352,1009.0479920739062,495.7031649330203,2838.920035842372,626.1826359451361,0,5760,1.0,False,cross,ko_both,,5,2020,0.0,,,,regen-v2,637c6b535a9e,unknown,greenhouse-regen:v1,
5760,5.5990771012167055,16.22769736180559,10.628620260588884,4.894009365112487,5.3332526021125215,0.4013582933638766,659250.2053233521,54.37788183458319,1.337860977879589,17.777508673708407,72.39583333333334,1590,1052.2934942245483,59.25347222222223,2347,2830378.795288086,55.74652777777778,2549,5126.565341949463,6486,1673.1655948042703,46.13313721165686,3950.5574815450736,1313.04759331716,0,5760,1.0,False,lambda,lam=1e-06,1e-06,6,2020,0.0418163133389671,4045138304.0,54.0,3.998167186174877,regen-v2,637c6b535a9e,unknown,greenhouse-regen:v1,
5760,5.561870434386968,16.223105929398667,10.6612354950117,4.894266763669,5.359697477097904,0.4072712542447959,659063.6783818209,54.38074181854445,1.357570847482653,17.865658256993015,72.11805555555556,1606,1059.8423051834106,59.27083333333333,2346,2791295.9162597656,55.76388888888889,2548,5082.883808135986,6500,1673.2535948800623,46.81278792802769,3970.1462787958912,1314.6290304269369,0,5760,1.0,False,lambda,lam=0.001,0.001,6,2020,0.0418163119049608,1235578476.0,50.0,3.9974178932265407,regen-v2,637c6b535a9e,unknown,greenhouse-regen:v1,
5760,6.952447983925949,16.553168133878124,9.600720149952178,4.925054206940725,4.570309870850137,0.1053560721613153,672472.4554387989,54.722824521563616,0.3511869072043844,15.234366236167125,65.69444444444444,1976,1748.526216506958,83.17708333333333,969,533505.3917236328,63.489583333333336,2103,4105.915115356445,5048,1683.779217363007,12.109893276664211,3385.414717430307,1410.03710514886,0,5760,1.0,False,lambda,lam=0.01,0.01,6,2020,0.0429692796715415,498239976.0,44.0,3.930784083823174,regen-v2,637c6b535a9e,unknown,greenhouse-regen:v1,
5760,5.716869182257987,16.683494924582032,10.966625742324045,4.833771608824411,5.6665927300581975,0.4662614034414353,677766.981311145,53.70857343138235,1.5542046781381178,18.888642433527327,73.09027777777779,1550,987.166214942932,57.795138888888886,2431,2591206.392944336,54.30555555555555,2632,5161.403533935547,6613,1652.5714902178122,53.59326474109713,4197.476096481489,1315.324336163521,0,5760,1.0,False,lambda,lam=0.02,0.02,6,2020,0.0440857849877945,1150838272.0,40.0,4.092778371409548,regen-v2,637c6b535a9e,unknown,greenhouse-regen:v1,
5760,5.78074835762112,16.924375461468017,11.143627103846896,4.841259127016104,5.79204697079924,0.5103210060315528,687552.7531221382,53.79176807795672,1.7010700201051765,19.306823235997467,73.61111111111111,1520,969.6953353881836,56.68402777777778,2495,2653553.479736328,54.09722222222222,2644,5253.837677001953,6659,1655.1313258558098,58.65758670785189,4290.405163860841,1280.128984937484,0,5760,1.0,False,lambda,lam=0.03,0.03,6,2020,0.0440857849877945,461314972.0,37.0,4.104226192974596,regen-v2,637c6b535a9e,unknown,greenhouse-regen:v1,
5760,5.725749182507006,16.67087234146836,10.945123158961351,4.82681707686047,5.659888718133409,0.4584173639674725,677254.1888721521,53.631300854005225,1.5280578798915754,18.866295727111364,73.81944444444444,1508,960.5029592514038,57.13541666666667,2469,2550451.3424072266,53.52430555555555,2677,5181.181842803955,6654,1650.193872331711,52.69165100255378,4192.510160624222,1323.1025346551423,0,5760,1.0,False,lambda,lam=0.04,0.04,6,2020,0.0440857849877945,1286859601.0,34.0,4.287893561828473,regen-v2,637c6b535a9e,unknown,greenhouse-regen:v1,
5760,0.5707142061272009,11.38543624489074,10.81472203876354,4.451122550495634,4.764476512947489,1.599122975320418,462533.3474486864,49.456917227729264,5.330409917734727,15.881588376491631,51.47569444444444,2795,3812.225826263428,66.37152777777777,1937,2810219.921142578,53.05555555555556,2704,5965.260402679443,7436,1521.7513001005386,183.80723856445584,3529.2418614799026,1400.9073085212426,0,5760,1.0,False,lambda,lam=0.05,0.05,6,2020,0.0,3023595126.0,31.0,3.1322757535040493,regen-v2,637c6b535a9e,unknown,greenhouse-regen:v1,
5760,6.09827044270324,13.599467344369632,7.501196901666391,5.2095413429594215,2.291547645159494,0.0001079135474748,552478.3608650162,57.88379269954913,0.0003597118249163,7.638492150531646,64.54861111111111,2042,2290.762954235077,100.0,0,0.0,68.14236111111111,1835,3738.334327697754,3877,1781.039775966372,0.0124038560912427,1697.4427001830898,1561.6431127182975,0,5760,1.0,False,lambda,lam=0.06,0.06,6,2020,0.0,1653387337.0,24.0,3.4645726964599644,regen-v2,637c6b535a9e,unknown,greenhouse-regen:v1,
5760,6.09827044270324,13.599467344369632,7.501196901666391,5.2095413429594215,2.291547645159494,0.0001079135474748,552478.3608650162,57.88379269954913,0.0003597118249163,7.638492150531646,64.54861111111111,2042,2290.762954235077,100.0,0,0.0,68.14236111111111,1835,3738.334327697754,3877,1781.039775966372,0.0124038560912427,1697.4427001830898,1561.6431127182975,0,5760,1.0,False,lambda,lam=0.07,0.07,6,2020,0.0,2732033782.0,24.0,3.4645726964599644,regen-v2,637c6b535a9e,unknown,greenhouse-regen:v1,
5760,2.6091501126873933,5.68249071001282,3.073340597325426,0.1550108089769259,2.164258648153257,0.754071140195243,230851.1850942708,1.7223423219658438,2.513570467317477,7.214195493844192,32.69097222222222,3877,18361.56888055801,94.9652777777778,290,182180.4034423828,26.145833333333336,4254,31851.46933364868,8421,52.99514842905109,86.67484361596266,1603.1545536368149,1449.2663640017918,0,5760,1.0,False,lambda,lam=0.08,0.08,6,2020,0.0,2990246703.0,20.0,10.22105719990246,regen-v2,637c6b535a9e,unknown,greenhouse-regen:v1,
5760,2.678885901173727,5.652679894032277,2.973793992858549,0.1484380843946244,2.090445673069014,0.73491023539491,229640.1206950612,1.6493120488291608,2.4497007846497,6.968152243563383,32.15277777777778,3908,18543.954481601715,95.55555555555556,256,156060.9639892578,26.041666666666668,4260,31395.57008743286,8424,50.74806301289843,84.47244092733578,1548.4782769034823,1393.3169119628033,0,5760,1.0,False,lambda,lam=0.1,0.1,6,2020,0.0,695302863.0,19.0,11.99595706840885,regen-v2,637c6b535a9e,unknown,greenhouse-regen:v1,
5760,4.471367293315226,5.96586319475943,1.4944959014442023,0.2140921075514517,0.3041171828541181,0.9762866110386326,242363.19228710185,2.378801195016131,3.254288703462109,1.0137239428470606,33.15972222222222,3850,17537.076479434967,91.25,504,726716.1170654297,25.364583333333336,4299,31116.678504943848,8653,73.19388284839724,112.21685187681548,225.27198714671317,1280.3216048235702,0,5760,1.0,False,lambda,lam=0.15,0.15,6,2020,0.0,3604712711.0,13.0,2.806809894341801,regen-v2,637c6b535a9e,unknown,greenhouse-regen:v1,
5760,-0.9329569155851138,3.68957251473795,4.622529430323064,0.7336256826151628,0.814059151575079,3.0748445961328223,149888.88341122924,8.151396473501809,10.249481987109409,2.7135305052502634,31.406250000000004,3951,23249.64542746544,78.57638888888889,1234,2223401.571655273,28.88888888888889,4096,24122.27428817749,9281,250.8121990794248,353.43041371811466,603.0067792378336,637.1685846744324,0,5760,1.0,False,lambda,lam=0.2,0.2,6,2020,0.0,2149803476.0,12.0,3.4617743293143333,regen-v2,637c6b535a9e,unknown,greenhouse-regen:v1,
5760,5.096132755752814,16.971579519402695,11.87544676364988,4.372710107853399,5.950785091041183,1.551951564755298,689470.4179757345,48.58566786503776,5.17317188251766,19.83595030347061,58.05555555555556,2416,3054.366571426392,54.114583333333336,2643,4970115.0439453125,60.01736111111112,2303,5255.815158843994,7362,1494.9436266616176,178.38523727406954,4407.988955264989,1422.8794588161618,0,5760,1.0,False,knock,baseline,,6,2020,0.0,1990158916.0,,,regen-v2,637c6b535a9e,unknown,greenhouse-regen:v1,0.0418163133389671
5760,5.096132755752814,16.971579519402695,11.87544676364988,4.372710107853399,5.950785091041183,1.551951564755298,689470.4179757345,48.58566786503776,5.17317188251766,19.83595030347061,58.05555555555556,2416,3054.366571426392,54.114583333333336,2643,4970115.0439453125,60.01736111111112,2303,5255.815158843994,7362,1494.9436266616176,178.38523727406954,4407.988955264989,1422.8794588161618,0,5760,1.0,False,knock,knockout,,6,2020,0.0,1990158916.0,,,regen-v2,637c6b535a9e,unknown,greenhouse-regen:v1,0.0418163133389671
5760,4.754364445916385,16.95087121821792,12.196506772301536,4.489438913649671,6.273990063903168,1.4330777947486977,688629.143240103,49.88265459610746,4.7769259824956585,20.91330021301056,62.82986111111111,2141,2348.7527322769165,48.92361111111111,2942,5348154.083984375,58.76736111111112,2375,5227.343860626221,7458,1534.8509110410257,164.72158538951504,4647.400046528477,1396.451065124685,0,5760,1.0,False,knock,knockin,,6,2020,0.0418163133389671,1990158916.0,,,regen-v2,637c6b535a9e,unknown,greenhouse-regen:v1,0.0418163133389671
5696,-1.939933293585547,5.663319907456218,7.603253201041765,4.667280667470072,2.259420735422135,0.676551798149557,230072.3712404089,51.8586740830008,2.2551726604985234,7.531402451407118,65.73033707865169,1952,3127.047204971313,78.96769662921348,1198,3147337.0131835938,62.79845505617978,2119,6479.18461227417,5269,1595.6515101104778,77.7645744092236,1673.6449891930874,1256.7565044187045,0,5760,0.9889,True,cross,baseline,,6,2020,0.1628119436058253,,,,regen-v2,637c6b535a9e,unknown,greenhouse-regen:v1,
3684,-1.5828771856945876,4.75447289988568,6.337350085580268,2.610289893213035,1.7456236872321678,1.9814365051350653,193150.46155785577,29.00322103570039,6.604788350450218,5.818745624107226,40.55374592833876,2190,4859.8058524131775,73.66992399565689,970,2637512.7438964844,37.83930510314875,2290,9391.603939056396,5450,892.4068014621971,227.751322110898,1293.0545835712935,796.2506267608984,0,5760,0.6396,True,cross,ko_uboil,,6,2020,0.0,,,,regen-v2,637c6b535a9e,unknown,greenhouse-regen:v1,
3685,0.2042585569832695,5.037255531753169,4.8329969747699,3.7902526004342096,1.0376349107244442,0.0051094636112451,204638.5059774725,42.11391778260233,0.0170315453708171,3.4587830357481475,69.06377204884667,1140,934.8104209899902,92.18453188602442,288,250870.12438964844,64.04341926729987,1325,2981.4195098876958,2753,1295.8128541981628,0.5872946620690846,768.618452317718,790.4765056450858,0,5760,0.6398,True,cross,ko_cross,,6,2020,0.1628119436058253,,,,regen-v2,637c6b535a9e,unknown,greenhouse-regen:v1,
4639,-2.7042154111481653,4.081359315495854,6.78557472664402,3.6859508458012753,1.982819622459771,1.1168042583829736,165805.22219201908,40.95500939779195,3.722680861276579,6.60939874153257,58.54710066824747,1923,2972.792905807495,73.31321405475319,1238,3514488.973022461,56.80103470575555,2004,6893.966091156006,5165,1260.1541350840791,128.36830563041278,1468.7552764665666,919.9184605765684,0,5760,0.8054,True,cross,ko_both,,6,2020,0.0,,,,regen-v2,637c6b535a9e,unknown,greenhouse-regen:v1,
5760,4.777925315747511,15.425093233938783,10.647167918191274,4.951653351031046,5.119527608191984,0.575986958968245,626644.4126287631,55.01837056701163,1.91995652989415,17.065092027306612,71.94444444444444,1616,1003.8155651092528,57.951388888888886,2422,2589290.3474121094,55.833333333333336,2544,4945.750503540039,6582,1692.8729395666746,66.20539759707084,3792.2426728434057,1289.7104113731675,0,5760,1.0,False,lambda,lam=1e-06,1e-06,7,2020,0.0548005365619305,2338863339.0,54.0,15.634976855848354,regen-v2,637c6b535a9e,unknown,greenhouse-regen:v1,
5760,4.775716758592416,15.42772163325105,10.652004874658632,4.952434554092872,5.11862830273966,0.5809420178261006,626751.1913508239,55.02705060103192,1.9364733927536688,17.062094342465535,71.97916666666667,1614,998.327709197998,57.91666666666667,2424,2600563.219238281,55.50347222222223,2563,4967.007545471191,6601,1693.1400185616894,66.77494443868352,3791.576519665908,1289.6525806835666,0,5760,1.0,False,lambda,lam=0.001,0.001,7,2020,0.0548005409608653,2724847634.0,51.0,15.628351047668216,regen-v2,637c6b535a9e,unknown,greenhouse-regen:v1,
5760,6.093416775510564,16.698858833191693,10.605442057681133,4.851099270269783,5.300677287072354,0.4536655003389964,678391.1400984126,53.9011030029976,1.5122183344633215,17.66892429024118,75.95486111111111,1385,800.5668964385986,61.04166666666667,2244,2237368.3767089844,52.083333333333336,2760,5549.456481933594,6389,1658.4954775630977,52.1454598204063,3926.4276202675146,1310.3724268113624,0,5760,1.0,False,lambda,lam=0.01,0.01,7,2020,0.0546580863263845,4142235754.0,43.0,16.13409796411756,regen-v2,637c6b535a9e,unknown,greenhouse-regen:v1,
5760,5.770194240743608,16.833323118094537,11.06312887735093,4.699732584594146,5.820398673086581,0.542997619670202,683853.7516725906,52.21925093993496,1.80999206556734,19.401328910288605,75.39930555555556,1417,842.1044673919678,55.00000000000001,2592,2760073.493652344,48.55902777777778,2963,6536.566715240479,6972,1606.7461828298235,62.41351957498856,4311.406424676421,1262.6665639907735,0,5760,1.0,False,lambda,lam=0.02,0.02,7,2020,0.0546580863263845,2530901454.0,40.0,15.698654320037322,regen-v2,637c6b535a9e,unknown,greenhouse-regen:v1,
5760,5.700240715581088,16.87500210063525,11.17476138505416,4.723928806101952,5.895421309713496,0.5554112692387118,685546.960338307,52.48809784557725,1.8513708974623728,19.651404365711656,75.39930555555556,1417,823.3319721221924,53.81944444444444,2660,2786126.059692383,47.88194444444444,3002,6619.797164916992,7079,1615.0183960755314,63.84037574975893,4366.978746859688,1250.0596952042702,0,5760,1.0,False,lambda,lam=0.03,0.03,7,2020,0.0561852676768669,2599167055.0,39.0,14.941151106461696,regen-v2,637c6b535a9e,unknown,greenhouse-regen:v1,
5760,4.9764486594001465,17.63273411105371,12.656285451653565,4.147037590031616,5.647428849714015,2.861819011907934,716329.823261557,46.07819544479573,9.53939670635978,18.824762832380053,60.48611111111111,2276,2459.7235565185547,54.01041666666667,2649,4592864.63659668,46.47569444444444,3083,8184.14546585083,8008,1417.7906299379258,328.9447141459544,4183.280627521595,1315.8491720399504,0,5760,1.0,False,lambda,lam=0.04,0.04,7,2020,0.0598400642979594,1254192374.0,32.0,16.340568278964543,regen-v2,637c6b535a9e,unknown,greenhouse-regen:v1,
5760,8.794025120867364,16.223005414303334,7.428980293435967,5.026991898164075,2.244474343427792,0.1575140518441008,659059.5949560729,55.8554655351564,0.5250468394803363,7.481581144759306,69.98263888888889,1729,1415.7857856750488,100.0,0,0.0,62.51736111111112,2159,4417.956745147705,3888,1718.6297081740713,18.105063431618134,1662.5735873109052,1383.3391770273156,0,5760,1.0,False,lambda,lam=0.05,0.05,7,2020,0.0598400642979594,2403448861.0,28.0,16.128881146859747,regen-v2,637c6b535a9e,unknown,greenhouse-regen:v1,
5760,-12.433894234431309,25.418948933267576,37.852843167698886,5.179119231455131,2.987203520134465,29.68652041610929,1032644.8004139952,57.54576923839034,98.95506805369764,9.957345067114884,65.48611111111111,1988,1972.598476409912,100.0,0,0.0,43.40277777777778,3260,6413.353710174561,5248,1770.6390542239642,3412.243725931996,2212.7433480444183,1885.737723714443,0,5760,1.0,False,lambda,lam=0.06,0.06,7,2020,0.0,3246932523.0,26.0,14.036098664202262,regen-v2,637c6b535a9e,unknown,greenhouse-regen:v1,
5760,2.5576307650560253,5.66140543332544,3.1037746682694136,0.1648126862421166,2.1271745651649736,0.811787416862324,229994.595728846,1.831252069356851,2.7059580562077468,7.090581883883246,32.32638888888889,3898,18328.72627472877,94.84375,297,199438.74548339844,24.913194444444446,4325,31956.829040527344,8520,56.346217552982594,93.30889837117113,1575.6848638284537,1390.4997472755545,0,5760,1.0,False,lambda,lam=0.07,0.07,7,2020,0.0,751231010.0,19.0,14.244729411344192,regen-v2,637c6b535a9e,unknown,greenhouse-regen:v1,
5760,2.5576307650560253,5.66140543332544,3.1037746682694136,0.1648126862421166,2.1271745651649736,0.811787416862324,229994.595728846,1.831252069356851,2.7059580562077468,7.090581883883246,32.32638888888889,3898,18328.72627472877,94.84375,297,199438.74548339844,24.913194444444446,4325,31956.829040527344,8520,56.346217552982594,93.30889837117113,1575.6848638284537,1390.4997472755545,0,5760,1.0,False,lambda,lam=0.08,0.08,7,2020,0.0,2802236712.0,19.0,14.244729411344192,regen-v2,637c6b535a9e,unknown,greenhouse-regen:v1,
5760,2.5576307650560253,5.66140543332544,3.1037746682694136,0.1648126862421166,2.1271745651649736,0.811787416862324,229994.595728846,1.831252069356851,2.7059580562077468,7.090581883883246,32.32638888888889,3898,18328.72627472877,94.84375,297,199438.74548339844,24.913194444444446,4325,31956.829040527344,8520,56.346217552982594,93.30889837117113,1575.6848638284537,1390.4997472755545,0,5760,1.0,False,lambda,lam=0.1,0.1,7,2020,0.0,502589541.0,19.0,14.244729411344192,regen-v2,637c6b535a9e,unknown,greenhouse-regen:v1,
5760,2.2560751689454395,5.527109564640532,3.271034395695093,0.1544661108471919,2.315631594302446,0.8009366905454546,224538.8260635216,1.7162901205243544,2.669788968484849,7.718771981008154,32.048611111111114,3914,18451.928988933563,95.3125,270,133431.0537109375,25.59027777777777,4286,32098.89399337769,8470,52.80892677879496,92.06168875444634,1715.28266300654,1393.8465560658726,0,5760,1.0,False,lambda,lam=0.15,0.15,7,2020,0.0,2246104717.0,14.0,3.3203958151504582,regen-v2,637c6b535a9e,unknown,greenhouse-regen:v1,
5760,-1.7005393115345235,4.770911183477677,6.471450495012201,1.186195112919202,1.0327618313734916,4.252493550719507,193818.26682878064,13.179945699102246,14.174978502398355,3.442539437911639,31.59722222222222,3940,20542.18242931366,73.92361111111111,1502,2953289.983398437,24.86111111111111,4328,27540.072818756104,9770,405.5367911603528,488.79236213370297,765.0087645344518,560.557763004144,0,5760,1.0,False,lambda,lam=0.2,0.2,7,2020,0.0,4240435453.0,11.0,16.799234760557567,regen-v2,637c6b535a9e,unknown,greenhouse-regen:v1,
5760,8.760905787331358,16.0295985365376,7.26869274920624,5.018482353568499,2.10532773640058,0.1448826592371623,651202.44054684,55.76091503964999,0.4829421974572076,7.017759121335265,69.75694444444444,1742,1460.5830097198486,100.0,0,0.0,61.84027777777777,2198,4487.3796043396,3940,1715.7204617860189,16.6531792468504,1559.5020284577984,1406.3790682463102,0,5760,1.0,False,knock,baseline,,7,2020,0.0598226986535135,1224499046.0,,,regen-v2,637c6b535a9e,unknown,greenhouse-regen:v1,0.0548005365619305
5760,8.861398808182457,16.261122112028296,7.399723303845841,4.930005204681676,2.247100133426641,0.2226179657375241,660608.0858011496,54.777835607574175,0.7420598857917471,7.490333778088804,62.96874999999999,2133,2097.6160135269165,100.0,0,0.0,62.53472222222223,2158,4726.2666664123535,4291,1685.4718648192093,25.58827196804161,1664.5186174377736,1434.0782041757216,0,5760,1.0,False,knock,knockout,,7,2020,0.0,1224499046.0,,,regen-v2,637c6b535a9e,unknown,greenhouse-regen:v1,0.0548005365619305
5760,8.77273152306374,16.056536584589324,7.283805061525584,5.011538194074445,2.113676741108314,0.1585901263428232,652296.7987489413,55.68375771193829,0.5286337544760775,7.045589137027714,69.13194444444444,1778,1498.1633968353271,100.0,0,0.0,61.84027777777777,2198,4503.901371002197,3976,1713.3463908069234,18.22875020027643,1565.6864745761436,1407.9588620688382,0,5760,1.0,False,knock,knockin,,7,2020,0.0548005365619305,1224499046.0,,,regen-v2,637c6b535a9e,unknown,greenhouse-regen:v1,0.0548005365619305
5760,4.415881215455606,13.496744235890027,9.08086302043442,4.990069653256116,3.260342386176183,0.8304509810021217,548305.2345830323,55.4452183695124,2.768169936673739,10.867807953920613,69.75694444444444,1742,2737.139488220215,69.02777777777777,1784,4499810.930664063,54.35763888888889,2629,6111.783832550049,6155,1706.00672048474,95.45413573318778,2415.0684353505067,1179.735457433124,0,5760,1.0,False,cross,baseline,,7,2020,0.1300313668928102,,,,regen-v2,637c6b535a9e,unknown,greenhouse-regen:v1,
5760,5.245814343917445,15.270755864729336,10.02494152081189,5.899009549605527,2.9085144799323785,1.217417491273984,620374.4570046292,65.54455055117252,4.058058304246614,9.695048266441262,46.68402777777778,3071,4189.307576179504,84.25347222222223,907,1326958.806274414,58.94097222222222,2365,5763.821006774902,6343,2016.7554016175663,139.9330450554896,2154.4551692774685,1461.866987037414,0,5760,1.0,False,cross,ko_uboil,,7,2020,0.0,,,,regen-v2,637c6b535a9e,unknown,greenhouse-regen:v1,
5760,3.577673418798981,12.340991539222232,8.76331812042325,5.3631682209085785,2.6411856988840707,0.7589642006306001,501352.7812809032,59.59075801009532,2.529880668768667,8.803952329613569,70.19097222222223,1717,3170.524996757508,74.54861111111111,1466,3604363.469238281,60.12152777777777,2297,5175.817451477051,5480,1833.561784431964,87.23726447193297,1956.4338507742805,1261.6579311807543,0,5760,1.0,False,cross,ko_cross,,7,2020,0.1300313668928102,,,,regen-v2,637c6b535a9e,unknown,greenhouse-regen:v1,
5760,5.038756621021521,14.184089169569924,9.145332548548405,4.73618612920567,2.8982356281926056,1.5109107911501276,576228.6225137782,52.62429032450745,5.036369303833759,9.660785427308683,56.78819444444444,2489,3892.006085395813,76.38888888888889,1360,3532341.850097656,59.79166666666666,2316,5914.62878036499,6165,1619.208933402975,173.6679069885485,2146.8412051416403,1318.8766347964795,0,5760,1.0,False,cross,ko_both,,7,2020,0.0,,,,regen-v2,637c6b535a9e,unknown,greenhouse-regen:v1,
5760,5.637312705864471,16.240811326717335,10.603498620852866,4.998005957841027,5.113168376856558,0.4923242861552808,659782.9601478918,55.53339953156697,1.641080953850936,17.043894589521862,66.5625,1926,1961.7341051101685,76.21527777777779,1370,1362433.355834961,64.28819444444444,2057,3955.0563354492183,5353,1708.7199849827607,56.58899829018286,3787.532130887813,1465.2868663237948,0,5760,1.0,False,lambda,lam=1e-06,1e-06,8,2020,0.0382594535237578,709311943.0,54.0,9.96722135199563,regen-v2,637c6b535a9e,unknown,greenhouse-regen:v1,
5760,5.637037889154138,16.24121565427678,10.60417776512264,4.9979362317210345,5.113241808679526,0.4929997247220792,659799.3859549941,55.53262479690039,1.643332415740264,17.04413936226509,66.5625,1926,1962.0770225524905,76.19791666666667,1371,1362548.7712402344,64.28819444444444,2057,3954.8171463012695,5354,1708.696147678561,56.66663513107968,3787.58652551748,1465.482585342333,0,5760,1.0,False,lambda,lam=0.001,0.001,8,2020,0.0382594531025977,3518400423.0,50.0,9.955195526184369,regen-v2,637c6b535a9e,unknown,greenhouse-regen:v1,
5760,2.7793792962251764,12.72102497343576,9.941645677210587,4.752622718877267,4.559529354158162,0.629493604175159,516791.6395458279,52.8069190986363,2.0983120139171967,15.198431180527209,66.31944444444444,1940,2200.9293384552,73.73263888888889,1513,1573381.4038085938,56.614583333333336,2499,5506.224067687988,5952,1624.8282800718534,72.35558653295858,3377.429149886116,1476.3499548629436,0,5760,1.0,False,lambda,lam=0.01,0.01,8,2020,0.0381813666286174,452445307.0,42.0,9.735394919136,regen-v2,637c6b535a9e,unknown,greenhouse-regen:v1,
5760,6.1035983945854415,16.58453926325933,10.480940868673889,4.9463716337699,5.100553981306752,0.4340152535972362,673746.9075699103,54.959684819665554,1.4467175119907876,17.00184660435584,67.60416666666667,1866,1847.55575466156,76.21527777777779,1370,1258551.657836914,63.52430555555556,2101,4036.627914428711,5337,1691.0672268330295,49.88681086221897,3778.1881342966144,1459.744156380651,0,5760,1.0,False,lambda,lam=0.02,0.02,8,2020,0.0394975543892758,727393693.0,41.0,9.480181841953687,regen-v2,637c6b535a9e,unknown,greenhouse-regen:v1,
5760,7.346255438485317,16.422087683586764,9.075832245101449,5.110501904456314,3.8745748747792392,0.0907554658658936,667147.3121457122,56.783354493959045,0.3025182195529787,12.915249582597465,66.14583333333334,1950,2050.170883178711,95.19097222222224,277,69664.23425292969,66.68402777777777,1919,3659.926651000977,4146,1747.180138657037,10.431662706119122,2870.055462296549,1478.2185544985318,0,5760,1.0,False,lambda,lam=0.03,0.03,8,2020,0.0445522054542026,599935312.0,39.0,9.587518215449164,regen-v2,637c6b535a9e,unknown,greenhouse-regen:v1,
5760,-3.252495198743927,12.176951132368757,15.429446331112684,4.3357622159459375,5.217722527405776,5.875961587760967,494688.6397524807,48.17513573273264,19.58653862586989,17.39240842468592,47.46527777777778,3026,6028.372004508972,65.34722222222223,1996,2692655.1217041016,61.96180555555556,2191,4183.91104888916,7213,1482.311867693316,675.3978836168319,3864.979649348752,1470.4743739581509,0,5760,1.0,False,lambda,lam=0.04,0.04,8,2020,0.0,829303371.0,31.0,13.74106156174184,regen-v2,637c6b535a9e,unknown,greenhouse-regen:v1,
5760,8.30306627585382,16.209806253704883,7.906739977851061,5.175337741465278,2.7314022363857826,0.0,658523.3790567608,57.50375268294754,0.0,9.104674121285942,54.63541666666667,2613,3577.9500408172607,100.0,0,0.0,79.35763888888889,1189,2730.1238403320312,3802,1769.3462366893352,0.0,2023.260916222211,1544.0462137780255,0,5760,1.0,False,lambda,lam=0.05,0.05,8,2020,0.0,1470657052.0,28.0,14.011669495805071,regen-v2,637c6b535a9e,unknown,greenhouse-regen:v1,
5760,5.783513555666337,13.649116671450336,7.865603115783998,5.124714058894403,2.7407476778921422,0.0001413789974525,554495.3647776699,56.941267321048926,0.0004712633248418,9.135825592973807,56.40625,2511,4245.948912143707,100.0,0,0.0,73.68055555555556,1516,3337.1517372131348,4027,1752.03899394604,0.016250458589457,2030.1834642455551,1483.0445826093542,0,5760,1.0,False,lambda,lam=0.06,0.06,8,2020,0.0,3358193190.0,26.0,13.979686129338104,regen-v2,637c6b535a9e,unknown,greenhouse-regen:v1,
5760,9.263470670665626,16.50849569273834,7.245025022072712,4.6860299553389,2.558995066733812,0.0,670657.637517495,52.06699950376556,0.0,8.529983555779372,61.75347222222223,2203,2643.3836030960083,100.0,0,0.0,59.982638888888886,2305,6161.895568847656,4508,1602.0615226448758,0.0,1895.551902227981,1450.1290131113385,0,5760,1.0,False,lambda,lam=0.07,0.07,8,2020,0.0,1615714328.0,21.0,12.98807053607457,regen-v2,637c6b535a9e,unknown,greenhouse-regen:v1,
5760,2.71829139232456,5.749864225132806,3.031572832808246,0.1501561631892342,2.1468239150726456,0.7345927545463666,233588.23414602023,1.6684018132137135,2.4486425151545554,7.156079716908819,33.05555555555556,3856,18224.780061006542,95.52083333333331,258,147896.275390625,24.93055555555556,4324,32562.822135925293,8438,51.33544038229053,84.43594884625733,1590.239937494008,1455.0052187197814,0,5760,1.0,False,lambda,lam=0.08,0.08,8,2020,0.0,872853176.0,21.0,12.24175235621101,regen-v2,637c6b535a9e,unknown,greenhouse-regen:v1,
5760,2.800490869752549,5.787678927195657,2.987188057443108,0.1457178197506349,2.1246491820296542,0.7168210556628182,235124.4564173236,1.6190868861181664,2.3894035188760605,7.082163940098848,32.72569444444444,3875,18317.009782791138,95.7465277777778,245,133930.95092773438,24.70486111111111,4337,32232.38998413086,8457,49.818057923647146,82.39322476855483,1573.8142093480028,1396.098256871839,0,5760,1.0,False,lambda,lam=0.1,0.1,8,2020,0.0,3225335909.0,19.0,13.78230045964649,regen-v2,637c6b535a9e,unknown,greenhouse-regen:v1,
5760,4.992748536881599,6.196513798742845,1.2037652618612462,0.1696107658120337,0.2493609172922393,0.7847935787569731,251733.3730739281,1.8845640645781527,2.615978595856577,0.8312030576407977,34.67013888888889,3763,17267.436314105988,91.57986111111111,485,540448.2093658447,22.447916666666668,4467,32936.148277282715,8715,57.98658656746447,90.20615846356915,184.71179074423708,1293.8919193281772,0,5760,1.0,False,lambda,lam=0.15,0.15,8,2020,0.0,2359095066.0,15.0,13.78230045964649,regen-v2,637c6b535a9e,unknown,greenhouse-regen:v1,
5760,-3.2718495024083083,4.282524160452554,7.554373662860863,1.266471385743306,1.3578228403284762,4.930079436789081,173977.54401838503,14.071904286036736,16.43359812263027,4.526076134428254,32.11805555555556,3910,20775.62267291546,69.67013888888889,1747,3774947.876342773,26.822916666666668,4215,27415.866054534912,9872,432.98167015815983,566.6757973947291,1005.7946969348102,681.8901967238753,0,5760,1.0,False,lambda,lam=0.2,0.2,8,2020,0.0,3017044864.0,10.0,21.367324401383645,regen-v2,637c6b535a9e,unknown,greenhouse-regen:v1,
5760,5.0947698648268975,12.851807816992348,7.757037952165449,5.136910532634037,2.6196128492659643,0.0005145702654495,522104.6925653141,57.07678369593374,0.0017152342181652,8.732042830886549,55.10416666666666,2586,4031.465063095093,100.0,0,0.0,73.00347222222221,1555,3019.8372535705566,4141,1756.208728663908,0.0591460076926034,1940.4539619366892,1545.6022032622295,0,5760,1.0,False,knock,baseline,,8,2020,0.0,3702642371.0,,,regen-v2,637c6b535a9e,unknown,greenhouse-regen:v1,0.0382594535237578
5760,5.0947698648268975,12.851807816992348,7.757037952165449,5.136910532634037,2.6196128492659643,0.0005145702654495,522104.6925653141,57.07678369593374,0.0017152342181652,8.732042830886549,55.10416666666666,2586,4031.465063095093,100.0,0,0.0,73.00347222222221,1555,3019.8372535705566,4141,1756.208728663908,0.0591460076926034,1940.4539619366892,1545.6022032622295,0,5760,1.0,False,knock,knockout,,8,2020,0.0,3702642371.0,,,regen-v2,637c6b535a9e,unknown,greenhouse-regen:v1,0.0382594535237578
5760,8.342773171838825,16.077035192323805,7.734262020484977,5.143843052426341,2.5904189680586365,0.0,653129.5546881545,57.15381169362601,0.0,8.634729893528789,61.04166666666667,2244,2746.001658439636,100.0,0,0.0,70.95486111111111,1673,3096.271884918213,3917,1758.5788214488643,0.0,1918.8288646890344,1564.1448191091538,0,5760,1.0,False,knock,knockin,,8,2020,0.0382594535237578,3702642371.0,,,regen-v2,637c6b535a9e,unknown,greenhouse-regen:v1,0.0382594535237578
5760,1.5628371889329975,9.779827028323574,8.216989839390576,5.015517952625515,2.507105376397635,0.6943665103674262,397305.4730256452,55.72797725139462,2.3145550345580874,8.35701792132545,68.05555555555556,1840,2645.5941858291626,77.17013888888889,1315,4679184.668212891,55.71180555555556,2551,7045.898216247559,5706,1714.7069924907798,79.81224266114003,1857.1150928770785,1377.155102669241,0,5760,1.0,False,cross,baseline,,8,2020,0.0220047429141621,,,,regen-v2,637c6b535a9e,unknown,greenhouse-regen:v1,
5760,1.7468758994721043,10.286074993058207,8.539199093586102,4.956334122429725,2.5840395108438416,0.9988254603125366,417871.7965929897,55.07037913810806,3.329418201041789,8.61346503614614,66.5625,1926,2822.030122756958,77.63888888888889,1288,4735761.458740234,55.85069444444445,2543,7148.625617980957,5757,1694.473203913044,114.80752414102612,1914.1033422733944,1384.487084618252,0,5760,1.0,False,cross,ko_uboil,,8,2020,0.0,,,,regen-v2,637c6b535a9e,unknown,greenhouse-regen:v1,
5760,1.7335289074114653,10.317037255944877,8.583508348533412,4.927324353817743,2.611550465640422,1.0446335290752475,419129.6385227607,54.748048375752695,3.4821117635841587,8.705168218801408,66.59722222222221,1924,2788.4819259643555,77.08333333333334,1320,4885379.359863281,55.97222222222222,2536,7165.544464111328,5780,1684.5553355149814,120.07281939870882,1934.4818247110295,1379.9880549553327,0,5760,1.0,False,cross,ko_cross,,8,2020,0.0220047429141621,,,,regen-v2,637c6b535a9e,unknown,greenhouse-regen:v1,
5760,2.8090882459326987,11.246430350302475,8.437342104369776,4.818919104337846,2.667632840980342,0.9507901590515886,456886.2329810381,53.54354560375385,3.169300530171962,8.892109469934473,61.23263888888889,2233,2621.0337133407597,78.50694444444444,1238,4156462.686767578,56.89236111111112,2483,6857.741119384766,5954,1647.4937098984656,109.2862250889022,1976.0243271692416,1384.3567573566952,0,5760,1.0,False,cross,ko_both,,8,2020,0.0,,,,regen-v2,637c6b535a9e,unknown,greenhouse-regen:v1,
5760,3.001263293840319,14.390380794182338,11.38911750034202,4.719217311843085,5.735834398088221,0.934065790410715,584609.2197636575,52.43574790936761,3.1135526347023834,19.119447993627404,55.17361111111111,2582,2653.8042001724243,59.53125,2331,2993959.5192871094,68.68055555555556,1804,3469.7572441101074,6717,1613.4076271797885,107.36388405126618,4248.7662194462,1448.1586512192696,0,5760,1.0,False,lambda,lam=1e-06,1e-06,9,2020,0.0260369336231391,3140654832.0,54.0,14.977525485049693,regen-v2,637c6b535a9e,unknown,greenhouse-regen:v1,
5760,2.993054135197072,14.37018855950978,11.377134424312713,4.719286801774617,5.729770679862103,0.928076942675994,583788.910230085,52.43652001971797,3.0935898089199805,19.099235599540343,54.895833333333336,2598,2660.617919921875,59.61805555555556,2326,2982513.2231445312,68.87152777777777,1793,3482.712574005127,6717,1613.4313859801036,106.67551079192472,4244.274576068947,1445.0702751894146,0,5760,1.0,False,lambda,lam=0.001,0.001,9,2020,0.0260267398606495,1373961541.0,48.0,14.96237965644689,regen-v2,637c6b535a9e,unknown,greenhouse-regen:v1,
5760,3.0301454662428107,13.251856471569186,10.221711005326371,4.613667213578298,4.794064665812065,0.8139791259360121,538356.6691574982,51.26296903975887,2.7132637531200405,15.980215552706882,62.39583333333333,2166,2213.483154296875,63.020833333333336,2130,2407143.512573242,55.43402777777777,2567,5795.780139923096,6863,1577.3221250123752,93.56081920441892,3551.1590104508787,1492.429302514287,0,5760,1.0,False,lambda,lam=0.01,0.01,9,2020,0.026461358351139,3388041299.0,42.0,12.504903634152932,regen-v2,637c6b535a9e,unknown,greenhouse-regen:v1,
5760,5.436702697029991,16.461366520513916,11.024663823483923,4.746966634728509,5.75901124232124,0.5186859464341744,668743.0148958778,52.74407371920566,1.7289531547805814,19.1967041410708,60.50347222222222,2275,2094.7603521347046,65.3125,1998,2201264.6986083984,66.07638888888889,1954,3848.1711463928223,6227,1622.8945751746237,59.61907440100498,4265.934253259052,1465.493025209144,0,5760,1.0,False,lambda,lam=0.02,0.02,9,2020,0.027075043891254,3814876036.0,39.0,15.378038262445234,regen-v2,637c6b535a9e,unknown,greenhouse-regen:v1,
5760,5.642851399068436,16.550285886925614,10.90743448785718,4.303543066430334,5.654042278408889,0.949849143017956,672355.364156353,47.81714518255927,3.166163810059854,18.846807594696298,51.28472222222222,2806,4009.516872406006,62.69097222222222,2149,3151700.6362304688,59.42708333333333,2337,5178.554840087891,7292,1471.2967744199364,109.1780625353818,4188.179463758809,1472.6666463294682,0,5760,1.0,False,lambda,lam=0.03,0.03,9,2020,0.0,1478594266.0,35.0,15.912692813748844,regen-v2,637c6b535a9e,unknown,greenhouse-regen:v1,
5760,8.184870170597772,15.84494570397187,7.660075533374097,4.926212697578263,2.332393151078304,0.4014696847175308,643700.9192238572,54.73569663975848,1.3382322823917694,7.7746438369276785,57.30902777777778,2459,3058.247564315796,100.0,0,0.0,69.73958333333333,1743,3757.926040649414,4202,1684.1752811735123,46.14594087060755,1727.6986306297194,1567.2527722703464,0,5760,1.0,False,lambda,lam=0.04,0.04,9,2020,0.0,979455409.0,31.0,14.527988372715628,regen-v2,637c6b535a9e,unknown,greenhouse-regen:v1,
5760,8.081993270905897,16.134212591005515,8.052219320099615,4.762911184822487,2.528875067738356,0.7604330675387725,655452.3865095989,52.92123538691652,2.5347768917959086,8.429583559127853,57.65625,2439,3229.201303482056,100.0,0,0.0,66.26736111111111,1943,4088.235801696777,4382,1628.3457037049816,87.40609969189822,1873.2407909864717,1536.6169970111457,0,5760,1.0,False,lambda,lam=0.05,0.05,9,2020,0.0,4136947557.0,29.0,15.075466167597922,regen-v2,637c6b535a9e,unknown,greenhouse-regen:v1,
5760,-1.4177263309521482,12.116907148780246,13.534633479732396,4.48494312440066,2.711116356678664,6.338573998653071,492249.3529191975,49.83270138222956,21.12857999551024,9.037054522262212,42.864583333333336,3291,5519.797505378723,100.0,0,0.0,65.72916666666667,1974,4198.377494812012,5265,1533.3138887951204,728.5717242176833,2008.23433820826,1352.797774921684,0,5760,1.0,False,lambda,lam=0.06,0.06,9,2020,0.0,2060112391.0,25.0,14.34108676615208,regen-v2,637c6b535a9e,unknown,greenhouse-regen:v1,
5760,6.005551051247352,13.635036515194525,7.629485463947173,4.918512965650595,2.7108365932066034,0.0001359050899744,553923.3584297776,54.65014406278439,0.0004530169665813,9.036121977355345,58.92361111111111,2366,3077.7061052322388,100.0,0,0.0,60.53819444444445,2273,5292.855564117432,4639,1681.5428946570162,0.0156212743258496,2008.0271064010376,1550.977536367538,0,5760,1.0,False,lambda,lam=0.07,0.07,9,2020,0.0,3504033232.0,22.0,16.811614140402643,regen-v2,637c6b535a9e,unknown,greenhouse-regen:v1,
5760,5.918980446792353,13.64660885790775,7.727628411115397,4.91035796066414,2.8171348496185016,0.0001356008327566,554393.4848525024,54.55953289626822,0.0004520027758553,9.39044949872834,60.81597222222223,2257,2920.964587211609,100.0,0,0.0,59.53125,2331,5534.264221191406,4588,1678.754858762734,0.0155863027808282,2086.766555775078,1541.326604364354,0,5760,1.0,False,lambda,lam=0.08,0.08,9,2020,0.0,2693781907.0,18.0,16.811614140402643,regen-v2,637c6b535a9e,unknown,greenhouse-regen:v1,
5760,2.3076675209131445,5.5546306633600775,3.2469631424469334,0.1391172071792185,2.395631940435937,0.712213994831778,225656.8706990032,1.5457467464357617,2.3740466494392605,7.985439801453124,32.708333333333336,3876,18557.71558189392,94.8784722222222,295,129266.6944580078,24.70486111111111,4337,32471.582553863525,8508,47.56143833567192,81.86367758138474,1774.5421772619973,1442.023650777152,0,5760,1.0,False,lambda,lam=0.1,0.1,9,2020,0.0,144221674.0,17.0,20.415174990187936,regen-v2,637c6b535a9e,unknown,greenhouse-regen:v1,
5760,4.757313513468702,6.102481245736838,1.3451677322681352,0.1944915821911767,0.2727154179317236,0.877960732145235,247913.30060805904,2.1610175799019635,2.92653577381745,0.9090513931057456,33.62847222222222,3823,17432.118382930756,91.70138888888889,478,627239.8475341797,23.99305555555556,4378,32172.19969177246,8679,66.49284866151942,100.9150266017126,202.0114204531103,1298.9378395009194,0,5760,1.0,False,lambda,lam=0.15,0.15,9,2020,0.0,2013055260.0,15.0,15.697926813266498,regen-v2,637c6b535a9e,unknown,greenhouse-regen:v1,
5760,2.676532685275755,4.509600131593015,1.833067446317259,0.2727841349871363,0.3579109901144783,1.2023723212156443,183202.5053459662,3.030934833190404,4.007907737385482,1.193036633714928,29.635416666666664,4053,18326.869955539703,89.63541666666667,597,930744.2106933594,25.104166666666668,4314,33013.173095703125,8964,93.25953315718462,138.20371493200395,265.1192518532054,1527.6787621121548,0,5760,1.0,False,lambda,lam=0.2,0.2,9,2020,0.0,3880805180.0,12.0,12.994785843543076,regen-v2,637c6b535a9e,unknown,greenhouse-regen:v1,
5760,-1.4872474614462556,12.007812757265752,13.495060218712007,4.585563176534936,2.605098446476409,6.304398595700659,487817.39326392114,50.95070196149928,21.014661985668862,8.6836614882547,46.96180555555556,3055,4909.957345962524,100.0,0,0.0,66.33680555555556,1939,3957.9307556152335,4994,1567.7139055469224,724.6435167407694,1929.7025529496204,1509.6410452568844,0,5760,1.0,False,knock,baseline,,9,2020,0.0,1308943729.0,,,regen-v2,637c6b535a9e,unknown,greenhouse-regen:v1,0.0260369336231391
5760,-1.4872474614462556,12.007812757265752,13.495060218712007,4.585563176534936,2.605098446476409,6.304398595700659,487817.39326392114,50.95070196149928,21.014661985668862,8.6836614882547,46.96180555555556,3055,4909.957345962524,100.0,0,0.0,66.33680555555556,1939,3957.9307556152335,4994,1567.7139055469224,724.6435167407694,1929.7025529496204,1509.6410452568844,0,5760,1.0,False,knock,knockout,,9,2020,0.0,1308943729.0,,,regen-v2,637c6b535a9e,unknown,greenhouse-regen:v1,0.0260369336231391
5760,1.560039088432842,14.540050172889568,12.980011084456724,4.655654964557099,2.581699844210986,5.742656275688638,590689.5382736387,51.72949960619,19.1421875856288,8.605666147369954,53.02083333333333,2706,3931.985610961914,100.0,0,0.0,65.26041666666667,2001,4226.307975769043,4707,1591.6769113422674,660.075433978333,1912.3702546890136,1520.1298510429272,0,5760,1.0,False,knock,knockin,,9,2020,0.0260369336231391,1308943729.0,,,regen-v2,637c6b535a9e,unknown,greenhouse-regen:v1,0.0260369336231391
5760,6.1344378298440745,13.956569025419594,7.822131195575521,5.073878192174014,2.410069643686996,0.3381833597145097,566985.616657671,56.37642435748905,1.1272778657150324,8.033565478956655,60.69444444444444,2264,2311.8720149993896,90.90277777777776,524,812412.1361083984,70.36458333333333,1707,3271.121406555176,4495,1734.659211620548,38.87165034218994,1785.2367734073964,1499.7838316654418,0,5760,1.0,False,cross,baseline,,9,2020,0.1681689151692797,,,,regen-v2,637c6b535a9e,unknown,greenhouse-regen:v1,
5760,4.079963591302668,13.179032537842168,9.099068946539498,5.154599610557577,2.6363359822886903,1.3081333536932307,535398.196849838,57.2733290061953,4.360444512310769,8.787786607628968,39.07986111111112,3509,8242.160941123962,93.1597222222222,394,845100.2087402344,55.625,2556,7218.463493347168,6459,1762.256275465462,150.36015560090928,1952.8414684541103,1562.2756807799792,0,5760,1.0,False,cross,ko_uboil,,9,2020,0.0,,,,regen-v2,637c6b535a9e,unknown,greenhouse-regen:v1,
5760,5.085974839222708,12.408134902390422,7.322160063167715,5.303379530926106,1.992126146279457,0.0266543859621515,504080.4804096109,58.92643923251229,0.0888479532071719,6.64042048759819,65.78125,1971,1823.2684059143064,93.95833333333331,348,350733.06018066406,72.34375,1593,3328.6435890197754,3912,1813.121206848708,3.063722519031926,1475.6489977580595,1497.1398237396518,0,5760,1.0,False,cross,ko_cross,,9,2020,0.1681689151692797,,,,regen-v2,637c6b535a9e,unknown,greenhouse-regen:v1,
5760,6.308927198108821,14.74018918583332,8.4312619877245,4.8094705726808495,2.6365111844757183,0.985280230567932,598820.1856744786,53.43856191867611,3.28426743522644,8.788370614919062,53.59374999999999,2673,3062.745379447937,88.38541666666667,669,1171061.188232422,68.69791666666667,1803,3426.382953643799,5145,1644.263443363413,113.25060124065934,1952.971248555238,1473.941354079618,0,5760,1.0,False,cross,ko_both,,9,2020,0.0,,,,regen-v2,637c6b535a9e,unknown,greenhouse-regen:v1,
