steps,epi,revenue,cost_total,cost_heat,cost_co2,cost_elec,fruit_dm_growth,energy_heat_kwh_m2,energy_elec_kwh_m2,co2_kg_m2,t_in_in_corridor_pct,t_in_violation_steps,t_in_violation_area,co2_in_corridor_pct,co2_violation_steps,co2_violation_area,rh_in_corridor_pct,rh_violation_steps,rh_violation_area,violation_steps_total,boiler_sum,lamp_sum,co2_injection_sum,vent_sum,solver_failures,steps_expected,season_fraction,truncated,block,condition,factor,value,seed,test_year,regen_id,config_hash,git_sha,image,nonzero,xi_uboil,rep
5760,4.433735538124841,12.10861370808896,7.674878169964119,4.729065166776563,2.8306531842122222,0.1151598189753347,491912.431891114,52.54516851973958,0.3838660632511157,9.43551061404074,64.51388888888889,2044,2323.67985534668,100.0,0,0.0,60.01736111111112,2303,6090.212104797363,4347,1616.7744154060574,13.236760822825714,2096.780136592668,1502.8601026562758,0,5760,1.0,False,design,mpc_horizon=8,mpc_horizon,8.0,0,2020,regen-v2,637c6b535a9e,unknown,greenhouse-regen:v1,,,
5760,3.5710530092392814,11.74205730211795,8.171004292878667,4.671932475116014,3.374206030350143,0.1248657874125109,477021.0778985417,51.91036083462238,0.4162192913750366,11.247353434500477,63.57638888888889,2098,2348.5918645858765,93.87152777777776,353,68152.25866699219,60.08680555555556,2299,6208.203979492188,4750,1597.241872398347,14.35238937729464,2499.4118747907005,1486.1672076846228,0,5760,1.0,False,design,mpc_horizon=12,mpc_horizon,12.0,0,2020,regen-v2,637c6b535a9e,unknown,greenhouse-regen:v1,,,
5760,0.862010856460663,11.32185305726859,10.459842200807929,4.597240068905768,5.110289078596543,0.7523130533056182,459950.2804515365,51.0804452100641,2.507710177685394,17.03429692865514,67.17013888888889,1891,1629.1347522735596,52.22222222222223,2752,2712459.4477539062,51.61458333333333,2787,6814.064025878906,7430,1571.706006529114,86.47276482411571,3785.3993182086974,1432.2694600850457,0,5760,1.0,False,design,mpc_horizon=20,mpc_horizon,20.0,0,2020,regen-v2,637c6b535a9e,unknown,greenhouse-regen:v1,,,
5760,0.1286490092908865,11.16929761332547,11.040648604034589,4.565788643500362,5.566191514358212,0.9086684461760114,453752.7155413473,50.7309849277818,3.028894820586705,18.55397171452737,68.26388888888889,1828,1549.6978378295898,45.05208333333333,3165,3607196.23059082,49.49652777777778,2909,7231.228012084961,7902,1560.9533825588658,104.4446488932067,4123.104826581794,1415.9703720845991,0,5760,1.0,False,design,mpc_horizon=30,mpc_horizon,30.0,0,2020,regen-v2,637c6b535a9e,unknown,greenhouse-regen:v1,,,
5760,5.233810347415937,16.468330285480352,11.234519938064416,4.837921468622813,5.874781629776493,0.5218168396651086,669025.9178476393,53.75468298469793,1.739389465550362,19.58260543258831,66.42361111111111,1934,1474.2307109832764,60.05208333333333,2301,2375977.599975586,62.46527777777777,2162,4135.70219039917,6397,1653.990246364823,59.97894690377758,4351.690095462092,1398.378226412773,0,5760,1.0,False,design,stlsq_threshold=0.01,stlsq_threshold,0.01,0,2020,regen-v2,637c6b535a9e,unknown,greenhouse-regen:v1,40.0,0.0396983539494781,
5760,8.243049127984797,16.22818176135666,7.98513263337186,4.676208791266255,2.4116267958444046,0.897297046261201,659269.8840551142,51.957875458513946,2.9909901542040034,8.038755986148017,59.06249999999999,2358,2477.29213142395,100.0,0,0.0,62.13541666666666,2181,5040.084571838379,4539,1598.7038603860865,103.13759141930436,1786.39021920096,1456.6702433963137,0,5760,1.0,False,design,stlsq_threshold=0.05,stlsq_threshold,0.05,0,2020,regen-v2,637c6b535a9e,unknown,greenhouse-regen:v1,27.0,0.0,
5760,2.7323586460677207,5.745551714804936,3.0131930687372157,0.1643088081568479,2.036992838876373,0.8118914217039943,233413.03841395053,1.825653423964977,2.7063047390133144,6.78997612958791,32.46527777777778,3890,18163.6287817955,95.29513888888889,271,154884.3262939453,24.635416666666668,4341,32317.11778640747,8502,56.173951441270745,93.32085302567758,1508.883583869159,1368.7836227857204,0,5760,1.0,False,design,stlsq_threshold=0.1,stlsq_threshold,0.1,0,2020,regen-v2,637c6b535a9e,unknown,greenhouse-regen:v1,20.0,0.0,
5760,-2.399663031876928,2.815324012464484,5.214987044341411,0.8534554405992384,0.9019219789094914,3.459609624832682,114372.53800636966,9.482838228880428,11.532032082775608,3.006406596364972,26.822916666666668,4215,23309.54903721809,76.78819444444444,1337,2600516.4853515625,28.177083333333336,4137,25770.18886566162,9689,291.7796377746057,397.6562785169076,668.0903546869395,867.0255133286421,0,5760,1.0,False,design,stlsq_threshold=0.2,stlsq_threshold,0.2,0,2020,regen-v2,637c6b535a9e,unknown,greenhouse-regen:v1,11.0,0.0,
5760,1.570138188767224,11.713003094512825,10.1428649057456,4.605419697649444,4.675828387202448,0.8616168208937085,475840.7507145834,51.17132997388271,2.872056069645695,15.58609462400816,72.23958333333333,1599,1231.9800186157229,57.58680555555556,2443,2089002.396850586,47.62152777777778,3017,6170.232345581055,7059,1574.502460787288,99.03641601890928,3463.576582943469,1387.0271829714134,0,5760,1.0,False,design,coef_perturb=0.1,coef_perturb,0.1,0,2020,regen-v2,637c6b535a9e,unknown,greenhouse-regen:v1,,,1.0
3590,-29.23113624418557,0.0016927891397761,29.232829033325345,7.17860214907977,1.1898908657872438,20.86433601845833,68.76955880340392,79.76224610088633,69.54778672819444,3.96630288595748,42.72980501392757,2056,13278.500597953796,37.96657381615599,2227,18046216.018310547,81.47632311977716,665,3242.5309524536133,4948,2454.222957136498,2398.199542319513,881.4006417950288,247.8864760052693,0,5760,0.6233,True,design,coef_perturb=0.2,coef_perturb,0.2,0,2020,regen-v2,637c6b535a9e,unknown,greenhouse-regen:v1,,,1.0
5760,-1.38246200833038,14.667150985032166,16.049612993362544,6.088157899834911,2.83395553465438,7.127499558873254,595853.0087669317,67.64619888705457,23.758331862910847,9.446518448847934,94.54861111111111,314,485.5857124328613,95.5034722222222,259,23727.00289916992,47.27430555555556,3037,8459.858364105225,3610,2081.421504556892,819.2528232199584,2099.2263221464164,896.013321496853,0,5760,1.0,False,design,coef_perturb=0.3,coef_perturb,0.3,0,2020,regen-v2,637c6b535a9e,unknown,greenhouse-regen:v1,,,1.0
5760,5.884224865590937,14.606070308416877,8.721845442825938,4.860272808582836,3.8099703294321374,0.0516023048109644,593371.6062794356,54.00303120647595,0.1720076827032149,12.699901098107128,54.20138888888889,2638,3237.294412612915,96.92708333333331,177,33532.809814453125,73.29861111111111,1538,3077.5651626586914,4353,1661.6317297224746,5.931299353755258,2822.2002427619263,1479.1529019041118,0,5760,1.0,False,design,mpc_horizon=8,mpc_horizon,8.0,1,2020,regen-v2,637c6b535a9e,unknown,greenhouse-regen:v1,,,
5760,4.575700351345652,14.60895374516219,10.033253393816535,4.833173014180324,4.756961122296515,0.4431192573396991,593488.7458972139,53.70192237978138,1.4770641911323306,15.856537074321716,56.44097222222222,2509,2648.949694633484,78.35069444444444,1247,946721.7534179688,69.84375,1737,3224.052947998047,5493,1652.3668426343847,50.9332479939413,3523.6749048914785,1428.050837469021,0,5760,1.0,False,design,mpc_horizon=12,mpc_horizon,12.0,1,2020,regen-v2,637c6b535a9e,unknown,greenhouse-regen:v1,,,
5760,3.201264227990326,15.125349703581229,11.924085475590903,4.952181784903966,5.7819837393362326,1.1899199513507035,614467.3317079874,55.02424205448852,3.966399837835679,19.273279131120777,62.29166666666666,2172,1917.7188968658447,56.80555555555556,2488,2882189.997680664,62.53472222222223,2158,4070.6946563720703,6818,1693.053601448264,136.77240831358696,4282.950917830612,1370.4085982759009,0,5760,1.0,False,design,mpc_horizon=20,mpc_horizon,20.0,1,2020,regen-v2,637c6b535a9e,unknown,greenhouse-regen:v1,,,
5760,-0.8891311255344344,13.804213485095977,14.693344610630408,5.430857490446523,5.739497972761284,3.522989147422602,560796.1728320239,60.34286100496137,11.74329715807534,19.13165990920428,63.54166666666666,2100,3884.863359451294,50.57291666666666,2847,7237833.206298828,59.44444444444444,2336,5601.021465301514,7283,1856.703414915954,404.94128099000216,4251.479979441561,1238.8547660436316,0,5760,1.0,False,design,mpc_horizon=30,mpc_horizon,30.0,1,2020,regen-v2,637c6b535a9e,unknown,greenhouse-regen:v1,,,
5760,3.7621042302139776,15.359312682644129,11.59720845243015,4.976065501931798,5.678973122959185,0.9421698275391686,623972.0777324177,55.28961668813109,3.1405660917972287,18.92991040986395,62.10069444444445,2183,1904.838269233704,57.36111111111111,2456,2696874.7465820312,64.04513888888889,2071,3881.010841369629,6710,1701.2189743755862,108.2953823101449,4206.646757363748,1374.7626786840788,0,5760,1.0,False,design,stlsq_threshold=0.01,stlsq_threshold,0.01,1,2020,regen-v2,637c6b535a9e,unknown,greenhouse-regen:v1,44.0,0.0378618763829592,
5760,0.17844309860086,10.49164779042389,10.313204691823032,4.681564511637415,5.607195012951821,0.0244451672337949,426223.1914859706,52.017383462637945,0.0814838907793164,18.690650043172734,58.87152777777778,2369,3865.162902355194,59.94791666666666,2307,2272554.068725586,53.97569444444444,2651,4918.166996002197,7327,1600.5348757552065,2.809789333087278,4153.477786969679,1468.101512115974,0,5760,1.0,False,design,stlsq_threshold=0.05,stlsq_threshold,0.05,1,2020,regen-v2,637c6b535a9e,unknown,greenhouse-regen:v1,30.0,0.0,
5760,2.480625479046103,5.499120278946458,3.018494799900354,0.1372567874925211,2.201391813930237,0.679846198477596,223401.76133219985,1.5250754165835678,2.26615399492532,7.337972713100791,32.239583333333336,3903,18766.566485643387,95.6597222222222,250,136647.6639404297,25.538194444444446,4289,31877.39670944214,8442,46.92539741252294,78.14324130121948,1630.6606019387043,1467.8141676853108,0,5760,1.0,False,design,stlsq_threshold=0.1,stlsq_threshold,0.1,1,2020,regen-v2,637c6b535a9e,unknown,greenhouse-regen:v1,20.0,0.0,
5760,4.368918366693857,5.86732739003248,1.4984090233386218,0.2146660559529438,0.3032929312062172,0.9804500361794606,238360.17522006948,2.3851783994771543,3.2681667872648688,1.0109764373540575,33.36805555555556,3838,17598.861798286438,91.31944444444444,500,727348.8071289062,25.798611111111114,4274,31418.19770050049,8612,73.39010464272936,112.69540654447864,224.6614304258723,1306.5494145589305,0,5760,1.0,False,design,stlsq_threshold=0.2,stlsq_threshold,0.2,1,2020,regen-v2,637c6b535a9e,unknown,greenhouse-regen:v1,13.0,0.0,
5760,-6.924618908161731,9.096011159473385,16.020630067635118,5.855186809591087,4.407795188655319,5.75764806938871,369525.4533536063,65.05763121767875,19.192160231295706,14.692650628851064,49.65277777777778,2900,9059.85572719574,70.39930555555556,1705,8230205.708129883,71.77083333333333,1626,4840.253074645996,6231,2001.7732679652456,661.7986285894681,3265.033473177701,1248.5958577266897,0,5760,1.0,False,design,coef_perturb=0.1,coef_perturb,0.1,1,2020,regen-v2,637c6b535a9e,unknown,greenhouse-regen:v1,,,1.0
5760,8.170982459890034,15.466406490216045,7.29542403032601,4.178041433005596,2.7548825722440258,0.362500025076387,628322.7636650268,46.42268258895107,1.20833341692129,9.182941907480089,46.232638888888886,3097,4678.442800521851,95.71180555555556,247,220913.9833984375,59.357638888888886,2341,5606.963565826416,5685,1428.3902337294292,41.66666963977487,2040.6537567548023,1441.445461306816,0,5760,1.0,False,design,coef_perturb=0.2,coef_perturb,0.2,1,2020,regen-v2,637c6b535a9e,unknown,greenhouse-regen:v1,,,1.0
5760,-1.1048535649739937,5.3113227474515305,6.416176312425524,3.089286267331913,3.3260597146278776,0.000830330465734,215772.48661521843,34.32540297035459,0.0027677682191133,11.08686571542626,32.43055555555556,3892,16884.358220100403,98.52430555555556,85,21367.47912597656,74.98263888888889,1441,2192.6754570007324,5418,1056.1662459821302,0.0954402859696786,2463.747936073788,1925.537868933185,0,5760,1.0,False,design,coef_perturb=0.3,coef_perturb,0.3,1,2020,regen-v2,637c6b535a9e,unknown,greenhouse-regen:v1,,,1.0
5760,6.135663937714377,14.13127752713162,7.995613589417242,4.729447900575113,3.0901932522684685,0.175972436573661,574083.149539722,52.54942111750125,0.58657478857887,10.300644174228228,62.89930555555555,2137,2463.5261936187744,96.99652777777776,173,133226.96911621094,62.13541666666666,2181,5055.373748779297,4491,1616.9052641921205,20.22671683795792,2289.0320379240584,1456.4691787727825,0,5760,1.0,False,design,mpc_horizon=8,mpc_horizon,8.0,10,2020,regen-v2,637c6b535a9e,unknown,greenhouse-regen:v1,,,
5760,4.089039293787003,14.240159996565502,10.1511207027785,4.563746890448389,4.472595991627049,1.1147778207030603,578506.4998604736,50.70829878275988,3.715926069010202,14.908653305423496,66.12847222222223,1951,1862.28807258606,66.26736111111111,1943,2350083.541625977,51.00694444444444,2822,6403.687110900879,6716,1560.255345327655,128.13538129380305,3313.0340672463567,1390.556285322513,0,5760,1.0,False,design,mpc_horizon=12,mpc_horizon,12.0,10,2020,regen-v2,637c6b535a9e,unknown,greenhouse-regen:v1,,,
5760,3.3361816192903637,14.212279642809182,10.87609802351882,4.609319771111483,4.990576413674431,1.2762018387329048,577373.860489123,51.21466412346093,4.254006129109683,16.635254712248102,66.26736111111111,1943,1830.157922744751,60.46875000000001,2277,2876537.4462890625,50.78125,2835,6046.67183303833,7055,1575.8358192700755,146.68986648448458,3696.723268453723,1396.6126134490078,0,5760,1.0,False,design,mpc_horizon=20,mpc_horizon,20.0,10,2020,regen-v2,637c6b535a9e,unknown,greenhouse-regen:v1,,,
5760,3.064440143792826,14.291422927251418,11.226982783458592,4.649128624868848,5.23308498645172,1.3447691721380233,580589.0564195889,51.65698472076498,4.482563907126744,17.443616621505736,66.33680555555556,1939,1849.57723236084,58.26388888888889,2404,3178914.7595214844,51.51041666666667,2793,5982.829761505127,7136,1589.44568430959,154.57116938498018,3876.359248985592,1398.2101377712274,0,5760,1.0,False,design,mpc_horizon=30,mpc_horizon,30.0,10,2020,regen-v2,637c6b535a9e,unknown,greenhouse-regen:v1,,,
5760,3.4354958030114364,13.8371568038255,10.401661000814064,4.535520062923923,4.5963271864301225,1.26981375146002,562134.495155411,50.39466736582137,4.232712504866734,15.321090621433742,66.71875,1917,1822.4120569229128,63.78472222222222,2086,2650270.792602539,47.22222222222222,3040,7260.361148834228,7043,1550.6051491157637,145.95560348096436,3404.686804350673,1416.5873120691565,0,5760,1.0,False,design,stlsq_threshold=0.01,stlsq_threshold,0.01,10,2020,regen-v2,637c6b535a9e,unknown,greenhouse-regen:v1,45.0,0.0312393228259602,
5760,-0.6708509025773924,12.173905993577527,12.844756896154925,4.545683995175194,2.3180293338335405,5.981043567146186,494564.9309890871,50.507599946391046,19.936811890487288,7.726764446111802,47.10069444444444,3047,4689.82238483429,100.0,0,0.0,65.50347222222223,1987,4147.407169342041,5034,1554.079997548724,687.4762718636597,1717.0587658878735,1459.9421739512072,0,5760,1.0,False,design,stlsq_threshold=0.05,stlsq_threshold,0.05,10,2020,regen-v2,637c6b535a9e,unknown,greenhouse-regen:v1,26.0,0.0,
5760,2.6921894188166067,5.6881827153031255,2.995993296486519,0.1498842159563675,2.1215613137682974,0.7245477667618543,231082.42280918948,1.6653801772929728,2.4151592225395144,7.071871045894325,32.482638888888886,3889,18486.16249585152,95.20833333333331,276,170759.255859375,25.45138888888889,4294,31630.581630706787,8459,51.24246708338623,83.2813523694807,1571.5268996770628,1421.611766975905,0,5760,1.0,False,design,stlsq_threshold=0.1,stlsq_threshold,0.1,10,2020,regen-v2,637c6b535a9e,unknown,greenhouse-regen:v1,19.0,0.0,
5760,-0.9870278759193232,3.746384491887554,4.733412367806878,0.752456989783421,0.8365708020170368,3.14438457600642,152196.8699829319,8.360633219815789,10.4812819200214,2.7885693400567897,31.440972222222225,3949,23061.835048675537,78.15972222222223,1258,2324661.3681640625,28.315972222222225,4129,24590.0729637146,9336,257.2502529182304,361.4235142665676,619.6820756177356,633.1688748970521,0,5760,1.0,False,design,stlsq_threshold=0.2,stlsq_threshold,0.2,10,2020,regen-v2,637c6b535a9e,unknown,greenhouse-regen:v1,12.0,0.0,
5760,0.9870053415162316,12.916717445547144,11.92971210403091,4.057041223165476,4.682370826023721,3.190300054841714,524741.6462253527,45.078235812949735,10.634333516139048,15.607902753412404,61.11111111111112,2240,3128.4968729019165,59.13194444444444,2354,4564186.403930664,46.770833333333336,3066,8645.0590133667,7660,1387.0226396002377,366.7011558772346,3468.4228338761486,1397.6196931735226,0,5760,1.0,False,design,coef_perturb=0.1,coef_perturb,0.1,10,2020,regen-v2,637c6b535a9e,unknown,greenhouse-regen:v1,,,1.0
3199,-40.52446326293902,-0.5620036436032401,39.96245961933579,9.238688986269151,3.2736346265712752,27.450136006495352,-22831.398021381632,102.65209984743504,91.50045335498451,10.912115421904252,26.226945920600187,2360,20520.53363704681,1.3441700531416068,3156,61794122.66479492,73.92935292278837,834,3680.372138977051,6350,3158.52614907538,3155.188046730035,2424.9145378385083,13.440800974562706,0,5760,0.5554,True,design,coef_perturb=0.2,coef_perturb,0.2,10,2020,regen-v2,637c6b535a9e,unknown,greenhouse-regen:v1,,,1.0
5760,4.789067257703595,15.456723680120934,10.66765642241734,4.403588798064201,3.220149157703802,3.0439184666493397,627929.399504913,48.928764422935565,10.146394888831132,10.73383052567934,85.46875,837,477.5246553421021,97.03125,171,22016.259552001957,47.34375,3033,9683.49563217163,4041,1505.5004429554788,349.8756855477458,2385.2956733016654,1195.4478759631434,0,5760,1.0,False,design,coef_perturb=0.3,coef_perturb,0.3,10,2020,regen-v2,637c6b535a9e,unknown,greenhouse-regen:v1,,,1.0
5760,4.841566150025167,13.695989187707903,8.854423037682741,4.761101239364834,3.666660203514121,0.4266615948037859,556399.5607506337,52.901124881831485,1.42220531601262,12.222200678380402,57.20486111111112,2465,2819.1671113967896,92.58680555555556,427,491068.1020507813,68.94097222222221,1789,3684.317207336426,4681,1627.7269187054903,49.04156268299855,2716.044595859642,1450.6634907848447,0,5760,1.0,False,design,mpc_horizon=8,mpc_horizon,8.0,11,2020,regen-v2,637c6b535a9e,unknown,greenhouse-regen:v1,,,
5760,3.949566242081542,13.86055877652523,9.91099253444369,4.7535713422578745,4.418646956187825,0.7387742359979894,563085.2002963375,52.81745935842083,2.4625807866599647,14.72882318729275,59.84374999999999,2313,2534.439292907715,81.14583333333333,1086,1000122.204711914,65.24305555555556,2002,3887.210411071777,5401,1625.1525951108968,84.91657868789821,3273.0718192260997,1403.7791743766493,0,5760,1.0,False,design,mpc_horizon=12,mpc_horizon,12.0,11,2020,regen-v2,637c6b535a9e,unknown,greenhouse-regen:v1,,,
5760,1.8072207594246108,14.190020645834451,12.38279988640984,4.789235717439823,5.7457834638963305,1.8477807050736872,576469.5887370246,53.21373019377581,6.159269016912291,19.152611546321104,69.39236111111111,1763,1555.028688430786,50.06944444444444,2876,3971956.693847656,55.57291666666667,2559,5410.170520782471,7198,1637.345543385365,212.38858675299707,4256.135897225912,1309.3221847024697,0,5760,1.0,False,design,mpc_horizon=20,mpc_horizon,20.0,11,2020,regen-v2,637c6b535a9e,unknown,greenhouse-regen:v1,,,
5760,-2.232931169511847,12.634325775289607,14.867256944801454,5.195526579204467,5.609717103006586,4.062013262590401,513269.4846211403,57.72807310227186,13.540044208634672,18.69905701002196,70.08680555555556,1723,3311.7646379470825,45.34722222222222,3148,8569750.91418457,53.54166666666666,2676,7097.384647369385,7547,1776.248403895136,466.8980758415329,4155.346002667083,1207.1491308871157,0,5760,1.0,False,design,mpc_horizon=30,mpc_horizon,30.0,11,2020,regen-v2,637c6b535a9e,unknown,greenhouse-regen:v1,,,
5760,2.5631299102234983,15.126078794346135,12.56294888412264,4.799607778683807,5.8073223638546185,1.9560187415842132,614496.9510203118,53.32897531870897,6.520062471947378,19.35774121284873,70.74652777777779,1685,1461.2123413085938,49.70486111111111,2897,4088177.3580322266,54.80902777777777,2603,5517.709232330322,7185,1640.8915479658135,224.829740563304,4301.720268252021,1308.850506154116,0,5760,1.0,False,design,stlsq_threshold=0.01,stlsq_threshold,0.01,11,2020,regen-v2,637c6b535a9e,unknown,greenhouse-regen:v1,43.0,0.0359082871084722,
5760,-0.768682448957189,11.924801575645766,12.693484024602956,4.511469677042827,2.3577806814070628,5.8242336661530665,484445.0640106093,50.12744085603141,19.414112220510223,7.8592689380235425,46.90972222222222,3058,5063.780193328857,100.0,0,0.0,67.25694444444444,1886,3990.772258758545,4944,1542.3827955355046,669.4521456845114,1746.504209173277,1395.0794956607756,0,5760,1.0,False,design,stlsq_threshold=0.05,stlsq_threshold,0.05,11,2020,regen-v2,637c6b535a9e,unknown,greenhouse-regen:v1,27.0,0.0,
5760,2.654818543523635,5.625285135641812,2.9704665921181777,0.1550362330444157,2.0548530047178604,0.7605773543559015,228527.20863544865,1.7226248116046192,2.535257847853005,6.849510015726201,32.395833333333336,3894,18412.323304653168,95.05208333333334,285,178114.76635742188,25.59027777777777,4286,32023.75791168213,8465,53.00384031491558,87.4226843956065,1522.1133364849784,1403.526365116876,0,5760,1.0,False,design,stlsq_threshold=0.1,stlsq_threshold,0.1,11,2020,regen-v2,637c6b535a9e,unknown,greenhouse-regen:v1,20.0,0.0,
5760,4.38934260163881,5.909665890982904,1.520323289344093,0.2211184932732023,0.3037819807388879,0.9954228153320028,240080.17682118044,2.4568721474800257,3.318076051106676,1.0126066024629596,33.35069444444444,3839,17509.80647945404,91.33680555555556,499,718121.8084716797,25.34722222222222,4300,31489.496021270752,8638,75.59606600005411,114.41641548286668,225.02368933474108,1287.1939274658098,0,5760,1.0,False,design,stlsq_threshold=0.2,stlsq_threshold,0.2,11,2020,regen-v2,637c6b535a9e,unknown,greenhouse-regen:v1,13.0,0.0,
5760,-1.5716353804096572,16.803491105399495,18.375126485809147,5.184243493389495,5.383223938285605,7.807659054134049,682641.8261568544,57.6027054821055,26.025530180446832,17.94407979428535,97.96875,117,88.78757095336914,44.27083333333333,3210,12556798.001953123,44.13194444444444,3218,10619.177352905272,6545,1772.3909379531726,897.4320752928932,3987.5732865759846,818.1294845574414,0,5760,1.0,False,design,coef_perturb=0.1,coef_perturb,0.1,11,2020,regen-v2,637c6b535a9e,unknown,greenhouse-regen:v1,,,1.0
5760,-13.425351547057785,9.899448199862116,23.324799746919897,6.79897025253182,3.317766124466199,13.208063369921875,402165.0831193985,75.54411391702023,44.0268778997396,11.05922041488733,93.76736111111111,359,721.1840410232544,21.99652777777778,4493,6711089.668991089,75.74652777777777,1397,3094.712203979492,6249,2324.434274321504,1518.1682034443916,2457.604536201739,914.1816434177802,0,5760,1.0,False,design,coef_perturb=0.2,coef_perturb,0.2,11,2020,regen-v2,637c6b535a9e,unknown,greenhouse-regen:v1,,,1.0
5760,-41.63172211700342,1.7953347049197674,43.4270568219232,11.41534978992999,3.3381421493489283,28.673564882644275,72935.47238736553,126.837219888111,95.57854960881426,11.127140497829762,45.295138888888886,3151,26042.975827217106,45.06944444444444,3164,44742146.80383301,87.43055555555556,724,3701.306699752808,7039,3902.683689149844,3295.812055277014,2472.697888195544,692.7762708084094,0,5760,1.0,False,design,coef_perturb=0.3,coef_perturb,0.3,11,2020,regen-v2,637c6b535a9e,unknown,greenhouse-regen:v1,,,1.0
5760,4.538238988151175,12.7035855248226,8.165346536671425,4.926194979483695,3.175086818222965,0.0640647389647655,516083.1619459181,54.73549977204105,0.2135491298825519,10.583622727409884,62.93402777777778,2135,2190.002841949463,96.59722222222224,196,89526.94348144531,63.50694444444444,2102,4494.402835845947,4433,1684.1692236526042,7.363763076992053,2351.916161536981,1423.9082616244482,0,5760,1.0,False,design,mpc_horizon=8,mpc_horizon,8.0,12,2020,regen-v2,637c6b535a9e,unknown,greenhouse-regen:v1,,,
5760,4.871181189262646,13.457824418986792,8.586643229724146,4.9159783391587135,3.5945167652679326,0.0761481252974994,546724.1170213384,54.62198154620793,0.2538270843249981,11.981722550893108,64.20138888888889,2062,2094.7275524139404,94.80902777777776,299,105016.33666992188,62.96874999999999,2133,4469.057662963867,4494,1680.676355066184,8.752658096495239,2662.605009705027,1427.2722454961995,0,5760,1.0,False,design,mpc_horizon=12,mpc_horizon,12.0,12,2020,regen-v2,637c6b535a9e,unknown,greenhouse-regen:v1,,,
5760,4.815436000549509,14.533818531215264,9.718382530665757,4.968967633441352,4.5538573148770976,0.1955575823473066,590436.3778306202,55.210751482681694,0.6518586078243553,15.17952438292366,67.86458333333333,1851,1762.932059288025,78.88888888888889,1216,762439.8223876953,60.65972222222222,2266,4514.304470062256,5333,1698.7923528816086,22.477883021243265,3373.227640978181,1434.0371168526426,0,5760,1.0,False,design,mpc_horizon=20,mpc_horizon,20.0,12,2020,regen-v2,637c6b535a9e,unknown,greenhouse-regen:v1,,,
5760,3.506526145698488,14.647270726506756,11.140744580808269,5.003838943288604,5.576764956235511,0.5601406812841538,595045.373264337,55.59821048098448,1.867135604280513,18.58921652078504,72.41319444444444,1589,1257.610745429993,59.53125,2331,3040787.753540039,55.833333333333336,2544,5356.106346130371,6464,1710.7141692764326,64.38398637024966,4130.937005304459,1348.5566702474584,0,5760,1.0,False,design,mpc_horizon=30,mpc_horizon,30.0,12,2020,regen-v2,637c6b535a9e,unknown,greenhouse-regen:v1,,,
3689,-0.1394792722960303,6.514824150535864,6.654303422831895,3.5552934465118176,2.733854854414857,0.3651551219052196,264664.7311155195,39.50326051679797,1.2171837396840657,9.11284951471619,67.74193548387096,1190,1087.1054258346558,70.58823529411765,1085,803960.8250732422,62.42884250474384,1386,2263.269172668457,3661,1215.4849393729846,41.971853105020905,2025.0776697627796,829.5151912223474,0,5760,0.6405,True,design,stlsq_threshold=0.01,stlsq_threshold,0.01,12,2020,regen-v2,637c6b535a9e,unknown,greenhouse-regen:v1,42.0,0.0399720639143806,
5760,-1.6262713475921464,11.99675671567959,13.623028063271736,4.624887537793992,2.494384815823158,6.503755709654586,487368.24157448334,51.38763930882213,21.67918569884862,8.31461605274386,49.14930555555556,2929,4385.39245891571,100.0,0,0.0,64.42708333333333,2049,4295.778839111328,4978,1581.158132141582,747.5581275355833,1847.6924564036435,1475.5623548288352,0,5760,1.0,False,design,stlsq_threshold=0.05,stlsq_threshold,0.05,12,2020,regen-v2,637c6b535a9e,unknown,greenhouse-regen:v1,27.0,0.0,
5760,2.6023672465848846,5.687238648794825,3.0848714022099406,0.1566868934249505,2.1595247907960218,0.7686597179889678,231044.07010728976,1.7409654824994505,2.562199059963226,7.198415969320073,32.482638888888886,3889,18355.431066036224,95.39930555555556,265,151426.9090576172,24.96527777777778,4322,32304.40747833252,8476,53.56816877692998,88.35169184873511,1599.647992499764,1411.9536396142717,0,5760,1.0,False,design,stlsq_threshold=0.1,stlsq_threshold,0.1,12,2020,regen-v2,637c6b535a9e,unknown,greenhouse-regen:v1,19.0,0.0,
5760,-1.5567363345144338,4.8391411563407445,6.395877490855179,1.1648554397396744,1.024809222075886,4.206212829039618,196590.10947634277,12.942838219329715,14.020709430132062,3.4160307402529533,31.493055555555557,3946,20619.40465784073,74.25347222222223,1483,2919102.154296875,25.34722222222222,4300,27459.23917388916,9729,398.2411756315031,483.4727387145747,759.117942373465,548.7543980297314,0,5760,1.0,False,design,stlsq_threshold=0.2,stlsq_threshold,0.2,12,2020,regen-v2,637c6b535a9e,unknown,greenhouse-regen:v1,11.0,0.0,
5760,7.162581844628952,15.915564292989618,8.752982448360665,4.179904532884848,3.326364059547517,1.2467138559282989,646569.7994027032,46.44338369872053,4.15571285309433,11.087880198491725,56.64930555555555,2497,3711.4736862182617,81.99652777777777,1037,1552361.5483398438,55.43402777777777,2567,6820.498226165772,6101,1429.02719218315,143.3004429921155,2463.9733779149,1444.6316369288932,0,5760,1.0,False,design,coef_perturb=0.1,coef_perturb,0.1,12,2020,regen-v2,637c6b535a9e,unknown,greenhouse-regen:v1,,,1.0
5760,-1.4151400703327188,8.631313773060748,10.046453843393468,4.408947074610766,5.539970522786075,0.0975362459966264,350647.12203059293,48.98830082900852,0.3251208199887549,18.46656840928692,60.3125,2286,3405.027351856232,60.85069444444444,2255,975571.1895751952,60.32986111111112,2285,5640.571823120117,6826,1507.3323334189215,11.211062743528387,4103.681867683363,1374.1109578839898,0,5760,1.0,False,design,coef_perturb=0.2,coef_perturb,0.2,12,2020,regen-v2,637c6b535a9e,unknown,greenhouse-regen:v1,,,1.0
5760,-1.866279897196643,4.792033337098822,6.6583132342954645,5.102978085183442,1.1121792001747506,0.4431559489372729,194676.3543196396,56.69975650203825,1.4771864964575765,3.707264000582502,90.74652777777776,533,874.0160512924194,99.13194444444444,50,401255.7178955078,73.40277777777777,1532,7177.653768539429,2115,1744.6078922011002,50.937465394014126,823.8364451047722,633.3188300393017,0,5760,1.0,False,design,coef_perturb=0.3,coef_perturb,0.3,12,2020,regen-v2,637c6b535a9e,unknown,greenhouse-regen:v1,,,1.0
5760,6.330883343734088,13.893170790745444,7.562287447011357,4.620453553361706,2.8619546831740865,0.0798792104755632,564410.0633740337,51.33837281513007,0.2662640349185443,9.539848943913622,58.958333333333336,2364,2711.162693977356,98.26388888888889,100,55967.79443359375,62.25694444444444,2174,5079.422882080078,4638,1579.6422399791777,9.181518442363082,2119.966431493073,1447.3560747690326,0,5760,1.0,False,design,mpc_horizon=8,mpc_horizon,8.0,13,2020,regen-v2,637c6b535a9e,unknown,greenhouse-regen:v1,,,
5760,5.478279538444526,13.624202903742088,8.145923365297561,4.609708128889023,3.2290641180417445,0.3071511183667925,553483.2429645223,51.21897920987804,1.023837061222642,10.76354706013915,60.60763888888889,2269,2525.364356994629,94.47916666666669,318,303969.68994140625,59.49652777777777,2333,5347.933261871338,4920,1575.9685904674554,35.30472639158817,2391.89934695565,1442.0767418176702,0,5760,1.0,False,design,mpc_horizon=12,mpc_horizon,12.0,13,2020,regen-v2,637c6b535a9e,unknown,greenhouse-regen:v1,,,
5760,3.608312793716382,13.998601789726855,10.390288996010474,4.62059879572964,4.478087691677636,1.291602508603198,568693.1977076535,51.33998661921822,4.305341695343993,14.926958972258788,65.92013888888889,1963,1730.6069021224976,66.80555555555556,1912,2531438.4252929688,50.65972222222223,2842,5973.129676818848,6717,1579.6918953870745,148.46005891562373,3317.101993274888,1397.938877286159,0,5760,1.0,False,design,mpc_horizon=20,mpc_horizon,20.0,13,2020,regen-v2,637c6b535a9e,unknown,greenhouse-regen:v1,,,
5760,3.057879881087721,14.173851472623085,11.115971591535365,4.616249215844688,4.97821335740708,1.5215090182835973,575812.7160753128,51.29165795382986,5.071696727611991,16.59404452469027,66.77083333333333,1914,1668.562087059021,60.138888888888886,2296,3224861.327148437,50.05208333333333,2877,6153.519386291504,7087,1578.2048590133095,174.8860938981475,3687.565449865032,1385.5387596772202,0,5760,1.0,False,design,mpc_horizon=30,mpc_horizon,30.0,13,2020,regen-v2,637c6b535a9e,unknown,greenhouse-regen:v1,,,
5760,4.049081501063636,13.83493356357796,9.785852062514325,4.532813571413646,3.983485896490244,1.2695525946104342,562044.1760203546,50.3645952379294,4.231841982034781,13.278286321634146,66.33680555555556,1939,1777.775197982788,71.11111111111111,1664,2175195.5677490234,46.75347222222222,3067,7310.812294006348,6670,1549.6798528996196,145.92558563886607,2950.730294133759,1423.9512227188611,0,5760,1.0,False,design,stlsq_threshold=0.01,stlsq_threshold,0.01,13,2020,regen-v2,637c6b535a9e,unknown,greenhouse-regen:v1,46.0,0.058609289881331,
5760,1.8293402744456129,14.763502758445997,12.934162484000383,4.692133559093589,2.336027916609956,5.90600100829684,599767.2995618687,52.134817323262105,19.68667002765613,7.786759722033187,52.91666666666666,2712,3240.689552307129,100.0,0,0.0,64.51388888888889,2044,4351.525699615479,4756,1604.1482251166394,678.850690530466,1730.3910490705534,1436.8642679142702,0,5760,1.0,False,design,stlsq_threshold=0.05,stlsq_threshold,0.05,13,2020,regen-v2,637c6b535a9e,unknown,greenhouse-regen:v1,28.0,0.0766655139059586,
5760,2.5294580864911893,5.608938351170704,3.079480264679515,0.1760779511667788,2.0570309035237737,0.8463714099889621,227863.12051630983,1.9564216796308755,2.8212380332965403,6.856769678412579,32.083333333333336,3912,18384.09696245193,94.47916666666669,318,209891.60485839844,25.92013888888889,4267,31941.45039749145,8497,60.197590052726525,97.28407019821542,1523.726593209084,1351.7527236516053,0,5760,1.0,False,design,stlsq_threshold=0.1,stlsq_threshold,0.1,13,2020,regen-v2,637c6b535a9e,unknown,greenhouse-regen:v1,20.0,0.0,
5760,4.256623735043874,5.771086468326521,1.5144627332826468,0.217864488685783,0.3050993009843256,0.9914989436125382,234450.3877757649,2.4207165409531446,3.304996478708461,1.016997669947752,33.07291666666667,3855,17720.09557914734,91.23263888888889,505,732213.9479980469,25.60763888888889,4285,31165.65885925293,8645,74.48358585866694,113.9653958975086,225.99948240298735,1261.0246825285303,0,5760,1.0,False,design,stlsq_threshold=0.2,stlsq_threshold,0.2,13,2020,regen-v2,637c6b535a9e,unknown,greenhouse-regen:v1,13.0,0.0,
5760,-8.346198043809952,12.704145184758776,21.050343228568728,8.11500195466271,6.754141077197757,6.181200196708259,516105.89813082526,90.1666883851412,20.6040006556942,22.51380359065919,94.47916666666669,318,980.8463869094847,37.98611111111111,3572,1702362.334350586,84.80902777777779,875,2250.507007598877,4765,2774.359640380924,710.4827811950804,5003.067463829976,1863.9241048928436,0,5760,1.0,False,design,coef_perturb=0.1,coef_perturb,0.1,13,2020,regen-v2,637c6b535a9e,unknown,greenhouse-regen:v1,,,1.0
5760,5.191868447544479,15.404662590170544,10.212794142626066,6.195192216659137,2.829377022331184,1.1882249036357455,625814.4177256784,68.83546907399042,3.9607496787858185,9.431256741103947,96.5277777777778,200,146.9827756881714,98.15972222222224,106,45188.84297180176,70.97222222222223,1672,4800.032485961914,1978,2118.014433523544,136.57757517878386,2095.8348313387214,1260.2872184202326,0,5760,1.0,False,design,coef_perturb=0.2,coef_perturb,0.2,13,2020,regen-v2,637c6b535a9e,unknown,greenhouse-regen:v1,,,1.0
5760,-13.773660357677722,6.85033062781155,20.623990985489275,5.401446739115784,2.6191208482346484,12.60342339813884,278294.68175484426,60.01607487906426,42.01141132712947,8.73040282744883,47.239583333333336,3039,10420.078142166138,84.46180555555556,895,137453.9716796875,55.78125000000001,2547,9836.967247009276,6481,1846.6484583036456,1448.6693561125628,1940.0895175011424,881.3176535623206,0,5760,1.0,False,design,coef_perturb=0.3,coef_perturb,0.3,13,2020,regen-v2,637c6b535a9e,unknown,greenhouse-regen:v1,,,1.0
5760,6.113513591075481,14.259758448917466,8.146244857841987,4.742225063562558,3.3596747295222213,0.0443450647572066,579302.6869872721,52.69138959513954,0.147816882524022,11.198915765074071,57.552083333333336,2445,3100.199091911316,100.0,0,0.0,68.09027777777777,1838,4100.755916595459,4283,1621.2735262758015,5.097133891406864,2488.647948505946,1510.612719725725,0,5760,1.0,False,design,mpc_horizon=8,mpc_horizon,8.0,14,2020,regen-v2,637c6b535a9e,unknown,greenhouse-regen:v1,,,
5760,4.986582824987492,13.911550351107271,8.92496752611978,4.69408711529025,4.167073681536854,0.0638067292926758,565156.7330137329,52.156523503225,0.2126890976422527,13.890245605122846,57.15277777777777,2468,2992.6951665878296,87.23958333333334,735,175739.6708984375,67.04861111111111,1898,4228.673439025879,5101,1604.816108902082,7.334106839322198,3086.7212472439346,1487.4492930579686,0,5760,1.0,False,design,mpc_horizon=12,mpc_horizon,12.0,14,2020,regen-v2,637c6b535a9e,unknown,greenhouse-regen:v1,,,
5760,3.1341895942399245,14.095556986726454,10.96136739248653,4.766258076969297,5.542777562877957,0.6523317526392751,572632.0025857622,52.95842307743664,2.1744391754642507,18.47592520959319,61.80555555555556,2200,2068.195960998535,56.97916666666667,2478,2523545.009887696,60.24305555555556,2290,4381.536136627197,6968,1629.489940034357,74.98066113495197,4105.761157592609,1422.7489124690787,0,5760,1.0,False,design,mpc_horizon=20,mpc_horizon,20.0,14,2020,regen-v2,637c6b535a9e,unknown,greenhouse-regen:v1,,,
5760,2.9643079322724573,14.379162426157702,11.414854493885244,4.894003578719604,5.730165179268946,0.7906857358966961,584153.4735626567,54.37781754132894,2.635619119655654,19.100550597563156,63.71527777777778,2090,1943.1261472702024,54.01041666666667,2649,3101231.751220703,59.67013888888889,2323,4761.986930847168,7062,1673.1636173008656,90.88341802445277,4244.56679934866,1389.3266411320035,0,5760,1.0,False,design,mpc_horizon=30,mpc_horizon,30.0,14,2020,regen-v2,637c6b535a9e,unknown,greenhouse-regen:v1,,,
5760,3.816676734929128,13.423202322090455,9.606525587161329,4.580594370336224,4.471122267018366,0.5548089498067397,545317.5943349248,50.895493003735815,1.8493631660224656,14.90374089006122,63.17708333333333,2121,2124.320026397705,66.875,1908,1858620.6221923828,52.58680555555556,2731,6495.76602935791,6760,1566.0151696519556,63.77114363985022,3311.942420557629,1480.048697007143,0,5760,1.0,False,design,stlsq_threshold=0.01,stlsq_threshold,0.01,14,2020,regen-v2,637c6b535a9e,unknown,greenhouse-regen:v1,41.0,0.0375453951454679,
5760,-0.5658827448728531,12.739156686177251,13.305039431050108,4.449588740604639,2.4023162209610955,6.453134469484372,517528.2403759509,49.43987489560711,21.51044823161457,8.007720736536985,46.57986111111111,3077,5104.70604801178,100.0,0,0.0,64.84375,2025,4435.882907867432,5102,1521.2269196103878,741.7395941830312,1779.493496862966,1524.5505601074856,0,5760,1.0,False,design,stlsq_threshold=0.05,stlsq_threshold,0.05,14,2020,regen-v2,637c6b535a9e,unknown,greenhouse-regen:v1,27.0,0.0,
5760,2.2412657922801342,5.39802900249159,3.156763210211457,0.1330871769086457,2.328186483006221,0.6954895502965897,219294.9282262209,1.478746410096064,2.3182985009886323,7.760621610020737,31.944444444444443,3920,18851.931374549866,96.5277777777778,200,89915.78442382812,26.336805555555557,4243,31469.430946350098,8363,45.499889513864986,79.9413274486083,1724.5825810713452,1414.9587483407836,0,5760,1.0,False,design,stlsq_threshold=0.1,stlsq_threshold,0.1,14,2020,regen-v2,637c6b535a9e,unknown,greenhouse-regen:v1,14.0,0.0,
5760,4.340838410845368,5.75199478916778,1.4111563783224124,0.2020271151952911,0.2857162136237055,0.923413049503416,233674.78830994107,2.244745724392124,3.07804349834472,0.9523873787456848,32.89930555555556,3865,17882.13108253479,91.64930555555556,481,674942.5833740234,26.12847222222222,4255,30967.19805908203,8601,69.06909922559986,106.13943103813251,211.64163949191456,1316.8824447426105,0,5760,1.0,False,design,stlsq_threshold=0.2,stlsq_threshold,0.2,14,2020,regen-v2,637c6b535a9e,unknown,greenhouse-regen:v1,13.0,0.0,
5760,-4.143185335056632,13.555364258834262,17.698549593890895,5.794819691039363,5.982116163480196,5.921613739371335,550686.6730151419,64.38688545599292,19.738712464571115,19.94038721160065,94.375,324,460.3308305740357,33.697916666666664,3819,11091014.869384766,72.39583333333334,1590,3216.236831665039,5733,1981.134936466364,680.6452572297034,4431.197158083432,977.8960608049338,0,5760,1.0,False,design,coef_perturb=0.1,coef_perturb,0.1,14,2020,regen-v2,637c6b535a9e,unknown,greenhouse-regen:v1,,,1.0
5760,7.606179270629875,13.702922959472572,6.096743688842697,3.99566950334739,1.959287982281979,0.1417862032133273,556681.2452285732,44.396327814971,0.4726206773777577,6.530959940939931,47.44791666666666,3027,5091.888054847717,100.0,0,0.0,54.80902777777777,2603,7250.470581054687,5630,1366.0408558455958,16.29726482673488,1451.3244307561135,1457.4447254540155,0,5760,1.0,False,design,coef_perturb=0.2,coef_perturb,0.2,14,2020,regen-v2,637c6b535a9e,unknown,greenhouse-regen:v1,,,1.0
5760,3.072051972464373,14.809460320395756,11.737408347931382,6.32303008135624,3.4998194141424306,1.914558852432712,601634.3255160776,70.25588979284711,6.3818628414423735,11.666064713808105,95.92013888888889,235,273.5371036529541,99.98263888888889,1,0.110107421875,80.57291666666667,1119,2264.074314117432,1355,2161.7196871810866,220.0642358448498,2592.458825638942,1105.3445195332322,0,5760,1.0,False,design,coef_perturb=0.3,coef_perturb,0.3,14,2020,regen-v2,637c6b535a9e,unknown,greenhouse-regen:v1,,,1.0
5760,6.005813491310716,17.229431390477394,11.223617899166676,4.759514361374829,5.172044897955418,1.2920586398364295,699945.6502381441,52.88349290416477,4.3068621327880985,17.240149659851394,70.01736111111111,1727,1307.6996722221377,57.013888888888886,2476,2411328.889038086,53.28125,2691,5696.110347747803,6894,1627.1843972912066,148.5124873387461,3831.144368850226,1207.1273941992936,0,5760,1.0,False,design,mpc_horizon=8,mpc_horizon,8.0,15,2020,regen-v2,637c6b535a9e,unknown,greenhouse-regen:v1,,,
5760,5.463106842967808,17.388889733883428,11.92578289091562,4.730759145173483,5.481756312467576,1.713267433274562,706423.6454390143,52.56399050192759,5.71089144424854,18.272521041558587,73.29861111111111,1538,1196.425615787506,52.74305555555555,2722,2992211.9173583984,51.18055555555555,2812,6278.515808105469,7072,1617.3535528842735,196.9272912052311,4060.560230554244,1171.7937015135842,0,5760,1.0,False,design,mpc_horizon=12,mpc_horizon,12.0,15,2020,regen-v2,637c6b535a9e,unknown,greenhouse-regen:v1,,,
5760,-2.7047293963437844,13.308396029909709,16.013125426253488,5.381682289720031,5.287799306278663,5.3436438302547975,540653.5887150818,59.79646988577812,17.812146100849326,17.625997687595543,73.59375,1521,4621.801076889038,46.16319444444444,3101,8235053.060302734,49.114583333333336,2931,7966.261245727539,7553,1839.891381970516,614.2119347378709,3916.8883755544034,1043.6481613619244,0,5760,1.0,False,design,mpc_horizon=20,mpc_horizon,20.0,15,2020,regen-v2,637c6b535a9e,unknown,greenhouse-regen:v1,,,
5760,-10.4164142640794,10.177044778806245,20.59345904288564,6.1571313899064215,4.84310745222766,9.593220200751562,413442.4441390037,68.41257099896025,31.977400669171875,16.143691507425533,71.04166666666667,1668,8597.762332439423,39.65277777777778,3476,13788049.294067385,48.52430555555556,2965,8938.550636291504,8109,2105.002184065485,1102.6689885704243,3587.4870016847926,881.6371989464482,0,5760,1.0,False,design,mpc_horizon=30,mpc_horizon,30.0,15,2020,regen-v2,637c6b535a9e,unknown,greenhouse-regen:v1,,,
5760,-6.32552401500084,10.011058610985325,16.33658262598616,5.552151786622765,5.363352833592915,5.421078005770483,406699.2560712788,61.69057540691962,18.070260019234944,17.87784277864305,71.28472222222221,1654,5759.208281993866,44.75694444444444,3182,8532003.671142578,49.47916666666667,2910,7756.227352142334,7746,1898.1715502770207,623.1124143545044,3972.8539511039385,1013.8882952849608,0,5760,1.0,False,design,stlsq_threshold=0.01,stlsq_threshold,0.01,15,2020,regen-v2,637c6b535a9e,unknown,greenhouse-regen:v1,42.0,0.033887619238895,
5760,-1.306154176682897,11.135904297734488,12.442058474417388,4.196229893897101,4.369295007596729,3.876533572923555,452396.1120954636,46.62477659885668,12.921778576411851,14.564316691989095,50.01736111111112,2879,4925.748811721802,68.81944444444444,1796,1528603.6589355469,50.69444444444444,2840,5719.921699523926,7515,1434.608510992446,445.57857179774334,3236.514820277752,1499.911711112064,0,5760,1.0,False,design,stlsq_threshold=0.05,stlsq_threshold,0.05,15,2020,regen-v2,637c6b535a9e,unknown,greenhouse-regen:v1,29.0,0.0,
5760,1.5715663523787518,4.638240856268675,3.0666745038899235,0.1548569298955611,2.174932552115956,0.7368850218784063,188428.53478591493,1.7206325543951244,2.4562834062613543,7.249775173719852,29.635416666666664,4053,20711.522325515747,94.25347222222224,331,259967.10034179688,33.66319444444444,3821,24623.617294311523,8205,52.94254007563522,84.69942786505682,1611.0611489802614,1538.6812471110206,0,5760,1.0,False,design,stlsq_threshold=0.1,stlsq_threshold,0.1,15,2020,regen-v2,637c6b535a9e,unknown,greenhouse-regen:v1,24.0,0.0,
5760,4.435064232236029,5.927897603377397,1.4928333711413684,0.2162569369961042,0.2995746992462798,0.9770017348989846,240820.8401372068,2.402854855512269,3.256672449663282,0.9985823308209326,33.645833333333336,3822,17574.9280128479,91.38888888888889,496,707089.5140991211,26.024305555555557,4261,31616.26769638061,8579,73.93399569468465,112.29905009201178,221.90718466752895,1336.9053564587518,0,5760,1.0,False,design,stlsq_threshold=0.2,stlsq_threshold,0.2,15,2020,regen-v2,637c6b535a9e,unknown,greenhouse-regen:v1,13.0,0.0,
5760,-11.37156692092788,10.290935971028292,21.662502891956176,6.884025649085462,5.410912307953674,9.36756493491704,418069.2738230245,76.48917387872736,31.225216449723472,18.03637435984558,71.40625,1647,7565.842225551605,40.22569444444444,3443,12845544.303955078,68.36805555555556,1822,4814.328662872314,6912,2353.513042237278,1076.7316017432722,4008.0831904646207,1006.1134674872704,0,5760,1.0,False,design,coef_perturb=0.1,coef_perturb,0.1,15,2020,regen-v2,637c6b535a9e,unknown,greenhouse-regen:v1,,,1.0
5217,-33.561156642517346,3.2047214120325638,36.76587805454991,11.507216675826015,4.2314620137446814,21.02719936497921,130191.80736382288,127.85796306473353,70.09066454993071,14.10487337914894,48.016101207590566,2712,24186.907382965088,41.786467318382215,3037,21835167.725708008,84.47383553766532,810,3122.8068771362305,6559,3934.091171342371,2416.919467075996,3134.416306062155,653.110066287497,0,5760,0.9057,True,design,coef_perturb=0.2,coef_perturb,0.2,15,2020,regen-v2,637c6b535a9e,unknown,greenhouse-regen:v1,,,1.0
5760,8.597789717122659,16.93393866330837,8.336148946185713,2.0781151148895565,3.4101562287590537,2.847877602537101,687941.2581969026,23.090167943217292,9.49292534179034,11.367187429196846,45.85069444444444,3119,7969.140637397766,97.56944444444444,140,43295.103271484375,22.135416666666664,4485,21210.57479095459,7744,710.4667054575714,327.342253859011,2526.041651412437,1289.7959577229722,0,5760,1.0,False,design,coef_perturb=0.3,coef_perturb,0.3,15,2020,regen-v2,637c6b535a9e,unknown,greenhouse-regen:v1,,,1.0
5760,5.34888258598593,13.86280546422086,8.513922878234933,4.996556991067185,3.4273135455179,0.0900523416498473,563176.4719839725,55.5172999007465,0.3001744721661578,11.424378485059668,56.388888888888886,2512,3014.7450256347656,99.94791666666669,3,274.62744140625,83.42013888888889,955,2290.954189300537,3470,1708.2246122477711,10.350843804295526,2538.7507736606854,1494.3357529547466,0,5760,1.0,False,design,mpc_horizon=8,mpc_horizon,8.0,16,2020,regen-v2,637c6b535a9e,unknown,greenhouse-regen:v1,,,
5760,4.290257102948141,13.461272332866592,9.171015229918453,4.977789753735984,4.100685854744111,0.0925396214383552,546864.1885227053,55.30877504151094,0.3084654047945175,13.668952849147038,57.06597222222223,2473,2934.573287010193,93.35069444444444,383,71240.79260253906,82.41319444444444,1013,2196.735134124756,3869,1701.8084634129164,10.636738156526768,3037.5450771315946,1501.9479878867355,0,5760,1.0,False,design,mpc_horizon=12,mpc_horizon,12.0,16,2020,regen-v2,637c6b535a9e,unknown,greenhouse-regen:v1,,,
5760,3.1580303701046835,13.121051947411562,9.96302157730688,5.038704543182168,4.844434423973219,0.0798826101514919,533042.7353635947,55.98560603535742,0.2662753671716399,16.1481147465774,57.04861111111112,2474,2935.7209854125977,79.28819444444444,1193,503280.2764892578,81.54513888888889,1063,2069.219223022461,4730,1722.6340325651274,9.181909236163872,3588.4699451433216,1510.8670102600022,0,5760,1.0,False,design,mpc_horizon=20,mpc_horizon,20.0,16,2020,regen-v2,637c6b535a9e,unknown,greenhouse-regen:v1,,,
5760,3.039315495193765,13.212178291622742,10.172862796428976,5.103987100603666,4.982642929297131,0.086232766528179,536744.7430971739,56.71096778448518,0.2874425550939301,16.60880976432377,58.14236111111111,2411,2817.7292671203613,76.38888888888889,1360,625287.9763183594,80.9375,1098,2153.2873039245605,4869,1744.9528548701344,9.911812226800588,3690.846613503176,1492.2508353946955,0,5760,1.0,False,design,mpc_horizon=30,mpc_horizon,30.0,16,2020,regen-v2,637c6b535a9e,unknown,greenhouse-regen:v1,,,
5760,2.245413632730978,11.561963990836094,9.316550358105118,4.697409754079491,4.501371766068695,0.1177688379569313,469704.7871277164,52.193441711994346,0.392562793189771,15.00457255356232,62.18749999999999,2178,2676.050033569336,72.58680555555556,1579,927476.8306884766,63.020833333333336,2130,5584.31466293335,5887,1605.9520525052333,13.53664803941017,3334.3494555238617,1554.9936953576537,0,5760,1.0,False,design,stlsq_threshold=0.01,stlsq_threshold,0.01,16,2020,regen-v2,637c6b535a9e,unknown,greenhouse-regen:v1,40.0,0.0314997075079389,
5760,-1.335374704349861,12.424192424616598,13.75956712896646,4.793802720201694,2.512466439873106,6.453297968891658,504732.8172500493,53.26447466890772,21.51099322963886,8.374888132910353,51.89236111111111,2771,4621.0055112838745,100.0,0,0.0,73.17708333333334,1545,3452.472370147705,4316,1638.906913378361,741.7583872182286,1861.0862522635612,1522.1243340616088,0,5760,1.0,False,design,stlsq_threshold=0.05,stlsq_threshold,0.05,16,2020,regen-v2,637c6b535a9e,unknown,greenhouse-regen:v1,27.0,0.0,
5760,1.7061188360214212,4.94021796078292,3.234099124761498,0.1621467525023035,2.2959639187260663,0.7759884535331278,200696.3546568061,1.8016305833589288,2.5866281784437595,7.653213062420221,30.32986111111111,4013,20307.805728197098,95.03472222222224,286,207018.1475830078,31.71875,3933,25593.48366165161,8232,55.43478715484161,89.19407504878902,1700.7140139011542,1447.1498712373418,0,5760,1.0,False,design,stlsq_threshold=0.1,stlsq_threshold,0.1,16,2020,regen-v2,637c6b535a9e,unknown,greenhouse-regen:v1,23.0,0.0,
5760,4.52681827511864,6.036061015523812,1.5092427404051711,0.2171594650443177,0.3041820897551784,0.987901185605675,245214.97875565488,2.412882944936864,3.2930039520189167,1.0139402991839284,33.611111111111114,3824,17450.614330768585,91.28472222222224,502,722466.7060546875,24.791666666666668,4332,31669.87091064453,8658,74.24255212671191,113.5518604353603,225.32006641327297,1324.3222693693515,0,5760,1.0,False,design,stlsq_threshold=0.2,stlsq_threshold,0.2,16,2020,regen-v2,637c6b535a9e,unknown,greenhouse-regen:v1,13.0,0.0,
5760,7.592625947762059,14.58799280282151,6.995366855059453,4.415927791155023,2.3211834339096264,0.2582556299948035,592637.2076146239,49.065864346166926,0.8608520999826784,7.737278113032088,42.79513888888889,3295,6202.163271903992,100.0,0,0.0,74.63541666666667,1461,3630.527812957764,4756,1509.718902263893,29.68455513192397,1719.3951368809871,1454.4113851228174,0,5760,1.0,False,design,coef_perturb=0.1,coef_perturb,0.1,16,2020,regen-v2,637c6b535a9e,unknown,greenhouse-regen:v1,,,1.0
5760,5.4493612304405366,12.78549765352583,7.336136423085295,3.929483580578136,2.7474418271083554,0.6592110153988018,519410.8421744869,43.6609286730904,2.1973700513293397,9.158139423694518,49.23611111111112,2924,7219.822006225586,100.0,0,0.0,46.99652777777778,3053,6078.790100097656,5977,1343.4131906026462,75.77138122753996,2035.1420944318515,1562.752246447987,0,5760,1.0,False,design,coef_perturb=0.2,coef_perturb,0.2,16,2020,regen-v2,637c6b535a9e,unknown,greenhouse-regen:v1,,,1.0
5760,5.367231870133768,17.017528797892687,11.65029692775892,4.604941242001504,3.0388328087645924,4.006522876992824,691337.1074143904,51.16601380001671,13.355076256642748,10.129442695881975,58.28124999999999,2403,2981.9436206817627,96.33680555555556,211,26806.178924560547,51.07638888888889,2818,10592.767333984377,5432,1574.3388850461488,460.51987073349903,2250.9872652549707,926.1111466811276,0,5760,1.0,False,design,coef_perturb=0.3,coef_perturb,0.3,16,2020,regen-v2,637c6b535a9e,unknown,greenhouse-regen:v1,,,1.0
5760,6.830363568169059,15.559769950892024,8.729406382722967,5.175625421468425,3.4352401455709662,0.1185408156835751,632115.6542549885,57.50694912742694,0.3951360522785838,11.450800485236554,61.73611111111112,2204,2243.6677951812744,99.60069444444444,23,5593.9483642578125,70.43402777777777,1703,3517.3545722961426,3930,1769.444589522092,13.62538108004756,2544.6223312581988,1428.139858865167,0,5760,1.0,False,design,mpc_horizon=8,mpc_horizon,8.0,17,2020,regen-v2,637c6b535a9e,unknown,greenhouse-regen:v1,,,
5760,6.740263590555494,16.177161241482796,9.436897650927303,5.094280914688264,4.233675282169738,0.1089414540693028,657197.1754352386,56.60312127431405,0.3631381802310094,14.112250940565794,61.63194444444444,2210,2135.240257263184,93.68055555555556,364,73810.76123046875,69.40972222222223,1762,3474.272777557373,4336,1741.634499533844,12.522006223237046,3136.055764658174,1417.2576785251376,0,5760,1.0,False,design,mpc_horizon=12,mpc_horizon,12.0,17,2020,regen-v2,637c6b535a9e,unknown,greenhouse-regen:v1,,,
5760,5.333372257553274,16.8804747269641,11.547102469410824,5.119737596276929,5.831385782893479,0.5959790902404163,685769.2857829165,56.88597329196588,1.9865969674680544,19.43795260964493,71.82291666666667,1623,1000.392095565796,56.47569444444444,2507,2542116.9580078125,58.71527777777777,2378,4706.308364868164,6508,1750.3376378109974,68.50334389031396,4319.545024300276,1299.4540095927478,0,5760,1.0,False,design,mpc_horizon=20,mpc_horizon,20.0,17,2020,regen-v2,637c6b535a9e,unknown,greenhouse-regen:v1,,,
5760,3.086224944507287,16.121688407335373,13.035463462828083,5.319367676900898,5.868758553575708,1.8473372323514807,654943.5915479995,59.10408529889887,6.157790774504936,19.562528511919027,75.20833333333333,1428,1821.1053581237795,50.15625,2871,5178819.787353516,55.625,2556,6074.233409881592,6855,1818.5872399078955,212.33761293899084,4347.228557695653,1203.029726795208,0,5760,1.0,False,design,mpc_horizon=30,mpc_horizon,30.0,17,2020,regen-v2,637c6b535a9e,unknown,greenhouse-regen:v1,,,
5760,5.827837377090589,16.799190178101757,10.971352801011168,5.117139500492495,5.522453062640898,0.331760237877775,682467.1009853838,56.85710556102773,1.1058674595925833,18.40817687546966,66.57986111111111,1925,1476.9212465286255,68.78472222222223,1798,1066492.5363769531,64.72222222222223,2032,3834.5090980529785,5755,1749.449402528753,38.13336064947974,4090.705974605477,1363.953033063949,0,5760,1.0,False,design,stlsq_threshold=0.01,stlsq_threshold,0.01,17,2020,regen-v2,637c6b535a9e,unknown,greenhouse-regen:v1,41.0,0.0406841080060744,
5760,8.250207348337966,16.35324795886183,8.103040610523863,4.984365033170944,2.2781236354230145,0.8405519419299049,664350.6983287618,55.381833701899374,2.801839806433017,7.593745451410049,60.69444444444444,2264,2536.1257696151733,100.0,0,0.0,66.33680555555556,1939,3941.537242889404,4203,1704.0564214400042,96.61516567757528,1687.4989891141622,1507.3431027574147,0,5760,1.0,False,design,stlsq_threshold=0.05,stlsq_threshold,0.05,17,2020,regen-v2,637c6b535a9e,unknown,greenhouse-regen:v1,30.0,0.0,
5760,2.5787740210286407,5.537707730666817,2.9589337096381763,0.1524055026252754,2.059026983710082,0.7475012233028189,224969.37655833943,1.6933944736141713,2.4916707443427297,6.863423279033607,32.395833333333336,3894,18579.58889102936,95.13888888888889,280,177601.439453125,25.67708333333333,4281,31980.96472930908,8455,52.10444532816183,85.91968093836644,1525.205173360316,1438.1960945412527,0,5760,1.0,False,design,stlsq_threshold=0.1,stlsq_threshold,0.1,17,2020,regen-v2,637c6b535a9e,unknown,greenhouse-regen:v1,20.0,0.0,
5760,4.309238343216613,5.788784969354614,1.4795466261380008,0.2108239223144017,0.3011896571259603,0.967533046697639,235169.3893800312,2.342488025715575,3.2251101556587964,1.0039655237532012,33.125,3852,17701.869032382965,91.28472222222224,502,730817.0627441406,25.381944444444443,4298,31533.09024810791,8652,72.0765546984519,111.21069513860716,223.10344989037912,1323.4247061270762,0,5760,1.0,False,design,stlsq_threshold=0.2,stlsq_threshold,0.2,17,2020,regen-v2,637c6b535a9e,unknown,greenhouse-regen:v1,13.0,0.0,
3687,0.3043843881979411,7.534676107115554,7.230291718917613,3.8262768134001286,3.199419620987814,0.2045952845296706,306096.21685156936,42.51418681555698,0.6819842817655688,10.66473206995938,69.8671006238134,1111,647.8178677558899,67.7786818551668,1188,743911.6352539062,66.42256577163005,1238,2101.355888366699,3537,1308.12882536723,23.5166993256614,2369.940459398884,773.0095133197949,0,5760,0.6401,True,design,coef_perturb=0.1,coef_perturb,0.1,17,2020,regen-v2,637c6b535a9e,unknown,greenhouse-regen:v1,,,1.0
5695,-30.880799231281376,5.492102702120871,36.37290193340225,9.389498767427025,5.268707882067104,21.71469528390812,223116.6722736604,104.3277640825225,72.38231761302707,17.562359606890347,42.35294117647059,3283,23332.492507457733,32.09833187006146,3867,36247960.759887695,67.14661984196664,1871,5465.217506408691,9021,3210.0850486746085,2495.941986590269,3902.746579220208,676.08685493371,0,5760,0.9887,True,design,coef_perturb=0.2,coef_perturb,0.2,17,2020,regen-v2,637c6b535a9e,unknown,greenhouse-regen:v1,,,1.0
5760,-19.9161777513152,6.216038318142534,26.132216069457733,7.231658201376458,4.306301596522036,14.594256271559235,252526.55667454045,80.35175779307176,48.64752090519746,14.354338655073454,56.49305555555556,2506,13462.123383522034,48.40277777777778,2972,15912992.350585938,68.17708333333333,1833,6277.037483215332,7311,2472.3617776045958,1677.500721078697,3189.8530344503206,1131.8668302357582,0,5760,1.0,False,design,coef_perturb=0.3,coef_perturb,0.3,17,2020,regen-v2,637c6b535a9e,unknown,greenhouse-regen:v1,,,1.0
5760,6.7840328642884735,15.961989966727414,9.177957102438942,5.088012431467488,3.9340374402966543,0.155907230674799,648455.8423983012,56.53347146074987,0.519690768915997,13.11345813432218,59.23611111111112,2348,2269.929427146912,95.76388888888889,244,46235.3154296875,70.9375,1674,3703.583583831787,4266,1739.4914289486114,17.920371309649095,2914.1018072353736,1417.1703224091582,0,5760,1.0,False,design,mpc_horizon=8,mpc_horizon,8.0,18,2020,regen-v2,637c6b535a9e,unknown,greenhouse-regen:v1,,,
5760,4.675879816163323,16.25457634982232,11.578696533659,4.950960158679511,5.542757867823033,1.0849785071564542,660342.1642115318,55.010668429772345,3.616595023854847,18.47585955941011,68.66319444444444,1805,1294.9304370880127,52.552083333333336,2733,2908343.501586914,56.09375,2529,5286.445667266846,7067,1692.6359516079408,124.71017308689837,4105.746568715729,1273.8679491590055,0,5760,1.0,False,design,mpc_horizon=12,mpc_horizon,12.0,18,2020,regen-v2,637c6b535a9e,unknown,greenhouse-regen:v1,,,
5760,4.332813039878684,16.585244094331525,12.252431054452842,5.045532252869689,5.987630344562982,1.2192684570201704,673775.5413322182,56.06146947632988,4.064228190067235,19.958767815209946,70.72916666666667,1686,1218.9550714492798,52.56944444444444,2732,3176311.9313964844,54.40972222222222,2626,5411.293483734131,7044,1724.9682906908338,140.14579966192736,4435.281736486957,1314.132303371264,0,5760,1.0,False,design,mpc_horizon=20,mpc_horizon,20.0,18,2020,regen-v2,637c6b535a9e,unknown,greenhouse-regen:v1,,,
5760,1.445752320321564,15.426203682376777,13.980451362055213,5.347894718878219,5.9124321058828,2.720124537294193,626689.5245965566,59.421052431980215,9.067081790980644,19.708107019609336,72.13541666666666,1605,2556.396159172058,49.51388888888889,2908,6447899.517944336,52.37847222222223,2743,6456.195835113525,7256,1828.3400761496885,312.6579928385121,4379.579336671217,1261.6416057010956,0,5760,1.0,False,design,mpc_horizon=30,mpc_horizon,30.0,18,2020,regen-v2,637c6b535a9e,unknown,greenhouse-regen:v1,,,
5760,5.63215316609352,17.18678912369725,11.55463595760373,4.918455000980379,5.864987704924534,0.7711932516988168,698213.3081502008,54.64950001089311,2.5706441723293896,19.54995901641512,72.65625,1575,1028.2374210357666,57.170138888888886,2467,2492046.133666992,55.39930555555556,2569,5150.713310241699,6611,1681.523077213872,88.64290266810346,4344.435337433529,1317.5280732153649,0,5760,1.0,False,design,stlsq_threshold=0.01,stlsq_threshold,0.01,18,2020,regen-v2,637c6b535a9e,unknown,greenhouse-regen:v1,41.0,0.032825149132934,
5760,1.0474169238123208,11.610022571939153,10.56260564812683,4.162709231704443,4.562525965804426,1.8373704506179631,471657.1669850281,46.25232479671603,6.124568168726544,15.208419886014752,48.888888888888886,2944,4301.173083305359,66.00694444444444,1958,2784226.310180664,50.15625,2871,6978.310272216797,7773,1423.1484546326426,211.1920056340197,3379.6488637104485,1394.3499769196933,0,5760,1.0,False,design,stlsq_threshold=0.05,stlsq_threshold,0.05,18,2020,regen-v2,637c6b535a9e,unknown,greenhouse-regen:v1,27.0,0.0,
5760,2.723343229026896,5.642774293701098,2.9194310646742023,0.1404075266196392,2.079350354609676,0.6996731834448874,229237.70568160716,1.5600836291071027,2.3322439448162915,6.931167848698919,31.92708333333333,3921,18648.62310242653,95.5034722222222,259,154396.3184814453,25.95486111111111,4265,31316.71357345581,8445,48.002573177472,80.4222050150316,1540.2595212339984,1419.01454655399,0,5760,1.0,False,design,stlsq_threshold=0.1,stlsq_threshold,0.1,18,2020,regen-v2,637c6b535a9e,unknown,greenhouse-regen:v1,19.0,0.0,
5760,4.497183772904817,5.833331271317437,1.3361474984126185,0.1902483110118191,0.272179774327811,0.8737194130729884,236979.08289727088,2.1138701223535463,2.912398043576628,0.9072659144260368,33.177083333333336,3849,17934.04978609085,91.97916666666669,462,638329.8310852051,26.09375,4257,30779.180877685547,8568,65.04215752080158,100.4275187346837,201.6146476809956,1319.495503486407,0,5760,1.0,False,design,stlsq_threshold=0.2,stlsq_threshold,0.2,18,2020,regen-v2,637c6b535a9e,unknown,greenhouse-regen:v1,13.0,0.0,
5760,8.395656548898163,16.965478670038735,8.569822121140572,5.09806656617962,2.6063918066208998,0.8653637483400525,689222.5709703236,56.645184068662445,2.884545827800175,8.687972688736332,48.73263888888889,2953,3908.426447868347,99.07986111111111,53,18613.93032836914,59.06249999999999,2358,5819.056781768799,5364,1742.9287408867965,99.46709737326717,1930.6605976281933,792.1359481643128,0,5760,1.0,False,design,coef_perturb=0.1,coef_perturb,0.1,18,2020,regen-v2,637c6b535a9e,unknown,greenhouse-regen:v1,,,1.0
5760,7.439400144151415,17.98269870345523,10.543298559303818,4.871540449899537,5.258347250234263,0.4134108591700176,730547.1348278688,54.128227221105966,1.378036197233392,17.527824167447545,53.05555555555556,2704,2727.585345268249,78.87152777777777,1217,614148.0032958984,68.24652777777777,1829,3928.817176818848,5750,1665.4839147233242,47.51848958160055,3895.072037828359,1098.1658768995758,0,5760,1.0,False,design,coef_perturb=0.2,coef_perturb,0.2,18,2020,regen-v2,637c6b535a9e,unknown,greenhouse-regen:v1,,,1.0
5760,-32.70508330140214,1.8545231587538504,34.55960646015599,6.437882009313347,3.656699214444133,24.46502523639851,75340.00332437518,71.53202232570385,81.55008412132837,12.188997381480442,57.25694444444444,2462,10097.663292884828,55.48611111111112,2564,60769253.23242188,63.09027777777778,2126,14279.327880859377,7152,2200.985301927803,2812.0718663297803,2708.6660851450342,710.5447917957042,0,5760,1.0,False,design,coef_perturb=0.3,coef_perturb,0.3,18,2020,regen-v2,637c6b535a9e,unknown,greenhouse-regen:v1,,,1.0
5760,7.302752782160914,16.867016055800015,9.5642632736391,4.939350317105418,4.175349454601749,0.4495635019319317,685222.5272668755,54.8816701900602,1.4985450064397725,13.917831515339165,62.43055555555556,2164,1872.3477115631104,88.81944444444444,644,1022434.4592285156,67.23958333333333,1887,3868.4434242248535,4695,1688.6667753834083,51.67396572142614,3092.8514479600904,1420.314685841369,0,5760,1.0,False,design,mpc_horizon=8,mpc_horizon,8.0,19,2020,regen-v2,637c6b535a9e,unknown,greenhouse-regen:v1,,,
5760,5.191800514903708,17.2711005285599,12.079300013656193,4.747096358197018,5.880254155019625,1.4519495004395502,701638.4589727459,52.745515091077976,4.8398316681318345,19.60084718339875,66.64930555555556,1921,1587.7998123168943,55.65972222222222,2554,3796966.501342773,58.07291666666666,2415,5272.950031280518,6890,1622.9389268407754,166.8907476607423,4355.743819830001,1346.2948685813583,0,5760,1.0,False,design,mpc_horizon=12,mpc_horizon,12.0,19,2020,regen-v2,637c6b535a9e,unknown,greenhouse-regen:v1,,,
5760,4.648263082090804,17.335977717925964,12.68771463583516,4.68347561860212,6.21226195851575,1.79197705871729,704274.0947907423,52.038617984468,5.973256862390967,20.70753986171917,68.85416666666667,1794,1539.6824035644531,53.69791666666666,2667,4222710.909545898,56.04166666666666,2532,5894.0515213012695,6993,1601.1882450241585,205.9743748138777,4601.675524937185,1387.998237186424,0,5760,1.0,False,design,mpc_horizon=20,mpc_horizon,20.0,19,2020,regen-v2,637c6b535a9e,unknown,greenhouse-regen:v1,,,
5760,1.903369837576811,16.274072512437233,14.37070267486042,4.852579905215597,6.2073325257647705,3.310790243880056,661134.1958177626,53.917554502395525,11.035967479600188,20.6911084192159,69.25347222222223,1771,2799.899890899658,50.85069444444444,2831,8237969.042358398,53.94097222222223,2653,7030.140129089356,7255,1659.001676589283,380.550602546012,4598.024093355512,1336.116774175559,0,5760,1.0,False,design,mpc_horizon=30,mpc_horizon,30.0,19,2020,regen-v2,637c6b535a9e,unknown,greenhouse-regen:v1,,,
5760,4.627137607681989,17.337360496995807,12.71022288931382,4.683060044507301,6.250247818260446,1.7769150265460731,704330.2701904547,52.03400049452557,5.923050088486911,20.83415939420149,68.90625,1791,1536.7683963775637,53.17708333333333,2697,4251860.632324219,55.78125000000001,2547,5933.130168914795,7035,1601.0461694462654,204.2431064275064,4629.813198601982,1387.108027103641,0,5760,1.0,False,design,stlsq_threshold=0.01,stlsq_threshold,0.01,19,2020,regen-v2,637c6b535a9e,unknown,greenhouse-regen:v1,43.0,0.0493077881312386,
5760,-14.66974500231504,24.490659194876145,39.160404197191184,5.4779450205238245,2.729349570881136,30.953109605786228,994933.0297918434,60.86605578359805,103.17703201928742,9.09783190293712,59.79166666666666,2316,2896.976071357727,100.0,0,0.0,52.74305555555555,2722,4839.686985015869,5038,1872.8017161787825,3557.828689845856,2021.7404228634955,1949.8943567184656,0,5760,1.0,False,design,stlsq_threshold=0.05,stlsq_threshold,0.05,19,2020,regen-v2,637c6b535a9e,unknown,greenhouse-regen:v1,28.0,0.0,
5760,2.6511251216786973,5.615805634317057,2.96468051263836,0.1545356947829481,2.055544947730021,0.7545998701253905,228142.10389413044,1.7170632753660904,2.5153329004179685,6.851816492433404,32.395833333333336,3894,18520.47910952568,95.46875,261,160865.58056640625,25.76388888888889,4276,31989.412746429443,8431,52.832716146534665,86.73561716155994,1522.625886349958,1440.0652275187956,0,5760,1.0,False,design,stlsq_threshold=0.1,stlsq_threshold,0.1,19,2020,regen-v2,637c6b535a9e,unknown,greenhouse-regen:v1,20.0,0.0,
5760,-1.0975196246502517,3.666185047138021,4.763704671788273,0.7627036222164519,0.8370145155381049,3.1639865340337154,148938.7675399821,8.474484691293911,10.546621780112384,2.7900483851270166,31.12847222222222,3967,23130.90560722351,78.24652777777777,1253,2328593.0471191406,29.097222222222225,4084,24442.20269393921,9304,260.7533750814481,363.6766129697494,620.0107520376532,647.8123589732676,0,5760,1.0,False,design,stlsq_threshold=0.2,stlsq_threshold,0.2,19,2020,regen-v2,637c6b535a9e,unknown,greenhouse-regen:v1,12.0,0.0,
5760,-2.0553119530455843,13.479041917869392,15.534353870914977,5.424140248767632,5.815686763511574,4.29452685863577,547586.077913444,60.26822498630703,14.3150895287859,19.385622545038583,93.50694444444444,374,272.1647481918335,38.59375,3537,14991885.703857422,43.35069444444444,3263,9493.199657440186,7174,1854.4069224530083,493.6237766777238,4307.916121011127,791.6128003281465,0,5760,1.0,False,design,coef_perturb=0.1,coef_perturb,0.1,19,2020,regen-v2,637c6b535a9e,unknown,greenhouse-regen:v1,,,1.0
4171,-36.17342408168766,0.6556136119047826,36.82903769359245,9.283413249793906,4.023851405121047,23.521773038677487,26634.302983631787,103.14903610882118,78.40591012892496,13.412838017070156,30.16063294174059,2913,24740.463140010837,35.55502277631263,2688,69168498.7220459,82.30640134260369,738,2528.577262878418,6339,3173.8164952580746,2703.652073485473,2980.6306701330686,510.8546865056389,0,5760,0.7241,True,design,coef_perturb=0.2,coef_perturb,0.2,19,2020,regen-v2,637c6b535a9e,unknown,greenhouse-regen:v1,,,1.0
3690,-5.005017134072918,4.365417385635736,9.370434519708652,4.232198539372707,0.778692156989627,4.359543823346319,177345.08129145176,47.0244282152523,14.531812744487729,2.5956405232987567,67.39837398373983,1203,5971.607513427734,74.47154471544715,942,1335157.4595947266,52.493224932249326,1753,10739.874450683594,3898,1446.905483564973,501.0969912049748,576.8090051413662,79.42604551645314,0,5760,0.6406,True,design,coef_perturb=0.3,coef_perturb,0.3,19,2020,regen-v2,637c6b535a9e,unknown,greenhouse-regen:v1,,,1.0
5760,6.367722429149099,14.5798252015428,8.2121027723937,4.984960995690633,3.1138753663867105,0.113266410316357,592305.3988126762,55.3884555076737,0.3775547010545235,10.379584554622369,61.90972222222222,2194,2165.127769470215,100.0,0,0.0,70.06944444444444,1724,3589.209621429444,3918,1704.2601703513285,13.019127577566197,2306.574345061879,1374.1792200049497,0,5760,1.0,False,design,mpc_horizon=8,mpc_horizon,8.0,2,2020,regen-v2,637c6b535a9e,unknown,greenhouse-regen:v1,,,
5760,5.591742862217314,14.379417509165224,8.78767464694791,4.989091336296665,3.6877617968913374,0.1108215137599051,584163.8363098372,55.434348181074064,0.3694050458663505,12.292539322971129,62.37847222222223,2167,2113.2548475265503,95.64236111111111,251,43854.27551269531,70.32986111111111,1709,3407.197662353516,4127,1705.6722497734845,12.73810502907427,2731.675404911124,1383.7278600308246,0,5760,1.0,False,design,mpc_horizon=12,mpc_horizon,12.0,2,2020,regen-v2,637c6b535a9e,unknown,greenhouse-regen:v1,,,
5760,4.549491012331592,14.547421403766414,9.99793039143482,5.018845302725781,4.823742989445089,0.1553420992639516,590988.9945280106,55.76494780806424,0.5178069975465054,16.079143298150296,62.37847222222223,2167,1967.954725265503,76.16319444444444,1373,585856.2756347656,70.46875,1701,3325.1265563964844,5241,1715.844547450224,17.85541373443042,3573.142954925962,1402.598541917289,0,5760,1.0,False,design,mpc_horizon=20,mpc_horizon,20.0,2,2020,regen-v2,637c6b535a9e,unknown,greenhouse-regen:v1,,,
5760,3.356379913463849,15.005276733493766,11.648896820029917,4.993839092421188,6.078008328423106,0.5770493991856209,609589.3672981842,55.487101026902096,1.9234979972854032,20.26002776141036,67.48263888888889,1873,1403.0552396774292,52.01388888888889,2764,3202405.020385742,64.28819444444444,2057,3815.5704383850098,6694,1707.295414470498,66.32751715221748,4502.228391045584,1369.1263609784246,0,5760,1.0,False,design,mpc_horizon=30,mpc_horizon,30.0,2,2020,regen-v2,637c6b535a9e,unknown,greenhouse-regen:v1,,,
5760,6.330380081969082,16.269459931960014,9.939079849990936,4.989620816027927,4.809087016820389,0.1403720171426186,660946.8097358757,55.44023128919918,0.4679067238087288,16.030290056067965,64.79166666666667,2028,1822.2399005889893,82.79513888888889,991,380062.13134765625,67.69097222222223,1861,3519.746913909912,4880,1705.853270295041,16.13471459972418,3562.286678363542,1447.926869966207,0,5760,1.0,False,design,stlsq_threshold=0.01,stlsq_threshold,0.01,2,2020,regen-v2,637c6b535a9e,unknown,greenhouse-regen:v1,42.0,0.0420362963301916,
5760,8.267243219130332,16.868633391630254,8.601390172499924,4.58233322385282,2.5802435905986245,1.4388133580484783,685288.2315349792,50.91481359836467,4.796044526828262,8.600811968662082,58.22916666666666,2406,3002.469361305237,100.0,0,0.0,63.97569444444444,2075,5257.423469543457,4481,1566.6096497429144,165.3808457558439,1911.291549526784,1326.9057867611252,0,5760,1.0,False,design,stlsq_threshold=0.05,stlsq_threshold,0.05,2,2020,regen-v2,637c6b535a9e,unknown,greenhouse-regen:v1,27.0,0.0,
5760,2.4974246248704155,5.670940592273539,3.173515967403124,0.1593631630370859,2.2375547594931957,0.7765980448728427,230381.96156111252,1.7707018115231767,2.5886601495761425,7.458515864977317,32.673611111111114,3878,18294.864314317703,95.43402777777776,263,144725.9832763672,24.53125,4347,32472.06856918335,8488,54.48313268855259,89.26414302889432,1657.4479701789146,1403.817116541195,0,5760,1.0,False,design,stlsq_threshold=0.1,stlsq_threshold,0.1,2,2020,regen-v2,637c6b535a9e,unknown,greenhouse-regen:v1,19.0,0.0,
5760,-2.308611268748458,2.775476065290971,5.084087334039429,0.8220521675464231,0.8862439589933907,3.375791207499616,112753.71515244571,9.133912972738036,11.252637358332054,2.954146529977969,26.28472222222222,4246,23572.105517864227,76.99652777777779,1325,2546575.79296875,27.98611111111111,4148,25979.88241958618,9719,281.0434762109194,388.021977856958,656.4770071481869,880.7577838503678,0,5760,1.0,False,design,stlsq_threshold=0.2,stlsq_threshold,0.2,2,2020,regen-v2,637c6b535a9e,unknown,greenhouse-regen:v1,11.0,0.0,
5760,1.1792658317382796,14.401098645021303,13.221832813283026,6.030024732813161,5.509570080298445,1.68223800017142,585044.6324539905,67.00027480903513,5.6074600005714,18.36523360099482,81.68402777777779,1055,1782.0835065841677,65.67708333333333,1977,1563528.6107788086,73.68055555555556,1516,2962.8400917053223,4548,2061.54691753737,193.360689481834,4081.163021786353,1351.5909484240958,0,5760,1.0,False,design,coef_perturb=0.1,coef_perturb,0.1,2,2020,regen-v2,637c6b535a9e,unknown,greenhouse-regen:v1,,,1.0
5760,8.649446013861795,16.16011039946205,7.510664385600253,3.149599678866216,3.096215927748859,1.2648487789851774,656504.4849781457,34.9955519874024,4.2161625966172585,10.320719759162865,50.64236111111112,2843,4679.386455535889,99.6527777777778,20,1424.3592529296875,28.62847222222222,4111,13655.390296936035,6974,1076.7862151940258,145.3849173327912,2293.4932790404696,1164.7031387161803,0,5760,1.0,False,design,coef_perturb=0.2,coef_perturb,0.2,2,2020,regen-v2,637c6b535a9e,unknown,greenhouse-regen:v1,,,1.0
5760,5.439792656473444,18.364062844849613,12.924270188376171,5.410048190450967,3.3277886509412915,4.186433346983914,746040.0530720156,60.1116465605663,13.954777823279713,11.092628836470972,89.47916666666667,606,483.9618616104126,94.35763888888889,325,278376.85919189453,41.18055555555556,3388,10171.58901977539,4319,1849.5891240757007,481.1992354555512,2465.0286308928653,977.5219291197328,0,5760,1.0,False,design,coef_perturb=0.3,coef_perturb,0.3,2,2020,regen-v2,637c6b535a9e,unknown,greenhouse-regen:v1,,,1.0
5760,6.222179537645072,13.972350048083229,7.750170510438158,4.811343975485348,2.895888577006919,0.0429379579458913,567626.7207033812,53.459377505392766,0.1431265264863043,9.652961923356395,57.395833333333336,2454,3008.454160690308,100.0,0,0.0,70.69444444444444,1688,3513.1331520080566,4142,1644.9039255117327,4.935397495757044,2145.1026499025543,1497.516347512831,0,5760,1.0,False,design,mpc_horizon=8,mpc_horizon,8.0,3,2020,regen-v2,637c6b535a9e,unknown,greenhouse-regen:v1,,,
5760,5.453005469078513,13.578330311372206,8.125324842293693,4.808666919855181,3.242924365951632,0.0737335564868806,551619.6688994959,53.42963244283535,0.2457785216229354,10.80974788650544,57.76041666666667,2433,2989.009213447571,97.72569444444444,131,39339.76281738281,70.32986111111111,1709,3458.5062141418457,4273,1643.9886895985087,8.475121404751446,2402.1661960726638,1493.6384970116487,0,5760,1.0,False,design,mpc_horizon=12,mpc_horizon,12.0,3,2020,regen-v2,637c6b535a9e,unknown,greenhouse-regen:v1,,,
5760,4.799008334267879,13.570268283977745,8.771259949709865,4.909930888396132,3.631407274662092,0.2299217866516405,551292.1490365958,54.55478764884591,0.7664059555054685,12.104690915540306,59.53125,2331,2819.473587036133,92.39583333333331,438,259347.04931640625,67.46527777777777,1874,3608.713760375977,4643,1678.608849600643,26.427791571736705,2689.931315227926,1536.282843403273,0,5760,1.0,False,design,mpc_horizon=20,mpc_horizon,20.0,3,2020,regen-v2,637c6b535a9e,unknown,greenhouse-regen:v1,,,
5760,4.381767697552657,13.746310358536618,9.36454266098396,5.00863696697304,3.99652275554314,0.3593829384677811,558443.8583155501,55.65152185525601,1.1979431282259372,13.321742518477134,62.25694444444444,2174,2580.796282768249,85.13888888888889,856,628888.78125,64.80902777777777,2027,4001.514270782471,5057,1712.3545172718605,41.30838387586002,2960.387225633506,1525.1966339212513,0,5760,1.0,False,design,mpc_horizon=30,mpc_horizon,30.0,3,2020,regen-v2,637c6b535a9e,unknown,greenhouse-regen:v1,,,
5760,5.436457465113685,14.422725428918737,8.98626796380505,4.913696627589685,3.823378398784343,0.2491929374310214,585923.2205498236,54.59662919544095,0.8306431247700715,12.744594662614476,59.75694444444445,2318,2751.615288734436,91.73611111111111,476,291571.8505859375,67.08333333333333,1896,3755.9678916931152,4690,1679.8962823671743,28.642866415912927,2832.132146709197,1522.9335714915535,0,5760,1.0,False,design,stlsq_threshold=0.01,stlsq_threshold,0.01,3,2020,regen-v2,637c6b535a9e,unknown,greenhouse-regen:v1,45.0,0.0310587629408663,
5760,-0.4160358773205006,12.420784874484298,12.836820751804796,4.749962229767818,2.234368580691765,5.852489941345215,504594.3855259246,52.77735810853132,19.508299804484054,7.447895268972551,50.50347222222222,2851,4444.182951927185,100.0,0,0.0,66.26736111111111,1943,4465.355617523193,4794,1623.918711439307,672.6999932164126,1655.087836479074,1534.346063421694,0,5760,1.0,False,design,stlsq_threshold=0.05,stlsq_threshold,0.05,3,2020,regen-v2,637c6b535a9e,unknown,greenhouse-regen:v1,31.0,0.0,
5760,2.898593006039863,5.879952841681171,2.9813598356413094,0.1536738139120862,2.068438428911604,0.7592475928176194,238873.0841932976,1.7074868212454024,2.530825309392065,6.894794763038679,32.65625,3879,18170.03869533539,95.03472222222224,286,179100.5313720703,24.65277777777778,4340,32010.458141326904,8505,52.53805595564597,87.2698383530792,1532.176613375506,1399.6047258090005,0,5760,1.0,False,design,stlsq_threshold=0.1,stlsq_threshold,0.1,3,2020,regen-v2,637c6b535a9e,unknown,greenhouse-regen:v1,19.0,0.0,
5760,-1.158807544655459,5.803917941355356,6.962725486010815,1.2396805558220017,1.1844756490326385,4.538569281156175,235784.1663675613,13.774228398022242,15.128564270520585,3.948252163442128,28.83680555555556,4099,19880.531037807465,64.07986111111111,2069,2775136.485610962,19.913194444444443,4613,33129.23976516724,10781,423.8224122646792,521.674630388345,877.3893695145769,433.098510221156,0,5760,1.0,False,design,stlsq_threshold=0.2,stlsq_threshold,0.2,3,2020,regen-v2,637c6b535a9e,unknown,greenhouse-regen:v1,11.0,0.0,
5760,5.104921420126028,14.181415503397991,9.076494083271967,4.290481284023477,4.44020489132151,0.3458079079269792,576120.0048255435,47.672014266927526,1.1526930264232642,14.8006829710717,46.51041666666666,3081,5923.221102714539,88.42013888888889,667,495570.4119873047,71.96180555555556,1615,2790.5267601013184,5363,1466.831208443518,39.748035558250976,3289.040660295016,1493.2483863314378,0,5760,1.0,False,design,coef_perturb=0.1,coef_perturb,0.1,3,2020,regen-v2,637c6b535a9e,unknown,greenhouse-regen:v1,,,1.0
5760,5.605601832676627,12.28779097794678,6.682189145270154,4.770506071173267,1.8840697891411824,0.0276132849557037,499191.508479088,53.00562301303631,0.0920442831856791,6.280232630470608,63.888888888888886,2080,2442.1776161193848,99.98263888888889,1,2.8232421875,69.61805555555556,1750,5017.577087402344,3831,1630.9422470625946,3.1739408041945385,1395.607251937478,1545.9583621843724,0,5760,1.0,False,design,coef_perturb=0.2,coef_perturb,0.2,3,2020,regen-v2,637c6b535a9e,unknown,greenhouse-regen:v1,,,1.0
5238,3.186937865800078,13.688022856377788,10.50108499057771,5.014030020353204,3.3293512900822098,2.157703680142295,556075.9285403476,55.71144467059116,7.192345600474317,11.097837633607366,55.93738067964872,2308,3760.259945869446,99.94272623138602,3,1254.8785400390625,68.53760977472318,1648,3069.790100097656,3959,1714.198296705025,248.01191727213345,2466.186140025441,1175.0412478009607,0,5760,0.9094,True,design,coef_perturb=0.3,coef_perturb,0.3,3,2020,regen-v2,637c6b535a9e,unknown,greenhouse-regen:v1,,,1.0
5760,7.555612012558154,16.409448055001988,8.853836042443833,4.9555630130511314,3.6317843295307073,0.2664886998619939,666633.8272344557,55.06181125612368,0.8882956662066465,12.10594776510236,57.84722222222223,2428,2461.5022950172424,95.27777777777776,272,402526.7463378906,74.35763888888889,1477,2782.2618293762207,4177,1694.2095774104698,30.630885105760147,2690.210615854476,1477.6530451880417,0,5760,1.0,False,design,mpc_horizon=8,mpc_horizon,8.0,4,2020,regen-v2,637c6b535a9e,unknown,greenhouse-regen:v1,,,
5760,5.542189117158366,16.762090299334133,11.219901182175764,4.809300127497809,5.27858206074416,1.1320189939337943,680959.918410449,53.436668083308994,3.773396646445981,17.595273535813867,62.89930555555555,2137,1859.0249094963076,66.82291666666667,1911,2490955.887817383,65.95486111111111,1961,3889.904960632324,6009,1644.2051714935835,130.1171257431473,3910.06078476956,1402.312212729233,0,5760,1.0,False,design,mpc_horizon=12,mpc_horizon,12.0,4,2020,regen-v2,637c6b535a9e,unknown,greenhouse-regen:v1,,,
5760,4.516342661562407,16.965384631371897,12.449041969809487,4.704427305122969,6.157758366210608,1.5868562984759138,689218.7506494833,52.27141450136632,5.289520994919713,20.525861220702023,66.78819444444444,1913,1749.8739280700684,55.69444444444444,2552,3645956.1873779297,62.53472222222223,2158,4560.606369018555,6623,1608.3512146823607,182.39727582647205,4561.302493668753,1409.3334313934815,0,5760,1.0,False,design,mpc_horizon=20,mpc_horizon,20.0,4,2020,regen-v2,637c6b535a9e,unknown,greenhouse-regen:v1,,,
5760,-6.224389995380671,12.304975727246555,18.529365722627222,5.490671309492592,5.690523330560399,7.348171082574235,499889.6389193913,61.00745899436214,24.493903608580784,18.968411101868,67.37847222222221,1879,6402.046747207642,45.26041666666666,3153,15460876.94885254,58.85416666666666,2370,6683.30850982666,7402,1877.1525836913647,844.6173658771995,4215.20246573123,1168.5640411381614,0,5760,1.0,False,design,mpc_horizon=30,mpc_horizon,30.0,4,2020,regen-v2,637c6b535a9e,unknown,greenhouse-regen:v1,,,
5760,-2.8822006088243386,8.833391498879656,11.715592107703998,4.54474721816843,5.922568552449307,1.2482763370862595,358856.52964198607,50.49719131298256,4.160921123620866,19.741895174831026,66.66666666666666,1920,1797.350085735321,48.54166666666666,2964,3272194.4686279297,64.25347222222221,2059,3941.081874847412,6943,1553.759732494868,143.48003841084733,4387.087815977462,1427.463594200662,0,5760,1.0,False,design,stlsq_threshold=0.01,stlsq_threshold,0.01,4,2020,regen-v2,637c6b535a9e,unknown,greenhouse-regen:v1,43.0,0.0365308960956975,
5760,-0.3633738747390159,9.200124580702466,9.563498455441485,4.385301335798884,5.0826055495871145,0.0955915700554847,373755.06109103776,48.72557039776538,0.3186385668516159,16.942018498623717,42.96875,3285,6722.154463291168,70.08680555555556,1723,2081061.1184082031,65.19097222222221,2005,3640.928379058838,7013,1499.2483192351144,10.987536854252088,3764.892999452812,1559.5970917518453,0,5760,1.0,False,design,stlsq_threshold=0.05,stlsq_threshold,0.05,4,2020,regen-v2,637c6b535a9e,unknown,greenhouse-regen:v1,28.0,0.0,
5760,2.4149986248256896,5.467792654564921,3.0527940297392315,0.1601432442673947,2.118334627469781,0.7743161580020561,222129.0765916999,1.7793693807488309,2.581053860006854,7.061115424899271,32.604166666666664,3882,18556.82846570015,95.26041666666669,273,169633.9453125,25.29513888888889,4303,32221.82323074341,8458,54.749827080383625,89.00185712263318,1569.1367604394495,1474.3341563879958,0,5760,1.0,False,design,stlsq_threshold=0.1,stlsq_threshold,0.1,4,2020,regen-v2,637c6b535a9e,unknown,greenhouse-regen:v1,21.0,0.0,
5760,4.422054052272948,5.976927727880065,1.554873675607117,0.22405269067646,0.3130500175557289,1.0177709673749282,242812.68894512765,2.489474340849556,3.392569891249761,1.0435000585190966,33.454861111111114,3833,17438.39272403717,91.02430555555556,517,760856.6176757812,25.29513888888889,4303,31448.095539093018,8653,76.59921042480107,116.98516871323824,231.88890184459396,1311.914487135804,0,5760,1.0,False,design,stlsq_threshold=0.2,stlsq_threshold,0.2,4,2020,regen-v2,637c6b535a9e,unknown,greenhouse-regen:v1,13.0,0.0,
5760,7.374584163576352,16.217413776654325,8.842829613077972,5.549295495339034,3.005497724573165,0.2880363931657746,658832.434676582,61.658838837100376,0.960121310552582,10.018325748577215,69.04513888888889,1783,1821.535551548004,98.10763888888889,109,278833.8416748047,77.93402777777779,1271,2256.915069580078,3163,1897.195041224579,33.10763158160847,2226.294611010709,1610.304263257468,0,5760,1.0,False,design,coef_perturb=0.1,coef_perturb,0.1,4,2020,regen-v2,637c6b535a9e,unknown,greenhouse-regen:v1,,,1.0
5760,9.689688941602483,17.514068369207244,7.824379427604759,4.065338072024275,3.1813787427755367,0.5776626128049466,711509.0274990442,45.170423022491946,1.9255420426831555,10.604595809251787,56.37152777777777,2513,4537.227185249329,89.79166666666667,588,221408.54248046875,36.04166666666666,3684,12028.4984664917,6785,1389.859170384382,66.3980014512246,2356.576846300284,485.17381314324575,0,5760,1.0,False,design,coef_perturb=0.2,coef_perturb,0.2,4,2020,regen-v2,637c6b535a9e,unknown,greenhouse-regen:v1,,,1.0
3590,-38.18547442737279,0.0286151566637902,38.214089584036586,9.208164979436646,3.329932352022433,25.6759922525775,1162.490739466477,102.31294421596272,85.586640841925,11.099774506741444,33.64902506963789,2382,20194.599152565,18.18941504178273,2937,64701886.83203125,80.66852367688023,694,5588.08437538147,6013,3148.090590846716,2951.263477313415,2466.616557451237,230.3908093261772,0,5760,0.6233,True,design,coef_perturb=0.3,coef_perturb,0.3,4,2020,regen-v2,637c6b535a9e,unknown,greenhouse-regen:v1,,,1.0
5760,5.69648582101447,15.716287292637016,10.019801471622545,5.055647501896646,4.325058180322641,0.6390957894032588,638474.1712633787,56.17386113218495,2.1303192980108627,14.41686060107547,57.15277777777777,2468,2234.786102294922,87.20486111111111,737,658741.5714111328,70.41666666666667,1704,3256.777919769287,4909,1728.4264948593536,73.45928604713183,3203.7467999894006,1381.7254650451669,0,5760,1.0,False,design,mpc_horizon=8,mpc_horizon,8.0,5,2020,regen-v2,637c6b535a9e,unknown,greenhouse-regen:v1,,,
5760,4.13136429653449,16.359119897676585,12.227755601142096,4.923787529189614,5.688874216866029,1.6150938550864544,664589.2458431113,54.708750324329046,5.383646183621515,18.9629140562201,67.27430555555556,1885,1376.4875326156616,53.50694444444445,2678,2979509.359741211,57.04861111111112,2474,4906.670551300049,7037,1683.346164691273,185.64297218519943,4213.980900321981,1286.2856901136374,0,5760,1.0,False,design,mpc_horizon=12,mpc_horizon,12.0,5,2020,regen-v2,637c6b535a9e,unknown,greenhouse-regen:v1,,,
5760,4.198828955078236,16.851634610339527,12.652805655261291,4.758066875436716,6.143692727025409,1.7510460527991674,684597.6560450434,52.86740972707463,5.836820175997225,20.478975756751364,70.95486111111111,1673,1292.6340556144714,52.170138888888886,2755,3266098.822631836,55.78125000000001,2547,5594.937076568604,6975,1626.6895311318565,201.26966124593088,4550.88350032435,1335.2976441293868,0,5760,1.0,False,design,mpc_horizon=20,mpc_horizon,20.0,5,2020,regen-v2,637c6b535a9e,unknown,greenhouse-regen:v1,,,
5760,-5.449436232389002,12.591791126920246,18.041227359309246,5.56539590027616,5.585258203265614,6.890573255767473,511541.514531135,61.837732225290665,22.96857751922491,18.617527344218715,70.625,1692,5463.520240783691,43.09027777777778,3278,11350287.447509766,54.70486111111112,2609,7100.85865020752,7579,1902.699452869298,792.0199148135682,4137.228298289392,1119.650315888137,0,5760,1.0,False,design,mpc_horizon=30,mpc_horizon,30.0,5,2020,regen-v2,637c6b535a9e,unknown,greenhouse-regen:v1,,,
5760,1.637820313245016,14.154905121621582,12.517084808376564,4.872271219138223,6.149422844310706,1.495390744927636,575043.0205658767,54.13634687931359,4.984635816425453,20.49807614770236,70.12152777777779,1721,1307.254482269287,52.864583333333336,2715,3021539.084350586,54.895833333333336,2598,5455.922691345215,7034,1665.7337510575426,171.8839934552408,4555.128031765496,1349.3356862658109,0,5760,1.0,False,design,stlsq_threshold=0.01,stlsq_threshold,0.01,5,2020,regen-v2,637c6b535a9e,unknown,greenhouse-regen:v1,43.0,0.0423486837927952,
5760,-0.0797461000789061,9.40642068726623,9.486166787345136,4.335639904990386,5.0735389702685385,0.0769879120862111,382135.8404201906,48.173776722115406,0.2566263736207038,16.911796567561797,43.24652777777778,3269,7007.57029914856,70.74652777777779,1685,1686127.0860595703,62.20486111111111,2177,3910.0325622558594,7131,1482.270054225915,8.84918531815785,3758.177014925757,1502.8477350799603,0,5760,1.0,False,design,stlsq_threshold=0.05,stlsq_threshold,0.05,5,2020,regen-v2,637c6b535a9e,unknown,greenhouse-regen:v1,27.0,0.0,
5760,2.755135391186012,5.696794737283589,2.9416593460975786,0.1393410987723735,2.1170717453802457,0.6852465019449591,231432.28620214583,1.54823443080415,2.284155006483197,7.056905817934153,32.673611111111114,3878,18543.931126356125,95.29513888888889,271,149833.03295898438,25.052083333333336,4317,32097.81924438477,8466,47.637982439078925,78.76396565925458,1568.201293608265,1453.8437648119948,0,5760,1.0,False,design,stlsq_threshold=0.1,stlsq_threshold,0.1,5,2020,regen-v2,637c6b535a9e,unknown,greenhouse-regen:v1,19.0,0.0,
5760,-0.0195105091681224,5.587379816547009,5.606890325715131,1.006886891069496,0.9052853707859008,3.6947180638597352,226987.30504722224,11.1876321229944,12.315726879532452,3.017617902619669,28.541666666666664,4116,21492.51842093468,72.03125,1611,2305351.589706421,20.19097222222222,4597,32091.01219177246,10324,344.23483426686363,424.68023706530187,670.5817565737434,448.63655789670986,0,5760,1.0,False,design,stlsq_threshold=0.2,stlsq_threshold,0.2,5,2020,regen-v2,637c6b535a9e,unknown,greenhouse-regen:v1,13.0,0.0,
5760,3.959282952188493,15.06556768176216,11.10628472957367,4.959393401595282,5.615698683436546,0.5311926445418416,612038.6870715878,55.10437112883647,1.7706421484728052,18.718995611455156,65.20833333333333,2004,2080.916989326477,64.14930555555556,2065,901504.0261230468,67.03125,1899,3872.9017219543457,5968,1695.5191117448094,61.05662581158245,4159.776802484564,1345.6611236430226,0,5760,1.0,False,design,coef_perturb=0.1,coef_perturb,0.1,5,2020,regen-v2,637c6b535a9e,unknown,greenhouse-regen:v1,,,1.0
3685,-37.490817635456864,0.4332882271564298,37.9241058626133,8.944491243062263,2.0099355540704416,26.969679065480587,17602.334228229956,99.38323603402516,89.89893021826863,6.699785180234805,35.87516960651289,2363,20024.97961807251,12.564450474898235,3222,38729356.1829834,85.5359565807327,533,2062.83123588562,6118,3057.9457243448533,3099.963110853449,1488.8411506161483,53.5463858095726,0,5760,0.6398,True,design,coef_perturb=0.2,coef_perturb,0.2,5,2020,regen-v2,637c6b535a9e,unknown,greenhouse-regen:v1,,,1.0
5760,8.631625324511104,17.451455709343072,8.81983038483197,5.583054691421721,2.98732749185626,0.2494482015539892,708965.3881920624,62.033941015796906,0.831494005179964,9.957758306187532,57.98611111111112,2420,1985.9160871505735,97.43055555555556,148,46852.0283203125,42.13541666666666,3333,7951.462894439697,5901,1908.7366462941343,28.67220716292481,2212.8351797068244,483.7525913259063,0,5760,1.0,False,design,coef_perturb=0.3,coef_perturb,0.3,5,2020,regen-v2,637c6b535a9e,unknown,greenhouse-regen:v1,,,1.0
5760,5.756685622524906,14.05600529010469,8.299319667579784,4.886558405278702,3.346270570200084,0.0664906921009977,571025.214910503,54.29509339198558,0.2216356403366592,11.15423523400028,61.927083333333336,2193,2156.1053428649902,97.74305555555556,130,52675.11584472656,64.25347222222221,2059,4364.802761077881,4382,1670.618258475835,7.64260828905828,2478.718940494956,1434.4184069327837,0,5760,1.0,False,design,mpc_horizon=8,mpc_horizon,8.0,6,2020,regen-v2,637c6b535a9e,unknown,greenhouse-regen:v1,,,
5760,6.245109825612101,15.06852811453709,8.823418288924987,4.878314680819887,3.853908102555507,0.0911955055495955,612158.9546530693,54.2034964535543,0.3039850184986517,12.84636034185169,62.46527777777777,2162,2094.805111885071,94.60069444444444,311,84783.40686035156,65.10416666666666,2010,4019.976696014404,4483,1667.7998915371857,10.482242030582563,2854.7467442570914,1417.4969509921714,0,5760,1.0,False,design,mpc_horizon=12,mpc_horizon,12.0,6,2020,regen-v2,637c6b535a9e,unknown,greenhouse-regen:v1,,,
5760,5.561870434386968,16.223105929398667,10.6612354950117,4.894266763669,5.359697477097904,0.4072712542447959,659063.6783818209,54.38074181854445,1.357570847482653,17.865658256993015,72.11805555555556,1606,1059.8423051834106,59.27083333333333,2346,2791295.9162597656,55.76388888888889,2548,5082.883808135986,6500,1673.2535948800623,46.81278792802769,3970.1462787958912,1314.6290304269369,0,5760,1.0,False,design,mpc_horizon=20,mpc_horizon,20.0,6,2020,regen-v2,637c6b535a9e,unknown,greenhouse-regen:v1,,,
5760,2.568438147722399,15.050359412536071,12.481921264813671,5.177255157143909,5.380080752080977,1.924585355588785,611420.8511342779,57.52505730159899,6.415284518629284,17.93360250693659,73.29861111111111,1538,2363.7828550338745,54.54861111111112,2618,6303641.107299805,53.80208333333333,2661,6096.3787269592285,6817,1770.0017633084535,221.21670752279985,3985.2450012447753,1238.208841384996,0,5760,1.0,False,design,mpc_horizon=30,mpc_horizon,30.0,6,2020,regen-v2,637c6b535a9e,unknown,greenhouse-regen:v1,,,
5760,6.952447983925949,16.553168133878124,9.600720149952178,4.925054206940725,4.570309870850137,0.1053560721613153,672472.4554387989,54.722824521563616,0.3511869072043844,15.234366236167125,65.69444444444444,1976,1748.526216506958,83.17708333333333,969,533505.3917236328,63.489583333333336,2103,4105.915115356445,5048,1683.779217363007,12.109893276664211,3385.414717430307,1410.03710514886,0,5760,1.0,False,design,stlsq_threshold=0.01,stlsq_threshold,0.01,6,2020,regen-v2,637c6b535a9e,unknown,greenhouse-regen:v1,44.0,0.0429692796715415,
5760,0.5707142061272009,11.38543624489074,10.81472203876354,4.451122550495634,4.764476512947489,1.599122975320418,462533.3474486864,49.456917227729264,5.330409917734727,15.881588376491631,51.47569444444444,2795,3812.225826263428,66.37152777777777,1937,2810219.921142578,53.05555555555556,2704,5965.260402679443,7436,1521.7513001005386,183.80723856445584,3529.2418614799026,1400.9073085212426,0,5760,1.0,False,design,stlsq_threshold=0.05,stlsq_threshold,0.05,6,2020,regen-v2,637c6b535a9e,unknown,greenhouse-regen:v1,31.0,0.0,
5760,2.678885901173727,5.652679894032277,2.973793992858549,0.1484380843946244,2.090445673069014,0.73491023539491,229640.1206950612,1.6493120488291608,2.4497007846497,6.968152243563383,32.15277777777778,3908,18543.954481601715,95.55555555555556,256,156060.9639892578,26.041666666666668,4260,31395.57008743286,8424,50.74806301289843,84.47244092733578,1548.4782769034823,1393.3169119628033,0,5760,1.0,False,design,stlsq_threshold=0.1,stlsq_threshold,0.1,6,2020,regen-v2,637c6b535a9e,unknown,greenhouse-regen:v1,19.0,0.0,
5760,-0.9329569155851138,3.68957251473795,4.622529430323064,0.7336256826151628,0.814059151575079,3.0748445961328223,149888.88341122924,8.151396473501809,10.249481987109409,2.7135305052502634,31.406250000000004,3951,23249.64542746544,78.57638888888889,1234,2223401.571655273,28.88888888888889,4096,24122.27428817749,9281,250.8121990794248,353.43041371811466,603.0067792378336,637.1685846744324,0,5760,1.0,False,design,stlsq_threshold=0.2,stlsq_threshold,0.2,6,2020,regen-v2,637c6b535a9e,unknown,greenhouse-regen:v1,12.0,0.0,
5760,7.362520268503277,15.842734812305237,8.48021454380196,5.2703928728907705,3.161344041131988,0.0484776297792009,643611.1017499003,58.559920809897456,0.1615920992640033,10.53781347043996,69.13194444444444,1778,1521.0577549934387,98.8715277777778,65,24137.04162597656,67.06597222222223,1897,3767.630195617676,3740,1801.8437166457463,5.572141341641864,2341.736327432534,1527.4367251514896,0,5760,1.0,False,design,coef_perturb=0.1,coef_perturb,0.1,6,2020,regen-v2,637c6b535a9e,unknown,greenhouse-regen:v1,,,1.0
5760,-30.00825369694507,4.267841421364042,34.27609511830911,8.575571026551941,3.379559681277306,22.32096441047986,173381.0577429142,95.2841225172438,74.40321470159954,11.265198937591022,46.09375,3105,21463.65354204178,43.177083333333336,3273,28982524.03088379,72.41319444444444,1589,8629.700546264648,7967,2931.819154488525,2565.628092986442,2503.377540314012,404.1125547629854,0,5760,1.0,False,design,coef_perturb=0.2,coef_perturb,0.2,6,2020,regen-v2,637c6b535a9e,unknown,greenhouse-regen:v1,,,1.0
5760,9.183111628884683,16.450735582431797,7.267623953547113,3.3233840634435525,3.1960309196498065,0.7482089704537531,668311.1330362918,36.92648959381725,2.4940299015125107,10.653436398832689,47.326388888888886,3034,5306.605839729309,100.0,0,0.0,46.25,3096,13291.3441696167,6130,1136.1996802886392,86.00103116084759,2367.430310730286,837.7104928260898,0,5760,1.0,False,design,coef_perturb=0.3,coef_perturb,0.3,6,2020,regen-v2,637c6b535a9e,unknown,greenhouse-regen:v1,,,1.0
5760,6.847283887784961,15.123359828845494,8.276075941060533,5.007406321781385,3.197557786269733,0.0711118330094156,614386.4930468482,55.63784801979317,0.2370394433647188,10.658525954232443,59.21875,2349,2147.3482761383057,100.0,0,0.0,70.46875,1701,3492.993831634521,4050,1711.9337854665168,8.173773955521087,2368.561323778656,1366.155116672365,0,5760,1.0,False,design,mpc_horizon=8,mpc_horizon,8.0,7,2020,regen-v2,637c6b535a9e,unknown,greenhouse-regen:v1,,,
5760,6.104028402460147,14.885607938121687,8.781579535661539,4.976342507268765,3.719418716473145,0.0858183119196285,604727.8224861935,55.292694525208496,0.286061039732095,12.398062388243815,60.85069444444444,2255,2057.9356899261475,93.09027777777776,398,92477.6063232422,69.91319444444444,1733,3438.549907684326,4386,1701.3136776928527,9.864173776553182,2755.1249744728266,1354.3948878325527,0,5760,1.0,False,design,mpc_horizon=12,mpc_horizon,12.0,7,2020,regen-v2,637c6b535a9e,unknown,greenhouse-regen:v1,,,
5760,4.775716758592416,15.42772163325105,10.652004874658632,4.952434554092872,5.11862830273966,0.5809420178261006,626751.1913508239,55.02705060103192,1.9364733927536688,17.062094342465535,71.97916666666667,1614,998.327709197998,57.91666666666667,2424,2600563.219238281,55.50347222222223,2563,4967.007545471191,6601,1693.1400185616894,66.77494443868352,3791.576519665908,1289.6525806835666,0,5760,1.0,False,design,mpc_horizon=20,mpc_horizon,20.0,7,2020,regen-v2,637c6b535a9e,unknown,greenhouse-regen:v1,,,
5760,4.063222596472369,15.354048232559748,11.29082563608738,4.986442674569293,5.334675070031555,0.9697078914865324,623758.2094477398,55.40491860632548,3.2323596382884414,17.782250233438518,73.28125,1539,1467.6271295547483,54.25347222222222,2635,3737739.471069336,53.888888888888886,2656,5739.366313934326,6830,1704.766726811416,111.4606772209276,3951.611162765996,1256.544102252696,0,5760,1.0,False,design,mpc_horizon=30,mpc_horizon,30.0,7,2020,regen-v2,637c6b535a9e,unknown,greenhouse-regen:v1,,,
5760,6.093416775510564,16.698858833191693,10.605442057681133,4.851099270269783,5.300677287072354,0.4536655003389964,678391.1400984126,53.9011030029976,1.5122183344633215,17.66892429024118,75.95486111111111,1385,800.5668964385986,61.04166666666667,2244,2237368.3767089844,52.083333333333336,2760,5549.456481933594,6389,1658.4954775630977,52.1454598204063,3926.4276202675146,1310.3724268113624,0,5760,1.0,False,design,stlsq_threshold=0.01,stlsq_threshold,0.01,7,2020,regen-v2,637c6b535a9e,unknown,greenhouse-regen:v1,43.0,0.0546580863263845,
5760,8.794025120867364,16.223005414303334,7.428980293435967,5.026991898164075,2.244474343427792,0.1575140518441008,659059.5949560729,55.8554655351564,0.5250468394803363,7.481581144759306,69.98263888888889,1729,1415.7857856750488,100.0,0,0.0,62.51736111111112,2159,4417.956745147705,3888,1718.6297081740713,18.105063431618134,1662.5735873109052,1383.3391770273156,0,5760,1.0,False,design,stlsq_threshold=0.05,stlsq_threshold,0.05,7,2020,regen-v2,637c6b535a9e,unknown,greenhouse-regen:v1,28.0,0.0598400642979594,
5760,2.5576307650560253,5.66140543332544,3.1037746682694136,0.1648126862421166,2.1271745651649736,0.811787416862324,229994.595728846,1.831252069356851,2.7059580562077468,7.090581883883246,32.32638888888889,3898,18328.72627472877,94.84375,297,199438.74548339844,24.913194444444446,4325,31956.829040527344,8520,56.346217552982594,93.30889837117113,1575.6848638284537,1390.4997472755545,0,5760,1.0,False,design,stlsq_threshold=0.1,stlsq_threshold,0.1,7,2020,regen-v2,637c6b535a9e,unknown,greenhouse-regen:v1,19.0,0.0,
5760,-1.7005393115345235,4.770911183477677,6.471450495012201,1.186195112919202,1.0327618313734916,4.252493550719507,193818.26682878064,13.179945699102246,14.174978502398355,3.442539437911639,31.59722222222222,3940,20542.18242931366,73.92361111111111,1502,2953289.983398437,24.86111111111111,4328,27540.072818756104,9770,405.5367911603528,488.79236213370297,765.0087645344518,560.557763004144,0,5760,1.0,False,design,stlsq_threshold=0.2,stlsq_threshold,0.2,7,2020,regen-v2,637c6b535a9e,unknown,greenhouse-regen:v1,11.0,0.0,
5760,6.0578297323771455,14.771585642295127,8.713755909917982,6.108509520236903,2.40161297007376,0.2036334196073198,600095.6667182395,67.87232800263226,0.6787780653577329,8.005376566912535,91.02430555555556,517,331.8411693572998,100.0,0,0.0,77.25694444444444,1310,2895.976375579834,1827,2088.379321754639,23.40614017660465,1778.9725702641424,939.8307551586322,0,5760,1.0,False,design,coef_perturb=0.1,coef_perturb,0.1,7,2020,regen-v2,637c6b535a9e,unknown,greenhouse-regen:v1,,,1.0
4634,-39.55053940242477,0.7651866043877001,40.31572600681247,10.413288195565634,0.2088313340597714,29.693606477187068,31085.705803250312,115.70320217295148,98.97868825729024,0.6961044468659047,31.290461804056967,3184,27835.348878860477,77.75140267587398,1031,655912.3918914795,77.75140267587398,1031,4134.805335998535,5246,3560.098528794085,3413.0582157254908,154.68987687546095,61.51717423580711,0,5760,0.8045,True,design,coef_perturb=0.2,coef_perturb,0.2,7,2020,regen-v2,637c6b535a9e,unknown,greenhouse-regen:v1,,,1.0
5760,4.211224540367383,15.848266722727832,11.637042182360446,6.754230554174626,3.0518882221525905,1.8309234060332296,643835.8356108181,75.04700615749584,6.1030780201107655,10.172960740508636,99.18402777777776,47,30.68768882751465,96.40625,207,103828.2490234375,74.56597222222221,1465,3392.755516052246,1719,2309.138651241276,210.45096624459632,2260.6579421436168,1028.2414859838275,0,5760,1.0,False,design,coef_perturb=0.3,coef_perturb,0.3,7,2020,regen-v2,637c6b535a9e,unknown,greenhouse-regen:v1,,,1.0
5760,7.340932975724127,16.070664824438467,8.72973184871434,5.112197417769728,3.41463094987611,0.2029034810685025,652870.7584928127,56.80219353077476,0.6763449368950085,11.3821031662537,63.03819444444444,2129,2289.9608964920044,96.54513888888889,199,387821.0975341797,68.03819444444444,1841,3944.437320709229,4169,1747.7598004941528,23.322239224059377,2529.356258428525,1454.3257903389542,0,5760,1.0,False,design,mpc_horizon=8,mpc_horizon,8.0,8,2020,regen-v2,637c6b535a9e,unknown,greenhouse-regen:v1,,,
5760,6.740481813218016,16.090516236505685,9.35003442328767,5.078978758810035,3.961877537810324,0.3091781266673103,653677.2221080435,56.4330973201115,1.0305937555577012,13.206258459367747,64.54861111111111,2042,2190.6849842071533,94.16666666666669,336,513564.2507324219,66.71875,1917,3820.2051582336426,4295,1736.402994893729,35.53771591749558,2934.724102668123,1461.210686338156,0,5760,1.0,False,design,mpc_horizon=12,mpc_horizon,12.0,8,2020,regen-v2,637c6b535a9e,unknown,greenhouse-regen:v1,,,
5760,5.637037889154138,16.24121565427678,10.60417776512264,4.9979362317210345,5.113241808679526,0.4929997247220792,659799.3859549941,55.53262479690039,1.643332415740264,17.04413936226509,66.5625,1926,1962.0770225524905,76.19791666666667,1371,1362548.7712402344,64.28819444444444,2057,3954.8171463012695,5354,1708.696147678561,56.66663513107968,3787.58652551748,1465.482585342333,0,5760,1.0,False,design,mpc_horizon=20,mpc_horizon,20.0,8,2020,regen-v2,637c6b535a9e,unknown,greenhouse-regen:v1,,,
5760,3.967519607334765,16.630591175994375,12.66307156865961,5.042516790484562,6.325968806178729,1.2945859719963193,675617.7665247715,56.02796433871736,4.315286573321065,21.08656268726243,74.40972222222221,1474,1335.9203119277954,50.10416666666667,2874,4333715.86328125,57.08333333333333,2472,5253.653945922852,6820,1723.9373636899008,148.8029852160593,4685.902817841178,1396.77203160014,0,5760,1.0,False,design,mpc_horizon=30,mpc_horizon,30.0,8,2020,regen-v2,637c6b535a9e,unknown,greenhouse-regen:v1,,,
5760,2.7793792962251764,12.72102497343576,9.941645677210587,4.752622718877267,4.559529354158162,0.629493604175159,516791.6395458279,52.8069190986363,2.0983120139171967,15.198431180527209,66.31944444444444,1940,2200.9293384552,73.73263888888889,1513,1573381.4038085938,56.614583333333336,2499,5506.224067687988,5952,1624.8282800718534,72.35558653295858,3377.429149886116,1476.3499548629436,0,5760,1.0,False,design,stlsq_threshold=0.01,stlsq_threshold,0.01,8,2020,regen-v2,637c6b535a9e,unknown,greenhouse-regen:v1,42.0,0.0381813666286174,
5760,8.30306627585382,16.209806253704883,7.906739977851061,5.175337741465278,2.7314022363857826,0.0,658523.3790567608,57.50375268294754,0.0,9.104674121285942,54.63541666666667,2613,3577.9500408172607,100.0,0,0.0,79.35763888888889,1189,2730.1238403320312,3802,1769.3462366893352,0.0,2023.260916222211,1544.0462137780255,0,5760,1.0,False,design,stlsq_threshold=0.05,stlsq_threshold,0.05,8,2020,regen-v2,637c6b535a9e,unknown,greenhouse-regen:v1,28.0,0.0,
5760,2.800490869752549,5.787678927195657,2.987188057443108,0.1457178197506349,2.1246491820296542,0.7168210556628182,235124.4564173236,1.6190868861181664,2.3894035188760605,7.082163940098848,32.72569444444444,3875,18317.009782791138,95.7465277777778,245,133930.95092773438,24.70486111111111,4337,32232.38998413086,8457,49.818057923647146,82.39322476855483,1573.8142093480028,1396.098256871839,0,5760,1.0,False,design,stlsq_threshold=0.1,stlsq_threshold,0.1,8,2020,regen-v2,637c6b535a9e,unknown,greenhouse-regen:v1,19.0,0.0,
5760,-3.2718495024083083,4.282524160452554,7.554373662860863,1.266471385743306,1.3578228403284762,4.930079436789081,173977.54401838503,14.071904286036736,16.43359812263027,4.526076134428254,32.11805555555556,3910,20775.62267291546,69.67013888888889,1747,3774947.876342773,26.822916666666668,4215,27415.866054534912,9872,432.98167015815983,566.6757973947291,1005.7946969348102,681.8901967238753,0,5760,1.0,False,design,stlsq_threshold=0.2,stlsq_threshold,0.2,8,2020,regen-v2,637c6b535a9e,unknown,greenhouse-regen:v1,10.0,0.0,
5760,5.507989946483268,16.29367385576871,10.78568390928544,6.162490461630794,4.147719022240027,0.4754744254146199,661930.5003906038,68.47211624034216,1.5849147513820665,13.825730074133425,92.32638888888889,442,308.1756992340088,60.45138888888889,2278,3376707.9650878906,63.74999999999999,2088,5028.338279724121,4808,2106.8343452949302,54.652232807876736,3072.384460732785,814.2635795139169,0,5760,1.0,False,design,coef_perturb=0.1,coef_perturb,0.1,8,2020,regen-v2,637c6b535a9e,unknown,greenhouse-regen:v1,,,1.0
5699,-0.1936947897223179,14.66384485413976,14.857539643862076,10.007250353269598,3.1724652968673768,1.6778239937251056,595718.6971994278,111.19167059188442,5.592746645750352,10.574884322891256,93.26197578522547,384,357.2655200958252,99.31566941568695,39,10322.688598632812,96.45551851201964,202,515.1458511352539,625,3421.282172655291,192.8533325330166,2349.9742939433745,1974.0294698065,0,5760,0.9894,True,design,coef_perturb=0.2,coef_perturb,0.2,8,2020,regen-v2,637c6b535a9e,unknown,greenhouse-regen:v1,,,1.0
5760,-1.6857853966583916,12.067071116611244,13.752856513269636,2.864345739778175,2.137442813697388,8.751067959794074,490224.7641123319,31.826063775313056,29.170226532646915,7.124809378991294,53.29861111111112,2690,9803.560011863708,77.32638888888889,1306,24031301.81298828,27.48263888888889,4177,30256.483695983887,8173,979.2635004485178,1005.8698805000188,1583.2909730867318,303.7662183692951,0,5760,1.0,False,design,coef_perturb=0.3,coef_perturb,0.3,8,2020,regen-v2,637c6b535a9e,unknown,greenhouse-regen:v1,,,1.0
5760,5.925186319355129,14.323058801674438,8.39787248231931,4.758378922882054,3.511943936350834,0.127549623086421,581874.2638180241,52.87087692091171,0.4251654102880702,11.706479787836113,52.53472222222222,2734,3301.242705345154,99.98263888888889,1,10.2283935546875,74.87847222222223,1447,2832.082427978516,4182,1626.7962120520738,14.660876167921447,2601.439952112813,1462.281485444983,0,5760,1.0,False,design,mpc_horizon=8,mpc_horizon,8.0,9,2020,regen-v2,637c6b535a9e,unknown,greenhouse-regen:v1,,,
5760,4.886652900297549,13.993046873966588,9.106393973669038,4.761934623527209,4.201872134062466,0.1425872160793635,568467.5292548926,52.91038470585787,0.4752907202645451,14.006240446874887,52.13541666666666,2757,3230.223381996155,90.83333333333331,528,111399.34729003906,75.0,1440,2643.785762786865,4725,1628.0118365323724,16.38933522146794,3112.4978764707685,1459.6748909087903,0,5760,1.0,False,design,mpc_horizon=12,mpc_horizon,12.0,9,2020,regen-v2,637c6b535a9e,unknown,greenhouse-regen:v1,,,
5760,2.993054135197072,14.37018855950978,11.377134424312713,4.719286801774617,5.729770679862103,0.928076942675994,583788.910230085,52.43652001971797,3.0935898089199805,19.099235599540343,54.895833333333336,2598,2660.617919921875,59.61805555555556,2326,2982513.2231445312,68.87152777777777,1793,3482.712574005127,6717,1613.4313859801036,106.67551079192472,4244.274576068947,1445.0702751894146,0,5760,1.0,False,design,mpc_horizon=20,mpc_horizon,20.0,9,2020,regen-v2,637c6b535a9e,unknown,greenhouse-regen:v1,,,
5760,2.8352383707095603,14.617227071749028,11.781988701039468,4.73370864117641,6.055353112811716,0.9929269470513404,593824.8497898042,52.596762679737886,3.309756490171135,20.184510376039054,56.33680555555556,2515,2510.289710998535,56.770833333333336,2490,3534052.8850097656,66.54513888888889,1927,3792.215900421143,6932,1618.3619287553422,114.1295340451631,4485.44674916153,1453.0402094016797,0,5760,1.0,False,design,mpc_horizon=30,mpc_horizon,30.0,9,2020,regen-v2,637c6b535a9e,unknown,greenhouse-regen:v1,,,
5760,3.0301454662428107,13.251856471569186,10.221711005326371,4.613667213578298,4.794064665812065,0.8139791259360121,538356.6691574982,51.26296903975887,2.7132637531200405,15.980215552706882,62.39583333333333,2166,2213.483154296875,63.020833333333336,2130,2407143.512573242,55.43402777777777,2567,5795.780139923096,6863,1577.3221250123752,93.56081920441892,3551.1590104508787,1492.429302514287,0,5760,1.0,False,design,stlsq_threshold=0.01,stlsq_threshold,0.01,9,2020,regen-v2,637c6b535a9e,unknown,greenhouse-regen:v1,42.0,0.026461358351139,
5760,8.081993270905897,16.134212591005515,8.052219320099615,4.762911184822487,2.528875067738356,0.7604330675387725,655452.3865095989,52.92123538691652,2.5347768917959086,8.429583559127853,57.65625,2439,3229.201303482056,100.0,0,0.0,66.26736111111111,1943,4088.235801696777,4382,1628.3457037049816,87.40609969189822,1873.2407909864717,1536.6169970111457,0,5760,1.0,False,design,stlsq_threshold=0.05,stlsq_threshold,0.05,9,2020,regen-v2,637c6b535a9e,unknown,greenhouse-regen:v1,29.0,0.0,
5760,2.3076675209131445,5.5546306633600775,3.2469631424469334,0.1391172071792185,2.395631940435937,0.712213994831778,225656.8706990032,1.5457467464357617,2.3740466494392605,7.985439801453124,32.708333333333336,3876,18557.71558189392,94.8784722222222,295,129266.6944580078,24.70486111111111,4337,32471.582553863525,8508,47.56143833567192,81.86367758138474,1774.5421772619973,1442.023650777152,0,5760,1.0,False,design,stlsq_threshold=0.1,stlsq_threshold,0.1,9,2020,regen-v2,637c6b535a9e,unknown,greenhouse-regen:v1,17.0,0.0,
5760,2.676532685275755,4.509600131593015,1.833067446317259,0.2727841349871363,0.3579109901144783,1.2023723212156443,183202.5053459662,3.030934833190404,4.007907737385482,1.193036633714928,29.635416666666664,4053,18326.869955539703,89.63541666666667,597,930744.2106933594,25.104166666666668,4314,33013.173095703125,8964,93.25953315718462,138.20371493200395,265.1192518532054,1527.6787621121548,0,5760,1.0,False,design,stlsq_threshold=0.2,stlsq_threshold,0.2,9,2020,regen-v2,637c6b535a9e,unknown,greenhouse-regen:v1,12.0,0.0,
5760,5.263807758127647,16.378308783448336,11.11450102532069,4.988565197912873,5.704760411382884,0.4211754160249324,665368.7943275886,55.428502199031925,1.4039180534164415,19.015868037942948,55.86805555555555,2542,2652.037669181824,68.75,1800,1191468.814819336,64.54861111111111,2042,3764.627330780029,6384,1705.492375657317,48.41096732294199,4225.748452761025,1409.812401826462,0,5760,1.0,False,design,coef_perturb=0.1,coef_perturb,0.1,9,2020,regen-v2,637c6b535a9e,unknown,greenhouse-regen:v1,,,1.0
5700,-33.540521447241986,2.376939893420321,35.917461340662314,10.97129541413178,6.553818708514253,18.392347218016276,96563.18317020056,121.903282379242,61.30782406005424,21.84606236171418,66.50877192982456,1909,17030.874762535095,24.57894736842105,4299,37801809.18371582,87.33333333333333,722,3349.5265674591064,6930,3750.8702269785,2114.062898490097,4854.680524540649,1148.3234279165622,0,5760,0.9896,True,design,coef_perturb=0.2,coef_perturb,0.2,9,2020,regen-v2,637c6b535a9e,unknown,greenhouse-regen:v1,,,1.0
5760,9.367583436991543,15.226879928994904,5.85929649200336,2.9330927936002373,1.7854694123317103,1.1407342860714118,618591.997115418,32.589919928891526,3.80244762023804,5.951564707772368,39.375,3492,7741.695598602295,100.0,0,0.0,27.500000000000004,4176,14989.36990737915,7668,1002.7667674506228,131.11888369928317,1322.5699352995812,952.2937519332988,0,5760,1.0,False,design,coef_perturb=0.3,coef_perturb,0.3,9,2020,regen-v2,637c6b535a9e,unknown,greenhouse-regen:v1,,,1.0
