block,condition,seed,variant,degree,optimizer,denoise,n_days_train,regen_id,config_hash,git_sha,image,nonzero,kappa,rollout_rmse_t_in,diverged_frac,one_step_rmse_t_in,sign_pass,embeddable,secs
ladder,raw/d1/stlsq/none,0,raw,1,stlsq,none,60,regen-v2,637c6b535a9e,unknown,greenhouse-regen:v1,18,8.250106040913362,2.7028848669658503,0.0,1.8451065324660088,,True,30.3
ladder,raw/d1/stlsq/savgol,0,raw,1,stlsq,savgol,60,regen-v2,637c6b535a9e,unknown,greenhouse-regen:v1,3,9.155973347559144,5.413741863785208,0.0,3.0257397163583866,,True,28.9
ladder,raw/d1/stlsq/kalman,0,raw,1,stlsq,kalman,60,regen-v2,637c6b535a9e,unknown,greenhouse-regen:v1,3,7.846241675127437,5.772605119967523,0.0,3.0282607315878685,,True,29.6
ladder,raw/d1/sr3/none,0,raw,1,sr3,none,60,regen-v2,637c6b535a9e,unknown,greenhouse-regen:v1,6,8.250106040913362,4.283029698787301,0.0,2.3505097115335256,,True,29.4
ladder,raw/d1/sr3/savgol,0,raw,1,sr3,savgol,60,regen-v2,637c6b535a9e,unknown,greenhouse-regen:v1,3,9.155973347559144,5.106283021039892,0.0,3.011897792092602,,True,29.2
ladder,raw/d1/sr3/kalman,0,raw,1,sr3,kalman,60,regen-v2,637c6b535a9e,unknown,greenhouse-regen:v1,3,7.846241675127437,9.231520167132496,0.0,3.0324914917041483,,True,30.1
ladder,raw/d1/constrained/none,0,raw,1,constrained,none,60,regen-v2,637c6b535a9e,unknown,greenhouse-regen:v1,6,8.250106040913362,4.283029698787301,0.0,2.3505097115335256,,True,29.1
ladder,raw/d1/constrained/savgol,0,raw,1,constrained,savgol,60,regen-v2,637c6b535a9e,unknown,greenhouse-regen:v1,3,9.155973347559144,5.106283021039892,0.0,3.011897792092602,,True,29.3
ladder,raw/d1/constrained/kalman,0,raw,1,constrained,kalman,60,regen-v2,637c6b535a9e,unknown,greenhouse-regen:v1,3,7.846241675127437,9.231520167132496,0.0,3.0324914917041483,,True,29.8
ladder,raw/d1/ensemble/none,0,raw,1,ensemble,none,60,regen-v2,637c6b535a9e,unknown,greenhouse-regen:v1,18,8.250106040913362,2.698936577725245,0.0,1.8451423239659812,,True,29.7
ladder,raw/d1/ensemble/savgol,0,raw,1,ensemble,savgol,60,regen-v2,637c6b535a9e,unknown,greenhouse-regen:v1,3,9.155973347559144,5.379840345765757,0.0,3.0252846481965188,,True,29.5
ladder,raw/d1/ensemble/kalman,0,raw,1,ensemble,kalman,60,regen-v2,637c6b535a9e,unknown,greenhouse-regen:v1,3,7.846241675127437,5.706364401892126,0.0,3.02796216193547,,True,30.2
ladder,raw/d2/stlsq/none,0,raw,2,stlsq,none,60,regen-v2,637c6b535a9e,unknown,greenhouse-regen:v1,45,8.250106040913362,83.94141867397525,0.05,1.0908086407180813,,False,152.0
ladder,raw/d2/stlsq/savgol,0,raw,2,stlsq,savgol,60,regen-v2,637c6b535a9e,unknown,greenhouse-regen:v1,3,9.155973347559144,5.413741863785208,0.0,3.0257397163583866,,False,162.8
ladder,raw/d2/stlsq/kalman,0,raw,2,stlsq,kalman,60,regen-v2,637c6b535a9e,unknown,greenhouse-regen:v1,3,7.846241675127437,5.772605119967523,0.0,3.0282607315878685,,False,166.9
ladder,raw/d2/sr3/none,0,raw,2,sr3,none,60,regen-v2,637c6b535a9e,unknown,greenhouse-regen:v1,6,8.250106040913362,4.658244008398686,0.0,2.3356304046048963,,False,163.1
ladder,raw/d2/sr3/savgol,0,raw,2,sr3,savgol,60,regen-v2,637c6b535a9e,unknown,greenhouse-regen:v1,3,9.155973347559144,5.191614880030573,0.0,3.0199112716112237,,False,163.3
ladder,raw/d2/sr3/kalman,0,raw,2,sr3,kalman,60,regen-v2,637c6b535a9e,unknown,greenhouse-regen:v1,3,7.846241675127437,30.471546035039697,0.0,3.036556013764024,,False,164.0
ladder,raw/d2/constrained/none,0,raw,2,constrained,none,60,regen-v2,637c6b535a9e,unknown,greenhouse-regen:v1,6,8.250106040913362,4.658244008398686,0.0,2.3356304046048963,,False,160.4
ladder,raw/d2/constrained/savgol,0,raw,2,constrained,savgol,60,regen-v2,637c6b535a9e,unknown,greenhouse-regen:v1,3,9.155973347559144,5.191614880030573,0.0,3.0199112716112237,,False,161.6
ladder,raw/d2/constrained/kalman,0,raw,2,constrained,kalman,60,regen-v2,637c6b535a9e,unknown,greenhouse-regen:v1,3,7.846241675127437,30.471546035039697,0.0,3.036556013764024,,False,164.8
ladder,raw/d2/ensemble/none,0,raw,2,ensemble,none,60,regen-v2,637c6b535a9e,unknown,greenhouse-regen:v1,43,8.250106040913362,8.578105796115695,0.2,1.330631154073319,,False,138.8
ladder,raw/d2/ensemble/savgol,0,raw,2,ensemble,savgol,60,regen-v2,637c6b535a9e,unknown,greenhouse-regen:v1,3,9.155973347559144,5.418504848847255,0.0,3.0257979908456054,,False,160.0
ladder,raw/d2/ensemble/kalman,0,raw,2,ensemble,kalman,60,regen-v2,637c6b535a9e,unknown,greenhouse-regen:v1,3,7.846241675127437,5.7660474944952025,0.0,3.028232991401195,,False,166.7
ladder,physics/d1/stlsq/none,0,physics,1,stlsq,none,60,regen-v2,637c6b535a9e,unknown,greenhouse-regen:v1,39,53.1229612468201,26.913607202603345,0.6833333333333333,1.6193189489428546,,True,17.5
ladder,physics/d1/stlsq/savgol,0,physics,1,stlsq,savgol,60,regen-v2,637c6b535a9e,unknown,greenhouse-regen:v1,3,42.000005374194416,5.413741863785208,0.0,3.0257397163583866,,True,38.4
ladder,physics/d1/stlsq/kalman,0,physics,1,stlsq,kalman,60,regen-v2,637c6b535a9e,unknown,greenhouse-regen:v1,3,40.17318113305419,5.772605119967523,0.0,3.0282607315878685,,True,40.1
ladder,physics/d1/sr3/none,0,physics,1,sr3,none,60,regen-v2,637c6b535a9e,unknown,greenhouse-regen:v1,14,53.1229612468201,347.82580976347555,0.9666666666666668,2.9740485724029933,,True,6.4
ladder,physics/d1/sr3/savgol,0,physics,1,sr3,savgol,60,regen-v2,637c6b535a9e,unknown,greenhouse-regen:v1,3,42.000005374194416,5.191941241329701,0.0,3.0199293358396786,,True,39.2
ladder,physics/d1/sr3/kalman,0,physics,1,sr3,kalman,60,regen-v2,637c6b535a9e,unknown,greenhouse-regen:v1,3,40.17318113305419,89.50220370047403,0.0833333333333333,3.040036956084204,,True,39.4
ladder,physics/d1/constrained/none,0,physics,1,constrained,none,60,regen-v2,637c6b535a9e,unknown,greenhouse-regen:v1,14,53.1229612468201,347.82580976347555,0.9666666666666668,2.9740485724029933,,True,6.5
ladder,physics/d1/constrained/savgol,0,physics,1,constrained,savgol,60,regen-v2,637c6b535a9e,unknown,greenhouse-regen:v1,3,42.000005374194416,5.191941241329701,0.0,3.0199293358396786,,True,39.2
ladder,physics/d1/constrained/kalman,0,physics,1,constrained,kalman,60,regen-v2,637c6b535a9e,unknown,greenhouse-regen:v1,3,40.17318113305419,89.50220370047403,0.0833333333333333,3.040036956084204,,True,39.7
ladder,physics/d1/ensemble/none,0,physics,1,ensemble,none,60,regen-v2,637c6b535a9e,unknown,greenhouse-regen:v1,37,53.1229612468201,27.269932148246674,0.7,1.6206060746800135,,True,18.3
ladder,physics/d1/ensemble/savgol,0,physics,1,ensemble,savgol,60,regen-v2,637c6b535a9e,unknown,greenhouse-regen:v1,5,42.000005374194416,5.419122728972656,0.0,3.025805458392118,,True,39.2
ladder,physics/d1/ensemble/kalman,0,physics,1,ensemble,kalman,60,regen-v2,637c6b535a9e,unknown,greenhouse-regen:v1,3,40.17318113305419,5.825570532589447,0.0,3.028472193817541,,True,40.4
ladder,physics/d2/stlsq/none,0,physics,2,stlsq,none,60,regen-v2,637c6b535a9e,unknown,greenhouse-regen:v1,274,53.1229612468201,139.75904496249555,0.2,0.9496019764137028,,False,280.4
ladder,physics/d2/stlsq/savgol,0,physics,2,stlsq,savgol,60,regen-v2,637c6b535a9e,unknown,greenhouse-regen:v1,17,42.000005374194416,5.320526983656525,0.2666666666666666,3.0257397163583866,,False,254.1
ladder,physics/d2/stlsq/kalman,0,physics,2,stlsq,kalman,60,regen-v2,637c6b535a9e,unknown,greenhouse-regen:v1,3,40.17318113305419,5.772605119967523,0.0,3.0282607315878685,,False,327.7
ladder,physics/d2/sr3/none,0,physics,2,sr3,none,60,regen-v2,637c6b535a9e,unknown,greenhouse-regen:v1,145,53.1229612468201,1603.1526091125368,1.0,8.04893380864807,,False,28.9
ladder,physics/d2/sr3/savgol,0,physics,2,sr3,savgol,60,regen-v2,637c6b535a9e,unknown,greenhouse-regen:v1,3,42.000005374194416,33.46559851677395,0.0,3.036823294545936,,False,329.2
ladder,physics/d2/sr3/kalman,0,physics,2,sr3,kalman,60,regen-v2,637c6b535a9e,unknown,greenhouse-regen:v1,3,40.17318113305419,142.1988722430195,0.1,3.041490414481199,,False,322.4
ladder,physics/d2/constrained/none,0,physics,2,constrained,none,60,regen-v2,637c6b535a9e,unknown,greenhouse-regen:v1,145,53.1229612468201,1603.1526091125368,1.0,8.04893380864807,,False,29.1
ladder,physics/d2/constrained/savgol,0,physics,2,constrained,savgol,60,regen-v2,637c6b535a9e,unknown,greenhouse-regen:v1,3,42.000005374194416,33.46559851677395,0.0,3.036823294545936,,False,328.7
ladder,physics/d2/constrained/kalman,0,physics,2,constrained,kalman,60,regen-v2,637c6b535a9e,unknown,greenhouse-regen:v1,3,40.17318113305419,142.1988722430195,0.1,3.041490414481199,,False,322.1
ladder,physics/d2/ensemble/none,0,physics,2,ensemble,none,60,regen-v2,637c6b535a9e,unknown,greenhouse-regen:v1,238,53.1229612468201,2326.357016733737,1.0,6.421969408699778,,False,19.4
ladder,physics/d2/ensemble/savgol,0,physics,2,ensemble,savgol,60,regen-v2,637c6b535a9e,unknown,greenhouse-regen:v1,5,42.000005374194416,5.187345252872938,0.2333333333333333,3.0246021160692385,,False,288.2
ladder,physics/d2/ensemble/kalman,0,physics,2,ensemble,kalman,60,regen-v2,637c6b535a9e,unknown,greenhouse-regen:v1,3,40.17318113305419,5.669335252839462,0.0,3.027775004694098,,False,338.1
ladder,physics_no_cross/d1/stlsq/none,0,physics_no_cross,1,stlsq,none,60,regen-v2,637c6b535a9e,unknown,greenhouse-regen:v1,27,24.682024019054577,11.793038447371446,0.25,1.6756972410729196,,True,27.7
ladder,physics_no_cross/d1/stlsq/savgol,0,physics_no_cross,1,stlsq,savgol,60,regen-v2,637c6b535a9e,unknown,greenhouse-regen:v1,3,14.7415425686459,5.413741863785208,0.0,3.0257397163583866,,True,33.6
ladder,physics_no_cross/d1/stlsq/kalman,0,physics_no_cross,1,stlsq,kalman,60,regen-v2,637c6b535a9e,unknown,greenhouse-regen:v1,3,14.679768406306463,5.772605119967523,0.0,3.0282607315878685,,True,34.1
ladder,physics_no_cross/d1/sr3/none,0,physics_no_cross,1,sr3,none,60,regen-v2,637c6b535a9e,unknown,greenhouse-regen:v1,9,24.682024019054577,5.864176238351366,0.05,2.7813662668833485,,True,32.1
ladder,physics_no_cross/d1/sr3/savgol,0,physics_no_cross,1,sr3,savgol,60,regen-v2,637c6b535a9e,unknown,greenhouse-regen:v1,3,14.7415425686459,5.43626827848443,0.0,3.026004692692708,,True,33.8
ladder,physics_no_cross/d1/sr3/kalman,0,physics_no_cross,1,sr3,kalman,60,regen-v2,637c6b535a9e,unknown,greenhouse-regen:v1,3,14.679768406306463,147.41966820196345,0.1,3.041593253248658,,True,32.9
ladder,physics_no_cross/d1/constrained/none,0,physics_no_cross,1,constrained,none,60,regen-v2,637c6b535a9e,unknown,greenhouse-regen:v1,9,24.682024019054577,5.864176238351366,0.05,2.7813662668833485,,True,32.1
ladder,physics_no_cross/d1/constrained/savgol,0,physics_no_cross,1,constrained,savgol,60,regen-v2,637c6b535a9e,unknown,greenhouse-regen:v1,3,14.7415425686459,5.43626827848443,0.0,3.026004692692708,,True,33.9
ladder,physics_no_cross/d1/constrained/kalman,0,physics_no_cross,1,constrained,kalman,60,regen-v2,637c6b535a9e,unknown,greenhouse-regen:v1,3,14.679768406306463,147.41966820196345,0.1,3.041593253248658,,True,32.9
ladder,physics_no_cross/d1/ensemble/none,0,physics_no_cross,1,ensemble,none,60,regen-v2,637c6b535a9e,unknown,greenhouse-regen:v1,27,24.682024019054577,11.89965224630375,0.25,1.6760719078443884,,True,28.0
ladder,physics_no_cross/d1/ensemble/savgol,0,physics_no_cross,1,ensemble,savgol,60,regen-v2,637c6b535a9e,unknown,greenhouse-regen:v1,3,14.7415425686459,5.440909291871202,0.0,3.0260561133239445,,True,34.3
ladder,physics_no_cross/d1/ensemble/kalman,0,physics_no_cross,1,ensemble,kalman,60,regen-v2,637c6b535a9e,unknown,greenhouse-regen:v1,3,14.679768406306463,5.765726342063932,0.0,3.028231623369734,,True,34.8
ladder,physics_no_cross/d2/stlsq/none,0,physics_no_cross,2,stlsq,none,60,regen-v2,637c6b535a9e,unknown,greenhouse-regen:v1,109,24.682024019054577,7574.934119184187,0.2,1.026759906576133,,False,182.4
ladder,physics_no_cross/d2/stlsq/savgol,0,physics_no_cross,2,stlsq,savgol,60,regen-v2,637c6b535a9e,unknown,greenhouse-regen:v1,3,14.7415425686459,5.413741863785208,0.0,3.0257397163583866,,False,226.0
ladder,physics_no_cross/d2/stlsq/kalman,0,physics_no_cross,2,stlsq,kalman,60,regen-v2,637c6b535a9e,unknown,greenhouse-regen:v1,3,14.679768406306463,5.772605119967523,0.0,3.0282607315878685,,False,222.5
ladder,physics_no_cross/d2/sr3/none,0,physics_no_cross,2,sr3,none,60,regen-v2,637c6b535a9e,unknown,greenhouse-regen:v1,42,24.682024019054577,332.93404195898813,0.8833333333333333,2.7531315890009025,,False,43.5
ladder,physics_no_cross/d2/sr3/savgol,0,physics_no_cross,2,sr3,savgol,60,regen-v2,637c6b535a9e,unknown,greenhouse-regen:v1,3,14.7415425686459,13.141873233292584,0.0,3.033926651719001,,False,223.7
ladder,physics_no_cross/d2/sr3/kalman,0,physics_no_cross,2,sr3,kalman,60,regen-v2,637c6b535a9e,unknown,greenhouse-regen:v1,3,14.679768406306463,101.69329360901452,0.0833333333333333,3.0404687331399933,,False,217.5
ladder,physics_no_cross/d2/constrained/none,0,physics_no_cross,2,constrained,none,60,regen-v2,637c6b535a9e,unknown,greenhouse-regen:v1,42,24.682024019054577,332.93404195898813,0.8833333333333333,2.7531315890009025,,False,43.7
ladder,physics_no_cross/d2/constrained/savgol,0,physics_no_cross,2,constrained,savgol,60,regen-v2,637c6b535a9e,unknown,greenhouse-regen:v1,3,14.7415425686459,13.141873233292584,0.0,3.033926651719001,,False,224.9
ladder,physics_no_cross/d2/constrained/kalman,0,physics_no_cross,2,constrained,kalman,60,regen-v2,637c6b535a9e,unknown,greenhouse-regen:v1,3,14.679768406306463,101.69329360901452,0.0833333333333333,3.0404687331399933,,False,213.6
ladder,physics_no_cross/d2/ensemble/none,0,physics_no_cross,2,ensemble,none,60,regen-v2,637c6b535a9e,unknown,greenhouse-regen:v1,100,24.682024019054577,1823.595664887256,0.9166666666666666,6.513024226793951,,False,35.9
ladder,physics_no_cross/d2/ensemble/savgol,0,physics_no_cross,2,ensemble,savgol,60,regen-v2,637c6b535a9e,unknown,greenhouse-regen:v1,3,14.7415425686459,5.410537001487434,0.0,3.025699782077746,,False,222.7
ladder,physics_no_cross/d2/ensemble/kalman,0,physics_no_cross,2,ensemble,kalman,60,regen-v2,637c6b535a9e,unknown,greenhouse-regen:v1,3,14.679768406306463,5.790199311887018,0.0,3.0283333885825416,,False,223.0
ladder,raw/d1/stlsq/none,1,raw,1,stlsq,none,60,regen-v2,637c6b535a9e,unknown,greenhouse-regen:v1,21,8.329418245347194,2.6938860096702757,0.0,1.9030105055874065,,True,30.5
ladder,raw/d1/stlsq/savgol,1,raw,1,stlsq,savgol,60,regen-v2,637c6b535a9e,unknown,greenhouse-regen:v1,3,9.486451582398129,5.525625305759336,0.0,3.179306044855367,,True,28.5
ladder,raw/d1/stlsq/kalman,1,raw,1,stlsq,kalman,60,regen-v2,637c6b535a9e,unknown,greenhouse-regen:v1,3,8.122535106186278,5.80134404922512,0.0,3.1819264388579644,,True,29.5
ladder,raw/d1/sr3/none,1,raw,1,sr3,none,60,regen-v2,637c6b535a9e,unknown,greenhouse-regen:v1,6,8.329418245347194,4.437675325203147,0.0,2.4794594653253066,,True,29.1
ladder,raw/d1/sr3/savgol,1,raw,1,sr3,savgol,60,regen-v2,637c6b535a9e,unknown,greenhouse-regen:v1,3,9.486451582398129,5.303845447825567,0.0,3.168373257393266,,True,28.9
ladder,raw/d1/sr3/kalman,1,raw,1,sr3,kalman,60,regen-v2,637c6b535a9e,unknown,greenhouse-regen:v1,3,8.122535106186278,11.996320189381152,0.0,3.187815839055706,,True,29.5
ladder,raw/d1/constrained/none,1,raw,1,constrained,none,60,regen-v2,637c6b535a9e,unknown,greenhouse-regen:v1,6,8.329418245347194,4.437675325203147,0.0,2.4794594653253066,,True,28.5
ladder,raw/d1/constrained/savgol,1,raw,1,constrained,savgol,60,regen-v2,637c6b535a9e,unknown,greenhouse-regen:v1,3,9.486451582398129,5.303845447825567,0.0,3.168373257393266,,True,28.8
ladder,raw/d1/constrained/kalman,1,raw,1,constrained,kalman,60,regen-v2,637c6b535a9e,unknown,greenhouse-regen:v1,3,8.122535106186278,11.996320189381152,0.0,3.187815839055706,,True,29.2
ladder,raw/d1/ensemble/none,1,raw,1,ensemble,none,60,regen-v2,637c6b535a9e,unknown,greenhouse-regen:v1,20,8.329418245347194,2.779858314738233,0.0,1.923649746595969,,True,28.7
ladder,raw/d1/ensemble/savgol,1,raw,1,ensemble,savgol,60,regen-v2,637c6b535a9e,unknown,greenhouse-regen:v1,3,9.486451582398129,5.52166253406292,0.0,3.179238155727205,,True,28.7
ladder,raw/d1/ensemble/kalman,1,raw,1,ensemble,kalman,60,regen-v2,637c6b535a9e,unknown,greenhouse-regen:v1,3,8.122535106186278,5.774646412567467,0.0,3.1817708717717803,,True,29.7
ladder,raw/d2/stlsq/none,1,raw,2,stlsq,none,60,regen-v2,637c6b535a9e,unknown,greenhouse-regen:v1,44,8.329418245347194,2.0274468858240016,0.0,1.1534197521645548,,False,156.2
ladder,raw/d2/stlsq/savgol,1,raw,2,stlsq,savgol,60,regen-v2,637c6b535a9e,unknown,greenhouse-regen:v1,3,9.486451582398129,5.525625305759336,0.0,3.179306044855367,,False,157.7
ladder,raw/d2/stlsq/kalman,1,raw,2,stlsq,kalman,60,regen-v2,637c6b535a9e,unknown,greenhouse-regen:v1,3,8.122535106186278,5.80134404922512,0.0,3.1819264388579644,,False,160.7
ladder,raw/d2/sr3/none,1,raw,2,sr3,none,60,regen-v2,637c6b535a9e,unknown,greenhouse-regen:v1,7,8.329418245347194,4.764391295224836,0.0,2.4345829231546814,,False,157.6
ladder,raw/d2/sr3/savgol,1,raw,2,sr3,savgol,60,regen-v2,637c6b535a9e,unknown,greenhouse-regen:v1,3,9.486451582398129,5.292672440439689,0.0,3.166799609385903,,False,158.6
ladder,raw/d2/sr3/kalman,1,raw,2,sr3,kalman,60,regen-v2,637c6b535a9e,unknown,greenhouse-regen:v1,3,8.122535106186278,5.471407919522246,0.0,3.178204036228939,,False,159.4
ladder,raw/d2/constrained/none,1,raw,2,constrained,none,60,regen-v2,637c6b535a9e,unknown,greenhouse-regen:v1,7,8.329418245347194,4.764391295224836,0.0,2.4345829231546814,,False,160.2
ladder,raw/d2/constrained/savgol,1,raw,2,constrained,savgol,60,regen-v2,637c6b535a9e,unknown,greenhouse-regen:v1,3,9.486451582398129,5.292672440439689,0.0,3.166799609385903,,False,159.8
ladder,raw/d2/constrained/kalman,1,raw,2,constrained,kalman,60,regen-v2,637c6b535a9e,unknown,greenhouse-regen:v1,3,8.122535106186278,5.471407919522246,0.0,3.178204036228939,,False,162.3
ladder,raw/d2/ensemble/none,1,raw,2,ensemble,none,60,regen-v2,637c6b535a9e,unknown,greenhouse-regen:v1,47,8.329418245347194,1.9660553963877376,0.25,1.153848902966179,,False,128.6
ladder,raw/d2/ensemble/savgol,1,raw,2,ensemble,savgol,60,regen-v2,637c6b535a9e,unknown,greenhouse-regen:v1,3,9.486451582398129,5.507692742411092,0.0,3.178984932325192,,False,160.3
ladder,raw/d2/ensemble/kalman,1,raw,2,ensemble,kalman,60,regen-v2,637c6b535a9e,unknown,greenhouse-regen:v1,3,8.122535106186278,5.85992227172719,0.0,3.1822320722630737,,False,164.2
ladder,physics/d1/stlsq/none,1,physics,1,stlsq,none,60,regen-v2,637c6b535a9e,unknown,greenhouse-regen:v1,40,54.37055647305419,23.14565720959295,0.6333333333333333,1.6566366286187388,,True,19.9
ladder,physics/d1/stlsq/savgol,1,physics,1,stlsq,savgol,60,regen-v2,637c6b535a9e,unknown,greenhouse-regen:v1,3,42.6121865035657,5.525625305759336,0.0,3.179306044855367,,True,38.5
ladder,physics/d1/stlsq/kalman,1,physics,1,stlsq,kalman,60,regen-v2,637c6b535a9e,unknown,greenhouse-regen:v1,3,40.19892204062556,5.80134404922512,0.0,3.1819264388579644,,True,39.6
ladder,physics/d1/sr3/none,1,physics,1,sr3,none,60,regen-v2,637c6b535a9e,unknown,greenhouse-regen:v1,14,54.37055647305419,1385.2543271673808,0.7333333333333333,2.1769859688496,,True,16.0
ladder,physics/d1/sr3/savgol,1,physics,1,sr3,savgol,60,regen-v2,637c6b535a9e,unknown,greenhouse-regen:v1,3,42.6121865035657,5.31246070944325,0.0,3.1694311104107524,,True,37.9
ladder,physics/d1/sr3/kalman,1,physics,1,sr3,kalman,60,regen-v2,637c6b535a9e,unknown,greenhouse-regen:v1,3,40.19892204062556,66.17922551552692,0.0,3.1931414082270657,,True,39.2
ladder,physics/d1/constrained/none,1,physics,1,constrained,none,60,regen-v2,637c6b535a9e,unknown,greenhouse-regen:v1,14,54.37055647305419,1385.2543271673808,0.7333333333333333,2.1769859688496,,True,16.3
ladder,physics/d1/constrained/savgol,1,physics,1,constrained,savgol,60,regen-v2,637c6b535a9e,unknown,greenhouse-regen:v1,3,42.6121865035657,5.31246070944325,0.0,3.1694311104107524,,True,38.5
ladder,physics/d1/constrained/kalman,1,physics,1,constrained,kalman,60,regen-v2,637c6b535a9e,unknown,greenhouse-regen:v1,3,40.19892204062556,66.17922551552692,0.0,3.1931414082270657,,True,39.2
ladder,physics/d1/ensemble/none,1,physics,1,ensemble,none,60,regen-v2,637c6b535a9e,unknown,greenhouse-regen:v1,39,54.37055647305419,22.11225319692715,0.6166666666666667,1.66823622419274,,True,20.3
ladder,physics/d1/ensemble/savgol,1,physics,1,ensemble,savgol,60,regen-v2,637c6b535a9e,unknown,greenhouse-regen:v1,3,42.6121865035657,5.5427481978858815,0.0,3.1795815434675383,,True,39.4
ladder,physics/d1/ensemble/kalman,1,physics,1,ensemble,kalman,60,regen-v2,637c6b535a9e,unknown,greenhouse-regen:v1,3,40.19892204062556,5.846257843070135,0.0,3.1821646852679817,,True,38.7
ladder,physics/d2/stlsq/none,1,physics,2,stlsq,none,60,regen-v2,637c6b535a9e,unknown,greenhouse-regen:v1,255,54.37055647305419,142.4407214383862,0.3,0.9735355027142844,,False,246.9
ladder,physics/d2/stlsq/savgol,1,physics,2,stlsq,savgol,60,regen-v2,637c6b535a9e,unknown,greenhouse-regen:v1,12,42.6121865035657,4.740068604997467,0.0,3.1586734189096664,,False,325.8
ladder,physics/d2/stlsq/kalman,1,physics,2,stlsq,kalman,60,regen-v2,637c6b535a9e,unknown,greenhouse-regen:v1,3,40.19892204062556,5.80134404922512,0.0,3.1819264388579644,,False,321.9
ladder,physics/d2/sr3/none,1,physics,2,sr3,none,60,regen-v2,637c6b535a9e,unknown,greenhouse-regen:v1,154,54.37055647305419,996.2766746146534,1.0,4.282716519888014,,False,22.5
ladder,physics/d2/sr3/savgol,1,physics,2,sr3,savgol,60,regen-v2,637c6b535a9e,unknown,greenhouse-regen:v1,3,42.6121865035657,5.33502944858885,0.0,3.1717140712896703,,False,323.2
ladder,physics/d2/sr3/kalman,1,physics,2,sr3,kalman,60,regen-v2,637c6b535a9e,unknown,greenhouse-regen:v1,3,40.19892204062556,7.074526414166765,0.0,3.184974114518281,,False,325.6
ladder,physics/d2/constrained/none,1,physics,2,constrained,none,60,regen-v2,637c6b535a9e,unknown,greenhouse-regen:v1,154,54.37055647305419,996.2766746146534,1.0,4.282716519888014,,False,22.3
ladder,physics/d2/constrained/savgol,1,physics,2,constrained,savgol,60,regen-v2,637c6b535a9e,unknown,greenhouse-regen:v1,3,42.6121865035657,5.33502944858885,0.0,3.1717140712896703,,False,323.0
ladder,physics/d2/constrained/kalman,1,physics,2,constrained,kalman,60,regen-v2,637c6b535a9e,unknown,greenhouse-regen:v1,3,40.19892204062556,7.074526414166765,0.0,3.184974114518281,,False,324.6
ladder,physics/d2/ensemble/none,1,physics,2,ensemble,none,60,regen-v2,637c6b535a9e,unknown,greenhouse-regen:v1,240,54.37055647305419,399.2717025508561,1.0,26.59903126040169,,False,17.6
ladder,physics/d2/ensemble/savgol,1,physics,2,ensemble,savgol,60,regen-v2,637c6b535a9e,unknown,greenhouse-regen:v1,6,42.6121865035657,27.650983059189123,0.0166666666666666,3.195039405958894,,False,330.7
ladder,physics/d2/ensemble/kalman,1,physics,2,ensemble,kalman,60,regen-v2,637c6b535a9e,unknown,greenhouse-regen:v1,3,40.19892204062556,5.829447919132279,0.0,3.1820786670325822,,False,330.3
ladder,physics_no_cross/d1/stlsq/none,1,physics_no_cross,1,stlsq,none,60,regen-v2,637c6b535a9e,unknown,greenhouse-regen:v1,30,25.409858262259803,17.0097499618145,0.35,1.7194418460914278,,True,23.1
ladder,physics_no_cross/d1/stlsq/savgol,1,physics_no_cross,1,stlsq,savgol,60,regen-v2,637c6b535a9e,unknown,greenhouse-regen:v1,3,14.428534454002405,5.525625305759336,0.0,3.179306044855367,,True,33.1
ladder,physics_no_cross/d1/stlsq/kalman,1,physics_no_cross,1,stlsq,kalman,60,regen-v2,637c6b535a9e,unknown,greenhouse-regen:v1,3,14.117508024939468,5.80134404922512,0.0,3.1819264388579644,,True,33.3
ladder,physics_no_cross/d1/sr3/none,1,physics_no_cross,1,sr3,none,60,regen-v2,637c6b535a9e,unknown,greenhouse-regen:v1,9,25.409858262259803,6.370794681629178,0.0166666666666666,2.9975714792616914,,True,32.4
ladder,physics_no_cross/d1/sr3/savgol,1,physics_no_cross,1,sr3,savgol,60,regen-v2,637c6b535a9e,unknown,greenhouse-regen:v1,3,14.428534454002405,5.295289505871642,0.0,3.1671913014576365,,True,33.0
ladder,physics_no_cross/d1/sr3/kalman,1,physics_no_cross,1,sr3,kalman,60,regen-v2,637c6b535a9e,unknown,greenhouse-regen:v1,3,14.117508024939468,23.762585937440733,0.0,3.1901437128240664,,True,33.9
ladder,physics_no_cross/d1/constrained/none,1,physics_no_cross,1,constrained,none,60,regen-v2,637c6b535a9e,unknown,greenhouse-regen:v1,9,25.409858262259803,6.370794681629178,0.0166666666666666,2.9975714792616914,,True,33.3
ladder,physics_no_cross/d1/constrained/savgol,1,physics_no_cross,1,constrained,savgol,60,regen-v2,637c6b535a9e,unknown,greenhouse-regen:v1,3,14.428534454002405,5.295289505871642,0.0,3.1671913014576365,,True,33.1
ladder,physics_no_cross/d1/constrained/kalman,1,physics_no_cross,1,constrained,kalman,60,regen-v2,637c6b535a9e,unknown,greenhouse-regen:v1,3,14.117508024939468,23.762585937440733,0.0,3.1901437128240664,,True,33.7
ladder,physics_no_cross/d1/ensemble/none,1,physics_no_cross,1,ensemble,none,60,regen-v2,637c6b535a9e,unknown,greenhouse-regen:v1,30,25.409858262259803,16.039908284949437,0.3333333333333333,1.7201684766954817,,True,24.6
ladder,physics_no_cross/d1/ensemble/savgol,1,physics_no_cross,1,ensemble,savgol,60,regen-v2,637c6b535a9e,unknown,greenhouse-regen:v1,3,14.428534454002405,5.52660968652244,0.0,3.1793226555362573,,True,33.5
ladder,physics_no_cross/d1/ensemble/kalman,1,physics_no_cross,1,ensemble,kalman,60,regen-v2,637c6b535a9e,unknown,greenhouse-regen:v1,3,14.117508024939468,5.838373674891297,0.0,3.1821247836878626,,True,34.2
ladder,physics_no_cross/d2/stlsq/none,1,physics_no_cross,2,stlsq,none,60,regen-v2,637c6b535a9e,unknown,greenhouse-regen:v1,141,25.409858262259803,947.7623145105,0.2,1.044412752734511,,False,187.0
ladder,physics_no_cross/d2/stlsq/savgol,1,physics_no_cross,2,stlsq,savgol,60,regen-v2,637c6b535a9e,unknown,greenhouse-regen:v1,3,14.428534454002405,5.525625305759336,0.0,3.179306044855367,,False,221.8
ladder,physics_no_cross/d2/stlsq/kalman,1,physics_no_cross,2,stlsq,kalman,60,regen-v2,637c6b535a9e,unknown,greenhouse-regen:v1,3,14.117508024939468,5.80134404922512,0.0,3.1819264388579644,,False,222.8
ladder,physics_no_cross/d2/sr3/none,1,physics_no_cross,2,sr3,none,60,regen-v2,637c6b535a9e,unknown,greenhouse-regen:v1,57,25.409858262259803,1517.869198437067,1.0,3.947961601429565,,False,15.7
ladder,physics_no_cross/d2/sr3/savgol,1,physics_no_cross,2,sr3,savgol,60,regen-v2,637c6b535a9e,unknown,greenhouse-regen:v1,3,14.428534454002405,5.326826406260175,0.0,3.170955247786985,,False,221.7
ladder,physics_no_cross/d2/sr3/kalman,1,physics_no_cross,2,sr3,kalman,60,regen-v2,637c6b535a9e,unknown,greenhouse-regen:v1,3,14.117508024939468,6.324133657038562,0.0,3.183744118572003,,False,221.4
ladder,physics_no_cross/d2/constrained/none,1,physics_no_cross,2,constrained,none,60,regen-v2,637c6b535a9e,unknown,greenhouse-regen:v1,57,25.409858262259803,1517.869198437067,1.0,3.947961601429565,,False,15.0
ladder,physics_no_cross/d2/constrained/savgol,1,physics_no_cross,2,constrained,savgol,60,regen-v2,637c6b535a9e,unknown,greenhouse-regen:v1,3,14.428534454002405,5.326826406260175,0.0,3.170955247786985,,False,224.7
ladder,physics_no_cross/d2/constrained/kalman,1,physics_no_cross,2,constrained,kalman,60,regen-v2,637c6b535a9e,unknown,greenhouse-regen:v1,3,14.117508024939468,6.324133657038562,0.0,3.183744118572003,,False,226.1
ladder,physics_no_cross/d2/ensemble/none,1,physics_no_cross,2,ensemble,none,60,regen-v2,637c6b535a9e,unknown,greenhouse-regen:v1,127,25.409858262259803,723.1608998161782,0.9333333333333332,4.299527213587153,,False,38.8
ladder,physics_no_cross/d2/ensemble/savgol,1,physics_no_cross,2,ensemble,savgol,60,regen-v2,637c6b535a9e,unknown,greenhouse-regen:v1,3,14.428534454002405,5.5092063043176696,0.0,3.1790134729890878,,False,224.8
ladder,physics_no_cross/d2/ensemble/kalman,1,physics_no_cross,2,ensemble,kalman,60,regen-v2,637c6b535a9e,unknown,greenhouse-regen:v1,3,14.117508024939468,5.740272450000757,0.0,3.1815522671770933,,False,225.6
ladder,raw/d1/stlsq/none,10,raw,1,stlsq,none,60,regen-v2,637c6b535a9e,unknown,greenhouse-regen:v1,18,8.483568972378473,2.6459616831943253,0.0,1.8910142770712837,,True,30.5
ladder,raw/d1/stlsq/savgol,10,raw,1,stlsq,savgol,60,regen-v2,637c6b535a9e,unknown,greenhouse-regen:v1,3,9.555298450399224,5.665051977608048,0.0,3.08435088142837,,True,29.6
ladder,raw/d1/stlsq/kalman,10,raw,1,stlsq,kalman,60,regen-v2,637c6b535a9e,unknown,greenhouse-regen:v1,3,8.318013166656787,6.009361370948716,0.0,3.0869116078807,,True,30.2
ladder,raw/d1/sr3/none,10,raw,1,sr3,none,60,regen-v2,637c6b535a9e,unknown,greenhouse-regen:v1,6,8.483568972378473,4.336446571066304,0.0,2.4232237409069555,,True,29.8
ladder,raw/d1/sr3/savgol,10,raw,1,sr3,savgol,60,regen-v2,637c6b535a9e,unknown,greenhouse-regen:v1,3,9.555298450399224,5.277697482871713,0.0,3.064204327229338,,True,29.5
ladder,raw/d1/sr3/kalman,10,raw,1,sr3,kalman,60,regen-v2,637c6b535a9e,unknown,greenhouse-regen:v1,3,8.318013166656787,7.459659749137964,0.0,3.09000888757667,,True,30.2
ladder,raw/d1/constrained/none,10,raw,1,constrained,none,60,regen-v2,637c6b535a9e,unknown,greenhouse-regen:v1,6,8.483568972378473,4.336446571066304,0.0,2.4232237409069555,,True,29.9
ladder,raw/d1/constrained/savgol,10,raw,1,constrained,savgol,60,regen-v2,637c6b535a9e,unknown,greenhouse-regen:v1,3,9.555298450399224,5.277697482871713,0.0,3.064204327229338,,True,29.1
ladder,raw/d1/constrained/kalman,10,raw,1,constrained,kalman,60,regen-v2,637c6b535a9e,unknown,greenhouse-regen:v1,3,8.318013166656787,7.459659749137964,0.0,3.09000888757667,,True,29.9
ladder,raw/d1/ensemble/none,10,raw,1,ensemble,none,60,regen-v2,637c6b535a9e,unknown,greenhouse-regen:v1,19,8.483568972378473,2.655888997781227,0.0,1.8911960958021683,,True,30.0
ladder,raw/d1/ensemble/savgol,10,raw,1,ensemble,savgol,60,regen-v2,637c6b535a9e,unknown,greenhouse-regen:v1,3,9.555298450399224,5.657255397771131,0.0,3.0842545725564268,,True,29.9
ladder,raw/d1/ensemble/kalman,10,raw,1,ensemble,kalman,60,regen-v2,637c6b535a9e,unknown,greenhouse-regen:v1,3,8.318013166656787,5.956854148425537,0.0,3.086651453603957,,True,30.3
ladder,raw/d2/stlsq/none,10,raw,2,stlsq,none,60,regen-v2,637c6b535a9e,unknown,greenhouse-regen:v1,51,8.483568972378473,2.01984798004362,0.0,1.1621772893698905,,False,164.9
ladder,raw/d2/stlsq/savgol,10,raw,2,stlsq,savgol,60,regen-v2,637c6b535a9e,unknown,greenhouse-regen:v1,3,9.555298450399224,5.665051977608048,0.0,3.08435088142837,,False,163.9
ladder,raw/d2/stlsq/kalman,10,raw,2,stlsq,kalman,60,regen-v2,637c6b535a9e,unknown,greenhouse-regen:v1,3,8.318013166656787,6.009361370948716,0.0,3.0869116078807,,False,165.2
ladder,raw/d2/sr3/none,10,raw,2,sr3,none,60,regen-v2,637c6b535a9e,unknown,greenhouse-regen:v1,6,8.483568972378473,4.809112663580803,0.0,2.408464694891829,,False,162.0
ladder,raw/d2/sr3/savgol,10,raw,2,sr3,savgol,60,regen-v2,637c6b535a9e,unknown,greenhouse-regen:v1,3,9.555298450399224,5.268262582478884,0.0,3.0618029173506374,,False,161.7
ladder,raw/d2/sr3/kalman,10,raw,2,sr3,kalman,60,regen-v2,637c6b535a9e,unknown,greenhouse-regen:v1,3,8.318013166656787,5.699847646146518,0.0,3.0847457967101333,,False,163.9
ladder,raw/d2/constrained/none,10,raw,2,constrained,none,60,regen-v2,637c6b535a9e,unknown,greenhouse-regen:v1,6,8.483568972378473,4.809112663580803,0.0,2.408464694891829,,False,162.9
ladder,raw/d2/constrained/savgol,10,raw,2,constrained,savgol,60,regen-v2,637c6b535a9e,unknown,greenhouse-regen:v1,3,9.555298450399224,5.268262582478884,0.0,3.0618029173506374,,False,163.7
ladder,raw/d2/constrained/kalman,10,raw,2,constrained,kalman,60,regen-v2,637c6b535a9e,unknown,greenhouse-regen:v1,3,8.318013166656787,5.699847646146518,0.0,3.0847457967101333,,False,166.5
ladder,raw/d2/ensemble/none,10,raw,2,ensemble,none,60,regen-v2,637c6b535a9e,unknown,greenhouse-regen:v1,50,8.483568972378473,2.0432468545555578,0.0,1.1799203867604136,,False,165.6
ladder,raw/d2/ensemble/savgol,10,raw,2,ensemble,savgol,60,regen-v2,637c6b535a9e,unknown,greenhouse-regen:v1,3,9.555298450399224,5.630768383299978,0.0,3.083903935709638,,False,164.6
ladder,raw/d2/ensemble/kalman,10,raw,2,ensemble,kalman,60,regen-v2,637c6b535a9e,unknown,greenhouse-regen:v1,3,8.318013166656787,6.063056212782582,0.0,3.087150969297676,,False,167.6
ladder,physics/d1/stlsq/none,10,physics,1,stlsq,none,60,regen-v2,637c6b535a9e,unknown,greenhouse-regen:v1,38,50.01020122648272,22.462105719429065,0.55,1.7049074003312616,,True,22.7
ladder,physics/d1/stlsq/savgol,10,physics,1,stlsq,savgol,60,regen-v2,637c6b535a9e,unknown,greenhouse-regen:v1,3,42.656714870840986,5.665051977608048,0.0,3.08435088142837,,True,38.9
ladder,physics/d1/stlsq/kalman,10,physics,1,stlsq,kalman,60,regen-v2,637c6b535a9e,unknown,greenhouse-regen:v1,3,40.89873996781148,6.009361370948716,0.0,3.0869116078807,,True,40.1
ladder,physics/d1/sr3/none,10,physics,1,sr3,none,60,regen-v2,637c6b535a9e,unknown,greenhouse-regen:v1,17,50.01020122648272,3088.710956027354,0.8166666666666667,2.2808745124680967,,True,11.8
ladder,physics/d1/sr3/savgol,10,physics,1,sr3,savgol,60,regen-v2,637c6b535a9e,unknown,greenhouse-regen:v1,3,42.656714870840986,5.278720671308354,0.0,3.064438296729129,,True,39.0
ladder,physics/d1/sr3/kalman,10,physics,1,sr3,kalman,60,regen-v2,637c6b535a9e,unknown,greenhouse-regen:v1,3,40.89873996781148,20.24818919479568,0.0,3.094477155853049,,True,39.5
ladder,physics/d1/constrained/none,10,physics,1,constrained,none,60,regen-v2,637c6b535a9e,unknown,greenhouse-regen:v1,17,50.01020122648272,3088.710956027354,0.8166666666666667,2.2808745124680967,,True,12.0
ladder,physics/d1/constrained/savgol,10,physics,1,constrained,savgol,60,regen-v2,637c6b535a9e,unknown,greenhouse-regen:v1,3,42.656714870840986,5.278720671308354,0.0,3.064438296729129,,True,39.4
ladder,physics/d1/constrained/kalman,10,physics,1,constrained,kalman,60,regen-v2,637c6b535a9e,unknown,greenhouse-regen:v1,3,40.89873996781148,20.24818919479568,0.0,3.094477155853049,,True,39.9
ladder,physics/d1/ensemble/none,10,physics,1,ensemble,none,60,regen-v2,637c6b535a9e,unknown,greenhouse-regen:v1,39,50.01020122648272,22.238236660818945,0.5166666666666667,1.696540205636877,,True,24.6
ladder,physics/d1/ensemble/savgol,10,physics,1,ensemble,savgol,60,regen-v2,637c6b535a9e,unknown,greenhouse-regen:v1,3,42.656714870840986,5.738478863452667,0.0,3.085133783656262,,True,39.2
ladder,physics/d1/ensemble/kalman,10,physics,1,ensemble,kalman,60,regen-v2,637c6b535a9e,unknown,greenhouse-regen:v1,3,40.89873996781148,6.026481486924911,0.0,3.08699061785976,,True,39.9
ladder,physics/d2/stlsq/none,10,physics,2,stlsq,none,60,regen-v2,637c6b535a9e,unknown,greenhouse-regen:v1,254,50.01020122648272,91.24684113846764,0.1333333333333333,0.9280798619012246,,False,293.9
ladder,physics/d2/stlsq/savgol,10,physics,2,stlsq,savgol,60,regen-v2,637c6b535a9e,unknown,greenhouse-regen:v1,7,42.656714870840986,5.593194098674474,0.0333333333333333,3.08435088142837,,False,315.8
ladder,physics/d2/stlsq/kalman,10,physics,2,stlsq,kalman,60,regen-v2,637c6b535a9e,unknown,greenhouse-regen:v1,3,40.89873996781148,6.009361370948716,0.0,3.0869116078807,,False,318.8
ladder,physics/d2/sr3/none,10,physics,2,sr3,none,60,regen-v2,637c6b535a9e,unknown,greenhouse-regen:v1,127,50.01020122648272,767.9429826874776,0.9666666666666668,2.0860077215429844,,False,38.0
ladder,physics/d2/sr3/savgol,10,physics,2,sr3,savgol,60,regen-v2,637c6b535a9e,unknown,greenhouse-regen:v1,3,42.656714870840986,5.3308106895940455,0.0,3.072406745650233,,False,315.7
ladder,physics/d2/sr3/kalman,10,physics,2,sr3,kalman,60,regen-v2,637c6b535a9e,unknown,greenhouse-regen:v1,3,40.89873996781148,12.65614612443028,0.0,3.0928315011391825,,False,316.4
ladder,physics/d2/constrained/none,10,physics,2,constrained,none,60,regen-v2,637c6b535a9e,unknown,greenhouse-regen:v1,127,50.01020122648272,767.9429826874776,0.9666666666666668,2.0860077215429844,,False,38.8
ladder,physics/d2/constrained/savgol,10,physics,2,constrained,savgol,60,regen-v2,637c6b535a9e,unknown,greenhouse-regen:v1,3,42.656714870840986,5.3308106895940455,0.0,3.072406745650233,,False,310.0
ladder,physics/d2/constrained/kalman,10,physics,2,constrained,kalman,60,regen-v2,637c6b535a9e,unknown,greenhouse-regen:v1,3,40.89873996781148,12.65614612443028,0.0,3.0928315011391825,,False,315.5
ladder,physics/d2/ensemble/none,10,physics,2,ensemble,none,60,regen-v2,637c6b535a9e,unknown,greenhouse-regen:v1,222,50.01020122648272,1545.3209399956056,1.0,9.064525600102092,,False,26.4
ladder,physics/d2/ensemble/savgol,10,physics,2,ensemble,savgol,60,regen-v2,637c6b535a9e,unknown,greenhouse-regen:v1,6,42.656714870840986,5.6484286540414805,0.0,3.0841418924105266,,False,324.5
ladder,physics/d2/ensemble/kalman,10,physics,2,ensemble,kalman,60,regen-v2,637c6b535a9e,unknown,greenhouse-regen:v1,3,40.89873996781148,5.989947336061905,0.0,3.0868186916830207,,False,322.2
ladder,physics_no_cross/d1/stlsq/none,10,physics_no_cross,1,stlsq,none,60,regen-v2,637c6b535a9e,unknown,greenhouse-regen:v1,26,23.13419601727525,9.277799626595275,0.15,1.7444374414879416,,True,29.6
ladder,physics_no_cross/d1/stlsq/savgol,10,physics_no_cross,1,stlsq,savgol,60,regen-v2,637c6b535a9e,unknown,greenhouse-regen:v1,3,14.323725362043088,5.665051977608048,0.0,3.08435088142837,,True,32.3
ladder,physics_no_cross/d1/stlsq/kalman,10,physics_no_cross,1,stlsq,kalman,60,regen-v2,637c6b535a9e,unknown,greenhouse-regen:v1,3,14.329768347946713,6.009361370948716,0.0,3.0869116078807,,True,32.7
ladder,physics_no_cross/d1/sr3/none,10,physics_no_cross,1,sr3,none,60,regen-v2,637c6b535a9e,unknown,greenhouse-regen:v1,10,23.13419601727525,8.904806177637425,0.0333333333333333,2.218819278892681,,True,31.7
ladder,physics_no_cross/d1/sr3/savgol,10,physics_no_cross,1,sr3,savgol,60,regen-v2,637c6b535a9e,unknown,greenhouse-regen:v1,3,14.323725362043088,5.288363334090533,0.0,3.0664385274672568,,True,31.9
ladder,physics_no_cross/d1/sr3/kalman,10,physics_no_cross,1,sr3,kalman,60,regen-v2,637c6b535a9e,unknown,greenhouse-regen:v1,3,14.329768347946713,13.882366376171207,0.0,3.0931842076630534,,True,33.9
ladder,physics_no_cross/d1/constrained/none,10,physics_no_cross,1,constrained,none,60,regen-v2,637c6b535a9e,unknown,greenhouse-regen:v1,10,23.13419601727525,8.904806177637425,0.0333333333333333,2.218819278892681,,True,31.3
ladder,physics_no_cross/d1/constrained/savgol,10,physics_no_cross,1,constrained,savgol,60,regen-v2,637c6b535a9e,unknown,greenhouse-regen:v1,3,14.323725362043088,5.288363334090533,0.0,3.0664385274672568,,True,32.5
ladder,physics_no_cross/d1/constrained/kalman,10,physics_no_cross,1,constrained,kalman,60,regen-v2,637c6b535a9e,unknown,greenhouse-regen:v1,3,14.329768347946713,13.882366376171207,0.0,3.0931842076630534,,True,32.9
ladder,physics_no_cross/d1/ensemble/none,10,physics_no_cross,1,ensemble,none,60,regen-v2,637c6b535a9e,unknown,greenhouse-regen:v1,26,23.13419601727525,9.774991652968058,0.1333333333333333,1.746441969481583,,True,29.5
ladder,physics_no_cross/d1/ensemble/savgol,10,physics_no_cross,1,ensemble,savgol,60,regen-v2,637c6b535a9e,unknown,greenhouse-regen:v1,3,14.323725362043088,5.720229711985503,0.0,3.0849576914551715,,True,32.2
ladder,physics_no_cross/d1/ensemble/kalman,10,physics_no_cross,1,ensemble,kalman,60,regen-v2,637c6b535a9e,unknown,greenhouse-regen:v1,3,14.329768347946713,5.980521009410865,0.0,3.086772232450784,,True,32.9
ladder,physics_no_cross/d2/stlsq/none,10,physics_no_cross,2,stlsq,none,60,regen-v2,637c6b535a9e,unknown,greenhouse-regen:v1,105,23.13419601727525,12.102549141917232,0.15,1.0231330474845186,,False,187.0
ladder,physics_no_cross/d2/stlsq/savgol,10,physics_no_cross,2,stlsq,savgol,60,regen-v2,637c6b535a9e,unknown,greenhouse-regen:v1,5,14.323725362043088,5.464564414492487,0.1,3.08435088142837,,False,197.2
ladder,physics_no_cross/d2/stlsq/kalman,10,physics_no_cross,2,stlsq,kalman,60,regen-v2,637c6b535a9e,unknown,greenhouse-regen:v1,3,14.329768347946713,6.009361370948716,0.0,3.0869116078807,,False,219.8
ladder,physics_no_cross/d2/sr3/none,10,physics_no_cross,2,sr3,none,60,regen-v2,637c6b535a9e,unknown,greenhouse-regen:v1,44,23.13419601727525,398.9950679923281,0.9666666666666668,2.657009454364401,,False,44.5
ladder,physics_no_cross/d2/sr3/savgol,10,physics_no_cross,2,sr3,savgol,60,regen-v2,637c6b535a9e,unknown,greenhouse-regen:v1,3,14.323725362043088,5.33781847256354,0.0,3.073111514349842,,False,215.6
ladder,physics_no_cross/d2/sr3/kalman,10,physics_no_cross,2,sr3,kalman,60,regen-v2,637c6b535a9e,unknown,greenhouse-regen:v1,3,14.329768347946713,10.518646247992455,0.0,3.092051572421271,,False,217.1
ladder,physics_no_cross/d2/constrained/none,10,physics_no_cross,2,constrained,none,60,regen-v2,637c6b535a9e,unknown,greenhouse-regen:v1,44,23.13419601727525,398.9950679923281,0.9666666666666668,2.657009454364401,,False,43.8
ladder,physics_no_cross/d2/constrained/savgol,10,physics_no_cross,2,constrained,savgol,60,regen-v2,637c6b535a9e,unknown,greenhouse-regen:v1,3,14.323725362043088,5.33781847256354,0.0,3.073111514349842,,False,217.8
ladder,physics_no_cross/d2/constrained/kalman,10,physics_no_cross,2,constrained,kalman,60,regen-v2,637c6b535a9e,unknown,greenhouse-regen:v1,3,14.329768347946713,10.518646247992455,0.0,3.092051572421271,,False,216.0
ladder,physics_no_cross/d2/ensemble/none,10,physics_no_cross,2,ensemble,none,60,regen-v2,637c6b535a9e,unknown,greenhouse-regen:v1,102,23.13419601727525,125.55945619815851,0.15,1.8133853037830856,,False,200.1
ladder,physics_no_cross/d2/ensemble/savgol,10,physics_no_cross,2,ensemble,savgol,60,regen-v2,637c6b535a9e,unknown,greenhouse-regen:v1,5,14.323725362043088,5.411880905073499,0.0833333333333333,3.083677703178539,,False,202.1
ladder,physics_no_cross/d2/ensemble/kalman,10,physics_no_cross,2,ensemble,kalman,60,regen-v2,637c6b535a9e,unknown,greenhouse-regen:v1,3,14.329768347946713,5.997789151389569,0.0,3.08685666230136,,False,217.3
ladder,raw/d1/stlsq/none,11,raw,1,stlsq,none,60,regen-v2,637c6b535a9e,unknown,greenhouse-regen:v1,20,8.324257211937303,2.6982311134538395,0.0,1.8650349899619008,,True,30.3
ladder,raw/d1/stlsq/savgol,11,raw,1,stlsq,savgol,60,regen-v2,637c6b535a9e,unknown,greenhouse-regen:v1,3,9.36173164764245,5.394113346584917,0.0,3.0916454755509544,,True,28.9
ladder,raw/d1/stlsq/kalman,11,raw,1,stlsq,kalman,60,regen-v2,637c6b535a9e,unknown,greenhouse-regen:v1,3,8.263108282683671,5.703378079328049,0.0,3.094212536745108,,True,29.7
ladder,raw/d1/sr3/none,11,raw,1,sr3,none,60,regen-v2,637c6b535a9e,unknown,greenhouse-regen:v1,6,8.324257211937303,4.613980937090931,0.0,2.4044287664106943,,True,28.7
ladder,raw/d1/sr3/savgol,11,raw,1,sr3,savgol,60,regen-v2,637c6b535a9e,unknown,greenhouse-regen:v1,3,9.36173164764245,5.170425845262245,0.0,3.0747964596639825,,True,28.7
ladder,raw/d1/sr3/kalman,11,raw,1,sr3,kalman,60,regen-v2,637c6b535a9e,unknown,greenhouse-regen:v1,3,8.263108282683671,5.622987168535912,0.0,3.093790892871043,,True,29.3
ladder,raw/d1/constrained/none,11,raw,1,constrained,none,60,regen-v2,637c6b535a9e,unknown,greenhouse-regen:v1,6,8.324257211937303,4.613980937090931,0.0,2.4044287664106943,,True,28.3
ladder,raw/d1/constrained/savgol,11,raw,1,constrained,savgol,60,regen-v2,637c6b535a9e,unknown,greenhouse-regen:v1,3,9.36173164764245,5.170425845262245,0.0,3.0747964596639825,,True,28.3
ladder,raw/d1/constrained/kalman,11,raw,1,constrained,kalman,60,regen-v2,637c6b535a9e,unknown,greenhouse-regen:v1,3,8.263108282683671,5.622987168535912,0.0,3.093790892871043,,True,28.7
ladder,raw/d1/ensemble/none,11,raw,1,ensemble,none,60,regen-v2,637c6b535a9e,unknown,greenhouse-regen:v1,20,8.324257211937303,2.713846065693514,0.0,1.86545524839018,,True,29.0
ladder,raw/d1/ensemble/savgol,11,raw,1,ensemble,savgol,60,regen-v2,637c6b535a9e,unknown,greenhouse-regen:v1,3,9.36173164764245,5.411293343859155,0.0,3.0919028955723458,,True,29.1
ladder,raw/d1/ensemble/kalman,11,raw,1,ensemble,kalman,60,regen-v2,637c6b535a9e,unknown,greenhouse-regen:v1,3,8.263108282683671,5.711727366226008,0.0,3.094251536995493,,True,29.6
ladder,raw/d2/stlsq/none,11,raw,2,stlsq,none,60,regen-v2,637c6b535a9e,unknown,greenhouse-regen:v1,46,8.324257211937303,7.283402937492379,0.0166666666666666,1.1155546236888068,,False,156.3
ladder,raw/d2/stlsq/savgol,11,raw,2,stlsq,savgol,60,regen-v2,637c6b535a9e,unknown,greenhouse-regen:v1,3,9.36173164764245,5.394113346584917,0.0,3.0916454755509544,,False,161.5
ladder,raw/d2/stlsq/kalman,11,raw,2,stlsq,kalman,60,regen-v2,637c6b535a9e,unknown,greenhouse-regen:v1,3,8.263108282683671,5.703378079328049,0.0,3.094212536745108,,False,163.4
ladder,raw/d2/sr3/none,11,raw,2,sr3,none,60,regen-v2,637c6b535a9e,unknown,greenhouse-regen:v1,7,8.324257211937303,4.84980572785063,0.0,2.369697038665642,,False,161.1
ladder,raw/d2/sr3/savgol,11,raw,2,sr3,savgol,60,regen-v2,637c6b535a9e,unknown,greenhouse-regen:v1,3,9.36173164764245,5.161872104929082,0.0,3.071580603002636,,False,160.1
ladder,raw/d2/sr3/kalman,11,raw,2,sr3,kalman,60,regen-v2,637c6b535a9e,unknown,greenhouse-regen:v1,3,8.263108282683671,5.310946648010162,0.0,3.0897967903670702,,False,162.7
ladder,raw/d2/constrained/none,11,raw,2,constrained,none,60,regen-v2,637c6b535a9e,unknown,greenhouse-regen:v1,7,8.324257211937303,4.84980572785063,0.0,2.369697038665642,,False,159.3
ladder,raw/d2/constrained/savgol,11,raw,2,constrained,savgol,60,regen-v2,637c6b535a9e,unknown,greenhouse-regen:v1,3,9.36173164764245,5.161872104929082,0.0,3.071580603002636,,False,160.6
ladder,raw/d2/constrained/kalman,11,raw,2,constrained,kalman,60,regen-v2,637c6b535a9e,unknown,greenhouse-regen:v1,3,8.263108282683671,5.310946648010162,0.0,3.0897967903670702,,False,165.6
ladder,raw/d2/ensemble/none,11,raw,2,ensemble,none,60,regen-v2,637c6b535a9e,unknown,greenhouse-regen:v1,53,8.324257211937303,3.003870979956463,0.0833333333333333,1.116470020799049,,False,148.8
ladder,raw/d2/ensemble/savgol,11,raw,2,ensemble,savgol,60,regen-v2,637c6b535a9e,unknown,greenhouse-regen:v1,3,9.36173164764245,5.376171668220117,0.0,3.0913433669500456,,False,162.3
ladder,raw/d2/ensemble/kalman,11,raw,2,ensemble,kalman,60,regen-v2,637c6b535a9e,unknown,greenhouse-regen:v1,3,8.263108282683671,5.735003958141832,0.0,3.094356295132829,,False,164.2
ladder,physics/d1/stlsq/none,11,physics,1,stlsq,none,60,regen-v2,637c6b535a9e,unknown,greenhouse-regen:v1,33,53.87762981953689,31.343595402418725,0.75,1.6964045386357545,,True,15.9
ladder,physics/d1/stlsq/savgol,11,physics,1,stlsq,savgol,60,regen-v2,637c6b535a9e,unknown,greenhouse-regen:v1,3,43.67137680736148,5.394113346584917,0.0,3.0916454755509544,,True,37.9
ladder,physics/d1/stlsq/kalman,11,physics,1,stlsq,kalman,60,regen-v2,637c6b535a9e,unknown,greenhouse-regen:v1,3,41.96677677646112,5.703378079328049,0.0,3.094212536745108,,True,38.8
ladder,physics/d1/sr3/none,11,physics,1,sr3,none,60,regen-v2,637c6b535a9e,unknown,greenhouse-regen:v1,18,53.87762981953689,1547.404876485398,0.7,2.352857757867578,,True,15.9
ladder,physics/d1/sr3/savgol,11,physics,1,sr3,savgol,60,regen-v2,637c6b535a9e,unknown,greenhouse-regen:v1,3,43.67137680736148,5.196947899257822,0.0,3.0811417898053173,,True,37.9
ladder,physics/d1/sr3/kalman,11,physics,1,sr3,kalman,60,regen-v2,637c6b535a9e,unknown,greenhouse-regen:v1,3,41.96677677646112,22.287978970129984,0.0,3.101708085352446,,True,37.8
ladder,physics/d1/constrained/none,11,physics,1,constrained,none,60,regen-v2,637c6b535a9e,unknown,greenhouse-regen:v1,18,53.87762981953689,1547.404876485398,0.7,2.352857757867578,,True,16.1
ladder,physics/d1/constrained/savgol,11,physics,1,constrained,savgol,60,regen-v2,637c6b535a9e,unknown,greenhouse-regen:v1,3,43.67137680736148,5.196947899257822,0.0,3.0811417898053173,,True,38.7
ladder,physics/d1/constrained/kalman,11,physics,1,constrained,kalman,60,regen-v2,637c6b535a9e,unknown,greenhouse-regen:v1,3,41.96677677646112,22.287978970129984,0.0,3.101708085352446,,True,38.2
ladder,physics/d1/ensemble/none,11,physics,1,ensemble,none,60,regen-v2,637c6b535a9e,unknown,greenhouse-regen:v1,34,53.87762981953689,33.47615992809278,0.7333333333333333,1.681703921252645,,True,15.5
ladder,physics/d1/ensemble/savgol,11,physics,1,ensemble,savgol,60,regen-v2,637c6b535a9e,unknown,greenhouse-regen:v1,3,43.67137680736148,5.3756097490197,0.0,3.0913332753511424,,True,38.5
ladder,physics/d1/ensemble/kalman,11,physics,1,ensemble,kalman,60,regen-v2,637c6b535a9e,unknown,greenhouse-regen:v1,3,41.96677677646112,5.685178452954068,0.0,3.094124713556889,,True,38.6
ladder,physics/d2/stlsq/none,11,physics,2,stlsq,none,60,regen-v2,637c6b535a9e,unknown,greenhouse-regen:v1,260,53.87762981953689,158.14320905878256,0.3333333333333333,0.9438221429925162,,False,250.4
ladder,physics/d2/stlsq/savgol,11,physics,2,stlsq,savgol,60,regen-v2,637c6b535a9e,unknown,greenhouse-regen:v1,5,43.67137680736148,5.313732584125472,0.0833333333333333,3.0916454755509544,,False,307.3
ladder,physics/d2/stlsq/kalman,11,physics,2,stlsq,kalman,60,regen-v2,637c6b535a9e,unknown,greenhouse-regen:v1,3,41.96677677646112,5.703378079328049,0.0,3.094212536745108,,False,315.2
ladder,physics/d2/sr3/none,11,physics,2,sr3,none,60,regen-v2,637c6b535a9e,unknown,greenhouse-regen:v1,151,53.87762981953689,531.788525479566,0.8833333333333333,3.479258048862739,,False,68.9
ladder,physics/d2/sr3/savgol,11,physics,2,sr3,savgol,60,regen-v2,637c6b535a9e,unknown,greenhouse-regen:v1,3,43.67137680736148,5.206356315652803,0.0,3.082623872266741,,False,313.2
ladder,physics/d2/sr3/kalman,11,physics,2,sr3,kalman,60,regen-v2,637c6b535a9e,unknown,greenhouse-regen:v1,3,41.96677677646112,15.072814834230886,0.0,3.100465941969231,,False,310.9
ladder,physics/d2/constrained/none,11,physics,2,constrained,none,60,regen-v2,637c6b535a9e,unknown,greenhouse-regen:v1,151,53.87762981953689,531.788525479566,0.8833333333333333,3.479258048862739,,False,67.9
ladder,physics/d2/constrained/savgol,11,physics,2,constrained,savgol,60,regen-v2,637c6b535a9e,unknown,greenhouse-regen:v1,3,43.67137680736148,5.206356315652803,0.0,3.082623872266741,,False,310.0
ladder,physics/d2/constrained/kalman,11,physics,2,constrained,kalman,60,regen-v2,637c6b535a9e,unknown,greenhouse-regen:v1,3,41.96677677646112,15.072814834230886,0.0,3.100465941969231,,False,304.2
ladder,physics/d2/ensemble/none,11,physics,2,ensemble,none,60,regen-v2,637c6b535a9e,unknown,greenhouse-regen:v1,248,53.87762981953689,619.09998883169,1.0,10.261709484362909,,False,28.6
ladder,physics/d2/ensemble/savgol,11,physics,2,ensemble,savgol,60,regen-v2,637c6b535a9e,unknown,greenhouse-regen:v1,5,43.67137680736148,5.299398250582727,0.0666666666666666,3.091401112929874,,False,295.3
ladder,physics/d2/ensemble/kalman,11,physics,2,ensemble,kalman,60,regen-v2,637c6b535a9e,unknown,greenhouse-regen:v1,3,41.96677677646112,5.681882211680919,0.0,3.094108375370679,,False,309.2
ladder,physics_no_cross/d1/stlsq/none,11,physics_no_cross,1,stlsq,none,60,regen-v2,637c6b535a9e,unknown,greenhouse-regen:v1,27,23.72992570000056,12.45404625910635,0.1666666666666666,1.755839817266703,,True,26.6
ladder,physics_no_cross/d1/stlsq/savgol,11,physics_no_cross,1,stlsq,savgol,60,regen-v2,637c6b535a9e,unknown,greenhouse-regen:v1,3,13.992761651460992,5.394113346584917,0.0,3.0916454755509544,,True,31.8
ladder,physics_no_cross/d1/stlsq/kalman,11,physics_no_cross,1,stlsq,kalman,60,regen-v2,637c6b535a9e,unknown,greenhouse-regen:v1,3,13.708678016023578,5.703378079328049,0.0,3.094212536745108,,True,31.6
ladder,physics_no_cross/d1/sr3/none,11,physics_no_cross,1,sr3,none,60,regen-v2,637c6b535a9e,unknown,greenhouse-regen:v1,9,23.72992570000056,4.288199764581951,0.0,2.7812723527796024,,True,30.6
ladder,physics_no_cross/d1/sr3/savgol,11,physics_no_cross,1,sr3,savgol,60,regen-v2,637c6b535a9e,unknown,greenhouse-regen:v1,3,13.992761651460992,5.1757612448568535,0.0,3.076432393622115,,True,30.9
ladder,physics_no_cross/d1/sr3/kalman,11,physics_no_cross,1,sr3,kalman,60,regen-v2,637c6b535a9e,unknown,greenhouse-regen:v1,3,13.708678016023578,6.274375733839001,0.0,3.095892325628269,,True,31.8
ladder,physics_no_cross/d1/constrained/none,11,physics_no_cross,1,constrained,none,60,regen-v2,637c6b535a9e,unknown,greenhouse-regen:v1,9,23.72992570000056,4.288199764581951,0.0,2.7812723527796024,,True,30.3
ladder,physics_no_cross/d1/constrained/savgol,11,physics_no_cross,1,constrained,savgol,60,regen-v2,637c6b535a9e,unknown,greenhouse-regen:v1,3,13.992761651460992,5.1757612448568535,0.0,3.076432393622115,,True,30.8
ladder,physics_no_cross/d1/constrained/kalman,11,physics_no_cross,1,constrained,kalman,60,regen-v2,637c6b535a9e,unknown,greenhouse-regen:v1,3,13.708678016023578,6.274375733839001,0.0,3.095892325628269,,True,31.8
ladder,physics_no_cross/d1/ensemble/none,11,physics_no_cross,1,ensemble,none,60,regen-v2,637c6b535a9e,unknown,greenhouse-regen:v1,27,23.72992570000056,12.282771186634212,0.1666666666666666,1.756011919766958,,True,26.1
ladder,physics_no_cross/d1/ensemble/savgol,11,physics_no_cross,1,ensemble,savgol,60,regen-v2,637c6b535a9e,unknown,greenhouse-regen:v1,3,13.992761651460992,5.4228399948301895,0.0,3.0920612022409912,,True,32.0
ladder,physics_no_cross/d1/ensemble/kalman,11,physics_no_cross,1,ensemble,kalman,60,regen-v2,637c6b535a9e,unknown,greenhouse-regen:v1,3,13.708678016023578,5.803700855531737,0.0,3.094635916170645,,True,32.2
ladder,physics_no_cross/d2/stlsq/none,11,physics_no_cross,2,stlsq,none,60,regen-v2,637c6b535a9e,unknown,greenhouse-regen:v1,124,23.72992570000056,311.40543115637894,0.1666666666666666,1.037591453038409,,False,176.9
ladder,physics_no_cross/d2/stlsq/savgol,11,physics_no_cross,2,stlsq,savgol,60,regen-v2,637c6b535a9e,unknown,greenhouse-regen:v1,3,13.992761651460992,5.394113346584917,0.0,3.0916454755509544,,False,208.4
ladder,physics_no_cross/d2/stlsq/kalman,11,physics_no_cross,2,stlsq,kalman,60,regen-v2,637c6b535a9e,unknown,greenhouse-regen:v1,3,13.708678016023578,5.703378079328049,0.0,3.094212536745108,,False,215.9
ladder,physics_no_cross/d2/sr3/none,11,physics_no_cross,2,sr3,none,60,regen-v2,637c6b535a9e,unknown,greenhouse-regen:v1,42,23.72992570000056,16.220225432621298,0.7666666666666667,5.870345719287386,,False,75.2
ladder,physics_no_cross/d2/sr3/savgol,11,physics_no_cross,2,sr3,savgol,60,regen-v2,637c6b535a9e,unknown,greenhouse-regen:v1,3,13.992761651460992,5.192592403873778,0.0,3.0803513210056344,,False,209.4
ladder,physics_no_cross/d2/sr3/kalman,11,physics_no_cross,2,sr3,kalman,60,regen-v2,637c6b535a9e,unknown,greenhouse-regen:v1,3,13.708678016023578,8.506453066165916,0.0,3.0981718991874616,,False,212.0
ladder,physics_no_cross/d2/constrained/none,11,physics_no_cross,2,constrained,none,60,regen-v2,637c6b535a9e,unknown,greenhouse-regen:v1,42,23.72992570000056,16.220225432621298,0.7666666666666667,5.870345719287386,,False,74.7
ladder,physics_no_cross/d2/constrained/savgol,11,physics_no_cross,2,constrained,savgol,60,regen-v2,637c6b535a9e,unknown,greenhouse-regen:v1,3,13.992761651460992,5.192592403873778,0.0,3.0803513210056344,,False,209.5
ladder,physics_no_cross/d2/constrained/kalman,11,physics_no_cross,2,constrained,kalman,60,regen-v2,637c6b535a9e,unknown,greenhouse-regen:v1,3,13.708678016023578,8.506453066165916,0.0,3.0981718991874616,,False,210.4
ladder,physics_no_cross/d2/ensemble/none,11,physics_no_cross,2,ensemble,none,60,regen-v2,637c6b535a9e,unknown,greenhouse-regen:v1,116,23.72992570000056,1485.1755676362643,0.9666666666666668,1.7389535578129367,,False,31.2
ladder,physics_no_cross/d2/ensemble/savgol,11,physics_no_cross,2,ensemble,savgol,60,regen-v2,637c6b535a9e,unknown,greenhouse-regen:v1,3,13.992761651460992,5.414641818255318,0.0,3.0919499326552207,,False,200.9
ladder,physics_no_cross/d2/ensemble/kalman,11,physics_no_cross,2,ensemble,kalman,60,regen-v2,637c6b535a9e,unknown,greenhouse-regen:v1,3,13.708678016023578,5.567941016802673,0.0,3.0934398998268127,,False,199.7
ladder,raw/d1/stlsq/none,12,raw,1,stlsq,none,60,regen-v2,637c6b535a9e,unknown,greenhouse-regen:v1,18,7.963036935395976,2.8535738882282127,0.0,1.8640932653798217,,True,31.9
ladder,raw/d1/stlsq/savgol,12,raw,1,stlsq,savgol,60,regen-v2,637c6b535a9e,unknown,greenhouse-regen:v1,3,9.14650319209692,5.701731061359712,0.0,3.089222037380523,,True,30.8
ladder,raw/d1/stlsq/kalman,12,raw,1,stlsq,kalman,60,regen-v2,637c6b535a9e,unknown,greenhouse-regen:v1,3,8.37105456559031,6.222497927357421,0.0,3.091927038593314,,True,31.5
ladder,raw/d1/sr3/none,12,raw,1,sr3,none,60,regen-v2,637c6b535a9e,unknown,greenhouse-regen:v1,6,7.963036935395976,4.592086096645593,0.0,2.391210519733828,,True,31.0
ladder,raw/d1/sr3/savgol,12,raw,1,sr3,savgol,60,regen-v2,637c6b535a9e,unknown,greenhouse-regen:v1,3,9.14650319209692,5.2896078774438005,0.0,3.0754543378605823,,True,29.9
ladder,raw/d1/sr3/kalman,12,raw,1,sr3,kalman,60,regen-v2,637c6b535a9e,unknown,greenhouse-regen:v1,3,8.37105456559031,6.544580019225805,0.0,3.092747666248969,,True,31.0
ladder,raw/d1/constrained/none,12,raw,1,constrained,none,60,regen-v2,637c6b535a9e,unknown,greenhouse-regen:v1,6,7.963036935395976,4.592086096645593,0.0,2.391210519733828,,True,30.0
ladder,raw/d1/constrained/savgol,12,raw,1,constrained,savgol,60,regen-v2,637c6b535a9e,unknown,greenhouse-regen:v1,3,9.14650319209692,5.2896078774438005,0.0,3.0754543378605823,,True,30.2
ladder,raw/d1/constrained/kalman,12,raw,1,constrained,kalman,60,regen-v2,637c6b535a9e,unknown,greenhouse-regen:v1,3,8.37105456559031,6.544580019225805,0.0,3.092747666248969,,True,30.7
ladder,raw/d1/ensemble/none,12,raw,1,ensemble,none,60,regen-v2,637c6b535a9e,unknown,greenhouse-regen:v1,18,7.963036935395976,2.871737716657796,0.0,1.8642742100290293,,True,30.5
ladder,raw/d1/ensemble/savgol,12,raw,1,ensemble,savgol,60,regen-v2,637c6b535a9e,unknown,greenhouse-regen:v1,3,9.14650319209692,5.701742692099633,0.0,3.089222144653481,,True,30.5
ladder,raw/d1/ensemble/kalman,12,raw,1,ensemble,kalman,60,regen-v2,637c6b535a9e,unknown,greenhouse-regen:v1,3,8.37105456559031,6.176450461149094,0.0,3.091779964455529,,True,31.1
ladder,raw/d2/stlsq/none,12,raw,2,stlsq,none,60,regen-v2,637c6b535a9e,unknown,greenhouse-regen:v1,43,7.963036935395976,1.9338873964866945,0.0833333333333333,1.1625621467746776,,False,156.4
ladder,raw/d2/stlsq/savgol,12,raw,2,stlsq,savgol,60,regen-v2,637c6b535a9e,unknown,greenhouse-regen:v1,3,9.14650319209692,5.701731061359712,0.0,3.089222037380523,,False,170.6
ladder,raw/d2/stlsq/kalman,12,raw,2,stlsq,kalman,60,regen-v2,637c6b535a9e,unknown,greenhouse-regen:v1,3,8.37105456559031,6.222497927357421,0.0,3.091927038593314,,False,172.2
ladder,raw/d2/sr3/none,12,raw,2,sr3,none,60,regen-v2,637c6b535a9e,unknown,greenhouse-regen:v1,7,7.963036935395976,4.931133300728631,0.0,2.415683573226053,,False,171.2
ladder,raw/d2/sr3/savgol,12,raw,2,sr3,savgol,60,regen-v2,637c6b535a9e,unknown,greenhouse-regen:v1,3,9.14650319209692,5.3059815024778025,0.0,3.0773516552127558,,False,171.2
ladder,raw/d2/sr3/kalman,12,raw,2,sr3,kalman,60,regen-v2,637c6b535a9e,unknown,greenhouse-regen:v1,3,8.37105456559031,6.377219256685164,0.0,3.0923598569348743,,False,174.7
ladder,raw/d2/constrained/none,12,raw,2,constrained,none,60,regen-v2,637c6b535a9e,unknown,greenhouse-regen:v1,7,7.963036935395976,4.931133300728631,0.0,2.415683573226053,,False,172.0
ladder,raw/d2/constrained/savgol,12,raw,2,constrained,savgol,60,regen-v2,637c6b535a9e,unknown,greenhouse-regen:v1,3,9.14650319209692,5.3059815024778025,0.0,3.0773516552127558,,False,171.3
ladder,raw/d2/constrained/kalman,12,raw,2,constrained,kalman,60,regen-v2,637c6b535a9e,unknown,greenhouse-regen:v1,3,8.37105456559031,6.377219256685164,0.0,3.0923598569348743,,False,175.6
ladder,raw/d2/ensemble/none,12,raw,2,ensemble,none,60,regen-v2,637c6b535a9e,unknown,greenhouse-regen:v1,46,7.963036935395976,3.807588260225162,0.0833333333333333,1.1262947578230895,,False,160.7
ladder,raw/d2/ensemble/savgol,12,raw,2,ensemble,savgol,60,regen-v2,637c6b535a9e,unknown,greenhouse-regen:v1,3,9.14650319209692,5.664107144167003,0.0,3.088852232383528,,False,173.4
ladder,raw/d2/ensemble/kalman,12,raw,2,ensemble,kalman,60,regen-v2,637c6b535a9e,unknown,greenhouse-regen:v1,3,8.37105456559031,6.263278997353315,0.0,3.0920496356246923,,False,175.0
ladder,physics/d1/stlsq/none,12,physics,1,stlsq,none,60,regen-v2,637c6b535a9e,unknown,greenhouse-regen:v1,33,55.38105690035713,23.129391713161585,0.5333333333333333,1.697914375607483,,True,21.1
ladder,physics/d1/stlsq/savgol,12,physics,1,stlsq,savgol,60,regen-v2,637c6b535a9e,unknown,greenhouse-regen:v1,3,42.22369640570799,5.701731061359712,0.0,3.089222037380523,,True,41.1
ladder,physics/d1/stlsq/kalman,12,physics,1,stlsq,kalman,60,regen-v2,637c6b535a9e,unknown,greenhouse-regen:v1,3,40.38097405649744,6.222497927357421,0.0,3.091927038593314,,True,42.5
ladder,physics/d1/sr3/none,12,physics,1,sr3,none,60,regen-v2,637c6b535a9e,unknown,greenhouse-regen:v1,17,55.38105690035713,205.2668933825453,0.6,2.203617657354407,,True,22.9
ladder,physics/d1/sr3/savgol,12,physics,1,sr3,savgol,60,regen-v2,637c6b535a9e,unknown,greenhouse-regen:v1,3,42.22369640570799,5.2763453885960425,0.0,3.073532154544524,,True,41.0
ladder,physics/d1/sr3/kalman,12,physics,1,sr3,kalman,60,regen-v2,637c6b535a9e,unknown,greenhouse-regen:v1,3,40.38097405649744,12.31478829039964,0.0,3.09683296925447,,True,42.2
ladder,physics/d1/constrained/none,12,physics,1,constrained,none,60,regen-v2,637c6b535a9e,unknown,greenhouse-regen:v1,17,55.38105690035713,205.2668933825453,0.6,2.203617657354407,,True,22.8
ladder,physics/d1/constrained/savgol,12,physics,1,constrained,savgol,60,regen-v2,637c6b535a9e,unknown,greenhouse-regen:v1,3,42.22369640570799,5.2763453885960425,0.0,3.073532154544524,,True,41.7
ladder,physics/d1/constrained/kalman,12,physics,1,constrained,kalman,60,regen-v2,637c6b535a9e,unknown,greenhouse-regen:v1,3,40.38097405649744,12.31478829039964,0.0,3.09683296925447,,True,41.7
ladder,physics/d1/ensemble/none,12,physics,1,ensemble,none,60,regen-v2,637c6b535a9e,unknown,greenhouse-regen:v1,33,55.38105690035713,25.585112529712003,0.5666666666666667,1.70036933397047,,True,20.8
ladder,physics/d1/ensemble/savgol,12,physics,1,ensemble,savgol,60,regen-v2,637c6b535a9e,unknown,greenhouse-regen:v1,3,42.22369640570799,5.662215183353577,0.0,3.0888323396490622,,True,40.7
ladder,physics/d1/ensemble/kalman,12,physics,1,ensemble,kalman,60,regen-v2,637c6b535a9e,unknown,greenhouse-regen:v1,3,40.38097405649744,6.1283620085842525,0.0,3.0916153291180777,,True,42.5
ladder,physics/d2/stlsq/none,12,physics,2,stlsq,none,60,regen-v2,637c6b535a9e,unknown,greenhouse-regen:v1,278,55.38105690035713,398.2320421698118,0.2,0.9522639095930472,,False,281.9
ladder,physics/d2/stlsq/savgol,12,physics,2,stlsq,savgol,60,regen-v2,637c6b535a9e,unknown,greenhouse-regen:v1,8,42.22369640570799,5.701731061359712,0.0,3.089222037380523,,False,330.1
ladder,physics/d2/stlsq/kalman,12,physics,2,stlsq,kalman,60,regen-v2,637c6b535a9e,unknown,greenhouse-regen:v1,3,40.38097405649744,6.222497927357421,0.0,3.091927038593314,,False,330.8
ladder,physics/d2/sr3/none,12,physics,2,sr3,none,60,regen-v2,637c6b535a9e,unknown,greenhouse-regen:v1,162,55.38105690035713,547.5883343805365,0.9666666666666668,2.301384637017573,,False,32.8
ladder,physics/d2/sr3/savgol,12,physics,2,sr3,savgol,60,regen-v2,637c6b535a9e,unknown,greenhouse-regen:v1,3,42.22369640570799,5.541973181063487,0.0,3.087209054670549,,False,322.1
ladder,physics/d2/sr3/kalman,12,physics,2,sr3,kalman,60,regen-v2,637c6b535a9e,unknown,greenhouse-regen:v1,3,40.38097405649744,20.033284065634252,0.0,3.098560810153562,,False,327.8
ladder,physics/d2/constrained/none,12,physics,2,constrained,none,60,regen-v2,637c6b535a9e,unknown,greenhouse-regen:v1,162,55.38105690035713,547.5883343805365,0.9666666666666668,2.301384637017573,,False,32.8
ladder,physics/d2/constrained/savgol,12,physics,2,constrained,savgol,60,regen-v2,637c6b535a9e,unknown,greenhouse-regen:v1,3,42.22369640570799,5.541973181063487,0.0,3.087209054670549,,False,326.6
ladder,physics/d2/constrained/kalman,12,physics,2,constrained,kalman,60,regen-v2,637c6b535a9e,unknown,greenhouse-regen:v1,3,40.38097405649744,20.033284065634252,0.0,3.098560810153562,,False,329.4
ladder,physics/d2/ensemble/none,12,physics,2,ensemble,none,60,regen-v2,637c6b535a9e,unknown,greenhouse-regen:v1,243,55.38105690035713,2664.874575487807,1.0,5.437750085445297,,False,29.4
ladder,physics/d2/ensemble/savgol,12,physics,2,ensemble,savgol,60,regen-v2,637c6b535a9e,unknown,greenhouse-regen:v1,8,42.22369640570799,5.6778016693402495,0.0,3.088992350633432,,False,331.2
ladder,physics/d2/ensemble/kalman,12,physics,2,ensemble,kalman,60,regen-v2,637c6b535a9e,unknown,greenhouse-regen:v1,3,40.38097405649744,6.143719492435597,0.0,3.0916692240892325,,False,334.0
ladder,physics_no_cross/d1/stlsq/none,12,physics_no_cross,1,stlsq,none,60,regen-v2,637c6b535a9e,unknown,greenhouse-regen:v1,27,24.55686350832708,12.863739267587327,0.25,1.7492778523777972,,True,25.8
ladder,physics_no_cross/d1/stlsq/savgol,12,physics_no_cross,1,stlsq,savgol,60,regen-v2,637c6b535a9e,unknown,greenhouse-regen:v1,3,13.355955321802188,5.701731061359712,0.0,3.089222037380523,,True,33.2
ladder,physics_no_cross/d1/stlsq/kalman,12,physics_no_cross,1,stlsq,kalman,60,regen-v2,637c6b535a9e,unknown,greenhouse-regen:v1,3,13.22060395394924,6.222497927357421,0.0,3.091927038593314,,True,34.1
ladder,physics_no_cross/d1/sr3/none,12,physics_no_cross,1,sr3,none,60,regen-v2,637c6b535a9e,unknown,greenhouse-regen:v1,9,24.55686350832708,4.343071798283536,0.0,2.8939550878479587,,True,33.8
ladder,physics_no_cross/d1/sr3/savgol,12,physics_no_cross,1,sr3,savgol,60,regen-v2,637c6b535a9e,unknown,greenhouse-regen:v1,3,13.355955321802188,5.351591543571941,0.0,3.080994333358221,,True,33.7
ladder,physics_no_cross/d1/sr3/kalman,12,physics_no_cross,1,sr3,kalman,60,regen-v2,637c6b535a9e,unknown,greenhouse-regen:v1,3,13.22060395394924,13.123378209054977,0.0,3.097082849800878,,True,34.3
ladder,physics_no_cross/d1/constrained/none,12,physics_no_cross,1,constrained,none,60,regen-v2,637c6b535a9e,unknown,greenhouse-regen:v1,9,24.55686350832708,4.343071798283536,0.0,2.8939550878479587,,True,33.3
ladder,physics_no_cross/d1/constrained/savgol,12,physics_no_cross,1,constrained,savgol,60,regen-v2,637c6b535a9e,unknown,greenhouse-regen:v1,3,13.355955321802188,5.351591543571941,0.0,3.080994333358221,,True,33.4
ladder,physics_no_cross/d1/constrained/kalman,12,physics_no_cross,1,constrained,kalman,60,regen-v2,637c6b535a9e,unknown,greenhouse-regen:v1,3,13.22060395394924,13.123378209054977,0.0,3.097082849800878,,True,34.3
ladder,physics_no_cross/d1/ensemble/none,12,physics_no_cross,1,ensemble,none,60,regen-v2,637c6b535a9e,unknown,greenhouse-regen:v1,27,24.55686350832708,13.474052196451522,0.2833333333333333,1.7537159638818018,,True,24.8
ladder,physics_no_cross/d1/ensemble/savgol,12,physics_no_cross,1,ensemble,savgol,60,regen-v2,637c6b535a9e,unknown,greenhouse-regen:v1,3,13.355955321802188,5.721495054370901,0.0,3.089398675462942,,True,33.8
ladder,physics_no_cross/d1/ensemble/kalman,12,physics_no_cross,1,ensemble,kalman,60,regen-v2,637c6b535a9e,unknown,greenhouse-regen:v1,3,13.22060395394924,6.256607546089928,0.0,3.0920300386316377,,True,35.0
ladder,physics_no_cross/d2/stlsq/none,12,physics_no_cross,2,stlsq,none,60,regen-v2,637c6b535a9e,unknown,greenhouse-regen:v1,95,24.55686350832708,2.87652634768488,0.2666666666666666,1.0407498629013103,,False,176.7
ladder,physics_no_cross/d2/stlsq/savgol,12,physics_no_cross,2,stlsq,savgol,60,regen-v2,637c6b535a9e,unknown,greenhouse-regen:v1,3,13.355955321802188,5.701731061359712,0.0,3.089222037380523,,False,226.9
ladder,physics_no_cross/d2/stlsq/kalman,12,physics_no_cross,2,stlsq,kalman,60,regen-v2,637c6b535a9e,unknown,greenhouse-regen:v1,3,13.22060395394924,6.222497927357421,0.0,3.091927038593314,,False,224.7
ladder,physics_no_cross/d2/sr3/none,12,physics_no_cross,2,sr3,none,60,regen-v2,637c6b535a9e,unknown,greenhouse-regen:v1,43,24.55686350832708,931.079212526882,0.5333333333333333,2.697329263191921,,False,120.8
ladder,physics_no_cross/d2/sr3/savgol,12,physics_no_cross,2,sr3,savgol,60,regen-v2,637c6b535a9e,unknown,greenhouse-regen:v1,3,13.355955321802188,5.651571896152299,0.0,3.088717885819075,,False,224.1
ladder,physics_no_cross/d2/sr3/kalman,12,physics_no_cross,2,sr3,kalman,60,regen-v2,637c6b535a9e,unknown,greenhouse-regen:v1,3,13.22060395394924,22.314328812197797,0.0,3.098904999806897,,False,225.3
ladder,physics_no_cross/d2/constrained/none,12,physics_no_cross,2,constrained,none,60,regen-v2,637c6b535a9e,unknown,greenhouse-regen:v1,43,24.55686350832708,931.079212526882,0.5333333333333333,2.697329263191921,,False,120.4
ladder,physics_no_cross/d2/constrained/savgol,12,physics_no_cross,2,constrained,savgol,60,regen-v2,637c6b535a9e,unknown,greenhouse-regen:v1,3,13.355955321802188,5.651571896152299,0.0,3.088717885819075,,False,227.7
ladder,physics_no_cross/d2/constrained/kalman,12,physics_no_cross,2,constrained,kalman,60,regen-v2,637c6b535a9e,unknown,greenhouse-regen:v1,3,13.22060395394924,22.314328812197797,0.0,3.098904999806897,,False,223.6
ladder,physics_no_cross/d2/ensemble/none,12,physics_no_cross,2,ensemble,none,60,regen-v2,637c6b535a9e,unknown,greenhouse-regen:v1,94,24.55686350832708,6175.52078296607,0.95,3.710454546857557,,False,34.8
ladder,physics_no_cross/d2/ensemble/savgol,12,physics_no_cross,2,ensemble,savgol,60,regen-v2,637c6b535a9e,unknown,greenhouse-regen:v1,3,13.355955321802188,5.730972478289748,0.0,3.0894795704889626,,False,230.1
ladder,physics_no_cross/d2/ensemble/kalman,12,physics_no_cross,2,ensemble,kalman,60,regen-v2,637c6b535a9e,unknown,greenhouse-regen:v1,3,13.22060395394924,6.29001774644474,0.0,3.092126476506421,,False,228.5
ladder,raw/d1/stlsq/none,13,raw,1,stlsq,none,60,regen-v2,637c6b535a9e,unknown,greenhouse-regen:v1,19,8.261522230608529,2.612756931087349,0.0,1.8749674427654663,,True,30.2
ladder,raw/d1/stlsq/savgol,13,raw,1,stlsq,savgol,60,regen-v2,637c6b535a9e,unknown,greenhouse-regen:v1,3,9.542909495293689,5.085631217946668,0.0,3.172292259646245,,True,28.8
ladder,raw/d1/stlsq/kalman,13,raw,1,stlsq,kalman,60,regen-v2,637c6b535a9e,unknown,greenhouse-regen:v1,3,8.251740387435694,5.357677336543941,0.0,3.1752609243694545,,True,29.9
ladder,raw/d1/sr3/none,13,raw,1,sr3,none,60,regen-v2,637c6b535a9e,unknown,greenhouse-regen:v1,6,8.261522230608529,4.259460614686809,0.0,2.5080719334512223,,True,29.1
ladder,raw/d1/sr3/savgol,13,raw,1,sr3,savgol,60,regen-v2,637c6b535a9e,unknown,greenhouse-regen:v1,3,9.542909495293689,4.866872577051138,0.0,3.1482492582462243,,True,29.2
ladder,raw/d1/sr3/kalman,13,raw,1,sr3,kalman,60,regen-v2,637c6b535a9e,unknown,greenhouse-regen:v1,3,8.251740387435694,5.210149394776759,0.0,3.17408727409181,,True,30.2
ladder,raw/d1/constrained/none,13,raw,1,constrained,none,60,regen-v2,637c6b535a9e,unknown,greenhouse-regen:v1,6,8.261522230608529,4.259460614686809,0.0,2.5080719334512223,,True,29.6
ladder,raw/d1/constrained/savgol,13,raw,1,constrained,savgol,60,regen-v2,637c6b535a9e,unknown,greenhouse-regen:v1,3,9.542909495293689,4.866872577051138,0.0,3.1482492582462243,,True,29.1
ladder,raw/d1/constrained/kalman,13,raw,1,constrained,kalman,60,regen-v2,637c6b535a9e,unknown,greenhouse-regen:v1,3,8.251740387435694,5.210149394776759,0.0,3.17408727409181,,True,30.1
ladder,raw/d1/ensemble/none,13,raw,1,ensemble,none,60,regen-v2,637c6b535a9e,unknown,greenhouse-regen:v1,19,8.261522230608529,2.618552048860217,0.0,1.8750297743527955,,True,30.5
ladder,raw/d1/ensemble/savgol,13,raw,1,ensemble,savgol,60,regen-v2,637c6b535a9e,unknown,greenhouse-regen:v1,3,9.542909495293689,5.095713846172294,0.0,3.1724910858465774,,True,30.0
ladder,raw/d1/ensemble/kalman,13,raw,1,ensemble,kalman,60,regen-v2,637c6b535a9e,unknown,greenhouse-regen:v1,3,8.251740387435694,5.30904781850573,0.0,3.1749368221006047,,True,30.8
ladder,raw/d2/stlsq/none,13,raw,2,stlsq,none,60,regen-v2,637c6b535a9e,unknown,greenhouse-regen:v1,50,8.261522230608529,4.9225990013389325,0.15,1.0833051280993813,,False,145.5
ladder,raw/d2/stlsq/savgol,13,raw,2,stlsq,savgol,60,regen-v2,637c6b535a9e,unknown,greenhouse-regen:v1,3,9.542909495293689,5.085631217946668,0.0,3.172292259646245,,False,164.7
ladder,raw/d2/stlsq/kalman,13,raw,2,stlsq,kalman,60,regen-v2,637c6b535a9e,unknown,greenhouse-regen:v1,3,8.251740387435694,5.357677336543941,0.0,3.1752609243694545,,False,167.9
ladder,raw/d2/sr3/none,13,raw,2,sr3,none,60,regen-v2,637c6b535a9e,unknown,greenhouse-regen:v1,7,8.261522230608529,4.824374546115202,0.0,2.457468285201975,,False,163.6
ladder,raw/d2/sr3/savgol,13,raw,2,sr3,savgol,60,regen-v2,637c6b535a9e,unknown,greenhouse-regen:v1,3,9.542909495293689,4.870097271670548,0.0,3.150290387821057,,False,164.7
ladder,raw/d2/sr3/kalman,13,raw,2,sr3,kalman,60,regen-v2,637c6b535a9e,unknown,greenhouse-regen:v1,3,8.251740387435694,5.225560030217396,0.0,3.174241717874464,,False,168.5
ladder,raw/d2/constrained/none,13,raw,2,constrained,none,60,regen-v2,637c6b535a9e,unknown,greenhouse-regen:v1,7,8.261522230608529,4.824374546115202,0.0,2.457468285201975,,False,166.8
ladder,raw/d2/constrained/savgol,13,raw,2,constrained,savgol,60,regen-v2,637c6b535a9e,unknown,greenhouse-regen:v1,3,9.542909495293689,4.870097271670548,0.0,3.150290387821057,,False,165.5
ladder,raw/d2/constrained/kalman,13,raw,2,constrained,kalman,60,regen-v2,637c6b535a9e,unknown,greenhouse-regen:v1,3,8.251740387435694,5.225560030217396,0.0,3.174241717874464,,False,167.7
ladder,raw/d2/ensemble/none,13,raw,2,ensemble,none,60,regen-v2,637c6b535a9e,unknown,greenhouse-regen:v1,52,8.261522230608529,2.3183679032219606,0.05,1.084856920253957,,False,163.3
ladder,raw/d2/ensemble/savgol,13,raw,2,ensemble,savgol,60,regen-v2,637c6b535a9e,unknown,greenhouse-regen:v1,3,9.542909495293689,5.093903248380448,0.0,3.172456374282518,,False,167.9
ladder,raw/d2/ensemble/kalman,13,raw,2,ensemble,kalman,60,regen-v2,637c6b535a9e,unknown,greenhouse-regen:v1,3,8.251740387435694,5.444468593942758,0.0,3.1757412372752767,,False,171.5
ladder,physics/d1/stlsq/none,13,physics,1,stlsq,none,60,regen-v2,637c6b535a9e,unknown,greenhouse-regen:v1,41,57.680606906271024,25.56614928806771,0.65,1.6906352115962586,,True,20.9
ladder,physics/d1/stlsq/savgol,13,physics,1,stlsq,savgol,60,regen-v2,637c6b535a9e,unknown,greenhouse-regen:v1,3,46.82653072155335,5.085631217946668,0.0,3.172292259646245,,True,38.9
ladder,physics/d1/stlsq/kalman,13,physics,1,stlsq,kalman,60,regen-v2,637c6b535a9e,unknown,greenhouse-regen:v1,3,45.03716809303436,5.357677336543941,0.0,3.1752609243694545,,True,39.7
ladder,physics/d1/sr3/none,13,physics,1,sr3,none,60,regen-v2,637c6b535a9e,unknown,greenhouse-regen:v1,17,57.680606906271024,4430.8995364742805,0.8333333333333334,2.348010081767503,,True,12.2
ladder,physics/d1/sr3/savgol,13,physics,1,sr3,savgol,60,regen-v2,637c6b535a9e,unknown,greenhouse-regen:v1,3,46.82653072155335,4.883382564578447,0.0,3.156128892891372,,True,39.6
ladder,physics/d1/sr3/kalman,13,physics,1,sr3,kalman,60,regen-v2,637c6b535a9e,unknown,greenhouse-regen:v1,3,45.03716809303436,14.515774572571534,0.0,3.182271221134469,,True,39.7
ladder,physics/d1/constrained/none,13,physics,1,constrained,none,60,regen-v2,637c6b535a9e,unknown,greenhouse-regen:v1,17,57.680606906271024,4430.8995364742805,0.8333333333333334,2.348010081767503,,True,12.2
ladder,physics/d1/constrained/savgol,13,physics,1,constrained,savgol,60,regen-v2,637c6b535a9e,unknown,greenhouse-regen:v1,3,46.82653072155335,4.883382564578447,0.0,3.156128892891372,,True,39.6
ladder,physics/d1/constrained/kalman,13,physics,1,constrained,kalman,60,regen-v2,637c6b535a9e,unknown,greenhouse-regen:v1,3,45.03716809303436,14.515774572571534,0.0,3.182271221134469,,True,39.9
ladder,physics/d1/ensemble/none,13,physics,1,ensemble,none,60,regen-v2,637c6b535a9e,unknown,greenhouse-regen:v1,40,57.680606906271024,24.577160366248037,0.6666666666666666,1.6930975501611851,,True,20.8
ladder,physics/d1/ensemble/savgol,13,physics,1,ensemble,savgol,60,regen-v2,637c6b535a9e,unknown,greenhouse-regen:v1,3,46.82653072155335,5.094404853454768,0.0,3.1724660328289764,,True,39.1
ladder,physics/d1/ensemble/kalman,13,physics,1,ensemble,kalman,60,regen-v2,637c6b535a9e,unknown,greenhouse-regen:v1,3,45.03716809303436,5.363474820762957,0.0,3.1752965609473143,,True,40.2
ladder,physics/d2/stlsq/none,13,physics,2,stlsq,none,60,regen-v2,637c6b535a9e,unknown,greenhouse-regen:v1,303,57.680606906271024,9.626431197181088,0.4333333333333333,0.9412295014872748,,False,237.7
ladder,physics/d2/stlsq/savgol,13,physics,2,stlsq,savgol,60,regen-v2,637c6b535a9e,unknown,greenhouse-regen:v1,5,46.82653072155335,4.996160633930927,0.2,3.172292259646245,,False,282.1
ladder,physics/d2/stlsq/kalman,13,physics,2,stlsq,kalman,60,regen-v2,637c6b535a9e,unknown,greenhouse-regen:v1,3,45.03716809303436,5.357677336543941,0.0,3.1752609243694545,,False,326.4
ladder,physics/d2/sr3/none,13,physics,2,sr3,none,60,regen-v2,637c6b535a9e,unknown,greenhouse-regen:v1,164,57.680606906271024,1126.3647146531684,1.0,5.125900816256928,,False,38.0
ladder,physics/d2/sr3/savgol,13,physics,2,sr3,savgol,60,regen-v2,637c6b535a9e,unknown,greenhouse-regen:v1,3,46.82653072155335,4.864629799829749,0.0,3.146597527889168,,False,318.2
ladder,physics/d2/sr3/kalman,13,physics,2,sr3,kalman,60,regen-v2,637c6b535a9e,unknown,greenhouse-regen:v1,3,45.03716809303436,6.787543008401778,0.0,3.1787009742303742,,False,318.7
ladder,physics/d2/constrained/none,13,physics,2,constrained,none,60,regen-v2,637c6b535a9e,unknown,greenhouse-regen:v1,164,57.680606906271024,1126.3647146531684,1.0,5.125900816256928,,False,37.7
ladder,physics/d2/constrained/savgol,13,physics,2,constrained,savgol,60,regen-v2,637c6b535a9e,unknown,greenhouse-regen:v1,3,46.82653072155335,4.864629799829749,0.0,3.146597527889168,,False,315.8
ladder,physics/d2/constrained/kalman,13,physics,2,constrained,kalman,60,regen-v2,637c6b535a9e,unknown,greenhouse-regen:v1,3,45.03716809303436,6.787543008401778,0.0,3.1787009742303742,,False,316.3
ladder,physics/d2/ensemble/none,13,physics,2,ensemble,none,60,regen-v2,637c6b535a9e,unknown,greenhouse-regen:v1,277,57.680606906271024,3738.934493188957,1.0,13.445898156604938,,False,20.4
ladder,physics/d2/ensemble/savgol,13,physics,2,ensemble,savgol,60,regen-v2,637c6b535a9e,unknown,greenhouse-regen:v1,7,46.82653072155335,20.108535761173854,0.4666666666666667,3.218594630996834,,False,194.5
ladder,physics/d2/ensemble/kalman,13,physics,2,ensemble,kalman,60,regen-v2,637c6b535a9e,unknown,greenhouse-regen:v1,3,45.03716809303436,5.430617290449734,0.0,3.1756714437221083,,False,316.3
ladder,physics_no_cross/d1/stlsq/none,13,physics_no_cross,1,stlsq,none,60,regen-v2,637c6b535a9e,unknown,greenhouse-regen:v1,28,27.061073108800183,14.077884657330875,0.2333333333333333,1.7490293067768972,,True,25.7
ladder,physics_no_cross/d1/stlsq/savgol,13,physics_no_cross,1,stlsq,savgol,60,regen-v2,637c6b535a9e,unknown,greenhouse-regen:v1,3,14.33597209489708,5.085631217946668,0.0,3.172292259646245,,True,32.2
ladder,physics_no_cross/d1/stlsq/kalman,13,physics_no_cross,1,stlsq,kalman,60,regen-v2,637c6b535a9e,unknown,greenhouse-regen:v1,3,14.465106998868622,5.357677336543941,0.0,3.1752609243694545,,True,32.8
ladder,physics_no_cross/d1/sr3/none,13,physics_no_cross,1,sr3,none,60,regen-v2,637c6b535a9e,unknown,greenhouse-regen:v1,9,27.061073108800183,5.880019447270942,0.0166666666666666,2.893781871911523,,True,30.8
ladder,physics_no_cross/d1/sr3/savgol,13,physics_no_cross,1,sr3,savgol,60,regen-v2,637c6b535a9e,unknown,greenhouse-regen:v1,3,14.33597209489708,4.883450278474014,0.0,3.156151550935121,,True,30.9
ladder,physics_no_cross/d1/sr3/kalman,13,physics_no_cross,1,sr3,kalman,60,regen-v2,637c6b535a9e,unknown,greenhouse-regen:v1,3,14.465106998868622,9.322369258705942,0.0,3.180541732070397,,True,31.6
ladder,physics_no_cross/d1/constrained/none,13,physics_no_cross,1,constrained,none,60,regen-v2,637c6b535a9e,unknown,greenhouse-regen:v1,9,27.061073108800183,5.880019447270942,0.0166666666666666,2.893781871911523,,True,30.9
ladder,physics_no_cross/d1/constrained/savgol,13,physics_no_cross,1,constrained,savgol,60,regen-v2,637c6b535a9e,unknown,greenhouse-regen:v1,3,14.33597209489708,4.883450278474014,0.0,3.156151550935121,,True,31.1
ladder,physics_no_cross/d1/constrained/kalman,13,physics_no_cross,1,constrained,kalman,60,regen-v2,637c6b535a9e,unknown,greenhouse-regen:v1,3,14.465106998868622,9.322369258705942,0.0,3.180541732070397,,True,32.4
ladder,physics_no_cross/d1/ensemble/none,13,physics_no_cross,1,ensemble,none,60,regen-v2,637c6b535a9e,unknown,greenhouse-regen:v1,29,27.061073108800183,15.620341170402646,0.2666666666666666,1.7505007726674866,,True,24.4
ladder,physics_no_cross/d1/ensemble/savgol,13,physics_no_cross,1,ensemble,savgol,60,regen-v2,637c6b535a9e,unknown,greenhouse-regen:v1,3,14.33597209489708,5.075496770699091,0.0,3.172077834000961,,True,31.9
ladder,physics_no_cross/d1/ensemble/kalman,13,physics_no_cross,1,ensemble,kalman,60,regen-v2,637c6b535a9e,unknown,greenhouse-regen:v1,3,14.465106998868622,5.293261969980213,0.0,3.1748205844299537,,True,33.0
ladder,physics_no_cross/d2/stlsq/none,13,physics_no_cross,2,stlsq,none,60,regen-v2,637c6b535a9e,unknown,greenhouse-regen:v1,97,27.061073108800183,34.464293305507326,0.1666666666666666,1.011991607615408,,False,176.0
ladder,physics_no_cross/d2/stlsq/savgol,13,physics_no_cross,2,stlsq,savgol,60,regen-v2,637c6b535a9e,unknown,greenhouse-regen:v1,3,14.33597209489708,5.085631217946668,0.0,3.172292259646245,,False,217.4
ladder,physics_no_cross/d2/stlsq/kalman,13,physics_no_cross,2,stlsq,kalman,60,regen-v2,637c6b535a9e,unknown,greenhouse-regen:v1,3,14.465106998868622,5.357677336543941,0.0,3.1752609243694545,,False,211.5
ladder,physics_no_cross/d2/sr3/none,13,physics_no_cross,2,sr3,none,60,regen-v2,637c6b535a9e,unknown,greenhouse-regen:v1,55,27.061073108800183,455.6047223173715,0.95,5.912765780023816,,False,35.8
ladder,physics_no_cross/d2/sr3/savgol,13,physics_no_cross,2,sr3,savgol,60,regen-v2,637c6b535a9e,unknown,greenhouse-regen:v1,3,14.33597209489708,4.880366552399565,0.0,3.155062300807663,,False,211.5
ladder,physics_no_cross/d2/sr3/kalman,13,physics_no_cross,2,sr3,kalman,60,regen-v2,637c6b535a9e,unknown,greenhouse-regen:v1,3,14.465106998868622,6.784293029608448,0.0,3.178697207908316,,False,214.6
ladder,physics_no_cross/d2/constrained/none,13,physics_no_cross,2,constrained,none,60,regen-v2,637c6b535a9e,unknown,greenhouse-regen:v1,55,27.061073108800183,455.6047223173715,0.95,5.912765780023816,,False,36.5
ladder,physics_no_cross/d2/constrained/savgol,13,physics_no_cross,2,constrained,savgol,60,regen-v2,637c6b535a9e,unknown,greenhouse-regen:v1,3,14.33597209489708,4.880366552399565,0.0,3.155062300807663,,False,212.8
ladder,physics_no_cross/d2/constrained/kalman,13,physics_no_cross,2,constrained,kalman,60,regen-v2,637c6b535a9e,unknown,greenhouse-regen:v1,3,14.465106998868622,6.784293029608448,0.0,3.178697207908316,,False,211.0
ladder,physics_no_cross/d2/ensemble/none,13,physics_no_cross,2,ensemble,none,60,regen-v2,637c6b535a9e,unknown,greenhouse-regen:v1,107,27.061073108800183,9873.454003586665,0.8666666666666667,1.1466767813018124,,False,60.2
ladder,physics_no_cross/d2/ensemble/savgol,13,physics_no_cross,2,ensemble,savgol,60,regen-v2,637c6b535a9e,unknown,greenhouse-regen:v1,3,14.33597209489708,5.079987788678815,0.0,3.172174769561134,,False,215.6
ladder,physics_no_cross/d2/ensemble/kalman,13,physics_no_cross,2,ensemble,kalman,60,regen-v2,637c6b535a9e,unknown,greenhouse-regen:v1,3,14.465106998868622,5.520064449147706,0.0,3.176086098963122,,False,215.6
ladder,raw/d1/stlsq/none,14,raw,1,stlsq,none,60,regen-v2,637c6b535a9e,unknown,greenhouse-regen:v1,20,8.029519854434996,2.716638975611191,0.0,1.9078364886022423,,True,31.6
ladder,raw/d1/stlsq/savgol,14,raw,1,stlsq,savgol,60,regen-v2,637c6b535a9e,unknown,greenhouse-regen:v1,3,9.094479882884556,5.70419585221759,0.0,3.266022790908536,,True,29.9
ladder,raw/d1/stlsq/kalman,14,raw,1,stlsq,kalman,60,regen-v2,637c6b535a9e,unknown,greenhouse-regen:v1,3,8.620666456978556,6.10615441829019,0.0,3.268740258994402,,True,30.8
ladder,raw/d1/sr3/none,14,raw,1,sr3,none,60,regen-v2,637c6b535a9e,unknown,greenhouse-regen:v1,6,8.029519854434996,4.323519544585452,0.0,2.4869514768147525,,True,30.4
ladder,raw/d1/sr3/savgol,14,raw,1,sr3,savgol,60,regen-v2,637c6b535a9e,unknown,greenhouse-regen:v1,3,9.094479882884556,5.340061598879678,0.0,3.249862457053658,,True,30.0
ladder,raw/d1/sr3/kalman,14,raw,1,sr3,kalman,60,regen-v2,637c6b535a9e,unknown,greenhouse-regen:v1,3,8.620666456978556,6.020173806650266,0.0,3.268359496985831,,True,31.3
ladder,raw/d1/constrained/none,14,raw,1,constrained,none,60,regen-v2,637c6b535a9e,unknown,greenhouse-regen:v1,6,8.029519854434996,4.323519544585452,0.0,2.4869514768147525,,True,30.5
ladder,raw/d1/constrained/savgol,14,raw,1,constrained,savgol,60,regen-v2,637c6b535a9e,unknown,greenhouse-regen:v1,3,9.094479882884556,5.340061598879678,0.0,3.249862457053658,,True,30.6
ladder,raw/d1/constrained/kalman,14,raw,1,constrained,kalman,60,regen-v2,637c6b535a9e,unknown,greenhouse-regen:v1,3,8.620666456978556,6.020173806650266,0.0,3.268359496985831,,True,30.9
ladder,raw/d1/ensemble/none,14,raw,1,ensemble,none,60,regen-v2,637c6b535a9e,unknown,greenhouse-regen:v1,21,8.029519854434996,2.617428397329114,0.0,1.8994965167490567,,True,30.5
ladder,raw/d1/ensemble/savgol,14,raw,1,ensemble,savgol,60,regen-v2,637c6b535a9e,unknown,greenhouse-regen:v1,3,9.094479882884556,5.662476223016237,0.0,3.265488253405946,,True,30.2
ladder,raw/d1/ensemble/kalman,14,raw,1,ensemble,kalman,60,regen-v2,637c6b535a9e,unknown,greenhouse-regen:v1,3,8.620666456978556,6.195719690924823,0.0,3.269079496977197,,True,31.0
ladder,raw/d2/stlsq/none,14,raw,2,stlsq,none,60,regen-v2,637c6b535a9e,unknown,greenhouse-regen:v1,48,8.029519854434996,2.0427799675729004,0.0,1.1588592603514667,,False,168.4
ladder,raw/d2/stlsq/savgol,14,raw,2,stlsq,savgol,60,regen-v2,637c6b535a9e,unknown,greenhouse-regen:v1,3,9.094479882884556,5.70419585221759,0.0,3.266022790908536,,False,168.8
ladder,raw/d2/stlsq/kalman,14,raw,2,stlsq,kalman,60,regen-v2,637c6b535a9e,unknown,greenhouse-regen:v1,3,8.620666456978556,6.10615441829019,0.0,3.268740258994402,,False,172.5
ladder,raw/d2/sr3/none,14,raw,2,sr3,none,60,regen-v2,637c6b535a9e,unknown,greenhouse-regen:v1,6,8.029519854434996,4.848352990742479,0.0,2.435830139524263,,False,170.2
ladder,raw/d2/sr3/savgol,14,raw,2,sr3,savgol,60,regen-v2,637c6b535a9e,unknown,greenhouse-regen:v1,3,9.094479882884556,5.363495364082175,0.0,3.2531065476089718,,False,170.5
ladder,raw/d2/sr3/kalman,14,raw,2,sr3,kalman,60,regen-v2,637c6b535a9e,unknown,greenhouse-regen:v1,3,8.620666456978556,6.489012876939853,0.0,3.2699269261720016,,False,174.3
ladder,raw/d2/constrained/none,14,raw,2,constrained,none,60,regen-v2,637c6b535a9e,unknown,greenhouse-regen:v1,6,8.029519854434996,4.848352990742479,0.0,2.435830139524263,,False,172.0
ladder,raw/d2/constrained/savgol,14,raw,2,constrained,savgol,60,regen-v2,637c6b535a9e,unknown,greenhouse-regen:v1,3,9.094479882884556,5.363495364082175,0.0,3.2531065476089718,,False,168.3
ladder,raw/d2/constrained/kalman,14,raw,2,constrained,kalman,60,regen-v2,637c6b535a9e,unknown,greenhouse-regen:v1,3,8.620666456978556,6.489012876939853,0.0,3.2699269261720016,,False,173.0
ladder,raw/d2/ensemble/none,14,raw,2,ensemble,none,60,regen-v2,637c6b535a9e,unknown,greenhouse-regen:v1,49,8.029519854434996,2.0629307053781942,0.0,1.162053473475714,,False,168.5
ladder,raw/d2/ensemble/savgol,14,raw,2,ensemble,savgol,60,regen-v2,637c6b535a9e,unknown,greenhouse-regen:v1,3,9.094479882884556,5.777485701132568,0.0,3.266776049970548,,False,169.6
ladder,raw/d2/ensemble/kalman,14,raw,2,ensemble,kalman,60,regen-v2,637c6b535a9e,unknown,greenhouse-regen:v1,3,8.620666456978556,6.208485887352806,0.0,3.269123963520609,,False,172.7
ladder,physics/d1/stlsq/none,14,physics,1,stlsq,none,60,regen-v2,637c6b535a9e,unknown,greenhouse-regen:v1,36,50.9592151817987,22.893358747325063,0.4833333333333333,1.7283477924975144,,True,24.0
ladder,physics/d1/stlsq/savgol,14,physics,1,stlsq,savgol,60,regen-v2,637c6b535a9e,unknown,greenhouse-regen:v1,3,41.59674600814508,5.70419585221759,0.0,3.266022790908536,,True,40.9
ladder,physics/d1/stlsq/kalman,14,physics,1,stlsq,kalman,60,regen-v2,637c6b535a9e,unknown,greenhouse-regen:v1,3,39.51145304111918,6.10615441829019,0.0,3.268740258994402,,True,42.6
ladder,physics/d1/sr3/none,14,physics,1,sr3,none,60,regen-v2,637c6b535a9e,unknown,greenhouse-regen:v1,17,50.9592151817987,611.2998170554522,0.6333333333333333,2.3073124682588064,,True,19.5
ladder,physics/d1/sr3/savgol,14,physics,1,sr3,savgol,60,regen-v2,637c6b535a9e,unknown,greenhouse-regen:v1,3,41.59674600814508,5.311439209763157,0.0,3.2440091171985324,,True,41.2
ladder,physics/d1/sr3/kalman,14,physics,1,sr3,kalman,60,regen-v2,637c6b535a9e,unknown,greenhouse-regen:v1,3,39.51145304111918,7.292986675893159,0.0,3.271304138719596,,True,41.5
ladder,physics/d1/constrained/none,14,physics,1,constrained,none,60,regen-v2,637c6b535a9e,unknown,greenhouse-regen:v1,17,50.9592151817987,611.2998170554522,0.6333333333333333,2.3073124682588064,,True,18.9
ladder,physics/d1/constrained/savgol,14,physics,1,constrained,savgol,60,regen-v2,637c6b535a9e,unknown,greenhouse-regen:v1,3,41.59674600814508,5.311439209763157,0.0,3.2440091171985324,,True,41.0
ladder,physics/d1/constrained/kalman,14,physics,1,constrained,kalman,60,regen-v2,637c6b535a9e,unknown,greenhouse-regen:v1,3,39.51145304111918,7.292986675893159,0.0,3.271304138719596,,True,41.2
ladder,physics/d1/ensemble/none,14,physics,1,ensemble,none,60,regen-v2,637c6b535a9e,unknown,greenhouse-regen:v1,36,50.9592151817987,26.511393878161687,0.5333333333333333,1.731560532674532,,True,21.7
ladder,physics/d1/ensemble/savgol,14,physics,1,ensemble,savgol,60,regen-v2,637c6b535a9e,unknown,greenhouse-regen:v1,3,41.59674600814508,5.669857667771045,0.0,3.265589826812373,,True,40.7
ladder,physics/d1/ensemble/kalman,14,physics,1,ensemble,kalman,60,regen-v2,637c6b535a9e,unknown,greenhouse-regen:v1,3,39.51145304111918,6.187146403522227,0.0,3.269049134380471,,True,41.8
ladder,physics/d2/stlsq/none,14,physics,2,stlsq,none,60,regen-v2,637c6b535a9e,unknown,greenhouse-regen:v1,260,50.9592151817987,21.152669688038003,0.1833333333333333,0.9683423350173026,,False,292.3
ladder,physics/d2/stlsq/savgol,14,physics,2,stlsq,savgol,60,regen-v2,637c6b535a9e,unknown,greenhouse-regen:v1,7,41.59674600814508,5.70419585221759,0.0,3.266022790908536,,False,348.0
ladder,physics/d2/stlsq/kalman,14,physics,2,stlsq,kalman,60,regen-v2,637c6b535a9e,unknown,greenhouse-regen:v1,3,39.51145304111918,6.10615441829019,0.0,3.268740258994402,,False,352.1
ladder,physics/d2/sr3/none,14,physics,2,sr3,none,60,regen-v2,637c6b535a9e,unknown,greenhouse-regen:v1,140,50.9592151817987,900.5816781252291,1.0,5.573259819121427,,False,24.6
ladder,physics/d2/sr3/savgol,14,physics,2,sr3,savgol,60,regen-v2,637c6b535a9e,unknown,greenhouse-regen:v1,3,41.59674600814508,5.482581044874316,0.0,3.261268573262983,,False,348.4
ladder,physics/d2/sr3/kalman,14,physics,2,sr3,kalman,60,regen-v2,637c6b535a9e,unknown,greenhouse-regen:v1,3,39.51145304111918,17.559579587199924,0.0,3.275664258411468,,False,351.7
ladder,physics/d2/constrained/none,14,physics,2,constrained,none,60,regen-v2,637c6b535a9e,unknown,greenhouse-regen:v1,140,50.9592151817987,900.5816781252291,1.0,5.573259819121427,,False,24.4
ladder,physics/d2/constrained/savgol,14,physics,2,constrained,savgol,60,regen-v2,637c6b535a9e,unknown,greenhouse-regen:v1,3,41.59674600814508,5.482581044874316,0.0,3.261268573262983,,False,349.9
ladder,physics/d2/constrained/kalman,14,physics,2,constrained,kalman,60,regen-v2,637c6b535a9e,unknown,greenhouse-regen:v1,3,39.51145304111918,17.559579587199924,0.0,3.275664258411468,,False,344.4
ladder,physics/d2/ensemble/none,14,physics,2,ensemble,none,60,regen-v2,637c6b535a9e,unknown,greenhouse-regen:v1,239,50.9592151817987,4187.363686507432,1.0,13.149077142417145,,False,33.0
ladder,physics/d2/ensemble/savgol,14,physics,2,ensemble,savgol,60,regen-v2,637c6b535a9e,unknown,greenhouse-regen:v1,10,41.59674600814508,5.704314722768187,0.0,3.2660241868931514,,False,354.8
ladder,physics/d2/ensemble/kalman,14,physics,2,ensemble,kalman,60,regen-v2,637c6b535a9e,unknown,greenhouse-regen:v1,3,39.51145304111918,6.195419311884551,0.0,3.269078440060543,,False,352.8
ladder,physics_no_cross/d1/stlsq/none,14,physics_no_cross,1,stlsq,none,60,regen-v2,637c6b535a9e,unknown,greenhouse-regen:v1,27,23.576925621218525,7.551319179677895,0.1,1.778566931890165,,True,33.1
ladder,physics_no_cross/d1/stlsq/savgol,14,physics_no_cross,1,stlsq,savgol,60,regen-v2,637c6b535a9e,unknown,greenhouse-regen:v1,3,14.587458491699968,5.70419585221759,0.0,3.266022790908536,,True,35.8
ladder,physics_no_cross/d1/stlsq/kalman,14,physics_no_cross,1,stlsq,kalman,60,regen-v2,637c6b535a9e,unknown,greenhouse-regen:v1,3,14.558751738275886,6.10615441829019,0.0,3.268740258994402,,True,36.3
ladder,physics_no_cross/d1/sr3/none,14,physics_no_cross,1,sr3,none,60,regen-v2,637c6b535a9e,unknown,greenhouse-regen:v1,9,23.576925621218525,4.1999468181431645,0.0,2.811545947120269,,True,35.7
ladder,physics_no_cross/d1/sr3/savgol,14,physics_no_cross,1,sr3,savgol,60,regen-v2,637c6b535a9e,unknown,greenhouse-regen:v1,3,14.587458491699968,5.380643265548496,0.0,3.2549463019227725,,True,35.7
ladder,physics_no_cross/d1/sr3/kalman,14,physics_no_cross,1,sr3,kalman,60,regen-v2,637c6b535a9e,unknown,greenhouse-regen:v1,3,14.558751738275886,7.367397156719438,0.0,3.271396298493212,,True,36.1
ladder,physics_no_cross/d1/constrained/none,14,physics_no_cross,1,constrained,none,60,regen-v2,637c6b535a9e,unknown,greenhouse-regen:v1,9,23.576925621218525,4.1999468181431645,0.0,2.811545947120269,,True,35.2
ladder,physics_no_cross/d1/constrained/savgol,14,physics_no_cross,1,constrained,savgol,60,regen-v2,637c6b535a9e,unknown,greenhouse-regen:v1,3,14.587458491699968,5.380643265548496,0.0,3.2549463019227725,,True,34.8
ladder,physics_no_cross/d1/constrained/kalman,14,physics_no_cross,1,constrained,kalman,60,regen-v2,637c6b535a9e,unknown,greenhouse-regen:v1,3,14.558751738275886,7.367397156719438,0.0,3.271396298493212,,True,35.9
ladder,physics_no_cross/d1/ensemble/none,14,physics_no_cross,1,ensemble,none,60,regen-v2,637c6b535a9e,unknown,greenhouse-regen:v1,29,23.576925621218525,8.909527841054688,0.1166666666666666,1.7793636315190855,,True,32.3
ladder,physics_no_cross/d1/ensemble/savgol,14,physics_no_cross,1,ensemble,savgol,60,regen-v2,637c6b535a9e,unknown,greenhouse-regen:v1,3,14.587458491699968,5.718986498863736,0.0,3.266191603730798,,True,35.6
ladder,physics_no_cross/d1/ensemble/kalman,14,physics_no_cross,1,ensemble,kalman,60,regen-v2,637c6b535a9e,unknown,greenhouse-regen:v1,3,14.558751738275886,6.185738285730977,0.0,3.2690441081614345,,True,36.4
ladder,physics_no_cross/d2/stlsq/none,14,physics_no_cross,2,stlsq,none,60,regen-v2,637c6b535a9e,unknown,greenhouse-regen:v1,124,23.576925621218525,41.81366738646744,0.25,1.0359551426579865,,False,184.1
ladder,physics_no_cross/d2/stlsq/savgol,14,physics_no_cross,2,stlsq,savgol,60,regen-v2,637c6b535a9e,unknown,greenhouse-regen:v1,3,14.587458491699968,5.70419585221759,0.0,3.266022790908536,,False,241.1
ladder,physics_no_cross/d2/stlsq/kalman,14,physics_no_cross,2,stlsq,kalman,60,regen-v2,637c6b535a9e,unknown,greenhouse-regen:v1,3,14.558751738275886,6.10615441829019,0.0,3.268740258994402,,False,242.0
ladder,physics_no_cross/d2/sr3/none,14,physics_no_cross,2,sr3,none,60,regen-v2,637c6b535a9e,unknown,greenhouse-regen:v1,39,23.576925621218525,1112.569669222158,0.6333333333333333,2.700438918508439,,False,112.6
ladder,physics_no_cross/d2/sr3/savgol,14,physics_no_cross,2,sr3,savgol,60,regen-v2,637c6b535a9e,unknown,greenhouse-regen:v1,3,14.587458491699968,5.469649275249289,0.0,3.2607351491077576,,False,239.6
ladder,physics_no_cross/d2/sr3/kalman,14,physics_no_cross,2,sr3,kalman,60,regen-v2,637c6b535a9e,unknown,greenhouse-regen:v1,3,14.558751738275886,14.56754823046081,0.0,3.2749840491975117,,False,236.8
ladder,physics_no_cross/d2/constrained/none,14,physics_no_cross,2,constrained,none,60,regen-v2,637c6b535a9e,unknown,greenhouse-regen:v1,39,23.576925621218525,1112.569669222158,0.6333333333333333,2.700438918508439,,False,111.8
ladder,physics_no_cross/d2/constrained/savgol,14,physics_no_cross,2,constrained,savgol,60,regen-v2,637c6b535a9e,unknown,greenhouse-regen:v1,3,14.587458491699968,5.469649275249289,0.0,3.2607351491077576,,False,239.1
ladder,physics_no_cross/d2/constrained/kalman,14,physics_no_cross,2,constrained,kalman,60,regen-v2,637c6b535a9e,unknown,greenhouse-regen:v1,3,14.558751738275886,14.56754823046081,0.0,3.2749840491975117,,False,240.9
ladder,physics_no_cross/d2/ensemble/none,14,physics_no_cross,2,ensemble,none,60,regen-v2,637c6b535a9e,unknown,greenhouse-regen:v1,114,23.576925621218525,254.39668204765653,0.9166666666666666,1.9693830687535383,,False,38.2
ladder,physics_no_cross/d2/ensemble/savgol,14,physics_no_cross,2,ensemble,savgol,60,regen-v2,637c6b535a9e,unknown,greenhouse-regen:v1,3,14.587458491699968,5.701152021495263,0.0,3.265986819800047,,False,239.6
ladder,physics_no_cross/d2/ensemble/kalman,14,physics_no_cross,2,ensemble,kalman,60,regen-v2,637c6b535a9e,unknown,greenhouse-regen:v1,3,14.558751738275886,6.084076879874413,0.0,3.268648288621112,,False,241.0
ladder,raw/d1/stlsq/none,15,raw,1,stlsq,none,60,regen-v2,637c6b535a9e,unknown,greenhouse-regen:v1,20,8.621664727398038,2.7834566231965403,0.0,1.9018718016364424,,True,29.9
ladder,raw/d1/stlsq/savgol,15,raw,1,stlsq,savgol,60,regen-v2,637c6b535a9e,unknown,greenhouse-regen:v1,3,9.604626249135436,5.556625149257699,0.0,2.998062541201345,,True,28.8
ladder,raw/d1/stlsq/kalman,15,raw,1,stlsq,kalman,60,regen-v2,637c6b535a9e,unknown,greenhouse-regen:v1,3,8.191598447321054,5.84064289896093,0.0,3.0004228619826696,,True,29.8
ladder,raw/d1/sr3/none,15,raw,1,sr3,none,60,regen-v2,637c6b535a9e,unknown,greenhouse-regen:v1,5,8.621664727398038,4.516209337375472,0.0,2.3712785322953547,,True,29.5
ladder,raw/d1/sr3/savgol,15,raw,1,sr3,savgol,60,regen-v2,637c6b535a9e,unknown,greenhouse-regen:v1,3,9.604626249135436,5.325243968248609,0.0,2.985734665618831,,True,29.1
ladder,raw/d1/sr3/kalman,15,raw,1,sr3,kalman,60,regen-v2,637c6b535a9e,unknown,greenhouse-regen:v1,3,8.191598447321054,5.830137085327258,0.0,3.000369202943848,,True,29.6
ladder,raw/d1/constrained/none,15,raw,1,constrained,none,60,regen-v2,637c6b535a9e,unknown,greenhouse-regen:v1,5,8.621664727398038,4.516209337375472,0.0,2.3712785322953547,,True,28.8
ladder,raw/d1/constrained/savgol,15,raw,1,constrained,savgol,60,regen-v2,637c6b535a9e,unknown,greenhouse-regen:v1,3,9.604626249135436,5.325243968248609,0.0,2.985734665618831,,True,28.9
ladder,raw/d1/constrained/kalman,15,raw,1,constrained,kalman,60,regen-v2,637c6b535a9e,unknown,greenhouse-regen:v1,3,8.191598447321054,5.830137085327258,0.0,3.000369202943848,,True,29.2
ladder,raw/d1/ensemble/none,15,raw,1,ensemble,none,60,regen-v2,637c6b535a9e,unknown,greenhouse-regen:v1,21,8.621664727398038,2.8673602349839338,0.0,1.9091698232233565,,True,29.0
ladder,raw/d1/ensemble/savgol,15,raw,1,ensemble,savgol,60,regen-v2,637c6b535a9e,unknown,greenhouse-regen:v1,3,9.604626249135436,5.536148199517089,0.0,2.997747960981742,,True,29.0
ladder,raw/d1/ensemble/kalman,15,raw,1,ensemble,kalman,60,regen-v2,637c6b535a9e,unknown,greenhouse-regen:v1,3,8.191598447321054,5.797908898153279,0.0,3.0001951947104915,,True,29.6
ladder,raw/d2/stlsq/none,15,raw,2,stlsq,none,60,regen-v2,637c6b535a9e,unknown,greenhouse-regen:v1,46,8.621664727398038,9.110187352104465,0.2333333333333333,1.110080969235451,,False,126.0
ladder,raw/d2/stlsq/savgol,15,raw,2,stlsq,savgol,60,regen-v2,637c6b535a9e,unknown,greenhouse-regen:v1,3,9.604626249135436,5.556625149257699,0.0,2.998062541201345,,False,163.1
ladder,raw/d2/stlsq/kalman,15,raw,2,stlsq,kalman,60,regen-v2,637c6b535a9e,unknown,greenhouse-regen:v1,3,8.191598447321054,5.84064289896093,0.0,3.0004228619826696,,False,163.3
ladder,raw/d2/sr3/none,15,raw,2,sr3,none,60,regen-v2,637c6b535a9e,unknown,greenhouse-regen:v1,6,8.621664727398038,4.91606646916741,0.0,2.352205562621862,,False,160.9
ladder,raw/d2/sr3/savgol,15,raw,2,sr3,savgol,60,regen-v2,637c6b535a9e,unknown,greenhouse-regen:v1,3,9.604626249135436,5.331934174835502,0.0,2.9870448798035865,,False,161.0
ladder,raw/d2/sr3/kalman,15,raw,2,sr3,kalman,60,regen-v2,637c6b535a9e,unknown,greenhouse-regen:v1,3,8.191598447321054,5.51548557960915,0.0,2.997386211497552,,False,163.2
ladder,raw/d2/constrained/none,15,raw,2,constrained,none,60,regen-v2,637c6b535a9e,unknown,greenhouse-regen:v1,6,8.621664727398038,4.91606646916741,0.0,2.352205562621862,,False,161.0
ladder,raw/d2/constrained/savgol,15,raw,2,constrained,savgol,60,regen-v2,637c6b535a9e,unknown,greenhouse-regen:v1,3,9.604626249135436,5.331934174835502,0.0,2.9870448798035865,,False,162.2
ladder,raw/d2/constrained/kalman,15,raw,2,constrained,kalman,60,regen-v2,637c6b535a9e,unknown,greenhouse-regen:v1,3,8.191598447321054,5.51548557960915,0.0,2.997386211497552,,False,161.1
ladder,raw/d2/ensemble/none,15,raw,2,ensemble,none,60,regen-v2,637c6b535a9e,unknown,greenhouse-regen:v1,45,8.621664727398038,2.8262169982314966,0.15,1.084805067693536,,False,138.7
ladder,raw/d2/ensemble/savgol,15,raw,2,ensemble,savgol,60,regen-v2,637c6b535a9e,unknown,greenhouse-regen:v1,3,9.604626249135436,5.572090417010346,0.0,2.998276746056732,,False,157.6
ladder,raw/d2/ensemble/kalman,15,raw,2,ensemble,kalman,60,regen-v2,637c6b535a9e,unknown,greenhouse-regen:v1,3,8.191598447321054,5.9192422803250615,0.0,3.0007844856373915,,False,160.3
ladder,physics/d1/stlsq/none,15,physics,1,stlsq,none,60,regen-v2,637c6b535a9e,unknown,greenhouse-regen:v1,36,50.549214933331065,26.014568393147325,0.55,1.6655385202049873,,True,19.1
ladder,physics/d1/stlsq/savgol,15,physics,1,stlsq,savgol,60,regen-v2,637c6b535a9e,unknown,greenhouse-regen:v1,3,43.07651446254293,5.556625149257699,0.0,2.998062541201345,,True,36.3
ladder,physics/d1/stlsq/kalman,15,physics,1,stlsq,kalman,60,regen-v2,637c6b535a9e,unknown,greenhouse-regen:v1,3,41.18884129608868,5.84064289896093,0.0,3.0004228619826696,,True,37.4
ladder,physics/d1/sr3/none,15,physics,1,sr3,none,60,regen-v2,637c6b535a9e,unknown,greenhouse-regen:v1,18,50.549214933331065,4430.05280779637,0.6,2.3147078845524245,,True,17.7
ladder,physics/d1/sr3/savgol,15,physics,1,sr3,savgol,60,regen-v2,637c6b535a9e,unknown,greenhouse-regen:v1,3,43.07651446254293,5.4043463160982,0.0,2.993961010480952,,True,37.3
ladder,physics/d1/sr3/kalman,15,physics,1,sr3,kalman,60,regen-v2,637c6b535a9e,unknown,greenhouse-regen:v1,3,41.18884129608868,54.36997071494793,0.0,3.010479586631381,,True,37.8
ladder,physics/d1/constrained/none,15,physics,1,constrained,none,60,regen-v2,637c6b535a9e,unknown,greenhouse-regen:v1,18,50.549214933331065,4430.05280779637,0.6,2.3147078845524245,,True,18.0
ladder,physics/d1/constrained/savgol,15,physics,1,constrained,savgol,60,regen-v2,637c6b535a9e,unknown,greenhouse-regen:v1,3,43.07651446254293,5.4043463160982,0.0,2.993961010480952,,True,37.0
ladder,physics/d1/constrained/kalman,15,physics,1,constrained,kalman,60,regen-v2,637c6b535a9e,unknown,greenhouse-regen:v1,3,41.18884129608868,54.36997071494793,0.0,3.010479586631381,,True,37.7
ladder,physics/d1/ensemble/none,15,physics,1,ensemble,none,60,regen-v2,637c6b535a9e,unknown,greenhouse-regen:v1,37,50.549214933331065,25.919528482952604,0.5166666666666667,1.666350420277004,,True,19.2
ladder,physics/d1/ensemble/savgol,15,physics,1,ensemble,savgol,60,regen-v2,637c6b535a9e,unknown,greenhouse-regen:v1,3,43.07651446254293,5.533789646819463,0.0,2.997709156997325,,True,37.9
ladder,physics/d1/ensemble/kalman,15,physics,1,ensemble,kalman,60,regen-v2,637c6b535a9e,unknown,greenhouse-regen:v1,3,41.18884129608868,5.829960479132746,0.0,3.000368288692932,,True,37.4
ladder,physics/d2/stlsq/none,15,physics,2,stlsq,none,60,regen-v2,637c6b535a9e,unknown,greenhouse-regen:v1,267,50.549214933331065,275.0439458051273,0.3666666666666666,0.944445636648607,,False,227.8
ladder,physics/d2/stlsq/savgol,15,physics,2,stlsq,savgol,60,regen-v2,637c6b535a9e,unknown,greenhouse-regen:v1,5,43.07651446254293,5.509341884650593,0.0666666666666666,2.998062541201345,,False,300.7
ladder,physics/d2/stlsq/kalman,15,physics,2,stlsq,kalman,60,regen-v2,637c6b535a9e,unknown,greenhouse-regen:v1,3,41.18884129608868,5.84064289896093,0.0,3.0004228619826696,,False,312.7
ladder,physics/d2/sr3/none,15,physics,2,sr3,none,60,regen-v2,637c6b535a9e,unknown,greenhouse-regen:v1,132,50.549214933331065,668.7766172899134,1.0,3.38536780504476,,False,17.3
ladder,physics/d2/sr3/savgol,15,physics,2,sr3,savgol,60,regen-v2,637c6b535a9e,unknown,greenhouse-regen:v1,3,43.07651446254293,73.86620319939883,0.0166666666666666,3.011368311103608,,False,312.6
ladder,physics/d2/sr3/kalman,15,physics,2,sr3,kalman,60,regen-v2,637c6b535a9e,unknown,greenhouse-regen:v1,3,41.18884129608868,9.741234509399945,0.0,3.005093519562762,,False,312.7
ladder,physics/d2/constrained/none,15,physics,2,constrained,none,60,regen-v2,637c6b535a9e,unknown,greenhouse-regen:v1,132,50.549214933331065,668.7766172899134,1.0,3.38536780504476,,False,17.3
ladder,physics/d2/constrained/savgol,15,physics,2,constrained,savgol,60,regen-v2,637c6b535a9e,unknown,greenhouse-regen:v1,3,43.07651446254293,73.86620319939883,0.0166666666666666,3.011368311103608,,False,312.3
ladder,physics/d2/constrained/kalman,15,physics,2,constrained,kalman,60,regen-v2,637c6b535a9e,unknown,greenhouse-regen:v1,3,41.18884129608868,9.741234509399945,0.0,3.005093519562762,,False,314.3
ladder,physics/d2/ensemble/none,15,physics,2,ensemble,none,60,regen-v2,637c6b535a9e,unknown,greenhouse-regen:v1,254,50.549214933331065,181.3651662567534,0.9166666666666666,9.463388479872371,,False,64.4
ladder,physics/d2/ensemble/savgol,15,physics,2,ensemble,savgol,60,regen-v2,637c6b535a9e,unknown,greenhouse-regen:v1,5,43.07651446254293,5.509427577932911,0.0,2.997271623770168,,False,320.9
ladder,physics/d2/ensemble/kalman,15,physics,2,ensemble,kalman,60,regen-v2,637c6b535a9e,unknown,greenhouse-regen:v1,3,41.18884129608868,5.795114356394362,0.0,3.000179387071247,,False,317.6
ladder,physics_no_cross/d1/stlsq/none,15,physics_no_cross,1,stlsq,none,60,regen-v2,637c6b535a9e,unknown,greenhouse-regen:v1,29,23.688499146567494,8.876673760772787,0.1166666666666666,1.751625258955968,,True,28.5
ladder,physics_no_cross/d1/stlsq/savgol,15,physics_no_cross,1,stlsq,savgol,60,regen-v2,637c6b535a9e,unknown,greenhouse-regen:v1,3,15.009610111399256,5.556625149257699,0.0,2.998062541201345,,True,32.3
ladder,physics_no_cross/d1/stlsq/kalman,15,physics_no_cross,1,stlsq,kalman,60,regen-v2,637c6b535a9e,unknown,greenhouse-regen:v1,3,14.917546732277644,5.84064289896093,0.0,3.0004228619826696,,True,32.7
ladder,physics_no_cross/d1/sr3/none,15,physics_no_cross,1,sr3,none,60,regen-v2,637c6b535a9e,unknown,greenhouse-regen:v1,8,23.688499146567494,6.3277535631651896,0.0166666666666666,2.650854850917193,,True,31.6
ladder,physics_no_cross/d1/sr3/savgol,15,physics_no_cross,1,sr3,savgol,60,regen-v2,637c6b535a9e,unknown,greenhouse-regen:v1,3,15.009610111399256,5.370114717837282,0.0,2.991709090118925,,True,32.4
ladder,physics_no_cross/d1/sr3/kalman,15,physics_no_cross,1,sr3,kalman,60,regen-v2,637c6b535a9e,unknown,greenhouse-regen:v1,3,14.917546732277644,11.564373039236395,0.0,3.005804724455972,,True,32.8
ladder,physics_no_cross/d1/constrained/none,15,physics_no_cross,1,constrained,none,60,regen-v2,637c6b535a9e,unknown,greenhouse-regen:v1,8,23.688499146567494,6.3277535631651896,0.0166666666666666,2.650854850917193,,True,31.6
ladder,physics_no_cross/d1/constrained/savgol,15,physics_no_cross,1,constrained,savgol,60,regen-v2,637c6b535a9e,unknown,greenhouse-regen:v1,3,15.009610111399256,5.370114717837282,0.0,2.991709090118925,,True,32.2
ladder,physics_no_cross/d1/constrained/kalman,15,physics_no_cross,1,constrained,kalman,60,regen-v2,637c6b535a9e,unknown,greenhouse-regen:v1,3,14.917546732277644,11.564373039236395,0.0,3.005804724455972,,True,32.8
ladder,physics_no_cross/d1/ensemble/none,15,physics_no_cross,1,ensemble,none,60,regen-v2,637c6b535a9e,unknown,greenhouse-regen:v1,28,23.688499146567494,9.493306470743883,0.1333333333333333,1.752005481471993,,True,28.4
ladder,physics_no_cross/d1/ensemble/savgol,15,physics_no_cross,1,ensemble,savgol,60,regen-v2,637c6b535a9e,unknown,greenhouse-regen:v1,3,15.009610111399256,5.583236271571537,0.0,2.9984204002797443,,True,32.3
ladder,physics_no_cross/d1/ensemble/kalman,15,physics_no_cross,1,ensemble,kalman,60,regen-v2,637c6b535a9e,unknown,greenhouse-regen:v1,3,14.917546732277644,5.809937987909762,0.0,3.000261884761468,,True,33.0
ladder,physics_no_cross/d2/stlsq/none,15,physics_no_cross,2,stlsq,none,60,regen-v2,637c6b535a9e,unknown,greenhouse-regen:v1,120,23.688499146567494,72.42699290014215,0.3,1.0554516155428235,,False,156.5
ladder,physics_no_cross/d2/stlsq/savgol,15,physics_no_cross,2,stlsq,savgol,60,regen-v2,637c6b535a9e,unknown,greenhouse-regen:v1,3,15.009610111399256,5.556625149257699,0.0,2.998062541201345,,False,219.6
ladder,physics_no_cross/d2/stlsq/kalman,15,physics_no_cross,2,stlsq,kalman,60,regen-v2,637c6b535a9e,unknown,greenhouse-regen:v1,3,14.917546732277644,5.84064289896093,0.0,3.0004228619826696,,False,219.2
ladder,physics_no_cross/d2/sr3/none,15,physics_no_cross,2,sr3,none,60,regen-v2,637c6b535a9e,unknown,greenhouse-regen:v1,41,23.688499146567494,10231.38469994363,0.9833333333333332,3.0333058441180176,,False,18.4
ladder,physics_no_cross/d2/sr3/savgol,15,physics_no_cross,2,sr3,savgol,60,regen-v2,637c6b535a9e,unknown,greenhouse-regen:v1,3,15.009610111399256,9.963083898419193,0.0,3.00519344011685,,False,214.7
ladder,physics_no_cross/d2/sr3/kalman,15,physics_no_cross,2,sr3,kalman,60,regen-v2,637c6b535a9e,unknown,greenhouse-regen:v1,3,14.917546732277644,10.372282926884443,0.0,3.005366787961276,,False,217.0
ladder,physics_no_cross/d2/constrained/none,15,physics_no_cross,2,constrained,none,60,regen-v2,637c6b535a9e,unknown,greenhouse-regen:v1,41,23.688499146567494,10231.38469994363,0.9833333333333332,3.0333058441180176,,False,18.5
ladder,physics_no_cross/d2/constrained/savgol,15,physics_no_cross,2,constrained,savgol,60,regen-v2,637c6b535a9e,unknown,greenhouse-regen:v1,3,15.009610111399256,9.963083898419193,0.0,3.00519344011685,,False,217.5
ladder,physics_no_cross/d2/constrained/kalman,15,physics_no_cross,2,constrained,kalman,60,regen-v2,637c6b535a9e,unknown,greenhouse-regen:v1,3,14.917546732277644,10.372282926884443,0.0,3.005366787961276,,False,215.2
ladder,physics_no_cross/d2/ensemble/none,15,physics_no_cross,2,ensemble,none,60,regen-v2,637c6b535a9e,unknown,greenhouse-regen:v1,111,23.688499146567494,811.0894082295614,0.5,4.16666901604727,,False,136.5
ladder,physics_no_cross/d2/ensemble/savgol,15,physics_no_cross,2,ensemble,savgol,60,regen-v2,637c6b535a9e,unknown,greenhouse-regen:v1,3,15.009610111399256,5.552661847693421,0.0,2.998004583525024,,False,218.1
ladder,physics_no_cross/d2/ensemble/kalman,15,physics_no_cross,2,ensemble,kalman,60,regen-v2,637c6b535a9e,unknown,greenhouse-regen:v1,3,14.917546732277644,5.889362459229738,0.0,3.000654594673493,,False,218.6
ladder,raw/d1/stlsq/none,16,raw,1,stlsq,none,60,regen-v2,637c6b535a9e,unknown,greenhouse-regen:v1,23,7.988542693914167,2.6968859946970216,0.0,1.8573360531857357,,True,32.7
ladder,raw/d1/stlsq/savgol,16,raw,1,stlsq,savgol,60,regen-v2,637c6b535a9e,unknown,greenhouse-regen:v1,3,9.13302742443686,5.722542258752147,0.0,2.9887697389842858,,True,31.2
ladder,raw/d1/stlsq/kalman,16,raw,1,stlsq,kalman,60,regen-v2,637c6b535a9e,unknown,greenhouse-regen:v1,3,8.398648298638243,6.151826578588172,0.0,2.990948707479064,,True,31.9
ladder,raw/d1/sr3/none,16,raw,1,sr3,none,60,regen-v2,637c6b535a9e,unknown,greenhouse-regen:v1,5,7.988542693914167,4.365530152594278,0.0,2.386043990896474,,True,32.0
ladder,raw/d1/sr3/savgol,16,raw,1,sr3,savgol,60,regen-v2,637c6b535a9e,unknown,greenhouse-regen:v1,3,9.13302742443686,5.341690320816623,0.0,2.980240435150523,,True,30.9
ladder,raw/d1/sr3/kalman,16,raw,1,sr3,kalman,60,regen-v2,637c6b535a9e,unknown,greenhouse-regen:v1,3,8.398648298638243,7.481731788833981,0.0,2.9932693378718715,,True,31.5
ladder,raw/d1/constrained/none,16,raw,1,constrained,none,60,regen-v2,637c6b535a9e,unknown,greenhouse-regen:v1,5,7.988542693914167,4.365530152594278,0.0,2.386043990896474,,True,31.0
ladder,raw/d1/constrained/savgol,16,raw,1,constrained,savgol,60,regen-v2,637c6b535a9e,unknown,greenhouse-regen:v1,3,9.13302742443686,5.341690320816623,0.0,2.980240435150523,,True,31.1
ladder,raw/d1/constrained/kalman,16,raw,1,constrained,kalman,60,regen-v2,637c6b535a9e,unknown,greenhouse-regen:v1,3,8.398648298638243,7.481731788833981,0.0,2.9932693378718715,,True,31.8
ladder,raw/d1/ensemble/none,16,raw,1,ensemble,none,60,regen-v2,637c6b535a9e,unknown,greenhouse-regen:v1,23,7.988542693914167,2.6944550567933123,0.0,1.857403160073784,,True,31.7
ladder,raw/d1/ensemble/savgol,16,raw,1,ensemble,savgol,60,regen-v2,637c6b535a9e,unknown,greenhouse-regen:v1,3,9.13302742443686,5.658426229699324,0.0,2.98817825224025,,True,31.7
ladder,raw/d1/ensemble/kalman,16,raw,1,ensemble,kalman,60,regen-v2,637c6b535a9e,unknown,greenhouse-regen:v1,3,8.398648298638243,6.141313953764016,0.0,2.9909143387786234,,True,32.0
ladder,raw/d2/stlsq/none,16,raw,2,stlsq,none,60,regen-v2,637c6b535a9e,unknown,greenhouse-regen:v1,51,7.988542693914167,271.49105876547554,0.1,1.1616696847299843,,False,155.3
ladder,raw/d2/stlsq/savgol,16,raw,2,stlsq,savgol,60,regen-v2,637c6b535a9e,unknown,greenhouse-regen:v1,3,9.13302742443686,5.722542258752147,0.0,2.9887697389842858,,False,172.6
ladder,raw/d2/stlsq/kalman,16,raw,2,stlsq,kalman,60,regen-v2,637c6b535a9e,unknown,greenhouse-regen:v1,3,8.398648298638243,6.151826578588172,0.0,2.990948707479064,,False,177.0
ladder,raw/d2/sr3/none,16,raw,2,sr3,none,60,regen-v2,637c6b535a9e,unknown,greenhouse-regen:v1,7,7.988542693914167,4.941867421242765,0.0,2.3545328061813016,,False,174.5
ladder,raw/d2/sr3/savgol,16,raw,2,sr3,savgol,60,regen-v2,637c6b535a9e,unknown,greenhouse-regen:v1,3,9.13302742443686,5.228270813190874,0.0,2.9674949934025534,,False,174.6
ladder,raw/d2/sr3/kalman,16,raw,2,sr3,kalman,60,regen-v2,637c6b535a9e,unknown,greenhouse-regen:v1,3,8.398648298638243,5.615383371183461,0.0,2.987696531331063,,False,177.1
ladder,raw/d2/constrained/none,16,raw,2,constrained,none,60,regen-v2,637c6b535a9e,unknown,greenhouse-regen:v1,7,7.988542693914167,4.941867421242765,0.0,2.3545328061813016,,False,172.8
ladder,raw/d2/constrained/savgol,16,raw,2,constrained,savgol,60,regen-v2,637c6b535a9e,unknown,greenhouse-regen:v1,3,9.13302742443686,5.228270813190874,0.0,2.9674949934025534,,False,175.2
ladder,raw/d2/constrained/kalman,16,raw,2,constrained,kalman,60,regen-v2,637c6b535a9e,unknown,greenhouse-regen:v1,3,8.398648298638243,5.615383371183461,0.0,2.987696531331063,,False,172.2
ladder,raw/d2/ensemble/none,16,raw,2,ensemble,none,60,regen-v2,637c6b535a9e,unknown,greenhouse-regen:v1,45,7.988542693914167,2.1275077789934183,0.05,1.2126201170916728,,False,159.8
ladder,raw/d2/ensemble/savgol,16,raw,2,ensemble,savgol,60,regen-v2,637c6b535a9e,unknown,greenhouse-regen:v1,3,9.13302742443686,5.729383388933304,0.0,2.988825757521324,,False,165.3
ladder,raw/d2/ensemble/kalman,16,raw,2,ensemble,kalman,60,regen-v2,637c6b535a9e,unknown,greenhouse-regen:v1,3,8.398648298638243,6.04760683982799,0.0,2.990580822127808,,False,166.6
ladder,physics/d1/stlsq/none,16,physics,1,stlsq,none,60,regen-v2,637c6b535a9e,unknown,greenhouse-regen:v1,36,50.56907532361115,23.02062982718113,0.5833333333333334,1.647550803356087,,True,20.0
ladder,physics/d1/stlsq/savgol,16,physics,1,stlsq,savgol,60,regen-v2,637c6b535a9e,unknown,greenhouse-regen:v1,3,42.20638633788898,5.722542258752147,0.0,2.9887697389842858,,True,38.9
ladder,physics/d1/stlsq/kalman,16,physics,1,stlsq,kalman,60,regen-v2,637c6b535a9e,unknown,greenhouse-regen:v1,3,40.13123029286179,6.151826578588172,0.0,2.990948707479064,,True,39.3
ladder,physics/d1/sr3/none,16,physics,1,sr3,none,60,regen-v2,637c6b535a9e,unknown,greenhouse-regen:v1,15,50.56907532361115,3059.5697410294592,0.8166666666666667,2.939196782773437,,True,12.8
ladder,physics/d1/sr3/savgol,16,physics,1,sr3,savgol,60,regen-v2,637c6b535a9e,unknown,greenhouse-regen:v1,3,42.20638633788898,6.231594616473629,0.0,2.991192885014304,,True,39.1
ladder,physics/d1/sr3/kalman,16,physics,1,sr3,kalman,60,regen-v2,637c6b535a9e,unknown,greenhouse-regen:v1,3,40.13123029286179,27.514506615583024,0.0,2.998440596059443,,True,39.5
ladder,physics/d1/constrained/none,16,physics,1,constrained,none,60,regen-v2,637c6b535a9e,unknown,greenhouse-regen:v1,15,50.56907532361115,3059.5697410294592,0.8166666666666667,2.939196782773437,,True,12.6
ladder,physics/d1/constrained/savgol,16,physics,1,constrained,savgol,60,regen-v2,637c6b535a9e,unknown,greenhouse-regen:v1,3,42.20638633788898,6.231594616473629,0.0,2.991192885014304,,True,40.0
ladder,physics/d1/constrained/kalman,16,physics,1,constrained,kalman,60,regen-v2,637c6b535a9e,unknown,greenhouse-regen:v1,3,40.13123029286179,27.514506615583024,0.0,2.998440596059443,,True,39.9
ladder,physics/d1/ensemble/none,16,physics,1,ensemble,none,60,regen-v2,637c6b535a9e,unknown,greenhouse-regen:v1,37,50.56907532361115,18.974973024703537,0.4333333333333333,1.6477494082702768,,True,23.7
ladder,physics/d1/ensemble/savgol,16,physics,1,ensemble,savgol,60,regen-v2,637c6b535a9e,unknown,greenhouse-regen:v1,3,42.20638633788898,5.706584613715828,0.0,2.98863422123254,,True,39.9
ladder,physics/d1/ensemble/kalman,16,physics,1,ensemble,kalman,60,regen-v2,637c6b535a9e,unknown,greenhouse-regen:v1,3,40.13123029286179,6.237069175696901,0.0,2.9912084761149185,,True,39.7
ladder,physics/d2/stlsq/none,16,physics,2,stlsq,none,60,regen-v2,637c6b535a9e,unknown,greenhouse-regen:v1,246,50.56907532361115,64.07522450124027,0.2166666666666666,0.956939040472464,,False,282.1
ladder,physics/d2/stlsq/savgol,16,physics,2,stlsq,savgol,60,regen-v2,637c6b535a9e,unknown,greenhouse-regen:v1,5,42.20638633788898,5.670202286986935,0.1333333333333333,2.9887697389842858,,False,305.0
ladder,physics/d2/stlsq/kalman,16,physics,2,stlsq,kalman,60,regen-v2,637c6b535a9e,unknown,greenhouse-regen:v1,3,40.13123029286179,6.151826578588172,0.0,2.990948707479064,,False,329.0
ladder,physics/d2/sr3/none,16,physics,2,sr3,none,60,regen-v2,637c6b535a9e,unknown,greenhouse-regen:v1,147,50.56907532361115,831.3300586706196,0.7833333333333333,2.1830013636601224,,False,90.7
ladder,physics/d2/sr3/savgol,16,physics,2,sr3,savgol,60,regen-v2,637c6b535a9e,unknown,greenhouse-regen:v1,3,42.20638633788898,5.341656816340361,0.0,2.9802384380434765,,False,332.7
ladder,physics/d2/sr3/kalman,16,physics,2,sr3,kalman,60,regen-v2,637c6b535a9e,unknown,greenhouse-regen:v1,3,40.13123029286179,7.1476313785934,0.0,2.9928893852734118,,False,329.8
ladder,physics/d2/constrained/none,16,physics,2,constrained,none,60,regen-v2,637c6b535a9e,unknown,greenhouse-regen:v1,147,50.56907532361115,831.3300586706196,0.7833333333333333,2.1830013636601224,,False,91.1
ladder,physics/d2/constrained/savgol,16,physics,2,constrained,savgol,60,regen-v2,637c6b535a9e,unknown,greenhouse-regen:v1,3,42.20638633788898,5.341656816340361,0.0,2.9802384380434765,,False,330.5
ladder,physics/d2/constrained/kalman,16,physics,2,constrained,kalman,60,regen-v2,637c6b535a9e,unknown,greenhouse-regen:v1,3,40.13123029286179,7.1476313785934,0.0,2.9928893852734118,,False,330.5
ladder,physics/d2/ensemble/none,16,physics,2,ensemble,none,60,regen-v2,637c6b535a9e,unknown,greenhouse-regen:v1,245,50.56907532361115,1168.7499529609624,1.0,5.669001374232335,,False,20.7
ladder,physics/d2/ensemble/savgol,16,physics,2,ensemble,savgol,60,regen-v2,637c6b535a9e,unknown,greenhouse-regen:v1,3,42.20638633788898,5.6598052618758485,0.0,2.9881924134478286,,False,338.2
ladder,physics/d2/ensemble/kalman,16,physics,2,ensemble,kalman,60,regen-v2,637c6b535a9e,unknown,greenhouse-regen:v1,3,40.13123029286179,6.170241467075599,0.0,2.9910075999455663,,False,331.7
ladder,physics_no_cross/d1/stlsq/none,16,physics_no_cross,1,stlsq,none,60,regen-v2,637c6b535a9e,unknown,greenhouse-regen:v1,27,24.611332076232923,17.078218901369453,0.3333333333333333,1.7114189391058825,,True,23.6
ladder,physics_no_cross/d1/stlsq/savgol,16,physics_no_cross,1,stlsq,savgol,60,regen-v2,637c6b535a9e,unknown,greenhouse-regen:v1,3,14.04409178362889,5.722542258752147,0.0,2.9887697389842858,,True,34.4
ladder,physics_no_cross/d1/stlsq/kalman,16,physics_no_cross,1,stlsq,kalman,60,regen-v2,637c6b535a9e,unknown,greenhouse-regen:v1,3,14.130886550636834,6.151826578588172,0.0,2.990948707479064,,True,34.6
ladder,physics_no_cross/d1/sr3/none,16,physics_no_cross,1,sr3,none,60,regen-v2,637c6b535a9e,unknown,greenhouse-regen:v1,8,24.611332076232923,3.967598861811384,0.0,2.867443394788644,,True,34.2
ladder,physics_no_cross/d1/sr3/savgol,16,physics_no_cross,1,sr3,savgol,60,regen-v2,637c6b535a9e,unknown,greenhouse-regen:v1,3,14.04409178362889,5.486600164559147,0.0,2.9855737765514165,,True,34.3
ladder,physics_no_cross/d1/sr3/kalman,16,physics_no_cross,1,sr3,kalman,60,regen-v2,637c6b535a9e,unknown,greenhouse-regen:v1,3,14.130886550636834,8.513377519599173,0.0,2.994128647662415,,True,34.6
ladder,physics_no_cross/d1/constrained/none,16,physics_no_cross,1,constrained,none,60,regen-v2,637c6b535a9e,unknown,greenhouse-regen:v1,8,24.611332076232923,3.967598861811384,0.0,2.867443394788644,,True,34.1
ladder,physics_no_cross/d1/constrained/savgol,16,physics_no_cross,1,constrained,savgol,60,regen-v2,637c6b535a9e,unknown,greenhouse-regen:v1,3,14.04409178362889,5.486600164559147,0.0,2.9855737765514165,,True,34.2
ladder,physics_no_cross/d1/constrained/kalman,16,physics_no_cross,1,constrained,kalman,60,regen-v2,637c6b535a9e,unknown,greenhouse-regen:v1,3,14.130886550636834,8.513377519599173,0.0,2.994128647662415,,True,34.1
ladder,physics_no_cross/d1/ensemble/none,16,physics_no_cross,1,ensemble,none,60,regen-v2,637c6b535a9e,unknown,greenhouse-regen:v1,27,24.611332076232923,16.59999167237096,0.3333333333333333,1.712205451062018,,True,23.6
ladder,physics_no_cross/d1/ensemble/savgol,16,physics_no_cross,1,ensemble,savgol,60,regen-v2,637c6b535a9e,unknown,greenhouse-regen:v1,3,14.04409178362889,5.6412956182800125,0.0,2.987996180709993,,True,34.2
ladder,physics_no_cross/d1/ensemble/kalman,16,physics_no_cross,1,ensemble,kalman,60,regen-v2,637c6b535a9e,unknown,greenhouse-regen:v1,3,14.130886550636834,6.137914867123254,0.0,2.9909031062230644,,True,34.4
ladder,physics_no_cross/d2/stlsq/none,16,physics_no_cross,2,stlsq,none,60,regen-v2,637c6b535a9e,unknown,greenhouse-regen:v1,101,24.611332076232923,59.67370414965428,0.2666666666666666,1.0697009916659457,,False,187.0
ladder,physics_no_cross/d2/stlsq/savgol,16,physics_no_cross,2,stlsq,savgol,60,regen-v2,637c6b535a9e,unknown,greenhouse-regen:v1,3,14.04409178362889,5.722542258752147,0.0,2.9887697389842858,,False,229.1
ladder,physics_no_cross/d2/stlsq/kalman,16,physics_no_cross,2,stlsq,kalman,60,regen-v2,637c6b535a9e,unknown,greenhouse-regen:v1,3,14.130886550636834,6.151826578588172,0.0,2.990948707479064,,False,225.6
ladder,physics_no_cross/d2/sr3/none,16,physics_no_cross,2,sr3,none,60,regen-v2,637c6b535a9e,unknown,greenhouse-regen:v1,46,24.611332076232923,9.877964185633124,0.0333333333333333,2.5791195027437968,,False,214.6
ladder,physics_no_cross/d2/sr3/savgol,16,physics_no_cross,2,sr3,savgol,60,regen-v2,637c6b535a9e,unknown,greenhouse-regen:v1,3,14.04409178362889,5.34984337461,0.0,2.980710373408203,,False,224.6
ladder,physics_no_cross/d2/sr3/kalman,16,physics_no_cross,2,sr3,kalman,60,regen-v2,637c6b535a9e,unknown,greenhouse-regen:v1,3,14.130886550636834,6.924381282347407,0.0,2.992588417641075,,False,216.4
ladder,physics_no_cross/d2/constrained/none,16,physics_no_cross,2,constrained,none,60,regen-v2,637c6b535a9e,unknown,greenhouse-regen:v1,46,24.611332076232923,9.877964185633124,0.0333333333333333,2.5791195027437968,,False,206.0
ladder,physics_no_cross/d2/constrained/savgol,16,physics_no_cross,2,constrained,savgol,60,regen-v2,637c6b535a9e,unknown,greenhouse-regen:v1,3,14.04409178362889,5.34984337461,0.0,2.980710373408203,,False,216.9
ladder,physics_no_cross/d2/constrained/kalman,16,physics_no_cross,2,constrained,kalman,60,regen-v2,637c6b535a9e,unknown,greenhouse-regen:v1,3,14.130886550636834,6.924381282347407,0.0,2.992588417641075,,False,217.4
ladder,physics_no_cross/d2/ensemble/none,16,physics_no_cross,2,ensemble,none,60,regen-v2,637c6b535a9e,unknown,greenhouse-regen:v1,94,24.611332076232923,37.238443429021565,0.4833333333333333,1.3816283851876074,,False,136.1
ladder,physics_no_cross/d2/ensemble/savgol,16,physics_no_cross,2,ensemble,savgol,60,regen-v2,637c6b535a9e,unknown,greenhouse-regen:v1,3,14.04409178362889,5.7596710277115175,0.0,2.9890601055890307,,False,213.9
ladder,physics_no_cross/d2/ensemble/kalman,16,physics_no_cross,2,ensemble,kalman,60,regen-v2,637c6b535a9e,unknown,greenhouse-regen:v1,3,14.130886550636834,6.03076784432133,0.0,2.990515029308014,,False,213.9
ladder,raw/d1/stlsq/none,17,raw,1,stlsq,none,60,regen-v2,637c6b535a9e,unknown,greenhouse-regen:v1,19,8.547249895905352,2.5671940500701584,0.0,1.874173148697058,,True,31.9
ladder,raw/d1/stlsq/savgol,17,raw,1,stlsq,savgol,60,regen-v2,637c6b535a9e,unknown,greenhouse-regen:v1,3,9.701028147149271,5.439787797321031,0.0,3.153223848472499,,True,31.0
ladder,raw/d1/stlsq/kalman,17,raw,1,stlsq,kalman,60,regen-v2,637c6b535a9e,unknown,greenhouse-regen:v1,3,8.465868637245359,5.71149673363918,0.0,3.1559949323024026,,True,31.3
ladder,raw/d1/sr3/none,17,raw,1,sr3,none,60,regen-v2,637c6b535a9e,unknown,greenhouse-regen:v1,6,8.547249895905352,4.371751111427783,0.0,2.521781991544759,,True,31.0
ladder,raw/d1/sr3/savgol,17,raw,1,sr3,savgol,60,regen-v2,637c6b535a9e,unknown,greenhouse-regen:v1,3,9.701028147149271,5.209530016698457,0.0,3.135679066778576,,True,30.4
ladder,raw/d1/sr3/kalman,17,raw,1,sr3,kalman,60,regen-v2,637c6b535a9e,unknown,greenhouse-regen:v1,3,8.465868637245359,7.546872336393249,0.0,3.1598520476345837,,True,32.2
ladder,raw/d1/constrained/none,17,raw,1,constrained,none,60,regen-v2,637c6b535a9e,unknown,greenhouse-regen:v1,6,8.547249895905352,4.371751111427783,0.0,2.521781991544759,,True,31.7
ladder,raw/d1/constrained/savgol,17,raw,1,constrained,savgol,60,regen-v2,637c6b535a9e,unknown,greenhouse-regen:v1,3,9.701028147149271,5.209530016698457,0.0,3.135679066778576,,True,31.6
ladder,raw/d1/constrained/kalman,17,raw,1,constrained,kalman,60,regen-v2,637c6b535a9e,unknown,greenhouse-regen:v1,3,8.465868637245359,7.546872336393249,0.0,3.1598520476345837,,True,32.0
ladder,raw/d1/ensemble/none,17,raw,1,ensemble,none,60,regen-v2,637c6b535a9e,unknown,greenhouse-regen:v1,19,8.547249895905352,2.5654868156720285,0.0,1.8745644637712775,,True,32.1
ladder,raw/d1/ensemble/savgol,17,raw,1,ensemble,savgol,60,regen-v2,637c6b535a9e,unknown,greenhouse-regen:v1,3,9.701028147149271,5.428993845604907,0.0,3.1530216287593134,,True,30.5
ladder,raw/d1/ensemble/kalman,17,raw,1,ensemble,kalman,60,regen-v2,637c6b535a9e,unknown,greenhouse-regen:v1,3,8.465868637245359,5.756568369363931,0.0,3.156252181072104,,True,31.6
ladder,raw/d2/stlsq/none,17,raw,2,stlsq,none,60,regen-v2,637c6b535a9e,unknown,greenhouse-regen:v1,51,8.547249895905352,1.8500040099287016,0.05,1.1261538174645214,,False,164.1
ladder,raw/d2/stlsq/savgol,17,raw,2,stlsq,savgol,60,regen-v2,637c6b535a9e,unknown,greenhouse-regen:v1,3,9.701028147149271,5.439787797321031,0.0,3.153223848472499,,False,172.6
ladder,raw/d2/stlsq/kalman,17,raw,2,stlsq,kalman,60,regen-v2,637c6b535a9e,unknown,greenhouse-regen:v1,3,8.465868637245359,5.71149673363918,0.0,3.1559949323024026,,False,175.7
ladder,raw/d2/sr3/none,17,raw,2,sr3,none,60,regen-v2,637c6b535a9e,unknown,greenhouse-regen:v1,8,8.547249895905352,4.11704256034268,0.0,2.3062598129009304,,False,171.5
ladder,raw/d2/sr3/savgol,17,raw,2,sr3,savgol,60,regen-v2,637c6b535a9e,unknown,greenhouse-regen:v1,3,9.701028147149271,5.195150573699851,0.0,3.1297523601938275,,False,173.4
ladder,raw/d2/sr3/kalman,17,raw,2,sr3,kalman,60,regen-v2,637c6b535a9e,unknown,greenhouse-regen:v1,3,8.465868637245359,5.325773048447547,0.0,3.149959149240833,,False,174.5
ladder,raw/d2/constrained/none,17,raw,2,constrained,none,60,regen-v2,637c6b535a9e,unknown,greenhouse-regen:v1,8,8.547249895905352,4.11704256034268,0.0,2.3062598129009304,,False,171.2
ladder,raw/d2/constrained/savgol,17,raw,2,constrained,savgol,60,regen-v2,637c6b535a9e,unknown,greenhouse-regen:v1,3,9.701028147149271,5.195150573699851,0.0,3.1297523601938275,,False,171.6
ladder,raw/d2/constrained/kalman,17,raw,2,constrained,kalman,60,regen-v2,637c6b535a9e,unknown,greenhouse-regen:v1,3,8.465868637245359,5.325773048447547,0.0,3.149959149240833,,False,173.3
ladder,raw/d2/ensemble/none,17,raw,2,ensemble,none,60,regen-v2,637c6b535a9e,unknown,greenhouse-regen:v1,50,8.547249895905352,1.950609552138866,0.0833333333333333,1.1506529881171836,,False,152.8
ladder,raw/d2/ensemble/savgol,17,raw,2,ensemble,savgol,60,regen-v2,637c6b535a9e,unknown,greenhouse-regen:v1,3,9.701028147149271,5.46233319271836,0.0,3.153605617149444,,False,162.7
ladder,raw/d2/ensemble/kalman,17,raw,2,ensemble,kalman,60,regen-v2,637c6b535a9e,unknown,greenhouse-regen:v1,3,8.465868637245359,5.668958460394172,0.0,3.155721648324445,,False,166.8
ladder,physics/d1/stlsq/none,17,physics,1,stlsq,none,60,regen-v2,637c6b535a9e,unknown,greenhouse-regen:v1,40,53.14046651005241,18.10452794426737,0.3833333333333333,1.6499966010863891,,True,25.2
ladder,physics/d1/stlsq/savgol,17,physics,1,stlsq,savgol,60,regen-v2,637c6b535a9e,unknown,greenhouse-regen:v1,3,42.83627323081563,5.439787797321031,0.0,3.153223848472499,,True,38.8
ladder,physics/d1/stlsq/kalman,17,physics,1,stlsq,kalman,60,regen-v2,637c6b535a9e,unknown,greenhouse-regen:v1,3,41.12237951403775,5.71149673363918,0.0,3.1559949323024026,,True,39.6
ladder,physics/d1/sr3/none,17,physics,1,sr3,none,60,regen-v2,637c6b535a9e,unknown,greenhouse-regen:v1,17,53.14046651005241,6747.940193029918,0.7833333333333333,2.2190238481065228,,True,14.2
ladder,physics/d1/sr3/savgol,17,physics,1,sr3,savgol,60,regen-v2,637c6b535a9e,unknown,greenhouse-regen:v1,3,42.83627323081563,5.218274967231026,0.0,3.13822582888712,,True,39.5
ladder,physics/d1/sr3/kalman,17,physics,1,sr3,kalman,60,regen-v2,637c6b535a9e,unknown,greenhouse-regen:v1,3,41.12237951403775,51.14406122164071,0.0,3.1667933150584497,,True,39.8
ladder,physics/d1/constrained/none,17,physics,1,constrained,none,60,regen-v2,637c6b535a9e,unknown,greenhouse-regen:v1,17,53.14046651005241,6747.940193029918,0.7833333333333333,2.2190238481065228,,True,14.5
ladder,physics/d1/constrained/savgol,17,physics,1,constrained,savgol,60,regen-v2,637c6b535a9e,unknown,greenhouse-regen:v1,3,42.83627323081563,5.218274967231026,0.0,3.13822582888712,,True,39.0
ladder,physics/d1/constrained/kalman,17,physics,1,constrained,kalman,60,regen-v2,637c6b535a9e,unknown,greenhouse-regen:v1,3,41.12237951403775,51.14406122164071,0.0,3.1667933150584497,,True,39.8
ladder,physics/d1/ensemble/none,17,physics,1,ensemble,none,60,regen-v2,637c6b535a9e,unknown,greenhouse-regen:v1,41,53.14046651005241,23.03206384352664,0.55,1.6552845790396484,,True,22.3
ladder,physics/d1/ensemble/savgol,17,physics,1,ensemble,savgol,60,regen-v2,637c6b535a9e,unknown,greenhouse-regen:v1,3,42.83627323081563,5.458859492827425,0.0,3.153550029416456,,True,38.8
ladder,physics/d1/ensemble/kalman,17,physics,1,ensemble,kalman,60,regen-v2,637c6b535a9e,unknown,greenhouse-regen:v1,3,41.12237951403775,5.700591482527926,0.0,3.155927961553194,,True,39.4
ladder,physics/d2/stlsq/none,17,physics,2,stlsq,none,60,regen-v2,637c6b535a9e,unknown,greenhouse-regen:v1,252,53.14046651005241,45.76069056450672,0.2,0.9609387425188828,,False,275.3
ladder,physics/d2/stlsq/savgol,17,physics,2,stlsq,savgol,60,regen-v2,637c6b535a9e,unknown,greenhouse-regen:v1,23,42.83627323081563,6.99383756614767,0.0,3.151978379525878,,False,326.0
ladder,physics/d2/stlsq/kalman,17,physics,2,stlsq,kalman,60,regen-v2,637c6b535a9e,unknown,greenhouse-regen:v1,3,41.12237951403775,5.71149673363918,0.0,3.1559949323024026,,False,332.6
ladder,physics/d2/sr3/none,17,physics,2,sr3,none,60,regen-v2,637c6b535a9e,unknown,greenhouse-regen:v1,127,53.14046651005241,368.9359821714791,0.85,3.4060733338231346,,False,69.7
ladder,physics/d2/sr3/savgol,17,physics,2,sr3,savgol,60,regen-v2,637c6b535a9e,unknown,greenhouse-regen:v1,7,42.83627323081563,12.461621983328538,0.0,3.337138083462085,,False,328.5
ladder,physics/d2/sr3/kalman,17,physics,2,sr3,kalman,60,regen-v2,637c6b535a9e,unknown,greenhouse-regen:v1,3,41.12237951403775,10.873107744538556,0.0,3.16179605632561,,False,325.6
ladder,physics/d2/constrained/none,17,physics,2,constrained,none,60,regen-v2,637c6b535a9e,unknown,greenhouse-regen:v1,127,53.14046651005241,368.9359821714791,0.85,3.4060733338231346,,False,70.1
ladder,physics/d2/constrained/savgol,17,physics,2,constrained,savgol,60,regen-v2,637c6b535a9e,unknown,greenhouse-regen:v1,7,42.83627323081563,12.461621983328538,0.0,3.337138083462085,,False,332.2
ladder,physics/d2/constrained/kalman,17,physics,2,constrained,kalman,60,regen-v2,637c6b535a9e,unknown,greenhouse-regen:v1,3,41.12237951403775,10.873107744538556,0.0,3.16179605632561,,False,324.2
ladder,physics/d2/ensemble/none,17,physics,2,ensemble,none,60,regen-v2,637c6b535a9e,unknown,greenhouse-regen:v1,243,53.14046651005241,1962.7471915701803,1.0,3.590403829643708,,False,33.5
ladder,physics/d2/ensemble/savgol,17,physics,2,ensemble,savgol,60,regen-v2,637c6b535a9e,unknown,greenhouse-regen:v1,8,42.83627323081563,5.359787298830812,0.0,3.1512798606095203,,False,330.1
ladder,physics/d2/ensemble/kalman,17,physics,2,ensemble,kalman,60,regen-v2,637c6b535a9e,unknown,greenhouse-regen:v1,3,41.12237951403775,5.697986325801725,0.0,3.15591166329924,,False,332.0
ladder,physics_no_cross/d1/stlsq/none,17,physics_no_cross,1,stlsq,none,60,regen-v2,637c6b535a9e,unknown,greenhouse-regen:v1,30,24.292428554596544,10.362424411998486,0.1666666666666666,1.6986044143642884,,True,28.4
ladder,physics_no_cross/d1/stlsq/savgol,17,physics_no_cross,1,stlsq,savgol,60,regen-v2,637c6b535a9e,unknown,greenhouse-regen:v1,3,13.85052580654189,5.439787797321031,0.0,3.153223848472499,,True,34.0
ladder,physics_no_cross/d1/stlsq/kalman,17,physics_no_cross,1,stlsq,kalman,60,regen-v2,637c6b535a9e,unknown,greenhouse-regen:v1,3,13.62846646281346,5.71149673363918,0.0,3.1559949323024026,,True,34.4
ladder,physics_no_cross/d1/sr3/none,17,physics_no_cross,1,sr3,none,60,regen-v2,637c6b535a9e,unknown,greenhouse-regen:v1,11,24.292428554596544,7.06137210705564,0.0666666666666666,2.103220397958933,,True,31.8
ladder,physics_no_cross/d1/sr3/savgol,17,physics_no_cross,1,sr3,savgol,60,regen-v2,637c6b535a9e,unknown,greenhouse-regen:v1,3,13.85052580654189,5.222135809125319,0.0,3.1391782139322344,,True,34.2
ladder,physics_no_cross/d1/sr3/kalman,17,physics_no_cross,1,sr3,kalman,60,regen-v2,637c6b535a9e,unknown,greenhouse-regen:v1,3,13.62846646281346,16.69135820641735,0.0,3.163396353424036,,True,34.7
ladder,physics_no_cross/d1/constrained/none,17,physics_no_cross,1,constrained,none,60,regen-v2,637c6b535a9e,unknown,greenhouse-regen:v1,11,24.292428554596544,7.06137210705564,0.0666666666666666,2.103220397958933,,True,31.7
ladder,physics_no_cross/d1/constrained/savgol,17,physics_no_cross,1,constrained,savgol,60,regen-v2,637c6b535a9e,unknown,greenhouse-regen:v1,3,13.85052580654189,5.222135809125319,0.0,3.1391782139322344,,True,34.0
ladder,physics_no_cross/d1/constrained/kalman,17,physics_no_cross,1,constrained,kalman,60,regen-v2,637c6b535a9e,unknown,greenhouse-regen:v1,3,13.62846646281346,16.69135820641735,0.0,3.163396353424036,,True,34.0
ladder,physics_no_cross/d1/ensemble/none,17,physics_no_cross,1,ensemble,none,60,regen-v2,637c6b535a9e,unknown,greenhouse-regen:v1,30,24.292428554596544,12.060819972076969,0.2,1.6990183952421862,,True,28.3
ladder,physics_no_cross/d1/ensemble/savgol,17,physics_no_cross,1,ensemble,savgol,60,regen-v2,637c6b535a9e,unknown,greenhouse-regen:v1,3,13.85052580654189,5.454652300970589,0.0,3.153481203526199,,True,33.5
ladder,physics_no_cross/d1/ensemble/kalman,17,physics_no_cross,1,ensemble,kalman,60,regen-v2,637c6b535a9e,unknown,greenhouse-regen:v1,3,13.62846646281346,5.74492328762766,0.0,3.1561885230888853,,True,34.7
ladder,physics_no_cross/d2/stlsq/none,17,physics_no_cross,2,stlsq,none,60,regen-v2,637c6b535a9e,unknown,greenhouse-regen:v1,122,24.292428554596544,11.26457553796766,0.1166666666666666,1.0304000140845084,,False,200.4
ladder,physics_no_cross/d2/stlsq/savgol,17,physics_no_cross,2,stlsq,savgol,60,regen-v2,637c6b535a9e,unknown,greenhouse-regen:v1,3,13.85052580654189,5.439787797321031,0.0,3.153223848472499,,False,225.3
ladder,physics_no_cross/d2/stlsq/kalman,17,physics_no_cross,2,stlsq,kalman,60,regen-v2,637c6b535a9e,unknown,greenhouse-regen:v1,3,13.62846646281346,5.71149673363918,0.0,3.1559949323024026,,False,225.5
ladder,physics_no_cross/d2/sr3/none,17,physics_no_cross,2,sr3,none,60,regen-v2,637c6b535a9e,unknown,greenhouse-regen:v1,45,24.292428554596544,40.90077100378865,1.0,3.8537484288461687,,False,15.6
ladder,physics_no_cross/d2/sr3/savgol,17,physics_no_cross,2,sr3,savgol,60,regen-v2,637c6b535a9e,unknown,greenhouse-regen:v1,3,13.85052580654189,5.247494429227758,0.0,3.1437375355012755,,False,225.8
ladder,physics_no_cross/d2/sr3/kalman,17,physics_no_cross,2,sr3,kalman,60,regen-v2,637c6b535a9e,unknown,greenhouse-regen:v1,3,13.62846646281346,6.62098265461649,0.0,3.158708413024497,,False,225.2
ladder,physics_no_cross/d2/constrained/none,17,physics_no_cross,2,constrained,none,60,regen-v2,637c6b535a9e,unknown,greenhouse-regen:v1,45,24.292428554596544,40.90077100378865,1.0,3.8537484288461687,,False,15.1
ladder,physics_no_cross/d2/constrained/savgol,17,physics_no_cross,2,constrained,savgol,60,regen-v2,637c6b535a9e,unknown,greenhouse-regen:v1,3,13.85052580654189,5.247494429227758,0.0,3.1437375355012755,,False,215.5
ladder,physics_no_cross/d2/constrained/kalman,17,physics_no_cross,2,constrained,kalman,60,regen-v2,637c6b535a9e,unknown,greenhouse-regen:v1,3,13.62846646281346,6.62098265461649,0.0,3.158708413024497,,False,213.7
ladder,physics_no_cross/d2/ensemble/none,17,physics_no_cross,2,ensemble,none,60,regen-v2,637c6b535a9e,unknown,greenhouse-regen:v1,124,24.292428554596544,7035.956816946634,1.0,9.01095453314178,,False,9.9
ladder,physics_no_cross/d2/ensemble/savgol,17,physics_no_cross,2,ensemble,savgol,60,regen-v2,637c6b535a9e,unknown,greenhouse-regen:v1,3,13.85052580654189,5.452226673229538,0.0,3.153440750465675,,False,219.3
ladder,physics_no_cross/d2/ensemble/kalman,17,physics_no_cross,2,ensemble,kalman,60,regen-v2,637c6b535a9e,unknown,greenhouse-regen:v1,3,13.62846646281346,5.712413447989902,0.0,3.15600047193284,,False,218.4
ladder,raw/d1/stlsq/none,18,raw,1,stlsq,none,60,regen-v2,637c6b535a9e,unknown,greenhouse-regen:v1,20,8.12278934022214,2.4744268262629205,0.0,1.8264378073865548,,True,36.4
ladder,raw/d1/stlsq/savgol,18,raw,1,stlsq,savgol,60,regen-v2,637c6b535a9e,unknown,greenhouse-regen:v1,3,9.3575079563598,5.554001806237965,0.0,3.1209613096229645,,True,33.8
ladder,raw/d1/stlsq/kalman,18,raw,1,stlsq,kalman,60,regen-v2,637c6b535a9e,unknown,greenhouse-regen:v1,3,8.286379529466734,5.976518856961579,0.0,3.1237948415777232,,True,34.4
ladder,raw/d1/sr3/none,18,raw,1,sr3,none,60,regen-v2,637c6b535a9e,unknown,greenhouse-regen:v1,6,8.12278934022214,4.321681257414287,0.0,2.4715260164295736,,True,34.4
ladder,raw/d1/sr3/savgol,18,raw,1,sr3,savgol,60,regen-v2,637c6b535a9e,unknown,greenhouse-regen:v1,3,9.3575079563598,5.173697378703352,0.0,3.107352931960121,,True,33.7
ladder,raw/d1/sr3/kalman,18,raw,1,sr3,kalman,60,regen-v2,637c6b535a9e,unknown,greenhouse-regen:v1,3,8.286379529466734,6.716000782090986,0.0,3.125758585433753,,True,33.7
ladder,raw/d1/constrained/none,18,raw,1,constrained,none,60,regen-v2,637c6b535a9e,unknown,greenhouse-regen:v1,6,8.12278934022214,4.321681257414287,0.0,2.4715260164295736,,True,33.5
ladder,raw/d1/constrained/savgol,18,raw,1,constrained,savgol,60,regen-v2,637c6b535a9e,unknown,greenhouse-regen:v1,3,9.3575079563598,5.173697378703352,0.0,3.107352931960121,,True,33.6
ladder,raw/d1/constrained/kalman,18,raw,1,constrained,kalman,60,regen-v2,637c6b535a9e,unknown,greenhouse-regen:v1,3,8.286379529466734,6.716000782090986,0.0,3.125758585433753,,True,34.1
ladder,raw/d1/ensemble/none,18,raw,1,ensemble,none,60,regen-v2,637c6b535a9e,unknown,greenhouse-regen:v1,19,8.12278934022214,2.4784292978539404,0.0,1.8268738230353307,,True,34.1
ladder,raw/d1/ensemble/savgol,18,raw,1,ensemble,savgol,60,regen-v2,637c6b535a9e,unknown,greenhouse-regen:v1,3,9.3575079563598,5.534664992038053,0.0,3.120736493556062,,True,33.7
ladder,raw/d1/ensemble/kalman,18,raw,1,ensemble,kalman,60,regen-v2,637c6b535a9e,unknown,greenhouse-regen:v1,3,8.286379529466734,5.959304127760562,0.0,3.123722483842656,,True,33.9
ladder,raw/d2/stlsq/none,18,raw,2,stlsq,none,60,regen-v2,637c6b535a9e,unknown,greenhouse-regen:v1,52,8.12278934022214,220.8222222514559,0.0833333333333333,1.162614432543872,,False,175.3
ladder,raw/d2/stlsq/savgol,18,raw,2,stlsq,savgol,60,regen-v2,637c6b535a9e,unknown,greenhouse-regen:v1,3,9.3575079563598,5.554001806237965,0.0,3.1209613096229645,,False,189.9
ladder,raw/d2/stlsq/kalman,18,raw,2,stlsq,kalman,60,regen-v2,637c6b535a9e,unknown,greenhouse-regen:v1,3,8.286379529466734,5.976518856961579,0.0,3.1237948415777232,,False,192.4
ladder,raw/d2/sr3/none,18,raw,2,sr3,none,60,regen-v2,637c6b535a9e,unknown,greenhouse-regen:v1,7,8.12278934022214,4.746831706780792,0.0,2.421588893787653,,False,190.3
ladder,raw/d2/sr3/savgol,18,raw,2,sr3,savgol,60,regen-v2,637c6b535a9e,unknown,greenhouse-regen:v1,3,9.3575079563598,5.196868237414811,0.0,3.109798528058422,,False,190.5
ladder,raw/d2/sr3/kalman,18,raw,2,sr3,kalman,60,regen-v2,637c6b535a9e,unknown,greenhouse-regen:v1,3,8.286379529466734,6.573331818866525,0.0,3.1254892045785465,,False,188.6
ladder,raw/d2/constrained/none,18,raw,2,constrained,none,60,regen-v2,637c6b535a9e,unknown,greenhouse-regen:v1,7,8.12278934022214,4.746831706780792,0.0,2.421588893787653,,False,186.1
ladder,raw/d2/constrained/savgol,18,raw,2,constrained,savgol,60,regen-v2,637c6b535a9e,unknown,greenhouse-regen:v1,3,9.3575079563598,5.196868237414811,0.0,3.109798528058422,,False,185.8
ladder,raw/d2/constrained/kalman,18,raw,2,constrained,kalman,60,regen-v2,637c6b535a9e,unknown,greenhouse-regen:v1,3,8.286379529466734,6.573331818866525,0.0,3.1254892045785465,,False,191.8
ladder,raw/d2/ensemble/none,18,raw,2,ensemble,none,60,regen-v2,637c6b535a9e,unknown,greenhouse-regen:v1,49,8.12278934022214,2.160907665404492,0.0666666666666666,1.1811793981171117,,False,180.9
ladder,raw/d2/ensemble/savgol,18,raw,2,ensemble,savgol,60,regen-v2,637c6b535a9e,unknown,greenhouse-regen:v1,3,9.3575079563598,5.587310162027382,0.0,3.1213158875987577,,False,189.4
ladder,raw/d2/ensemble/kalman,18,raw,2,ensemble,kalman,60,regen-v2,637c6b535a9e,unknown,greenhouse-regen:v1,3,8.286379529466734,5.988966672017577,0.0,3.123845879277219,,False,195.7
ladder,physics/d1/stlsq/none,18,physics,1,stlsq,none,60,regen-v2,637c6b535a9e,unknown,greenhouse-regen:v1,35,50.91716418909655,18.742448708580973,0.35,1.669754259144571,,True,31.7
ladder,physics/d1/stlsq/savgol,18,physics,1,stlsq,savgol,60,regen-v2,637c6b535a9e,unknown,greenhouse-regen:v1,3,42.92093402291047,5.554001806237965,0.0,3.1209613096229645,,True,44.8
ladder,physics/d1/stlsq/kalman,18,physics,1,stlsq,kalman,60,regen-v2,637c6b535a9e,unknown,greenhouse-regen:v1,3,41.272697297125,5.976518856961579,0.0,3.1237948415777232,,True,46.1
ladder,physics/d1/sr3/none,18,physics,1,sr3,none,60,regen-v2,637c6b535a9e,unknown,greenhouse-regen:v1,17,50.91716418909655,2954.972968621408,0.7666666666666667,2.2392568730127698,,True,15.9
ladder,physics/d1/sr3/savgol,18,physics,1,sr3,savgol,60,regen-v2,637c6b535a9e,unknown,greenhouse-regen:v1,3,42.92093402291047,5.153039391321716,0.0,3.1044105875869783,,True,47.0
ladder,physics/d1/sr3/kalman,18,physics,1,sr3,kalman,60,regen-v2,637c6b535a9e,unknown,greenhouse-regen:v1,3,41.272697297125,10.577604969463962,0.0,3.1288777996822525,,True,47.2
ladder,physics/d1/constrained/none,18,physics,1,constrained,none,60,regen-v2,637c6b535a9e,unknown,greenhouse-regen:v1,17,50.91716418909655,2954.972968621408,0.7666666666666667,2.2392568730127698,,True,17.2
ladder,physics/d1/constrained/savgol,18,physics,1,constrained,savgol,60,regen-v2,637c6b535a9e,unknown,greenhouse-regen:v1,3,42.92093402291047,5.153039391321716,0.0,3.1044105875869783,,True,46.0
ladder,physics/d1/constrained/kalman,18,physics,1,constrained,kalman,60,regen-v2,637c6b535a9e,unknown,greenhouse-regen:v1,3,41.272697297125,10.577604969463962,0.0,3.1288777996822525,,True,45.2
ladder,physics/d1/ensemble/none,18,physics,1,ensemble,none,60,regen-v2,637c6b535a9e,unknown,greenhouse-regen:v1,36,50.91716418909655,18.79392188626236,0.45,1.671062401308293,,True,28.9
ladder,physics/d1/ensemble/savgol,18,physics,1,ensemble,savgol,60,regen-v2,637c6b535a9e,unknown,greenhouse-regen:v1,3,42.92093402291047,5.52947087606547,0.0,3.120673465789023,,True,45.3
ladder,physics/d1/ensemble/kalman,18,physics,1,ensemble,kalman,60,regen-v2,637c6b535a9e,unknown,greenhouse-regen:v1,3,41.272697297125,5.944585686147725,0.0,3.1236589098563723,,True,47.1
ladder,physics/d2/stlsq/none,18,physics,2,stlsq,none,60,regen-v2,637c6b535a9e,unknown,greenhouse-regen:v1,237,50.91716418909655,6.8006418880285455,0.1166666666666666,0.9888362548869414,,False,335.8
ladder,physics/d2/stlsq/savgol,18,physics,2,stlsq,savgol,60,regen-v2,637c6b535a9e,unknown,greenhouse-regen:v1,3,42.92093402291047,5.554001806237965,0.0,3.1209613096229645,,False,389.7
ladder,physics/d2/stlsq/kalman,18,physics,2,stlsq,kalman,60,regen-v2,637c6b535a9e,unknown,greenhouse-regen:v1,3,41.272697297125,5.976518856961579,0.0,3.1237948415777232,,False,388.9
ladder,physics/d2/sr3/none,18,physics,2,sr3,none,60,regen-v2,637c6b535a9e,unknown,greenhouse-regen:v1,118,50.91716418909655,859.3760573004909,0.95,4.910957867892099,,False,45.6
ladder,physics/d2/sr3/savgol,18,physics,2,sr3,savgol,60,regen-v2,637c6b535a9e,unknown,greenhouse-regen:v1,7,42.92093402291047,5.369143278722803,0.0,3.117895047231197,,False,389.3
ladder,physics/d2/sr3/kalman,18,physics,2,sr3,kalman,60,regen-v2,637c6b535a9e,unknown,greenhouse-regen:v1,3,41.272697297125,43.13906152392936,0.0,3.133619603722129,,False,383.1
ladder,physics/d2/constrained/none,18,physics,2,constrained,none,60,regen-v2,637c6b535a9e,unknown,greenhouse-regen:v1,118,50.91716418909655,859.3760573004909,0.95,4.910957867892099,,False,46.6
ladder,physics/d2/constrained/savgol,18,physics,2,constrained,savgol,60,regen-v2,637c6b535a9e,unknown,greenhouse-regen:v1,7,42.92093402291047,5.369143278722803,0.0,3.117895047231197,,False,383.5
ladder,physics/d2/constrained/kalman,18,physics,2,constrained,kalman,60,regen-v2,637c6b535a9e,unknown,greenhouse-regen:v1,3,41.272697297125,43.13906152392936,0.0,3.133619603722129,,False,385.7
ladder,physics/d2/ensemble/none,18,physics,2,ensemble,none,60,regen-v2,637c6b535a9e,unknown,greenhouse-regen:v1,235,50.91716418909655,1617.3051253962878,1.0,4.508778448209161,,False,20.6
ladder,physics/d2/ensemble/savgol,18,physics,2,ensemble,savgol,60,regen-v2,637c6b535a9e,unknown,greenhouse-regen:v1,5,42.92093402291047,5.502377090989123,0.0,3.120324673150947,,False,394.0
ladder,physics/d2/ensemble/kalman,18,physics,2,ensemble,kalman,60,regen-v2,637c6b535a9e,unknown,greenhouse-regen:v1,3,41.272697297125,5.944063899207599,0.0,3.1236566261970755,,False,396.0
ladder,physics_no_cross/d1/stlsq/none,18,physics_no_cross,1,stlsq,none,60,regen-v2,637c6b535a9e,unknown,greenhouse-regen:v1,27,23.90221668245008,7.1859922918177,0.0666666666666666,1.6970730976103023,,True,36.7
ladder,physics_no_cross/d1/stlsq/savgol,18,physics_no_cross,1,stlsq,savgol,60,regen-v2,637c6b535a9e,unknown,greenhouse-regen:v1,3,14.207030090577152,5.554001806237965,0.0,3.1209613096229645,,True,40.4
ladder,physics_no_cross/d1/stlsq/kalman,18,physics_no_cross,1,stlsq,kalman,60,regen-v2,637c6b535a9e,unknown,greenhouse-regen:v1,3,14.031715860608552,5.976518856961579,0.0,3.1237948415777232,,True,39.7
ladder,physics_no_cross/d1/sr3/none,18,physics_no_cross,1,sr3,none,60,regen-v2,637c6b535a9e,unknown,greenhouse-regen:v1,10,23.90221668245008,6.015655049879185,0.0166666666666666,2.1136795169862337,,True,39.4
ladder,physics_no_cross/d1/sr3/savgol,18,physics_no_cross,1,sr3,savgol,60,regen-v2,637c6b535a9e,unknown,greenhouse-regen:v1,3,14.207030090577152,5.218399883223413,0.0,3.1115527603160915,,True,38.5
ladder,physics_no_cross/d1/sr3/kalman,18,physics_no_cross,1,sr3,kalman,60,regen-v2,637c6b535a9e,unknown,greenhouse-regen:v1,3,14.031715860608552,10.161046924742433,0.0,3.1286882038077426,,True,39.7
ladder,physics_no_cross/d1/constrained/none,18,physics_no_cross,1,constrained,none,60,regen-v2,637c6b535a9e,unknown,greenhouse-regen:v1,10,23.90221668245008,6.015655049879185,0.0166666666666666,2.1136795169862337,,True,38.1
ladder,physics_no_cross/d1/constrained/savgol,18,physics_no_cross,1,constrained,savgol,60,regen-v2,637c6b535a9e,unknown,greenhouse-regen:v1,3,14.207030090577152,5.218399883223413,0.0,3.1115527603160915,,True,38.7
ladder,physics_no_cross/d1/constrained/kalman,18,physics_no_cross,1,constrained,kalman,60,regen-v2,637c6b535a9e,unknown,greenhouse-regen:v1,3,14.031715860608552,10.161046924742433,0.0,3.1286882038077426,,True,39.4
ladder,physics_no_cross/d1/ensemble/none,18,physics_no_cross,1,ensemble,none,60,regen-v2,637c6b535a9e,unknown,greenhouse-regen:v1,27,23.90221668245008,7.09490886105994,0.0666666666666666,1.6972857223717837,,True,36.7
ladder,physics_no_cross/d1/ensemble/savgol,18,physics_no_cross,1,ensemble,savgol,60,regen-v2,637c6b535a9e,unknown,greenhouse-regen:v1,3,14.207030090577152,5.5347960297812255,0.0,3.120738068643515,,True,40.1
ladder,physics_no_cross/d1/ensemble/kalman,18,physics_no_cross,1,ensemble,kalman,60,regen-v2,637c6b535a9e,unknown,greenhouse-regen:v1,3,14.031715860608552,6.009924577366318,0.0,3.1239294946971663,,True,40.7
ladder,physics_no_cross/d2/stlsq/none,18,physics_no_cross,2,stlsq,none,60,regen-v2,637c6b535a9e,unknown,greenhouse-regen:v1,129,23.90221668245008,132.7163529779841,0.3,1.0307348252264683,,False,200.6
ladder,physics_no_cross/d2/stlsq/savgol,18,physics_no_cross,2,stlsq,savgol,60,regen-v2,637c6b535a9e,unknown,greenhouse-regen:v1,3,14.207030090577152,5.554001806237965,0.0,3.1209613096229645,,False,266.2
ladder,physics_no_cross/d2/stlsq/kalman,18,physics_no_cross,2,stlsq,kalman,60,regen-v2,637c6b535a9e,unknown,greenhouse-regen:v1,3,14.031715860608552,5.976518856961579,0.0,3.1237948415777232,,False,268.7
ladder,physics_no_cross/d2/sr3/none,18,physics_no_cross,2,sr3,none,60,regen-v2,637c6b535a9e,unknown,greenhouse-regen:v1,45,23.90221668245008,284.10770542664966,0.6833333333333333,2.808824022107017,,False,95.4
ladder,physics_no_cross/d2/sr3/savgol,18,physics_no_cross,2,sr3,savgol,60,regen-v2,637c6b535a9e,unknown,greenhouse-regen:v1,3,14.207030090577152,5.268844992013434,0.0,3.114491848311759,,False,264.9
ladder,physics_no_cross/d2/sr3/kalman,18,physics_no_cross,2,sr3,kalman,60,regen-v2,637c6b535a9e,unknown,greenhouse-regen:v1,3,14.031715860608552,43.04389006995793,0.0,3.1336132231713845,,False,266.1
ladder,physics_no_cross/d2/constrained/none,18,physics_no_cross,2,constrained,none,60,regen-v2,637c6b535a9e,unknown,greenhouse-regen:v1,45,23.90221668245008,284.10770542664966,0.6833333333333333,2.808824022107017,,False,92.4
ladder,physics_no_cross/d2/constrained/savgol,18,physics_no_cross,2,constrained,savgol,60,regen-v2,637c6b535a9e,unknown,greenhouse-regen:v1,3,14.207030090577152,5.268844992013434,0.0,3.114491848311759,,False,250.8
ladder,physics_no_cross/d2/constrained/kalman,18,physics_no_cross,2,constrained,kalman,60,regen-v2,637c6b535a9e,unknown,greenhouse-regen:v1,3,14.031715860608552,43.04389006995793,0.0,3.1336132231713845,,False,250.0
ladder,physics_no_cross/d2/ensemble/none,18,physics_no_cross,2,ensemble,none,60,regen-v2,637c6b535a9e,unknown,greenhouse-regen:v1,120,23.90221668245008,813.7804096998148,1.0,4.43089998596054,,False,16.5
ladder,physics_no_cross/d2/ensemble/savgol,18,physics_no_cross,2,ensemble,savgol,60,regen-v2,637c6b535a9e,unknown,greenhouse-regen:v1,3,14.207030090577152,5.523340947593454,0.0,3.120597558519872,,False,248.0
ladder,physics_no_cross/d2/ensemble/kalman,18,physics_no_cross,2,ensemble,kalman,60,regen-v2,637c6b535a9e,unknown,greenhouse-regen:v1,3,14.031715860608552,5.9114889821446575,0.0,3.123509798724405,,False,250.2
ladder,raw/d1/stlsq/none,19,raw,1,stlsq,none,60,regen-v2,637c6b535a9e,unknown,greenhouse-regen:v1,19,8.38878193051425,2.7812666834957644,0.0,1.8776071392226372,,True,31.6
ladder,raw/d1/stlsq/savgol,19,raw,1,stlsq,savgol,60,regen-v2,637c6b535a9e,unknown,greenhouse-regen:v1,3,9.578264123232854,5.598231578352705,0.0,3.106662487846956,,True,30.6
ladder,raw/d1/stlsq/kalman,19,raw,1,stlsq,kalman,60,regen-v2,637c6b535a9e,unknown,greenhouse-regen:v1,3,8.573448620911796,5.897394459372033,0.0,3.1092071562910504,,True,31.3
ladder,raw/d1/sr3/none,19,raw,1,sr3,none,60,regen-v2,637c6b535a9e,unknown,greenhouse-regen:v1,5,8.38878193051425,4.431357288695345,0.0,2.4352122625786183,,True,31.8
ladder,raw/d1/sr3/savgol,19,raw,1,sr3,savgol,60,regen-v2,637c6b535a9e,unknown,greenhouse-regen:v1,3,9.578264123232854,5.346836504727453,0.0,3.0970307751481885,,True,30.5
ladder,raw/d1/sr3/kalman,19,raw,1,sr3,kalman,60,regen-v2,637c6b535a9e,unknown,greenhouse-regen:v1,3,8.573448620911796,7.774787632442607,0.0,3.112806307834173,,True,31.5
ladder,raw/d1/constrained/none,19,raw,1,constrained,none,60,regen-v2,637c6b535a9e,unknown,greenhouse-regen:v1,5,8.38878193051425,4.431357288695345,0.0,2.4352122625786183,,True,30.7
ladder,raw/d1/constrained/savgol,19,raw,1,constrained,savgol,60,regen-v2,637c6b535a9e,unknown,greenhouse-regen:v1,3,9.578264123232854,5.346836504727453,0.0,3.0970307751481885,,True,30.8
ladder,raw/d1/constrained/kalman,19,raw,1,constrained,kalman,60,regen-v2,637c6b535a9e,unknown,greenhouse-regen:v1,3,8.573448620911796,7.774787632442607,0.0,3.112806307834173,,True,31.7
ladder,raw/d1/ensemble/none,19,raw,1,ensemble,none,60,regen-v2,637c6b535a9e,unknown,greenhouse-regen:v1,19,8.38878193051425,2.79157861801366,0.0,1.8777573162437455,,True,30.8
ladder,raw/d1/ensemble/savgol,19,raw,1,ensemble,savgol,60,regen-v2,637c6b535a9e,unknown,greenhouse-regen:v1,3,9.578264123232854,5.6111511459622605,0.0,3.106843666649484,,True,31.4
ladder,raw/d1/ensemble/kalman,19,raw,1,ensemble,kalman,60,regen-v2,637c6b535a9e,unknown,greenhouse-regen:v1,3,8.573448620911796,5.860610603432422,0.0,3.1090069189303327,,True,32.3
ladder,raw/d2/stlsq/none,19,raw,2,stlsq,none,60,regen-v2,637c6b535a9e,unknown,greenhouse-regen:v1,46,8.38878193051425,2.034774215625817,0.0,1.1641312222361675,,False,173.4
ladder,raw/d2/stlsq/savgol,19,raw,2,stlsq,savgol,60,regen-v2,637c6b535a9e,unknown,greenhouse-regen:v1,3,9.578264123232854,5.598231578352705,0.0,3.106662487846956,,False,176.1
ladder,raw/d2/stlsq/kalman,19,raw,2,stlsq,kalman,60,regen-v2,637c6b535a9e,unknown,greenhouse-regen:v1,3,8.573448620911796,5.897394459372033,0.0,3.1092071562910504,,False,175.7
ladder,raw/d2/sr3/none,19,raw,2,sr3,none,60,regen-v2,637c6b535a9e,unknown,greenhouse-regen:v1,7,8.38878193051425,4.919170977163266,0.0,2.407202667391291,,False,175.4
ladder,raw/d2/sr3/savgol,19,raw,2,sr3,savgol,60,regen-v2,637c6b535a9e,unknown,greenhouse-regen:v1,3,9.578264123232854,5.4856101996969056,0.0,3.104383544223938,,False,173.2
ladder,raw/d2/sr3/kalman,19,raw,2,sr3,kalman,60,regen-v2,637c6b535a9e,unknown,greenhouse-regen:v1,3,8.573448620911796,5.607391634522731,0.0,3.106791459206986,,False,174.6
ladder,raw/d2/constrained/none,19,raw,2,constrained,none,60,regen-v2,637c6b535a9e,unknown,greenhouse-regen:v1,7,8.38878193051425,4.919170977163266,0.0,2.407202667391291,,False,171.5
ladder,raw/d2/constrained/savgol,19,raw,2,constrained,savgol,60,regen-v2,637c6b535a9e,unknown,greenhouse-regen:v1,3,9.578264123232854,5.4856101996969056,0.0,3.104383544223938,,False,173.4
ladder,raw/d2/constrained/kalman,19,raw,2,constrained,kalman,60,regen-v2,637c6b535a9e,unknown,greenhouse-regen:v1,3,8.573448620911796,5.607391634522731,0.0,3.106791459206986,,False,175.4
ladder,raw/d2/ensemble/none,19,raw,2,ensemble,none,60,regen-v2,637c6b535a9e,unknown,greenhouse-regen:v1,49,8.38878193051425,1.9462967226236445,0.2666666666666666,1.164583522022968,,False,129.6
ladder,raw/d2/ensemble/savgol,19,raw,2,ensemble,savgol,60,regen-v2,637c6b535a9e,unknown,greenhouse-regen:v1,3,9.578264123232854,5.610005836671628,0.0,3.106828060940165,,False,163.9
ladder,raw/d2/ensemble/kalman,19,raw,2,ensemble,kalman,60,regen-v2,637c6b535a9e,unknown,greenhouse-regen:v1,3,8.573448620911796,5.931028458372862,0.0,3.109375535407081,,False,167.9
ladder,physics/d1/stlsq/none,19,physics,1,stlsq,none,60,regen-v2,637c6b535a9e,unknown,greenhouse-regen:v1,38,52.78902208477784,25.567401012483472,0.5166666666666667,1.6914540822084212,,True,22.8
ladder,physics/d1/stlsq/savgol,19,physics,1,stlsq,savgol,60,regen-v2,637c6b535a9e,unknown,greenhouse-regen:v1,7,42.90707204933545,5.598231578352705,0.0,3.106662487846956,,True,38.6
ladder,physics/d1/stlsq/kalman,19,physics,1,stlsq,kalman,60,regen-v2,637c6b535a9e,unknown,greenhouse-regen:v1,3,40.61436045632088,5.897394459372033,0.0,3.1092071562910504,,True,40.2
ladder,physics/d1/sr3/none,19,physics,1,sr3,none,60,regen-v2,637c6b535a9e,unknown,greenhouse-regen:v1,18,52.78902208477784,576.9331305447828,0.55,2.3495101402426317,,True,21.4
ladder,physics/d1/sr3/savgol,19,physics,1,sr3,savgol,60,regen-v2,637c6b535a9e,unknown,greenhouse-regen:v1,3,42.90707204933545,5.338134606668648,0.0,3.0961547614238216,,True,39.4
ladder,physics/d1/sr3/kalman,19,physics,1,sr3,kalman,60,regen-v2,637c6b535a9e,unknown,greenhouse-regen:v1,3,40.61436045632088,24.742801950500912,0.0,3.117429862781654,,True,39.3
ladder,physics/d1/constrained/none,19,physics,1,constrained,none,60,regen-v2,637c6b535a9e,unknown,greenhouse-regen:v1,18,52.78902208477784,576.9331305447828,0.55,2.3495101402426317,,True,21.3
ladder,physics/d1/constrained/savgol,19,physics,1,constrained,savgol,60,regen-v2,637c6b535a9e,unknown,greenhouse-regen:v1,3,42.90707204933545,5.338134606668648,0.0,3.0961547614238216,,True,39.7
ladder,physics/d1/constrained/kalman,19,physics,1,constrained,kalman,60,regen-v2,637c6b535a9e,unknown,greenhouse-regen:v1,3,40.61436045632088,24.742801950500912,0.0,3.117429862781654,,True,39.8
ladder,physics/d1/ensemble/none,19,physics,1,ensemble,none,60,regen-v2,637c6b535a9e,unknown,greenhouse-regen:v1,40,52.78902208477784,26.56447484743445,0.5833333333333334,1.696971008612879,,True,20.8
ladder,physics/d1/ensemble/savgol,19,physics,1,ensemble,savgol,60,regen-v2,637c6b535a9e,unknown,greenhouse-regen:v1,3,42.90707204933545,5.590889506705628,0.0,3.1065542364207523,,True,40.0
ladder,physics/d1/ensemble/kalman,19,physics,1,ensemble,kalman,60,regen-v2,637c6b535a9e,unknown,greenhouse-regen:v1,3,40.61436045632088,5.913588141240683,0.0,3.109289848717407,,True,39.7
ladder,physics/d2/stlsq/none,19,physics,2,stlsq,none,60,regen-v2,637c6b535a9e,unknown,greenhouse-regen:v1,272,52.78902208477784,240.2154142496828,0.3166666666666666,0.9809854100164416,,False,252.3
ladder,physics/d2/stlsq/savgol,19,physics,2,stlsq,savgol,60,regen-v2,637c6b535a9e,unknown,greenhouse-regen:v1,9,42.90707204933545,4.706811296510487,0.1,3.0867290648329777,,False,315.4
ladder,physics/d2/stlsq/kalman,19,physics,2,stlsq,kalman,60,regen-v2,637c6b535a9e,unknown,greenhouse-regen:v1,3,40.61436045632088,5.897394459372033,0.0,3.1092071562910504,,False,333.9
ladder,physics/d2/sr3/none,19,physics,2,sr3,none,60,regen-v2,637c6b535a9e,unknown,greenhouse-regen:v1,145,52.78902208477784,826.0199712758865,0.9666666666666668,2.9312431961406538,,False,55.7
ladder,physics/d2/sr3/savgol,19,physics,2,sr3,savgol,60,regen-v2,637c6b535a9e,unknown,greenhouse-regen:v1,7,42.90707204933545,12.818574425094535,0.0,3.2407947418542995,,False,327.9
ladder,physics/d2/sr3/kalman,19,physics,2,sr3,kalman,60,regen-v2,637c6b535a9e,unknown,greenhouse-regen:v1,3,40.61436045632088,20.932979279480254,0.0,3.116912661364277,,False,332.3
ladder,physics/d2/constrained/none,19,physics,2,constrained,none,60,regen-v2,637c6b535a9e,unknown,greenhouse-regen:v1,145,52.78902208477784,826.0199712758865,0.9666666666666668,2.9312431961406538,,False,55.1
ladder,physics/d2/constrained/savgol,19,physics,2,constrained,savgol,60,regen-v2,637c6b535a9e,unknown,greenhouse-regen:v1,7,42.90707204933545,12.818574425094535,0.0,3.2407947418542995,,False,330.6
ladder,physics/d2/constrained/kalman,19,physics,2,constrained,kalman,60,regen-v2,637c6b535a9e,unknown,greenhouse-regen:v1,3,40.61436045632088,20.932979279480254,0.0,3.116912661364277,,False,333.1
ladder,physics/d2/ensemble/none,19,physics,2,ensemble,none,60,regen-v2,637c6b535a9e,unknown,greenhouse-regen:v1,257,52.78902208477784,10824.162578196225,1.0,4.854768889456348,,False,19.2
ladder,physics/d2/ensemble/savgol,19,physics,2,ensemble,savgol,60,regen-v2,637c6b535a9e,unknown,greenhouse-regen:v1,5,42.90707204933545,5.464206629733021,0.1333333333333333,3.1053312742437,,False,306.1
ladder,physics/d2/ensemble/kalman,19,physics,2,ensemble,kalman,60,regen-v2,637c6b535a9e,unknown,greenhouse-regen:v1,3,40.61436045632088,5.947673852685357,0.0,3.109454274431028,,False,334.5
ladder,physics_no_cross/d1/stlsq/none,19,physics_no_cross,1,stlsq,none,60,regen-v2,637c6b535a9e,unknown,greenhouse-regen:v1,28,24.017688235762687,9.256318424377994,0.1333333333333333,1.7565363020766092,,True,29.8
ladder,physics_no_cross/d1/stlsq/savgol,19,physics_no_cross,1,stlsq,savgol,60,regen-v2,637c6b535a9e,unknown,greenhouse-regen:v1,3,13.825425786533112,5.598231578352705,0.0,3.106662487846956,,True,33.5
ladder,physics_no_cross/d1/stlsq/kalman,19,physics_no_cross,1,stlsq,kalman,60,regen-v2,637c6b535a9e,unknown,greenhouse-regen:v1,3,13.655250891481304,5.897394459372033,0.0,3.1092071562910504,,True,34.3
ladder,physics_no_cross/d1/sr3/none,19,physics_no_cross,1,sr3,none,60,regen-v2,637c6b535a9e,unknown,greenhouse-regen:v1,9,24.017688235762687,4.103620451387833,0.0,2.7532625459416438,,True,33.3
ladder,physics_no_cross/d1/sr3/savgol,19,physics_no_cross,1,sr3,savgol,60,regen-v2,637c6b535a9e,unknown,greenhouse-regen:v1,3,13.825425786533112,5.369701055469434,0.0,3.098971913232471,,True,33.6
ladder,physics_no_cross/d1/sr3/kalman,19,physics_no_cross,1,sr3,kalman,60,regen-v2,637c6b535a9e,unknown,greenhouse-regen:v1,3,13.655250891481304,13.32869826636196,0.0,3.1153866845052303,,True,34.2
ladder,physics_no_cross/d1/constrained/none,19,physics_no_cross,1,constrained,none,60,regen-v2,637c6b535a9e,unknown,greenhouse-regen:v1,9,24.017688235762687,4.103620451387833,0.0,2.7532625459416438,,True,34.0
ladder,physics_no_cross/d1/constrained/savgol,19,physics_no_cross,1,constrained,savgol,60,regen-v2,637c6b535a9e,unknown,greenhouse-regen:v1,3,13.825425786533112,5.369701055469434,0.0,3.098971913232471,,True,34.0
ladder,physics_no_cross/d1/constrained/kalman,19,physics_no_cross,1,constrained,kalman,60,regen-v2,637c6b535a9e,unknown,greenhouse-regen:v1,3,13.655250891481304,13.32869826636196,0.0,3.1153866845052303,,True,35.0
ladder,physics_no_cross/d1/ensemble/none,19,physics_no_cross,1,ensemble,none,60,regen-v2,637c6b535a9e,unknown,greenhouse-regen:v1,29,24.017688235762687,8.53737462236956,0.1166666666666666,1.7604108871586088,,True,30.7
ladder,physics_no_cross/d1/ensemble/savgol,19,physics_no_cross,1,ensemble,savgol,60,regen-v2,637c6b535a9e,unknown,greenhouse-regen:v1,3,13.825425786533112,5.612497728218559,0.0,3.1068619056607614,,True,34.1
ladder,physics_no_cross/d1/ensemble/kalman,19,physics_no_cross,1,ensemble,kalman,60,regen-v2,637c6b535a9e,unknown,greenhouse-regen:v1,3,13.655250891481304,5.813718646416065,0.0,3.1087225562539063,,True,34.4
ladder,physics_no_cross/d2/stlsq/none,19,physics_no_cross,2,stlsq,none,60,regen-v2,637c6b535a9e,unknown,greenhouse-regen:v1,118,24.017688235762687,42.22482237025753,0.1833333333333333,1.0273621544450744,,False,187.4
ladder,physics_no_cross/d2/stlsq/savgol,19,physics_no_cross,2,stlsq,savgol,60,regen-v2,637c6b535a9e,unknown,greenhouse-regen:v1,3,13.825425786533112,5.598231578352705,0.0,3.106662487846956,,False,230.2
ladder,physics_no_cross/d2/stlsq/kalman,19,physics_no_cross,2,stlsq,kalman,60,regen-v2,637c6b535a9e,unknown,greenhouse-regen:v1,3,13.655250891481304,5.897394459372033,0.0,3.1092071562910504,,False,226.7
ladder,physics_no_cross/d2/sr3/none,19,physics_no_cross,2,sr3,none,60,regen-v2,637c6b535a9e,unknown,greenhouse-regen:v1,50,24.017688235762687,601.7388425000619,0.9666666666666668,2.844773410549501,,False,28.4
ladder,physics_no_cross/d2/sr3/savgol,19,physics_no_cross,2,sr3,savgol,60,regen-v2,637c6b535a9e,unknown,greenhouse-regen:v1,3,13.825425786533112,6.949742493682911,0.0,3.1118885939686964,,False,226.3
ladder,physics_no_cross/d2/sr3/kalman,19,physics_no_cross,2,sr3,kalman,60,regen-v2,637c6b535a9e,unknown,greenhouse-regen:v1,3,13.655250891481304,11.086185726889315,0.0,3.114662243508333,,False,226.7
ladder,physics_no_cross/d2/constrained/none,19,physics_no_cross,2,constrained,none,60,regen-v2,637c6b535a9e,unknown,greenhouse-regen:v1,50,24.017688235762687,601.7388425000619,0.9666666666666668,2.844773410549501,,False,28.5
ladder,physics_no_cross/d2/constrained/savgol,19,physics_no_cross,2,constrained,savgol,60,regen-v2,637c6b535a9e,unknown,greenhouse-regen:v1,3,13.825425786533112,6.949742493682911,0.0,3.1118885939686964,,False,222.2
ladder,physics_no_cross/d2/constrained/kalman,19,physics_no_cross,2,constrained,kalman,60,regen-v2,637c6b535a9e,unknown,greenhouse-regen:v1,3,13.655250891481304,11.086185726889315,0.0,3.114662243508333,,False,215.6
ladder,physics_no_cross/d2/ensemble/none,19,physics_no_cross,2,ensemble,none,60,regen-v2,637c6b535a9e,unknown,greenhouse-regen:v1,128,24.017688235762687,2177.6389250745174,0.6666666666666666,3.41726397143474,,False,106.1
ladder,physics_no_cross/d2/ensemble/savgol,19,physics_no_cross,2,ensemble,savgol,60,regen-v2,637c6b535a9e,unknown,greenhouse-regen:v1,3,13.825425786533112,5.596684027826895,0.0,3.1066400020034037,,False,222.0
ladder,physics_no_cross/d2/ensemble/kalman,19,physics_no_cross,2,ensemble,kalman,60,regen-v2,637c6b535a9e,unknown,greenhouse-regen:v1,3,13.655250891481304,5.820231568301906,0.0,3.108764250669927,,False,222.7
ladder,raw/d1/stlsq/none,2,raw,1,stlsq,none,60,regen-v2,637c6b535a9e,unknown,greenhouse-regen:v1,20,8.476853922818032,2.7259051680363973,0.0,1.855921620268726,,True,30.4
ladder,raw/d1/stlsq/savgol,2,raw,1,stlsq,savgol,60,regen-v2,637c6b535a9e,unknown,greenhouse-regen:v1,3,9.54390330656483,5.486740457043219,0.0,3.06103993557784,,True,29.0
ladder,raw/d1/stlsq/kalman,2,raw,1,stlsq,kalman,60,regen-v2,637c6b535a9e,unknown,greenhouse-regen:v1,3,8.339006743395808,5.808775270710373,0.0,3.063496500840245,,True,29.8
ladder,raw/d1/sr3/none,2,raw,1,sr3,none,60,regen-v2,637c6b535a9e,unknown,greenhouse-regen:v1,6,8.476853922818032,4.4719433622735805,0.0,2.4473118567599808,,True,29.5
ladder,raw/d1/sr3/savgol,2,raw,1,sr3,savgol,60,regen-v2,637c6b535a9e,unknown,greenhouse-regen:v1,3,9.54390330656483,5.1831085997009945,0.0,3.0494699758134,,True,29.0
ladder,raw/d1/sr3/kalman,2,raw,1,sr3,kalman,60,regen-v2,637c6b535a9e,unknown,greenhouse-regen:v1,3,8.339006743395808,6.027414940650949,0.0,3.0643587817515385,,True,29.7
ladder,raw/d1/constrained/none,2,raw,1,constrained,none,60,regen-v2,637c6b535a9e,unknown,greenhouse-regen:v1,6,8.476853922818032,4.4719433622735805,0.0,2.4473118567599808,,True,29.0
ladder,raw/d1/constrained/savgol,2,raw,1,constrained,savgol,60,regen-v2,637c6b535a9e,unknown,greenhouse-regen:v1,3,9.54390330656483,5.1831085997009945,0.0,3.0494699758134,,True,29.2
ladder,raw/d1/constrained/kalman,2,raw,1,constrained,kalman,60,regen-v2,637c6b535a9e,unknown,greenhouse-regen:v1,3,8.339006743395808,6.027414940650949,0.0,3.0643587817515385,,True,30.0
ladder,raw/d1/ensemble/none,2,raw,1,ensemble,none,60,regen-v2,637c6b535a9e,unknown,greenhouse-regen:v1,20,8.476853922818032,2.721110114118974,0.0,1.856048473067992,,True,30.4
ladder,raw/d1/ensemble/savgol,2,raw,1,ensemble,savgol,60,regen-v2,637c6b535a9e,unknown,greenhouse-regen:v1,3,9.54390330656483,5.491287009515736,0.0,3.061096338019873,,True,29.5
ladder,raw/d1/ensemble/kalman,2,raw,1,ensemble,kalman,60,regen-v2,637c6b535a9e,unknown,greenhouse-regen:v1,3,8.339006743395808,5.8050910730441965,0.0,3.063478696740122,,True,30.8
ladder,raw/d2/stlsq/none,2,raw,2,stlsq,none,60,regen-v2,637c6b535a9e,unknown,greenhouse-regen:v1,43,8.476853922818032,232.7949556254601,0.05,1.182235664149877,,False,156.4
ladder,raw/d2/stlsq/savgol,2,raw,2,stlsq,savgol,60,regen-v2,637c6b535a9e,unknown,greenhouse-regen:v1,3,9.54390330656483,5.486740457043219,0.0,3.06103993557784,,False,164.4
ladder,raw/d2/stlsq/kalman,2,raw,2,stlsq,kalman,60,regen-v2,637c6b535a9e,unknown,greenhouse-regen:v1,3,8.339006743395808,5.808775270710373,0.0,3.063496500840245,,False,164.5
ladder,raw/d2/sr3/none,2,raw,2,sr3,none,60,regen-v2,637c6b535a9e,unknown,greenhouse-regen:v1,6,8.476853922818032,4.889389694908035,0.0,2.487161921096646,,False,162.2
ladder,raw/d2/sr3/savgol,2,raw,2,sr3,savgol,60,regen-v2,637c6b535a9e,unknown,greenhouse-regen:v1,3,9.54390330656483,5.173310668392076,0.0,3.048242244626028,,False,164.9
ladder,raw/d2/sr3/kalman,2,raw,2,sr3,kalman,60,regen-v2,637c6b535a9e,unknown,greenhouse-regen:v1,3,8.339006743395808,5.827095378806363,0.0,3.06358302561063,,False,167.4
ladder,raw/d2/constrained/none,2,raw,2,constrained,none,60,regen-v2,637c6b535a9e,unknown,greenhouse-regen:v1,6,8.476853922818032,4.889389694908035,0.0,2.487161921096646,,False,163.4
ladder,raw/d2/constrained/savgol,2,raw,2,constrained,savgol,60,regen-v2,637c6b535a9e,unknown,greenhouse-regen:v1,3,9.54390330656483,5.173310668392076,0.0,3.048242244626028,,False,163.7
ladder,raw/d2/constrained/kalman,2,raw,2,constrained,kalman,60,regen-v2,637c6b535a9e,unknown,greenhouse-regen:v1,3,8.339006743395808,5.827095378806363,0.0,3.06358302561063,,False,165.5
ladder,raw/d2/ensemble/none,2,raw,2,ensemble,none,60,regen-v2,637c6b535a9e,unknown,greenhouse-regen:v1,39,8.476853922818032,2.01192631391652,0.0,1.2195624841094312,,False,165.4
ladder,raw/d2/ensemble/savgol,2,raw,2,ensemble,savgol,60,regen-v2,637c6b535a9e,unknown,greenhouse-regen:v1,3,9.54390330656483,5.499917833982255,0.0,3.0612005080787577,,False,164.5
ladder,raw/d2/ensemble/kalman,2,raw,2,ensemble,kalman,60,regen-v2,637c6b535a9e,unknown,greenhouse-regen:v1,3,8.339006743395808,5.83551709026427,0.0,3.0636217208892464,,False,169.0
ladder,physics/d1/stlsq/none,2,physics,1,stlsq,none,60,regen-v2,637c6b535a9e,unknown,greenhouse-regen:v1,36,56.41328014909656,34.20324440550797,0.7,1.714601953391946,,True,15.9
ladder,physics/d1/stlsq/savgol,2,physics,1,stlsq,savgol,60,regen-v2,637c6b535a9e,unknown,greenhouse-regen:v1,3,43.582213745581534,5.486740457043219,0.0,3.06103993557784,,True,39.2
ladder,physics/d1/stlsq/kalman,2,physics,1,stlsq,kalman,60,regen-v2,637c6b535a9e,unknown,greenhouse-regen:v1,3,41.07567155256167,5.808775270710373,0.0,3.063496500840245,,True,39.8
ladder,physics/d1/sr3/none,2,physics,1,sr3,none,60,regen-v2,637c6b535a9e,unknown,greenhouse-regen:v1,15,56.41328014909656,565.5530883908109,0.8833333333333333,2.349436532750482,,True,10.6
ladder,physics/d1/sr3/savgol,2,physics,1,sr3,savgol,60,regen-v2,637c6b535a9e,unknown,greenhouse-regen:v1,3,43.582213745581534,5.218874650359387,0.0,3.052830750437612,,True,39.6
ladder,physics/d1/sr3/kalman,2,physics,1,sr3,kalman,60,regen-v2,637c6b535a9e,unknown,greenhouse-regen:v1,3,41.07567155256167,13.346645150816771,0.0,3.0696452307773345,,True,39.4
ladder,physics/d1/constrained/none,2,physics,1,constrained,none,60,regen-v2,637c6b535a9e,unknown,greenhouse-regen:v1,15,56.41328014909656,565.5530883908109,0.8833333333333333,2.349436532750482,,True,10.7
ladder,physics/d1/constrained/savgol,2,physics,1,constrained,savgol,60,regen-v2,637c6b535a9e,unknown,greenhouse-regen:v1,3,43.582213745581534,5.218874650359387,0.0,3.052830750437612,,True,39.4
ladder,physics/d1/constrained/kalman,2,physics,1,constrained,kalman,60,regen-v2,637c6b535a9e,unknown,greenhouse-regen:v1,3,41.07567155256167,13.346645150816771,0.0,3.0696452307773345,,True,40.4
ladder,physics/d1/ensemble/none,2,physics,1,ensemble,none,60,regen-v2,637c6b535a9e,unknown,greenhouse-regen:v1,36,56.41328014909656,35.24084026066761,0.75,1.7151732188996291,,True,15.5
ladder,physics/d1/ensemble/savgol,2,physics,1,ensemble,savgol,60,regen-v2,637c6b535a9e,unknown,greenhouse-regen:v1,3,43.582213745581534,5.49315045412894,0.0,3.061119145766882,,True,39.7
ladder,physics/d1/ensemble/kalman,2,physics,1,ensemble,kalman,60,regen-v2,637c6b535a9e,unknown,greenhouse-regen:v1,3,41.07567155256167,5.743952794460609,0.0,3.063161210220048,,True,39.9
ladder,physics/d2/stlsq/none,2,physics,2,stlsq,none,60,regen-v2,637c6b535a9e,unknown,greenhouse-regen:v1,228,56.41328014909656,98.04311138621377,0.1833333333333333,0.949056896961576,,False,284.7
ladder,physics/d2/stlsq/savgol,2,physics,2,stlsq,savgol,60,regen-v2,637c6b535a9e,unknown,greenhouse-regen:v1,7,43.582213745581534,5.486740457043219,0.0,3.06103993557784,,False,330.7
ladder,physics/d2/stlsq/kalman,2,physics,2,stlsq,kalman,60,regen-v2,637c6b535a9e,unknown,greenhouse-regen:v1,3,41.07567155256167,5.808775270710373,0.0,3.063496500840245,,False,332.7
ladder,physics/d2/sr3/none,2,physics,2,sr3,none,60,regen-v2,637c6b535a9e,unknown,greenhouse-regen:v1,140,56.41328014909656,18646.984361907933,0.9,5.372430301867526,,False,63.5
ladder,physics/d2/sr3/savgol,2,physics,2,sr3,savgol,60,regen-v2,637c6b535a9e,unknown,greenhouse-regen:v1,3,43.582213745581534,5.363499454374035,0.0,3.058932468375604,,False,330.6
ladder,physics/d2/sr3/kalman,2,physics,2,sr3,kalman,60,regen-v2,637c6b535a9e,unknown,greenhouse-regen:v1,3,41.07567155256167,8.253421376044718,0.0,3.0674793564660687,,False,333.9
ladder,physics/d2/constrained/none,2,physics,2,constrained,none,60,regen-v2,637c6b535a9e,unknown,greenhouse-regen:v1,140,56.41328014909656,18646.984361907933,0.9,5.372430301867526,,False,63.1
ladder,physics/d2/constrained/savgol,2,physics,2,constrained,savgol,60,regen-v2,637c6b535a9e,unknown,greenhouse-regen:v1,3,43.582213745581534,5.363499454374035,0.0,3.058932468375604,,False,329.1
ladder,physics/d2/constrained/kalman,2,physics,2,constrained,kalman,60,regen-v2,637c6b535a9e,unknown,greenhouse-regen:v1,3,41.07567155256167,8.253421376044718,0.0,3.0674793564660687,,False,334.0
ladder,physics/d2/ensemble/none,2,physics,2,ensemble,none,60,regen-v2,637c6b535a9e,unknown,greenhouse-regen:v1,236,56.41328014909656,2683.618066356273,1.0,12.487061145850554,,False,25.2
ladder,physics/d2/ensemble/savgol,2,physics,2,ensemble,savgol,60,regen-v2,637c6b535a9e,unknown,greenhouse-regen:v1,9,43.582213745581534,5.479693445804106,0.0,3.0609503308459014,,False,340.7
ladder,physics/d2/ensemble/kalman,2,physics,2,ensemble,kalman,60,regen-v2,637c6b535a9e,unknown,greenhouse-regen:v1,3,41.07567155256167,5.815427219618489,0.0,3.063528299208436,,False,339.5
ladder,physics_no_cross/d1/stlsq/none,2,physics_no_cross,1,stlsq,none,60,regen-v2,637c6b535a9e,unknown,greenhouse-regen:v1,27,25.94302005918864,16.21184224487382,0.25,1.7202159389289378,,True,26.8
ladder,physics_no_cross/d1/stlsq/savgol,2,physics_no_cross,1,stlsq,savgol,60,regen-v2,637c6b535a9e,unknown,greenhouse-regen:v1,3,14.49682549917715,5.486740457043219,0.0,3.06103993557784,,True,34.4
ladder,physics_no_cross/d1/stlsq/kalman,2,physics_no_cross,1,stlsq,kalman,60,regen-v2,637c6b535a9e,unknown,greenhouse-regen:v1,3,14.299367017585782,5.808775270710373,0.0,3.063496500840245,,True,35.0
ladder,physics_no_cross/d1/sr3/none,2,physics_no_cross,1,sr3,none,60,regen-v2,637c6b535a9e,unknown,greenhouse-regen:v1,10,25.94302005918864,10.213447756116828,0.1,2.2430818442283704,,True,32.9
ladder,physics_no_cross/d1/sr3/savgol,2,physics_no_cross,1,sr3,savgol,60,regen-v2,637c6b535a9e,unknown,greenhouse-regen:v1,3,14.49682549917715,5.225844009642665,0.0,3.053338351233078,,True,34.8
ladder,physics_no_cross/d1/sr3/kalman,2,physics_no_cross,1,sr3,kalman,60,regen-v2,637c6b535a9e,unknown,greenhouse-regen:v1,3,14.299367017585782,10.84873121336705,0.0,3.068832221956364,,True,35.2
ladder,physics_no_cross/d1/constrained/none,2,physics_no_cross,1,constrained,none,60,regen-v2,637c6b535a9e,unknown,greenhouse-regen:v1,10,25.94302005918864,10.213447756116828,0.1,2.2430818442283704,,True,31.7
ladder,physics_no_cross/d1/constrained/savgol,2,physics_no_cross,1,constrained,savgol,60,regen-v2,637c6b535a9e,unknown,greenhouse-regen:v1,3,14.49682549917715,5.225844009642665,0.0,3.053338351233078,,True,34.7
ladder,physics_no_cross/d1/constrained/kalman,2,physics_no_cross,1,constrained,kalman,60,regen-v2,637c6b535a9e,unknown,greenhouse-regen:v1,3,14.299367017585782,10.84873121336705,0.0,3.068832221956364,,True,34.5
ladder,physics_no_cross/d1/ensemble/none,2,physics_no_cross,1,ensemble,none,60,regen-v2,637c6b535a9e,unknown,greenhouse-regen:v1,28,25.94302005918864,15.022052850863718,0.25,1.7207442821988863,,True,27.1
ladder,physics_no_cross/d1/ensemble/savgol,2,physics_no_cross,1,ensemble,savgol,60,regen-v2,637c6b535a9e,unknown,greenhouse-regen:v1,3,14.49682549917715,5.50577311863497,0.0,3.0612691074947422,,True,34.1
ladder,physics_no_cross/d1/ensemble/kalman,2,physics_no_cross,1,ensemble,kalman,60,regen-v2,637c6b535a9e,unknown,greenhouse-regen:v1,3,14.299367017585782,5.7806810600399405,0.0,3.063357107761824,,True,35.0
ladder,physics_no_cross/d2/stlsq/none,2,physics_no_cross,2,stlsq,none,60,regen-v2,637c6b535a9e,unknown,greenhouse-regen:v1,134,25.94302005918864,38.53479544344798,0.25,1.0340763301718332,,False,185.6
ladder,physics_no_cross/d2/stlsq/savgol,2,physics_no_cross,2,stlsq,savgol,60,regen-v2,637c6b535a9e,unknown,greenhouse-regen:v1,3,14.49682549917715,5.486740457043219,0.0,3.06103993557784,,False,227.5
ladder,physics_no_cross/d2/stlsq/kalman,2,physics_no_cross,2,stlsq,kalman,60,regen-v2,637c6b535a9e,unknown,greenhouse-regen:v1,3,14.299367017585782,5.808775270710373,0.0,3.063496500840245,,False,230.2
ladder,physics_no_cross/d2/sr3/none,2,physics_no_cross,2,sr3,none,60,regen-v2,637c6b535a9e,unknown,greenhouse-regen:v1,51,25.94302005918864,152.28688838103812,0.5,4.02181668968716,,False,133.9
ladder,physics_no_cross/d2/sr3/savgol,2,physics_no_cross,2,sr3,savgol,60,regen-v2,637c6b535a9e,unknown,greenhouse-regen:v1,3,14.49682549917715,5.222298279904939,0.0,3.0530848367901133,,False,226.0
ladder,physics_no_cross/d2/sr3/kalman,2,physics_no_cross,2,sr3,kalman,60,regen-v2,637c6b535a9e,unknown,greenhouse-regen:v1,3,14.299367017585782,7.02523137807396,0.0,3.0663199027041204,,False,229.2
ladder,physics_no_cross/d2/constrained/none,2,physics_no_cross,2,constrained,none,60,regen-v2,637c6b535a9e,unknown,greenhouse-regen:v1,51,25.94302005918864,152.28688838103812,0.5,4.02181668968716,,False,136.0
ladder,physics_no_cross/d2/constrained/savgol,2,physics_no_cross,2,constrained,savgol,60,regen-v2,637c6b535a9e,unknown,greenhouse-regen:v1,3,14.49682549917715,5.222298279904939,0.0,3.0530848367901133,,False,229.3
ladder,physics_no_cross/d2/constrained/kalman,2,physics_no_cross,2,constrained,kalman,60,regen-v2,637c6b535a9e,unknown,greenhouse-regen:v1,3,14.299367017585782,7.02523137807396,0.0,3.0663199027041204,,False,225.4
ladder,physics_no_cross/d2/ensemble/none,2,physics_no_cross,2,ensemble,none,60,regen-v2,637c6b535a9e,unknown,greenhouse-regen:v1,101,25.94302005918864,290.87553069270285,0.65,3.975555327651924,,False,86.9
ladder,physics_no_cross/d2/ensemble/savgol,2,physics_no_cross,2,ensemble,savgol,60,regen-v2,637c6b535a9e,unknown,greenhouse-regen:v1,3,14.49682549917715,5.47746113592927,0.0,3.060921374819923,,False,230.7
ladder,physics_no_cross/d2/ensemble/kalman,2,physics_no_cross,2,ensemble,kalman,60,regen-v2,637c6b535a9e,unknown,greenhouse-regen:v1,3,14.299367017585782,5.829347981570558,0.0,3.0635934405976464,,False,230.9
ladder,raw/d1/stlsq/none,3,raw,1,stlsq,none,60,regen-v2,637c6b535a9e,unknown,greenhouse-regen:v1,21,8.041057857006875,2.6203418784979293,0.0,1.8130926401078504,,True,31.7
ladder,raw/d1/stlsq/savgol,3,raw,1,stlsq,savgol,60,regen-v2,637c6b535a9e,unknown,greenhouse-regen:v1,3,9.22598380415825,5.546093766341487,0.0,2.944852449337011,,True,30.2
ladder,raw/d1/stlsq/kalman,3,raw,1,stlsq,kalman,60,regen-v2,637c6b535a9e,unknown,greenhouse-regen:v1,3,8.385382298446002,5.958877620330443,0.0,2.9473260096501246,,True,30.2
ladder,raw/d1/sr3/none,3,raw,1,sr3,none,60,regen-v2,637c6b535a9e,unknown,greenhouse-regen:v1,6,8.041057857006875,4.455021343128145,0.0,2.283353375748704,,True,30.3
ladder,raw/d1/sr3/savgol,3,raw,1,sr3,savgol,60,regen-v2,637c6b535a9e,unknown,greenhouse-regen:v1,3,9.22598380415825,5.202401674089277,0.0,2.9354540194827727,,True,29.6
ladder,raw/d1/sr3/kalman,3,raw,1,sr3,kalman,60,regen-v2,637c6b535a9e,unknown,greenhouse-regen:v1,3,8.385382298446002,7.285323248851024,0.0,2.94980880227568,,True,30.5
ladder,raw/d1/constrained/none,3,raw,1,constrained,none,60,regen-v2,637c6b535a9e,unknown,greenhouse-regen:v1,6,8.041057857006875,4.455021343128145,0.0,2.283353375748704,,True,30.1
ladder,raw/d1/constrained/savgol,3,raw,1,constrained,savgol,60,regen-v2,637c6b535a9e,unknown,greenhouse-regen:v1,3,9.22598380415825,5.202401674089277,0.0,2.9354540194827727,,True,30.3
ladder,raw/d1/constrained/kalman,3,raw,1,constrained,kalman,60,regen-v2,637c6b535a9e,unknown,greenhouse-regen:v1,3,8.385382298446002,7.285323248851024,0.0,2.94980880227568,,True,30.2
ladder,raw/d1/ensemble/none,3,raw,1,ensemble,none,60,regen-v2,637c6b535a9e,unknown,greenhouse-regen:v1,21,8.041057857006875,2.6429638898004333,0.0,1.814027240686708,,True,30.8
ladder,raw/d1/ensemble/savgol,3,raw,1,ensemble,savgol,60,regen-v2,637c6b535a9e,unknown,greenhouse-regen:v1,3,9.22598380415825,5.567022564071712,0.0,2.945058122998339,,True,30.2
ladder,raw/d1/ensemble/kalman,3,raw,1,ensemble,kalman,60,regen-v2,637c6b535a9e,unknown,greenhouse-regen:v1,3,8.385382298446002,6.003969058964726,0.0,2.947485130688108,,True,31.4
ladder,raw/d2/stlsq/none,3,raw,2,stlsq,none,60,regen-v2,637c6b535a9e,unknown,greenhouse-regen:v1,51,8.041057857006875,6.150811794882525,0.0833333333333333,1.089103665502854,,False,154.0
ladder,raw/d2/stlsq/savgol,3,raw,2,stlsq,savgol,60,regen-v2,637c6b535a9e,unknown,greenhouse-regen:v1,3,9.22598380415825,5.546093766341487,0.0,2.944852449337011,,False,169.5
ladder,raw/d2/stlsq/kalman,3,raw,2,stlsq,kalman,60,regen-v2,637c6b535a9e,unknown,greenhouse-regen:v1,3,8.385382298446002,5.958877620330443,0.0,2.9473260096501246,,False,168.5
ladder,raw/d2/sr3/none,3,raw,2,sr3,none,60,regen-v2,637c6b535a9e,unknown,greenhouse-regen:v1,7,8.041057857006875,4.795935976977774,0.0,2.27563721100286,,False,168.2
ladder,raw/d2/sr3/savgol,3,raw,2,sr3,savgol,60,regen-v2,637c6b535a9e,unknown,greenhouse-regen:v1,3,9.22598380415825,5.133838291982619,0.0,2.9281777731576537,,False,167.0
ladder,raw/d2/sr3/kalman,3,raw,2,sr3,kalman,60,regen-v2,637c6b535a9e,unknown,greenhouse-regen:v1,3,8.385382298446002,5.37934925160965,0.0,2.942401524043241,,False,166.8
ladder,raw/d2/constrained/none,3,raw,2,constrained,none,60,regen-v2,637c6b535a9e,unknown,greenhouse-regen:v1,7,8.041057857006875,4.795935976977774,0.0,2.27563721100286,,False,167.1
ladder,raw/d2/constrained/savgol,3,raw,2,constrained,savgol,60,regen-v2,637c6b535a9e,unknown,greenhouse-regen:v1,3,9.22598380415825,5.133838291982619,0.0,2.9281777731576537,,False,165.9
ladder,raw/d2/constrained/kalman,3,raw,2,constrained,kalman,60,regen-v2,637c6b535a9e,unknown,greenhouse-regen:v1,3,8.385382298446002,5.37934925160965,0.0,2.942401524043241,,False,167.6
ladder,raw/d2/ensemble/none,3,raw,2,ensemble,none,60,regen-v2,637c6b535a9e,unknown,greenhouse-regen:v1,50,8.041057857006875,11.484370443167952,0.1333333333333333,1.0893016207687134,,False,147.1
ladder,raw/d2/ensemble/savgol,3,raw,2,ensemble,savgol,60,regen-v2,637c6b535a9e,unknown,greenhouse-regen:v1,3,9.22598380415825,5.559489565113602,0.0,2.9449858362836023,,False,165.3
ladder,raw/d2/ensemble/kalman,3,raw,2,ensemble,kalman,60,regen-v2,637c6b535a9e,unknown,greenhouse-regen:v1,3,8.385382298446002,5.9682038627516585,0.0,2.947359912055177,,False,168.9
ladder,physics/d1/stlsq/none,3,physics,1,stlsq,none,60,regen-v2,637c6b535a9e,unknown,greenhouse-regen:v1,34,53.52049003402705,28.11834761185219,0.5833333333333334,1.6531663367277762,,True,18.8
ladder,physics/d1/stlsq/savgol,3,physics,1,stlsq,savgol,60,regen-v2,637c6b535a9e,unknown,greenhouse-regen:v1,3,44.77535008896595,5.546093766341487,0.0,2.944852449337011,,True,39.3
ladder,physics/d1/stlsq/kalman,3,physics,1,stlsq,kalman,60,regen-v2,637c6b535a9e,unknown,greenhouse-regen:v1,3,43.11060741197443,5.958877620330443,0.0,2.9473260096501246,,True,40.4
ladder,physics/d1/sr3/none,3,physics,1,sr3,none,60,regen-v2,637c6b535a9e,unknown,greenhouse-regen:v1,18,53.52049003402705,1798.6353007314583,0.7166666666666667,2.373542372083945,,True,18.9
ladder,physics/d1/sr3/savgol,3,physics,1,sr3,savgol,60,regen-v2,637c6b535a9e,unknown,greenhouse-regen:v1,3,44.77535008896595,5.1910935270474985,0.0,2.934599329361919,,True,40.8
ladder,physics/d1/sr3/kalman,3,physics,1,sr3,kalman,60,regen-v2,637c6b535a9e,unknown,greenhouse-regen:v1,3,43.11060741197443,46.83981727881599,0.0,2.956470510822304,,True,40.3
ladder,physics/d1/constrained/none,3,physics,1,constrained,none,60,regen-v2,637c6b535a9e,unknown,greenhouse-regen:v1,18,53.52049003402705,1798.6353007314583,0.7166666666666667,2.373542372083945,,True,18.8
ladder,physics/d1/constrained/savgol,3,physics,1,constrained,savgol,60,regen-v2,637c6b535a9e,unknown,greenhouse-regen:v1,3,44.77535008896595,5.1910935270474985,0.0,2.934599329361919,,True,40.2
ladder,physics/d1/constrained/kalman,3,physics,1,constrained,kalman,60,regen-v2,637c6b535a9e,unknown,greenhouse-regen:v1,3,43.11060741197443,46.83981727881599,0.0,2.956470510822304,,True,40.1
ladder,physics/d1/ensemble/none,3,physics,1,ensemble,none,60,regen-v2,637c6b535a9e,unknown,greenhouse-regen:v1,34,53.52049003402705,23.926902767034857,0.45,1.6538962906605048,,True,23.9
ladder,physics/d1/ensemble/savgol,3,physics,1,ensemble,savgol,60,regen-v2,637c6b535a9e,unknown,greenhouse-regen:v1,3,44.77535008896595,5.561324575991904,0.0,2.945003620387028,,True,39.7
ladder,physics/d1/ensemble/kalman,3,physics,1,ensemble,kalman,60,regen-v2,637c6b535a9e,unknown,greenhouse-regen:v1,3,43.11060741197443,6.032603032224869,0.0,2.947580291525815,,True,40.5
ladder,physics/d2/stlsq/none,3,physics,2,stlsq,none,60,regen-v2,637c6b535a9e,unknown,greenhouse-regen:v1,259,53.52049003402705,565.4048586910045,0.2833333333333333,0.9932230133195868,,False,264.6
ladder,physics/d2/stlsq/savgol,3,physics,2,stlsq,savgol,60,regen-v2,637c6b535a9e,unknown,greenhouse-regen:v1,7,44.77535008896595,5.546093766341487,0.0,2.944852449337011,,False,335.8
ladder,physics/d2/stlsq/kalman,3,physics,2,stlsq,kalman,60,regen-v2,637c6b535a9e,unknown,greenhouse-regen:v1,3,43.11060741197443,5.958877620330443,0.0,2.9473260096501246,,False,337.1
ladder,physics/d2/sr3/none,3,physics,2,sr3,none,60,regen-v2,637c6b535a9e,unknown,greenhouse-regen:v1,119,53.52049003402705,1166.1696551322043,1.0,4.130021248943882,,False,24.0
ladder,physics/d2/sr3/savgol,3,physics,2,sr3,savgol,60,regen-v2,637c6b535a9e,unknown,greenhouse-regen:v1,3,44.77535008896595,5.288112295676818,0.0,2.9398483100159334,,False,337.5
ladder,physics/d2/sr3/kalman,3,physics,2,sr3,kalman,60,regen-v2,637c6b535a9e,unknown,greenhouse-regen:v1,3,43.11060741197443,18.44879616469582,0.0,2.9538105774788512,,False,340.4
ladder,physics/d2/constrained/none,3,physics,2,constrained,none,60,regen-v2,637c6b535a9e,unknown,greenhouse-regen:v1,119,53.52049003402705,1166.1696551322043,1.0,4.130021248943882,,False,23.9
ladder,physics/d2/constrained/savgol,3,physics,2,constrained,savgol,60,regen-v2,637c6b535a9e,unknown,greenhouse-regen:v1,3,44.77535008896595,5.288112295676818,0.0,2.9398483100159334,,False,339.6
ladder,physics/d2/constrained/kalman,3,physics,2,constrained,kalman,60,regen-v2,637c6b535a9e,unknown,greenhouse-regen:v1,3,43.11060741197443,18.44879616469582,0.0,2.9538105774788512,,False,343.1
ladder,physics/d2/ensemble/none,3,physics,2,ensemble,none,60,regen-v2,637c6b535a9e,unknown,greenhouse-regen:v1,260,53.52049003402705,2015.2636394332144,1.0,4.881622806164111,,False,19.3
ladder,physics/d2/ensemble/savgol,3,physics,2,ensemble,savgol,60,regen-v2,637c6b535a9e,unknown,greenhouse-regen:v1,11,44.77535008896595,5.435385535200635,0.0333333333333333,2.9445905291897683,,False,331.9
ladder,physics/d2/ensemble/kalman,3,physics,2,ensemble,kalman,60,regen-v2,637c6b535a9e,unknown,greenhouse-regen:v1,3,43.11060741197443,5.943707336369998,0.0,2.947269687833873,,False,347.0
ladder,physics_no_cross/d1/stlsq/none,3,physics_no_cross,1,stlsq,none,60,regen-v2,637c6b535a9e,unknown,greenhouse-regen:v1,31,24.56697618137173,8.764079745049054,0.1166666666666666,1.7216386641466848,,True,32.0
ladder,physics_no_cross/d1/stlsq/savgol,3,physics_no_cross,1,stlsq,savgol,60,regen-v2,637c6b535a9e,unknown,greenhouse-regen:v1,3,14.112659858115492,5.546093766341487,0.0,2.944852449337011,,True,35.1
ladder,physics_no_cross/d1/stlsq/kalman,3,physics_no_cross,1,stlsq,kalman,60,regen-v2,637c6b535a9e,unknown,greenhouse-regen:v1,3,14.120580290931697,5.958877620330443,0.0,2.9473260096501246,,True,36.0
ladder,physics_no_cross/d1/sr3/none,3,physics_no_cross,1,sr3,none,60,regen-v2,637c6b535a9e,unknown,greenhouse-regen:v1,9,24.56697618137173,4.017758076734415,0.0,2.652899519039479,,True,34.3
ladder,physics_no_cross/d1/sr3/savgol,3,physics_no_cross,1,sr3,savgol,60,regen-v2,637c6b535a9e,unknown,greenhouse-regen:v1,3,14.112659858115492,5.234119167576902,0.0,2.937434373962576,,True,35.2
ladder,physics_no_cross/d1/sr3/kalman,3,physics_no_cross,1,sr3,kalman,60,regen-v2,637c6b535a9e,unknown,greenhouse-regen:v1,3,14.120580290931697,18.883549349049225,0.0,2.9538828295276205,,True,35.5
ladder,physics_no_cross/d1/constrained/none,3,physics_no_cross,1,constrained,none,60,regen-v2,637c6b535a9e,unknown,greenhouse-regen:v1,9,24.56697618137173,4.017758076734415,0.0,2.652899519039479,,True,35.0
ladder,physics_no_cross/d1/constrained/savgol,3,physics_no_cross,1,constrained,savgol,60,regen-v2,637c6b535a9e,unknown,greenhouse-regen:v1,3,14.112659858115492,5.234119167576902,0.0,2.937434373962576,,True,34.5
ladder,physics_no_cross/d1/constrained/kalman,3,physics_no_cross,1,constrained,kalman,60,regen-v2,637c6b535a9e,unknown,greenhouse-regen:v1,3,14.120580290931697,18.883549349049225,0.0,2.9538828295276205,,True,34.8
ladder,physics_no_cross/d1/ensemble/none,3,physics_no_cross,1,ensemble,none,60,regen-v2,637c6b535a9e,unknown,greenhouse-regen:v1,32,24.56697618137173,8.975434689031465,0.1166666666666666,1.7217768117584964,,True,31.2
ladder,physics_no_cross/d1/ensemble/savgol,3,physics_no_cross,1,ensemble,savgol,60,regen-v2,637c6b535a9e,unknown,greenhouse-regen:v1,3,14.112659858115492,5.5318379771742245,0.0,2.9447032132176787,,True,35.7
ladder,physics_no_cross/d1/ensemble/kalman,3,physics_no_cross,1,ensemble,kalman,60,regen-v2,637c6b535a9e,unknown,greenhouse-regen:v1,3,14.120580290931697,5.821178128868229,0.0,2.946751718928159,,True,35.8
ladder,physics_no_cross/d2/stlsq/none,3,physics_no_cross,2,stlsq,none,60,regen-v2,637c6b535a9e,unknown,greenhouse-regen:v1,112,24.56697618137173,57.94851633328414,0.2833333333333333,1.0426289826011128,,False,183.7
ladder,physics_no_cross/d2/stlsq/savgol,3,physics_no_cross,2,stlsq,savgol,60,regen-v2,637c6b535a9e,unknown,greenhouse-regen:v1,3,14.112659858115492,5.546093766341487,0.0,2.944852449337011,,False,240.2
ladder,physics_no_cross/d2/stlsq/kalman,3,physics_no_cross,2,stlsq,kalman,60,regen-v2,637c6b535a9e,unknown,greenhouse-regen:v1,3,14.120580290931697,5.958877620330443,0.0,2.9473260096501246,,False,236.2
ladder,physics_no_cross/d2/sr3/none,3,physics_no_cross,2,sr3,none,60,regen-v2,637c6b535a9e,unknown,greenhouse-regen:v1,42,24.56697618137173,151.68537605456223,0.2666666666666666,3.174413107028024,,False,192.2
ladder,physics_no_cross/d2/sr3/savgol,3,physics_no_cross,2,sr3,savgol,60,regen-v2,637c6b535a9e,unknown,greenhouse-regen:v1,3,14.112659858115492,5.187938580722277,0.0,2.934343613734224,,False,233.6
ladder,physics_no_cross/d2/sr3/kalman,3,physics_no_cross,2,sr3,kalman,60,regen-v2,637c6b535a9e,unknown,greenhouse-regen:v1,3,14.120580290931697,10.021195554949443,0.0,2.951616955978296,,False,240.1
ladder,physics_no_cross/d2/constrained/none,3,physics_no_cross,2,constrained,none,60,regen-v2,637c6b535a9e,unknown,greenhouse-regen:v1,42,24.56697618137173,151.68537605456223,0.2666666666666666,3.174413107028024,,False,196.1
ladder,physics_no_cross/d2/constrained/savgol,3,physics_no_cross,2,constrained,savgol,60,regen-v2,637c6b535a9e,unknown,greenhouse-regen:v1,3,14.112659858115492,5.187938580722277,0.0,2.934343613734224,,False,236.6
ladder,physics_no_cross/d2/constrained/kalman,3,physics_no_cross,2,constrained,kalman,60,regen-v2,637c6b535a9e,unknown,greenhouse-regen:v1,3,14.120580290931697,10.021195554949443,0.0,2.951616955978296,,False,239.4
ladder,physics_no_cross/d2/ensemble/none,3,physics_no_cross,2,ensemble,none,60,regen-v2,637c6b535a9e,unknown,greenhouse-regen:v1,103,24.56697618137173,56.09275103631353,0.3333333333333333,1.3042453762985196,,False,188.8
ladder,physics_no_cross/d2/ensemble/savgol,3,physics_no_cross,2,ensemble,savgol,60,regen-v2,637c6b535a9e,unknown,greenhouse-regen:v1,3,14.112659858115492,5.552949295229174,0.0,2.944921507521894,,False,245.0
ladder,physics_no_cross/d2/ensemble/kalman,3,physics_no_cross,2,ensemble,kalman,60,regen-v2,637c6b535a9e,unknown,greenhouse-regen:v1,3,14.120580290931697,6.010325688022034,0.0,2.947506630708404,,False,245.0
ladder,raw/d1/stlsq/none,4,raw,1,stlsq,none,60,regen-v2,637c6b535a9e,unknown,greenhouse-regen:v1,19,7.911667281783021,2.7390158750182634,0.0,1.8986999081637417,,True,31.9
ladder,raw/d1/stlsq/savgol,4,raw,1,stlsq,savgol,60,regen-v2,637c6b535a9e,unknown,greenhouse-regen:v1,3,8.905949823410506,5.712511360775106,0.0,3.0831185373486587,,True,30.4
ladder,raw/d1/stlsq/kalman,4,raw,1,stlsq,kalman,60,regen-v2,637c6b535a9e,unknown,greenhouse-regen:v1,3,8.031532506332667,6.201704644708319,0.0,3.0857983759065286,,True,30.8
ladder,raw/d1/sr3/none,4,raw,1,sr3,none,60,regen-v2,637c6b535a9e,unknown,greenhouse-regen:v1,6,7.911667281783021,4.405831380391069,0.0,2.39112441242187,,True,31.0
ladder,raw/d1/sr3/savgol,4,raw,1,sr3,savgol,60,regen-v2,637c6b535a9e,unknown,greenhouse-regen:v1,3,8.905949823410506,5.270919157264441,0.0,3.0618748624126444,,True,30.5
ladder,raw/d1/sr3/kalman,4,raw,1,sr3,kalman,60,regen-v2,637c6b535a9e,unknown,greenhouse-regen:v1,3,8.031532506332667,5.652253187038488,0.0,3.0824697617744192,,True,31.5
ladder,raw/d1/constrained/none,4,raw,1,constrained,none,60,regen-v2,637c6b535a9e,unknown,greenhouse-regen:v1,6,7.911667281783021,4.405831380391069,0.0,2.39112441242187,,True,31.0
ladder,raw/d1/constrained/savgol,4,raw,1,constrained,savgol,60,regen-v2,637c6b535a9e,unknown,greenhouse-regen:v1,3,8.905949823410506,5.270919157264441,0.0,3.0618748624126444,,True,30.4
ladder,raw/d1/constrained/kalman,4,raw,1,constrained,kalman,60,regen-v2,637c6b535a9e,unknown,greenhouse-regen:v1,3,8.031532506332667,5.652253187038488,0.0,3.0824697617744192,,True,31.1
ladder,raw/d1/ensemble/none,4,raw,1,ensemble,none,60,regen-v2,637c6b535a9e,unknown,greenhouse-regen:v1,20,7.911667281783021,2.7468844737360025,0.0,1.8988372095309825,,True,30.6
ladder,raw/d1/ensemble/savgol,4,raw,1,ensemble,savgol,60,regen-v2,637c6b535a9e,unknown,greenhouse-regen:v1,3,8.905949823410506,5.698835673467529,0.0,3.082983195437008,,True,30.3
ladder,raw/d1/ensemble/kalman,4,raw,1,ensemble,kalman,60,regen-v2,637c6b535a9e,unknown,greenhouse-regen:v1,3,8.031532506332667,6.160082142143676,0.0,3.085657899993359,,True,31.2
ladder,raw/d2/stlsq/none,4,raw,2,stlsq,none,60,regen-v2,637c6b535a9e,unknown,greenhouse-regen:v1,50,7.911667281783021,4.71975560629264,0.1,1.1124203867833835,,False,158.7
ladder,raw/d2/stlsq/savgol,4,raw,2,stlsq,savgol,60,regen-v2,637c6b535a9e,unknown,greenhouse-regen:v1,3,8.905949823410506,5.712511360775106,0.0,3.0831185373486587,,False,169.4
ladder,raw/d2/stlsq/kalman,4,raw,2,stlsq,kalman,60,regen-v2,637c6b535a9e,unknown,greenhouse-regen:v1,3,8.031532506332667,6.201704644708319,0.0,3.0857983759065286,,False,171.0
ladder,raw/d2/sr3/none,4,raw,2,sr3,none,60,regen-v2,637c6b535a9e,unknown,greenhouse-regen:v1,7,7.911667281783021,4.657819253946124,0.0,2.404080532584281,,False,170.6
ladder,raw/d2/sr3/savgol,4,raw,2,sr3,savgol,60,regen-v2,637c6b535a9e,unknown,greenhouse-regen:v1,3,8.905949823410506,5.273388710666245,0.0,3.0625287597214523,,False,171.7
ladder,raw/d2/sr3/kalman,4,raw,2,sr3,kalman,60,regen-v2,637c6b535a9e,unknown,greenhouse-regen:v1,3,8.031532506332667,5.52872131692879,0.0,3.0805003115696548,,False,170.8
ladder,raw/d2/constrained/none,4,raw,2,constrained,none,60,regen-v2,637c6b535a9e,unknown,greenhouse-regen:v1,7,7.911667281783021,4.657819253946124,0.0,2.404080532584281,,False,172.5
ladder,raw/d2/constrained/savgol,4,raw,2,constrained,savgol,60,regen-v2,637c6b535a9e,unknown,greenhouse-regen:v1,3,8.905949823410506,5.273388710666245,0.0,3.0625287597214523,,False,169.7
ladder,raw/d2/constrained/kalman,4,raw,2,constrained,kalman,60,regen-v2,637c6b535a9e,unknown,greenhouse-regen:v1,3,8.031532506332667,5.52872131692879,0.0,3.0805003115696548,,False,171.2
ladder,raw/d2/ensemble/none,4,raw,2,ensemble,none,60,regen-v2,637c6b535a9e,unknown,greenhouse-regen:v1,49,7.911667281783021,2.813595415322387,0.0666666666666666,1.1129583544884991,,False,163.5
ladder,raw/d2/ensemble/savgol,4,raw,2,ensemble,savgol,60,regen-v2,637c6b535a9e,unknown,greenhouse-regen:v1,3,8.905949823410506,5.714701956195473,0.0,3.083139634194957,,False,169.0
ladder,raw/d2/ensemble/kalman,4,raw,2,ensemble,kalman,60,regen-v2,637c6b535a9e,unknown,greenhouse-regen:v1,3,8.031532506332667,6.132528973917401,0.0,3.085559791643956,,False,173.0
ladder,physics/d1/stlsq/none,4,physics,1,stlsq,none,60,regen-v2,637c6b535a9e,unknown,greenhouse-regen:v1,35,53.90000220289066,36.9648196981878,0.7,1.6822986467677774,,True,14.8
ladder,physics/d1/stlsq/savgol,4,physics,1,stlsq,savgol,60,regen-v2,637c6b535a9e,unknown,greenhouse-regen:v1,3,42.77146946480078,5.712511360775106,0.0,3.0831185373486587,,True,40.6
ladder,physics/d1/stlsq/kalman,4,physics,1,stlsq,kalman,60,regen-v2,637c6b535a9e,unknown,greenhouse-regen:v1,3,40.464612932006,6.201704644708319,0.0,3.0857983759065286,,True,41.1
ladder,physics/d1/sr3/none,4,physics,1,sr3,none,60,regen-v2,637c6b535a9e,unknown,greenhouse-regen:v1,16,53.90000220289066,479.5644451004889,0.9666666666666668,2.080740918390789,,True,7.8
ladder,physics/d1/sr3/savgol,4,physics,1,sr3,savgol,60,regen-v2,637c6b535a9e,unknown,greenhouse-regen:v1,3,42.77146946480078,5.2879975375002495,0.0,3.065736274948547,,True,40.7
ladder,physics/d1/sr3/kalman,4,physics,1,sr3,kalman,60,regen-v2,637c6b535a9e,unknown,greenhouse-regen:v1,3,40.464612932006,29.458534152041537,0.0,3.0937124654746118,,True,41.4
ladder,physics/d1/constrained/none,4,physics,1,constrained,none,60,regen-v2,637c6b535a9e,unknown,greenhouse-regen:v1,16,53.90000220289066,479.5644451004889,0.9666666666666668,2.080740918390789,,True,7.6
ladder,physics/d1/constrained/savgol,4,physics,1,constrained,savgol,60,regen-v2,637c6b535a9e,unknown,greenhouse-regen:v1,3,42.77146946480078,5.2879975375002495,0.0,3.065736274948547,,True,40.5
ladder,physics/d1/constrained/kalman,4,physics,1,constrained,kalman,60,regen-v2,637c6b535a9e,unknown,greenhouse-regen:v1,3,40.464612932006,29.458534152041537,0.0,3.0937124654746118,,True,41.1
ladder,physics/d1/ensemble/none,4,physics,1,ensemble,none,60,regen-v2,637c6b535a9e,unknown,greenhouse-regen:v1,36,53.90000220289066,36.92778209290647,0.6833333333333333,1.6825127098040402,,True,15.4
ladder,physics/d1/ensemble/savgol,4,physics,1,ensemble,savgol,60,regen-v2,637c6b535a9e,unknown,greenhouse-regen:v1,3,42.77146946480078,5.781696412023422,0.0,3.083717869414538,,True,40.7
ladder,physics/d1/ensemble/kalman,4,physics,1,ensemble,kalman,60,regen-v2,637c6b535a9e,unknown,greenhouse-regen:v1,3,40.464612932006,6.119742465104646,0.0,3.085512764236482,,True,41.2
ladder,physics/d2/stlsq/none,4,physics,2,stlsq,none,60,regen-v2,637c6b535a9e,unknown,greenhouse-regen:v1,224,53.90000220289066,357.9378018846394,0.2166666666666666,0.98047724990259,,False,280.8
ladder,physics/d2/stlsq/savgol,4,physics,2,stlsq,savgol,60,regen-v2,637c6b535a9e,unknown,greenhouse-regen:v1,20,42.77146946480078,5.712511360775106,0.0,3.0831185373486587,,False,349.9
ladder,physics/d2/stlsq/kalman,4,physics,2,stlsq,kalman,60,regen-v2,637c6b535a9e,unknown,greenhouse-regen:v1,3,40.464612932006,6.201704644708319,0.0,3.0857983759065286,,False,345.3
ladder,physics/d2/sr3/none,4,physics,2,sr3,none,60,regen-v2,637c6b535a9e,unknown,greenhouse-regen:v1,144,53.90000220289066,242.17950793656496,0.9833333333333332,3.677182100004223,,False,36.1
ladder,physics/d2/sr3/savgol,4,physics,2,sr3,savgol,60,regen-v2,637c6b535a9e,unknown,greenhouse-regen:v1,3,42.77146946480078,5.657738911796039,0.0,3.0825342606957267,,False,349.5
ladder,physics/d2/sr3/kalman,4,physics,2,sr3,kalman,60,regen-v2,637c6b535a9e,unknown,greenhouse-regen:v1,3,40.464612932006,21.53228803098593,0.0,3.0927506741277013,,False,344.7
ladder,physics/d2/constrained/none,4,physics,2,constrained,none,60,regen-v2,637c6b535a9e,unknown,greenhouse-regen:v1,144,53.90000220289066,242.17950793656496,0.9833333333333332,3.677182100004223,,False,36.0
ladder,physics/d2/constrained/savgol,4,physics,2,constrained,savgol,60,regen-v2,637c6b535a9e,unknown,greenhouse-regen:v1,3,42.77146946480078,5.657738911796039,0.0,3.0825342606957267,,False,347.2
ladder,physics/d2/constrained/kalman,4,physics,2,constrained,kalman,60,regen-v2,637c6b535a9e,unknown,greenhouse-regen:v1,3,40.464612932006,21.53228803098593,0.0,3.0927506741277013,,False,345.5
ladder,physics/d2/ensemble/none,4,physics,2,ensemble,none,60,regen-v2,637c6b535a9e,unknown,greenhouse-regen:v1,216,53.90000220289066,1206.0874197159326,1.0,6.117405650741106,,False,40.5
ladder,physics/d2/ensemble/savgol,4,physics,2,ensemble,savgol,60,regen-v2,637c6b535a9e,unknown,greenhouse-regen:v1,10,42.77146946480078,5.572212040994004,0.05,3.082166214023188,,False,341.2
ladder,physics/d2/ensemble/kalman,4,physics,2,ensemble,kalman,60,regen-v2,637c6b535a9e,unknown,greenhouse-regen:v1,3,40.464612932006,6.313317207459602,0.0,3.086136073029965,,False,358.3
ladder,physics_no_cross/d1/stlsq/none,4,physics_no_cross,1,stlsq,none,60,regen-v2,637c6b535a9e,unknown,greenhouse-regen:v1,28,24.685867692926635,18.506831481847048,0.35,1.7582482305031175,,True,23.3
ladder,physics_no_cross/d1/stlsq/savgol,4,physics_no_cross,1,stlsq,savgol,60,regen-v2,637c6b535a9e,unknown,greenhouse-regen:v1,3,14.540500898574926,5.712511360775106,0.0,3.0831185373486587,,True,35.3
ladder,physics_no_cross/d1/stlsq/kalman,4,physics_no_cross,1,stlsq,kalman,60,regen-v2,637c6b535a9e,unknown,greenhouse-regen:v1,3,14.6263155530193,6.201704644708319,0.0,3.0857983759065286,,True,36.4
ladder,physics_no_cross/d1/sr3/none,4,physics_no_cross,1,sr3,none,60,regen-v2,637c6b535a9e,unknown,greenhouse-regen:v1,9,24.685867692926635,7.491419260420661,0.0333333333333333,2.756203033922563,,True,35.2
ladder,physics_no_cross/d1/sr3/savgol,4,physics_no_cross,1,sr3,savgol,60,regen-v2,637c6b535a9e,unknown,greenhouse-regen:v1,3,14.540500898574926,5.2883699298810125,0.0,3.0658061141949533,,True,36.3
ladder,physics_no_cross/d1/sr3/kalman,4,physics_no_cross,1,sr3,kalman,60,regen-v2,637c6b535a9e,unknown,greenhouse-regen:v1,3,14.6263155530193,9.324272941599176,0.0,3.0895362280013208,,True,36.3
ladder,physics_no_cross/d1/constrained/none,4,physics_no_cross,1,constrained,none,60,regen-v2,637c6b535a9e,unknown,greenhouse-regen:v1,9,24.685867692926635,7.491419260420661,0.0333333333333333,2.756203033922563,,True,35.1
ladder,physics_no_cross/d1/constrained/savgol,4,physics_no_cross,1,constrained,savgol,60,regen-v2,637c6b535a9e,unknown,greenhouse-regen:v1,3,14.540500898574926,5.2883699298810125,0.0,3.0658061141949533,,True,35.7
ladder,physics_no_cross/d1/constrained/kalman,4,physics_no_cross,1,constrained,kalman,60,regen-v2,637c6b535a9e,unknown,greenhouse-regen:v1,3,14.6263155530193,9.324272941599176,0.0,3.0895362280013208,,True,36.2
ladder,physics_no_cross/d1/ensemble/none,4,physics_no_cross,1,ensemble,none,60,regen-v2,637c6b535a9e,unknown,greenhouse-regen:v1,28,24.685867692926635,19.38287571361529,0.3666666666666666,1.7592617457637478,,True,23.5
ladder,physics_no_cross/d1/ensemble/savgol,4,physics_no_cross,1,ensemble,savgol,60,regen-v2,637c6b535a9e,unknown,greenhouse-regen:v1,3,14.540500898574926,5.650800223813685,0.0,3.082451394272819,,True,35.5
ladder,physics_no_cross/d1/ensemble/kalman,4,physics_no_cross,1,ensemble,kalman,60,regen-v2,637c6b535a9e,unknown,greenhouse-regen:v1,3,14.6263155530193,6.191188275462818,0.0,3.085763713208681,,True,36.2
ladder,physics_no_cross/d2/stlsq/none,4,physics_no_cross,2,stlsq,none,60,regen-v2,637c6b535a9e,unknown,greenhouse-regen:v1,93,24.685867692926635,10582.944209549636,0.4333333333333333,1.0371634235379703,,False,153.4
ladder,physics_no_cross/d2/stlsq/savgol,4,physics_no_cross,2,stlsq,savgol,60,regen-v2,637c6b535a9e,unknown,greenhouse-regen:v1,3,14.540500898574926,5.712511360775106,0.0,3.0831185373486587,,False,237.7
ladder,physics_no_cross/d2/stlsq/kalman,4,physics_no_cross,2,stlsq,kalman,60,regen-v2,637c6b535a9e,unknown,greenhouse-regen:v1,3,14.6263155530193,6.201704644708319,0.0,3.0857983759065286,,False,238.1
ladder,physics_no_cross/d2/sr3/none,4,physics_no_cross,2,sr3,none,60,regen-v2,637c6b535a9e,unknown,greenhouse-regen:v1,42,24.685867692926635,3533.7818357674887,0.3333333333333333,3.162670301962752,,False,164.1
ladder,physics_no_cross/d2/sr3/savgol,4,physics_no_cross,2,sr3,savgol,60,regen-v2,637c6b535a9e,unknown,greenhouse-regen:v1,3,14.540500898574926,5.402087832498896,0.0,3.076431307237172,,False,236.2
ladder,physics_no_cross/d2/sr3/kalman,4,physics_no_cross,2,sr3,kalman,60,regen-v2,637c6b535a9e,unknown,greenhouse-regen:v1,3,14.6263155530193,12.01898470195305,0.0,3.090699168044351,,False,237.1
ladder,physics_no_cross/d2/constrained/none,4,physics_no_cross,2,constrained,none,60,regen-v2,637c6b535a9e,unknown,greenhouse-regen:v1,42,24.685867692926635,3533.7818357674887,0.3333333333333333,3.162670301962752,,False,166.1
ladder,physics_no_cross/d2/constrained/savgol,4,physics_no_cross,2,constrained,savgol,60,regen-v2,637c6b535a9e,unknown,greenhouse-regen:v1,3,14.540500898574926,5.402087832498896,0.0,3.076431307237172,,False,237.9
ladder,physics_no_cross/d2/constrained/kalman,4,physics_no_cross,2,constrained,kalman,60,regen-v2,637c6b535a9e,unknown,greenhouse-regen:v1,3,14.6263155530193,12.01898470195305,0.0,3.090699168044351,,False,239.4
ladder,physics_no_cross/d2/ensemble/none,4,physics_no_cross,2,ensemble,none,60,regen-v2,637c6b535a9e,unknown,greenhouse-regen:v1,94,24.685867692926635,1373.332739133043,0.9166666666666666,2.749266185269997,,False,47.6
ladder,physics_no_cross/d2/ensemble/savgol,4,physics_no_cross,2,ensemble,savgol,60,regen-v2,637c6b535a9e,unknown,greenhouse-regen:v1,3,14.540500898574926,5.714665841443257,0.0,3.083139287651893,,False,238.8
ladder,physics_no_cross/d2/ensemble/kalman,4,physics_no_cross,2,ensemble,kalman,60,regen-v2,637c6b535a9e,unknown,greenhouse-regen:v1,3,14.6263155530193,6.224425354682744,0.0,3.0858714598746357,,False,241.6
ladder,raw/d1/stlsq/none,5,raw,1,stlsq,none,60,regen-v2,637c6b535a9e,unknown,greenhouse-regen:v1,20,8.39542710909688,2.659606639078678,0.0,1.819464872075245,,True,30.8
ladder,raw/d1/stlsq/savgol,5,raw,1,stlsq,savgol,60,regen-v2,637c6b535a9e,unknown,greenhouse-regen:v1,3,9.66646922518492,5.278252997218561,0.0,2.9340551904009238,,True,30.0
ladder,raw/d1/stlsq/kalman,5,raw,1,stlsq,kalman,60,regen-v2,637c6b535a9e,unknown,greenhouse-regen:v1,3,8.506157768609054,5.673744301553417,0.0,2.9365010392727746,,True,30.8
ladder,raw/d1/sr3/none,5,raw,1,sr3,none,60,regen-v2,637c6b535a9e,unknown,greenhouse-regen:v1,6,8.39542710909688,3.929007419956096,0.0,2.2649202543273894,,True,30.8
ladder,raw/d1/sr3/savgol,5,raw,1,sr3,savgol,60,regen-v2,637c6b535a9e,unknown,greenhouse-regen:v1,3,9.66646922518492,4.910292179299547,0.0,2.921842383563587,,True,29.7
ladder,raw/d1/sr3/kalman,5,raw,1,sr3,kalman,60,regen-v2,637c6b535a9e,unknown,greenhouse-regen:v1,3,8.506157768609054,9.659094042800104,0.0,2.940917424583237,,True,30.6
ladder,raw/d1/constrained/none,5,raw,1,constrained,none,60,regen-v2,637c6b535a9e,unknown,greenhouse-regen:v1,6,8.39542710909688,3.929007419956096,0.0,2.2649202543273894,,True,30.2
ladder,raw/d1/constrained/savgol,5,raw,1,constrained,savgol,60,regen-v2,637c6b535a9e,unknown,greenhouse-regen:v1,3,9.66646922518492,4.910292179299547,0.0,2.921842383563587,,True,29.8
ladder,raw/d1/constrained/kalman,5,raw,1,constrained,kalman,60,regen-v2,637c6b535a9e,unknown,greenhouse-regen:v1,3,8.506157768609054,9.659094042800104,0.0,2.940917424583237,,True,30.5
ladder,raw/d1/ensemble/none,5,raw,1,ensemble,none,60,regen-v2,637c6b535a9e,unknown,greenhouse-regen:v1,20,8.39542710909688,2.663183431489116,0.0,1.8195806619563992,,True,30.4
ladder,raw/d1/ensemble/savgol,5,raw,1,ensemble,savgol,60,regen-v2,637c6b535a9e,unknown,greenhouse-regen:v1,3,9.66646922518492,5.241150873904725,0.0,2.9336445831411533,,True,29.6
ladder,raw/d1/ensemble/kalman,5,raw,1,ensemble,kalman,60,regen-v2,637c6b535a9e,unknown,greenhouse-regen:v1,3,8.506157768609054,5.662520500074781,0.0,2.9364573788377206,,True,30.6
ladder,raw/d2/stlsq/none,5,raw,2,stlsq,none,60,regen-v2,637c6b535a9e,unknown,greenhouse-regen:v1,47,8.39542710909688,1.9930508000518736,0.0,1.0908498209393396,,False,165.9
ladder,raw/d2/stlsq/savgol,5,raw,2,stlsq,savgol,60,regen-v2,637c6b535a9e,unknown,greenhouse-regen:v1,3,9.66646922518492,5.278252997218561,0.0,2.9340551904009238,,False,163.9
ladder,raw/d2/stlsq/kalman,5,raw,2,stlsq,kalman,60,regen-v2,637c6b535a9e,unknown,greenhouse-regen:v1,3,8.506157768609054,5.673744301553417,0.0,2.9365010392727746,,False,167.2
ladder,raw/d2/sr3/none,5,raw,2,sr3,none,60,regen-v2,637c6b535a9e,unknown,greenhouse-regen:v1,7,8.39542710909688,4.742630800469765,0.0,2.394471665227878,,False,164.2
ladder,raw/d2/sr3/savgol,5,raw,2,sr3,savgol,60,regen-v2,637c6b535a9e,unknown,greenhouse-regen:v1,3,9.66646922518492,4.889847191219185,0.0,2.9193631691669863,,False,166.8
ladder,raw/d2/sr3/kalman,5,raw,2,sr3,kalman,60,regen-v2,637c6b535a9e,unknown,greenhouse-regen:v1,3,8.506157768609054,5.150855933370652,0.0,2.932337366574336,,False,169.5
ladder,raw/d2/constrained/none,5,raw,2,constrained,none,60,regen-v2,637c6b535a9e,unknown,greenhouse-regen:v1,7,8.39542710909688,4.742630800469765,0.0,2.394471665227878,,False,167.8
ladder,raw/d2/constrained/savgol,5,raw,2,constrained,savgol,60,regen-v2,637c6b535a9e,unknown,greenhouse-regen:v1,3,9.66646922518492,4.889847191219185,0.0,2.9193631691669863,,False,165.6
ladder,raw/d2/constrained/kalman,5,raw,2,constrained,kalman,60,regen-v2,637c6b535a9e,unknown,greenhouse-regen:v1,3,8.506157768609054,5.150855933370652,0.0,2.932337366574336,,False,167.3
ladder,raw/d2/ensemble/none,5,raw,2,ensemble,none,60,regen-v2,637c6b535a9e,unknown,greenhouse-regen:v1,47,8.39542710909688,2.940071475144977,0.1166666666666666,1.110234898230149,,False,150.9
ladder,raw/d2/ensemble/savgol,5,raw,2,ensemble,savgol,60,regen-v2,637c6b535a9e,unknown,greenhouse-regen:v1,3,9.66646922518492,5.323690393186844,0.0,2.9344888186554363,,False,165.9
ladder,raw/d2/ensemble/kalman,5,raw,2,ensemble,kalman,60,regen-v2,637c6b535a9e,unknown,greenhouse-regen:v1,3,8.506157768609054,5.619974823829902,0.0,2.936283632431572,,False,172.6
ladder,physics/d1/stlsq/none,5,physics,1,stlsq,none,60,regen-v2,637c6b535a9e,unknown,greenhouse-regen:v1,35,58.34234017929237,29.50179642329232,0.5,1.6627776092790003,,True,19.8
ladder,physics/d1/stlsq/savgol,5,physics,1,stlsq,savgol,60,regen-v2,637c6b535a9e,unknown,greenhouse-regen:v1,3,46.57426785919824,5.278252997218561,0.0,2.9340551904009238,,True,39.6
ladder,physics/d1/stlsq/kalman,5,physics,1,stlsq,kalman,60,regen-v2,637c6b535a9e,unknown,greenhouse-regen:v1,3,44.30260914096276,5.673744301553417,0.0,2.9365010392727746,,True,40.1
ladder,physics/d1/sr3/none,5,physics,1,sr3,none,60,regen-v2,637c6b535a9e,unknown,greenhouse-regen:v1,16,58.34234017929237,684.4022865280933,0.7,2.3291985907631614,,True,15.6
ladder,physics/d1/sr3/savgol,5,physics,1,sr3,savgol,60,regen-v2,637c6b535a9e,unknown,greenhouse-regen:v1,3,46.57426785919824,4.890267974457633,0.0,2.919421251532522,,True,39.3
ladder,physics/d1/sr3/kalman,5,physics,1,sr3,kalman,60,regen-v2,637c6b535a9e,unknown,greenhouse-regen:v1,3,44.30260914096276,27.594373701129072,0.0,2.944427281351913,,True,40.5
ladder,physics/d1/constrained/none,5,physics,1,constrained,none,60,regen-v2,637c6b535a9e,unknown,greenhouse-regen:v1,16,58.34234017929237,684.4022865280933,0.7,2.3291985907631614,,True,15.7
ladder,physics/d1/constrained/savgol,5,physics,1,constrained,savgol,60,regen-v2,637c6b535a9e,unknown,greenhouse-regen:v1,3,46.57426785919824,4.890267974457633,0.0,2.919421251532522,,True,40.3
ladder,physics/d1/constrained/kalman,5,physics,1,constrained,kalman,60,regen-v2,637c6b535a9e,unknown,greenhouse-regen:v1,3,44.30260914096276,27.594373701129072,0.0,2.944427281351913,,True,40.9
ladder,physics/d1/ensemble/none,5,physics,1,ensemble,none,60,regen-v2,637c6b535a9e,unknown,greenhouse-regen:v1,37,58.34234017929237,29.30494248613258,0.4833333333333333,1.664003631610122,,True,19.6
ladder,physics/d1/ensemble/savgol,5,physics,1,ensemble,savgol,60,regen-v2,637c6b535a9e,unknown,greenhouse-regen:v1,3,46.57426785919824,5.281012885310748,0.0,2.9340835326025423,,True,40.1
ladder,physics/d1/ensemble/kalman,5,physics,1,ensemble,kalman,60,regen-v2,637c6b535a9e,unknown,greenhouse-regen:v1,3,44.30260914096276,5.65696407383678,0.0,2.9364354419128738,,True,40.3
ladder,physics/d2/stlsq/none,5,physics,2,stlsq,none,60,regen-v2,637c6b535a9e,unknown,greenhouse-regen:v1,233,58.34234017929237,393.0979502484978,0.1833333333333333,0.9451128773738126,,False,287.1
ladder,physics/d2/stlsq/savgol,5,physics,2,stlsq,savgol,60,regen-v2,637c6b535a9e,unknown,greenhouse-regen:v1,7,46.57426785919824,5.278252997218561,0.0,2.9340551904009238,,False,340.0
ladder,physics/d2/stlsq/kalman,5,physics,2,stlsq,kalman,60,regen-v2,637c6b535a9e,unknown,greenhouse-regen:v1,3,44.30260914096276,5.673744301553417,0.0,2.9365010392727746,,False,333.8
ladder,physics/d2/sr3/none,5,physics,2,sr3,none,60,regen-v2,637c6b535a9e,unknown,greenhouse-regen:v1,139,58.34234017929237,791.9297825706967,0.7166666666666667,4.204583285539362,,False,99.8
ladder,physics/d2/sr3/savgol,5,physics,2,sr3,savgol,60,regen-v2,637c6b535a9e,unknown,greenhouse-regen:v1,3,46.57426785919824,4.864717394198348,0.0,2.9151324110431864,,False,337.2
ladder,physics/d2/sr3/kalman,5,physics,2,sr3,kalman,60,regen-v2,637c6b535a9e,unknown,greenhouse-regen:v1,3,44.30260914096276,6.381305601138279,0.0,2.938254710431535,,False,339.6
ladder,physics/d2/constrained/none,5,physics,2,constrained,none,60,regen-v2,637c6b535a9e,unknown,greenhouse-regen:v1,139,58.34234017929237,791.9297825706967,0.7166666666666667,4.204583285539362,,False,100.3
ladder,physics/d2/constrained/savgol,5,physics,2,constrained,savgol,60,regen-v2,637c6b535a9e,unknown,greenhouse-regen:v1,3,46.57426785919824,4.864717394198348,0.0,2.9151324110431864,,False,337.6
ladder,physics/d2/constrained/kalman,5,physics,2,constrained,kalman,60,regen-v2,637c6b535a9e,unknown,greenhouse-regen:v1,3,44.30260914096276,6.381305601138279,0.0,2.938254710431535,,False,339.5
ladder,physics/d2/ensemble/none,5,physics,2,ensemble,none,60,regen-v2,637c6b535a9e,unknown,greenhouse-regen:v1,238,58.34234017929237,9267.453455280454,1.0,6.8629510943387455,,False,20.9
ladder,physics/d2/ensemble/savgol,5,physics,2,ensemble,savgol,60,regen-v2,637c6b535a9e,unknown,greenhouse-regen:v1,3,46.57426785919824,5.157210926875803,0.0,2.9324473548559986,,False,349.0
ladder,physics/d2/ensemble/kalman,5,physics,2,ensemble,kalman,60,regen-v2,637c6b535a9e,unknown,greenhouse-regen:v1,3,44.30260914096276,5.739200000528366,0.0,2.936739716497076,,False,349.0
ladder,physics_no_cross/d1/stlsq/none,5,physics_no_cross,1,stlsq,none,60,regen-v2,637c6b535a9e,unknown,greenhouse-regen:v1,27,24.75774584225521,19.28363886475317,0.3666666666666666,1.7308575916598066,,True,23.9
ladder,physics_no_cross/d1/stlsq/savgol,5,physics_no_cross,1,stlsq,savgol,60,regen-v2,637c6b535a9e,unknown,greenhouse-regen:v1,3,14.680579026316872,5.278252997218561,0.0,2.9340551904009238,,True,35.0
ladder,physics_no_cross/d1/stlsq/kalman,5,physics_no_cross,1,stlsq,kalman,60,regen-v2,637c6b535a9e,unknown,greenhouse-regen:v1,3,14.107966072909688,5.673744301553417,0.0,2.9365010392727746,,True,35.2
ladder,physics_no_cross/d1/sr3/none,5,physics_no_cross,1,sr3,none,60,regen-v2,637c6b535a9e,unknown,greenhouse-regen:v1,10,24.75774584225521,9.266032898028948,0.05,2.239770034489193,,True,33.7
ladder,physics_no_cross/d1/sr3/savgol,5,physics_no_cross,1,sr3,savgol,60,regen-v2,637c6b535a9e,unknown,greenhouse-regen:v1,3,14.680579026316872,4.893925115423807,0.0,2.9199121181112506,,True,35.5
ladder,physics_no_cross/d1/sr3/kalman,5,physics_no_cross,1,sr3,kalman,60,regen-v2,637c6b535a9e,unknown,greenhouse-regen:v1,3,14.107966072909688,16.67966530498284,0.0,2.9429209574108826,,True,35.1
ladder,physics_no_cross/d1/constrained/none,5,physics_no_cross,1,constrained,none,60,regen-v2,637c6b535a9e,unknown,greenhouse-regen:v1,10,24.75774584225521,9.266032898028948,0.05,2.239770034489193,,True,33.2
ladder,physics_no_cross/d1/constrained/savgol,5,physics_no_cross,1,constrained,savgol,60,regen-v2,637c6b535a9e,unknown,greenhouse-regen:v1,3,14.680579026316872,4.893925115423807,0.0,2.9199121181112506,,True,34.4
ladder,physics_no_cross/d1/constrained/kalman,5,physics_no_cross,1,constrained,kalman,60,regen-v2,637c6b535a9e,unknown,greenhouse-regen:v1,3,14.107966072909688,16.67966530498284,0.0,2.9429209574108826,,True,34.5
ladder,physics_no_cross/d1/ensemble/none,5,physics_no_cross,1,ensemble,none,60,regen-v2,637c6b535a9e,unknown,greenhouse-regen:v1,28,24.75774584225521,19.021366311824757,0.3666666666666666,1.7223592409496626,,True,22.9
ladder,physics_no_cross/d1/ensemble/savgol,5,physics_no_cross,1,ensemble,savgol,60,regen-v2,637c6b535a9e,unknown,greenhouse-regen:v1,3,14.680579026316872,5.290593377017606,0.0,2.934179778104082,,True,35.1
ladder,physics_no_cross/d1/ensemble/kalman,5,physics_no_cross,1,ensemble,kalman,60,regen-v2,637c6b535a9e,unknown,greenhouse-regen:v1,3,14.107966072909688,5.667026789807751,0.0,2.9364750118184,,True,35.3
ladder,physics_no_cross/d2/stlsq/none,5,physics_no_cross,2,stlsq,none,60,regen-v2,637c6b535a9e,unknown,greenhouse-regen:v1,118,24.75774584225521,4.78805498902387,0.2333333333333333,1.0352197524039672,,False,176.1
ladder,physics_no_cross/d2/stlsq/savgol,5,physics_no_cross,2,stlsq,savgol,60,regen-v2,637c6b535a9e,unknown,greenhouse-regen:v1,3,14.680579026316872,5.278252997218561,0.0,2.9340551904009238,,False,233.7
ladder,physics_no_cross/d2/stlsq/kalman,5,physics_no_cross,2,stlsq,kalman,60,regen-v2,637c6b535a9e,unknown,greenhouse-regen:v1,3,14.107966072909688,5.673744301553417,0.0,2.9365010392727746,,False,236.8
ladder,physics_no_cross/d2/sr3/none,5,physics_no_cross,2,sr3,none,60,regen-v2,637c6b535a9e,unknown,greenhouse-regen:v1,39,24.75774584225521,575.6120198528774,0.85,4.927331280122716,,False,44.7
ladder,physics_no_cross/d2/sr3/savgol,5,physics_no_cross,2,sr3,savgol,60,regen-v2,637c6b535a9e,unknown,greenhouse-regen:v1,3,14.680579026316872,4.856500019544158,0.0,2.91331095086992,,False,232.2
ladder,physics_no_cross/d2/sr3/kalman,5,physics_no_cross,2,sr3,kalman,60,regen-v2,637c6b535a9e,unknown,greenhouse-regen:v1,3,14.107966072909688,5.878558096021501,0.0,2.9371741034509933,,False,236.3
ladder,physics_no_cross/d2/constrained/none,5,physics_no_cross,2,constrained,none,60,regen-v2,637c6b535a9e,unknown,greenhouse-regen:v1,39,24.75774584225521,575.6120198528774,0.85,4.927331280122716,,False,45.5
ladder,physics_no_cross/d2/constrained/savgol,5,physics_no_cross,2,constrained,savgol,60,regen-v2,637c6b535a9e,unknown,greenhouse-regen:v1,3,14.680579026316872,4.856500019544158,0.0,2.91331095086992,,False,232.0
ladder,physics_no_cross/d2/constrained/kalman,5,physics_no_cross,2,constrained,kalman,60,regen-v2,637c6b535a9e,unknown,greenhouse-regen:v1,3,14.107966072909688,5.878558096021501,0.0,2.9371741034509933,,False,236.6
ladder,physics_no_cross/d2/ensemble/none,5,physics_no_cross,2,ensemble,none,60,regen-v2,637c6b535a9e,unknown,greenhouse-regen:v1,118,24.75774584225521,484.9741580524432,1.0,3.067082758843698,,False,15.4
ladder,physics_no_cross/d2/ensemble/savgol,5,physics_no_cross,2,ensemble,savgol,60,regen-v2,637c6b535a9e,unknown,greenhouse-regen:v1,3,14.680579026316872,5.270986973480797,0.0,2.933979202812994,,False,234.8
ladder,physics_no_cross/d2/ensemble/kalman,5,physics_no_cross,2,ensemble,kalman,60,regen-v2,637c6b535a9e,unknown,greenhouse-regen:v1,3,14.107966072909688,5.6466700724017045,0.0,2.9363942197663917,,False,239.3
ladder,raw/d1/stlsq/none,6,raw,1,stlsq,none,60,regen-v2,637c6b535a9e,unknown,greenhouse-regen:v1,21,7.875251868873608,2.6461767181899063,0.0,1.80195442344795,,True,29.1
ladder,raw/d1/stlsq/savgol,6,raw,1,stlsq,savgol,60,regen-v2,637c6b535a9e,unknown,greenhouse-regen:v1,3,8.851040375446768,5.4942197536019615,0.0,3.084732521967652,,True,28.3
ladder,raw/d1/stlsq/kalman,6,raw,1,stlsq,kalman,60,regen-v2,637c6b535a9e,unknown,greenhouse-regen:v1,3,8.259448662453375,5.887375516797877,0.0,3.0876457706648788,,True,28.9
ladder,raw/d1/sr3/none,6,raw,1,sr3,none,60,regen-v2,637c6b535a9e,unknown,greenhouse-regen:v1,6,7.875251868873608,4.444283721744808,0.0,2.37470039524342,,True,28.3
ladder,raw/d1/sr3/savgol,6,raw,1,sr3,savgol,60,regen-v2,637c6b535a9e,unknown,greenhouse-regen:v1,3,8.851040375446768,5.244322248860112,0.0,3.070474494775243,,True,28.2
ladder,raw/d1/sr3/kalman,6,raw,1,sr3,kalman,60,regen-v2,637c6b535a9e,unknown,greenhouse-regen:v1,3,8.259448662453375,6.179832300842066,0.0,3.0885631145261736,,True,29.1
ladder,raw/d1/constrained/none,6,raw,1,constrained,none,60,regen-v2,637c6b535a9e,unknown,greenhouse-regen:v1,6,7.875251868873608,4.444283721744808,0.0,2.37470039524342,,True,28.2
ladder,raw/d1/constrained/savgol,6,raw,1,constrained,savgol,60,regen-v2,637c6b535a9e,unknown,greenhouse-regen:v1,3,8.851040375446768,5.244322248860112,0.0,3.070474494775243,,True,27.8
ladder,raw/d1/constrained/kalman,6,raw,1,constrained,kalman,60,regen-v2,637c6b535a9e,unknown,greenhouse-regen:v1,3,8.259448662453375,6.179832300842066,0.0,3.0885631145261736,,True,28.5
ladder,raw/d1/ensemble/none,6,raw,1,ensemble,none,60,regen-v2,637c6b535a9e,unknown,greenhouse-regen:v1,21,7.875251868873608,2.6454041414687057,0.0,1.8019624172922173,,True,28.5
ladder,raw/d1/ensemble/savgol,6,raw,1,ensemble,savgol,60,regen-v2,637c6b535a9e,unknown,greenhouse-regen:v1,3,8.851040375446768,5.463798831802518,0.0,3.084228287853785,,True,28.9
ladder,raw/d1/ensemble/kalman,6,raw,1,ensemble,kalman,60,regen-v2,637c6b535a9e,unknown,greenhouse-regen:v1,3,8.259448662453375,5.8464178616066125,0.0,3.0874748713860845,,True,29.1
ladder,raw/d2/stlsq/none,6,raw,2,stlsq,none,60,regen-v2,637c6b535a9e,unknown,greenhouse-regen:v1,43,7.875251868873608,2.986385848048903,0.0666666666666666,1.1635125274684868,,False,147.4
ladder,raw/d2/stlsq/savgol,6,raw,2,stlsq,savgol,60,regen-v2,637c6b535a9e,unknown,greenhouse-regen:v1,3,8.851040375446768,5.4942197536019615,0.0,3.084732521967652,,False,158.0
ladder,raw/d2/stlsq/kalman,6,raw,2,stlsq,kalman,60,regen-v2,637c6b535a9e,unknown,greenhouse-regen:v1,3,8.259448662453375,5.887375516797877,0.0,3.0876457706648788,,False,159.8
ladder,raw/d2/sr3/none,6,raw,2,sr3,none,60,regen-v2,637c6b535a9e,unknown,greenhouse-regen:v1,7,7.875251868873608,4.66468852133244,0.0,2.351285109734379,,False,158.1
ladder,raw/d2/sr3/savgol,6,raw,2,sr3,savgol,60,regen-v2,637c6b535a9e,unknown,greenhouse-regen:v1,3,8.851040375446768,5.214319615448373,0.0,3.063441190469109,,False,157.4
ladder,raw/d2/sr3/kalman,6,raw,2,sr3,kalman,60,regen-v2,637c6b535a9e,unknown,greenhouse-regen:v1,3,8.259448662453375,5.413915288736121,0.0,3.0831316666377657,,False,159.4
ladder,raw/d2/constrained/none,6,raw,2,constrained,none,60,regen-v2,637c6b535a9e,unknown,greenhouse-regen:v1,7,7.875251868873608,4.66468852133244,0.0,2.351285109734379,,False,158.1
ladder,raw/d2/constrained/savgol,6,raw,2,constrained,savgol,60,regen-v2,637c6b535a9e,unknown,greenhouse-regen:v1,3,8.851040375446768,5.214319615448373,0.0,3.063441190469109,,False,159.2
ladder,raw/d2/constrained/kalman,6,raw,2,constrained,kalman,60,regen-v2,637c6b535a9e,unknown,greenhouse-regen:v1,3,8.259448662453375,5.413915288736121,0.0,3.0831316666377657,,False,159.4
ladder,raw/d2/ensemble/none,6,raw,2,ensemble,none,60,regen-v2,637c6b535a9e,unknown,greenhouse-regen:v1,45,7.875251868873608,2.7798048346341733,0.0833333333333333,1.1310383726155295,,False,147.9
ladder,raw/d2/ensemble/savgol,6,raw,2,ensemble,savgol,60,regen-v2,637c6b535a9e,unknown,greenhouse-regen:v1,3,8.851040375446768,5.466965702121712,0.0,3.0842855004484147,,False,158.7
ladder,raw/d2/ensemble/kalman,6,raw,2,ensemble,kalman,60,regen-v2,637c6b535a9e,unknown,greenhouse-regen:v1,3,8.259448662453375,5.8893202992641145,0.0,3.0876535315680456,,False,160.0
ladder,physics/d1/stlsq/none,6,physics,1,stlsq,none,60,regen-v2,637c6b535a9e,unknown,greenhouse-regen:v1,35,50.49227233580616,21.179258085408545,0.45,1.6440135119375667,,True,24.0
ladder,physics/d1/stlsq/savgol,6,physics,1,stlsq,savgol,60,regen-v2,637c6b535a9e,unknown,greenhouse-regen:v1,3,41.94677223408943,5.4942197536019615,0.0,3.084732521967652,,True,37.2
ladder,physics/d1/stlsq/kalman,6,physics,1,stlsq,kalman,60,regen-v2,637c6b535a9e,unknown,greenhouse-regen:v1,3,40.22923335077364,5.887375516797877,0.0,3.0876457706648788,,True,38.2
ladder,physics/d1/sr3/none,6,physics,1,sr3,none,60,regen-v2,637c6b535a9e,unknown,greenhouse-regen:v1,17,50.49227233580616,1046.6135894922884,0.6166666666666667,2.2055421674417013,,True,17.8
ladder,physics/d1/sr3/savgol,6,physics,1,sr3,savgol,60,regen-v2,637c6b535a9e,unknown,greenhouse-regen:v1,3,41.94677223408943,5.31819875825458,0.0,3.078938266220669,,True,37.6
ladder,physics/d1/sr3/kalman,6,physics,1,sr3,kalman,60,regen-v2,637c6b535a9e,unknown,greenhouse-regen:v1,3,40.22923335077364,75.59590111200252,0.0333333333333333,3.0985838012081928,,True,38.0
ladder,physics/d1/constrained/none,6,physics,1,constrained,none,60,regen-v2,637c6b535a9e,unknown,greenhouse-regen:v1,17,50.49227233580616,1046.6135894922884,0.6166666666666667,2.2055421674417013,,True,18.1
ladder,physics/d1/constrained/savgol,6,physics,1,constrained,savgol,60,regen-v2,637c6b535a9e,unknown,greenhouse-regen:v1,3,41.94677223408943,5.31819875825458,0.0,3.078938266220669,,True,38.2
ladder,physics/d1/constrained/kalman,6,physics,1,constrained,kalman,60,regen-v2,637c6b535a9e,unknown,greenhouse-regen:v1,3,40.22923335077364,75.59590111200252,0.0333333333333333,3.0985838012081928,,True,38.5
ladder,physics/d1/ensemble/none,6,physics,1,ensemble,none,60,regen-v2,637c6b535a9e,unknown,greenhouse-regen:v1,35,50.49227233580616,20.769816444340773,0.5,1.6465018489000536,,True,22.5
ladder,physics/d1/ensemble/savgol,6,physics,1,ensemble,savgol,60,regen-v2,637c6b535a9e,unknown,greenhouse-regen:v1,3,41.94677223408943,5.484003240252592,0.0,3.084573807925464,,True,38.0
ladder,physics/d1/ensemble/kalman,6,physics,1,ensemble,kalman,60,regen-v2,637c6b535a9e,unknown,greenhouse-regen:v1,3,40.22923335077364,5.935380545380855,0.0,3.087828973051705,,True,38.3
ladder,physics/d2/stlsq/none,6,physics,2,stlsq,none,60,regen-v2,637c6b535a9e,unknown,greenhouse-regen:v1,242,50.49227233580616,492.6385645056928,0.3166666666666666,1.0163522818949962,,False,247.7
ladder,physics/d2/stlsq/savgol,6,physics,2,stlsq,savgol,60,regen-v2,637c6b535a9e,unknown,greenhouse-regen:v1,17,41.94677223408943,5.45740615443125,0.0166666666666666,3.084732521967652,,False,313.3
ladder,physics/d2/stlsq/kalman,6,physics,2,stlsq,kalman,60,regen-v2,637c6b535a9e,unknown,greenhouse-regen:v1,3,40.22923335077364,5.887375516797877,0.0,3.0876457706648788,,False,320.3
ladder,physics/d2/sr3/none,6,physics,2,sr3,none,60,regen-v2,637c6b535a9e,unknown,greenhouse-regen:v1,120,50.49227233580616,303.5726802612637,1.0,6.128431695779173,,False,19.8
ladder,physics/d2/sr3/savgol,6,physics,2,sr3,savgol,60,regen-v2,637c6b535a9e,unknown,greenhouse-regen:v1,3,41.94677223408943,5.27801020570815,0.0,3.075319273410493,,False,319.8
ladder,physics/d2/sr3/kalman,6,physics,2,sr3,kalman,60,regen-v2,637c6b535a9e,unknown,greenhouse-regen:v1,3,40.22923335077364,10.464565333361518,0.0,3.092251766754476,,False,323.8
ladder,physics/d2/constrained/none,6,physics,2,constrained,none,60,regen-v2,637c6b535a9e,unknown,greenhouse-regen:v1,120,50.49227233580616,303.5726802612637,1.0,6.128431695779173,,False,20.0
ladder,physics/d2/constrained/savgol,6,physics,2,constrained,savgol,60,regen-v2,637c6b535a9e,unknown,greenhouse-regen:v1,3,41.94677223408943,5.27801020570815,0.0,3.075319273410493,,False,324.1
ladder,physics/d2/constrained/kalman,6,physics,2,constrained,kalman,60,regen-v2,637c6b535a9e,unknown,greenhouse-regen:v1,3,40.22923335077364,10.464565333361518,0.0,3.092251766754476,,False,323.1
ladder,physics/d2/ensemble/none,6,physics,2,ensemble,none,60,regen-v2,637c6b535a9e,unknown,greenhouse-regen:v1,249,50.49227233580616,1027.594749279899,1.0,10.948728841745448,,False,18.8
ladder,physics/d2/ensemble/savgol,6,physics,2,ensemble,savgol,60,regen-v2,637c6b535a9e,unknown,greenhouse-regen:v1,11,41.94677223408943,48.4611258101019,0.25,3.125395899151166,,False,271.6
ladder,physics/d2/ensemble/kalman,6,physics,2,ensemble,kalman,60,regen-v2,637c6b535a9e,unknown,greenhouse-regen:v1,3,40.22923335077364,5.864942889673697,0.0,3.0875539883904826,,False,326.2
ladder,physics_no_cross/d1/stlsq/none,6,physics_no_cross,1,stlsq,none,60,regen-v2,637c6b535a9e,unknown,greenhouse-regen:v1,31,23.60373009743676,7.844981011009915,0.0833333333333333,1.6817527018444327,,True,30.2
ladder,physics_no_cross/d1/stlsq/savgol,6,physics_no_cross,1,stlsq,savgol,60,regen-v2,637c6b535a9e,unknown,greenhouse-regen:v1,3,13.537248952413458,5.4942197536019615,0.0,3.084732521967652,,True,32.5
ladder,physics_no_cross/d1/stlsq/kalman,6,physics_no_cross,1,stlsq,kalman,60,regen-v2,637c6b535a9e,unknown,greenhouse-regen:v1,3,13.736452419452132,5.887375516797877,0.0,3.0876457706648788,,True,33.5
ladder,physics_no_cross/d1/sr3/none,6,physics_no_cross,1,sr3,none,60,regen-v2,637c6b535a9e,unknown,greenhouse-regen:v1,8,23.60373009743676,6.616258443794529,0.0166666666666666,2.7005608899745,,True,32.2
ladder,physics_no_cross/d1/sr3/savgol,6,physics_no_cross,1,sr3,savgol,60,regen-v2,637c6b535a9e,unknown,greenhouse-regen:v1,3,13.537248952413458,5.26549450849911,0.0,3.0737712188031145,,True,32.8
ladder,physics_no_cross/d1/sr3/kalman,6,physics_no_cross,1,sr3,kalman,60,regen-v2,637c6b535a9e,unknown,greenhouse-regen:v1,3,13.736452419452132,16.02722716023016,0.0,3.0938344273125518,,True,33.6
ladder,physics_no_cross/d1/constrained/none,6,physics_no_cross,1,constrained,none,60,regen-v2,637c6b535a9e,unknown,greenhouse-regen:v1,8,23.60373009743676,6.616258443794529,0.0166666666666666,2.7005608899745,,True,32.3
ladder,physics_no_cross/d1/constrained/savgol,6,physics_no_cross,1,constrained,savgol,60,regen-v2,637c6b535a9e,unknown,greenhouse-regen:v1,3,13.537248952413458,5.26549450849911,0.0,3.0737712188031145,,True,32.7
ladder,physics_no_cross/d1/constrained/kalman,6,physics_no_cross,1,constrained,kalman,60,regen-v2,637c6b535a9e,unknown,greenhouse-regen:v1,3,13.736452419452132,16.02722716023016,0.0,3.0938344273125518,,True,33.3
ladder,physics_no_cross/d1/ensemble/none,6,physics_no_cross,1,ensemble,none,60,regen-v2,637c6b535a9e,unknown,greenhouse-regen:v1,27,23.60373009743676,7.57862500089071,0.0833333333333333,1.6872575194483903,,True,30.2
ladder,physics_no_cross/d1/ensemble/savgol,6,physics_no_cross,1,ensemble,savgol,60,regen-v2,637c6b535a9e,unknown,greenhouse-regen:v1,3,13.537248952413458,5.521774266335082,0.0,3.0851165006847165,,True,32.6
ladder,physics_no_cross/d1/ensemble/kalman,6,physics_no_cross,1,ensemble,kalman,60,regen-v2,637c6b535a9e,unknown,greenhouse-regen:v1,3,13.736452419452132,5.851343499174607,0.0,3.0874962156217447,,True,33.8
ladder,physics_no_cross/d2/stlsq/none,6,physics_no_cross,2,stlsq,none,60,regen-v2,637c6b535a9e,unknown,greenhouse-regen:v1,123,23.60373009743676,31.76849574703504,0.2833333333333333,1.0435073527427183,,False,168.2
ladder,physics_no_cross/d2/stlsq/savgol,6,physics_no_cross,2,stlsq,savgol,60,regen-v2,637c6b535a9e,unknown,greenhouse-regen:v1,3,13.537248952413458,5.4942197536019615,0.0,3.084732521967652,,False,223.2
ladder,physics_no_cross/d2/stlsq/kalman,6,physics_no_cross,2,stlsq,kalman,60,regen-v2,637c6b535a9e,unknown,greenhouse-regen:v1,3,13.736452419452132,5.887375516797877,0.0,3.0876457706648788,,False,222.5
ladder,physics_no_cross/d2/sr3/none,6,physics_no_cross,2,sr3,none,60,regen-v2,637c6b535a9e,unknown,greenhouse-regen:v1,43,23.60373009743676,1859.481209218966,0.9166666666666666,3.645704623571607,,False,39.7
ladder,physics_no_cross/d2/sr3/savgol,6,physics_no_cross,2,sr3,savgol,60,regen-v2,637c6b535a9e,unknown,greenhouse-regen:v1,3,13.537248952413458,5.25358685579771,0.0,3.072038910494346,,False,223.3
ladder,physics_no_cross/d2/sr3/kalman,6,physics_no_cross,2,sr3,kalman,60,regen-v2,637c6b535a9e,unknown,greenhouse-regen:v1,3,13.736452419452132,6.744018094609052,0.0,3.089622645811588,,False,224.1
ladder,physics_no_cross/d2/constrained/none,6,physics_no_cross,2,constrained,none,60,regen-v2,637c6b535a9e,unknown,greenhouse-regen:v1,43,23.60373009743676,1859.481209218966,0.9166666666666666,3.645704623571607,,False,39.2
ladder,physics_no_cross/d2/constrained/savgol,6,physics_no_cross,2,constrained,savgol,60,regen-v2,637c6b535a9e,unknown,greenhouse-regen:v1,3,13.537248952413458,5.25358685579771,0.0,3.072038910494346,,False,224.2
ladder,physics_no_cross/d2/constrained/kalman,6,physics_no_cross,2,constrained,kalman,60,regen-v2,637c6b535a9e,unknown,greenhouse-regen:v1,3,13.736452419452132,6.744018094609052,0.0,3.089622645811588,,False,222.0
ladder,physics_no_cross/d2/ensemble/none,6,physics_no_cross,2,ensemble,none,60,regen-v2,637c6b535a9e,unknown,greenhouse-regen:v1,117,23.60373009743676,1105.4682760126843,1.0,6.872247846472853,,False,23.6
ladder,physics_no_cross/d2/ensemble/savgol,6,physics_no_cross,2,ensemble,savgol,60,regen-v2,637c6b535a9e,unknown,greenhouse-regen:v1,3,13.537248952413458,5.517681275761537,0.0,3.08506310654171,,False,225.8
ladder,physics_no_cross/d2/ensemble/kalman,6,physics_no_cross,2,ensemble,kalman,60,regen-v2,637c6b535a9e,unknown,greenhouse-regen:v1,3,13.736452419452132,5.877009014092414,0.0,3.0876038822269147,,False,225.6
ladder,raw/d1/stlsq/none,7,raw,1,stlsq,none,60,regen-v2,637c6b535a9e,unknown,greenhouse-regen:v1,24,7.987321071148748,2.709180027788193,0.0,1.8442218188335728,,True,29.8
ladder,raw/d1/stlsq/savgol,7,raw,1,stlsq,savgol,60,regen-v2,637c6b535a9e,unknown,greenhouse-regen:v1,3,9.185200754961066,5.744872487524955,0.0,3.170692333713288,,True,28.4
ladder,raw/d1/stlsq/kalman,7,raw,1,stlsq,kalman,60,regen-v2,637c6b535a9e,unknown,greenhouse-regen:v1,3,8.116288257773016,6.18132902234795,0.0,3.173536065222637,,True,29.4
ladder,raw/d1/sr3/none,7,raw,1,sr3,none,60,regen-v2,637c6b535a9e,unknown,greenhouse-regen:v1,6,7.987321071148748,4.493734652346915,0.0,2.445010741085306,,True,29.1
ladder,raw/d1/sr3/savgol,7,raw,1,sr3,savgol,60,regen-v2,637c6b535a9e,unknown,greenhouse-regen:v1,3,9.185200754961066,5.404282887904308,0.0,3.160193081351191,,True,28.6
ladder,raw/d1/sr3/kalman,7,raw,1,sr3,kalman,60,regen-v2,637c6b535a9e,unknown,greenhouse-regen:v1,3,8.116288257773016,31.191493228881583,0.0,3.1822709545193075,,True,30.3
ladder,raw/d1/constrained/none,7,raw,1,constrained,none,60,regen-v2,637c6b535a9e,unknown,greenhouse-regen:v1,6,7.987321071148748,4.493734652346915,0.0,2.445010741085306,,True,29.2
ladder,raw/d1/constrained/savgol,7,raw,1,constrained,savgol,60,regen-v2,637c6b535a9e,unknown,greenhouse-regen:v1,3,9.185200754961066,5.404282887904308,0.0,3.160193081351191,,True,29.2
ladder,raw/d1/constrained/kalman,7,raw,1,constrained,kalman,60,regen-v2,637c6b535a9e,unknown,greenhouse-regen:v1,3,8.116288257773016,31.191493228881583,0.0,3.1822709545193075,,True,29.5
ladder,raw/d1/ensemble/none,7,raw,1,ensemble,none,60,regen-v2,637c6b535a9e,unknown,greenhouse-regen:v1,23,7.987321071148748,2.7090749977109234,0.0,1.844276836291264,,True,29.2
ladder,raw/d1/ensemble/savgol,7,raw,1,ensemble,savgol,60,regen-v2,637c6b535a9e,unknown,greenhouse-regen:v1,3,9.185200754961066,5.733850889876716,0.0,3.170566736392057,,True,29.5
ladder,raw/d1/ensemble/kalman,7,raw,1,ensemble,kalman,60,regen-v2,637c6b535a9e,unknown,greenhouse-regen:v1,3,8.116288257773016,6.2064086610551925,0.0,3.17363338160331,,True,30.3
ladder,raw/d2/stlsq/none,7,raw,2,stlsq,none,60,regen-v2,637c6b535a9e,unknown,greenhouse-regen:v1,48,7.987321071148748,2.1154437285884256,0.0666666666666666,1.191675165645354,,False,150.3
ladder,raw/d2/stlsq/savgol,7,raw,2,stlsq,savgol,60,regen-v2,637c6b535a9e,unknown,greenhouse-regen:v1,3,9.185200754961066,5.744872487524955,0.0,3.170692333713288,,False,163.8
ladder,raw/d2/stlsq/kalman,7,raw,2,stlsq,kalman,60,regen-v2,637c6b535a9e,unknown,greenhouse-regen:v1,3,8.116288257773016,6.18132902234795,0.0,3.173536065222637,,False,165.6
ladder,raw/d2/sr3/none,7,raw,2,sr3,none,60,regen-v2,637c6b535a9e,unknown,greenhouse-regen:v1,7,7.987321071148748,4.974725475309406,0.0,2.4267207463227813,,False,160.8
ladder,raw/d2/sr3/savgol,7,raw,2,sr3,savgol,60,regen-v2,637c6b535a9e,unknown,greenhouse-regen:v1,3,9.185200754961066,5.368673837368316,0.0,3.156081236603382,,False,162.5
ladder,raw/d2/sr3/kalman,7,raw,2,sr3,kalman,60,regen-v2,637c6b535a9e,unknown,greenhouse-regen:v1,3,8.116288257773016,32.658309808046994,0.0,3.182410517351774,,False,163.5
ladder,raw/d2/constrained/none,7,raw,2,constrained,none,60,regen-v2,637c6b535a9e,unknown,greenhouse-regen:v1,7,7.987321071148748,4.974725475309406,0.0,2.4267207463227813,,False,161.9
ladder,raw/d2/constrained/savgol,7,raw,2,constrained,savgol,60,regen-v2,637c6b535a9e,unknown,greenhouse-regen:v1,3,9.185200754961066,5.368673837368316,0.0,3.156081236603382,,False,161.9
ladder,raw/d2/constrained/kalman,7,raw,2,constrained,kalman,60,regen-v2,637c6b535a9e,unknown,greenhouse-regen:v1,3,8.116288257773016,32.658309808046994,0.0,3.182410517351774,,False,165.7
ladder,raw/d2/ensemble/none,7,raw,2,ensemble,none,60,regen-v2,637c6b535a9e,unknown,greenhouse-regen:v1,49,7.987321071148748,2.084412068793637,0.0333333333333333,1.2140301891877217,,False,157.6
ladder,raw/d2/ensemble/savgol,7,raw,2,ensemble,savgol,60,regen-v2,637c6b535a9e,unknown,greenhouse-regen:v1,3,9.185200754961066,5.763269308491524,0.0,3.170891519958837,,False,162.5
ladder,raw/d2/ensemble/kalman,7,raw,2,ensemble,kalman,60,regen-v2,637c6b535a9e,unknown,greenhouse-regen:v1,3,8.116288257773016,6.160028861149854,0.0,3.173450211864896,,False,168.0
ladder,physics/d1/stlsq/none,7,physics,1,stlsq,none,60,regen-v2,637c6b535a9e,unknown,greenhouse-regen:v1,37,52.365974719448666,16.839501697454697,0.3166666666666666,1.7012860486016912,,True,26.3
ladder,physics/d1/stlsq/savgol,7,physics,1,stlsq,savgol,60,regen-v2,637c6b535a9e,unknown,greenhouse-regen:v1,3,41.89207039966031,5.744872487524955,0.0,3.170692333713288,,True,38.2
ladder,physics/d1/stlsq/kalman,7,physics,1,stlsq,kalman,60,regen-v2,637c6b535a9e,unknown,greenhouse-regen:v1,3,39.862475949549314,6.18132902234795,0.0,3.173536065222637,,True,39.1
ladder,physics/d1/sr3/none,7,physics,1,sr3,none,60,regen-v2,637c6b535a9e,unknown,greenhouse-regen:v1,13,52.365974719448666,892.0954100033091,0.5833333333333334,2.23710240194511,,True,21.0
ladder,physics/d1/sr3/savgol,7,physics,1,sr3,savgol,60,regen-v2,637c6b535a9e,unknown,greenhouse-regen:v1,3,41.89207039966031,5.45668716607255,0.0,3.163805464043874,,True,39.3
ladder,physics/d1/sr3/kalman,7,physics,1,sr3,kalman,60,regen-v2,637c6b535a9e,unknown,greenhouse-regen:v1,3,39.862475949549314,173.46149662721774,0.0833333333333333,3.1874706609006376,,True,38.2
ladder,physics/d1/constrained/none,7,physics,1,constrained,none,60,regen-v2,637c6b535a9e,unknown,greenhouse-regen:v1,13,52.365974719448666,892.0954100033091,0.5833333333333334,2.23710240194511,,True,20.8
ladder,physics/d1/constrained/savgol,7,physics,1,constrained,savgol,60,regen-v2,637c6b535a9e,unknown,greenhouse-regen:v1,3,41.89207039966031,5.45668716607255,0.0,3.163805464043874,,True,39.2
ladder,physics/d1/constrained/kalman,7,physics,1,constrained,kalman,60,regen-v2,637c6b535a9e,unknown,greenhouse-regen:v1,3,39.862475949549314,173.46149662721774,0.0833333333333333,3.1874706609006376,,True,38.1
ladder,physics/d1/ensemble/none,7,physics,1,ensemble,none,60,regen-v2,637c6b535a9e,unknown,greenhouse-regen:v1,39,52.365974719448666,25.81487816455877,0.4833333333333333,1.7039849296126748,,True,22.8
ladder,physics/d1/ensemble/savgol,7,physics,1,ensemble,savgol,60,regen-v2,637c6b535a9e,unknown,greenhouse-regen:v1,3,41.89207039966031,5.763581011372238,0.0,3.1708947883863785,,True,39.4
ladder,physics/d1/ensemble/kalman,7,physics,1,ensemble,kalman,60,regen-v2,637c6b535a9e,unknown,greenhouse-regen:v1,3,39.862475949549314,6.245396409143722,0.0,3.173777212725254,,True,39.5
ladder,physics/d2/stlsq/none,7,physics,2,stlsq,none,60,regen-v2,637c6b535a9e,unknown,greenhouse-regen:v1,263,52.365974719448666,309.2855432723239,0.25,0.9733586445435226,,False,256.1
ladder,physics/d2/stlsq/savgol,7,physics,2,stlsq,savgol,60,regen-v2,637c6b535a9e,unknown,greenhouse-regen:v1,3,41.89207039966031,5.744872487524955,0.0,3.170692333713288,,False,332.4
ladder,physics/d2/stlsq/kalman,7,physics,2,stlsq,kalman,60,regen-v2,637c6b535a9e,unknown,greenhouse-regen:v1,3,39.862475949549314,6.18132902234795,0.0,3.173536065222637,,False,322.1
ladder,physics/d2/sr3/none,7,physics,2,sr3,none,60,regen-v2,637c6b535a9e,unknown,greenhouse-regen:v1,139,52.365974719448666,1366.0054051097554,1.0,7.8779920215276595,,False,18.1
ladder,physics/d2/sr3/savgol,7,physics,2,sr3,savgol,60,regen-v2,637c6b535a9e,unknown,greenhouse-regen:v1,3,41.89207039966031,5.493120889076699,0.0,3.1654676547196354,,False,315.0
ladder,physics/d2/sr3/kalman,7,physics,2,sr3,kalman,60,regen-v2,637c6b535a9e,unknown,greenhouse-regen:v1,3,39.862475949549314,382.0308040144268,0.1666666666666666,3.189655853456953,,False,294.0
ladder,physics/d2/constrained/none,7,physics,2,constrained,none,60,regen-v2,637c6b535a9e,unknown,greenhouse-regen:v1,139,52.365974719448666,1366.0054051097554,1.0,7.8779920215276595,,False,17.7
ladder,physics/d2/constrained/savgol,7,physics,2,constrained,savgol,60,regen-v2,637c6b535a9e,unknown,greenhouse-regen:v1,3,41.89207039966031,5.493120889076699,0.0,3.1654676547196354,,False,312.7
ladder,physics/d2/constrained/kalman,7,physics,2,constrained,kalman,60,regen-v2,637c6b535a9e,unknown,greenhouse-regen:v1,3,39.862475949549314,382.0308040144268,0.1666666666666666,3.189655853456953,,False,290.3
ladder,physics/d2/ensemble/none,7,physics,2,ensemble,none,60,regen-v2,637c6b535a9e,unknown,greenhouse-regen:v1,255,52.365974719448666,48613.80489843047,1.0,23.34732110476152,,False,16.2
ladder,physics/d2/ensemble/savgol,7,physics,2,ensemble,savgol,60,regen-v2,637c6b535a9e,unknown,greenhouse-regen:v1,3,41.89207039966031,5.712101399522284,0.0,3.170303671722096,,False,313.9
ladder,physics/d2/ensemble/kalman,7,physics,2,ensemble,kalman,60,regen-v2,637c6b535a9e,unknown,greenhouse-regen:v1,3,39.862475949549314,6.110327580298148,0.0,3.173237263490436,,False,311.8
ladder,physics_no_cross/d1/stlsq/none,7,physics_no_cross,1,stlsq,none,60,regen-v2,637c6b535a9e,unknown,greenhouse-regen:v1,28,23.444622144296005,9.509174648505056,0.1333333333333333,1.7270059579542196,,True,28.3
ladder,physics_no_cross/d1/stlsq/savgol,7,physics_no_cross,1,stlsq,savgol,60,regen-v2,637c6b535a9e,unknown,greenhouse-regen:v1,3,13.969859871277402,5.744872487524955,0.0,3.170692333713288,,True,32.1
ladder,physics_no_cross/d1/stlsq/kalman,7,physics_no_cross,1,stlsq,kalman,60,regen-v2,637c6b535a9e,unknown,greenhouse-regen:v1,3,13.892213012599532,6.18132902234795,0.0,3.173536065222637,,True,32.6
ladder,physics_no_cross/d1/sr3/none,7,physics_no_cross,1,sr3,none,60,regen-v2,637c6b535a9e,unknown,greenhouse-regen:v1,8,23.444622144296005,4.346576551163723,0.0,2.8134330537255816,,True,31.1
ladder,physics_no_cross/d1/sr3/savgol,7,physics_no_cross,1,sr3,savgol,60,regen-v2,637c6b535a9e,unknown,greenhouse-regen:v1,3,13.969859871277402,5.558915971261737,0.0,3.16755949307452,,True,31.3
ladder,physics_no_cross/d1/sr3/kalman,7,physics_no_cross,1,sr3,kalman,60,regen-v2,637c6b535a9e,unknown,greenhouse-regen:v1,3,13.892213012599532,153.33024022425707,0.0666666666666666,3.187114429931396,,True,30.7
ladder,physics_no_cross/d1/constrained/none,7,physics_no_cross,1,constrained,none,60,regen-v2,637c6b535a9e,unknown,greenhouse-regen:v1,8,23.444622144296005,4.346576551163723,0.0,2.8134330537255816,,True,31.4
ladder,physics_no_cross/d1/constrained/savgol,7,physics_no_cross,1,constrained,savgol,60,regen-v2,637c6b535a9e,unknown,greenhouse-regen:v1,3,13.969859871277402,5.558915971261737,0.0,3.16755949307452,,True,30.9
ladder,physics_no_cross/d1/constrained/kalman,7,physics_no_cross,1,constrained,kalman,60,regen-v2,637c6b535a9e,unknown,greenhouse-regen:v1,3,13.892213012599532,153.33024022425707,0.0666666666666666,3.187114429931396,,True,31.0
ladder,physics_no_cross/d1/ensemble/none,7,physics_no_cross,1,ensemble,none,60,regen-v2,637c6b535a9e,unknown,greenhouse-regen:v1,28,23.444622144296005,10.472099304988346,0.1666666666666666,1.7274226998737334,,True,27.0
ladder,physics_no_cross/d1/ensemble/savgol,7,physics_no_cross,1,ensemble,savgol,60,regen-v2,637c6b535a9e,unknown,greenhouse-regen:v1,3,13.969859871277402,5.752522179396339,0.0,3.1707766906374,,True,31.8
ladder,physics_no_cross/d1/ensemble/kalman,7,physics_no_cross,1,ensemble,kalman,60,regen-v2,637c6b535a9e,unknown,greenhouse-regen:v1,3,13.892213012599532,6.180090815011145,0.0,3.173531157087188,,True,32.9
ladder,physics_no_cross/d2/stlsq/none,7,physics_no_cross,2,stlsq,none,60,regen-v2,637c6b535a9e,unknown,greenhouse-regen:v1,127,23.444622144296005,27.239391260397824,0.15,1.0347257279639106,,False,182.7
ladder,physics_no_cross/d2/stlsq/savgol,7,physics_no_cross,2,stlsq,savgol,60,regen-v2,637c6b535a9e,unknown,greenhouse-regen:v1,3,13.969859871277402,5.744872487524955,0.0,3.170692333713288,,False,213.8
ladder,physics_no_cross/d2/stlsq/kalman,7,physics_no_cross,2,stlsq,kalman,60,regen-v2,637c6b535a9e,unknown,greenhouse-regen:v1,3,13.892213012599532,6.18132902234795,0.0,3.173536065222637,,False,209.0
ladder,physics_no_cross/d2/sr3/none,7,physics_no_cross,2,sr3,none,60,regen-v2,637c6b535a9e,unknown,greenhouse-regen:v1,54,23.444622144296005,272.19257068894507,0.9833333333333332,8.35551842949467,,False,21.8
ladder,physics_no_cross/d2/sr3/savgol,7,physics_no_cross,2,sr3,savgol,60,regen-v2,637c6b535a9e,unknown,greenhouse-regen:v1,3,13.969859871277402,5.491299864966607,0.0,3.1653953553417065,,False,209.2
ladder,physics_no_cross/d2/sr3/kalman,7,physics_no_cross,2,sr3,kalman,60,regen-v2,637c6b535a9e,unknown,greenhouse-regen:v1,3,13.892213012599532,247.71942896954303,0.1333333333333333,3.188480058221208,,False,205.9
ladder,physics_no_cross/d2/constrained/none,7,physics_no_cross,2,constrained,none,60,regen-v2,637c6b535a9e,unknown,greenhouse-regen:v1,54,23.444622144296005,272.19257068894507,0.9833333333333332,8.35551842949467,,False,22.7
ladder,physics_no_cross/d2/constrained/savgol,7,physics_no_cross,2,constrained,savgol,60,regen-v2,637c6b535a9e,unknown,greenhouse-regen:v1,3,13.969859871277402,5.491299864966607,0.0,3.1653953553417065,,False,210.1
ladder,physics_no_cross/d2/constrained/kalman,7,physics_no_cross,2,constrained,kalman,60,regen-v2,637c6b535a9e,unknown,greenhouse-regen:v1,3,13.892213012599532,247.71942896954303,0.1333333333333333,3.188480058221208,,False,202.8
ladder,physics_no_cross/d2/ensemble/none,7,physics_no_cross,2,ensemble,none,60,regen-v2,637c6b535a9e,unknown,greenhouse-regen:v1,131,23.444622144296005,915.9166046839042,1.0,2.11110472071697,,False,16.6
ladder,physics_no_cross/d2/ensemble/savgol,7,physics_no_cross,2,ensemble,savgol,60,regen-v2,637c6b535a9e,unknown,greenhouse-regen:v1,3,13.969859871277402,5.736862987390983,0.0,3.170601551081514,,False,219.7
ladder,physics_no_cross/d2/ensemble/kalman,7,physics_no_cross,2,ensemble,kalman,60,regen-v2,637c6b535a9e,unknown,greenhouse-regen:v1,3,13.892213012599532,6.128498027562652,0.0,3.1733172794096904,,False,215.6
ladder,raw/d1/stlsq/none,8,raw,1,stlsq,none,60,regen-v2,637c6b535a9e,unknown,greenhouse-regen:v1,21,8.134445845985496,2.6551591301433,0.0,1.815279093937524,,True,35.1
ladder,raw/d1/stlsq/savgol,8,raw,1,stlsq,savgol,60,regen-v2,637c6b535a9e,unknown,greenhouse-regen:v1,3,9.287167590479054,5.2359046249397565,0.0,2.983614848310181,,True,32.8
ladder,raw/d1/stlsq/kalman,8,raw,1,stlsq,kalman,60,regen-v2,637c6b535a9e,unknown,greenhouse-regen:v1,3,8.123273154685478,5.56917219827222,0.0,2.986282326819212,,True,34.7
ladder,raw/d1/sr3/none,8,raw,1,sr3,none,60,regen-v2,637c6b535a9e,unknown,greenhouse-regen:v1,6,8.134445845985496,4.295558820681426,0.0,2.3484390253352188,,True,33.8
ladder,raw/d1/sr3/savgol,8,raw,1,sr3,savgol,60,regen-v2,637c6b535a9e,unknown,greenhouse-regen:v1,3,9.287167590479054,5.0287940059044365,0.0,2.9769913569898283,,True,34.2
ladder,raw/d1/sr3/kalman,8,raw,1,sr3,kalman,60,regen-v2,637c6b535a9e,unknown,greenhouse-regen:v1,3,8.123273154685478,7.176444888875489,0.0,2.989427421707569,,True,34.6
ladder,raw/d1/constrained/none,8,raw,1,constrained,none,60,regen-v2,637c6b535a9e,unknown,greenhouse-regen:v1,6,8.134445845985496,4.295558820681426,0.0,2.3484390253352188,,True,32.9
ladder,raw/d1/constrained/savgol,8,raw,1,constrained,savgol,60,regen-v2,637c6b535a9e,unknown,greenhouse-regen:v1,3,9.287167590479054,5.0287940059044365,0.0,2.9769913569898283,,True,34.5
ladder,raw/d1/constrained/kalman,8,raw,1,constrained,kalman,60,regen-v2,637c6b535a9e,unknown,greenhouse-regen:v1,3,8.123273154685478,7.176444888875489,0.0,2.989427421707569,,True,34.2
ladder,raw/d1/ensemble/none,8,raw,1,ensemble,none,60,regen-v2,637c6b535a9e,unknown,greenhouse-regen:v1,21,8.134445845985496,2.66240630976216,0.0,1.817661653031443,,True,33.7
ladder,raw/d1/ensemble/savgol,8,raw,1,ensemble,savgol,60,regen-v2,637c6b535a9e,unknown,greenhouse-regen:v1,3,9.287167590479054,5.249713863691503,0.0,2.983805758192099,,True,33.9
ladder,raw/d1/ensemble/kalman,8,raw,1,ensemble,kalman,60,regen-v2,637c6b535a9e,unknown,greenhouse-regen:v1,3,8.123273154685478,5.599410480578306,0.0,2.986420386797646,,True,34.3
ladder,raw/d2/stlsq/none,8,raw,2,stlsq,none,60,regen-v2,637c6b535a9e,unknown,greenhouse-regen:v1,49,8.134445845985496,4.997168469944618,0.1333333333333333,1.1141299717189668,,False,161.9
ladder,raw/d2/stlsq/savgol,8,raw,2,stlsq,savgol,60,regen-v2,637c6b535a9e,unknown,greenhouse-regen:v1,3,9.287167590479054,5.2359046249397565,0.0,2.983614848310181,,False,190.4
ladder,raw/d2/stlsq/kalman,8,raw,2,stlsq,kalman,60,regen-v2,637c6b535a9e,unknown,greenhouse-regen:v1,3,8.123273154685478,5.56917219827222,0.0,2.986282326819212,,False,189.7
ladder,raw/d2/sr3/none,8,raw,2,sr3,none,60,regen-v2,637c6b535a9e,unknown,greenhouse-regen:v1,7,8.134445845985496,4.865412651629229,0.0,2.3316939088310176,,False,188.9
ladder,raw/d2/sr3/savgol,8,raw,2,sr3,savgol,60,regen-v2,637c6b535a9e,unknown,greenhouse-regen:v1,3,9.287167590479054,4.965068945745911,0.0,2.9696689849234423,,False,187.9
ladder,raw/d2/sr3/kalman,8,raw,2,sr3,kalman,60,regen-v2,637c6b535a9e,unknown,greenhouse-regen:v1,3,8.123273154685478,5.44265201042596,0.0,2.985583985118182,,False,188.3
ladder,raw/d2/constrained/none,8,raw,2,constrained,none,60,regen-v2,637c6b535a9e,unknown,greenhouse-regen:v1,7,8.134445845985496,4.865412651629229,0.0,2.3316939088310176,,False,191.1
ladder,raw/d2/constrained/savgol,8,raw,2,constrained,savgol,60,regen-v2,637c6b535a9e,unknown,greenhouse-regen:v1,3,9.287167590479054,4.965068945745911,0.0,2.9696689849234423,,False,190.7
ladder,raw/d2/constrained/kalman,8,raw,2,constrained,kalman,60,regen-v2,637c6b535a9e,unknown,greenhouse-regen:v1,3,8.123273154685478,5.44265201042596,0.0,2.985583985118182,,False,189.4
ladder,raw/d2/ensemble/none,8,raw,2,ensemble,none,60,regen-v2,637c6b535a9e,unknown,greenhouse-regen:v1,49,8.134445845985496,14.037945349248412,0.1333333333333333,1.1150471182679966,,False,166.9
ladder,raw/d2/ensemble/savgol,8,raw,2,ensemble,savgol,60,regen-v2,637c6b535a9e,unknown,greenhouse-regen:v1,3,9.287167590479054,5.2152517358947,0.0,2.983302688383286,,False,191.3
ladder,raw/d2/ensemble/kalman,8,raw,2,ensemble,kalman,60,regen-v2,637c6b535a9e,unknown,greenhouse-regen:v1,3,8.123273154685478,5.587969501415089,0.0,2.986369204169733,,False,194.8
ladder,physics/d1/stlsq/none,8,physics,1,stlsq,none,60,regen-v2,637c6b535a9e,unknown,greenhouse-regen:v1,38,54.85316804441428,31.365087810239544,0.5833333333333334,1.6654367189923485,,True,19.8
ladder,physics/d1/stlsq/savgol,8,physics,1,stlsq,savgol,60,regen-v2,637c6b535a9e,unknown,greenhouse-regen:v1,3,43.33884263620069,5.2359046249397565,0.0,2.983614848310181,,True,44.8
ladder,physics/d1/stlsq/kalman,8,physics,1,stlsq,kalman,60,regen-v2,637c6b535a9e,unknown,greenhouse-regen:v1,3,41.57330440605715,5.56917219827222,0.0,2.986282326819212,,True,47.2
ladder,physics/d1/sr3/none,8,physics,1,sr3,none,60,regen-v2,637c6b535a9e,unknown,greenhouse-regen:v1,18,54.85316804441428,223.86536408452,0.7833333333333333,2.3902837140762645,,True,16.7
ladder,physics/d1/sr3/savgol,8,physics,1,sr3,savgol,60,regen-v2,637c6b535a9e,unknown,greenhouse-regen:v1,3,43.33884263620069,4.968024942535133,0.0,2.97019553459794,,True,45.1
ladder,physics/d1/sr3/kalman,8,physics,1,sr3,kalman,60,regen-v2,637c6b535a9e,unknown,greenhouse-regen:v1,3,41.57330440605715,8.376968196308747,0.0,2.990354380737319,,True,47.5
ladder,physics/d1/constrained/none,8,physics,1,constrained,none,60,regen-v2,637c6b535a9e,unknown,greenhouse-regen:v1,18,54.85316804441428,223.86536408452,0.7833333333333333,2.3902837140762645,,True,16.1
ladder,physics/d1/constrained/savgol,8,physics,1,constrained,savgol,60,regen-v2,637c6b535a9e,unknown,greenhouse-regen:v1,3,43.33884263620069,4.968024942535133,0.0,2.97019553459794,,True,45.6
ladder,physics/d1/constrained/kalman,8,physics,1,constrained,kalman,60,regen-v2,637c6b535a9e,unknown,greenhouse-regen:v1,3,41.57330440605715,8.376968196308747,0.0,2.990354380737319,,True,45.7
ladder,physics/d1/ensemble/none,8,physics,1,ensemble,none,60,regen-v2,637c6b535a9e,unknown,greenhouse-regen:v1,38,54.85316804441428,30.180506184003303,0.5833333333333334,1.666024650700532,,True,21.1
ladder,physics/d1/ensemble/savgol,8,physics,1,ensemble,savgol,60,regen-v2,637c6b535a9e,unknown,greenhouse-regen:v1,3,43.33884263620069,5.219057860697569,0.0,2.9833628339719183,,True,46.2
ladder,physics/d1/ensemble/kalman,8,physics,1,ensemble,kalman,60,regen-v2,637c6b535a9e,unknown,greenhouse-regen:v1,3,41.57330440605715,5.573273870789468,0.0,2.986301589721982,,True,46.5
ladder,physics/d2/stlsq/none,8,physics,2,stlsq,none,60,regen-v2,637c6b535a9e,unknown,greenhouse-regen:v1,243,54.85316804441428,86.79275234787278,0.2166666666666666,0.9507419034759422,,False,323.8
ladder,physics/d2/stlsq/savgol,8,physics,2,stlsq,savgol,60,regen-v2,637c6b535a9e,unknown,greenhouse-regen:v1,9,43.33884263620069,4.423200565979922,0.2166666666666666,2.966890577426373,,False,332.1
ladder,physics/d2/stlsq/kalman,8,physics,2,stlsq,kalman,60,regen-v2,637c6b535a9e,unknown,greenhouse-regen:v1,3,41.57330440605715,5.56917219827222,0.0,2.986282326819212,,False,393.3
ladder,physics/d2/sr3/none,8,physics,2,sr3,none,60,regen-v2,637c6b535a9e,unknown,greenhouse-regen:v1,141,54.85316804441428,755.3774687414954,0.9333333333333332,3.4909480618742768,,False,70.9
ladder,physics/d2/sr3/savgol,8,physics,2,sr3,savgol,60,regen-v2,637c6b535a9e,unknown,greenhouse-regen:v1,8,43.33884263620069,11.863484915555189,0.0166666666666666,3.069253365970076,,False,381.3
ladder,physics/d2/sr3/kalman,8,physics,2,sr3,kalman,60,regen-v2,637c6b535a9e,unknown,greenhouse-regen:v1,3,41.57330440605715,11.29235710155362,0.0,2.9916671379730526,,False,385.6
ladder,physics/d2/constrained/none,8,physics,2,constrained,none,60,regen-v2,637c6b535a9e,unknown,greenhouse-regen:v1,141,54.85316804441428,755.3774687414954,0.9333333333333332,3.4909480618742768,,False,73.1
ladder,physics/d2/constrained/savgol,8,physics,2,constrained,savgol,60,regen-v2,637c6b535a9e,unknown,greenhouse-regen:v1,8,43.33884263620069,11.863484915555189,0.0166666666666666,3.069253365970076,,False,384.7
ladder,physics/d2/constrained/kalman,8,physics,2,constrained,kalman,60,regen-v2,637c6b535a9e,unknown,greenhouse-regen:v1,3,41.57330440605715,11.29235710155362,0.0,2.9916671379730526,,False,385.6
ladder,physics/d2/ensemble/none,8,physics,2,ensemble,none,60,regen-v2,637c6b535a9e,unknown,greenhouse-regen:v1,258,54.85316804441428,952.5868683599798,1.0,14.246044769955384,,False,20.1
ladder,physics/d2/ensemble/savgol,8,physics,2,ensemble,savgol,60,regen-v2,637c6b535a9e,unknown,greenhouse-regen:v1,5,43.33884263620069,5.014289016412019,0.2333333333333333,2.982660819226606,,False,335.7
ladder,physics/d2/ensemble/kalman,8,physics,2,ensemble,kalman,60,regen-v2,637c6b535a9e,unknown,greenhouse-regen:v1,3,41.57330440605715,5.57732463529866,0.0,2.9863204436061856,,False,392.1
ladder,physics_no_cross/d1/stlsq/none,8,physics_no_cross,1,stlsq,none,60,regen-v2,637c6b535a9e,unknown,greenhouse-regen:v1,28,25.2219927547884,12.351573499998858,0.2166666666666666,1.7171299343152306,,True,31.6
ladder,physics_no_cross/d1/stlsq/savgol,8,physics_no_cross,1,stlsq,savgol,60,regen-v2,637c6b535a9e,unknown,greenhouse-regen:v1,3,14.620118228745312,5.2359046249397565,0.0,2.983614848310181,,True,38.7
ladder,physics_no_cross/d1/stlsq/kalman,8,physics_no_cross,1,stlsq,kalman,60,regen-v2,637c6b535a9e,unknown,greenhouse-regen:v1,3,14.657974731830189,5.56917219827222,0.0,2.986282326819212,,True,40.6
ladder,physics_no_cross/d1/sr3/none,8,physics_no_cross,1,sr3,none,60,regen-v2,637c6b535a9e,unknown,greenhouse-regen:v1,10,25.2219927547884,8.411660479979343,0.0333333333333333,2.1726382465961627,,True,37.9
ladder,physics_no_cross/d1/sr3/savgol,8,physics_no_cross,1,sr3,savgol,60,regen-v2,637c6b535a9e,unknown,greenhouse-regen:v1,3,14.620118228745312,5.026128394376627,0.0,2.9767965738469373,,True,39.0
ladder,physics_no_cross/d1/sr3/kalman,8,physics_no_cross,1,sr3,kalman,60,regen-v2,637c6b535a9e,unknown,greenhouse-regen:v1,3,14.657974731830189,11.469910937981904,0.0,2.991726571441068,,True,40.4
ladder,physics_no_cross/d1/constrained/none,8,physics_no_cross,1,constrained,none,60,regen-v2,637c6b535a9e,unknown,greenhouse-regen:v1,10,25.2219927547884,8.411660479979343,0.0333333333333333,2.1726382465961627,,True,38.2
ladder,physics_no_cross/d1/constrained/savgol,8,physics_no_cross,1,constrained,savgol,60,regen-v2,637c6b535a9e,unknown,greenhouse-regen:v1,3,14.620118228745312,5.026128394376627,0.0,2.9767965738469373,,True,40.1
ladder,physics_no_cross/d1/constrained/kalman,8,physics_no_cross,1,constrained,kalman,60,regen-v2,637c6b535a9e,unknown,greenhouse-regen:v1,3,14.657974731830189,11.469910937981904,0.0,2.991726571441068,,True,40.9
ladder,physics_no_cross/d1/ensemble/none,8,physics_no_cross,1,ensemble,none,60,regen-v2,637c6b535a9e,unknown,greenhouse-regen:v1,28,25.2219927547884,13.738984221031089,0.2666666666666666,1.7171857063632383,,True,29.6
ladder,physics_no_cross/d1/ensemble/savgol,8,physics_no_cross,1,ensemble,savgol,60,regen-v2,637c6b535a9e,unknown,greenhouse-regen:v1,3,14.620118228745312,5.221888477180831,0.0,2.983406765845398,,True,40.5
ladder,physics_no_cross/d1/ensemble/kalman,8,physics_no_cross,1,ensemble,kalman,60,regen-v2,637c6b535a9e,unknown,greenhouse-regen:v1,3,14.657974731830189,5.552416972868257,0.0,2.9862017775122305,,True,40.3
ladder,physics_no_cross/d2/stlsq/none,8,physics_no_cross,2,stlsq,none,60,regen-v2,637c6b535a9e,unknown,greenhouse-regen:v1,106,25.2219927547884,612.011470856692,0.2,1.019951603290477,,False,214.8
ladder,physics_no_cross/d2/stlsq/savgol,8,physics_no_cross,2,stlsq,savgol,60,regen-v2,637c6b535a9e,unknown,greenhouse-regen:v1,3,14.620118228745312,5.2359046249397565,0.0,2.983614848310181,,False,270.5
ladder,physics_no_cross/d2/stlsq/kalman,8,physics_no_cross,2,stlsq,kalman,60,regen-v2,637c6b535a9e,unknown,greenhouse-regen:v1,3,14.657974731830189,5.56917219827222,0.0,2.986282326819212,,False,269.6
ladder,physics_no_cross/d2/sr3/none,8,physics_no_cross,2,sr3,none,60,regen-v2,637c6b535a9e,unknown,greenhouse-regen:v1,46,25.2219927547884,318.1742363328896,0.9333333333333332,5.390507476825874,,False,47.5
ladder,physics_no_cross/d2/sr3/savgol,8,physics_no_cross,2,sr3,savgol,60,regen-v2,637c6b535a9e,unknown,greenhouse-regen:v1,3,14.620118228745312,5.058084369502844,0.0,2.978784509799725,,False,267.7
ladder,physics_no_cross/d2/sr3/kalman,8,physics_no_cross,2,sr3,kalman,60,regen-v2,637c6b535a9e,unknown,greenhouse-regen:v1,3,14.657974731830189,7.78272617998956,0.0,2.989947720637689,,False,260.3
ladder,physics_no_cross/d2/constrained/none,8,physics_no_cross,2,constrained,none,60,regen-v2,637c6b535a9e,unknown,greenhouse-regen:v1,46,25.2219927547884,318.1742363328896,0.9333333333333332,5.390507476825874,,False,47.8
ladder,physics_no_cross/d2/constrained/savgol,8,physics_no_cross,2,constrained,savgol,60,regen-v2,637c6b535a9e,unknown,greenhouse-regen:v1,3,14.620118228745312,5.058084369502844,0.0,2.978784509799725,,False,268.3
ladder,physics_no_cross/d2/constrained/kalman,8,physics_no_cross,2,constrained,kalman,60,regen-v2,637c6b535a9e,unknown,greenhouse-regen:v1,3,14.657974731830189,7.78272617998956,0.0,2.989947720637689,,False,270.7
ladder,physics_no_cross/d2/ensemble/none,8,physics_no_cross,2,ensemble,none,60,regen-v2,637c6b535a9e,unknown,greenhouse-regen:v1,109,25.2219927547884,7007.4235793432445,0.9,3.408341371343888,,False,58.8
ladder,physics_no_cross/d2/ensemble/savgol,8,physics_no_cross,2,ensemble,savgol,60,regen-v2,637c6b535a9e,unknown,greenhouse-regen:v1,3,14.620118228745312,5.248963383578273,0.0,2.9837957161070188,,False,270.0
ladder,physics_no_cross/d2/ensemble/kalman,8,physics_no_cross,2,ensemble,kalman,60,regen-v2,637c6b535a9e,unknown,greenhouse-regen:v1,3,14.657974731830189,5.539548959406293,0.0,2.986137788173324,,False,273.3
ladder,raw/d1/stlsq/none,9,raw,1,stlsq,none,60,regen-v2,637c6b535a9e,unknown,greenhouse-regen:v1,18,8.003255503638735,2.5911493643809043,0.0,1.879755713193736,,True,29.9
ladder,raw/d1/stlsq/savgol,9,raw,1,stlsq,savgol,60,regen-v2,637c6b535a9e,unknown,greenhouse-regen:v1,3,9.20275615155392,5.282859731906775,0.0,3.0685403944759555,,True,28.6
ladder,raw/d1/stlsq/kalman,9,raw,1,stlsq,kalman,60,regen-v2,637c6b535a9e,unknown,greenhouse-regen:v1,3,8.328350249531498,5.605077815957228,0.0,3.071198831673905,,True,29.0
ladder,raw/d1/sr3/none,9,raw,1,sr3,none,60,regen-v2,637c6b535a9e,unknown,greenhouse-regen:v1,6,8.003255503638735,4.301296948463667,0.0,2.466387639738861,,True,28.9
ladder,raw/d1/sr3/savgol,9,raw,1,sr3,savgol,60,regen-v2,637c6b535a9e,unknown,greenhouse-regen:v1,3,9.20275615155392,4.963025889258739,0.0,3.0489356492921416,,True,28.8
ladder,raw/d1/sr3/kalman,9,raw,1,sr3,kalman,60,regen-v2,637c6b535a9e,unknown,greenhouse-regen:v1,3,8.328350249531498,5.173424197952069,0.0,3.0664560010168582,,True,29.7
ladder,raw/d1/constrained/none,9,raw,1,constrained,none,60,regen-v2,637c6b535a9e,unknown,greenhouse-regen:v1,6,8.003255503638735,4.301296948463667,0.0,2.466387639738861,,True,28.7
ladder,raw/d1/constrained/savgol,9,raw,1,constrained,savgol,60,regen-v2,637c6b535a9e,unknown,greenhouse-regen:v1,3,9.20275615155392,4.963025889258739,0.0,3.0489356492921416,,True,28.9
ladder,raw/d1/constrained/kalman,9,raw,1,constrained,kalman,60,regen-v2,637c6b535a9e,unknown,greenhouse-regen:v1,3,8.328350249531498,5.173424197952069,0.0,3.0664560010168582,,True,29.4
ladder,raw/d1/ensemble/none,9,raw,1,ensemble,none,60,regen-v2,637c6b535a9e,unknown,greenhouse-regen:v1,20,8.003255503638735,2.59609077604846,0.0,1.879794681534932,,True,29.4
ladder,raw/d1/ensemble/savgol,9,raw,1,ensemble,savgol,60,regen-v2,637c6b535a9e,unknown,greenhouse-regen:v1,3,9.20275615155392,5.285867292233138,0.0,3.068582433155559,,True,29.3
ladder,raw/d1/ensemble/kalman,9,raw,1,ensemble,kalman,60,regen-v2,637c6b535a9e,unknown,greenhouse-regen:v1,3,8.328350249531498,5.682071050168424,0.0,3.071556494317861,,True,30.1
ladder,raw/d2/stlsq/none,9,raw,2,stlsq,none,60,regen-v2,637c6b535a9e,unknown,greenhouse-regen:v1,50,8.003255503638735,3.2132801631282604,0.05,1.07838193455112,,False,155.1
ladder,raw/d2/stlsq/savgol,9,raw,2,stlsq,savgol,60,regen-v2,637c6b535a9e,unknown,greenhouse-regen:v1,3,9.20275615155392,5.282859731906775,0.0,3.0685403944759555,,False,162.3
ladder,raw/d2/stlsq/kalman,9,raw,2,stlsq,kalman,60,regen-v2,637c6b535a9e,unknown,greenhouse-regen:v1,3,8.328350249531498,5.605077815957228,0.0,3.071198831673905,,False,162.8
ladder,raw/d2/sr3/none,9,raw,2,sr3,none,60,regen-v2,637c6b535a9e,unknown,greenhouse-regen:v1,6,8.003255503638735,4.748838118403311,0.0,2.405856096847713,,False,159.2
ladder,raw/d2/sr3/savgol,9,raw,2,sr3,savgol,60,regen-v2,637c6b535a9e,unknown,greenhouse-regen:v1,3,9.20275615155392,4.989168070916674,0.0,3.0543871731103964,,False,160.5
ladder,raw/d2/sr3/kalman,9,raw,2,sr3,kalman,60,regen-v2,637c6b535a9e,unknown,greenhouse-regen:v1,3,8.328350249531498,5.446482960551056,0.0,3.0702219525333656,,False,162.5
ladder,raw/d2/constrained/none,9,raw,2,constrained,none,60,regen-v2,637c6b535a9e,unknown,greenhouse-regen:v1,6,8.003255503638735,4.748838118403311,0.0,2.405856096847713,,False,161.0
ladder,raw/d2/constrained/savgol,9,raw,2,constrained,savgol,60,regen-v2,637c6b535a9e,unknown,greenhouse-regen:v1,3,9.20275615155392,4.989168070916674,0.0,3.0543871731103964,,False,160.6
ladder,raw/d2/constrained/kalman,9,raw,2,constrained,kalman,60,regen-v2,637c6b535a9e,unknown,greenhouse-regen:v1,3,8.328350249531498,5.446482960551056,0.0,3.0702219525333656,,False,162.4
ladder,raw/d2/ensemble/none,9,raw,2,ensemble,none,60,regen-v2,637c6b535a9e,unknown,greenhouse-regen:v1,49,8.003255503638735,12.643524898456494,0.1,1.0784999559015154,,False,149.5
ladder,raw/d2/ensemble/savgol,9,raw,2,ensemble,savgol,60,regen-v2,637c6b535a9e,unknown,greenhouse-regen:v1,3,9.20275615155392,5.285508232390933,0.0,3.0685774451514702,,False,160.6
ladder,raw/d2/ensemble/kalman,9,raw,2,ensemble,kalman,60,regen-v2,637c6b535a9e,unknown,greenhouse-regen:v1,3,8.328350249531498,5.559276792983731,0.0,3.0709558023478256,,False,164.9
ladder,physics/d1/stlsq/none,9,physics,1,stlsq,none,60,regen-v2,637c6b535a9e,unknown,greenhouse-regen:v1,38,55.19304365767819,28.86157632960353,0.6666666666666666,1.6716038150724812,,True,16.6
ladder,physics/d1/stlsq/savgol,9,physics,1,stlsq,savgol,60,regen-v2,637c6b535a9e,unknown,greenhouse-regen:v1,3,43.59164197984713,5.282859731906775,0.0,3.0685403944759555,,True,38.0
ladder,physics/d1/stlsq/kalman,9,physics,1,stlsq,kalman,60,regen-v2,637c6b535a9e,unknown,greenhouse-regen:v1,3,41.76298874015599,5.605077815957228,0.0,3.071198831673905,,True,38.6
ladder,physics/d1/sr3/none,9,physics,1,sr3,none,60,regen-v2,637c6b535a9e,unknown,greenhouse-regen:v1,17,55.19304365767819,177.712385989897,0.8166666666666667,2.4163472895278484,,True,13.0
ladder,physics/d1/sr3/savgol,9,physics,1,sr3,savgol,60,regen-v2,637c6b535a9e,unknown,greenhouse-regen:v1,3,43.59164197984713,4.983620505360244,0.0,3.05343462979586,,True,38.6
ladder,physics/d1/sr3/kalman,9,physics,1,sr3,kalman,60,regen-v2,637c6b535a9e,unknown,greenhouse-regen:v1,3,41.76298874015599,7.668324530738328,0.0,3.0749579910673432,,True,39.3
ladder,physics/d1/constrained/none,9,physics,1,constrained,none,60,regen-v2,637c6b535a9e,unknown,greenhouse-regen:v1,17,55.19304365767819,177.712385989897,0.8166666666666667,2.4163472895278484,,True,12.9
ladder,physics/d1/constrained/savgol,9,physics,1,constrained,savgol,60,regen-v2,637c6b535a9e,unknown,greenhouse-regen:v1,3,43.59164197984713,4.983620505360244,0.0,3.05343462979586,,True,38.3
ladder,physics/d1/constrained/kalman,9,physics,1,constrained,kalman,60,regen-v2,637c6b535a9e,unknown,greenhouse-regen:v1,3,41.76298874015599,7.668324530738328,0.0,3.0749579910673432,,True,38.7
ladder,physics/d1/ensemble/none,9,physics,1,ensemble,none,60,regen-v2,637c6b535a9e,unknown,greenhouse-regen:v1,38,55.19304365767819,31.45835453453631,0.6666666666666666,1.6734008456552876,,True,16.0
ladder,physics/d1/ensemble/savgol,9,physics,1,ensemble,savgol,60,regen-v2,637c6b535a9e,unknown,greenhouse-regen:v1,3,43.59164197984713,5.273098261062051,0.0,3.0683997824096094,,True,38.5
ladder,physics/d1/ensemble/kalman,9,physics,1,ensemble,kalman,60,regen-v2,637c6b535a9e,unknown,greenhouse-regen:v1,3,41.76298874015599,5.571760615095624,0.0,3.071024628828186,,True,39.2
ladder,physics/d2/stlsq/none,9,physics,2,stlsq,none,60,regen-v2,637c6b535a9e,unknown,greenhouse-regen:v1,271,55.19304365767819,123.27945831677104,0.3166666666666666,0.9457031907130536,,False,238.7
ladder,physics/d2/stlsq/savgol,9,physics,2,stlsq,savgol,60,regen-v2,637c6b535a9e,unknown,greenhouse-regen:v1,17,43.59164197984713,5.282859731906775,0.0,3.0685403944759555,,False,323.3
ladder,physics/d2/stlsq/kalman,9,physics,2,stlsq,kalman,60,regen-v2,637c6b535a9e,unknown,greenhouse-regen:v1,3,41.76298874015599,5.605077815957228,0.0,3.071198831673905,,False,315.0
ladder,physics/d2/sr3/none,9,physics,2,sr3,none,60,regen-v2,637c6b535a9e,unknown,greenhouse-regen:v1,139,55.19304365767819,168.3493151413555,0.9833333333333332,3.5748259948680428,,False,41.4
ladder,physics/d2/sr3/savgol,9,physics,2,sr3,savgol,60,regen-v2,637c6b535a9e,unknown,greenhouse-regen:v1,3,43.59164197984713,5.150661295455547,0.0,3.065819052044929,,False,307.6
ladder,physics/d2/sr3/kalman,9,physics,2,sr3,kalman,60,regen-v2,637c6b535a9e,unknown,greenhouse-regen:v1,3,41.76298874015599,11.468222177523147,0.0,3.0769182554421426,,False,307.8
ladder,physics/d2/constrained/none,9,physics,2,constrained,none,60,regen-v2,637c6b535a9e,unknown,greenhouse-regen:v1,139,55.19304365767819,168.3493151413555,0.9833333333333332,3.5748259948680428,,False,41.4
ladder,physics/d2/constrained/savgol,9,physics,2,constrained,savgol,60,regen-v2,637c6b535a9e,unknown,greenhouse-regen:v1,3,43.59164197984713,5.150661295455547,0.0,3.065819052044929,,False,311.2
ladder,physics/d2/constrained/kalman,9,physics,2,constrained,kalman,60,regen-v2,637c6b535a9e,unknown,greenhouse-regen:v1,3,41.76298874015599,11.468222177523147,0.0,3.0769182554421426,,False,309.1
ladder,physics/d2/ensemble/none,9,physics,2,ensemble,none,60,regen-v2,637c6b535a9e,unknown,greenhouse-regen:v1,267,55.19304365767819,15514.042697229808,1.0,53.13315296384109,,False,16.1
ladder,physics/d2/ensemble/savgol,9,physics,2,ensemble,savgol,60,regen-v2,637c6b535a9e,unknown,greenhouse-regen:v1,8,43.59164197984713,5.152866020642249,0.0333333333333333,3.066984670725923,,False,308.4
ladder,physics/d2/ensemble/kalman,9,physics,2,ensemble,kalman,60,regen-v2,637c6b535a9e,unknown,greenhouse-regen:v1,3,41.76298874015599,5.508073205037856,0.0,3.07065017001171,,False,313.9
ladder,physics_no_cross/d1/stlsq/none,9,physics_no_cross,1,stlsq,none,60,regen-v2,637c6b535a9e,unknown,greenhouse-regen:v1,29,25.288804741650235,10.826289791662308,0.25,1.7100995097893512,,True,25.6
ladder,physics_no_cross/d1/stlsq/savgol,9,physics_no_cross,1,stlsq,savgol,60,regen-v2,637c6b535a9e,unknown,greenhouse-regen:v1,3,13.996395733704592,5.282859731906775,0.0,3.0685403944759555,,True,32.2
ladder,physics_no_cross/d1/stlsq/kalman,9,physics_no_cross,1,stlsq,kalman,60,regen-v2,637c6b535a9e,unknown,greenhouse-regen:v1,3,13.937435396843677,5.605077815957228,0.0,3.071198831673905,,True,32.6
ladder,physics_no_cross/d1/sr3/none,9,physics_no_cross,1,sr3,none,60,regen-v2,637c6b535a9e,unknown,greenhouse-regen:v1,9,25.288804741650235,5.5668784660886885,0.0166666666666666,2.8976555368938244,,True,31.5
ladder,physics_no_cross/d1/sr3/savgol,9,physics_no_cross,1,sr3,savgol,60,regen-v2,637c6b535a9e,unknown,greenhouse-regen:v1,3,13.996395733704592,4.983567798481752,0.0,3.053425146479509,,True,31.9
ladder,physics_no_cross/d1/sr3/kalman,9,physics_no_cross,1,sr3,kalman,60,regen-v2,637c6b535a9e,unknown,greenhouse-regen:v1,3,13.937435396843677,5.572057327466611,0.0,3.0710262400125874,,True,32.6
ladder,physics_no_cross/d1/constrained/none,9,physics_no_cross,1,constrained,none,60,regen-v2,637c6b535a9e,unknown,greenhouse-regen:v1,9,25.288804741650235,5.5668784660886885,0.0166666666666666,2.8976555368938244,,True,31.5
ladder,physics_no_cross/d1/constrained/savgol,9,physics_no_cross,1,constrained,savgol,60,regen-v2,637c6b535a9e,unknown,greenhouse-regen:v1,3,13.996395733704592,4.983567798481752,0.0,3.053425146479509,,True,32.5
ladder,physics_no_cross/d1/constrained/kalman,9,physics_no_cross,1,constrained,kalman,60,regen-v2,637c6b535a9e,unknown,greenhouse-regen:v1,3,13.937435396843677,5.572057327466611,0.0,3.0710262400125874,,True,32.2
ladder,physics_no_cross/d1/ensemble/none,9,physics_no_cross,1,ensemble,none,60,regen-v2,637c6b535a9e,unknown,greenhouse-regen:v1,29,25.288804741650235,11.30989786816909,0.25,1.710415510382997,,True,26.0
ladder,physics_no_cross/d1/ensemble/savgol,9,physics_no_cross,1,ensemble,savgol,60,regen-v2,637c6b535a9e,unknown,greenhouse-regen:v1,3,13.996395733704592,5.292876701906669,0.0,3.0686781747157257,,True,32.2
ladder,physics_no_cross/d1/ensemble/kalman,9,physics_no_cross,1,ensemble,kalman,60,regen-v2,637c6b535a9e,unknown,greenhouse-regen:v1,3,13.937435396843677,5.649851515682019,0.0,3.071413700816172,,True,32.7
ladder,physics_no_cross/d2/stlsq/none,9,physics_no_cross,2,stlsq,none,60,regen-v2,637c6b535a9e,unknown,greenhouse-regen:v1,123,25.288804741650235,43.82167900410552,0.1833333333333333,0.974620059746848,,False,180.4
ladder,physics_no_cross/d2/stlsq/savgol,9,physics_no_cross,2,stlsq,savgol,60,regen-v2,637c6b535a9e,unknown,greenhouse-regen:v1,3,13.996395733704592,5.282859731906775,0.0,3.0685403944759555,,False,215.6
ladder,physics_no_cross/d2/stlsq/kalman,9,physics_no_cross,2,stlsq,kalman,60,regen-v2,637c6b535a9e,unknown,greenhouse-regen:v1,3,13.937435396843677,5.605077815957228,0.0,3.071198831673905,,False,216.1
ladder,physics_no_cross/d2/sr3/none,9,physics_no_cross,2,sr3,none,60,regen-v2,637c6b535a9e,unknown,greenhouse-regen:v1,37,25.288804741650235,728.3731206206343,1.0,5.4885702398953145,,False,15.2
ladder,physics_no_cross/d2/sr3/savgol,9,physics_no_cross,2,sr3,savgol,60,regen-v2,637c6b535a9e,unknown,greenhouse-regen:v1,3,13.996395733704592,5.058049357141429,0.0,3.061628476554461,,False,213.1
ladder,physics_no_cross/d2/sr3/kalman,9,physics_no_cross,2,sr3,kalman,60,regen-v2,637c6b535a9e,unknown,greenhouse-regen:v1,3,13.937435396843677,9.244769474329289,0.0,3.0759867254639475,,False,215.7
ladder,physics_no_cross/d2/constrained/none,9,physics_no_cross,2,constrained,none,60,regen-v2,637c6b535a9e,unknown,greenhouse-regen:v1,37,25.288804741650235,728.3731206206343,1.0,5.4885702398953145,,False,15.2
ladder,physics_no_cross/d2/constrained/savgol,9,physics_no_cross,2,constrained,savgol,60,regen-v2,637c6b535a9e,unknown,greenhouse-regen:v1,3,13.996395733704592,5.058049357141429,0.0,3.061628476554461,,False,215.5
ladder,physics_no_cross/d2/constrained/kalman,9,physics_no_cross,2,constrained,kalman,60,regen-v2,637c6b535a9e,unknown,greenhouse-regen:v1,3,13.937435396843677,9.244769474329289,0.0,3.0759867254639475,,False,216.1
ladder,physics_no_cross/d2/ensemble/none,9,physics_no_cross,2,ensemble,none,60,regen-v2,637c6b535a9e,unknown,greenhouse-regen:v1,120,25.288804741650235,68435.67500818253,1.0,27.237494440135382,,False,8.6
ladder,physics_no_cross/d2/ensemble/savgol,9,physics_no_cross,2,ensemble,savgol,60,regen-v2,637c6b535a9e,unknown,greenhouse-regen:v1,3,13.996395733704592,5.278373474408278,0.0,3.0684765776986924,,False,217.5
ladder,physics_no_cross/d2/ensemble/kalman,9,physics_no_cross,2,ensemble,kalman,60,regen-v2,637c6b535a9e,unknown,greenhouse-regen:v1,3,13.937435396843677,5.690489985031013,0.0,3.0715923401998526,,False,217.3
