step,time_h,controller,solver_failures,t_in,co2,rh,T_out,rad,co2_out,sin_h,cos_h,uBoil,uCO2,uThScr,uVent,uLamp,uBlScr
0,0.0,physics_sindy_mpc,0,16.5,414.60009765625,90.0,6.300000190734863,0.0,400.0,0.0,1.0,1.0,1.0,0.6499268580766163,0.0,0.0,0.39775117718808856
1,0.25,physics_sindy_mpc,0,14.240867614746094,805.0767822265625,94.86334991455078,6.300000190734863,0.0,400.0,0.06540312923014306,0.9978589232386035,1.0,0.3196276558995201,1.0,0.26335740152151554,0.0,0.0
2,0.5,physics_sindy_mpc,0,14.120885848999023,857.3265380859375,89.77269744873047,6.550179958343506,0.0,400.0,0.13052619222005157,0.9914448613738104,1.0,0.00375898687775394,1.0,0.2810594207828039,0.0,1.0
3,0.75,physics_sindy_mpc,0,14.202824592590332,778.9271850585938,86.78561401367188,6.80035924911499,0.0,400.0,0.19509032201612825,0.9807852804032304,1.0,0.06394086294841632,1.0,0.15946565086287323,0.0,1.0
4,1.0,physics_sindy_mpc,0,14.817609786987305,747.2984619140625,84.36094665527344,7.050539016723633,0.0,400.0,0.25881904510252074,0.9659258262890683,1.0,0.07968647614407133,1.0,0.07119226467383785,0.0,1.0
5,1.25,physics_sindy_mpc,0,15.647313117980957,738.98779296875,83.09288024902344,7.299997329711914,0.0,400.0,0.3214394653031616,0.9469301294951057,0.8033169547295459,0.09345346822932028,1.0,0.07138500577570302,0.0,1.0
6,1.5,physics_sindy_mpc,0,16.199182510375977,735.6493530273438,82.99375915527344,7.249820232391357,0.0,400.0,0.3826834323650898,0.9238795325112867,0.6722515308591793,0.12442443322432166,1.0,0.09600945605980989,0.0,1.0
7,1.75,physics_sindy_mpc,0,16.385374069213867,737.1603393554688,83.40589141845703,7.199784278869629,0.0,400.0,0.44228869021900125,0.8968727415326884,0.6435806785722606,0.14530402744061338,1.0,0.11896372062184753,0.0,1.0
8,2.0,physics_sindy_mpc,0,16.370851516723633,740.6287841796875,83.84137725830078,7.1497483253479,0.0,400.0,0.49999999999999994,0.8660254037844387,0.6709626098847244,0.15241714623337269,1.0,0.13276724809870646,0.0,1.0
9,2.25,physics_sindy_mpc,0,16.320011138916016,743.00634765625,84.03097534179688,7.099533557891846,0.0,400.0,0.5555702330196022,0.8314696123025452,0.7000521160406655,0.15182585377566785,1.0,0.1360857505697016,0.0,1.0
10,2.5,physics_sindy_mpc,0,16.26568603515625,742.9205322265625,83.91526794433594,6.923867702484131,0.0,400.0,0.6087614290087207,0.7933533402912352,0.7085774048581308,0.1464740568701318,1.0,0.1279184963513679,0.0,1.0
11,2.75,physics_sindy_mpc,0,16.237409591674805,740.6355590820312,83.71072387695312,6.74874210357666,0.0,400.0,0.6593458151000688,0.7518398074789774,0.7028812068157206,0.14431588187894046,1.0,0.1179364060382592,0.0,1.0
12,3.0,physics_sindy_mpc,0,16.214645385742188,738.1716918945312,83.56832122802734,6.573616027832031,0.0,400.0,0.7071067811865476,0.7071067811865476,0.699891590831,0.14461493271592293,1.0,0.1097817540611483,0.0,1.0
13,3.25,physics_sindy_mpc,0,16.182607650756836,736.3834838867188,83.49140930175781,6.3984904289245605,0.00030608384986408055,400.0,0.7518398074789774,0.6593458151000688,0.7056565186922238,0.1451044481476809,1.0,0.10285243219362833,0.0,1.0
14,3.5,physics_sindy_mpc,0,16.187463760375977,736.7506713867188,83.45134735107422,6.223364353179932,0.7009345889091492,400.0,0.7933533402912352,0.6087614290087207,0.7131799909496596,0.14330559978520127,1.0,0.09809931065841478,0.0,1.0
15,3.75,physics_sindy_mpc,0,16.209884643554688,737.7562866210938,83.42463684082031,6.048238754272461,1.3958783149719238,400.0,0.8314696123025451,0.5555702330196024,0.7196096231478939,0.14079057489062066,1.0,0.09416048389462812,0.0,1.0
16,4.0,physics_sindy_mpc,0,16.243892669677734,738.93359375,83.38773345947266,5.873112678527832,2.0908219814300537,400.0,0.8660254037844386,0.5000000000000001,0.7151894444810248,0.13859767875053317,1.0,0.0911880188172513,0.0,1.0
17,4.25,physics_sindy_mpc,0,16.277036666870117,740.2501220703125,83.373779296875,5.700078010559082,2.803941488265991,400.0,0.8968727415326884,0.44228869021900125,0.6880469204862812,0.1430917158435683,1.0,0.0943250702403511,0.0,1.0
18,4.5,physics_sindy_mpc,0,16.347049713134766,743.3128662109375,83.65484619140625,5.801222324371338,18.242271423339844,400.0,0.9238795325112867,0.38268343236508984,0.6472462161292905,0.16727520249258154,1.0,0.1249804661875428,0.0,1.0
19,4.75,physics_sindy_mpc,0,16.32170867919922,750.2365112304688,84.05696105957031,5.901294231414795,33.53103256225586,400.0,0.9469301294951056,0.3214394653031617,0.6188046120965799,0.18515304066357616,1.0,0.15922767987916842,0.0,1.0
20,5.0,physics_sindy_mpc,0,16.25761604309082,758.55859375,84.39852142333984,6.001366138458252,48.819793701171875,400.0,0.9659258262890683,0.25881904510252074,0.584729433038324,0.19625663414575362,1.0,0.19214370859118254,0.0,1.0
21,5.25,physics_sindy_mpc,0,16.188337326049805,766.7141723632812,84.73619079589844,6.1025919914245605,64.04925537109375,400.0,0.9807852804032304,0.19509032201612833,0.5512164644590711,0.2081664892006452,1.0,0.22556228295918812,0.0,1.0
22,5.5,physics_sindy_mpc,0,16.286069869995117,776.5097045898438,84.84355163574219,6.506038665771484,73.05296325683594,400.0,0.9914448613738104,0.1305261922200517,0.4702858217162621,0.21804173061140378,1.0,0.25736023060417795,0.0,1.0
23,5.75,physics_sindy_mpc,0,16.411718368530273,787.01611328125,85.25253295898438,6.9063262939453125,82.08722686767578,400.0,0.9978589232386035,0.06540312923014327,0.4057494126660005,0.23434042387178367,1.0,0.2979389488155314,0.0,1.0
24,6.0,physics_sindy_mpc,0,16.499826431274414,800.008544921875,85.87861633300781,7.306613922119141,91.12149810791016,400.0,1.0,6.123233995736766e-17,0.3731237374649211,0.2496782542732561,1.0,0.3448058708195256,0.0,1.0
25,6.25,physics_sindy_mpc,0,16.584121704101562,815.14990234375,86.49748992919922,7.703645706176758,100.27169799804688,400.0,0.9978589232386035,-0.06540312923014314,0.35282539678955427,0.2605200673172266,1.0,0.389627854742065,0.0,1.0
26,6.5,physics_sindy_mpc,0,16.699188232421875,829.40283203125,87.00859069824219,7.852695941925049,131.8116455078125,400.0,0.9914448613738104,-0.1305261922200516,0.33829936832468527,0.2674962090024796,1.0,0.40000000993383283,0.0,0.8708137706878594
27,6.75,physics_sindy_mpc,0,16.848388671875,837.8770141601562,89.7336196899414,8.002803802490234,163.0841064453125,400.0,0.9807852804032304,-0.1950903220161282,0.5705066835425802,0.3454025876259225,1.0,0.400000009866031,0.0,0.30130269397745607
28,7.0,physics_sindy_mpc,0,17.87766456604004,847.1775512695312,89.12641143798828,8.152911186218262,194.35658264160156,400.0,0.9659258262890683,-0.25881904510252063,0.3461389179811998,0.3790746814265871,0.9864805280894636,0.40000000991477314,0.0,0.19746444737984348
29,7.25,physics_sindy_mpc,0,18.375951766967773,828.5631713867188,88.91202545166016,8.303921699523926,224.9983673095703,400.0,0.9469301294951057,-0.3214394653031616,0.16164722747572383,0.4646852260194588,0.9542522215363965,0.40000000971160354,0.0,0.06058417506150131
30,7.5,physics_sindy_mpc,0,17.421579360961914,750.5811767578125,87.88404846191406,8.555212020874023,224.29107666015625,400.0,0.9238795325112868,-0.3826834323650895,0.1992333932422751,0.5846200967118257,0.9294813741615471,0.4000000097114534,0.0,0.11217369453986813
31,7.75,physics_sindy_mpc,0,16.324642181396484,705.9161987304688,86.28939056396484,8.805392265319824,223.59613037109375,400.0,0.8968727415326884,-0.44228869021900113,0.22734543998460086,0.6106093524317922,0.901065130863129,0.4000000096878065,0.0,0.35329508397069465
32,8.0,physics_sindy_mpc,0,15.369884490966797,669.01123046875,83.89718627929688,9.055571556091309,222.90118408203125,400.0,0.8660254037844387,-0.4999999999999998,0.12136822626745358,0.5924920607892862,0.8593238981036023,0.40000000952414533,0.0,0.7361447147620817
33,8.25,physics_sindy_mpc,0,14.468362808227539,631.71533203125,81.28716278076172,9.302530288696289,222.2988739013672,400.0,0.8314696123025451,-0.5555702330196023,0.0,0.5618207344660451,0.800652187994855,0.36459069619729984,0.0,1.0
34,8.5,physics_sindy_mpc,0,16.4531192779541,824.14892578125,84.36786651611328,9.376779556274414,247.81532287597656,400.0,0.7933533402912352,-0.6087614290087207,0.0,0.3658233133787425,0.7332591763652342,0.4000000094803997,0.0,0.8138752385286888
35,8.75,physics_sindy_mpc,0,14.427406311035156,588.7229614257812,80.14546203613281,9.45183277130127,272.8332824707031,400.0,0.7518398074789774,-0.6593458151000688,0.0,0.6678054269961771,0.6600983583615464,0.366017687054825,0.0,1.0
36,9.0,physics_sindy_mpc,0,16.58852767944336,832.147705078125,84.6677017211914,9.526886940002441,297.85125732421875,400.0,0.7071067811865476,-0.7071067811865475,0.0,0.4229962279275155,0.5836896040208979,0.40000000910203376,0.0,0.6463807382025059
37,9.25,physics_sindy_mpc,0,14.167488098144531,540.0103759765625,76.7735595703125,9.602988243103027,323.1431884765625,400.0,0.659345815100069,-0.7518398074789773,0.0,0.809629593086919,0.5053542937820086,0.3493430559265658,0.0,0.9871761339438668
38,9.5,physics_sindy_mpc,0,16.73867416381836,839.7182006835938,85.36284637451172,9.779654502868652,372.83929443359375,400.0,0.6087614290087209,-0.793353340291235,0.0,0.5258996848694354,0.4167599452733861,0.4000000090455452,0.0,0.3072911257169284
39,9.75,physics_sindy_mpc,0,14.5609769821167,508.5943298339844,71.59185028076172,9.954780578613281,422.1802978515625,400.0,0.5555702330196025,-0.831469612302545,0.0,1.0,0.3656399822533039,0.3425318565609747,0.0,0.5823816190850803
40,10.0,physics_sindy_mpc,0,15.272647857666016,591.7698974609375,70.22489929199219,10.12990665435791,471.52130126953125,400.0,0.49999999999999994,-0.8660254037844387,0.0,1.0,0.3259447898125023,0.336758319749891,0.0,0.29545208634518727
41,10.25,physics_sindy_mpc,0,15.600967407226562,564.2762451171875,66.22360229492188,10.299643516540527,519.9578857421875,400.0,0.4422886902190017,-0.8968727415326881,0.0,1.0,0.31545540934032346,0.2920248366019717,0.0,0.05646922302624666
42,10.5,physics_sindy_mpc,0,16.267696380615234,568.68359375,66.04119873046875,10.222789764404297,531.5979614257812,400.0,0.3826834323650899,-0.9238795325112867,0.0,1.0,0.30355315677356665,0.2824328925474888,0.0,0.0
43,10.75,physics_sindy_mpc,0,16.616647720336914,569.88232421875,65.57398223876953,10.147735595703125,543.4119873046875,400.0,0.32143946530316175,-0.9469301294951056,0.0,1.0,0.29202660953279175,0.28017346110079056,0.0,0.0
44,11.0,physics_sindy_mpc,0,16.829204559326172,569.5952758789062,64.98353576660156,10.072681427001953,555.22607421875,400.0,0.258819045102521,-0.9659258262890682,0.0,1.0,0.2818745423586115,0.2762698054413605,0.0,0.0
45,11.25,physics_sindy_mpc,0,17.060134887695312,569.9070434570312,64.31478881835938,10.001429557800293,567.139892578125,400.0,0.19509032201612816,-0.9807852804032304,0.0,1.0,0.2722000139721728,0.2713620820871911,0.0,0.0
46,11.5,physics_sindy_mpc,0,17.48939323425293,570.7003173828125,63.58919143676758,10.258088111877441,585.3063354492188,400.0,0.130526192220052,-0.9914448613738104,0.0,1.0,0.25946799826669387,0.27505292187683544,0.0,0.0
47,11.75,physics_sindy_mpc,0,17.82030487060547,567.6566162109375,62.880462646484375,10.508267402648926,603.3748779296875,400.0,0.06540312923014312,-0.9978589232386035,0.0,1.0,0.24801289698129222,0.2785657334017358,0.0,0.0
48,12.0,physics_sindy_mpc,0,18.146568298339844,564.3831787109375,62.15494918823242,10.75844669342041,621.4434204101562,400.0,1.2246467991473532e-16,-1.0,0.0,1.0,0.2350926561107867,0.28378699958050807,0.0,0.0
49,12.25,physics_sindy_mpc,0,18.446388244628906,560.5064697265625,61.38385772705078,11.00751781463623,638.7665405273438,400.0,-0.06540312923014287,-0.9978589232386035,0.0,1.0,0.2224614997431653,0.29495631502683733,0.0,0.0
50,12.5,physics_sindy_mpc,0,18.425086975097656,560.6004028320312,61.031734466552734,11.207045555114746,620.1973266601562,400.0,-0.13052619222005177,-0.9914448613738104,0.0,1.0,0.2090423996122884,0.29077637153085006,0.0,0.0
51,12.75,physics_sindy_mpc,0,18.54716682434082,567.4697265625,60.9852180480957,11.40718936920166,602.1287841796875,400.0,-0.19509032201612792,-0.9807852804032305,0.0,1.0,0.1889599551530651,0.2885481239324125,0.0,0.0
52,13.0,physics_sindy_mpc,0,18.64751434326172,574.5947875976562,60.97568130493164,11.607333183288574,584.0602416992188,400.0,-0.2588190451025208,-0.9659258262890683,0.0,1.0,0.1685664747140245,0.28595031064834137,0.0,0.0
53,13.25,physics_sindy_mpc,0,18.74176597595215,582.1982421875,61.003910064697266,11.799604415893555,566.6776733398438,400.0,-0.32143946530316153,-0.9469301294951057,0.0,1.0,0.1656443045405471,0.28538597899646345,0.0,0.0
54,13.5,physics_sindy_mpc,0,18.61736488342285,577.8767700195312,60.67765808105469,11.74809455871582,568.1084594726562,400.0,-0.38268343236508967,-0.9238795325112868,0.0,1.0,0.19010851665361508,0.2880579643611598,0.0,0.0
55,13.75,physics_sindy_mpc,0,18.45486831665039,571.9551391601562,60.244361877441406,11.69805908203125,569.4983520507812,400.0,-0.44228869021900147,-0.8968727415326883,0.0,1.0,0.23719280718216876,0.294396417018671,0.0,0.0
56,14.0,physics_sindy_mpc,0,18.262245178222656,565.6170654296875,59.759307861328125,11.648022651672363,570.8882446289062,400.0000305175781,-0.4999999999999997,-0.8660254037844388,0.0,1.0,0.2920664902573975,0.3033431008709617,0.0,0.0
57,14.25,physics_sindy_mpc,0,18.05722999572754,559.5066528320312,59.271358489990234,11.59701156616211,571.8034057617188,399.9999694824219,-0.555570233019602,-0.8314696123025455,0.0,1.0,0.3562816754839299,0.3137792724559174,0.0,0.0
58,14.5,physics_sindy_mpc,0,17.488277435302734,560.8309936523438,59.21467971801758,11.495902061462402,524.5107421875,400.0,-0.6087614290087207,-0.7933533402912352,0.0,1.0,0.4296436143383106,0.28768658046513607,0.0,0.0
59,14.75,physics_sindy_mpc,0,17.173046112060547,578.0935668945312,60.66461181640625,11.395830154418945,478.64447021484375,400.0,-0.6593458151000688,-0.7518398074789774,0.0,1.0,0.49651214241715214,0.28384050470024913,0.0,0.14563914375032666
60,15.0,physics_sindy_mpc,0,16.39168357849121,595.3831787109375,64.11353302001953,11.295758247375488,432.7781677246094,400.0,-0.7071067811865471,-0.7071067811865479,0.0,1.0,0.5508425594012483,0.2849969651232952,0.0,0.37385825689967944
61,15.25,physics_sindy_mpc,0,15.591536521911621,615.6649780273438,66.69790649414062,11.192719459533691,387.46795654296875,400.0,-0.7518398074789773,-0.6593458151000691,0.0,0.8662529606018636,0.5995768173693294,0.2863223971089318,0.0,0.7156530770722607
62,15.5,physics_sindy_mpc,0,15.245763778686523,645.5961303710938,70.3671646118164,10.93903636932373,359.8929748535156,400.0,-0.7933533402912349,-0.6087614290087209,0.0,0.7155636490489867,0.6485292143430778,0.2997777421804483,0.0,0.9335643286276701
63,15.75,physics_sindy_mpc,0,16.089895248413086,792.6168823242188,80.40536499023438,10.688857078552246,332.09521484375,400.0,-0.8314696123025452,-0.5555702330196022,0.0,0.41690373534810593,0.7004901067815477,0.3447524286145787,0.0,0.8256364112306711
64,16.0,physics_sindy_mpc,0,14.754228591918945,624.5587768554688,75.8379898071289,10.438676834106445,304.2974548339844,400.0,-0.8660254037844385,-0.5000000000000004,0.0,0.5887208103965216,0.7567424612058333,0.2774027873799716,0.0,1.0
65,16.25,physics_sindy_mpc,0,16.309297561645508,845.4905395507812,83.7441635131836,10.186495780944824,276.177490234375,400.0,-0.8968727415326883,-0.44228869021900136,5.504751719082784e-08,0.3102831138363864,0.8309639684715294,0.4000000089906657,0.0,0.9518867445343723
66,16.5,physics_sindy_mpc,0,15.3599853515625,783.5859375,86.53431701660156,9.85981273651123,235.61785888671875,400.0,-0.9238795325112868,-0.3826834323650895,0.6484775578041623,0.41369385765867017,0.9263720769828288,0.4000000098729114,0.0,0.7604907461960078
67,16.75,physics_sindy_mpc,0,14.441227912902832,719.3982543945312,84.53711700439453,9.534579277038574,195.31112670898438,400.0,-0.9469301294951056,-0.3214394653031618,0.7443122643818584,0.42547002748359397,0.994319625620488,0.33059779106220094,0.0,1.0
68,17.0,physics_sindy_mpc,0,15.442462921142578,847.9544067382812,85.86251068115234,9.209345817565918,155.00439453125,400.0,-0.9659258262890683,-0.25881904510252063,0.8156053325541536,0.1679743301376128,1.0,0.3102153817341853,0.0,1.0
69,17.25,physics_sindy_mpc,0,15.79124927520752,845.1670532226562,86.17547607421875,8.884112358093262,115.1538314819336,400.0,-0.9807852804032303,-0.19509032201612866,0.9080053151263632,0.12795248112750557,1.0,0.27678054082166625,0.0,1.0
70,17.5,physics_sindy_mpc,0,16.065380096435547,823.985107421875,85.1624526977539,8.558878898620605,88.23987579345703,400.0,-0.9914448613738104,-0.13052619222005163,0.880655384763544,0.11130755775014557,1.0,0.21736400243606752,0.0,1.0
71,17.75,physics_sindy_mpc,0,16.268648147583008,797.5264282226562,83.95651245117188,8.233644485473633,61.1370735168457,400.0,-0.9978589232386035,-0.06540312923014273,0.8186223381263977,0.10311798883936887,1.0,0.15546843072942937,0.0,1.0
72,18.0,physics_sindy_mpc,0,16.359508514404297,771.2157592773438,83.03437805175781,7.908411026000977,34.03426742553711,400.0,-1.0,-1.8369701987210297e-16,0.7835364934984524,0.1019231144847784,1.0,0.10022975295016788,0.0,1.0
73,18.25,physics_sindy_mpc,0,16.34450340270996,753.0462036132812,82.52904510498047,7.584028244018555,8.159543991088867,400.0,-0.9978589232386036,0.06540312923014237,0.7879747250238123,0.09820348952331884,1.0,0.056424881763186885,0.0,1.0
74,18.5,physics_sindy_mpc,0,16.521718978881836,747.3165893554688,82.1655044555664,7.2842559814453125,6.1406660079956055,400.0,-0.9914448613738105,0.13052619222005127,0.7688916713962383,0.09291768350731783,1.0,0.0417253033315517,0.0,1.0
75,18.75,physics_sindy_mpc,0,16.682119369506836,747.0823364257812,81.99238586425781,6.984040260314941,4.055835247039795,400.0,-0.9807852804032304,0.1950903220161283,0.7563982803791743,0.08132645028068881,1.0,0.03405064170214387,0.0,1.0
76,19.0,physics_sindy_mpc,0,16.78101348876953,746.954345703125,81.91895294189453,6.68382453918457,1.9710041284561157,400.0,-0.9659258262890684,0.2588190451025203,0.7614003415998272,0.06968539653590941,1.0,0.026690616161482737,0.0,1.0
77,19.25,physics_sindy_mpc,0,16.843481063842773,747.3151245117188,81.82088470458984,6.3803277015686035,0.0,400.0000305175781,-0.9469301294951057,0.3214394653031615,0.7747663108456866,0.054741653711783765,1.0,0.017237762645038963,0.0,1.0
78,19.5,physics_sindy_mpc,0,16.899837493896484,748.5628662109375,81.69170379638672,5.97785758972168,0.0,400.0,-0.923879532511287,0.38268343236508917,0.7913083679069077,0.03601570618118453,1.0,0.00640822865685984,0.0,1.0
79,19.75,physics_sindy_mpc,0,16.974008560180664,752.8477172851562,81.51612854003906,5.577569961547852,0.0,400.0,-0.8968727415326884,0.442288690219001,0.7942448913424682,0.013084605631331615,1.0,0.0,0.0,1.0
80,20.0,physics_sindy_mpc,0,17.032142639160156,757.6278076171875,81.35675048828125,5.177282333374023,0.0,400.0,-0.8660254037844386,0.5000000000000001,0.7820613132971481,0.0,1.0,0.0,0.0,1.0
81,20.25,physics_sindy_mpc,0,17.025604248046875,759.4779663085938,81.24658203125,4.791885852813721,0.0,400.0,-0.8314696123025455,0.5555702330196018,0.7815373065890537,0.0,1.0,0.0,0.0,1.0
82,20.5,physics_sindy_mpc,0,17.027210235595703,761.7175903320312,81.08732604980469,4.69417667388916,0.0,400.0,-0.7933533402912357,0.6087614290087199,0.7714590670580576,0.0,1.0,0.0,0.0,1.0
83,20.75,physics_sindy_mpc,0,17.021066665649414,764.2084350585938,80.98787689208984,4.594104766845703,0.0,400.0,-0.7518398074789772,0.6593458151000691,0.76130012349075,0.0,1.0,0.0,0.0,1.0
84,21.0,physics_sindy_mpc,0,16.999698638916016,766.93798828125,80.95305633544922,4.494032859802246,0.0,400.0,-0.7071067811865477,0.7071067811865474,0.7552595814601606,0.0,1.0,0.0,0.0,1.0
85,21.25,physics_sindy_mpc,0,16.96538543701172,769.9057006835938,80.95206451416016,4.3950371742248535,0.0,400.0,-0.6593458151000687,0.7518398074789775,0.7527382515871793,0.0,1.0,0.0,0.0,1.0
86,21.5,physics_sindy_mpc,0,16.92379379272461,772.8645629882812,80.9554443359375,4.3204169273376465,0.0,400.0,-0.608761429008721,0.7933533402912349,0.7514027683193003,0.0,1.0,0.0,0.0,1.0
87,21.75,physics_sindy_mpc,0,16.87826919555664,775.753173828125,80.95365142822266,4.245363235473633,0.0,400.0,-0.555570233019603,0.8314696123025447,0.7506125908241248,0.0,1.0,0.0,0.0,1.0
88,22.0,physics_sindy_mpc,0,16.83068084716797,778.5779418945312,80.94468688964844,4.170309066772461,0.0,400.0,-0.5000000000000004,0.8660254037844384,0.7498629584017122,0.0,1.0,0.0,0.0,1.0
89,22.25,physics_sindy_mpc,0,16.781938552856445,781.3444213867188,80.93013000488281,4.095255374908447,0.0,400.0,-0.4422886902190014,0.8968727415326883,0.7490021630946379,0.0,1.0,0.0,0.0,1.0
90,22.5,physics_sindy_mpc,0,16.73232078552246,784.0558471679688,80.91226196289062,4.020201206207275,0.0,400.0,-0.38268343236508956,0.9238795325112868,0.7480951843831017,0.0,1.0,0.0,0.0,1.0
91,22.75,physics_sindy_mpc,0,16.681962966918945,786.7149658203125,80.89287567138672,3.9451472759246826,0.0,400.0,-0.32143946530316186,0.9469301294951056,0.7471814897298769,0.0,1.0,0.0,0.0,1.0
92,23.0,physics_sindy_mpc,0,16.630908966064453,789.3239135742188,80.87316131591797,3.87009334564209,0.0,400.0,-0.25881904510252157,0.9659258262890681,0.7460339609083473,0.0,1.0,0.0,0.0,1.0
93,23.25,physics_sindy_mpc,0,16.57950782775879,791.8923950195312,80.85342407226562,3.7962679862976074,0.0,400.0,-0.19509032201612872,0.9807852804032303,0.7440375995381469,0.0,1.0,0.0,0.0,1.0
94,23.5,physics_sindy_mpc,0,16.535005569458008,794.7506103515625,80.83422088623047,3.746657133102417,0.0,400.0,-0.13052619222005168,0.9914448613738104,0.739901018931723,0.0,1.0,0.0,0.0,1.0
95,23.75,physics_sindy_mpc,0,16.491689682006836,797.96337890625,80.83512115478516,3.6966211795806885,0.0,400.0,-0.0654031292301428,0.9978589232386035,0.7361367794571329,0.0,1.0,0.0,0.0,1.0
96,24.0,physics_sindy_mpc,0,16.44748306274414,801.5298461914062,80.85277557373047,3.64658522605896,0.0,400.0,0.0,1.0,0.7355734538110923,0.0,1.0,0.0,0.0,1.0
97,24.25,physics_sindy_mpc,0,16.40293312072754,805.438232421875,80.87213134765625,3.5906848907470703,0.0,400.0,0.06540312923014306,0.9978589232386035,0.7415107387697099,0.0,1.0,0.002007765861195594,0.0,1.0
98,24.5,physics_sindy_mpc,0,16.32229232788086,806.9310302734375,80.87879180908203,3.3593099117279053,0.0,400.0,0.13052619222005157,0.9914448613738104,0.759968831669735,0.0,1.0,0.0,0.0,1.0
99,24.75,physics_sindy_mpc,0,16.260805130004883,810.0286254882812,80.7565689086914,3.134148120880127,0.0,400.0,0.19509032201612825,0.9807852804032304,0.774230646138086,0.0,1.0,0.0,0.0,1.0
100,25.0,physics_sindy_mpc,0,16.20625114440918,813.8850708007812,80.57707214355469,2.9089863300323486,0.0,400.0,0.25881904510252074,0.9659258262890683,0.7845243523592941,0.0,1.0,0.0,0.0,1.0
101,25.25,physics_sindy_mpc,0,16.159549713134766,817.7431640625,80.36293029785156,2.680328130722046,0.0,400.0,0.3214394653031616,0.9469301294951057,0.7937583807562546,0.0,1.0,0.0,0.0,1.0
102,25.5,physics_sindy_mpc,0,16.134374618530273,821.6300048828125,80.12974548339844,2.3782172203063965,0.0,400.0,0.3826834323650898,0.9238795325112867,0.8119204867724126,0.0,1.0,0.0,0.0,1.0
103,25.75,physics_sindy_mpc,0,16.1285400390625,825.53955078125,79.88449096679688,2.0780014991760254,0.0,400.0,0.44228869021900125,0.8968727415326884,0.8325071016935313,0.0,1.0,0.0,1.9055924668625863e-08,1.0
104,26.0,physics_sindy_mpc,0,16.14377784729004,829.4779663085938,79.6104736328125,1.7777857780456543,0.0,400.0,0.49999999999999994,0.8660254037844387,0.8424940351981914,0.0,1.0,0.0,0.01012944458647889,1.0
105,26.25,physics_sindy_mpc,0,16.00932502746582,832.51953125,82.11680603027344,1.5029778480529785,0.0,400.0,0.5555702330196022,0.8314696123025452,0.9471309253480104,0.0,1.0,0.0,0.0,1.0
106,26.5,physics_sindy_mpc,0,16.318674087524414,837.2554931640625,79.51614379882812,1.607548475265503,0.0,400.0,0.6087614290087207,0.7933533402912352,0.8460112785462683,0.0,1.0,0.0,0.0,1.0
107,26.75,physics_sindy_mpc,0,16.453901290893555,841.455810546875,78.85133361816406,1.70762038230896,0.0,400.0,0.6593458151000688,0.7518398074789774,0.7479733291588239,0.0,1.0,0.005147838785953436,0.0,1.0
108,27.0,physics_sindy_mpc,0,16.416399002075195,838.3211059570312,79.04305267333984,1.807692289352417,0.0,400.0,0.7071067811865476,0.7071067811865476,0.6929204301888348,0.0,1.0,0.002101602533909414,0.0,1.0
109,27.25,physics_sindy_mpc,0,16.328651428222656,836.9611206054688,79.49916076660156,1.9026262760162354,0.02219252660870552,400.0,0.7518398074789774,0.6593458151000688,0.6763183171896009,0.0,1.0,0.0,0.0,1.0
110,27.5,physics_sindy_mpc,0,16.183879852294922,839.3604736328125,80.0537109375,1.9269590377807617,0.7488617300987244,400.0,0.7933533402912352,0.6087614290087207,0.7068806134947224,0.0,1.0,0.0,0.0,1.0
111,27.75,physics_sindy_mpc,0,16.036853790283203,842.6566772460938,80.38259887695312,1.951977014541626,1.443805456161499,400.0,0.8314696123025451,0.5555702330196024,0.7449104274326143,0.0,1.0,0.0,0.0,1.0
112,28.0,physics_sindy_mpc,0,15.931015014648438,846.0516357421875,80.42335510253906,1.9769949913024902,2.138749122619629,400.0,0.8660254037844386,0.5000000000000001,0.7614138537340267,0.0,1.0,0.0,0.0,1.0
113,28.25,physics_sindy_mpc,0,15.8720064163208,849.5489501953125,80.341064453125,2.010655403137207,3.4095420837402344,400.0,0.8968727415326884,0.44228869021900125,0.747687764052598,0.0,1.0,0.0,0.0,1.0
114,28.5,physics_sindy_mpc,0,16.09137725830078,853.8107299804688,80.61315155029297,2.2703092098236084,20.798385620117188,400.0,0.9238795325112867,0.38268343236508984,0.6923880528503946,0.0,1.0,0.014823024376969408,0.0,1.0
115,28.75,physics_sindy_mpc,0,16.323837280273438,840.5367431640625,81.49812316894531,2.520488739013672,37.47703552246094,400.0,0.9469301294951056,0.3214394653031617,0.645010336761873,0.0,1.0,0.02945968190562026,0.0,1.0
116,29.0,physics_sindy_mpc,0,16.552764892578125,811.553466796875,82.53133392333984,2.7706685066223145,54.15568161010742,400.0,0.9659258262890683,0.25881904510252074,0.6574714528401642,0.0,1.0,0.06270283220164499,0.0,1.0
117,29.25,physics_sindy_mpc,0,16.712448120117188,765.9132080078125,83.36128234863281,3.046018123626709,71.80015563964844,400.0,0.9807852804032304,0.19509032201612833,0.6258409077314718,0.11704367128567787,1.0,0.11355539353078176,0.0,1.0
118,29.5,physics_sindy_mpc,0,17.065370559692383,758.1397094726562,84.0499038696289,3.840186834335327,107.84008026123047,400.0,0.9914448613738104,0.1305261922200517,0.47280087438955043,0.22813465334715796,1.0,0.20643802540843295,0.0,1.0
119,29.75,physics_sindy_mpc,0,17.334585189819336,781.4100952148438,84.6471176147461,4.615744113922119,143.28221130371094,400.0,0.9978589232386035,0.06540312923014327,0.2867690427561432,0.2656089248336379,1.0,0.2928971979292784,0.0,1.0
120,30.0,physics_sindy_mpc,0,17.54224395751953,808.0079345703125,85.51510620117188,5.391301155090332,178.72433471679688,400.0,1.0,6.123233995736766e-17,0.14304455554125414,0.2954034286966156,0.9696800823286891,0.3779830420802911,0.0,1.0
121,30.25,physics_sindy_mpc,0,17.75120735168457,837.7838745117188,86.56890106201172,6.146380424499512,214.70716857910156,400.0,0.9978589232386035,-0.06540312923014314,0.08065773543309546,0.3148413079470115,0.9130302799647002,0.40000000992161977,0.0,0.773951149292287
122,30.5,physics_sindy_mpc,0,16.012439727783203,693.1992797851562,87.43163299560547,6.616319179534912,259.42169189453125,400.0,0.9914448613738104,-0.1305261922200516,0.45078129868148586,0.6141631080723605,0.8460051616992673,0.40000000980224043,0.0,0.30913751660784633
123,30.75,physics_sindy_mpc,0,15.535423278808594,646.2243041992188,84.75238037109375,7.091660499572754,303.8980712890625,400.0,0.9807852804032304,-0.1950903220161282,0.23465679112366772,0.682272145706177,0.7530256482815276,0.4000000095293044,0.0,0.4587544588541125
124,31.0,physics_sindy_mpc,0,15.19179630279541,614.7523803710938,82.21599578857422,7.567002296447754,348.3744812011719,400.0,0.9659258262890683,-0.25881904510252063,0.0,0.73534713275517,0.6503755255507978,0.4000000072769748,0.0,0.5828021767724856
125,31.25,physics_sindy_mpc,0,15.083984375,597.86962890625,80.13734436035156,8.035539627075195,392.4319152832031,400.0,0.9469301294951057,-0.3214394653031616,0.0,0.7995465001975542,0.5499747638757458,0.37562446595574056,0.0,0.5753042892466693
126,31.5,physics_sindy_mpc,0,15.567047119140625,607.4850463867188,78.75318908691406,8.408699035644531,430.515625,400.0,0.9238795325112868,-0.3826834323650895,0.0,0.8997830976416444,0.45099294849112254,0.3765706424523631,0.0,0.34188541899888125
127,31.75,physics_sindy_mpc,0,16.049884796142578,609.478759765625,77.52449035644531,8.783967971801758,468.7375183105469,399.9999694824219,0.8968727415326884,-0.44228869021900113,0.0,1.0,0.3654941665050556,0.3778030898720683,0.0,0.11328635911336825
128,32.0,physics_sindy_mpc,0,16.731163024902344,613.7582397460938,75.51183319091797,9.1592378616333,506.95941162109375,400.0,0.8660254037844387,-0.4999999999999998,0.0,1.0,0.323798363396999,0.35423106698366946,0.0,0.0
129,32.25,physics_sindy_mpc,0,17.734041213989258,614.1679077148438,72.83480834960938,9.534507751464844,544.5391235351562,400.0,0.8314696123025451,-0.5555702330196023,0.0,1.0,0.28494059987569387,0.33918347036266855,0.0,0.0
130,32.5,physics_sindy_mpc,0,18.636354446411133,615.5076904296875,69.8992919921875,9.90977668762207,573.5382080078125,400.0,0.7933533402912352,-0.6087614290087207,0.0,1.0,0.23739538017722656,0.32266190985731286,0.0,0.0
131,32.75,physics_sindy_mpc,0,19.44872283935547,617.8109130859375,68.5693130493164,10.285046577453613,602.725830078125,400.0,0.7518398074789774,-0.6593458151000688,0.0,1.0,0.1793997854404537,0.3124188469050278,0.0,0.0
132,33.0,physics_sindy_mpc,0,20.174795150756836,618.048583984375,67.98119354248047,10.660316467285156,631.9135131835938,400.0,0.7071067811865476,-0.7071067811865475,0.0,1.0,0.11969440431334707,0.30148791044562234,0.0,0.0
133,33.25,physics_sindy_mpc,0,20.913820266723633,618.5673828125,67.48064422607422,11.017355918884277,660.2529907226562,400.0,0.659345815100069,-0.7518398074789773,0.0,1.0,0.06524325832991089,0.2924327010047923,0.0,0.0
134,33.5,physics_sindy_mpc,0,21.426050186157227,619.1800537109375,67.33453369140625,11.164341926574707,678.115234375,400.0,0.6087614290087209,-0.793353340291235,0.0,1.0,0.024668024888613308,0.27948673582938993,0.0,0.0
135,33.75,physics_sindy_mpc,0,21.98494529724121,622.58203125,67.22077178955078,11.31445026397705,696.1837768554688,400.0,0.5555702330196025,-0.831469612302545,0.0,1.0,0.0,0.2706155365529394,0.0,0.0
136,34.0,physics_sindy_mpc,0,22.5043888092041,625.2337036132812,67.08454132080078,11.464557647705078,714.2523193359375,400.0,0.49999999999999994,-0.8660254037844387,0.0,1.0,0.0,0.2703991081420108,0.0,0.0
137,34.25,physics_sindy_mpc,0,22.88054847717285,624.1093139648438,66.75542449951172,11.606109619140625,731.6484985351562,400.0,0.4422886902190017,-0.8968727415326881,0.0,1.0,0.0,0.27200432176689915,0.0,0.0
138,34.5,physics_sindy_mpc,0,23.072467803955078,621.8441772460938,66.40015411376953,11.654924392700195,741.2353515625,400.0,0.3826834323650899,-0.9238795325112867,0.0,1.0,0.0,0.2706092361701233,0.0,0.0
139,34.75,physics_sindy_mpc,0,23.288461685180664,621.104248046875,66.02812957763672,11.704960823059082,750.9645385742188,400.0,0.32143946530316175,-0.9469301294951056,0.0,1.0,0.0,0.27018008868927945,0.0,0.0
140,35.0,physics_sindy_mpc,0,23.490415573120117,620.2181396484375,65.64221954345703,11.754996299743652,760.6937255859375,400.0,0.258819045102521,-0.9659258262890682,0.0,1.0,0.0,0.2705541113982901,0.0,0.0
141,35.25,physics_sindy_mpc,0,23.67014503479004,619.0496826171875,65.2606201171875,11.81562328338623,769.2652587890625,400.0,0.19509032201612816,-0.9807852804032304,0.0,1.0,0.0,0.2740906082347343,0.0,0.0
142,35.5,physics_sindy_mpc,0,23.773714065551758,617.61181640625,65.00358581542969,12.047807693481445,765.6202392578125,400.0,0.130526192220052,-0.9914448613738104,0.0,1.0,0.0,0.2790431039555462,0.0,0.0
143,35.75,physics_sindy_mpc,0,23.84282875061035,615.5526733398438,64.68949890136719,12.272969245910645,762.1455688476562,400.0,0.06540312923014312,-0.9978589232386035,0.0,1.0,0.0,0.2843547038506455,0.0,0.0
144,36.0,physics_sindy_mpc,0,23.901439666748047,613.3041381835938,64.34635925292969,12.498130798339844,758.6708374023438,400.0,1.2246467991473532e-16,-1.0,0.0,1.0,0.0,0.29104297266317936,0.0,0.0
145,36.25,physics_sindy_mpc,0,23.920597076416016,610.503662109375,63.974998474121094,12.706741333007812,754.447265625,400.0,-0.06540312923014287,-0.9978589232386035,0.0,1.0,0.0,0.3006558312794425,0.0,0.0
146,36.5,physics_sindy_mpc,0,23.686111450195312,607.1261596679688,63.64324951171875,12.75521183013916,738.6851806640625,400.0,-0.13052619222005177,-0.9914448613738104,0.0,1.0,0.0,0.3037042019138266,0.0,0.0
147,36.75,physics_sindy_mpc,0,23.520572662353516,606.8704223632812,63.371456146240234,12.805248260498047,723.3964233398438,400.0,-0.19509032201612792,-0.9807852804032305,0.0,1.0,0.0,0.3081604765217143,0.0,0.0
148,37.0,physics_sindy_mpc,0,23.339128494262695,606.6346435546875,63.104618072509766,12.855283737182617,708.107666015625,400.0,-0.2588190451025208,-0.9659258262890683,0.0,1.0,0.0,0.3130351585300578,0.0,0.0
149,37.25,physics_sindy_mpc,0,23.141708374023438,606.3823852539062,62.85756301879883,12.90723991394043,691.9837646484375,400.0,-0.32143946530316153,-0.9469301294951057,0.0,1.0,0.0,0.3198659287844343,0.0,0.0
150,37.5,physics_sindy_mpc,0,22.837566375732422,606.3132934570312,62.97598648071289,12.983034133911133,665.2288818359375,400.0,-0.38268343236508967,-0.9238795325112868,0.0,1.0,0.0,0.3230647015018511,0.0,0.0
151,37.75,physics_sindy_mpc,0,22.56748390197754,607.9755859375,63.1766357421875,13.058087348937988,638.8209838867188,400.0,-0.44228869021900147,-0.8968727415326883,0.0,1.0,0.0,0.326757036510085,0.0,0.0
152,38.0,physics_sindy_mpc,0,22.29088592529297,609.7926635742188,63.415313720703125,13.13314151763916,612.4131469726562,400.0,-0.4999999999999997,-0.8660254037844388,0.0,1.0,0.0,0.33051193407493684,0.0,0.0
153,38.25,physics_sindy_mpc,0,21.990219116210938,611.7233276367188,63.648441314697266,13.192512512207031,585.274169921875,400.0,-0.555570233019602,-0.8314696123025455,0.0,1.0,0.0,0.3336317971177794,0.0,0.0
154,38.5,physics_sindy_mpc,0,21.47683334350586,614.3721923828125,63.57693099975586,13.061250686645508,549.57666015625,400.0000305175781,-0.6087614290087207,-0.7933533402912352,0.0,1.0,0.0,0.32849998561607396,0.0,0.0
155,38.75,physics_sindy_mpc,0,21.02764129638672,621.0394287109375,63.561466217041016,12.936161041259766,514.134521484375,400.0,-0.6593458151000688,-0.7518398074789774,0.0,1.0,0.04243113441836669,0.3309904345109734,0.0,0.0
156,39.0,physics_sindy_mpc,0,20.486146926879883,626.33935546875,63.474639892578125,12.811071395874023,478.6923828125,400.0,-0.7071067811865471,-0.7071067811865479,0.0,1.0,0.11701195812850425,0.3303281379721754,0.0,0.0
157,39.25,physics_sindy_mpc,0,19.93511199951172,634.0130615234375,63.53751754760742,12.677940368652344,442.77435302734375,400.0,-0.7518398074789773,-0.6593458151000691,0.0,1.0,0.2091245254166125,0.3226822240845363,0.0,0.0
158,39.5,physics_sindy_mpc,0,19.228269577026367,646.8590698242188,65.4569091796875,12.449604988098145,401.6255187988281,400.0,-0.7933533402912349,-0.6087614290087209,0.0,1.0,0.3084936910362261,0.32116138666796945,0.0,0.12958544411526365
159,39.75,physics_sindy_mpc,0,18.290868759155273,664.6213989257812,69.21747589111328,12.224442481994629,360.62384033203125,400.0,-0.8314696123025452,-0.5555702330196022,0.0,0.9640064347326716,0.40743825002672773,0.3401275602497908,0.0,0.45503277646107837
160,40.0,physics_sindy_mpc,0,17.275468826293945,677.4122314453125,71.60675048828125,11.99928092956543,319.6221618652344,400.0,-0.8660254037844385,-0.5000000000000004,0.0,0.8045495943492578,0.5060526919672083,0.3464353165960937,0.0,0.8426950249088472
161,40.25,physics_sindy_mpc,0,17.242704391479492,746.6925659179688,76.52935028076172,11.748115539550781,278.74658203125,400.0000305175781,-0.8968727415326883,-0.44228869021900136,0.0,0.5850611496057293,0.6053049046224748,0.36116985155232106,0.0,1.0
162,40.5,physics_sindy_mpc,0,18.55315589904785,939.817626953125,82.5725326538086,11.18634033203125,239.16845703125,400.0,-0.9238795325112868,-0.3826834323650895,0.0,0.22386378535006196,0.7080478068111828,0.388634951915901,0.0,1.0
163,40.75,physics_sindy_mpc,0,18.353137969970703,938.7548217773438,87.96087646484375,10.635945320129395,199.55667114257812,400.0,-0.9469301294951056,-0.3214394653031618,0.2305805191370345,0.220821166367386,0.8516298479900783,0.40000000990046336,0.0,0.6410958100655978
164,41.0,physics_sindy_mpc,0,15.054147720336914,629.523193359375,81.7303695678711,10.085550308227539,159.94488525390625,400.0,-0.9659258262890683,-0.25881904510252063,0.3332565822547163,0.5402094801589807,0.966510462352095,0.2723799742556365,0.0,1.0
165,41.25,physics_sindy_mpc,0,16.300064086914062,821.0883178710938,83.61817169189453,9.512975692749023,121.4852294921875,400.0,-0.9807852804032303,-0.19509032201612866,0.4264078461073419,0.18268812378773835,1.0,0.2587010459306197,0.0,1.0
166,41.5,physics_sindy_mpc,0,16.352447509765625,830.0448608398438,85.9872817993164,8.705103874206543,93.92723083496094,400.0,-0.9914448613738104,-0.13052619222005163,0.7968258908580357,0.1456277111497704,1.0,0.26879581965392635,0.0,1.0
167,41.75,physics_sindy_mpc,0,16.255937576293945,817.4462280273438,85.51776123046875,7.904529094696045,66.12948608398438,400.0,-0.9978589232386035,-0.06540312923014273,0.9741144832239086,0.09583453986172533,1.0,0.19184488289649398,0.0,1.0
168,42.0,physics_sindy_mpc,0,16.28537368774414,790.7606811523438,83.80309295654297,7.103953838348389,38.33173751831055,400.0,-1.0,-1.8369701987210297e-16,0.9691884214633619,0.052756869519931804,1.0,0.0920414111117863,0.0,1.0
169,42.25,physics_sindy_mpc,0,16.47130012512207,765.3587036132812,82.21192169189453,6.366626739501953,13.336897850036621,400.0,-0.9978589232386036,0.06540312923014237,0.8845335363126381,0.03322540493684324,1.0,0.021517078198235447,0.0,1.0
170,42.5,physics_sindy_mpc,0,17.01812171936035,764.5026245117188,81.04803466796875,6.147663593292236,9.994808197021484,400.0,-0.9914448613738105,0.13052619222005127,0.7249683718183784,0.011315396443326823,1.0,0.009145248063465087,0.0,1.0
171,42.75,physics_sindy_mpc,0,17.36168670654297,770.1217041015625,80.94058990478516,5.922501564025879,6.520089626312256,400.0,-0.9807852804032304,0.1950903220161283,0.6495571218788581,0.0,1.0,0.01460177312465146,0.0,1.0
172,43.0,physics_sindy_mpc,0,17.420700073242188,767.8604736328125,81.23810577392578,5.69734001159668,3.0453710556030273,400.0,-0.9659258262890684,0.2588190451025203,0.6649208968109859,0.0013411836056762424,1.0,0.015888892267156687,0.0,1.0
173,43.25,physics_sindy_mpc,0,17.38852310180664,763.7039184570312,81.32086944580078,5.509340286254883,0.0,400.0,-0.9469301294951057,0.3214394653031615,0.6854192332081216,0.003805021747888644,1.0,0.011188219832519417,0.0,1.0
174,43.5,physics_sindy_mpc,0,17.450054168701172,765.6514892578125,81.20162200927734,5.6405463218688965,0.0,400.0,-0.923879532511287,0.38268343236508917,0.6574737683684552,0.0,1.0,0.014547524525344965,0.0,1.0
175,43.75,physics_sindy_mpc,0,17.481359481811523,764.8733520507812,81.25035858154297,5.765636444091797,0.0,400.0,-0.8968727415326884,0.442288690219001,0.6342716970165353,0.005393246216327093,1.0,0.020977070192168833,0.0,1.0
176,44.0,physics_sindy_mpc,0,17.461090087890625,761.4708251953125,81.41107940673828,5.890726089477539,0.0,400.0,-0.8660254037844386,0.5000000000000001,0.6294932091443148,0.018586197780263575,1.0,0.027828884684186993,0.0,1.0
177,44.25,physics_sindy_mpc,0,17.413484573364258,758.9522705078125,81.56509399414062,6.0073699951171875,0.0,400.0,-0.8314696123025455,0.5555702330196018,0.6340048806679353,0.028126237551176728,1.0,0.033198935959154026,0.0,1.0
178,44.5,physics_sindy_mpc,0,17.355852127075195,757.4464111328125,81.66343688964844,6.056362152099609,0.0,400.0,-0.7933533402912357,0.6087614290087199,0.6396316214620983,0.03221031756340629,1.0,0.035883537149502716,0.0,1.0
179,44.75,physics_sindy_mpc,0,17.31075096130371,756.7401123046875,81.7055435180664,6.106398105621338,0.0,400.0,-0.7518398074789772,0.6593458151000691,0.638899149907781,0.03351794289634069,1.0,0.037931027273312094,0.0,1.0
180,45.0,physics_sindy_mpc,0,17.27337646484375,756.3046264648438,81.74490356445312,6.156434059143066,0.0,400.0,-0.7071067811865477,0.7071067811865474,0.638131667541358,0.03423218658809093,1.0,0.04014333835055938,0.0,1.0
181,45.25,physics_sindy_mpc,0,17.23263168334961,755.7207641601562,81.79779052734375,6.179757595062256,0.0,400.0,-0.6593458151000687,0.7518398074789775,0.6479534140916526,0.03303796600391822,1.0,0.04069397950061961,0.0,1.0
182,45.5,physics_sindy_mpc,0,17.153974533081055,754.0210571289062,81.83345031738281,5.917469501495361,0.0,400.0,-0.608761429008721,0.7933533402912349,0.6772496461617651,0.027147068977272842,1.0,0.033664580102135376,0.0,1.0
183,45.75,physics_sindy_mpc,0,17.108436584472656,752.997802734375,81.7261734008789,5.667289733886719,0.0,400.0,-0.555570233019603,0.8314696123025447,0.6948353964725393,0.01711033640080879,1.0,0.024325725777000096,0.0,1.0
184,46.0,physics_sindy_mpc,0,17.102123260498047,751.3656616210938,81.56790924072266,5.417109966278076,0.0,400.0000305175781,-0.5000000000000004,0.8660254037844384,0.7008910687413906,0.008862950800360533,1.0,0.015469747943650941,0.0,1.0
185,46.25,physics_sindy_mpc,0,17.115659713745117,748.1830444335938,81.435302734375,5.1590495109558105,0.0,400.0,-0.4422886902190014,0.8968727415326883,0.7064148649426969,0.00511099016576557,1.0,0.007544898684647493,0.0,1.0
186,46.5,physics_sindy_mpc,0,17.12763023376465,747.7927856445312,81.33954620361328,4.831775665283203,0.0,400.0,-0.38268343236508956,0.9238795325112868,0.7136602813920638,0.0,1.0,0.000663846829719694,0.0,1.0
187,46.75,physics_sindy_mpc,0,17.14010238647461,751.8601684570312,81.2446060180664,4.506542205810547,0.0,400.0,-0.32143946530316186,0.9469301294951056,0.7081209125592504,0.0,1.0,0.0,0.0,1.0
188,47.0,physics_sindy_mpc,0,17.11125373840332,757.8726196289062,81.18180847167969,4.181308269500732,0.0,400.0,-0.25881904510252157,0.9659258262890681,0.7010701663002284,0.0,1.0,0.0,0.0,1.0
189,47.25,physics_sindy_mpc,0,17.053874969482422,763.6736450195312,81.10784149169922,3.9000000953674316,0.0,400.0,-0.19509032201612872,0.9807852804032303,0.6978712291493457,0.0,1.0,0.0,0.0,1.0
190,47.5,physics_sindy_mpc,0,17.020734786987305,769.554931640625,81.01286315917969,3.9000000953674316,0.0,400.0,-0.13052619222005168,0.9914448613738104,0.681276579873618,0.0,1.0,0.0,0.0,1.0
191,47.75,physics_sindy_mpc,0,16.98761558532715,775.6024169921875,81.01224517822266,3.9000000953674316,0.0,400.0,-0.0654031292301428,0.9978589232386035,0.6649344850891161,0.0,1.0,0.0,0.0,1.0
192,48.0,physics_sindy_mpc,0,16.94218635559082,781.802001953125,81.10267639160156,3.9000000953674316,0.0,400.0,0.0,1.0,0.6564936530177092,0.0,1.0,0.0016433594333532117,0.0,1.0
193,48.25,physics_sindy_mpc,0,16.87415885925293,786.1346435546875,81.23384857177734,3.8932015895843506,0.0,400.0,0.06540312923014306,0.9978589232386035,0.6628348535819165,0.0,1.0,0.005075304502510845,0.0,1.0
194,48.5,physics_sindy_mpc,0,16.779857635498047,786.1586303710938,81.31610870361328,3.81459379196167,0.0,400.0,0.13052619222005157,0.9914448613738104,0.6793785938363373,0.0,1.0,0.003735003656545661,0.0,1.0
195,48.75,physics_sindy_mpc,0,16.714033126831055,786.4098510742188,81.27381134033203,3.739539861679077,0.0,400.0,0.19509032201612825,0.9807852804032304,0.6837711597737555,0.0,1.0,0.0010368433662819663,0.0,1.0
196,49.0,physics_sindy_mpc,0,16.675046920776367,789.8631591796875,81.20633697509766,3.6644859313964844,0.0,400.0,0.25881904510252074,0.9659258262890683,0.6762092743156682,0.0,1.0,0.00037961497181822183,0.0,1.0
197,49.25,physics_sindy_mpc,0,16.63091468811035,794.8870239257812,81.19139099121094,3.586580276489258,0.0,400.0,0.3214394653031616,0.9469301294951057,0.6729793052247807,0.0,1.0,0.0021438510735967463,0.0,1.0
198,49.5,physics_sindy_mpc,0,16.55972671508789,798.0292358398438,81.202392578125,3.485837459564209,0.0,400.0,0.3826834323650898,0.9238795325112867,0.6773788863934072,0.0,1.0,0.0016623250400631636,0.0,1.0
199,49.75,physics_sindy_mpc,0,16.489784240722656,800.6611328125,81.166748046875,3.385765552520752,0.0,400.0,0.44228869021900125,0.8968727415326884,0.6826697217084738,0.0,1.0,0.0005869165505858414,0.0,1.0
200,50.0,physics_sindy_mpc,0,16.427749633789062,804.2075805664062,81.10211944580078,3.285693645477295,0.0,400.0,0.49999999999999994,0.8660254037844387,0.6868337365882734,0.0,1.0,0.0002786329174005216,0.0,1.0
201,50.25,physics_sindy_mpc,0,16.36785125732422,808.1268310546875,81.0278091430664,3.1798276901245117,0.0,400.0,0.5555702330196022,0.8314696123025452,0.6918055631477131,0.0,1.0,0.00010294639418179062,0.0,1.0
202,50.5,physics_sindy_mpc,0,16.3139705657959,812.6149291992188,80.94123077392578,3.028324842453003,0.0,400.0,0.6087614290087207,0.7933533402912352,0.6978522527765476,0.0,1.0,0.0,0.0,1.0
203,50.75,physics_sindy_mpc,0,16.266170501708984,817.69189453125,80.8454360961914,2.8782172203063965,0.0,400.0,0.6593458151000688,0.7518398074789774,0.7034782014409586,0.0,1.0,0.0,0.0,1.0
204,51.0,physics_sindy_mpc,0,16.223878860473633,823.1661376953125,80.74342346191406,2.728109359741211,0.0,400.0,0.7071067811865476,0.7071067811865476,0.7079632283776875,0.0,1.0,0.0,0.0,1.0
205,51.25,physics_sindy_mpc,0,16.18568992614746,828.700927734375,80.64207458496094,2.58785080909729,0.06990326195955276,400.0,0.7518398074789774,0.6593458151000688,0.7109118000531156,0.0,1.0,3.520937890967784e-09,0.0,1.0
206,51.5,physics_sindy_mpc,0,16.15782928466797,834.18212890625,80.5628433227539,2.513946771621704,0.7967888712882996,400.0,0.7933533402912352,0.6087614290087207,0.7132891944027108,0.0,1.0,0.001442318613212207,0.0,1.0
207,51.75,physics_sindy_mpc,0,16.124042510986328,837.40380859375,80.5097885131836,2.4388928413391113,1.4917325973510742,400.0,0.8314696123025451,0.5555702330196024,0.7178396187896876,0.0,1.0,0.0004953302509101417,0.0,1.0
208,52.0,physics_sindy_mpc,0,16.104202270507812,840.7801513671875,80.44641876220703,2.3638389110565186,2.186676263809204,400.0,0.8660254037844386,0.5000000000000001,0.7127315167375846,0.0,1.0,0.0,0.0,1.0
209,52.25,physics_sindy_mpc,0,16.11486053466797,844.8350830078125,80.46564483642578,2.3390254974365234,4.717593193054199,400.0000305175781,0.8968727415326884,0.44228869021900125,0.6827097833770069,0.0,1.0,0.002121856944600278,0.0,1.0
210,52.5,physics_sindy_mpc,0,16.376874923706055,846.9241333007812,80.9646987915039,2.73134446144104,23.54620933532715,400.0,0.9238795325112867,0.38268343236508984,0.6039089257121646,0.0,1.0,0.028673308333184398,0.0,1.0
211,52.75,physics_sindy_mpc,0,16.56966781616211,821.7182006835938,82.1356201171875,3.106613874435425,41.61474609375,400.0,0.9469301294951056,0.3214394653031617,0.5881533262574039,0.0,1.0,0.05918918469603051,0.0,1.0
212,53.0,physics_sindy_mpc,0,16.736669540405273,777.13134765625,83.18876647949219,3.4818835258483887,59.68328094482422,400.0,0.9659258262890683,0.25881904510252074,0.5751869074745137,0.07934778829768248,1.0,0.10864980327560053,0.0,1.0
213,53.25,physics_sindy_mpc,0,16.88362693786621,753.6760864257812,83.9958724975586,3.982642412185669,79.8814926147461,400.00006103515625,0.9807852804032304,0.19509032201612833,0.4843319065025514,0.20092402371217083,1.0,0.17910613860349892,0.0,1.0
214,53.5,physics_sindy_mpc,0,17.318532943725586,772.9391479492188,84.63899993896484,5.472034454345703,115.83992004394531,400.0,0.9914448613738104,0.1305261922200517,0.25430940530633356,0.26238336755208597,0.9775324739410178,0.28363716821456525,0.0,1.0
215,53.75,physics_sindy_mpc,0,17.764986038208008,806.37060546875,85.51119232177734,6.92307710647583,151.2820587158203,400.0,0.9978589232386035,0.06540312923014327,0.0369691660257407,0.308140119666987,0.9094164817029247,0.3805121414156078,0.0,0.985197455776122
216,54.0,physics_sindy_mpc,0,17.890377044677734,828.7589721679688,88.03292083740234,8.374119758605957,186.72418212890625,400.0,1.0,6.123233995736766e-17,0.07955348822117905,0.3877553808522978,0.831020976949697,0.400000009816684,0.0,0.4295602512650586
217,54.25,physics_sindy_mpc,0,16.515377044677734,669.8895263671875,84.97856140136719,9.719517707824707,223.16680908203125,400.0,0.9978589232386035,-0.06540312923014314,0.0,0.6497300361161372,0.7249046768110521,0.400000009469207,0.0,0.4479832562360682
218,54.5,physics_sindy_mpc,0,16.481361389160156,664.6972045898438,82.3524169921875,10.409201622009277,266.43902587890625,399.9999694824219,0.9914448613738104,-0.1305261922200516,0.0,0.6803856145637429,0.5955026840779818,0.36677160279215126,0.0,0.6433310018890801
219,54.75,physics_sindy_mpc,0,17.1876163482666,683.7783813476562,80.3828125,11.109704971313477,309.5255126953125,400.0,0.9807852804032304,-0.1950903220161282,0.0,0.7826602759441486,0.46857173312645567,0.3698276601715661,0.0,0.4013634030093764
220,55.0,physics_sindy_mpc,0,17.93443489074707,690.795166015625,78.86360931396484,11.810208320617676,352.6120300292969,400.0,0.9659258262890683,-0.25881904510252063,0.0,0.9250652611160615,0.35017882875474643,0.3802481132194974,0.0,0.12152025657625888
221,55.25,physics_sindy_mpc,0,18.787517547607422,702.3924560546875,76.8968276977539,12.440632820129395,394.6409606933594,400.0,0.9469301294951057,-0.3214394653031616,0.0,1.0,0.25761385162510586,0.3878406857133286,0.0,0.0
222,55.5,physics_sindy_mpc,0,19.3480224609375,696.6859741210938,74.28146362304688,12.660747528076172,429.9324951171875,399.9999694824219,0.9238795325112868,-0.3826834323650895,0.0,1.0,0.17634251578095655,0.369023033610318,0.0,0.0
223,55.75,physics_sindy_mpc,0,20.055294036865234,685.6193237304688,71.26669311523438,12.885909080505371,465.3746337890625,400.0,0.8968727415326884,-0.44228869021900113,0.0,1.0,0.09956681261521387,0.3480439372354558,0.0,0.0
224,56.0,physics_sindy_mpc,0,20.87240982055664,674.1600341796875,67.82611846923828,13.111071586608887,500.8167724609375,400.0,0.8660254037844387,-0.4999999999999998,0.0,1.0,0.03505631641490175,0.33423084911035367,0.0,0.0
225,56.25,physics_sindy_mpc,0,21.456024169921875,662.9120483398438,67.00495147705078,13.336233139038086,535.4735717773438,400.0,0.8314696123025451,-0.5555702330196023,0.0,1.0,0.0,0.32913749801539044,0.0,0.0
226,56.5,physics_sindy_mpc,0,22.068519592285156,657.091552734375,66.4748764038086,13.561394691467285,565.246826171875,400.0,0.7933533402912352,-0.6087614290087207,0.0,1.0,0.0,0.3331283245237259,0.0,0.0
227,56.75,physics_sindy_mpc,0,22.595306396484375,649.5118408203125,65.83536529541016,13.786556243896484,595.12939453125,400.0,0.7518398074789774,-0.6593458151000688,0.0,1.0,0.0,0.3362075617738839,0.0,0.0
228,57.0,physics_sindy_mpc,0,23.118255615234375,642.3609619140625,65.15322875976562,14.011717796325684,625.011962890625,400.0,0.7071067811865476,-0.7071067811865475,0.0,1.0,0.0,0.34031870092417665,0.0,0.0
229,57.25,physics_sindy_mpc,0,23.608713150024414,635.3306274414062,64.42627716064453,14.233280181884766,653.361083984375,400.0,0.659345815100069,-0.7518398074789773,0.0,1.0,0.0,0.3465821443091173,0.0,0.0
230,57.5,physics_sindy_mpc,0,23.943126678466797,628.6705932617188,63.585731506347656,14.432926177978516,672.6455688476562,400.0,0.6087614290087209,-0.793353340291235,0.0,1.0,0.0,0.3503451952947413,0.0,0.0
231,57.75,physics_sindy_mpc,0,24.287288665771484,623.6163940429688,62.70236587524414,14.63306999206543,692.10400390625,400.0,0.5555702330196025,-0.831469612302545,0.0,1.0,0.0,0.35559145083637117,0.0,0.0
232,58.0,physics_sindy_mpc,0,24.614646911621094,618.503662109375,61.777767181396484,14.833213806152344,711.5624389648438,400.0,0.49999999999999994,-0.8660254037844387,0.0,1.0,0.0,0.3621494959079935,0.0,0.0
233,58.25,physics_sindy_mpc,0,24.903202056884766,613.2392578125,60.836212158203125,15.02967357635498,729.4210205078125,400.0,0.4422886902190017,-0.8968727415326881,0.0,1.0,0.0,0.37090395879416366,0.0,0.0
234,58.5,physics_sindy_mpc,0,25.057415008544922,608.1873779296875,59.92200469970703,15.204313278198242,738.3177490234375,400.0,0.3826834323650899,-0.9238795325112867,0.0,1.0,0.0,0.37666088112527873,0.0,0.0
235,58.75,physics_sindy_mpc,0,25.228181838989258,604.618896484375,59.03087615966797,15.379439353942871,747.35205078125,400.0,0.32143946530316175,-0.9469301294951056,0.010360151109601534,1.0,0.0,0.385207454929658,0.0,0.0
236,59.0,physics_sindy_mpc,0,25.36817169189453,600.5203857421875,58.089962005615234,15.5545654296875,756.3862915039062,400.0,0.258819045102521,-0.9659258262890682,0.0521445271680438,1.0,0.0,0.3995516784102224,0.0,0.0
237,59.25,physics_sindy_mpc,0,25.398868560791016,594.1173706054688,56.96412658691406,15.71395206451416,763.4418334960938,400.0,0.19509032201612816,-0.9807852804032304,0.0458691157068726,1.0,0.0,0.4000000098315756,0.0,0.0
238,59.5,physics_sindy_mpc,0,25.193410873413086,587.3841552734375,56.012081146240234,15.787778854370117,759.8250732421875,400.0,0.130526192220052,-0.9914448613738104,0.04696787339385951,1.0,0.0,0.40000000973818206,0.0,0.0
239,59.75,physics_sindy_mpc,0,24.982526779174805,581.20556640625,54.972129821777344,15.862832069396973,756.350341796875,400.0,0.06540312923014312,-0.9978589232386035,0.04769392092989904,1.0,0.0,0.4000000094384819,0.0,0.0
240,60.0,physics_sindy_mpc,0,24.767539978027344,575.1531372070312,53.88849639892578,15.937886238098145,752.8756103515625,400.0,1.2246467991473532e-16,-1.0,0.04439464876031364,1.0,0.0,0.39965740006951084,0.0,0.0
241,60.25,physics_sindy_mpc,0,24.524702072143555,569.3435668945312,52.82160568237305,15.980141639709473,748.3165893554688,400.0000305175781,-0.06540312923014287,-0.9978589232386035,0.017608308735197822,1.0,0.0,0.3947029923004966,0.0,0.0
242,60.5,physics_sindy_mpc,0,24.14081573486328,565.2196655273438,52.09144973754883,15.82401180267334,736.9638061523438,400.0,-0.13052619222005177,-0.9914448613738104,0.0,1.0,0.0,0.3829988705235328,0.0,0.0
243,60.75,physics_sindy_mpc,0,23.811492919921875,563.51123046875,51.542022705078125,15.673903465270996,725.8447265625,400.0,-0.19509032201612792,-0.9807852804032305,0.0,1.0,0.0,0.37532874711359066,0.0,0.0
244,61.0,physics_sindy_mpc,0,23.455087661743164,561.0982055664062,50.90461349487305,15.523796081542969,714.7256469726562,400.0,-0.2588190451025208,-0.9659258262890683,0.0,1.0,0.0,0.36805138646823804,0.0,0.0
245,61.25,physics_sindy_mpc,0,23.086137771606445,558.82568359375,50.27116012573242,15.385859489440918,701.44921875,400.0,-0.32143946530316153,-0.9469301294951057,0.0,1.0,0.0,0.3633441305027356,0.0,0.0
246,61.5,physics_sindy_mpc,0,22.626394271850586,556.82275390625,49.68913650512695,15.311790466308594,675.3355102539062,400.0,-0.38268343236508967,-0.9238795325112868,0.0,1.0,0.0,0.35569175771759143,0.0,0.0
247,61.75,physics_sindy_mpc,0,22.195268630981445,555.8970947265625,49.174278259277344,15.236736297607422,649.62255859375,399.9999694824219,-0.44228869021900147,-0.8968727415326883,0.0,1.0,0.0,0.3485220160008485,0.0,0.0
248,62.0,physics_sindy_mpc,0,21.767681121826172,555.0623779296875,48.658653259277344,15.16168212890625,623.90966796875,400.0,-0.4999999999999997,-0.8660254037844388,0.0,1.0,0.0,0.3415354980079659,0.0,0.0
249,62.25,physics_sindy_mpc,0,21.3593807220459,555.262451171875,48.48173522949219,15.071499824523926,596.5743408203125,400.0,-0.555570233019602,-0.8314696123025455,0.0,1.0,0.0,0.3351101539356146,0.0,0.0
250,62.5,physics_sindy_mpc,0,20.98135757446289,559.9061279296875,50.28429412841797,14.89367389678955,560.2025146484375,400.0,-0.6087614290087207,-0.7933533402912352,0.0,1.0,0.0,0.3258802353847401,0.0,0.0
251,62.75,physics_sindy_mpc,0,20.63526725769043,566.212158203125,52.25398254394531,14.718547821044922,524.0654296875,400.0,-0.6593458151000688,-0.7518398074789774,0.0,1.0,0.0,0.3164596431236721,0.0,0.0
252,63.0,physics_sindy_mpc,0,20.28790283203125,573.1290893554688,54.25262451171875,14.543421745300293,487.9283447265625,400.0,-0.7071067811865471,-0.7071067811865479,0.0,1.0,0.035197376268112646,0.31327151056159774,0.0,0.0
253,63.25,physics_sindy_mpc,0,19.883338928222656,579.7315673828125,56.038108825683594,14.360300064086914,450.67578125,400.0000305175781,-0.7518398074789773,-0.6593458151000691,0.0,1.0,0.10272878962891303,0.30820594650665484,0.0,0.0
254,63.5,physics_sindy_mpc,0,19.46539306640625,594.0665893554688,57.68235397338867,14.134076118469238,407.4466857910156,400.0,-0.7933533402912349,-0.6087614290087209,0.0,1.0,0.18805123028122273,0.2968099110056361,0.0,0.0
255,63.75,physics_sindy_mpc,0,19.029342651367188,614.4068603515625,59.935455322265625,13.908914566040039,364.36016845703125,400.0,-0.8314696123025452,-0.5555702330196022,0.0,1.0,0.28248537272581464,0.282183292316564,0.0,0.011106679226318375
256,64.0,physics_sindy_mpc,0,18.349319458007812,641.2783813476562,65.33784484863281,13.68375301361084,321.2736511230469,400.0,-0.8660254037844385,-0.5000000000000004,0.0,1.0,0.3775152601711448,0.3023126493626508,0.0,0.3049441615249293
257,64.25,physics_sindy_mpc,0,17.413169860839844,661.8873291015625,69.21341705322266,13.442368507385254,278.5330810546875,400.0,-0.8968727415326883,-0.44228869021900136,0.0,0.8336249101638077,0.4730839302811447,0.31180853708249645,0.0,0.7173092795499932
258,64.5,physics_sindy_mpc,0,16.885387420654297,686.745361328125,74.55177307128906,13.11495304107666,237.5688934326172,400.0,-0.9238795325112868,-0.3826834323650895,0.0,0.6626131193229334,0.5690490542506553,0.3291673176364256,0.0,0.9999999134905706
259,64.75,physics_sindy_mpc,0,18.54831314086914,929.8707885742188,81.04600524902344,12.789719581604004,196.5672149658203,400.0000305175781,-0.9469301294951056,-0.3214394653031618,0.0,0.23906423492013718,0.6645997370072517,0.3769641748189769,0.0,1.0
260,65.0,physics_sindy_mpc,0,18.559375762939453,948.2183227539062,87.67750549316406,12.464486122131348,155.56553649902344,400.0,-0.9659258262890683,-0.25881904510252063,0.0253977623313383,0.19958371601896793,0.814111088138571,0.40000000987100937,0.0,0.6800720337097479
261,65.25,physics_sindy_mpc,0,15.559121131896973,608.9552001953125,83.8709716796875,12.102296829223633,116.96058654785156,400.0,-0.9807852804032303,-0.19509032201612866,0.38352501750170165,0.6568835597651964,0.9588604572321612,0.3899066159211672,0.0,1.0
262,65.5,physics_sindy_mpc,0,16.797021865844727,853.04052734375,85.412841796875,11.54680061340332,90.05711364746094,400.0,-0.9914448613738104,-0.13052619222005163,0.38862886173108524,0.21473638908665388,1.0,0.35212335197522654,0.0,1.0
263,65.75,physics_sindy_mpc,0,16.935302734375,870.6119384765625,87.43750762939453,10.996405601501465,62.954307556152344,400.0,-0.9978589232386035,-0.06540312923014273,0.6663877462151725,0.15443271730191954,1.0,0.36823514846954836,0.0,1.0
264,66.0,physics_sindy_mpc,0,16.88623809814453,854.0068359375,87.11328887939453,10.446009635925293,35.851505279541016,400.0,-1.0,-1.8369701987210297e-16,0.8012384254386509,0.12465497325547026,1.0,0.3127325805859696,0.0,1.0
265,66.25,physics_sindy_mpc,0,16.900880813598633,826.2614135742188,85.54130554199219,9.94925308227539,13.13546085357666,400.0,-0.9978589232386036,0.06540312923014237,0.7527394780580952,0.1064951565775187,1.0,0.231752858421215,0.0,1.0
266,66.5,physics_sindy_mpc,0,17.10147476196289,799.3833618164062,84.14044189453125,9.702372550964355,9.755171775817871,400.0,-0.9914448613738105,0.13052619222005127,0.6244546001790854,0.12137724184194838,1.0,0.1876346053119669,0.0,1.0
267,66.75,physics_sindy_mpc,0,17.24372100830078,784.8136596679688,83.49040222167969,9.452192306518555,6.280453681945801,400.0,-0.9807852804032304,0.1950903220161283,0.5429037035844309,0.13233221856529953,1.0,0.1667287811660818,0.0,1.0
268,67.0,physics_sindy_mpc,0,17.266931533813477,778.012939453125,83.39763641357422,9.20201301574707,2.8057353496551514,400.0,-0.9659258262890684,0.2588190451025203,0.5361070384315584,0.13465705596302868,1.0,0.15688304349306004,0.0,1.0
269,67.25,physics_sindy_mpc,0,17.228351593017578,773.9391479492188,83.3556137084961,8.947465896606445,0.0,400.0,-0.9469301294951057,0.3214394653031615,0.5594577821090102,0.12923507547289487,1.0,0.1462669604850584,0.0,1.0
270,67.5,physics_sindy_mpc,0,17.18838119506836,769.0895385742188,83.26502990722656,8.671818733215332,0.0,400.0,-0.923879532511287,0.38268343236508917,0.5855744595373231,0.12497064228838024,1.0,0.13532813340256014,0.0,1.0
271,67.75,physics_sindy_mpc,0,17.161161422729492,764.2677612304688,83.10636138916016,8.396620750427246,0.0,400.0,-0.8968727415326884,0.442288690219001,0.6034207771310436,0.11996215302098655,1.0,0.12317109438998772,0.0,1.0
272,68.0,physics_sindy_mpc,0,17.1471004486084,759.515869140625,82.91975402832031,8.121423721313477,0.0,400.0,-0.8660254037844386,0.5000000000000001,0.6128281306241139,0.11529146184797673,1.0,0.11115465390826754,0.0,1.0
273,68.25,physics_sindy_mpc,0,17.140670776367188,755.0935668945312,82.73749542236328,7.864480495452881,0.0,400.0,-0.8314696123025455,0.5555702330196018,0.615490866544277,0.11179240257705823,1.0,0.10065936661174495,0.0,1.0
274,68.5,physics_sindy_mpc,0,17.139328002929688,750.9168701171875,82.5558853149414,7.690654277801514,0.0,400.0,-0.7933533402912357,0.6087614290087199,0.6110967046270811,0.11011649860161286,1.0,0.09246719834970626,0.0,1.0
275,68.75,physics_sindy_mpc,0,17.125577926635742,747.3831787109375,82.42818450927734,7.515528202056885,0.0,400.0,-0.7518398074789772,0.6593458151000691,0.6097860917839741,0.10839603342384062,1.0,0.08554565697066122,0.0,1.0
276,69.0,physics_sindy_mpc,0,17.097455978393555,744.2709350585938,82.33796691894531,7.340402603149414,0.0,400.0000305175781,-0.7071067811865477,0.7071067811865474,0.6113359296036137,0.106648304660601,1.0,0.07938443128402209,0.0,1.0
277,69.25,physics_sindy_mpc,0,17.07830810546875,741.9971313476562,82.25967407226562,7.199999809265137,0.0,400.0,-0.6593458151000687,0.7518398074789775,0.6068597128525386,0.10553476312058639,1.0,0.07534947173657632,0.0,1.0
278,69.5,physics_sindy_mpc,0,17.144193649291992,742.6912231445312,82.2095718383789,7.199999809265137,0.0,400.0,-0.608761429008721,0.7933533402912349,0.583868577166837,0.10459893598536248,1.0,0.0780270340096547,0.0,1.0
279,69.75,physics_sindy_mpc,0,17.21000862121582,743.8788452148438,82.36552429199219,7.199999809265137,0.0,400.0,-0.555570233019603,0.8314696123025447,0.5736087283713077,0.10814101156762566,1.0,0.08611311566445787,0.0,1.0
280,70.0,physics_sindy_mpc,0,17.26034927368164,743.562255859375,82.6263198852539,7.199999809265137,0.0,400.0,-0.5000000000000004,0.8660254037844384,0.5803927542348497,0.11695310791934903,1.0,0.09604352945733664,0.0,1.0
281,70.25,physics_sindy_mpc,0,17.279430389404297,740.7213745117188,82.86628723144531,7.174543857574463,0.0,400.0,-0.4422886902190014,0.8968727415326883,0.599874559065147,0.12859945842205248,1.0,0.1033084555267899,0.0,1.0
282,70.5,physics_sindy_mpc,0,17.14998435974121,736.633544921875,82.91818237304688,7.019698143005371,0.0,400.0,-0.38268343236508956,0.9238795325112868,0.631357512702654,0.1314567520794324,1.0,0.09852309753410098,0.0,1.0
283,70.75,physics_sindy_mpc,0,17.02014923095703,732.51806640625,82.61145782470703,6.8695902824401855,0.0,400.0,-0.32143946530316186,0.9469301294951056,0.632768313870882,0.12566946316663002,1.0,0.08440570455300322,0.0,1.0
284,71.0,physics_sindy_mpc,0,16.914886474609375,727.9164428710938,82.23938751220703,6.719482421875,0.0,400.0,-0.25881904510252157,0.9659258262890681,0.614449068732347,0.12070495221148839,1.0,0.07012018563980006,0.0,1.0
285,71.25,physics_sindy_mpc,0,16.84418487548828,724.7646484375,81.99182891845703,6.613013744354248,0.0,400.0,-0.19509032201612872,0.9807852804032303,0.5898788370262875,0.11917068011240722,1.0,0.06227702955305475,0.0,1.0
286,71.5,physics_sindy_mpc,0,16.92604637145996,725.5054931640625,81.94975280761719,6.690366744995117,0.0,400.0,-0.13052619222005168,0.9914448613738104,0.5527828086181686,0.12312026114970046,1.0,0.06836692978587441,0.0,1.0
287,71.75,physics_sindy_mpc,0,17.000484466552734,727.4210815429688,82.29822540283203,6.765420436859131,0.0,400.0,-0.0654031292301428,0.9978589232386035,0.5471000940595435,0.13428989504203878,1.0,0.08394457052516724,0.0,1.0
288,72.0,physics_sindy_mpc,0,17.048261642456055,730.7664794921875,82.7700424194336,6.840474605560303,0.0,400.0,0.0,1.0,0.5638252096948535,0.14427656125829508,1.0,0.1017479762919918,0.0,1.0
289,72.25,physics_sindy_mpc,0,17.09111976623535,734.7892456054688,83.149169921875,6.910649299621582,0.0,400.0,0.06540312923014306,0.9978589232386035,0.5791898185960441,0.15010515119426995,1.0,0.11709132889518314,0.0,1.0
290,72.5,physics_sindy_mpc,0,17.088441848754883,737.6090087890625,83.35317993164062,6.96038818359375,0.0,400.0,0.13052619222005157,0.9914448613738104,0.5853939558024016,0.15283156976848866,1.0,0.12651820395978883,0.0,1.0
291,72.75,physics_sindy_mpc,0,17.09613609313965,739.6309204101562,83.35005950927734,7.0104241371154785,0.0,400.0,0.19509032201612825,0.9807852804032304,0.5692254546449097,0.15328253382499918,1.0,0.13105654171683045,0.0,1.0
292,73.0,physics_sindy_mpc,0,17.114147186279297,741.0382080078125,83.28494262695312,7.060460090637207,0.0,400.0,0.25881904510252074,0.9659258262890683,0.5411203285876633,0.15438501723237885,1.0,0.13439150362908459,0.0,1.0
293,73.25,physics_sindy_mpc,0,17.10500144958496,742.1624755859375,83.31232452392578,7.099999904632568,0.0,400.0,0.3214394653031616,0.9469301294951057,0.5240435302714141,0.1570039460635236,1.0,0.1388573009249982,0.0,1.0
294,73.5,physics_sindy_mpc,0,17.020923614501953,742.5262451171875,83.40554809570312,7.099999904632568,0.0,400.0,0.3826834323650898,0.9238795325112867,0.5285463209320618,0.15923467602115024,1.0,0.14177556143190242,0.0,1.0
295,73.75,physics_sindy_mpc,0,16.92035675048828,742.58740234375,83.3921127319336,7.099999904632568,0.0,400.0,0.44228869021900125,0.8968727415326884,0.5318509891665169,0.15874843128627714,1.0,0.14090151026371034,0.0,1.0
296,74.0,physics_sindy_mpc,0,16.830263137817383,741.9617309570312,83.29943084716797,7.099999904632568,0.0,400.0,0.49999999999999994,0.8660254037844387,0.5278989203716165,0.15804302363891967,1.0,0.1379157575866479,0.0,1.0
297,74.25,physics_sindy_mpc,0,16.750205993652344,741.11474609375,83.21785736083984,7.086127281188965,0.0,400.0,0.5555702330196022,0.8314696123025452,0.5248150104766398,0.15781023295555874,1.0,0.1347686757005838,0.0,1.0
298,74.5,physics_sindy_mpc,0,16.673887252807617,740.7080078125,83.24222564697266,7.008986473083496,0.0,400.0000305175781,0.6087614290087207,0.7933533402912352,0.5347659989483593,0.15802893627318393,1.0,0.13277322769460603,0.0,1.0
299,74.75,physics_sindy_mpc,0,16.607086181640625,740.7111206054688,83.27015686035156,6.933932304382324,0.0,399.9999694824219,0.6593458151000688,0.7518398074789774,0.5474046130508388,0.15772141684542257,1.0,0.13078581469256859,0.0,1.0
300,75.0,physics_sindy_mpc,0,16.55574607849121,740.814697265625,83.26238250732422,6.8588786125183105,0.0,400.0,0.7071067811865476,0.7071067811865476,0.5556214486186827,0.15703307996637864,1.0,0.12822021532320366,0.0,1.0
301,75.25,physics_sindy_mpc,0,16.523290634155273,741.0520629882812,83.23217010498047,6.788947582244873,0.0,400.0,0.7518398074789774,0.6593458151000688,0.5581866332352715,0.1566000739858327,1.0,0.12581610689225028,0.0,1.0
302,75.5,physics_sindy_mpc,0,16.51883316040039,742.154541015625,83.2073745727539,6.739180564880371,0.0,400.0,0.7933533402912352,0.6087614290087207,0.5558630261556434,0.15594238921824444,1.0,0.12478054790273532,0.0,1.0
303,75.75,physics_sindy_mpc,0,16.518901824951172,743.6444091796875,83.2341079711914,6.689144611358643,0.0,400.0,0.8314696123025451,0.5555702330196024,0.5562001090195423,0.1559737341430513,1.0,0.12521124999485375,0.0,1.0
304,76.0,physics_sindy_mpc,0,16.517372131347656,745.5028686523438,83.28325653076172,6.639108657836914,0.0,400.0,0.8660254037844386,0.5000000000000001,0.5553411968159611,0.15632696291468445,1.0,0.12662074604385248,0.0,1.0
305,76.25,physics_sindy_mpc,0,16.516836166381836,747.4317626953125,83.3252182006836,6.609631538391113,0.8026337027549744,400.0,0.8968727415326884,0.44228869021900125,0.5441168611130744,0.15905213992068096,1.0,0.13046849698564594,0.0,1.0
306,76.5,physics_sindy_mpc,0,16.517900466918945,748.9124145507812,83.33668518066406,6.660963535308838,5.080277919769287,400.0,0.9238795325112867,0.38268343236508984,0.5161654326947782,0.16625338821796776,1.0,0.13893496071382067,0.0,1.0
307,76.75,physics_sindy_mpc,0,16.48761749267578,751.0741577148438,83.39754486083984,6.710999488830566,9.249939918518066,400.0,0.9469301294951056,0.3214394653031617,0.49034393655458536,0.17243099204191056,1.0,0.1485037552369335,0.0,1.0
308,77.0,physics_sindy_mpc,0,16.4271183013916,753.4327392578125,83.500244140625,6.761035442352295,13.419602394104004,400.0,0.9659258262890683,0.25881904510252074,0.4605426857804372,0.17783858299739413,1.0,0.15997157757985125,0.0,1.0
309,77.25,physics_sindy_mpc,0,16.362716674804688,755.9736938476562,83.67365264892578,6.821310520172119,19.96961212158203,400.0,0.9807852804032304,0.19509032201612833,0.4304535523613909,0.1893389615469437,1.0,0.1775100606951338,0.0,1.0
310,77.5,physics_sindy_mpc,0,16.373985290527344,761.6502685546875,84.01836395263672,6.922214031219482,36.18699645996094,400.0,0.9914448613738104,0.1305261922200517,0.4005467358012793,0.20860378164316778,1.0,0.21002535909523667,0.0,1.0
311,77.75,physics_sindy_mpc,0,16.37858772277832,771.3313598632812,84.49111938476562,7.0222859382629395,52.17070007324219,400.0,0.9978589232386035,0.06540312923014327,0.3784729791402404,0.2225757398474496,1.0,0.2471933580844951,0.0,1.0
312,78.0,physics_sindy_mpc,0,16.379627227783203,782.071044921875,84.94879150390625,7.1223578453063965,68.15440368652344,400.0,1.0,6.123233995736766e-17,0.35383425952647235,0.23257621913204077,1.0,0.28400652082757494,0.0,1.0
313,78.25,physics_sindy_mpc,0,16.46426010131836,792.9293212890625,85.40111541748047,7.27890157699585,93.82536315917969,400.0,0.9978589232386035,-0.06540312923014314,0.28456181624570137,0.24986579469183234,1.0,0.333653065229925,0.0,1.0
314,78.5,physics_sindy_mpc,0,16.85976219177246,807.8336181640625,85.9784164428711,7.659381866455078,157.96987915039062,400.0,0.9914448613738104,-0.1305261922200516,0.17462548197442782,0.3097563546864577,0.9428876723668693,0.4000000094432118,0.0,0.9171629687251047
315,78.75,physics_sindy_mpc,0,15.785840034484863,704.0579833984375,85.73300170898438,8.034651756286621,221.2097625732422,400.0,0.9807852804032304,-0.1950903220161282,0.25830356651774633,0.5340199929847093,0.8593730119986952,0.40000000991829143,0.0,0.5934473674520067
316,79.0,physics_sindy_mpc,0,14.800983428955078,605.9692993164062,80.56404876708984,8.409920692443848,284.44964599609375,400.0,0.9659258262890683,-0.25881904510252063,0.0,0.6412244991019102,0.7394900545147047,0.37045404620564876,0.0,0.9766538988611037
317,79.25,physics_sindy_mpc,0,17.040592193603516,789.2225952148438,84.43304443359375,8.729836463928223,346.0364990234375,400.0,0.9469301294951057,-0.3214394653031616,0.0,0.5336894219666191,0.6154240315947483,0.39492015175524053,0.0,0.4710823613359612
318,79.5,physics_sindy_mpc,0,14.398995399475098,528.6361083984375,75.02961730957031,8.853487014770508,401.5496520996094,400.0,0.9238795325112868,-0.3826834323650895,0.0,0.9372545066114165,0.5018522036889964,0.3568942817947339,0.0,0.6231846123188283
319,79.75,physics_sindy_mpc,0,14.801229476928711,582.64501953125,72.85804748535156,8.97857666015625,457.1451416015625,400.0,0.8968727415326884,-0.44228869021900113,0.0,1.0,0.40788354367293633,0.3577844327574278,0.0,0.3556297688231641
320,80.0,physics_sindy_mpc,0,15.011981964111328,563.1611938476562,69.98672485351562,9.103666305541992,512.7406616210938,400.0,0.8660254037844387,-0.4999999999999998,0.0,1.0,0.3736707587135052,0.31836930304237726,0.0,0.12524214767130343
321,80.25,physics_sindy_mpc,0,16.061429977416992,561.776611328125,67.54460906982422,9.287392616271973,563.8763427734375,400.0,0.8314696123025451,-0.5555702330196023,0.0,1.0,0.3623364224601398,0.2985397408978322,0.0,0.0
322,80.5,physics_sindy_mpc,0,17.446603775024414,571.4612426757812,64.69734191894531,9.692307472229004,599.1453247070312,400.0,0.7933533402912352,-0.6087614290087207,0.0,1.0,0.3367675552154481,0.29785509193696896,0.0,0.0
323,80.75,physics_sindy_mpc,0,18.431079864501953,579.0239868164062,64.07215881347656,10.092595100402832,634.58740234375,400.0,0.7518398074789774,-0.6593458151000688,0.0,1.0,0.29326211061487795,0.30762051938743934,0.0,0.0
324,81.0,physics_sindy_mpc,0,19.339420318603516,582.2926635742188,63.32617950439453,10.49288272857666,670.029541015625,400.0000305175781,0.7071067811865476,-0.7071067811865475,0.0,1.0,0.23548750620405914,0.31434666992754406,0.0,0.0
325,81.25,physics_sindy_mpc,0,20.030778884887695,583.075439453125,62.74754333496094,10.768231391906738,695.8984985351562,400.0000305175781,0.659345815100069,-0.7518398074789773,0.0,1.0,0.1724351200019909,0.3171592917530453,0.0,0.0
326,81.5,physics_sindy_mpc,0,19.735734939575195,574.2915649414062,62.492652893066406,10.61495304107666,689.511962890625,400.0,0.6087614290087209,-0.793353340291235,0.0,1.0,0.1460146527610841,0.30264265461406437,0.0,0.0
327,81.75,physics_sindy_mpc,0,19.59405517578125,573.2116088867188,62.34308624267578,10.464845657348633,683.2574462890625,400.0,0.5555702330196025,-0.831469612302545,0.0,1.0,0.13335506786908527,0.29331480433007906,0.0,0.0
328,82.0,physics_sindy_mpc,0,19.401836395263672,571.819580078125,62.15802001953125,10.314737319946289,677.0029296875,400.0,0.49999999999999994,-0.8660254037844387,0.0,1.0,0.13221292873421797,0.2844287250866353,0.0,0.0
329,82.25,physics_sindy_mpc,0,19.38209342956543,572.8433227539062,62.07613754272461,10.25390338897705,674.4682006835938,400.0,0.4422886902190017,-0.8968727415326881,0.0,1.0,0.13047335605399027,0.2757383557144546,0.0,0.0
330,82.5,physics_sindy_mpc,0,20.006071090698242,581.3793334960938,62.43476104736328,10.509130477905273,685.1026611328125,400.0,0.3826834323650899,-0.9238795325112867,0.0,1.0,0.10683805821539619,0.2769089601041806,0.0,0.0
331,82.75,physics_sindy_mpc,0,20.55638885498047,585.9664916992188,62.766204833984375,10.759309768676758,695.5267944335938,400.0,0.32143946530316175,-0.9469301294951056,0.0,1.0,0.07826807984460324,0.27659451123857925,0.0,0.0
332,83.0,physics_sindy_mpc,0,21.139406204223633,590.666748046875,63.09539031982422,11.009490013122559,705.950927734375,400.0,0.258819045102521,-0.9659258262890682,0.0,1.0,0.043976418128127165,0.2757117291033307,0.0,0.0
333,83.25,physics_sindy_mpc,0,21.63416862487793,594.55908203125,63.377986907958984,11.199999809265137,712.8222045898438,400.0,0.19509032201612816,-0.9807852804032304,0.0,1.0,0.008094351667712336,0.27421043744841705,0.0,0.0
334,83.5,physics_sindy_mpc,0,21.734514236450195,595.0667724609375,63.466976165771484,11.199999809265137,707.8640747070312,400.0,0.130526192220052,-0.9914448613738104,0.0,1.0,0.0,0.2737266872640722,0.0,0.0
335,83.75,physics_sindy_mpc,0,21.7805233001709,595.5216064453125,63.353126525878906,11.199999809265137,702.9994506835938,400.0,0.06540312923014312,-0.9978589232386035,0.0,1.0,0.0,0.2779587534207478,0.0,0.0
336,84.0,physics_sindy_mpc,0,21.743793487548828,593.9927368164062,63.07637405395508,11.199999809265137,698.1348266601562,400.0,1.2246467991473532e-16,-1.0,0.0,1.0,0.0,0.28660681991839515,0.0,0.0
337,84.25,physics_sindy_mpc,0,21.593164443969727,592.2554321289062,62.69899368286133,11.2279052734375,682.654541015625,400.0,-0.06540312923014287,-0.9978589232386035,0.0,1.0,0.0,0.30049746741954,0.0,0.0
338,84.5,physics_sindy_mpc,0,21.224592208862305,595.9689331054688,62.39117431640625,11.355283737182617,629.7427978515625,400.0,-0.13052619222005177,-0.9914448613738104,0.0,1.0,0.0,0.3052462445261654,0.0,0.0
339,84.75,physics_sindy_mpc,0,20.941204071044922,605.4440307617188,62.279422760009766,11.48037338256836,577.6220092773438,400.0,-0.19509032201612792,-0.9807852804032305,0.0,1.0,0.0,0.30615215638706,0.0,0.0
340,85.0,physics_sindy_mpc,0,20.68292808532715,618.6069946289062,62.3733024597168,11.605463981628418,525.501220703125,400.0,-0.2588190451025208,-0.9659258262890683,0.0,1.0,0.01894684366940425,0.30724761857582966,0.0,0.0
341,85.25,physics_sindy_mpc,0,20.373310089111328,633.6697998046875,62.67713928222656,11.66026782989502,475.8460998535156,400.0,-0.32143946530316153,-0.9469301294951057,0.0,1.0,0.06300548363187533,0.3042574070158686,0.0,0.0
342,85.5,physics_sindy_mpc,0,19.987825393676758,651.8065185546875,63.56181716918945,11.482099533081055,434.22998046875,400.0,-0.38268343236508967,-0.9238795325112868,0.0,1.0,0.12468456541038084,0.29471205847166915,0.0,0.0
343,85.75,physics_sindy_mpc,0,19.563920974731445,676.4478149414062,65.56754302978516,11.306973457336426,392.5333557128906,400.0,-0.44228869021900147,-0.8968727415326883,0.0,1.0,0.1940315808306392,0.2804340997080456,0.0,0.009647644863299523
344,86.0,physics_sindy_mpc,0,18.97913360595703,709.3800659179688,70.28369140625,11.131847381591797,350.83673095703125,400.0,-0.4999999999999997,-0.8660254037844388,0.0,0.878231409189627,0.2642966229905872,0.274834528903277,0.0,0.2088532431527704
345,86.25,physics_sindy_mpc,0,18.400039672851562,717.8389892578125,73.9412841796875,11.005770683288574,314.86163330078125,399.9999694824219,-0.555570233019602,-0.8314696123025455,0.0,0.7593912752289328,0.33403175214968256,0.2722228933779343,0.0,0.42910561491658317
346,86.5,physics_sindy_mpc,0,18.11507225036621,712.7076416015625,75.2900161743164,11.031200408935547,296.91070556640625,400.0,-0.6087614290087207,-0.7933533402912352,0.0,0.7156229100606873,0.4029893456179042,0.28117347748295357,0.0,0.5652420499955162
347,86.75,physics_sindy_mpc,0,17.802173614501953,712.4013671875,76.04306030273438,11.056218147277832,278.8421630859375,400.0,-0.6593458151000688,-0.7518398074789774,0.0,0.6683908696473492,0.4720377740774234,0.29244673098446866,0.0,0.7167405345167092
348,87.0,physics_sindy_mpc,0,17.588088989257812,723.584228515625,77.09024047851562,11.081236839294434,260.77362060546875,400.0,-0.7071067811865471,-0.7071067811865479,0.0,0.6046819128748727,0.5412023718258006,0.3071870629790152,0.0,0.860900176806677
349,87.25,physics_sindy_mpc,0,17.62495231628418,763.3970336914062,79.78424072265625,11.088269233703613,241.3642120361328,400.0,-0.7518398074789773,-0.6593458151000691,0.0,0.49625047446293996,0.6107899286808206,0.3283127520815362,0.0,0.9545457606151748
350,87.5,physics_sindy_mpc,0,18.05995750427246,850.7506713867188,85.0988998413086,11.037454605102539,217.68711853027344,400.0,-0.7933533402912349,-0.6087614290087209,0.0,0.3616107633726168,0.6926253118994088,0.3974620800272697,0.0,0.9206438028101913
351,87.75,physics_sindy_mpc,0,17.173093795776367,770.5601806640625,83.85304260253906,10.987419128417969,194.0590362548828,400.0,-0.8314696123025452,-0.5555702330196022,0.0,0.4451051943622816,0.7923005871305944,0.3966788547415449,0.0,1.0
352,88.0,physics_sindy_mpc,0,17.89242935180664,907.4530029296875,87.01988983154297,10.937383651733398,170.43093872070312,400.0,-0.8660254037844385,-0.5000000000000004,0.1255269649408646,0.2531995953131342,0.9092437190632537,0.4000000098843908,0.0,0.7497240801905126
353,88.25,physics_sindy_mpc,0,16.219114303588867,727.9116821289062,84.96095275878906,10.83320426940918,148.00140380859375,400.0,-0.8968727415326883,-0.44228869021900136,0.3787810546695254,0.4759646106438545,0.9937933728699522,0.40000000989878487,0.0,1.0
354,88.5,physics_sindy_mpc,0,17.095396041870117,882.4896240234375,86.47161102294922,10.555212020874023,129.26951599121094,400.0,-0.9238795325112868,-0.3826834323650895,0.4256595402630038,0.21421802607146181,1.0,0.39954796230753636,0.0,1.0
355,88.75,physics_sindy_mpc,0,17.310117721557617,899.1424560546875,88.01856994628906,10.280014038085938,110.50602722167969,400.0,-0.9469301294951056,-0.3214394653031618,0.642016846621895,0.16017010745801236,1.0,0.4000000098738221,0.0,0.9739997170634244
356,89.0,physics_sindy_mpc,0,17.333799362182617,886.4708251953125,89.82870483398438,10.004817008972168,91.7425537109375,400.0,-0.9659258262890683,-0.25881904510252063,0.9539841008010076,0.18424734977831428,1.0,0.40000000985483286,0.0,0.7944030638540784
357,89.25,physics_sindy_mpc,0,17.593778610229492,878.0350952148438,89.7132568359375,9.742105484008789,73.152099609375,400.0,-0.9807852804032303,-0.19509032201612866,1.0,0.17614838594453533,1.0,0.4000000097719128,0.0,0.8836477176153023
358,89.5,physics_sindy_mpc,0,17.889892578125,866.099853515625,88.41087341308594,9.517253875732422,55.08826446533203,400.0,-0.9914448613738104,-0.13052619222005163,0.9116979076895482,0.15576812964118347,1.0,0.37246442064892793,0.0,1.0
359,89.75,physics_sindy_mpc,0,18.36273193359375,847.7353515625,83.41333770751953,9.292092323303223,37.01972961425781,400.0,-0.9978589232386035,-0.06540312923014273,0.4308146837337902,0.08659252779808731,1.0,0.22691869700684728,0.0,1.0
360,90.0,physics_sindy_mpc,0,18.428255081176758,812.5863647460938,82.63176727294922,9.066929817199707,18.951194763183594,400.0,-1.0,-1.8369701987210297e-16,0.2467897850213426,0.11691719574764031,1.0,0.17816833533298676,0.0,1.0
361,90.25,physics_sindy_mpc,0,18.141233444213867,799.6244506835938,83.48070526123047,8.880104064941406,5.180700302124023,400.0,-0.9978589232386036,0.06540312923014237,0.3461640992094665,0.13660663623723818,1.0,0.18031427907939238,0.0,1.0
362,90.5,physics_sindy_mpc,0,17.843524932861328,796.4137573242188,84.11516571044922,8.805535316467285,3.8062145709991455,400.0,-0.9914448613738105,0.13052619222005127,0.48663049336114944,0.13575213706325034,1.0,0.18524065952838237,0.0,1.0
363,90.75,physics_sindy_mpc,0,17.667280197143555,789.4241943359375,84.05474090576172,8.73048210144043,2.4163272380828857,400.0,-0.9807852804032304,0.1950903220161283,0.5562111593902305,0.1325393350693884,1.0,0.1744041431208975,0.0,1.0
364,91.0,physics_sindy_mpc,0,17.625688552856445,779.6431884765625,83.64508819580078,8.655427932739258,1.0264397859573364,400.0,-0.9659258262890684,0.2588190451025203,0.5532885836168343,0.13504443871816493,1.0,0.15890525919525064,0.0,1.0
365,91.25,physics_sindy_mpc,0,17.648195266723633,772.5921630859375,83.34642791748047,8.600000381469727,0.0,400.0,-0.9469301294951057,0.3214394653031615,0.5257715213069113,0.14007320641407556,1.0,0.15030941420896923,0.0,1.0
366,91.5,physics_sindy_mpc,0,17.682119369506836,769.7578735351562,83.34795379638672,8.600000381469727,0.0,400.0,-0.923879532511287,0.38268343236508917,0.5107105202699261,0.14573527852515142,1.0,0.15220174934674768,0.0,1.0
367,91.75,physics_sindy_mpc,0,17.684913635253906,769.7091064453125,83.51891326904297,8.600000381469727,0.0,400.0,-0.8968727415326884,0.442288690219001,0.5169683590166919,0.14809781896894128,1.0,0.15794393256861164,0.0,1.0
368,92.0,physics_sindy_mpc,0,17.671451568603516,770.4168090820312,83.68309783935547,8.600000381469727,0.0,400.0,-0.8660254037844386,0.5000000000000001,0.5318379504998303,0.1473869563543281,1.0,0.16284043643238896,0.0,1.0
369,92.25,physics_sindy_mpc,0,17.664810180664062,770.7827758789062,83.77537536621094,8.568338394165039,0.0,400.0,-0.8314696123025455,0.5555702330196018,0.5457295561991097,0.14462031154045396,1.0,0.16489791169421628,0.0,1.0
370,92.5,physics_sindy_mpc,0,17.679975509643555,770.4175415039062,83.80364227294922,8.441840171813965,0.0,400.0,-0.7933533402912357,0.6087614290087199,0.5550023872754895,0.1411190660780215,1.0,0.16396811715849421,0.0,1.0
371,92.75,physics_sindy_mpc,0,17.715139389038086,769.482177734375,83.82379913330078,8.316750526428223,0.0,400.0,-0.7518398074789772,0.6593458151000691,0.5587130550565079,0.13961209349698003,1.0,0.16342864325494585,0.0,1.0
372,93.0,physics_sindy_mpc,0,17.75860595703125,768.7277221679688,83.86099243164062,8.19166088104248,0.0,400.0,-0.7071067811865477,0.7071067811865474,0.5577882233903817,0.13939877276837911,1.0,0.16411525593975138,0.0,1.0
373,93.25,physics_sindy_mpc,0,17.78987693786621,767.865966796875,83.86680603027344,8.112849235534668,0.0,400.0,-0.6593458151000687,0.7518398074789775,0.5474572913838919,0.1408852427430086,1.0,0.16557927921749435,0.0,1.0
374,93.5,physics_sindy_mpc,0,17.769960403442383,765.7566528320312,83.71379852294922,8.163407325744629,0.0,400.0,-0.608761429008721,0.7933533402912349,0.5202911801964722,0.14336066566576194,1.0,0.16467519516920262,0.0,1.0
375,93.75,physics_sindy_mpc,0,17.705568313598633,763.13720703125,83.50326538085938,8.213443756103516,0.0,400.0,-0.555570233019603,0.8314696123025447,0.48958621503362515,0.14479271673138244,1.0,0.16139998832361294,0.0,1.0
376,94.0,physics_sindy_mpc,0,17.60272216796875,760.0935668945312,83.31368255615234,8.263479232788086,0.0,400.0,-0.5000000000000004,0.8660254037844384,0.4674133921350555,0.14575161547340976,1.0,0.1574145865118603,0.0,1.0
377,94.25,physics_sindy_mpc,0,17.465354919433594,756.9077758789062,83.20851135253906,8.273935317993164,0.0,400.0,-0.4422886902190014,0.8968727415326883,0.4651324549695248,0.14558414452865803,1.0,0.1531281761705187,0.0,1.0
378,94.5,physics_sindy_mpc,0,17.299272537231445,753.658203125,83.25823211669922,8.172897338867188,0.0,400.0,-0.38268343236508956,0.9238795325112868,0.49192475274936975,0.1451506858009142,1.0,0.1491492068578138,0.0,1.0
379,94.75,physics_sindy_mpc,0,17.14936637878418,750.4017944335938,83.22660064697266,8.07282543182373,0.0,400.0,-0.32143946530316186,0.9469301294951056,0.5169048179933271,0.14324373347868197,1.0,0.14287390755877813,0.0,1.0
380,95.0,physics_sindy_mpc,0,17.0343017578125,746.852783203125,83.09848022460938,7.972753524780273,0.0,400.0,-0.25881904510252157,0.9659258262890681,0.5294054891600017,0.14107160677895822,1.0,0.13478383318189238,0.0,1.0
381,95.25,physics_sindy_mpc,0,16.95725440979004,743.5985717773438,83.00082397460938,7.839303016662598,0.0,400.0,-0.19509032201612872,0.9807852804032303,0.5404359821380441,0.13946749789627783,1.0,0.1274183803987777,0.0,1.0
382,95.5,physics_sindy_mpc,0,16.92890739440918,741.92626953125,83.08292388916016,7.613371849060059,0.0,400.0,-0.13052619222005168,0.9914448613738104,0.5653040665301585,0.13872901550202107,1.0,0.12378627899431784,0.0,1.0
383,95.75,physics_sindy_mpc,0,16.931928634643555,741.4120483398438,83.2208251953125,7.388209819793701,0.0,400.0,-0.0654031292301428,0.9978589232386035,0.593849499309917,0.13799354274996553,1.0,0.12234834358560914,0.0,1.0
384,96.0,physics_sindy_mpc,0,16.964628219604492,741.4977416992188,83.31805419921875,7.163048267364502,0.0,400.0,0.0,1.0,0.6133586480661448,0.13672535896527216,1.0,0.12121937495623801,0.0,1.0
385,96.25,physics_sindy_mpc,0,17.017244338989258,741.5569458007812,83.3593521118164,6.972080707550049,0.0,400.0,0.06540312923014306,0.9978589232386035,0.6183343461466552,0.1367642790996332,1.0,0.12091854875141263,0.0,1.0
386,96.5,physics_sindy_mpc,0,17.064706802368164,741.3276977539062,83.32970428466797,6.872322082519531,0.0,400.0,0.13052619222005157,0.9914448613738104,0.6090156314770759,0.13812288918671006,1.0,0.12117249117040199,0.0,1.0
387,96.75,physics_sindy_mpc,0,17.092540740966797,741.2290649414062,83.31884765625,6.772250175476074,0.0,400.0,0.19509032201612825,0.9807852804032304,0.5995775405502144,0.1395793684917999,1.0,0.12164946724976276,0.0,1.0
388,97.0,physics_sindy_mpc,0,17.09718894958496,741.2796020507812,83.34952545166016,6.672178268432617,0.0,400.0,0.25881904510252074,0.9659258262890683,0.5954901884207672,0.1412307120091684,1.0,0.12258177232609578,0.0,1.0
389,97.25,physics_sindy_mpc,0,17.095125198364258,741.8467407226562,83.37373352050781,6.599999904632568,0.0,400.0,0.3214394653031616,0.9469301294951057,0.5895019533825109,0.14250506401068375,1.0,0.1240314114261504,0.0,1.0
390,97.5,physics_sindy_mpc,0,17.1137638092041,743.5458984375,83.35154724121094,6.599999904632568,0.0,400.0,0.3826834323650898,0.9238795325112867,0.5720504895387262,0.14259241505122133,1.0,0.1265814282100646,0.0,1.0
391,97.75,physics_sindy_mpc,0,17.12295913696289,745.5283813476562,83.39635467529297,6.599999904632568,0.0,400.0,0.44228869021900125,0.8968727415326884,0.559555703989748,0.14356538606834343,1.0,0.13071183158090774,0.0,1.0
392,98.0,physics_sindy_mpc,0,17.114521026611328,747.8521118164062,83.48696899414062,6.599999904632568,0.0,400.0,0.49999999999999994,0.8660254037844387,0.5576271811715673,0.14387976721095236,1.0,0.13503367690887125,0.0,1.0
393,98.25,physics_sindy_mpc,0,17.084503173828125,749.8551635742188,83.5924072265625,6.5587382316589355,0.0,400.0,0.5555702330196022,0.8314696123025452,0.5690214482269018,0.142660255184646,1.0,0.1372259737225926,0.0,1.0
394,98.5,physics_sindy_mpc,0,17.021520614624023,750.373291015625,83.69891357421875,6.407620429992676,0.0,400.0,0.6087614290087207,0.7933533402912352,0.5956124408097208,0.14109852321661082,1.0,0.13545722656191017,0.0,1.0
395,98.75,physics_sindy_mpc,0,16.976333618164062,750.19970703125,83.69224548339844,6.25751256942749,0.0,400.0,0.6593458151000688,0.7518398074789774,0.6143072098254765,0.1388278338915155,1.0,0.1305915740777976,0.0,1.0
396,99.0,physics_sindy_mpc,0,16.960845947265625,749.6804809570312,83.61912536621094,6.107404708862305,0.0,400.0,0.7071067811865476,0.7071067811865476,0.6184383809882977,0.13776028979187735,1.0,0.1253255199978935,0.0,1.0
397,99.25,physics_sindy_mpc,0,16.967269897460938,749.5153198242188,83.5339126586914,6.027862548828125,0.0,400.0,0.7518398074789774,0.6593458151000688,0.6052478586865677,0.139737172551556,1.0,0.12331514580616323,0.0,1.0
398,99.5,physics_sindy_mpc,0,16.974653244018555,750.4747924804688,83.50138092041016,6.128540515899658,0.0,400.0,0.7933533402912352,0.6087614290087207,0.5775248598481463,0.14462856007132702,1.0,0.12743368175912628,0.0,1.0
399,99.75,physics_sindy_mpc,0,16.941055297851562,752.40380859375,83.56903839111328,6.228612422943115,0.0,400.0,0.8314696123025451,0.5555702330196024,0.5443830066878292,0.1488432644152694,1.0,0.13477971898230248,0.0,1.0
400,100.0,physics_sindy_mpc,0,16.859529495239258,754.4044799804688,83.71086883544922,6.328684329986572,0.0,400.0,0.8660254037844386,0.5000000000000001,0.5081392726305414,0.15467937934366843,1.0,0.14527921809718602,0.0,1.0
401,100.25,physics_sindy_mpc,0,16.78476333618164,756.8082885742188,83.97075653076172,6.556095123291016,3.3308322429656982,400.0,0.8968727415326884,0.44228869021900125,0.4528003717809333,0.17135458438569423,1.0,0.16929683967248796,0.0,1.0
402,100.5,physics_sindy_mpc,0,16.803382873535156,762.3030395507812,84.44221496582031,7.108554840087891,15.208882331848145,400.0,0.9238795325112867,0.38268343236508984,0.38616603162564284,0.20331701586328219,1.0,0.2165942338100255,0.0,1.0
403,100.75,physics_sindy_mpc,0,16.813566207885742,774.6215209960938,85.05302429199219,7.658950328826904,27.022924423217773,400.0,0.9469301294951056,0.3214394653031617,0.33579692691014373,0.22601725267685252,1.0,0.2694124036678501,0.0,1.0
404,101.0,physics_sindy_mpc,0,16.818471908569336,790.0245971679688,85.79029846191406,8.209345817565918,38.83696746826172,400.0,0.9659258262890683,0.25881904510252074,0.31517211566271347,0.24133922544141834,1.0,0.3240907723199235,0.0,1.0
405,101.25,physics_sindy_mpc,0,16.82500648498535,805.8485107421875,86.51811218261719,8.643978118896484,51.250675201416016,400.0,0.9807852804032304,0.19509032201612833,0.3185675328401876,0.25503737746578536,1.0,0.37594035188034985,0.0,1.0
406,101.5,physics_sindy_mpc,0,16.804662704467773,820.8779907226562,87.10968780517578,8.793673515319824,65.15496826171875,400.0,0.9914448613738104,0.1305261922200517,0.35922230328582094,0.24917006237309214,1.0,0.4000000097983576,0.0,0.9995396854847777
407,101.75,physics_sindy_mpc,0,16.840059280395508,829.3265380859375,87.51206970214844,8.943781852722168,79.05384063720703,400.0000305175781,0.9978589232386035,0.06540312923014327,0.3735115961563581,0.25568413248643174,1.0,0.40000000983977796,0.0,0.8740488103497723
408,102.0,physics_sindy_mpc,0,16.85865020751953,835.541748046875,90.43978881835938,9.093889236450195,92.95271301269531,400.0,1.0,6.123233995736766e-17,0.6850154726099189,0.3215631497353242,1.0,0.4000000098609562,0.0,0.35623512406550567
409,102.25,physics_sindy_mpc,0,17.581207275390625,849.8880615234375,90.06433868408203,9.149410247802734,110.88624572753906,400.0,0.9978589232386035,-0.06540312923014314,0.5546681768638841,0.3269279409103549,1.0,0.40000000993388996,0.0,0.29790001678337136
410,102.5,physics_sindy_mpc,0,18.21731185913086,851.3204345703125,89.81735229492188,8.973544120788574,138.72314453125,400.0,0.9914448613738104,-0.1305261922200516,0.36744914450677457,0.3619839978157667,0.9827877918800876,0.4000000097859718,0.0,0.20894561468990552
411,102.75,physics_sindy_mpc,0,18.304357528686523,816.7000732421875,89.56226348876953,8.798418045043945,166.52088928222656,400.0,0.9807852804032304,-0.1950903220161282,0.2836063061710922,0.45708764906958815,0.9459602833323676,0.40000000977292727,0.0,0.11628866249334738
412,103.0,physics_sindy_mpc,0,17.062108993530273,709.115966796875,88.08450317382812,8.623292922973633,194.31863403320312,400.0,0.9659258262890683,-0.25881904510252063,0.35822123051717003,0.6303016832860678,0.8934543542381433,0.4000000097194795,0.0,0.17558993563831218
413,103.25,physics_sindy_mpc,0,15.46134090423584,621.7086181640625,84.62479400634766,8.565814971923828,231.7014617919922,400.0,0.9469301294951057,-0.3214394653031616,0.2306862399653948,0.7049855565094688,0.8028214696218514,0.40000000934895563,0.0,0.5664555374403641
414,103.5,physics_sindy_mpc,0,14.174840927124023,562.7982788085938,79.51612091064453,8.791804313659668,292.2437744140625,400.0,0.9238795325112868,-0.3826834323650895,0.0,0.7071123934591367,0.6801117674543214,0.3581102151271565,0.0,0.9999999881998686
415,103.75,physics_sindy_mpc,0,17.55187225341797,814.6859130859375,80.69466400146484,9.016965866088867,352.7038879394531,400.0,0.8968727415326884,-0.44228869021900113,0.0,0.543043638152839,0.5661463199311696,0.372240815815315,0.0,0.5203677221706623
416,104.0,physics_sindy_mpc,0,13.950289726257324,498.5796203613281,72.43424987792969,9.242128372192383,413.16400146484375,400.0000305175781,0.8660254037844387,-0.4999999999999998,0.0,1.0,0.4597163737143733,0.3430028178113132,0.0,0.6114439400041344
417,104.25,physics_sindy_mpc,0,14.475934982299805,561.1815185546875,69.49726867675781,9.467289924621582,469.489501953125,400.0,0.8314696123025451,-0.5555702330196023,0.0,1.0,0.39935257143098446,0.3261622189256053,0.0,0.3531110817333583
418,104.5,physics_sindy_mpc,0,14.837933540344238,540.4524536132812,65.93681335449219,9.692451477050781,516.0316162109375,400.0,0.7933533402912352,-0.6087614290087207,0.0,1.0,0.3762032502707278,0.2738183990619688,0.0,0.08173906169917068
419,104.75,physics_sindy_mpc,0,16.1032772064209,545.3325805664062,62.659149169921875,9.91761302947998,562.5928344726562,400.0,0.7518398074789774,-0.6593458151000688,0.0,1.0,0.36863786233768947,0.26218611659897,0.0,0.0
420,105.0,physics_sindy_mpc,0,16.919435501098633,545.0252685546875,60.69944381713867,10.14277458190918,609.1541137695312,400.0,0.7071067811865476,-0.7071067811865475,0.0,1.0,0.3663446987061029,0.2733851288659998,0.0,0.0
421,105.25,physics_sindy_mpc,0,17.276199340820312,538.6702270507812,59.75969696044922,10.31518268585205,651.1187744140625,400.0,0.659345815100069,-0.7518398074789773,0.0,1.0,0.37391486013663594,0.28422390883911186,0.0,0.0
422,105.5,physics_sindy_mpc,0,17.50566291809082,533.3699340820312,60.0803108215332,10.365133285522461,682.3748168945312,400.0,0.6087614290087209,-0.793353340291235,0.0,1.0,0.38302471879315403,0.2918878748428278,0.0,0.0
423,105.75,physics_sindy_mpc,0,17.770580291748047,529.605224609375,60.48747253417969,10.415168762207031,713.6472778320312,400.0,0.5555702330196025,-0.831469612302545,0.0,1.0,0.3917942271657055,0.30077517677239424,0.0,0.0
424,106.0,physics_sindy_mpc,0,18.022438049316406,525.7891235351562,60.87595748901367,10.465205192565918,744.9197387695312,400.0,0.49999999999999994,-0.8660254037844387,0.0,1.0,0.4010853483458687,0.31324812132636065,0.0,0.0
425,106.25,physics_sindy_mpc,0,18.131052017211914,521.0106811523438,61.13971710205078,10.515240669250488,764.7755126953125,400.0,0.4422886902190017,-0.8968727415326881,0.0,1.0,0.41325980256987804,0.32636793693692706,0.0,0.0
426,106.5,physics_sindy_mpc,0,18.000951766967773,516.0158081054688,61.250205993652344,10.565277099609375,758.507080078125,400.0000305175781,0.3826834323650899,-0.9238795325112867,0.0,1.0,0.42604823135931513,0.32626385590792506,0.0,0.0
427,106.75,physics_sindy_mpc,0,18.000526428222656,514.6641235351562,61.53947830200195,10.615312576293945,752.2525634765625,400.0,0.32143946530316175,-0.9469301294951056,0.0,1.0,0.4324209991912431,0.32804582662491516,0.0,0.0
428,107.0,physics_sindy_mpc,0,17.97665023803711,512.796142578125,61.831363677978516,10.665349006652832,745.9981079101562,400.0,0.258819045102521,-0.9659258262890682,0.0,1.0,0.43821143524795386,0.3314852059457631,0.0,0.0
429,107.25,physics_sindy_mpc,0,17.886775970458984,511.29364013671875,61.99867630004883,10.661766052246094,736.7648315429688,400.0,0.19509032201612816,-0.9807852804032304,0.0,1.0,0.44658054027455035,0.33411336667412433,0.0,0.0
430,107.5,physics_sindy_mpc,0,17.686580657958984,511.6750793457031,61.905731201171875,10.53644847869873,720.7684326171875,400.0,0.130526192220052,-0.9914448613738104,0.0,1.0,0.45661578659773144,0.329380883446295,0.0,0.0
431,107.75,physics_sindy_mpc,0,17.55032730102539,513.95556640625,61.88297653198242,10.411358833312988,704.7847290039062,400.0,0.06540312923014312,-0.9978589232386035,0.0,1.0,0.4629119431141524,0.3235448421946665,0.0,0.0
432,108.0,physics_sindy_mpc,0,17.414278030395508,516.40478515625,61.884063720703125,10.286269187927246,688.801025390625,400.0,1.2246467991473532e-16,-1.0,0.0,1.0,0.46640158618755534,0.31501395910249164,0.0,0.0
433,108.25,physics_sindy_mpc,0,17.3184871673584,518.5645751953125,61.919525146484375,10.184440612792969,678.6364135742188,400.0,-0.06540312923014287,-0.9978589232386035,0.0,1.0,0.4665350353498852,0.30707726827794435,0.0,0.0
434,108.5,physics_sindy_mpc,0,17.26628303527832,518.4690551757812,61.948448181152344,10.134435653686523,681.4202270507812,400.0,-0.13052619222005177,-0.9914448613738104,0.0,1.0,0.46961551561155024,0.3069306954107776,0.0,0.0
435,108.75,physics_sindy_mpc,0,17.14850425720215,516.5574951171875,61.89690017700195,10.084400177001953,684.2000122070312,400.0,-0.19509032201612792,-0.9807852804032305,0.0,1.0,0.5053327376894755,0.31305676264720456,0.0,0.0
436,109.0,physics_sindy_mpc,0,17.041990280151367,515.4295043945312,61.845829010009766,10.034363746643066,686.9797973632812,400.0,-0.2588190451025208,-0.9659258262890683,0.0,1.0,0.5404559452190142,0.32269788539336774,0.0,0.0
437,109.25,physics_sindy_mpc,0,16.908903121948242,514.8768920898438,61.692527770996094,10.0,682.5989379882812,400.0,-0.32143946530316153,-0.9469301294951057,0.0,1.0,0.5589424251050485,0.32627223142374295,0.0,0.0
438,109.5,physics_sindy_mpc,0,16.761276245117188,516.5382690429688,61.3731689453125,10.0,662.423095703125,400.0,-0.38268343236508967,-0.9238795325112868,0.0,1.0,0.5603346625328028,0.31982657982199536,0.0,0.0
439,109.75,physics_sindy_mpc,0,16.64304542541504,519.052978515625,61.10193634033203,10.0,642.269775390625,400.0,-0.44228869021900147,-0.8968727415326883,0.0,1.0,0.5557807335515701,0.3142970498160602,0.0,0.0
440,110.0,physics_sindy_mpc,0,16.49685287475586,520.9159545898438,60.80801773071289,10.0,622.1163940429688,400.0,-0.4999999999999997,-0.8660254037844388,0.0,1.0,0.564003414057009,0.3091639560200569,0.0,0.0
441,110.25,physics_sindy_mpc,0,16.26087188720703,524.3304443359375,60.77847671508789,9.913238525390625,592.534912109375,400.0,-0.555570233019602,-0.8314696123025455,0.0,1.0,0.5942973178904715,0.2933313613054368,0.0,0.025094299361398873
442,110.5,physics_sindy_mpc,0,15.837844848632812,534.7200927734375,62.140323638916016,9.63781452178955,542.4814453125,400.0,-0.6087614290087207,-0.7933533402912352,0.0,1.0,0.638882147183142,0.2863856431958176,0.0,0.27919894692595987
443,110.75,physics_sindy_mpc,0,14.996271133422852,553.5671997070312,66.0865478515625,9.362616539001465,492.44549560546875,400.0,-0.6593458151000688,-0.7518398074789774,0.0,1.0,0.66982644126456,0.2914974523884682,0.0,0.5617564784311577
444,111.0,physics_sindy_mpc,0,14.11568832397461,572.1529541015625,68.6416015625,9.087419509887695,442.4095458984375,400.0,-0.7071067811865471,-0.7071067811865479,0.0,0.8204963828478262,0.6954345818037898,0.2886290016614982,0.0,0.9356779377477521
445,111.25,physics_sindy_mpc,0,15.687691688537598,747.4716186523438,78.94449615478516,8.876035690307617,397.0250549316406,400.0,-0.7518398074789773,-0.6593458151000691,0.0,0.5009496459784193,0.7295532758383492,0.33599002489613733,0.0,0.8011728956056746
446,111.5,physics_sindy_mpc,0,13.635622024536133,552.3742065429688,73.71922302246094,8.801006317138672,361.5863952636719,400.0,-0.7933533402912349,-0.6087614290087209,0.0,0.6668495958599654,0.7604145850119057,0.23884561522078038,0.0,1.0
447,111.75,physics_sindy_mpc,0,16.343637466430664,803.7986450195312,80.29337310791016,8.7259521484375,326.1442565917969,400.0,-0.8314696123025452,-0.5555702330196022,0.0,0.3286945807535955,0.8047311239824616,0.31489102720906403,0.0,0.9788111169596774
448,112.0,physics_sindy_mpc,0,16.24311065673828,814.1153564453125,87.92407989501953,8.650898933410645,290.7021179199219,400.0,-0.8660254037844385,-0.5000000000000004,0.6550325328008055,0.44322071041966776,0.8752259619476883,0.400000009827325,0.0,0.41335750651917225
449,112.25,physics_sindy_mpc,0,13.897913932800293,588.1583251953125,79.00824737548828,8.535619735717773,255.9306182861328,400.0,-0.8968727415326883,-0.44228869021900136,0.256861871492278,0.5751423863898719,0.9359045208147054,0.20858175015236563,0.0,1.0
450,112.5,physics_sindy_mpc,0,15.856308937072754,794.7566528320312,82.5426254272461,8.335442543029785,222.5736846923828,400.0,-0.9238795325112868,-0.3826834323650895,0.29799248073761264,0.2760898447804901,0.9895388127746613,0.2843565059861881,0.0,1.0
451,112.75,physics_sindy_mpc,0,16.094505310058594,831.9493408203125,86.51140594482422,8.135298728942871,189.2163848876953,400.0,-0.9469301294951056,-0.3214394653031618,0.7263610308745195,0.25045756057705354,1.0,0.3680934141996487,0.0,1.0
452,113.0,physics_sindy_mpc,0,16.159137725830078,844.6494140625,86.45892333984375,7.935154438018799,155.85910034179688,400.0,-0.9659258262890683,-0.25881904510252063,0.8727013041336121,0.177466028355345,1.0,0.31912101814322397,0.0,1.0
453,113.25,physics_sindy_mpc,0,16.33392333984375,827.076416015625,85.0861587524414,7.718769073486328,123.62974548339844,400.0,-0.9807852804032303,-0.19509032201612866,0.8359878902809346,0.13458686169518838,1.0,0.23966292261899635,0.0,1.0
454,113.5,physics_sindy_mpc,0,16.555362701416016,799.6087036132812,83.78968048095703,7.468583583831787,93.74750518798828,400.0,-0.9914448613738104,-0.13052619222005163,0.7644825967986134,0.12379848986491582,1.0,0.1740130877440082,0.0,1.0
455,113.75,physics_sindy_mpc,0,16.711570739746094,777.6471557617188,82.86012268066406,7.2184038162231445,63.864925384521484,400.0,-0.9978589232386035,-0.06540312923014273,0.7206354224650997,0.11331155810159327,1.0,0.12011004606553104,0.0,1.0
456,114.0,physics_sindy_mpc,0,16.77928924560547,761.8412475585938,82.22160339355469,6.96822452545166,33.98234558105469,400.0,-1.0,-1.8369701987210297e-16,0.7078460436485062,0.09746611182833033,1.0,0.07349230145961584,0.0,1.0
457,114.25,physics_sindy_mpc,0,16.876705169677734,752.724609375,81.86602783203125,6.775409698486328,12.750372886657715,400.0,-0.9978589232386036,0.06540312923014237,0.6999750030426634,0.08691728781744026,1.0,0.045542114821363416,0.0,1.0
458,114.5,physics_sindy_mpc,0,17.141647338867188,752.9332885742188,81.62733459472656,6.700359344482422,9.275900840759277,400.0,-0.9914448613738105,0.13052619222005127,0.6577144268773663,0.07978515277429453,1.0,0.043271287372843206,0.0,1.0
459,114.75,physics_sindy_mpc,0,17.320711135864258,753.83203125,81.73182678222656,6.625305652618408,5.801182270050049,400.0,-0.9807852804032304,0.1950903220161283,0.6420372133013685,0.07840489471215129,1.0,0.0476211650822505,0.0,1.0
460,115.0,physics_sindy_mpc,0,17.414939880371094,753.506591796875,81.8911361694336,6.550251483917236,2.3264636993408203,400.0,-0.9659258262890684,0.2588190451025203,0.6454303189596657,0.07877534105772759,1.0,0.05055146636917132,0.0,1.0
461,115.25,physics_sindy_mpc,0,17.498271942138672,750.5437622070312,81.97681427001953,6.508266925811768,0.0,400.0,-0.9469301294951057,0.3214394653031615,0.6431791274491726,0.08548973249970457,1.0,0.05336295475754432,0.0,1.0
462,115.5,physics_sindy_mpc,0,17.598804473876953,745.3574829101562,82.07022094726562,6.533285617828369,0.0,400.0,-0.923879532511287,0.38268343236508917,0.6324349000455795,0.10166195860027372,1.0,0.06014751447201864,0.0,1.0
463,115.75,physics_sindy_mpc,0,17.677091598510742,742.466796875,82.22203826904297,6.558303356170654,0.0,400.0,-0.8968727415326884,0.442288690219001,0.6264221447498225,0.11419616208921102,1.0,0.06818870222197275,0.0,1.0
464,116.0,physics_sindy_mpc,0,17.735410690307617,741.2824096679688,82.37773132324219,6.583321571350098,0.0,400.0,-0.8660254037844386,0.5000000000000001,0.627890432945471,0.1213616032799167,1.0,0.07538881176391811,0.0,1.0
465,116.25,physics_sindy_mpc,0,17.737709045410156,740.1486206054688,82.51101684570312,6.524946212768555,0.0,400.0,-0.8314696123025455,0.5555702330196018,0.6459782841032768,0.12272975146877242,1.0,0.07768300112140443,0.0,1.0
466,116.5,physics_sindy_mpc,0,17.643098831176758,737.7915649414062,82.56444549560547,6.299784183502197,0.0,400.0,-0.7933533402912357,0.6087614290087199,0.6831019969405079,0.11788540971338402,1.0,0.07088759693957908,0.0,1.0
467,116.75,physics_sindy_mpc,0,17.579099655151367,735.039306640625,82.3340072631836,6.074622631072998,0.0,400.0,-0.7518398074789772,0.6593458151000691,0.6945464235021779,0.10827433304207643,1.0,0.05806699896157084,0.0,1.0
468,117.0,physics_sindy_mpc,0,17.564258575439453,732.5325927734375,82.04219055175781,5.849460601806641,0.0,400.0,-0.7071067811865477,0.7071067811865474,0.6796061379208485,0.10017629951188001,1.0,0.0468178919172639,0.0,1.0
469,117.25,physics_sindy_mpc,0,17.60918617248535,731.64501953125,81.84663391113281,5.767289638519287,0.0,400.0,-0.6593458151000687,0.7518398074789775,0.6416420295369305,0.09844272954160226,1.0,0.04477226787356838,0.0,1.0
470,117.5,physics_sindy_mpc,0,17.714868545532227,731.9832763671875,81.8533935546875,5.967433452606201,0.0,400.0,-0.608761429008721,0.7933533402912349,0.591631415391529,0.1074674838700749,1.0,0.0556506244344976,0.0,1.0
471,117.75,physics_sindy_mpc,0,17.73125648498535,731.8824462890625,82.18807983398438,6.167577266693115,0.0,400.0,-0.555570233019603,0.8314696123025447,0.5781422113029964,0.1229146884999481,1.0,0.07162180018523612,0.0,1.0
472,118.0,physics_sindy_mpc,0,17.684688568115234,732.7637329101562,82.53072357177734,6.367721080780029,0.0,400.0,-0.5000000000000004,0.8660254037844384,0.5852002460746732,0.1335477557717733,1.0,0.08571508998386733,0.0,1.0
473,118.25,physics_sindy_mpc,0,17.618282318115234,733.8090209960938,82.60517883300781,6.525449275970459,0.0,400.0,-0.4422886902190014,0.8968727415326883,0.5802894780269371,0.1356903167448535,1.0,0.09184261479405827,0.0,1.0
474,118.5,physics_sindy_mpc,0,17.52118492126465,733.1891479492188,82.47218322753906,6.600503444671631,0.0,400.0,-0.38268343236508956,0.9238795325112868,0.5618413832472904,0.13437043545102886,1.0,0.09047587740289129,0.0,1.0
475,118.75,physics_sindy_mpc,0,17.430034637451172,731.750244140625,82.31993103027344,6.6755571365356445,0.0,400.0,-0.32143946530316186,0.9469301294951056,0.5390005853981163,0.13448838995461707,1.0,0.08862977871281878,0.0,1.0
476,119.0,physics_sindy_mpc,0,17.330904006958008,730.4336547851562,82.23814392089844,6.750611305236816,0.0,400.0,-0.25881904510252157,0.9659258262890681,0.5272670416086365,0.13483718330275896,1.0,0.08762509108424943,0.0,1.0
477,119.25,physics_sindy_mpc,0,17.19901466369629,728.9645385742188,82.24193572998047,6.7230048179626465,0.0,400.0,-0.19509032201612872,0.9807852804032303,0.5414397432140647,0.1326318823009224,1.0,0.0842005891589944,0.0,1.0
478,119.5,physics_sindy_mpc,0,17.036252975463867,726.5910034179688,82.29920959472656,6.497843265533447,0.0,400.0,-0.13052619222005168,0.9914448613738104,0.5816141778354401,0.12817513476038808,1.0,0.07589482415758467,0.0,1.0
479,119.75,physics_sindy_mpc,0,16.920902252197266,723.964111328125,82.23639678955078,6.272681713104248,0.0,400.0,-0.0654031292301428,0.9978589232386035,0.6117443757509934,0.12281742675433771,1.0,0.06525745145841755,0.0,1.0
480,120.0,physics_sindy_mpc,0,16.866504669189453,721.655029296875,82.13359069824219,6.047519683837891,0.0,400.0,0.0,1.0,0.6257556990046633,0.11881090419817528,1.0,0.056060022977026,0.0,1.0
481,120.25,physics_sindy_mpc,0,16.86163902282715,720.6431884765625,82.1234130859375,5.865492343902588,0.0,400.0,0.06540312923014306,0.9978589232386035,0.6329122332292597,0.11778504898326345,1.0,0.052362110449182694,0.0,1.0
482,120.5,physics_sindy_mpc,0,16.882295608520508,721.3229370117188,82.23541259765625,5.765420436859131,0.0,400.0,0.13052619222005157,0.9914448613738104,0.6414031202850662,0.11879287409056585,1.0,0.054454157280382456,0.0,1.0
483,120.75,physics_sindy_mpc,0,16.88667106628418,722.1900024414062,82.26632690429688,5.665348529815674,0.0,400.0,0.19509032201612825,0.9807852804032304,0.6433830762508684,0.11776110964569965,1.0,0.05484065277185861,0.0,1.0
484,121.0,physics_sindy_mpc,0,16.891925811767578,722.9036865234375,82.22972869873047,5.565276622772217,0.0,400.0,0.25881904510252074,0.9659258262890683,0.6351000830765952,0.11623407335908306,1.0,0.05420681909448061,0.0,1.0
485,121.25,physics_sindy_mpc,0,16.91469955444336,723.8904418945312,82.19236755371094,5.517397403717041,0.0,400.0,0.3214394653031616,0.9469301294951057,0.6166309905025552,0.11668339888823799,1.0,0.05592913949642793,0.0,1.0
486,121.5,physics_sindy_mpc,0,16.952484130859375,725.3446044921875,82.22059631347656,5.5674333572387695,0.0,400.0,0.3826834323650898,0.9238795325112867,0.5946332844232602,0.12048482801225584,1.0,0.061958419756071165,0.0,1.0
487,121.75,physics_sindy_mpc,0,16.955495834350586,727.0050048828125,82.35282135009766,5.617469310760498,0.0,400.0,0.44228869021900125,0.8968727415326884,0.5853614559169367,0.1255160770118147,1.0,0.06943938254832496,0.0,1.0
488,122.0,physics_sindy_mpc,0,16.935951232910156,729.0467529296875,82.46240234375,5.667505264282227,0.0,400.0,0.49999999999999994,0.8660254037844387,0.5808136030771585,0.12831470544415982,1.0,0.07545965061592004,0.0,1.0
489,122.25,physics_sindy_mpc,0,16.90522575378418,730.8456420898438,82.45399475097656,5.708770751953125,0.0,400.0,0.5555702330196022,0.8314696123025452,0.5695223226501819,0.12823421332568666,1.0,0.07801362691947866,0.0,1.0
490,122.5,physics_sindy_mpc,0,16.849393844604492,731.6325073242188,82.38184356689453,5.73378849029541,0.0,400.0,0.6087614290087207,0.7933533402912352,0.5557247296582944,0.12767403368851402,1.0,0.07781987483562311,0.0,1.0
491,122.75,physics_sindy_mpc,0,16.786684036254883,732.1713256835938,82.31840515136719,5.7588067054748535,0.0,400.0,0.6593458151000688,0.7518398074789774,0.5443418858469065,0.1274817653728394,1.0,0.07730125082015118,0.0,1.0
492,123.0,physics_sindy_mpc,0,16.718061447143555,732.800048828125,82.27915954589844,5.783824443817139,0.0,400.0,0.7071067811865476,0.7071067811865476,0.5381269595941822,0.12747598644836416,1.0,0.07689213004091863,0.0,1.0
493,123.25,physics_sindy_mpc,0,16.650583267211914,733.5812377929688,82.29733276367188,5.800000190734863,0.4912532866001129,400.0,0.7518398074789774,0.6593458151000688,0.5399976513631604,0.12875113845073138,1.0,0.07764421686676339,0.0,1.0
494,123.5,physics_sindy_mpc,0,16.592880249023438,734.7171630859375,82.40474700927734,5.800000190734863,1.8811407089233398,400.0,0.7933533402912352,0.6087614290087207,0.5498842160604842,0.13189219441570754,1.0,0.08073592140957585,0.0,1.0
495,123.75,physics_sindy_mpc,0,16.54412269592285,736.27294921875,82.48007202148438,5.800000190734863,3.2710280418395996,400.0,0.8314696123025451,0.5555702330196024,0.5490456905220199,0.13387753581889233,1.0,0.08394388488500558,0.0,1.0
496,124.0,physics_sindy_mpc,0,16.503664016723633,737.6635131835938,82.53239440917969,5.800000190734863,4.660915374755859,400.0,0.8660254037844386,0.5000000000000001,0.51811335287841,0.13911608949921556,1.0,0.0907369115211187,0.0,1.0
497,124.25,physics_sindy_mpc,0,16.515377044677734,739.600341796875,82.66708374023438,5.862401008605957,14.470005989074707,400.0,0.8968727415326884,0.44228869021900125,0.4508470520508469,0.159020190971451,1.0,0.11418558530593995,0.0,1.0
498,124.5,physics_sindy_mpc,0,16.585851669311523,744.8475952148438,82.97272491455078,6.037527084350586,39.487979888916016,400.0,0.9238795325112867,0.38268343236508984,0.3595692862986079,0.19225173892347547,1.0,0.16036389404171422,0.0,1.0
499,124.75,physics_sindy_mpc,0,16.55579376220703,755.2608642578125,83.53077697753906,6.212652683258057,64.50595092773438,400.0,0.9469301294951056,0.3214394653031617,0.307685101117204,0.21824158235528424,1.0,0.2118426283219154,0.0,1.0
500,125.0,physics_sindy_mpc,0,16.471708297729492,768.1370849609375,84.13130187988281,6.3877787590026855,89.52392578125,400.0,0.9659258262890683,0.25881904510252074,0.2836833823394813,0.23242122051626574,1.0,0.2608803279295588,0.0,1.0
501,125.25,physics_sindy_mpc,0,16.44827651977539,780.36328125,84.60836791992188,6.535945415496826,119.53430938720703,400.0,0.9807852804032304,0.19509032201612833,0.24938996288303564,0.25014289375483,1.0,0.31144938732198907,0.0,1.0
502,125.5,physics_sindy_mpc,0,16.51938819885254,794.037109375,85.03817749023438,6.636017322540283,158.45115661621094,400.0,0.9914448613738104,0.1305261922200517,0.1868839475082725,0.27282131227794737,1.0,0.36882364350739766,0.0,1.0
503,125.75,physics_sindy_mpc,0,16.615734100341797,810.4012451171875,85.5061264038086,6.73608922958374,197.3679962158203,400.0,0.9978589232386035,0.06540312923014327,0.15410759849566624,0.2888474687427394,0.9922343141693079,0.4000000097236625,0.0,0.9282302238792896
504,126.0,physics_sindy_mpc,0,16.584360122680664,813.7134399414062,88.1838150024414,6.836161136627197,236.28485107421875,400.0,1.0,6.123233995736766e-17,0.4060697818217443,0.3789593895876317,0.9770181952777914,0.40000000986662404,0.0,0.3574627712229735
505,126.25,physics_sindy_mpc,0,17.131628036499023,776.9415893554688,86.58686828613281,6.900000095367432,270.1693420410156,400.0,0.9978589232386035,-0.06540312923014314,0.1922472118088095,0.4681172554837053,0.9344828405784903,0.40000000973620214,0.0,0.3926328437014438
506,126.5,physics_sindy_mpc,0,15.778098106384277,676.148681640625,82.3216323852539,6.900000095367432,295.18731689453125,400.0,0.9914448613738104,-0.1305261922200516,0.0,0.5438823468381859,0.8796013422900884,0.3906044511880937,0.0,0.8882129060953329
507,126.75,physics_sindy_mpc,0,14.124354362487793,624.9493408203125,76.4642562866211,6.900000095367432,320.2052917480469,400.0,0.9807852804032304,-0.1950903220161282,0.0,0.5114703534245111,0.8122773443907144,0.2604789190466264,0.0,1.0
508,127.0,physics_sindy_mpc,0,16.670635223388672,789.8909912109375,80.17979431152344,6.900000095367432,345.2232666015625,400.0,0.9659258262890683,-0.25881904510252063,0.0,0.39914242710030323,0.7513824675326893,0.30110577841465547,0.0,0.6351407623046688
509,127.25,physics_sindy_mpc,0,13.688637733459473,552.3255004882812,73.03709411621094,6.9913010597229,372.5237731933594,400.0,0.9469301294951057,-0.3214394653031616,0.0,0.693990409202901,0.6873961773344397,0.2674449050684594,0.0,0.9999999985453818
510,127.5,physics_sindy_mpc,0,16.91532325744629,806.443115234375,78.45321655273438,7.241480827331543,403.7962341308594,400.0,0.9238795325112868,-0.3826834323650895,0.0,0.5044142044599207,0.6290344262601074,0.3309185088150388,0.0,0.4881816804963331
511,127.75,physics_sindy_mpc,0,13.871722221374512,534.1397094726562,69.40084838867188,7.4916605949401855,435.0686950683594,400.0000305175781,0.8968727415326884,-0.44228869021900113,0.0,0.881222579443562,0.5828399501577186,0.3003080299453622,0.0,0.8180096206512268
512,128.0,physics_sindy_mpc,0,14.964327812194824,645.032958984375,71.47209930419922,7.741840362548828,466.3411560058594,400.0,0.8660254037844387,-0.4999999999999998,0.0,0.8191513442773255,0.5479570178806182,0.3338477397664588,0.0,0.5564195576389915
513,128.25,physics_sindy_mpc,0,14.23367691040039,565.0293579101562,66.83772277832031,7.853990077972412,485.8554992675781,400.0,0.8314696123025451,-0.5555702330196023,0.0,0.9565473849127106,0.523062214472014,0.31619081370483226,0.0,0.6267497174045621
514,128.5,physics_sindy_mpc,0,14.38002872467041,598.3484497070312,68.23611450195312,7.728899955749512,485.1605529785156,400.0,0.7933533402912352,-0.6087614290087207,0.0,0.9064062952141039,0.4987617884748387,0.31614909122858215,0.0,0.5638570514654689
515,128.75,physics_sindy_mpc,0,14.213668823242188,582.710693359375,68.79847717285156,7.6038103103637695,484.4656066894531,400.0,0.7518398074789774,-0.6593458151000688,0.0,0.9192397157511448,0.47628672876032535,0.31158092297394907,0.0,0.5379980739204009
516,129.0,physics_sindy_mpc,0,14.142739295959473,580.9203491210938,69.67250061035156,7.478720188140869,483.7706604003906,400.0,0.7071067811865476,-0.7071067811865475,0.0,0.9149369354723558,0.4551186908531988,0.3091171464970473,0.0,0.5013595424667507
517,129.25,physics_sindy_mpc,0,14.065824508666992,576.0818481445312,70.43195343017578,7.372178077697754,483.8485412597656,400.0,0.659345815100069,-0.7518398074789773,0.0,0.9170999415733109,0.43538843327177745,0.3074175083950007,0.0,0.46612440701564484
518,129.5,physics_sindy_mpc,0,14.013761520385742,572.437255859375,71.0510482788086,7.29712438583374,485.2384338378906,400.0,0.6087614290087209,-0.793353340291235,0.0,0.9216373334939966,0.4172613376322427,0.30621665829952904,0.0,0.4271439407158456
519,129.75,physics_sindy_mpc,0,13.96165943145752,569.1746215820312,71.67135620117188,7.222070217132568,486.6283264160156,400.0,0.5555702330196025,-0.831469612302545,0.0,0.925308123607273,0.40081029638185856,0.3045861440018114,0.0,0.3859355515382836
520,130.0,physics_sindy_mpc,0,13.93703842163086,566.9568481445312,72.35336303710938,7.147016525268555,488.0182189941406,400.0,0.49999999999999994,-0.8660254037844387,0.0,0.9257420312138317,0.38681748501359753,0.30029927251026245,0.0,0.333156833235404
521,130.25,physics_sindy_mpc,0,13.847332000732422,564.6278076171875,73.53780364990234,7.1560750007629395,478.5046691894531,400.0,0.4422886902190017,-0.8968727415326881,0.0,0.9051647783752285,0.3746846578059477,0.2911628823199083,0.0,0.29988481130998335
522,130.5,physics_sindy_mpc,0,13.617293357849121,560.0783081054688,75.42240905761719,7.306182384490967,450.7069396972656,400.0,0.3826834323650899,-0.9238795325112867,0.0,0.8572597257580589,0.3617504837850029,0.28347101147612247,0.0,0.34348986999260317
523,130.75,physics_sindy_mpc,0,13.348201751708984,553.0482788085938,77.1331787109375,7.456290245056152,422.9091796875,400.0,0.32143946530316175,-0.9469301294951056,0.0,0.8080835960282374,0.34791064308754405,0.2807661648416819,0.0,0.42513857200544775
524,131.0,physics_sindy_mpc,0,13.118621826171875,548.6041259765625,78.74712371826172,7.606398105621338,395.1114196777344,400.0,0.258819045102521,-0.9659258262890682,0.0,0.7919055157612039,0.3279475754868099,0.31598780263183857,0.0,0.480274418507868
525,131.25,physics_sindy_mpc,0,12.943209648132324,537.3985595703125,78.43099975585938,7.765923976898193,397.9211730957031,400.0,0.19509032201612816,-0.9807852804032304,0.0,0.8157117500778417,0.30549390933372905,0.3382891843978516,0.0,0.5463789327651809
526,131.5,physics_sindy_mpc,0,13.418229103088379,540.0239868164062,75.88314819335938,7.941049575805664,451.43182373046875,400.0,0.130526192220052,-0.9914448613738104,0.0,0.9193413846775481,0.29118832800003064,0.3476599756802981,0.0,0.4557987545102879
527,131.75,physics_sindy_mpc,0,13.833148956298828,541.0723876953125,72.7170181274414,8.116175651550293,504.9424743652344,400.0,0.06540312923014312,-0.9978589232386035,0.0,1.0,0.29035465355880186,0.3577344283560017,0.0,0.3416174821675345
528,132.0,physics_sindy_mpc,0,14.306288719177246,537.611328125,68.91876220703125,8.291300773620605,558.453125,400.0,1.2246467991473532e-16,-1.0,0.0,1.0,0.3369583828835304,0.3419610493718056,0.0,0.2765872260014654
529,132.25,physics_sindy_mpc,0,14.84359359741211,538.6519775390625,66.80551147460938,8.428468704223633,583.7586669921875,400.0000305175781,-0.06540312923014287,-0.9978589232386035,0.0,1.0,0.39918658205715324,0.32685201873362313,0.0,0.22014999109347846
530,132.5,physics_sindy_mpc,0,14.965154647827148,545.2529907226562,67.55976867675781,8.503522872924805,562.910400390625,400.0,-0.13052619222005177,-0.9914448613738104,0.0,1.0,0.44140327556136405,0.3228329741866388,0.0,0.2557929239853817
531,132.75,physics_sindy_mpc,0,14.8863525390625,551.8539428710938,68.47005462646484,8.57857608795166,542.0620727539062,400.0,-0.19509032201612792,-0.9807852804032305,0.0,1.0,0.4760928151752194,0.32489892631932477,0.0,0.33012347750916843
532,133.0,physics_sindy_mpc,0,14.713011741638184,558.0805053710938,69.2746810913086,8.653630256652832,521.2137451171875,400.0,-0.2588190451025208,-0.9659258262890683,0.0,1.0,0.5077138906692719,0.3257575272510783,0.0,0.4224340541390466
533,133.25,physics_sindy_mpc,0,14.393086433410645,563.8660278320312,69.74150848388672,8.566139221191406,504.8805847167969,400.0,-0.32143946530316153,-0.9469301294951057,0.0,0.9827194947541736,0.5307213848128824,0.3220289699904725,0.0,0.5162206743359556
534,133.5,physics_sindy_mpc,0,13.863306999206543,565.281982421875,69.70311737060547,8.215888023376465,495.8463134765625,400.0,-0.38268343236508967,-0.9238795325112868,0.0,0.9080532792585613,0.5506754546087849,0.3149043736421424,0.0,0.6775192254428292
535,133.75,physics_sindy_mpc,0,13.654746055603027,580.6016235351562,70.81954193115234,7.865636348724365,486.8120422363281,400.0,-0.44228869021900147,-0.8968727415326883,0.0,0.822772355065237,0.5707812681807847,0.31532028207717544,0.0,0.7924763322642582
536,134.0,physics_sindy_mpc,0,13.637380599975586,604.6590576171875,72.83924865722656,7.515384674072266,477.77777099609375,400.0,-0.4999999999999997,-0.8660254037844388,0.0,0.732023409359188,0.5927095074540744,0.322071285240794,0.0,0.8677774154368114
537,134.25,physics_sindy_mpc,0,13.871716499328613,638.8944091796875,75.72883605957031,7.309633255004883,459.9129333496094,400.0,-0.555570233019602,-0.8314696123025455,0.0,0.6322851366583926,0.6178361647704911,0.33281765259859264,0.0,0.9197129059840842
538,134.5,physics_sindy_mpc,0,14.391910552978516,687.3275146484375,79.5970230102539,7.334651470184326,427.9455261230469,400.0,-0.6087614290087207,-0.7933533402912352,0.0,0.5284957028707759,0.6451691976101928,0.3579683978538494,0.0,0.9421867081042299
539,134.75,physics_sindy_mpc,0,14.680501937866211,714.1292724609375,82.4492416381836,7.359669208526611,395.9781188964844,400.0,-0.6593458151000688,-0.7518398074789774,0.08374366860901146,0.5376396380943788,0.6600605444392288,0.40000000990403584,0.0,0.7679842875324141
540,135.0,physics_sindy_mpc,0,12.047513961791992,536.3578491210938,71.34754943847656,7.384687423706055,364.0107116699219,400.0,-0.7071067811865471,-0.7071067811865479,0.0,0.5571748476449712,0.6691378740507613,0.15891654019312879,0.0,1.0
541,135.25,physics_sindy_mpc,0,15.101191520690918,746.4265747070312,79.68280792236328,7.380589485168457,337.9742736816406,400.0,-0.7518398074789773,-0.6593458151000691,0.0,0.33978618344548445,0.7159271215434344,0.2652200622621015,0.0,1.0
542,135.5,physics_sindy_mpc,0,15.714996337890625,814.1682739257812,86.85003662109375,7.3305535316467285,321.2956237792969,400.0,-0.7933533402912349,-0.6087614290087209,0.6422166799052339,0.41746404651720176,0.7710409265050102,0.400000009720998,0.0,0.6714894938051957
543,135.75,physics_sindy_mpc,0,11.857781410217285,528.3279418945312,73.00286865234375,7.280517578125,304.6169738769531,400.0,-0.8314696123025452,-0.5555702330196022,0.0,0.47553011803794715,0.7949385015601169,0.09207471897471085,0.0,1.0
544,136.0,physics_sindy_mpc,0,14.938554763793945,710.8552856445312,79.85681915283203,7.2304816246032715,287.9383239746094,400.0,-0.8660254037844385,-0.5000000000000004,0.13700304422957177,0.3835114535486483,0.8687760666592826,0.22663292407614086,0.0,1.0
545,136.25,physics_sindy_mpc,0,15.33903980255127,802.9511108398438,86.81197357177734,7.10222864151001,262.0257263183594,400.0,-0.8968727415326883,-0.44228869021900136,0.8524786008964228,0.3522570458329188,0.9406518052191181,0.40000000683743453,0.0,1.0
546,136.5,physics_sindy_mpc,0,15.392062187194824,849.4885864257812,87.41657257080078,6.852048873901367,221.718994140625,400.0,-0.9238795325112868,-0.3826834323650895,1.0,0.22305578671314835,0.9994695153203703,0.3688539783995318,0.0,1.0
547,136.75,physics_sindy_mpc,0,15.627165794372559,834.5287475585938,85.72465515136719,6.601869106292725,181.41224670410156,400.0,-0.9469301294951056,-0.3214394653031618,1.0,0.14921584658675852,1.0,0.25813605036060666,0.0,1.0
548,137.0,physics_sindy_mpc,0,15.977395057678223,797.5211181640625,83.90723419189453,6.351689338684082,141.1055145263672,400.0,-0.9659258262890683,-0.25881904510252063,0.9021237726038256,0.13436810410458633,1.0,0.16819672453374312,0.0,1.0
549,137.25,physics_sindy_mpc,0,16.37897491455078,768.4966430664062,82.52296447753906,6.140905857086182,106.54405212402344,400.0,-0.9807852804032303,-0.19509032201612866,0.7845580125291688,0.1348444653823664,1.0,0.10967373029102966,0.0,1.0
550,137.5,physics_sindy_mpc,0,16.75620460510254,752.5791625976562,81.8800277709961,5.990797996520996,80.83113861083984,400.0,-0.9914448613738104,-0.13052619222005163,0.715310942898813,0.13550341354278372,1.0,0.0797016631362052,0.0,1.0
551,137.75,physics_sindy_mpc,0,16.97261619567871,745.291748046875,81.81324768066406,5.8406901359558105,55.118221282958984,400.0,-0.9978589232386035,-0.06540312923014273,0.7213683454599622,0.12524702772206328,1.0,0.05788641192156808,0.0,1.0
552,138.0,physics_sindy_mpc,0,17.094261169433594,741.3211059570312,81.85002136230469,5.690582275390625,29.405303955078125,400.0,-1.0,-1.8369701987210297e-16,0.7562280851353422,0.10764826794685663,1.0,0.035726585193744616,0.0,1.0
553,138.25,physics_sindy_mpc,0,17.28767204284668,741.2050170898438,82.0732650756836,5.599999904632568,12.51098346710205,400.0,-0.9978589232386036,0.06540312923014237,0.7849910076319547,0.09783439606776252,1.0,0.029814466984715054,0.0,1.0
554,138.5,physics_sindy_mpc,0,17.538728713989258,743.0689086914062,82.031005859375,5.599999904632568,9.036264419555664,400.0,-0.9914448613738105,0.13052619222005127,0.7616436412916329,0.09251354361044593,1.0,0.03458881774217119,0.0,1.0
555,138.75,physics_sindy_mpc,0,17.682239532470703,741.6215209960938,81.92335510253906,5.599999904632568,5.561546325683594,400.0,-0.9807852804032304,0.1950903220161283,0.7306320841580635,0.09253707942243689,1.0,0.03591605162958657,0.0,1.0
556,139.0,physics_sindy_mpc,0,17.770435333251953,740.8082275390625,81.80723571777344,5.599999904632568,2.0868279933929443,400.0,-0.9659258262890684,0.2588190451025203,0.7072532141922402,0.08906842978218112,1.0,0.03469479106060275,0.0,1.0
557,139.25,physics_sindy_mpc,0,17.80031967163086,740.439453125,81.80694580078125,5.480086326599121,0.0,400.0,-0.9469301294951057,0.3214394653031615,0.7126045396658179,0.08240267647988965,1.0,0.0315036671725958,0.0,1.0
558,139.5,physics_sindy_mpc,0,17.78104591369629,739.8732299804688,81.8646240234375,5.17987060546875,0.0,400.0000305175781,-0.923879532511287,0.38268343236508917,0.7448756692599439,0.07264593958086488,1.0,0.024937712105703155,0.0,1.0
559,139.75,physics_sindy_mpc,0,17.792526245117188,740.438232421875,81.7828140258789,4.879654884338379,0.0,400.0,-0.8968727415326884,0.442288690219001,0.7672514301270236,0.0547501908035248,1.0,0.01614578897863948,0.0,1.0
560,140.0,physics_sindy_mpc,0,17.855134963989258,741.5307006835938,81.62191009521484,4.579439163208008,0.0,400.0,-0.8660254037844386,0.5000000000000001,0.7683102695878187,0.03246161808294725,1.0,0.008477455437442093,0.0,1.0
561,140.25,physics_sindy_mpc,0,17.980148315429688,742.2714233398438,81.47809600830078,4.369805812835693,0.0,400.0,-0.8314696123025455,0.5555702330196018,0.747960406801009,0.022338346128042773,1.0,0.006690657085964465,0.0,1.0
562,140.5,physics_sindy_mpc,0,18.133930206298828,742.787109375,81.47393798828125,4.29475212097168,0.0,400.0,-0.7933533402912357,0.6087614290087199,0.721746811253857,0.024098095947667018,1.0,0.012037857061509073,0.0,1.0
563,140.75,physics_sindy_mpc,0,18.205631256103516,739.2865600585938,81.66519165039062,4.219697952270508,0.0,400.0,-0.7518398074789772,0.6593458151000691,0.7202900350870948,0.03911055251129557,1.0,0.018305052568273965,0.0,1.0
564,141.0,physics_sindy_mpc,0,18.228181838989258,735.5225830078125,81.82190704345703,4.144644260406494,0.0,400.0,-0.7071067811865477,0.7071067811865474,0.724433981731218,0.054550640386106825,1.0,0.02251457048400515,0.0,1.0
565,141.25,physics_sindy_mpc,0,18.25853157043457,734.4221801757812,81.87775421142578,4.170956134796143,0.0,400.0,-0.6593458151000687,0.7518398074789775,0.7094241696737844,0.06459464994810334,1.0,0.027726628223734312,0.0,1.0
566,141.5,physics_sindy_mpc,0,18.280691146850586,734.4044189453125,81.95011901855469,4.346081733703613,0.0,400.0,-0.608761429008721,0.7933533402912349,0.6832573695979413,0.07297363992896196,1.0,0.03622092661222312,0.0,1.0
567,141.75,physics_sindy_mpc,0,18.256603240966797,733.5006103515625,82.10149383544922,4.521207809448242,0.0,400.0,-0.555570233019603,0.8314696123025447,0.6710871873504037,0.08170189498766739,1.0,0.044752692323187314,0.0,1.0
568,142.0,physics_sindy_mpc,0,18.212265014648438,732.6198120117188,82.25416564941406,4.696333408355713,0.0,400.0,-0.5000000000000004,0.8660254037844384,0.6773717684609111,0.07749621117058438,1.0,0.050909474025135765,0.0,1.0
569,142.25,physics_sindy_mpc,0,18.064237594604492,727.2984008789062,82.37489318847656,4.606039047241211,0.0,400.0,-0.4422886902190014,0.8968727415326883,0.725532935011393,0.0663433420009075,1.0,0.04513649259509383,0.0,1.0
570,142.5,physics_sindy_mpc,0,17.811159133911133,719.2040405273438,82.14823150634766,4.130697250366211,0.0,400.0,-0.38268343236508956,0.9238795325112868,0.7868190107665126,0.04747167985997678,1.0,0.019023306736825916,0.0,1.0
571,142.75,physics_sindy_mpc,0,17.700244903564453,717.6997680664062,81.55797576904297,3.655355930328369,0.0,400.0,-0.32143946530316186,0.9469301294951056,0.7834892431739231,0.02810355296423232,1.0,0.0,0.0,1.0
572,143.0,physics_sindy_mpc,0,17.619083404541016,726.6005249023438,81.05030822753906,3.1800143718719482,0.0,400.0,-0.25881904510252157,0.9659258262890681,0.7663344952423448,0.00802696175056435,1.0,0.0,0.0,1.0
573,143.25,physics_sindy_mpc,0,17.524003982543945,732.3335571289062,80.64130401611328,3.095327138900757,0.0,400.0000305175781,-0.19509032201612872,0.9807852804032303,0.7216107698419775,0.005496773522444644,1.0,0.0,0.0,1.0
574,143.5,physics_sindy_mpc,0,17.62714958190918,737.51318359375,80.32335662841797,3.5706686973571777,0.0,400.0,-0.13052619222005168,0.9914448613738104,0.6238871689100721,0.007168669019269474,1.0,0.0,0.0,1.0
575,143.75,physics_sindy_mpc,0,17.763248443603516,743.1048583984375,80.69792175292969,4.0460100173950195,0.0,400.0,-0.0654031292301428,0.9978589232386035,0.5404041089153756,0.011179837212537201,1.0,0.005661487703962201,0.0,1.0
576,144.0,physics_sindy_mpc,0,17.81623649597168,743.2974853515625,81.64568328857422,4.521351337432861,0.0,400.0,0.0,1.0,0.5482441901805842,0.04861539392478049,1.0,0.03897495245987556,0.0,1.0
577,144.25,physics_sindy_mpc,0,17.585739135742188,731.232421875,82.59678649902344,4.831056594848633,0.0,400.0,0.06540312923014306,0.9978589232386035,0.6384530140857234,0.09975299685493677,1.0,0.060937657860378795,0.0,1.0
578,144.5,physics_sindy_mpc,0,17.374374389648438,728.2988891601562,82.69529724121094,4.906110763549805,0.0,400.0,0.13052619222005157,0.9914448613738104,0.6808107343154458,0.10791030055939918,1.0,0.0601364702492276,0.0,1.0
579,144.75,physics_sindy_mpc,0,17.354835510253906,728.9249877929688,82.40435028076172,4.981164455413818,0.0,400.0,0.19509032201612825,0.9807852804032304,0.6527015377598634,0.10399787088788609,1.0,0.0567567347913906,0.0,1.0
580,145.0,physics_sindy_mpc,0,17.41368865966797,729.4701538085938,82.29443359375,5.05621862411499,0.0,400.0,0.25881904510252074,0.9659258262890683,0.6206615570669851,0.10613636462262618,1.0,0.05980579653449233,0.0,1.0
581,145.25,physics_sindy_mpc,0,17.370391845703125,729.5466918945312,82.50044250488281,4.933213710784912,0.0,400.0,0.3214394653031616,0.9469301294951057,0.6476706292064491,0.10744016283946632,1.0,0.06095983588290464,0.0,1.0
582,145.5,physics_sindy_mpc,0,17.21915626525879,728.8458862304688,82.59717559814453,4.532926082611084,0.0,400.0000305175781,0.3826834323650898,0.9238795325112867,0.7093222639168442,0.09792831149515908,1.0,0.048562030965259,0.0,1.0
583,145.75,physics_sindy_mpc,0,17.152284622192383,728.5704345703125,82.31922149658203,4.132638454437256,0.0,400.0,0.44228869021900125,0.8968727415326884,0.7340713007883739,0.08061246826051457,1.0,0.029475584111592373,0.0,1.0
584,146.0,physics_sindy_mpc,0,17.19860076904297,730.667236328125,81.94750213623047,3.7323508262634277,0.0,400.0,0.49999999999999994,0.8660254037844387,0.7141193169673424,0.06216104050888669,1.0,0.01518887557168466,0.0,1.0
585,146.25,physics_sindy_mpc,0,17.341915130615234,736.403076171875,81.71830749511719,3.6154565811157227,0.0,400.0,0.5555702330196022,0.8314696123025452,0.6559366744498664,0.051376700885933116,1.0,0.016660869413613326,0.0,1.0
586,146.5,physics_sindy_mpc,0,17.465404510498047,739.35009765625,81.8772964477539,3.8906540870666504,0.0,400.0,0.6087614290087207,0.7933533402912352,0.6044410493240518,0.06466664764243608,1.0,0.03397295243133607,0.0,1.0
587,146.75,physics_sindy_mpc,0,17.42513084411621,737.0507202148438,82.37464904785156,4.165852069854736,0.0,400.0,0.6593458151000688,0.7518398074789774,0.6080424895824411,0.09336795097394641,1.0,0.05342821852092321,0.0,1.0
588,147.0,physics_sindy_mpc,0,17.333192825317383,737.1198120117188,82.71316528320312,4.441049575805664,0.0,400.0,0.7071067811865476,0.7071067811865476,0.6230098098801689,0.1105476825829269,1.0,0.06731833898820239,0.0,1.0
589,147.25,physics_sindy_mpc,0,17.25282096862793,738.7291259765625,82.83251190185547,4.642271518707275,0.0,400.0,0.7518398074789774,0.6593458151000688,0.6274300437312049,0.11671408146834777,1.0,0.07432486200884215,0.0,1.0
590,147.5,physics_sindy_mpc,0,17.174007415771484,739.2951049804688,82.84605407714844,4.742343425750732,0.0,400.0,0.7933533402912352,0.6087614290087207,0.6258537495078071,0.12030589030084052,1.0,0.07643652014251334,0.0,1.0
591,147.75,physics_sindy_mpc,0,17.12055015563965,739.6834716796875,82.82014465332031,4.8424153327941895,0.0,400.0,0.8314696123025451,0.5555702330196024,0.6152926688238234,0.12405926837020632,1.0,0.07813202984554045,0.0,1.0
592,148.0,physics_sindy_mpc,0,17.074012756347656,740.2039184570312,82.8370361328125,4.9424872398376465,0.0,400.0,0.8660254037844386,0.5000000000000001,0.5984167316643958,0.13109286278123458,1.0,0.08248271419058446,0.0,1.0
593,148.25,physics_sindy_mpc,0,17.078325271606445,742.5291137695312,83.0320816040039,5.095758438110352,5.615464687347412,400.0,0.8968727415326884,0.44228869021900125,0.5731268813910065,0.14784041088655858,1.0,0.10005718008241306,0.0,1.0
594,148.5,physics_sindy_mpc,0,17.134519577026367,748.5825805664062,83.51515197753906,5.320919990539551,18.819395065307617,400.0,0.9238795325112867,0.38268343236508984,0.5479032189041418,0.17255686709620746,1.0,0.1352796275560532,0.0,1.0
595,148.75,physics_sindy_mpc,0,17.167699813842773,758.2182006835938,83.96612548828125,5.546082019805908,32.02332305908203,400.0,0.9469301294951056,0.3214394653031617,0.5148447843676863,0.18976437054951448,1.0,0.1715364102822151,0.0,1.0
596,149.0,physics_sindy_mpc,0,17.207855224609375,769.2086181640625,84.32401275634766,5.771243572235107,45.22725296020508,400.0,0.9659258262890683,0.25881904510252074,0.4672195586169946,0.2013476266383068,1.0,0.20587939331166288,0.0,1.0
597,149.25,physics_sindy_mpc,0,17.230213165283203,779.8512573242188,84.72632598876953,5.953558444976807,57.53853988647461,400.0,0.9807852804032304,0.19509032201612833,0.4269138588622439,0.21167485829002824,1.0,0.2391917963879841,0.0,1.0
598,149.5,physics_sindy_mpc,0,17.213865280151367,789.7727661132812,85.12267303466797,6.078648567199707,68.65763854980469,400.0,0.9914448613738104,0.1305261922200517,0.402214126672126,0.2200835961745265,1.0,0.26899481801082264,0.0,1.0
599,149.75,physics_sindy_mpc,0,17.18865203857422,799.07470703125,85.49163055419922,6.203738212585449,79.77674102783203,400.0,0.9978589232386035,0.06540312923014327,0.38203163698742343,0.22834853490045326,1.0,0.2974435055261475,0.0,1.0
600,150.0,physics_sindy_mpc,0,17.174030303955078,808.2807006835938,85.82088470458984,6.32882833480835,90.89583587646484,400.0,1.0,6.123233995736766e-17,0.35826597879372263,0.23741361589944335,1.0,0.32535910695189285,0.0,1.0
601,150.25,physics_sindy_mpc,0,17.218746185302734,818.779296875,86.1379165649414,6.475485324859619,105.30992889404297,400.0,0.9978589232386035,-0.06540312923014314,0.31742927811992855,0.2496832627535245,1.0,0.3578985000830475,0.0,1.0
602,150.5,physics_sindy_mpc,0,17.334508895874023,832.1421508789062,86.5230712890625,6.65061092376709,124.07341003417969,400.0,0.9914448613738104,-0.1305261922200516,0.2791921157869043,0.26247597974750453,1.0,0.3945177798639349,0.0,1.0
603,150.75,physics_sindy_mpc,0,17.476348876953125,847.7212524414062,86.97615051269531,6.825736999511719,142.83688354492188,400.0,0.9807852804032304,-0.1950903220161282,0.2600546688677231,0.25746210785039253,1.0,0.40000000983411277,0.0,0.9194369204681947
604,151.0,physics_sindy_mpc,0,17.596773147583008,857.1216430664062,89.83800506591797,7.0008625984191895,161.60037231445312,400.0,0.9659258262890683,-0.25881904510252063,0.5255432699876882,0.31973997949138105,1.0,0.40000000987768586,0.0,0.38402845875517483
605,151.25,physics_sindy_mpc,0,18.365474700927734,864.0277709960938,89.71077728271484,7.165132999420166,179.76075744628906,400.0,0.9469301294951057,-0.3214394653031616,0.3954749181872375,0.3464977673004432,0.9992106665785216,0.4000000098388559,0.0,0.27257078065401064
606,151.5,physics_sindy_mpc,0,18.934354782104492,867.1578369140625,89.6034927368164,7.315240859985352,197.1343536376953,400.0,0.9238795325112868,-0.3826834323650895,0.21748600215456546,0.38020058534517,0.9715661417877512,0.4000000098104564,0.0,0.2045677400515013
607,151.75,physics_sindy_mpc,0,18.47196388244629,811.35009765625,88.70860290527344,7.465348720550537,214.50794982910156,400.0,0.8968727415326884,-0.44228869021900113,0.16948502290876727,0.48519085984399274,0.9324680007085712,0.40000000992391804,0.0,0.21197514151192853
608,152.0,physics_sindy_mpc,0,17.03086280822754,726.0355834960938,86.00629425048828,7.615456581115723,231.8815460205078,400.0,0.8660254037844387,-0.4999999999999998,0.12762062555823295,0.5739578110943411,0.8760631158128683,0.4000000096686917,0.0,0.5075326394581028
609,152.25,physics_sindy_mpc,0,15.713444709777832,662.5703125,80.83007049560547,7.798346519470215,267.77099609375,400.0,0.8314696123025451,-0.5555702330196023,0.0,0.5624311145322097,0.7892891202935617,0.3361505986949623,0.0,1.0
610,152.5,physics_sindy_mpc,0,18.250165939331055,849.646484375,81.75215911865234,8.023508071899414,327.5361328125,400.0,0.7933533402912352,-0.6087614290087207,0.0,0.45255100000621634,0.7001899966814247,0.36524379557397774,0.0,0.5776999254089452
611,152.75,physics_sindy_mpc,0,16.035581588745117,604.0014038085938,74.52975463867188,8.248669624328613,387.3013000488281,400.0,0.7518398074789774,-0.6593458151000688,0.0,0.867499962442748,0.6229699122244705,0.34265875138933344,0.0,0.6664197663024896
612,153.0,physics_sindy_mpc,0,16.59086036682129,650.7142333984375,70.40677642822266,8.473832130432129,447.06646728515625,400.0,0.7071067811865476,-0.7071067811865475,0.0,0.9313294702205045,0.5671523910821512,0.34977346438513013,0.0,0.47717174679445085
613,153.25,physics_sindy_mpc,0,16.862211227416992,649.1295166015625,67.75883483886719,8.62199878692627,476.8891296386719,400.0,0.659345815100069,-0.7518398074789773,0.0,0.9999964330830358,0.5200374053866169,0.34450597942991773,0.0,0.35401222432465174
614,153.5,physics_sindy_mpc,0,16.861297607421875,656.0283813476562,67.60982513427734,8.67203426361084,468.5498046875,400.0,0.6087614290087209,-0.793353340291235,0.0,0.983821544691699,0.4734348435822344,0.3280245990237301,0.0,0.3216132576725803
615,153.75,physics_sindy_mpc,0,16.92780113220215,657.9714965820312,68.08975219726562,8.722070693969727,460.2104797363281,400.0,0.5555702330196025,-0.831469612302545,0.0,0.9718132149856495,0.42754237861498917,0.31339163658996094,0.0,0.27793930156664975
616,154.0,physics_sindy_mpc,0,17.005964279174805,658.9949951171875,68.74581909179688,8.772106170654297,451.87115478515625,400.0,0.49999999999999994,-0.8660254037844387,0.0,0.96392432332032,0.3817406205422765,0.3016562575642295,0.0,0.2445792122517076
617,154.25,physics_sindy_mpc,0,17.123126983642578,656.789794921875,68.8527603149414,8.96606731414795,450.29754638671875,400.0,0.4422886902190017,-0.8968727415326881,0.0,0.9810527749678486,0.3357944913090106,0.2964588635259706,0.0,0.20161285763202139
618,154.5,physics_sindy_mpc,0,17.270248413085938,651.0489501953125,67.90679168701172,9.341337203979492,457.2469787597656,400.0,0.3826834323650899,-0.9238795325112867,0.0,1.0,0.2912508135609116,0.290685730054842,0.0,0.12992085631408698
619,154.75,physics_sindy_mpc,0,17.469633102416992,644.0988159179688,66.59982299804688,9.716607093811035,464.1964111328125,400.0,0.32143946530316175,-0.9469301294951056,0.0,1.0,0.24825860101889707,0.2648766095777696,0.0,0.0
620,155.0,physics_sindy_mpc,0,17.962799072265625,642.21142578125,65.53547668457031,10.091876029968262,471.1458435058594,400.0,0.258819045102521,-0.9659258262890682,0.0,1.0,0.20319621366761198,0.2526786573506711,0.0,0.0
621,155.25,physics_sindy_mpc,0,18.86176300048828,638.9178466796875,63.335914611816406,10.400287628173828,519.2626953125,400.0,0.19509032201612816,-0.9807852804032304,0.0,1.0,0.15403290457567126,0.24948659904359513,0.0,0.0
622,155.5,physics_sindy_mpc,0,20.192766189575195,629.3336791992188,62.26367950439453,10.625449180603027,618.6396484375,400.0,0.130526192220052,-0.9914448613738104,0.0,1.0,0.09539826863421244,0.25503214727680945,0.0,0.0
623,155.75,physics_sindy_mpc,0,21.45998191833496,613.3829956054688,61.369293212890625,10.850610733032227,718.0166015625,399.9999694824219,0.06540312923014312,-0.9978589232386035,0.0,1.0,0.04247122073842105,0.24983535699028897,0.0,0.0
624,156.0,physics_sindy_mpc,0,22.88503646850586,603.3555908203125,60.85733413696289,11.075773239135742,817.3935546875,400.0,1.2246467991473532e-16,-1.0,0.0,1.0,0.0,0.2505231778308583,0.0,0.0
625,156.25,physics_sindy_mpc,0,23.572370529174805,595.8606567382812,60.91112518310547,11.155139923095703,860.6957397460938,400.0,-0.06540312923014287,-0.9978589232386035,0.0,1.0,0.0,0.2651487355337497,0.0,0.0
626,156.5,physics_sindy_mpc,0,23.155424118041992,588.3878173828125,60.846675872802734,11.055068016052246,834.9828491210938,400.0,-0.13052619222005177,-0.9914448613738104,0.0,1.0,0.0,0.2667016828898068,0.0,0.0
627,156.75,physics_sindy_mpc,0,22.861440658569336,588.2422485351562,60.713836669921875,10.954996109008789,809.2698974609375,400.0,-0.19509032201612792,-0.9807852804032305,0.0,1.0,0.0,0.2710703347422579,0.0,0.0
628,157.0,physics_sindy_mpc,0,22.514755249023438,588.0965576171875,60.53542709350586,10.854924201965332,783.5570068359375,399.9999694824219,-0.2588190451025208,-0.9659258262890683,0.0,1.0,0.0,0.2751813474519988,0.0,0.0
629,157.25,physics_sindy_mpc,0,22.170339584350586,588.3684692382812,60.312686920166016,10.811286926269531,755.6494140625,400.0,-0.32143946530316153,-0.9469301294951057,0.0,1.0,0.0,0.27997611293087415,0.0,0.0
630,157.5,physics_sindy_mpc,0,21.816125869750977,588.7108154296875,60.05461120605469,10.836304664611816,725.0718994140625,400.0,-0.38268343236508967,-0.9238795325112868,0.0,1.0,0.0,0.2845466917166119,0.0,0.0
631,157.75,physics_sindy_mpc,0,21.455354690551758,589.23583984375,59.81401443481445,10.861322402954102,694.494384765625,400.0,-0.44228869021900147,-0.8968727415326883,0.0,1.0,0.0,0.2881571964380884,0.0,0.0
632,158.0,physics_sindy_mpc,0,21.100610733032227,590.28466796875,59.618526458740234,10.886341094970703,663.9168701171875,400.0,-0.4999999999999997,-0.8660254037844388,0.0,1.0,0.0,0.2914157786769678,0.0,0.0
633,158.25,physics_sindy_mpc,0,20.625659942626953,591.9013671875,59.6307258605957,10.843206405639648,627.9754638671875,400.0,-0.555570233019602,-0.8314696123025455,0.0,1.0,0.022686021827105655,0.2962462444262958,0.0,0.0
634,158.5,physics_sindy_mpc,0,19.983898162841797,593.974365234375,59.77201461791992,10.718116760253906,585.5839233398438,400.0,-0.6087614290087207,-0.7933533402912352,0.0,1.0,0.08817447412424533,0.299331492317675,0.0,0.0
635,158.75,physics_sindy_mpc,0,19.33432960510254,598.24072265625,59.991825103759766,10.593026161193848,543.1923217773438,400.0,-0.6593458151000688,-0.7518398074789774,0.0,1.0,0.1733372270068486,0.2939501064563047,0.0,0.0
636,159.0,physics_sindy_mpc,0,18.800207138061523,607.688232421875,60.453826904296875,10.467936515808105,500.80078125,400.0,-0.7071067811865471,-0.7071067811865479,0.0,1.0,0.2608180555220491,0.28063195836120886,0.0,0.0
637,159.25,physics_sindy_mpc,0,18.392528533935547,622.7614135742188,61.40163803100586,10.354277610778809,459.6792907714844,400.0,-0.7518398074789773,-0.6593458151000691,0.0,1.0,0.34444577997375353,0.2785018585772621,0.0,0.11877120896871032
638,159.5,physics_sindy_mpc,0,17.68555450439453,638.6297607421875,64.2585220336914,10.254205703735352,420.0675048828125,400.0,-0.7933533402912349,-0.6087614290087209,0.0,0.9916180267685778,0.4220052365884649,0.3001246434583357,0.0,0.45285003428971493
639,159.75,physics_sindy_mpc,0,16.657386779785156,652.298583984375,67.44214630126953,10.154133796691895,380.4557189941406,400.0,-0.8314696123025452,-0.5555702330196022,0.0,0.8315952263978615,0.4981059125899556,0.30935122089426964,0.0,0.8606242521177915
640,160.0,physics_sindy_mpc,0,16.9975643157959,738.2430419921875,74.0725326538086,10.054061889648438,340.8439025878906,400.0,-0.8660254037844385,-0.5000000000000004,0.0,0.6072729814612238,0.5755689512881653,0.3420220237416111,0.0,0.9999975047907487
641,160.25,physics_sindy_mpc,0,18.75102996826172,935.5641479492188,80.22470092773438,9.861969947814941,305.0662841796875,400.0,-0.8968727415326883,-0.44228869021900136,0.0,0.28099306087725323,0.6554354299359411,0.38800844012547303,0.0,0.9726812275213391
642,160.5,physics_sindy_mpc,0,18.119056701660156,878.3116455078125,86.72608947753906,9.56175422668457,273.7938232421875,400.0,-0.9238795325112868,-0.3826834323650895,0.11561206954728216,0.3577274649868941,0.7603253617862531,0.4000000098739821,0.0,0.6354637895238496
643,160.75,physics_sindy_mpc,0,14.570344924926758,571.4685668945312,75.813232421875,9.2615385055542,242.5213623046875,400.0,-0.9469301294951056,-0.3214394653031618,0.0,0.5795539140786743,0.8451736345973649,0.18710800049775586,0.0,1.0
644,161.0,physics_sindy_mpc,0,16.939294815063477,796.4173583984375,80.02791595458984,8.961322784423828,211.2489013671875,400.0,-0.9659258262890683,-0.25881904510252063,0.0,0.259377549844011,0.9238601693344571,0.24794193967261172,0.0,1.0
645,161.25,physics_sindy_mpc,0,16.981035232543945,839.4412841796875,86.57396697998047,8.568511962890625,175.79678344726562,400.0,-0.9807852804032303,-0.19509032201612866,0.531024435140599,0.2587201146187458,0.9973605311842123,0.3908868605454384,0.0,1.0
646,161.5,physics_sindy_mpc,0,16.568357467651367,859.2190551757812,87.94890594482422,8.06815242767334,135.49005126953125,400.0,-0.9914448613738104,-0.13052619222005163,0.9532585736108716,0.17270850245352012,1.0,0.363445562459176,0.0,1.0
647,161.75,physics_sindy_mpc,0,16.39281463623047,840.8838500976562,86.20669555664062,7.567792892456055,95.18331909179688,400.0,-0.9978589232386035,-0.06540312923014273,1.0,0.09135042524422436,1.0,0.23834409629031572,0.0,1.0
648,162.0,physics_sindy_mpc,0,16.40192985534668,799.7708740234375,83.90328979492188,7.0674333572387695,54.8765869140625,400.0,-1.0,-1.8369701987210297e-16,0.9296575696497481,0.058448944016020986,1.0,0.11859553433204675,0.0,1.0
649,162.25,physics_sindy_mpc,0,16.618785858154297,765.976318359375,82.26170349121094,6.660244464874268,29.451234817504883,400.0,-0.9978589232386036,0.06540312923014237,0.8156493870334027,0.06210264490124052,1.0,0.05246393398118038,0.0,1.0
650,162.5,physics_sindy_mpc,0,17.058752059936523,757.1212158203125,81.4514389038086,6.3600287437438965,21.111909866333008,400.0,-0.9914448613738105,0.13052619222005127,0.7058540923191348,0.05873896311385534,1.0,0.035136315224317,0.0,1.0
651,162.75,physics_sindy_mpc,0,17.35582160949707,758.0444946289062,81.25801849365234,6.059813022613525,12.77258586883545,400.0,-0.9807852804032304,0.1950903220161283,0.6572269167694774,0.045273866274054386,1.0,0.0290630949606218,0.0,1.0
652,163.0,physics_sindy_mpc,0,17.47610855102539,758.5303344726562,81.270263671875,5.759597301483154,4.433261394500732,400.0,-0.9659258262890684,0.2588190451025203,0.6580677553131691,0.03137590214640692,1.0,0.02126334067300733,0.0,1.0
653,163.25,physics_sindy_mpc,0,17.536672592163086,759.8726196289062,81.26737976074219,5.541409015655518,0.0,400.0,-0.9469301294951057,0.3214394653031615,0.6659659533936806,0.017967129887032727,1.0,0.015616374148500504,0.0,1.0
654,163.5,physics_sindy_mpc,0,17.57322883605957,761.89599609375,81.29073333740234,5.416319370269775,0.0,400.0,-0.923879532511287,0.38268343236508917,0.672050126101278,0.007844729761782215,1.0,0.014703969221172434,0.0,1.0
655,163.75,physics_sindy_mpc,0,17.56528663635254,762.2442626953125,81.2733383178711,5.291229248046875,0.0,400.0,-0.8968727415326884,0.442288690219001,0.6801270319790111,2.2543796368264172e-06,1.0,0.01186548300260272,0.0,1.0
656,164.0,physics_sindy_mpc,0,17.545686721801758,762.7158813476562,81.17305755615234,5.166139602661133,0.0,400.0,-0.8660254037844386,0.5000000000000001,0.6814284560691349,0.0,1.0,0.008332951846533923,0.0,1.0
657,164.25,physics_sindy_mpc,0,17.52745246887207,767.3074951171875,81.04408264160156,4.9820990562438965,0.0,400.0,-0.8314696123025455,0.5555702330196018,0.6698369576034747,0.0,1.0,0.006866905727515207,0.0,1.0
658,164.5,physics_sindy_mpc,0,17.494874954223633,772.3180541992188,80.96085357666016,4.731919288635254,0.0,400.0,-0.7933533402912357,0.6087614290087199,0.6699813351263807,0.0,1.0,0.007415991934175239,0.0,1.0
659,164.75,physics_sindy_mpc,0,17.436988830566406,772.9851684570312,80.9005126953125,4.481739521026611,0.0,400.0,-0.7518398074789772,0.6593458151000691,0.6810496764514111,0.0,1.0,0.00446046625432829,0.0,1.0
660,165.0,physics_sindy_mpc,0,17.39577293395996,773.9188842773438,80.78961944580078,4.231560230255127,0.0,400.0,-0.7071067811865477,0.7071067811865474,0.6899197142364519,0.0,1.0,0.0016783652141861432,0.0,1.0
661,165.25,physics_sindy_mpc,0,17.367515563964844,777.3646850585938,80.66288757324219,4.028828144073486,0.0,400.0,-0.6593458151000687,0.7518398074789775,0.6917052947496417,0.0,1.0,0.0016442968311952098,0.0,1.0
662,165.5,physics_sindy_mpc,0,17.325973510742188,780.684814453125,80.55201721191406,3.878720283508301,0.0,400.0,-0.608761429008721,0.7933533402912349,0.69167027982681,0.0,1.0,0.0019458323507896642,0.0,1.0
663,165.75,physics_sindy_mpc,0,17.271406173706055,782.7587890625,80.44091033935547,3.7286124229431152,0.0,400.0,-0.555570233019603,0.8314696123025447,0.6922002382955502,0.0,1.0,0.0006244535067808123,0.0,1.0
664,166.0,physics_sindy_mpc,0,17.219125747680664,785.5641479492188,80.32426452636719,3.5785045623779297,0.0,400.0,-0.5000000000000004,0.8660254037844384,0.6890495289021473,0.0,1.0,0.0,0.0,1.0
665,166.25,physics_sindy_mpc,0,17.177385330200195,789.3615112304688,80.22724914550781,3.5119338035583496,0.0,399.9999694824219,-0.4422886902190014,0.8968727415326883,0.6780724068839576,0.0,1.0,0.0008554746594147992,0.0,1.0
666,166.5,physics_sindy_mpc,0,17.141450881958008,792.5040893554688,80.19393920898438,3.536951780319214,0.0,400.0,-0.38268343236508956,0.9238795325112868,0.6641645106411457,0.0,1.0,0.003758999309546484,0.0,1.0
667,166.75,physics_sindy_mpc,0,17.084293365478516,792.16552734375,80.25049591064453,3.561969757080078,0.0,400.0,-0.32143946530316186,0.9469301294951056,0.6584354292952151,0.0,1.0,0.004243330686748361,0.0,1.0
668,167.0,physics_sindy_mpc,0,17.031957626342773,790.7113647460938,80.3244857788086,3.5869877338409424,0.0,400.0,-0.25881904510252157,0.9659258262890681,0.6589263740414781,0.0,1.0,0.004241630662599523,0.0,1.0
669,167.25,physics_sindy_mpc,0,16.97416877746582,789.3325805664062,80.4107894897461,3.539971351623535,0.0,400.0,-0.19509032201612872,0.9807852804032303,0.6669518371381764,0.0,1.0,0.002998842428947525,0.0,1.0
670,167.5,physics_sindy_mpc,0,16.915203094482422,789.2924194335938,80.45677947998047,3.414881467819214,0.0,400.0,-0.13052619222005168,0.9914448613738104,0.677681547757461,0.0,1.0,0.0012991384949493884,0.0,1.0
671,167.75,physics_sindy_mpc,0,16.86797332763672,791.5237426757812,80.4379653930664,3.2897915840148926,0.0,400.0,-0.0654031292301428,0.9978589232386035,0.6851307296890138,0.0,1.0,0.0016384019415796403,0.0,1.0
672,168.0,physics_sindy_mpc,0,16.818025588989258,793.89599609375,80.38636779785156,3.1647017002105713,0.0,400.0,0.0,1.0,0.6944814917728792,0.0,1.0,0.0021768361379221344,0.0,1.0
673,168.25,physics_sindy_mpc,0,16.753890991210938,795.4210205078125,80.29641723632812,2.930912971496582,0.0,400.0,0.06540312923014306,0.9978589232386035,0.7122339319937605,0.0,1.0,0.0,0.0,1.0
674,168.5,physics_sindy_mpc,0,16.69378662109375,799.2487182617188,80.12322998046875,2.5806612968444824,0.0,400.0,0.13052619222005157,0.9914448613738104,0.7329636403994761,0.0,1.0,0.0,0.0,1.0
675,168.75,physics_sindy_mpc,0,16.63054847717285,803.8442993164062,79.8756332397461,2.230409860610962,0.0,400.0,0.19509032201612825,0.9807852804032304,0.7500767969965859,0.0,1.0,0.0,0.0,1.0
676,169.0,physics_sindy_mpc,0,16.57224464416504,808.419189453125,79.55792999267578,1.8801581859588623,0.0,399.9999694824219,0.25881904510252074,0.9659258262890683,0.7649137445100813,0.0,1.0,0.0,0.0,1.0
677,169.25,physics_sindy_mpc,0,16.549091339111328,813.2039184570312,79.18897247314453,1.7000000476837158,0.0,400.0,0.3214394653031616,0.9469301294951057,0.7642349271807453,0.0,1.0,0.0,0.0,1.0
678,169.5,physics_sindy_mpc,0,16.568269729614258,818.4369506835938,78.86859893798828,1.7000000476837158,0.0,400.0,0.3826834323650898,0.9238795325112867,0.7435612379534744,0.0,1.0,0.0,1.7592715635385238e-10,1.0
679,169.75,physics_sindy_mpc,0,16.588340759277344,824.0606079101562,78.72886657714844,1.7000000476837158,0.0,400.0,0.44228869021900125,0.8968727415326884,0.7179495773994177,0.0,1.0,0.0,0.0,1.0
680,170.0,physics_sindy_mpc,0,16.58631134033203,829.8583374023438,78.77157592773438,1.7000000476837158,0.0,400.0,0.49999999999999994,0.8660254037844387,0.69916019515299,0.0,1.0,0.0013786304149660115,0.0,1.0
681,170.25,physics_sindy_mpc,0,16.54009437561035,833.7318115234375,78.93913269042969,1.7000000476837158,0.0,400.0,0.5555702330196022,0.8314696123025452,0.6930038782834629,0.0,1.0,0.0022333730711320255,0.0,1.0
682,170.5,physics_sindy_mpc,0,16.46574592590332,835.6369018554688,79.1061019897461,1.7000000476837158,0.0,400.0,0.6087614290087207,0.7933533402912352,0.6946500645484628,0.0,1.0,0.0006050289984090051,0.0,1.0
683,170.75,physics_sindy_mpc,0,16.401309967041016,838.9091186523438,79.1993179321289,1.7000000476837158,0.0,400.0,0.6593458151000688,0.7518398074789774,0.6964837296300286,0.0,1.0,0.0,0.0,1.0
684,171.0,physics_sindy_mpc,0,16.33856964111328,843.186279296875,79.26201629638672,1.7000000476837158,0.0,400.0,0.7071067811865476,0.7071067811865476,0.6955018854234488,0.0,1.0,0.0,0.0,1.0
685,171.25,physics_sindy_mpc,0,16.3066463470459,847.5143432617188,79.33446502685547,1.7737598419189453,1.3659237623214722,400.0,0.7518398074789774,0.6593458151000688,0.6851564732209939,0.0,1.0,0.0023181078527818207,0.0,1.0
686,171.5,physics_sindy_mpc,0,16.303197860717773,848.658935546875,79.51776123046875,1.9238677024841309,4.145698547363281,400.0,0.7933533402912352,0.6087614290087207,0.6646526147629678,0.0,1.0,0.005256570174383641,0.0,1.0
687,171.75,physics_sindy_mpc,0,16.302114486694336,845.055419921875,79.83331298828125,2.0739755630493164,6.925473213195801,400.0,0.8314696123025451,0.5555702330196024,0.654456753795593,0.0,1.0,0.005393628740675889,0.0,1.0
688,172.0,physics_sindy_mpc,0,16.321435928344727,840.3322143554688,80.20120239257812,2.224083423614502,9.70524787902832,400.0,0.8660254037844386,0.5000000000000001,0.6320509775567434,0.0,1.0,0.005573725673543445,0.0,1.0
689,172.25,physics_sindy_mpc,0,16.50489044189453,836.0084228515625,80.84113311767578,2.5967648029327393,22.78936004638672,400.0,0.8968727415326884,0.44228869021900125,0.5641884667824014,0.0,1.0,0.022771782700709155,0.0,1.0
690,172.5,physics_sindy_mpc,0,16.79405975341797,815.6591796875,82.05172729492188,3.1971962451934814,46.41744613647461,400.0,0.9238795325112867,0.38268343236508984,0.5230972768676146,0.0,1.0,0.06919410860348212,0.0,1.0
691,172.75,physics_sindy_mpc,0,16.973533630371094,769.0267944335938,83.32192993164062,3.7976276874542236,70.0455322265625,400.0,0.9469301294951056,0.3214394653031617,0.507285193614671,0.12718647223099247,1.0,0.13880191808008815,0.0,1.0
692,173.0,physics_sindy_mpc,0,17.062776565551758,759.796875,84.06676483154297,4.398058891296387,93.67361450195312,400.0,0.9659258262890683,0.25881904510252074,0.4242098741215221,0.22295977262560857,1.0,0.21256833013129092,0.0,1.0
693,173.25,physics_sindy_mpc,0,17.238235473632812,780.5865478515625,84.25746154785156,5.023364543914795,122.82929992675781,400.0,0.9807852804032304,0.19509032201612833,0.2552913604911056,0.23999880940726145,1.0,0.271711184043594,0.0,1.0
694,173.5,physics_sindy_mpc,0,17.47913360595703,800.7254638671875,84.9266586303711,5.673831939697266,157.57647705078125,400.0,0.9914448613738104,0.1305261922200517,0.10738666571652121,0.271705477731113,0.9808083272000225,0.3459883897536222,0.0,1.0
695,173.75,physics_sindy_mpc,0,17.678131103515625,825.9114379882812,85.96231842041016,6.324298858642578,192.32366943359375,400.0,0.9978589232386035,0.06540312923014327,0.038028850666398425,0.30239859112210243,0.9343019003804542,0.4000000096173602,0.0,0.9060341754382718
696,174.0,physics_sindy_mpc,0,16.361637115478516,728.8038330078125,86.33086395263672,6.974766254425049,227.0708465576172,400.0,1.0,6.123233995736766e-17,0.2550455219125661,0.5000475747689312,0.8798992327948518,0.4000000098125168,0.0,0.5826453004150309
697,174.25,physics_sindy_mpc,0,15.939268112182617,681.5510864257812,83.59740447998047,7.51265287399292,265.9877014160156,400.0,0.9978589232386035,-0.06540312923014314,0.0060382585163340375,0.5617045057820643,0.7942346397606842,0.40000000975606104,0.0,0.757735521461847
698,174.5,physics_sindy_mpc,0,15.77796459197998,656.453369140625,80.30996704101562,7.937958240509033,309.07421875,400.0,0.9914448613738104,-0.1305261922200516,0.0,0.6056293537887069,0.6957613013351499,0.3567998097139859,0.0,0.928989984922229
699,174.75,physics_sindy_mpc,0,17.542020797729492,765.2317504882812,82.01592254638672,8.363264083862305,352.16070556640625,400.0,0.9807852804032304,-0.1950903220161282,0.0,0.591161256039403,0.5963495515205428,0.36965221864990183,0.0,0.501021149962178
700,175.0,physics_sindy_mpc,0,16.96347427368164,652.4214477539062,78.13253784179688,8.788569450378418,395.2472229003906,400.0,0.9659258262890683,-0.25881904510252063,0.0,0.8544480881638497,0.502233957807786,0.3652343257113585,0.0,0.37129646290582585
701,175.25,physics_sindy_mpc,0,17.410383224487305,670.178466796875,75.54481506347656,9.125808715820312,435.5379943847656,400.0,0.9469301294951057,-0.3214394653031616,0.0,0.9530482119250688,0.4152012011261885,0.36937335565648793,0.0,0.19406394607027733
702,175.5,physics_sindy_mpc,0,17.86466407775879,675.2053833007812,72.6175765991211,9.375988960266113,473.06494140625,400.0,0.9238795325112868,-0.3826834323650895,0.0,1.0,0.35370620067919956,0.3481136045082044,0.0,0.012656687694275014
703,175.75,physics_sindy_mpc,0,18.676433563232422,674.173828125,68.7802963256836,9.626168251037598,510.5918884277344,400.0,0.8968727415326884,-0.44228869021900113,0.0,1.0,0.2893015629052518,0.33513808528148614,0.0,0.0
704,176.0,physics_sindy_mpc,0,19.38092803955078,663.820068359375,65.56028747558594,9.876347541809082,548.1188354492188,400.0,0.8660254037844387,-0.4999999999999998,0.0,1.0,0.21752292948802926,0.3240123817004444,0.0,0.0
705,176.25,physics_sindy_mpc,0,19.970733642578125,655.9532470703125,64.39794921875,10.139180183410645,581.7797241210938,400.0,0.8314696123025451,-0.5555702330196023,0.0,1.0,0.14586319921825888,0.3143008601317401,0.0,0.0
706,176.5,physics_sindy_mpc,0,20.6331729888916,652.6337280273438,63.419002532958984,10.41437816619873,611.6622924804688,400.0,0.7933533402912352,-0.6087614290087207,0.0,1.0,0.07826235951842438,0.30355978755390545,0.0,0.0
707,176.75,physics_sindy_mpc,0,21.339231491088867,651.3200073242188,62.567447662353516,10.689576148986816,641.5448608398438,400.0,0.7518398074789774,-0.6593458151000688,0.0,1.0,0.026900233570172013,0.2979000483745072,0.0,0.0
708,177.0,physics_sindy_mpc,0,22.00257682800293,648.6713256835938,61.67167663574219,10.964773178100586,671.4274291992188,400.0,0.7071067811865476,-0.7071067811865475,0.0,1.0,0.0,0.29760473891096756,0.0,0.0
709,177.25,physics_sindy_mpc,0,22.5416202545166,644.1781616210938,60.99813461303711,11.201797485351562,697.4219360351562,400.0,0.659345815100069,-0.7518398074789773,0.0,1.0,0.0,0.3026476331358719,0.0,0.0
710,177.5,physics_sindy_mpc,0,22.939857482910156,637.931396484375,60.503570556640625,11.401941299438477,719.6600952148438,400.0,0.6087614290087209,-0.793353340291235,0.0,1.0,0.0,0.3046896452169176,0.0,0.0
711,177.75,physics_sindy_mpc,0,23.356889724731445,633.080322265625,60.066402435302734,11.60208511352539,741.8983154296875,400.0,0.5555702330196025,-0.831469612302545,0.0,1.0,0.0,0.30806833920721755,0.0,0.0
712,178.0,physics_sindy_mpc,0,23.757719039916992,628.0796508789062,59.591766357421875,11.802228927612305,764.1365356445312,400.0,0.49999999999999994,-0.8660254037844387,0.0,1.0,0.0,0.31451708621920804,0.0,0.0
713,178.25,physics_sindy_mpc,0,23.873743057250977,619.6234130859375,58.906124114990234,11.874406814575195,777.4882202148438,400.0,0.4422886902190017,-0.8968727415326881,0.0,1.0,0.0,0.316349752896288,0.0,0.0
714,178.5,physics_sindy_mpc,0,23.784177780151367,610.751220703125,58.093833923339844,11.824371337890625,782.3528442382812,400.0,0.3826834323650899,-0.9238795325112867,0.0,1.0,0.0,0.31269134104590385,0.0,0.0
715,178.75,physics_sindy_mpc,0,23.740638732910156,604.5659790039062,57.35233688354492,11.774334907531738,787.2174072265625,400.0,0.32143946530316175,-0.9469301294951056,0.0,1.0,0.0,0.30990163714777874,0.0,0.0
716,179.0,physics_sindy_mpc,0,23.68125343322754,598.6888427734375,56.61389923095703,11.724299430847168,792.08203125,400.0,0.258819045102521,-0.9659258262890682,0.0,1.0,0.0,0.3072234177407111,0.0,0.0
717,179.25,physics_sindy_mpc,0,23.716299057006836,596.2205200195312,56.36212158203125,11.841552734375,793.7295532226562,400.0,0.19509032201612816,-0.9807852804032304,0.0,1.0,0.0,0.3079289079876665,0.0,0.0
718,179.5,physics_sindy_mpc,0,23.80925941467285,596.1079711914062,56.55270004272461,12.116750717163086,792.3396606445312,400.0000305175781,0.130526192220052,-0.9914448613738104,0.0,1.0,0.0,0.3109365101826014,0.0,0.0
719,179.75,physics_sindy_mpc,0,23.877702713012695,595.4662475585938,56.725440979003906,12.391948699951172,790.9497680664062,400.0,0.06540312923014312,-0.9978589232386035,0.0,1.0,0.0,0.31423416007026855,0.0,0.0
720,180.0,physics_sindy_mpc,0,23.94216537475586,594.6934204101562,56.8793830871582,12.667145729064941,789.5598754882812,400.0,1.2246467991473532e-16,-1.0,0.0,1.0,0.0,0.3205521113533707,0.0,0.0
721,180.25,physics_sindy_mpc,0,23.98044776916504,596.1563720703125,56.886592864990234,12.838821411132812,779.5430908203125,400.0,-0.06540312923014287,-0.9978589232386035,0.0,1.0,0.0,0.3290152737571058,0.0,0.0
722,180.5,physics_sindy_mpc,0,23.996604919433594,600.5686645507812,56.76837158203125,12.913874626159668,761.4745483398438,400.0,-0.13052619222005177,-0.9914448613738104,0.0,1.0,0.0,0.3376617803896173,0.0,0.0
723,180.75,physics_sindy_mpc,0,24.002490997314453,605.7437744140625,56.63417434692383,12.98892879486084,743.406005859375,400.0000305175781,-0.19509032201612792,-0.9807852804032305,0.0,1.0,0.0,0.3469038804709073,0.0,0.0
724,181.0,physics_sindy_mpc,0,23.993820190429688,611.0858154296875,56.48670196533203,13.063982963562012,725.3374633789062,400.0,-0.2588190451025208,-0.9659258262890683,0.0,1.0,0.0,0.35787316220742477,0.0,0.0
725,181.25,physics_sindy_mpc,0,23.771448135375977,613.707275390625,56.30845260620117,13.12602424621582,700.4013671875,400.0,-0.32143946530316153,-0.9469301294951057,0.0,1.0,0.0,0.3635198704652472,0.0,0.0
726,181.5,physics_sindy_mpc,0,23.419729232788086,616.0880737304688,56.233680725097656,13.176060676574707,669.12890625,400.0,-0.38268343236508967,-0.9238795325112868,0.0,1.0,0.0,0.3640405591709598,0.0,0.0
727,181.75,physics_sindy_mpc,0,23.097246170043945,620.63330078125,56.300453186035156,13.226096153259277,637.8564453125,400.0,-0.44228869021900147,-0.8968727415326883,0.0,1.0,0.0,0.36439168477163714,0.0,0.0
728,182.0,physics_sindy_mpc,0,22.77361488342285,625.8387451171875,56.39780044555664,13.276132583618164,606.583984375,400.0,-0.4999999999999997,-0.8660254037844388,0.0,1.0,0.0,0.3638772990340444,0.0,0.0
729,182.25,physics_sindy_mpc,0,22.319232940673828,628.246826171875,56.415374755859375,13.31308364868164,573.8577270507812,400.0,-0.555570233019602,-0.8314696123025455,0.0,1.0,0.0,0.35746781975721353,0.0,0.0
730,182.5,physics_sindy_mpc,0,21.788209915161133,629.03173828125,56.40253829956055,13.338102340698242,539.8054809570312,400.0,-0.6087614290087207,-0.7933533402912352,0.0,1.0,0.0,0.347061057536787,0.0,0.0
731,182.75,physics_sindy_mpc,0,21.291099548339844,630.80810546875,56.43426513671875,13.363120079040527,505.7532653808594,399.9999694824219,-0.6593458151000688,-0.7518398074789774,0.0,1.0,0.020508319560419968,0.33995260676975253,0.0,0.0
732,183.0,physics_sindy_mpc,0,20.76441192626953,631.554931640625,56.396846771240234,13.388137817382812,471.7010192871094,400.0,-0.7071067811865471,-0.7071067811865479,0.0,1.0,0.07759972722251955,0.33349557764494114,0.0,0.0
733,183.25,physics_sindy_mpc,0,20.078914642333984,632.2431640625,56.941490173339844,13.202659606933594,434.7252197265625,400.0,-0.7518398074789773,-0.6593458151000691,0.0,1.0,0.16082385772982247,0.3158535824590156,0.0,0.0
734,183.5,physics_sindy_mpc,0,19.35874366760254,639.0046997070312,58.41728591918945,12.827390670776367,395.1134338378906,400.0,-0.7933533402912349,-0.6087614290087209,0.0,1.0,0.25620005143363045,0.295100551766578,0.0,0.04808666483942096
735,183.75,physics_sindy_mpc,0,18.551050186157227,651.7232055664062,61.41950225830078,12.452120780944824,355.50164794921875,400.0,-0.8314696123025452,-0.5555702330196022,0.0,1.0,0.3521450296621374,0.30412618987575146,0.0,0.3760549009883278
736,184.0,physics_sindy_mpc,0,17.274463653564453,661.4475708007812,65.88653564453125,12.076850891113281,315.8898620605469,400.0,-0.8660254037844385,-0.5000000000000004,0.0,0.8395014128490836,0.4474566563977201,0.30525377779038976,0.0,0.8346154608115108
737,184.25,physics_sindy_mpc,0,17.169160842895508,730.2238159179688,72.55767822265625,11.794177055358887,276.2780456542969,400.0,-0.8968727415326883,-0.44228869021900136,0.0,0.6112491281002733,0.5428630175441506,0.32234311881722033,0.0,1.0
738,184.5,physics_sindy_mpc,0,18.911388397216797,936.1487426757812,78.15131378173828,11.594033241271973,236.666259765625,400.0,-0.9238795325112868,-0.3826834323650895,0.0,0.26573388910730883,0.6376849943258234,0.3740262839512775,0.0,0.9999999954170548
739,184.75,physics_sindy_mpc,0,18.82802963256836,950.9161987304688,84.76788330078125,11.393889427185059,197.05447387695312,400.0,-0.9469301294951056,-0.3214394653031618,0.0,0.15028436249802962,0.7406581173843432,0.38035334393226744,0.0,1.0
740,185.0,physics_sindy_mpc,0,18.468494415283203,914.22802734375,87.58197784423828,11.193745613098145,157.44268798828125,400.0,-0.9659258262890683,-0.25881904510252063,0.1765492047339221,0.23888019592852044,0.8881813006813842,0.4000000098831057,0.0,0.7286715028965881
741,185.25,physics_sindy_mpc,0,15.482931137084961,654.2688598632812,80.77842712402344,10.860604286193848,123.37247467041016,400.0,-0.9807852804032303,-0.19509032201612866,0.14087235288553815,0.46862303205580014,0.9909340047060176,0.24236581633051585,0.0,1.0
742,185.5,physics_sindy_mpc,0,16.644258499145508,816.5724487304688,82.34947967529297,10.410280227661133,94.1848373413086,400.0,-0.9914448613738104,-0.13052619222005163,0.16857227024321655,0.17046223306281916,1.0,0.2356025300196473,0.0,1.0
743,185.75,physics_sindy_mpc,0,16.601642608642578,827.0431518554688,85.3274917602539,9.959957122802734,64.99720764160156,400.0,-0.9978589232386035,-0.06540312923014273,0.5561240411978706,0.15261547390449787,1.0,0.27221382742387196,0.0,1.0
744,186.0,physics_sindy_mpc,0,16.40735626220703,824.1290283203125,85.4681625366211,9.50963306427002,35.8095703125,400.0,-1.0,-1.8369701987210297e-16,0.7638855358034948,0.10714378905938253,1.0,0.22504150567519593,0.0,1.0
745,186.25,physics_sindy_mpc,0,16.437673568725586,806.1638793945312,84.14825439453125,9.16628360748291,19.2507381439209,400.0,-0.9978589232386036,0.06540312923014237,0.7439906935737648,0.0802863645256682,1.0,0.16020498205688258,0.0,1.0
746,186.5,physics_sindy_mpc,0,16.662023544311523,786.3330078125,82.95215606689453,8.91610336303711,13.691189765930176,400.0,-0.9914448613738105,0.13052619222005127,0.6419785350253183,0.08347681208641396,1.0,0.12325369111735283,0.0,1.0
747,186.75,physics_sindy_mpc,0,16.854341506958008,775.5630493164062,82.50487518310547,8.665924072265625,8.13163948059082,400.0,-0.9807852804032304,0.1950903220161283,0.5829386178290272,0.08960390021892868,1.0,0.1079793738495916,0.0,1.0
748,187.0,physics_sindy_mpc,0,16.95121192932129,771.5689697265625,82.41058349609375,8.415743827819824,2.5720903873443604,400.0,-0.9659258262890684,0.2588190451025203,0.5715256996228245,0.0870316059880073,1.0,0.09904012225097145,0.0,1.0
749,187.25,physics_sindy_mpc,0,17.013916015625,769.0047607421875,82.2539291381836,8.192451477050781,0.0,400.0,-0.9469301294951057,0.3214394653031615,0.5643879247406209,0.08100638228479971,1.0,0.09043292381300704,0.0,1.0
750,187.5,physics_sindy_mpc,0,17.067096710205078,766.1066284179688,82.15743255615234,7.992307662963867,0.0,400.0,-0.923879532511287,0.38268343236508917,0.561601066967248,0.07886232586459042,1.0,0.08522202304402227,0.0,1.0
751,187.75,physics_sindy_mpc,0,17.096654891967773,763.7759399414062,82.12284851074219,7.792163848876953,0.0,400.0,-0.8968727415326884,0.442288690219001,0.5674875279840126,0.07646992448787836,1.0,0.08092791034519341,0.0,1.0
752,188.0,physics_sindy_mpc,0,17.109851837158203,761.66064453125,82.0963363647461,7.592020034790039,0.0,400.0,-0.8660254037844386,0.5000000000000001,0.5776876003579129,0.07331766900085675,1.0,0.07634490897173439,0.0,1.0
753,188.25,physics_sindy_mpc,0,17.117652893066406,759.6156005859375,82.03671264648438,7.405391693115234,0.0,400.0,-0.8314696123025455,0.5555702330196018,0.5856399445427105,0.06950573149952102,1.0,0.07119558639018836,0.0,1.0
754,188.5,physics_sindy_mpc,0,17.1242733001709,757.6617431640625,81.95153045654297,7.230266094207764,0.0,400.0,-0.7933533402912357,0.6087614290087199,0.5897477851544515,0.06531853126258792,1.0,0.06580875916568642,0.0,1.0
755,188.75,physics_sindy_mpc,0,17.127988815307617,755.8562622070312,81.87227630615234,7.055140018463135,0.0,400.0,-0.7518398074789772,0.6593458151000691,0.5913375879760281,0.06123383572770926,1.0,0.06072514106709485,0.0,1.0
756,189.0,physics_sindy_mpc,0,17.1256046295166,754.2764282226562,81.81312561035156,6.880014419555664,0.0,400.0,-0.7071067811865477,0.7071067811865474,0.5879443119401958,0.058530274779105426,1.0,0.056968883016016734,0.0,1.0
757,189.25,physics_sindy_mpc,0,17.140941619873047,753.3665771484375,81.77400207519531,6.867936611175537,0.0,400.0,-0.6593458151000687,0.7518398074789775,0.5698194418525812,0.060056125160815,1.0,0.05847949735120285,0.0,1.0
758,189.5,physics_sindy_mpc,0,17.156705856323242,752.9699096679688,81.8214111328125,6.9930267333984375,0.0,400.0,-0.608761429008721,0.7933533402912349,0.5474365305027122,0.06613677786522702,1.0,0.06536158230515927,0.0,1.0
759,189.75,physics_sindy_mpc,0,17.13844108581543,752.7559814453125,81.97106170654297,7.11811637878418,0.0,400.0,-0.555570233019603,0.8314696123025447,0.5374544659182399,0.07364940276440639,1.0,0.07391858614037154,0.0,1.0
760,190.0,physics_sindy_mpc,0,17.096210479736328,752.8107299804688,82.13855743408203,7.24320650100708,0.0,400.0,-0.5000000000000004,0.8660254037844384,0.5386878625529634,0.07936955030071856,1.0,0.08163517069681289,0.0,1.0
761,190.25,physics_sindy_mpc,0,17.03059196472168,752.4872436523438,82.26287078857422,7.272681713104248,0.0,400.0,-0.4422886902190014,0.8968727415326883,0.5489181509630164,0.08157295380200473,1.0,0.085211299090863,0.0,1.0
762,190.5,physics_sindy_mpc,0,16.95770263671875,749.6231689453125,82.2967529296875,7.2226457595825195,0.0,400.0,-0.38268343236508956,0.9238795325112868,0.559156666082697,0.08540690645240537,1.0,0.08450172454714401,0.0,1.0
763,190.75,physics_sindy_mpc,0,16.90038299560547,743.771484375,82.25929260253906,7.172609806060791,0.0,400.0,-0.32143946530316186,0.9469301294951056,0.5623221330952433,0.09512317140523012,1.0,0.08238120011835545,0.0,1.0
764,191.0,physics_sindy_mpc,0,16.855403900146484,739.9512329101562,82.21065521240234,7.1225738525390625,0.0,400.0,-0.25881904510252157,0.9659258262890681,0.5609236563685757,0.10093231034498666,1.0,0.08043280165002119,0.0,1.0
765,191.25,physics_sindy_mpc,0,16.808441162109375,738.02587890625,82.1848373413086,7.045075416564941,0.0,400.0,-0.19509032201612872,0.9807852804032303,0.5615960515139835,0.102345124761946,1.0,0.07841430771064842,0.0,1.0
766,191.5,physics_sindy_mpc,0,16.75646209716797,736.6818237304688,82.1689682006836,6.945003509521484,0.0,400.0,-0.13052619222005168,0.9914448613738104,0.5651743666330358,0.10200475139989866,1.0,0.07593977211634863,0.0,1.0
767,191.75,physics_sindy_mpc,0,16.70577049255371,735.5912475585938,82.14347839355469,6.844931602478027,0.0,400.0,-0.0654031292301428,0.9978589232386035,0.5689058750827666,0.10094820171654494,1.0,0.07316180088558845,0.0,1.0
768,192.0,physics_sindy_mpc,0,16.65880584716797,734.6995239257812,82.10933685302734,6.74485969543457,0.0,400.0,0.0,1.0,0.5730443514870269,0.09923679851428012,1.0,0.07001753122318272,0.0,1.0
769,192.25,physics_sindy_mpc,0,16.608556747436523,733.8660278320312,82.07170104980469,6.603378772735596,0.0,400.0,0.06540312923014306,0.9978589232386035,0.580563792205765,0.09637080009139753,1.0,0.06555118077053301,0.0,1.0
770,192.5,physics_sindy_mpc,0,16.558752059936523,733.0857543945312,82.01644134521484,6.428253173828125,0.0,400.0,0.13052619222005157,0.9914448613738104,0.5891157288089576,0.09238220248509414,1.0,0.05976036236202964,0.0,1.0
771,192.75,physics_sindy_mpc,0,16.51909637451172,732.5213012695312,81.94189453125,6.253127098083496,0.0,400.0,0.19509032201612825,0.9807852804032304,0.5939542224690189,0.08793550169207608,1.0,0.053809018950587865,0.0,1.0
772,193.0,physics_sindy_mpc,0,16.487651824951172,732.2665405273438,81.87078094482422,6.078001499176025,0.0,400.0,0.25881904510252074,0.9659258262890683,0.5930605219709817,0.08425785501785005,1.0,0.048984280414764235,0.0,1.0
773,193.25,physics_sindy_mpc,0,16.47515296936035,732.553466796875,81.81587219238281,6.0138750076293945,0.0,400.0,0.3214394653031616,0.9469301294951057,0.5819026685745925,0.08344122360296297,1.0,0.048205780746596476,0.0,1.0
774,193.5,physics_sindy_mpc,0,16.46357536315918,733.0317993164062,81.8167724609375,6.03889274597168,0.0,400.0,0.3826834323650898,0.9238795325112867,0.5684186670536032,0.08589145525465594,1.0,0.05105799212539087,0.0,1.0
775,193.75,physics_sindy_mpc,0,16.42823600769043,733.3408203125,81.87168884277344,6.063910961151123,0.0,400.0,0.44228869021900125,0.8968727415326884,0.5622502700673474,0.08967285821764696,1.0,0.05456464052126768,0.0,1.0
776,194.0,physics_sindy_mpc,0,16.3762149810791,733.6619873046875,81.92611694335938,6.088928699493408,0.0,400.0,0.49999999999999994,0.8660254037844387,0.5612357444019211,0.09265792782491632,1.0,0.057184649630234605,0.0,1.0
777,194.25,physics_sindy_mpc,0,16.317567825317383,734.0227661132812,81.96931457519531,6.086053371429443,0.0,400.0,0.5555702330196022,0.8314696123025452,0.5637439724384635,0.09428863938889906,1.0,0.05837373445932529,0.0,1.0
778,194.5,physics_sindy_mpc,0,16.261919021606445,734.4484252929688,82.00119018554688,6.06103515625,0.0,400.0,0.6087614290087207,0.7933533402912352,0.5676563951275462,0.09508404690321276,1.0,0.058624841518888096,0.0,1.0
779,194.75,physics_sindy_mpc,0,16.215225219726562,734.9967651367188,82.0199966430664,6.036017417907715,0.0,400.0,0.6593458151000688,0.7518398074789774,0.5712812499889973,0.09558831006032621,1.0,0.05856547160222196,0.0,1.0
780,195.0,physics_sindy_mpc,0,16.177114486694336,735.6788940429688,82.03268432617188,6.0109992027282715,0.0,400.0,0.7071067811865476,0.7071067811865476,0.5762242614214578,0.0960168987632118,1.0,0.05823345995985244,0.0,1.0
781,195.25,physics_sindy_mpc,0,16.14864730834961,736.5052490234375,82.06851959228516,5.929906368255615,1.1682243347167969,400.0,0.7518398074789774,0.6593458151000688,0.5863195016679643,0.09691435442681132,1.0,0.05793240463770039,0.0,1.0
782,195.5,physics_sindy_mpc,0,16.133176803588867,737.6068115234375,82.11503601074219,5.804816722869873,3.2530553340911865,400.0,0.7933533402912352,0.6087614290087207,0.5954957892043056,0.09767319233335972,1.0,0.05790683614115498,0.0,1.0
783,195.75,physics_sindy_mpc,0,16.13027572631836,738.7838745117188,82.14856719970703,5.679726600646973,5.337886333465576,400.0,0.8314696123025451,0.5555702330196024,0.5882874639915195,0.09860887495752155,1.0,0.059186326569187424,0.0,1.0
784,196.0,physics_sindy_mpc,0,16.12392807006836,739.6077270507812,82.20552062988281,5.5546369552612305,7.422717571258545,400.0,0.8660254037844386,0.5000000000000001,0.5497014317142928,0.1061904786541935,1.0,0.06672360983594178,0.0,1.0
785,196.25,physics_sindy_mpc,0,16.23087501525879,741.6385498046875,82.55374908447266,5.767721176147461,18.901269912719727,400.0,0.8968727415326884,0.44228869021900125,0.4699931685322858,0.13842232373553742,1.0,0.10416771571742095,0.0,1.0
786,196.5,physics_sindy_mpc,0,16.38585090637207,747.8665771484375,83.36420440673828,6.243062496185303,37.66474914550781,400.0,0.9238795325112867,0.38268343236508984,0.40256482427605683,0.18718705605562164,1.0,0.1687111472476238,0.0,1.0
787,196.75,physics_sindy_mpc,0,16.502649307250977,762.7806396484375,84.31069946289062,6.7184038162231445,56.42823028564453,400.0,0.9469301294951056,0.3214394653031617,0.36091294632636334,0.21874337200107766,1.0,0.23696961432636252,0.0,1.0
788,197.0,physics_sindy_mpc,0,16.65118980407715,782.0577392578125,85.05631256103516,7.1937456130981445,75.19171142578125,400.0,0.9659258262890683,0.25881904510252074,0.2975150411099705,0.23470576116067632,1.0,0.3005230948537465,0.0,1.0
789,197.25,physics_sindy_mpc,0,16.9355411529541,802.2637329101562,85.75936889648438,7.768224239349365,104.97044372558594,400.0,0.9807852804032304,0.19509032201612833,0.19515271879143234,0.2634550913584662,0.9856536501803973,0.3746514652539208,0.0,1.0
790,197.5,physics_sindy_mpc,0,17.316585540771484,828.7699584960938,86.52515411376953,8.418691635131836,143.19235229492188,400.0,0.9914448613738104,0.1305261922200517,0.10142496707154099,0.2880231603376508,0.9333622314048845,0.40000000991055146,0.0,0.8076449247059312
791,197.75,physics_sindy_mpc,0,16.366525650024414,723.6575927734375,87.21746063232422,9.069158554077148,181.41424560546875,400.0,0.9978589232386035,0.06540312923014327,0.2943500555649843,0.5278022649376943,0.8760729301821313,0.4000000098051285,0.0,0.38222106886035034
792,198.0,physics_sindy_mpc,0,16.147172927856445,677.073974609375,83.88614654541016,9.719626426696777,219.6361541748047,400.0000305175781,1.0,6.123233995736766e-17,0.0,0.5958320216751197,0.7722270726846066,0.4000000086004051,0.0,0.6557487670615707
793,198.25,physics_sindy_mpc,0,15.949277877807617,651.91259765625,80.43389129638672,10.327390670776367,258.2534484863281,400.0,0.9978589232386035,-0.06540312923014314,0.0,0.647825054455419,0.6492261787327189,0.361060999199664,0.0,0.8247909314458854
794,198.5,physics_sindy_mpc,0,16.942846298217773,705.64501953125,79.88922882080078,10.902803421020508,297.1702880859375,400.0,0.9914448613738104,-0.1305261922200516,0.0,0.6904568984521805,0.5267931692218639,0.3621469476918096,0.0,0.5229168821203477
795,198.75,physics_sindy_mpc,0,17.336673736572266,676.911376953125,77.28926849365234,11.478217124938965,336.087158203125,400.0,0.9807852804032304,-0.1950903220161282,0.0,0.8626469291820307,0.41007962482569865,0.36597405466086247,0.0,0.30948493518996456
796,199.0,physics_sindy_mpc,0,18.204669952392578,699.9022216796875,75.23896026611328,12.053630828857422,375.0039978027344,400.0,0.9659258262890683,-0.25881904510252063,0.0,0.9798656748096567,0.30811781134963256,0.375654667989911,0.0,0.06565378117975255
797,199.25,physics_sindy_mpc,0,19.044811248779297,715.8062133789062,72.43307495117188,12.514594078063965,408.3572998046875,399.9999694824219,0.9469301294951057,-0.3214394653031616,0.0,1.0,0.2260602863708242,0.36834627925372293,0.0,0.0
798,199.5,physics_sindy_mpc,0,19.913915634155273,717.2806396484375,68.8503189086914,12.889863014221191,437.544921875,400.0,0.9238795325112868,-0.3826834323650895,0.0,1.0,0.13967055149329757,0.3583240570270929,0.0,0.0
799,199.75,physics_sindy_mpc,0,20.83551788330078,712.3157958984375,64.89380645751953,13.265132904052734,466.7325744628906,400.0000305175781,0.8968727415326884,-0.44228869021900113,0.0,1.0,0.05412346354281618,0.35096593195896536,0.0,0.0
800,200.0,physics_sindy_mpc,0,21.54083251953125,705.47216796875,63.64991760253906,13.640402793884277,495.9201965332031,400.0,0.8660254037844387,-0.4999999999999998,0.0,1.0,0.0,0.352030743102392,0.0,0.0
801,200.25,physics_sindy_mpc,0,22.003965377807617,688.1724243164062,62.60136413574219,13.972537994384766,525.1078491210938,400.0,0.8314696123025451,-0.5555702330196023,0.0,1.0,0.0,0.3569828087797513,0.0,0.0
802,200.5,physics_sindy_mpc,0,22.196786880493164,661.5612182617188,61.290565490722656,14.272753715515137,554.2954711914062,400.0,0.7933533402912352,-0.6087614290087207,0.0,1.0,0.0,0.35383985947211966,0.0,0.0
803,200.75,physics_sindy_mpc,0,22.37996482849121,637.2770385742188,59.93177032470703,14.572969436645508,583.4830932617188,400.0,0.7518398074789774,-0.6593458151000688,0.0,1.0,0.0,0.3509843446355631,0.0,0.0
804,201.0,physics_sindy_mpc,0,22.53666114807129,615.1259765625,58.54475402832031,14.873185157775879,612.6707153320312,400.0,0.7071067811865476,-0.7071067811865475,0.0,1.0,0.0,0.3492843393155702,0.0,0.0
805,201.25,physics_sindy_mpc,0,22.741559982299805,599.5026245117188,57.32313919067383,15.17340087890625,637.443115234375,400.0,0.659345815100069,-0.7518398074789773,0.0,1.0,0.0,0.35056657574647415,0.0,0.0
806,201.5,physics_sindy_mpc,0,22.970415115356445,588.1615600585938,56.19147872924805,15.473615646362305,658.986328125,400.0,0.6087614290087209,-0.793353340291235,0.0,1.0,0.0,0.35347344108305906,0.0,0.0
807,201.75,physics_sindy_mpc,0,23.184627532958984,577.6612548828125,55.0240364074707,15.773831367492676,680.5296020507812,400.0,0.5555702330196025,-0.831469612302545,0.0,1.0,0.0,0.3570023800954513,0.0,0.0
808,202.0,physics_sindy_mpc,0,23.3887882232666,567.8197631835938,53.844329833984375,16.074047088623047,702.0728759765625,400.0,0.49999999999999994,-0.8660254037844387,0.0,1.0,0.0,0.3623728751073863,0.0,0.0
809,202.25,physics_sindy_mpc,0,23.568246841430664,561.548095703125,53.103790283203125,16.258087158203125,718.3720703125,400.0,0.4422886902190017,-0.8968727415326881,0.0,1.0,0.0,0.3661976373300837,0.0,0.0
810,202.5,physics_sindy_mpc,0,23.76151466369629,558.7684326171875,52.76584243774414,16.3581600189209,730.8810424804688,400.0,0.3826834323650899,-0.9238795325112867,0.0,1.0,0.0,0.36879847271813804,0.0,0.0
811,202.75,physics_sindy_mpc,0,23.96523094177246,556.8764038085938,52.499542236328125,16.45823097229004,743.3900756835938,400.0,0.32143946530316175,-0.9469301294951056,0.0,1.0,0.0,0.3717259244348853,0.0,0.0
812,203.0,physics_sindy_mpc,0,24.165298461914062,555.0227661132812,52.23090744018555,16.558303833007812,755.8990478515625,399.9999694824219,0.258819045102521,-0.9659258262890682,0.0,1.0,0.0,0.3768844498505189,0.0,0.0
813,203.25,physics_sindy_mpc,0,24.467004776000977,556.3365478515625,52.44571304321289,16.78972053527832,759.0841674804688,400.0,0.19509032201612816,-0.9807852804032304,0.0,1.0,0.0,0.3889438484551321,0.0,0.0
814,203.5,physics_sindy_mpc,0,24.808446884155273,558.8712158203125,52.91651916503906,17.114953994750977,755.6094970703125,399.9999694824219,0.130526192220052,-0.9914448613738104,0.0,1.0,0.0,0.4000000098932533,0.0,0.0
815,203.75,physics_sindy_mpc,0,25.168865203857422,562.1112670898438,53.455745697021484,17.440187454223633,752.134765625,400.0000305175781,0.06540312923014312,-0.9978589232386035,0.0,1.0,0.0,0.40000000999049684,0.0,0.0
816,204.0,physics_sindy_mpc,0,25.62791633605957,568.7678833007812,54.28306579589844,17.76542091369629,748.6600341796875,400.0,1.2246467991473532e-16,-1.0,0.0,1.0,0.0,0.4000000099952805,0.0,0.0
817,204.25,physics_sindy_mpc,0,25.72675323486328,573.3453369140625,54.60918426513672,17.91466522216797,732.1491088867188,400.0,-0.06540312923014287,-0.9978589232386035,0.0,1.0,0.0,0.40000000999003565,0.0,0.0
818,204.5,physics_sindy_mpc,0,25.52755355834961,576.0305786132812,54.40346145629883,17.93968391418457,706.4362182617188,400.0,-0.13052619222005177,-0.9914448613738104,0.0,1.0,0.0,0.4000000099908522,0.0,0.0
819,204.75,physics_sindy_mpc,0,25.297544479370117,578.8400268554688,54.07114028930664,17.964702606201172,680.7233276367188,400.0,-0.19509032201612792,-0.9807852804032305,0.0,1.0,0.0,0.4000000099969106,0.0,0.0
820,205.0,physics_sindy_mpc,0,25.054611206054688,581.803955078125,53.72288513183594,17.98971939086914,655.0103759765625,400.0,-0.2588190451025208,-0.9659258262890683,0.0,1.0,0.0,0.40000000999192875,0.0,0.0
821,205.25,physics_sindy_mpc,0,24.722095489501953,580.85693359375,53.528282165527344,18.014738082885742,630.5255737304688,400.0,-0.32143946530316153,-0.9469301294951057,0.0,1.0,0.0,0.40000000999696755,0.0,0.0
822,205.5,physics_sindy_mpc,0,24.329051971435547,576.5800170898438,53.466094970703125,18.03975486755371,606.8975219726562,400.0,-0.38268343236508967,-0.9238795325112868,0.0,1.0,0.0,0.4000000099966567,0.0,0.0
823,205.75,physics_sindy_mpc,0,23.941383361816406,571.9461669921875,53.44883728027344,18.064773559570312,583.2694091796875,400.0,-0.44228869021900147,-0.8968727415326883,0.0,1.0,0.0,0.40000000999630164,0.0,0.0
824,206.0,physics_sindy_mpc,0,23.564468383789062,567.4076538085938,53.487422943115234,18.089792251586914,559.641357421875,400.0,-0.4999999999999997,-0.8660254037844388,0.0,1.0,0.0,0.4000000099886136,0.0,0.0
825,206.25,physics_sindy_mpc,0,23.14415168762207,567.0447387695312,53.70380401611328,18.02595329284668,527.7857666015625,400.0,-0.555570233019602,-0.8314696123025455,0.0,1.0,0.0,0.40000000999458374,0.0,0.0
826,206.5,physics_sindy_mpc,0,22.684785842895508,570.1287231445312,54.002159118652344,17.900861740112305,490.2588195800781,400.0,-0.6087614290087207,-0.7933533402912352,0.0,1.0,0.0,0.4000000099724875,0.0,0.0
827,206.75,physics_sindy_mpc,0,22.213985443115234,573.778564453125,54.30803298950195,17.775772094726562,452.7318420410156,400.0,-0.6593458151000688,-0.7518398074789774,0.0,1.0,0.0,0.4000000097502531,0.0,0.0
828,207.0,physics_sindy_mpc,0,21.733802795410156,577.6571655273438,54.62718200683594,17.65068244934082,415.20489501953125,400.0,-0.7071067811865471,-0.7071067811865479,0.0,1.0,0.0,0.3834649497505609,0.0,0.0
829,207.25,physics_sindy_mpc,0,21.342138290405273,587.3270263671875,55.70753860473633,17.510711669921875,376.8511962890625,400.0,-0.7518398074789773,-0.6593458151000691,0.0,1.0,0.0,0.36539568340898915,0.0,0.0
830,207.5,physics_sindy_mpc,0,20.95978546142578,599.0502319335938,57.162147521972656,17.36060333251953,337.934326171875,400.0,-0.7933533402912349,-0.6087614290087209,0.0,1.0,0.005926017720830858,0.3456855135127435,0.0,0.0
831,207.75,physics_sindy_mpc,0,20.56269073486328,613.0736083984375,58.76822280883789,17.21049690246582,299.0174865722656,400.0,-0.8314696123025452,-0.5555702330196022,0.0,1.0,0.038790108699354744,0.32613277963968834,0.0,0.0
832,208.0,physics_sindy_mpc,0,19.906824111938477,630.2298583984375,63.072818756103516,17.060388565063477,260.10064697265625,400.0,-0.8660254037844385,-0.5000000000000004,0.0,1.0,0.09118886124477421,0.29585493991309886,0.0,0.0
833,208.25,physics_sindy_mpc,0,19.293720245361328,661.4269409179688,67.93013000488281,16.7308406829834,224.0913848876953,400.0,-0.8968727415326883,-0.44228869021900136,0.0,0.9767654317147041,0.15458102140981153,0.27821326962925724,0.0,0.09027688509959234
834,208.5,physics_sindy_mpc,0,18.682313919067383,693.757080078125,71.74105834960938,16.280517578125,190.0391387939453,400.0,-0.9238795325112868,-0.3826834323650895,0.0,0.7991356710262133,0.22052814911183466,0.25726788323541094,0.0,0.3040226050221287
835,208.75,physics_sindy_mpc,0,18.124027252197266,700.9609985351562,75.20955657958984,15.830194473266602,155.9868927001953,400.0000305175781,-0.9469301294951056,-0.3214394653031618,0.0,0.6642679835089355,0.2882047782834139,0.24141588511490986,0.0,0.5390638794235771
836,209.0,physics_sindy_mpc,0,17.647695541381836,712.3765869140625,78.35005950927734,15.379870414733887,121.93466186523438,400.0,-0.9659258262890683,-0.25881904510252063,0.0,0.5339179716853527,0.35922816166961585,0.23404455662980606,0.0,0.7812475039401999
837,209.25,physics_sindy_mpc,0,17.3284912109375,728.2442626953125,80.7276382446289,15.034723281860352,94.56026458740234,400.0,-0.9807852804032303,-0.19509032201612866,0.0,0.4247038902458491,0.43780434427370707,0.2431099976592028,0.0,0.9967964149048404
838,209.5,physics_sindy_mpc,0,18.270071029663086,884.3563232421875,84.71421813964844,14.759525299072266,71.62712860107422,400.0,-0.9914448613738104,-0.13052619222005163,0.0,0.20837110221885918,0.5624243506374825,0.33409768678019763,0.0,1.0
839,209.75,physics_sindy_mpc,0,18.2630558013916,918.9067993164062,87.54527282714844,14.484328269958496,48.69398498535156,400.0,-0.9978589232386035,-0.06540312923014273,0.07813314832002,0.18449287146939197,0.7445952003107088,0.4000000098050763,0.0,0.880360170147348
840,210.0,physics_sindy_mpc,0,16.232418060302734,687.8478393554688,79.21490478515625,14.20913028717041,25.76084327697754,400.0,-1.0,-1.8369701987210297e-16,0.0,0.33264201731016385,0.8148371747901013,0.1818730175999418,0.0,1.0
841,210.25,physics_sindy_mpc,0,16.796323776245117,807.904052734375,82.36124420166016,13.918835639953613,14.150491714477539,400.0,-0.9978589232386036,0.06540312923014237,0.0,0.15179525210859982,0.9076924942338043,0.23798954763352895,0.0,1.0
842,210.5,physics_sindy_mpc,0,16.778669357299805,832.4814453125,85.61197662353516,13.618619918823242,9.980829238891602,400.0,-0.9914448613738105,0.13052619222005127,0.1427008121357805,0.19298231254607284,1.0,0.35590714608617613,0.0,1.0
843,210.75,physics_sindy_mpc,0,16.683237075805664,864.823974609375,87.1864242553711,13.318404197692871,5.811167240142822,400.0,-0.9807852804032304,0.1950903220161283,0.36465382772622656,0.15827407638952723,1.0,0.39210394072129734,0.0,1.0
844,211.0,physics_sindy_mpc,0,16.635513305664062,875.5516967773438,87.20757293701172,13.0181884765625,1.6415048837661743,400.0000305175781,-0.9659258262890684,0.2588190451025203,0.4401155714745418,0.11642228548180511,1.0,0.37550167904671955,0.0,1.0
845,211.25,physics_sindy_mpc,0,16.700952529907227,866.983154296875,86.50955963134766,12.899999618530273,0.0,400.0,-0.9469301294951057,0.3214394653031615,0.3847397787054016,0.10760000291061429,1.0,0.34952008217260483,0.0,1.0
846,211.5,physics_sindy_mpc,0,16.811317443847656,855.6666870117188,85.86096954345703,12.899999618530273,0.0,400.0,-0.923879532511287,0.38268343236508917,0.2883132993796869,0.11349163913590847,1.0,0.33400510982683146,0.0,1.0
847,211.75,physics_sindy_mpc,0,16.867847442626953,847.659912109375,85.60256958007812,12.899999618530273,0.0,400.0,-0.8968727415326884,0.442288690219001,0.2272921122942689,0.12423402923798776,1.0,0.33110358304237436,0.0,1.0
848,212.0,physics_sindy_mpc,0,16.855609893798828,844.5862426757812,85.63267517089844,12.899999618530273,0.0,400.0,-0.8660254037844386,0.5000000000000001,0.21431638278359477,0.1302733542581069,1.0,0.3347597260946722,0.0,1.0
849,212.25,physics_sindy_mpc,0,16.803848266601562,843.72607421875,85.71366882324219,12.83903694152832,0.0,400.0,-0.8314696123025455,0.5555702330196018,0.22758005652468594,0.1294832830880545,1.0,0.33675553276122394,0.0,1.0
850,212.5,physics_sindy_mpc,0,16.741735458374023,842.0523071289062,85.72671508789062,12.738965034484863,0.0,400.0,-0.7933533402912357,0.6087614290087199,0.24493968892480328,0.12664392272539549,1.0,0.335048336966311,0.0,1.0
851,212.75,physics_sindy_mpc,0,16.684104919433594,839.0247192382812,85.66597747802734,12.638893127441406,0.0,400.0,-0.7518398074789772,0.6593458151000691,0.2544591207047461,0.12437667234567966,1.0,0.3311490468880377,0.0,1.0
852,213.0,physics_sindy_mpc,0,16.631855010986328,835.099853515625,85.56686401367188,12.53882122039795,0.0,400.0,-0.7071067811865477,0.7071067811865474,0.25556530258303306,0.12353109292813903,1.0,0.3267284305190846,0.0,1.0
853,213.25,physics_sindy_mpc,0,16.583051681518555,831.2108764648438,85.4920883178711,12.469374656677246,0.0,400.0000305175781,-0.6593458151000687,0.7518398074789775,0.25504226225171345,0.124594624593334,1.0,0.3240769182423501,0.0,1.0
854,213.5,physics_sindy_mpc,0,16.535541534423828,827.1895751953125,85.45516204833984,12.41933822631836,0.0,400.0,-0.608761429008721,0.7933533402912349,0.25726600188308857,0.1282619862101696,1.0,0.3233668415696411,0.0,1.0
855,213.75,physics_sindy_mpc,0,16.488426208496094,820.5201416015625,85.43297576904297,12.369302749633789,0.0,400.0,-0.555570233019603,0.8314696123025447,0.2715023835049205,0.13963464644455245,1.0,0.32306506354943193,0.0,1.0
856,214.0,physics_sindy_mpc,0,16.447839736938477,815.0234375,85.38619995117188,12.319266319274902,0.0,399.9999694824219,-0.5000000000000004,0.8660254037844384,0.30387432519568386,0.148553599819968,1.0,0.31874922015829316,0.0,1.0
857,214.25,physics_sindy_mpc,0,16.37070655822754,810.5391235351562,85.35617065429688,12.038461685180664,0.0,400.0,-0.4422886902190014,0.8968727415326883,0.3635691743122203,0.14599251897447874,1.0,0.306708069564019,0.0,1.0
858,214.5,physics_sindy_mpc,0,16.278261184692383,802.9583740234375,85.20979309082031,11.61315631866455,0.0,400.0,-0.38268343236508956,0.9238795325112868,0.4253509121188842,0.14248192786515243,1.0,0.2867358974422095,0.0,1.0
859,214.75,physics_sindy_mpc,0,16.213321685791016,793.2931518554688,84.88153839111328,11.187849998474121,0.0,400.0,-0.32143946530316186,0.9469301294951056,0.46035832583310105,0.13986939614554517,1.0,0.2620410734532817,0.0,1.0
860,215.0,physics_sindy_mpc,0,16.17296028137207,782.7680053710938,84.4922103881836,10.762544631958008,0.0,399.9999694824219,-0.25881904510252157,0.9659258262890681,0.47232842161903804,0.14046825524354062,1.0,0.23807338491794583,0.0,1.0
861,215.25,physics_sindy_mpc,0,16.172311782836914,773.7836303710938,84.09144592285156,10.476347923278809,0.0,400.0,-0.19509032201612872,0.9807852804032303,0.46138503867550346,0.1432845846618454,1.0,0.2193462895633401,0.0,1.0
862,215.5,physics_sindy_mpc,0,16.186607360839844,767.263916015625,83.7960433959961,10.276204109191895,0.0,400.0,-0.13052619222005168,0.9914448613738104,0.4487362222646314,0.14684945771451666,1.0,0.20674937325347684,0.0,1.0
863,215.75,physics_sindy_mpc,0,16.184528350830078,762.9181518554688,83.64729309082031,10.07606029510498,0.0,400.0,-0.0654031292301428,0.9978589232386035,0.45009856231912193,0.14919961914489746,1.0,0.19821400704684433,0.0,1.0
864,216.0,physics_sindy_mpc,0,16.166536331176758,759.854736328125,83.56724548339844,9.875916481018066,0.0,400.0,0.0,1.0,0.4626562494179677,0.14901258029470527,1.0,0.19064847398371287,0.0,1.0
865,216.25,physics_sindy_mpc,0,16.119503021240234,756.9371948242188,83.53457641601562,9.582602500915527,0.0,400.0,0.06540312923014306,0.9978589232386035,0.48880724709939033,0.1464190156171464,1.0,0.18117568800265588,0.0,1.0
866,216.5,physics_sindy_mpc,0,16.059324264526367,753.6353149414062,83.48381042480469,9.232351303100586,0.0,400.0,0.13052619222005157,0.9914448613738104,0.5199681547412831,0.14246231853053307,1.0,0.16903659712833957,0.0,1.0
867,216.75,physics_sindy_mpc,0,16.01173973083496,750.0181274414062,83.37716674804688,8.882099151611328,0.0,400.0,0.19509032201612825,0.9807852804032304,0.5443907703697513,0.13837062092263602,1.0,0.15545490645004176,0.0,1.0
868,217.0,physics_sindy_mpc,0,15.980648040771484,746.5123291015625,83.26251983642578,8.531847953796387,0.0,400.0,0.25881904510252074,0.9659258262890683,0.5594858604473893,0.13584724185578262,1.0,0.14316606909414883,0.0,1.0
869,217.25,physics_sindy_mpc,0,15.991397857666016,743.7798461914062,83.12157440185547,8.321998596191406,0.0,400.0,0.3214394653031616,0.9469301294951057,0.5552039492571084,0.13614884783979234,1.0,0.13554910432232564,0.0,1.0
870,217.5,physics_sindy_mpc,0,16.022287368774414,742.2059326171875,83.02999877929688,8.196908950805664,0.0,400.0,0.3826834323650898,0.9238795325112867,0.5434724140475344,0.13830298138562247,1.0,0.1326107216656277,0.0,1.0
871,217.75,physics_sindy_mpc,0,16.041629791259766,741.7203979492188,82.99427032470703,8.071819305419922,0.0,400.0,0.44228869021900125,0.8968727415326884,0.5369289654640317,0.13962100458244076,1.0,0.13114124824747786,0.0,1.0
872,218.0,physics_sindy_mpc,0,16.04322624206543,741.6517944335938,82.9849853515625,7.9467291831970215,0.0,399.9999694824219,0.49999999999999994,0.8660254037844387,0.5399635213368373,0.13949788389790868,1.0,0.12900819798783794,0.0,1.0
873,218.25,physics_sindy_mpc,0,16.01773452758789,741.3182373046875,82.97010803222656,7.7432780265808105,0.0,400.0,0.5555702330196022,0.8314696123025452,0.5542899639186857,0.13703512431452952,1.0,0.1233667133961251,0.0,1.0
874,218.5,physics_sindy_mpc,0,15.981916427612305,740.3566284179688,82.89644622802734,7.493098258972168,0.0,400.0,0.6087614290087207,0.7933533402912352,0.568251517141155,0.13296577733083093,1.0,0.11437868184275848,0.0,1.0
875,218.75,physics_sindy_mpc,0,15.95445728302002,738.9302368164062,82.76870727539062,7.242918968200684,0.0,400.0,0.6593458151000688,0.7518398074789774,0.5696073285297952,0.12890870447790567,1.0,0.10477427526831182,0.0,1.0
876,219.0,physics_sindy_mpc,0,15.929526329040527,737.4223022460938,82.65046691894531,6.992739200592041,0.0,400.0,0.7071067811865476,0.7071067811865476,0.551676594604544,0.12800320251919967,1.0,0.09877476206422342,0.0,1.0
877,219.25,physics_sindy_mpc,0,15.955485343933105,737.2311401367188,82.61384582519531,7.025952339172363,1.3120057582855225,400.0,0.7518398074789774,0.6593458151000688,0.5080842412510527,0.13560998474161345,1.0,0.10576529208447016,0.0,1.0
878,219.5,physics_sindy_mpc,0,15.986455917358398,739.2542114257812,82.79301452636719,7.226096153259277,3.396836757659912,400.0,0.7933533402912352,0.6087614290087207,0.4576181686789214,0.14758003476566442,1.0,0.12508119136135465,0.0,1.0
879,219.75,physics_sindy_mpc,0,15.967314720153809,742.7861938476562,83.16924285888672,7.426239967346191,5.481667995452881,400.0,0.8314696123025451,0.5555702330196024,0.42692798027038914,0.1603563992736111,1.0,0.1494627659158431,0.0,1.0
880,220.0,physics_sindy_mpc,0,15.912734031677246,747.831298828125,83.59561920166016,7.6263837814331055,7.566498756408691,400.0,0.8660254037844386,0.5000000000000001,0.4027068412211492,0.17077635105770983,1.0,0.1754499607564484,0.0,1.0
881,220.25,physics_sindy_mpc,0,16.03200912475586,755.9697265625,84.07646942138672,8.127031326293945,22.391963958740234,400.0,0.8968727415326884,0.44228869021900125,0.3419405818202899,0.19626969226226482,1.0,0.22427608974268573,0.0,1.0
882,220.5,physics_sindy_mpc,0,16.312009811401367,772.59326171875,84.67274475097656,8.802515983581543,44.63016128540039,400.0,0.9238795325112867,0.38268343236508984,0.23913796201204832,0.22158691978852976,1.0,0.29305520666096485,0.0,1.0
883,220.75,physics_sindy_mpc,0,16.61369514465332,795.832763671875,85.62161254882812,9.478001594543457,66.86836242675781,400.0,0.9469301294951056,0.3214394653031617,0.1608453762284913,0.25211065271031646,0.9871661228696181,0.37410100405452007,0.0,1.0
884,221.0,physics_sindy_mpc,0,16.9146728515625,827.370849609375,86.74187469482422,10.153486251831055,89.10655975341797,400.0,0.9659258262890683,0.25881904510252074,0.13298937370472766,0.2624242696823015,0.9501843238610039,0.4000000097573135,0.0,0.8041303761830153
885,221.25,physics_sindy_mpc,0,16.409975051879883,759.9388427734375,88.43888854980469,10.765420913696289,121.05400085449219,400.0,0.9807852804032304,0.19509032201612833,0.3682360409674037,0.45899952777313224,0.9158027007504237,0.40000000982481854,0.0,0.27904388333875463
886,221.5,physics_sindy_mpc,0,16.551193237304688,723.8369750976562,86.16960906982422,11.34083366394043,158.58096313476562,400.0,0.9914448613738104,0.1305261922200517,0.1138426765678989,0.5360648849341566,0.8159588575049023,0.40000000943335695,0.0,0.3916712555920267
887,221.75,physics_sindy_mpc,0,16.302845001220703,667.612548828125,82.52433776855469,11.916247367858887,196.10791015625,400.0,0.9978589232386035,0.06540312923014327,0.0,0.6174867612520021,0.679969327744937,0.36572012829301753,0.0,0.7018292066575917
888,222.0,physics_sindy_mpc,0,16.47382926940918,666.2516479492188,79.97250366210938,12.491661071777344,233.63487243652344,400.0,1.0,6.123233995736766e-17,0.0,0.6968796592911063,0.5405121434308585,0.3514108025196114,0.0,0.6048544754776444
889,222.25,physics_sindy_mpc,0,16.99219512939453,671.223876953125,78.29779052734375,13.019194602966309,274.2651062011719,400.0,0.9978589232386035,-0.06540312923014314,0.0,0.8108677012746557,0.4059368917964389,0.35813829353641713,0.0,0.38626795922415463
890,222.5,physics_sindy_mpc,0,17.52030372619629,661.6422729492188,75.96832275390625,13.519554138183594,316.65667724609375,400.0,0.9914448613738104,-0.1305261922200516,0.0,0.9754627640212363,0.284554239830481,0.36628763814811643,0.0,0.15385505558158558
891,222.75,physics_sindy_mpc,0,18.218080520629883,664.3856201171875,73.27218627929688,14.019913673400879,359.0482482910156,400.0,0.9807852804032304,-0.1950903220161282,0.0,1.0,0.19609200383086836,0.3459197412914435,0.0,0.0
892,223.0,physics_sindy_mpc,0,19.19352912902832,655.6612548828125,70.43218994140625,14.520273208618164,401.4398193359375,400.0,0.9659258262890683,-0.25881904510252063,0.0,1.0,0.11457124846794028,0.3421669618957617,0.0,0.0
893,223.25,physics_sindy_mpc,0,20.143007278442383,644.609375,67.09028625488281,14.988569259643555,436.2608947753906,400.0,0.9469301294951057,-0.3214394653031616,0.0,1.0,0.048249663219507063,0.3393629418119758,0.0,0.0
894,223.5,physics_sindy_mpc,0,21.072172164916992,637.1473999023438,64.51285552978516,15.43889331817627,466.8384094238281,400.0,0.9238795325112868,-0.3826834323650895,0.0,1.0,0.0,0.34594158237757966,0.0,0.0
895,223.75,physics_sindy_mpc,0,21.800724029541016,627.6322021484375,63.587364196777344,15.889216423034668,497.4159240722656,400.0,0.8968727415326884,-0.44228869021900113,0.0,1.0,0.0,0.3626263099909221,0.0,0.0
896,224.0,physics_sindy_mpc,0,22.44536590576172,615.6051635742188,62.5724983215332,16.339540481567383,527.9934692382812,400.0,0.8660254037844387,-0.4999999999999998,0.0,1.0,0.0,0.3876766467304036,0.0,0.0
897,224.25,physics_sindy_mpc,0,22.825546264648438,603.0936889648438,61.5665283203125,16.78986358642578,537.9942626953125,400.0,0.8314696123025451,-0.5555702330196023,0.0,1.0,0.0,0.4000000098613996,0.0,0.0
898,224.5,physics_sindy_mpc,0,23.16175651550293,597.4766235351562,60.86113357543945,17.24018669128418,536.6043701171875,400.0,0.7933533402912352,-0.6087614290087207,0.0,1.0,0.0,0.4000000099622277,0.0,0.0
899,224.75,physics_sindy_mpc,0,23.583717346191406,597.372314453125,60.37303161621094,17.690509796142578,535.2144775390625,400.0,0.7518398074789774,-0.6593458151000688,0.0,1.0,0.0,0.4000000099803678,0.0,0.0
900,225.0,physics_sindy_mpc,0,24.016542434692383,598.0989990234375,59.91404342651367,18.14083480834961,533.8245849609375,400.0,0.7071067811865476,-0.7071067811865475,0.0,1.0,0.0,0.40000000998698426,0.0,0.0
901,225.25,physics_sindy_mpc,0,24.453092575073242,597.7945556640625,59.60507583618164,18.52645492553711,542.3197021484375,400.0,0.659345815100069,-0.7518398074789773,0.0,1.0,0.0,0.4000000099903408,0.0,0.0
902,225.5,physics_sindy_mpc,0,24.889270782470703,596.6673583984375,59.394309997558594,18.876707077026367,556.2185668945312,400.0,0.6087614290087209,-0.793353340291235,0.0,1.0,0.0,0.4000000099925054,0.0,0.0
903,225.75,physics_sindy_mpc,0,25.325162887573242,595.4154052734375,59.19416809082031,19.226959228515625,570.117431640625,400.0,0.5555702330196025,-0.831469612302545,0.0,1.0,0.0,0.400000009994163,0.0,0.0
904,226.0,physics_sindy_mpc,0,25.756484985351562,594.1575317382812,59.00163269042969,19.577211380004883,584.0162963867188,400.0,0.49999999999999994,-0.8660254037844387,0.0,1.0,0.0,0.40000000999838353,0.0,0.0
905,226.25,physics_sindy_mpc,0,25.7028865814209,589.5746459960938,58.888160705566406,19.700000762939453,576.7034301757812,400.0,0.4422886902190017,-0.8968727415326881,0.0,1.0,0.0,0.40000000999576657,0.0,0.0
906,226.5,physics_sindy_mpc,0,25.366119384765625,583.54541015625,58.64857482910156,19.700000762939453,557.93994140625,400.0,0.3826834323650899,-0.9238795325112867,0.0,1.0,0.0,0.40000000999549196,0.0,0.0
907,226.75,physics_sindy_mpc,0,25.015796661376953,577.8432006835938,58.321327209472656,19.700000762939453,539.1764526367188,400.0,0.32143946530316175,-0.9469301294951056,0.0,1.0,0.0,0.400000009995173,0.0,0.0
908,227.0,physics_sindy_mpc,0,24.672054290771484,572.471923828125,58.00212860107422,19.700000762939453,520.4129638671875,400.0,0.258819045102521,-0.9659258262890682,0.0,1.0,0.0,0.4000000099981121,0.0,0.0
909,227.25,physics_sindy_mpc,0,24.534076690673828,571.5067138671875,57.531288146972656,19.83055305480957,504.8226623535156,400.0,0.19509032201612816,-0.9807852804032304,0.0,1.0,0.0,0.400000009998199,0.0,0.0
910,227.5,physics_sindy_mpc,0,24.508554458618164,573.2062377929688,57.006256103515625,20.030696868896484,490.9237976074219,400.0,0.130526192220052,-0.9914448613738104,0.0,1.0,0.0,0.40000000999839064,0.0,0.0
911,227.75,physics_sindy_mpc,0,24.485483169555664,575.1974487304688,56.50404357910156,20.2308406829834,477.0249328613281,400.0,0.06540312923014312,-0.9978589232386035,0.0,1.0,0.0,0.40000000999603047,0.0,0.0
912,228.0,physics_sindy_mpc,0,24.459230422973633,577.3036499023438,56.00054931640625,20.430984497070312,463.12603759765625,399.9999694824219,1.2246467991473532e-16,-1.0,0.0,1.0,0.0,0.40000000999644747,0.0,0.0
913,228.25,physics_sindy_mpc,0,24.54478645324707,584.2777709960938,55.80351638793945,20.680301666259766,448.7718811035156,400.0,-0.06540312923014287,-0.9978589232386035,0.0,1.0,0.0,0.4000000099988696,0.0,0.0
914,228.5,physics_sindy_mpc,0,24.694795608520508,595.0184326171875,55.855838775634766,20.95549964904785,434.17803955078125,400.0,-0.13052619222005177,-0.9914448613738104,0.0,1.0,0.0,0.4000000099972392,0.0,0.0
915,228.75,physics_sindy_mpc,0,24.848739624023438,607.3771362304688,56.002655029296875,21.230697631835938,419.584228515625,400.0,-0.19509032201612792,-0.9807852804032305,0.0,1.0,0.0,0.400000009997456,0.0,0.0
916,229.0,physics_sindy_mpc,0,24.999835968017578,621.1687622070312,56.22797393798828,21.505895614624023,404.99041748046875,400.0,-0.2588190451025208,-0.9659258262890683,0.0,1.0,0.0,0.40000000999749963,0.0,0.0
917,229.25,physics_sindy_mpc,0,24.5814151763916,612.7798461914062,55.91658020019531,21.040258407592773,402.74383544921875,400.0,-0.32143946530316153,-0.9469301294951057,0.0,1.0,0.0,0.4000000099988396,0.0,0.0
918,229.5,physics_sindy_mpc,0,23.81685447692871,592.177490234375,55.28313446044922,20.189647674560547,406.9134826660156,400.0000305175781,-0.38268343236508967,-0.9238795325112868,0.0,1.0,0.0,0.4000000099949041,0.0,0.0
919,229.75,physics_sindy_mpc,0,23.03038787841797,573.7142944335938,54.75544738769531,19.33903694152832,411.0831604003906,400.0,-0.44228869021900147,-0.8968727415326883,0.0,1.0,0.0,0.40000000998982055,0.0,0.0
920,230.0,physics_sindy_mpc,0,22.2499942779541,558.4152221679688,54.406436920166016,18.488426208496094,415.2528076171875,400.0,-0.4999999999999997,-0.8660254037844388,0.0,1.0,0.0,0.40000000995345303,0.0,0.0
921,230.25,physics_sindy_mpc,0,21.331531524658203,551.2822875976562,55.91460418701172,17.703954696655273,386.8120422363281,400.0,-0.555570233019602,-0.8314696123025455,0.0,1.0,0.0,0.3669624930531228,0.0,0.0
922,230.5,physics_sindy_mpc,0,20.49892807006836,558.1256103515625,59.0656623840332,16.953414916992188,341.6407165527344,400.0,-0.6087614290087207,-0.7933533402912352,0.0,1.0,0.02316481687868185,0.32248794687650656,0.0,0.0
923,230.75,physics_sindy_mpc,0,19.534873962402344,572.887451171875,64.78117370605469,16.2028751373291,296.4693603515625,400.0,-0.6593458151000688,-0.7518398074789774,0.0,1.0,0.0823082461697861,0.274622536648654,0.0,1.5843310773049498e-08
924,231.0,physics_sindy_mpc,0,18.594459533691406,595.7946166992188,71.34175109863281,15.452336311340332,251.2980194091797,400.0,-0.7071067811865471,-0.7071067811865479,0.0,1.0,0.15292745851584466,0.24471049718317048,0.0,0.1399574860121119
925,231.25,physics_sindy_mpc,0,17.92493438720703,626.968017578125,75.47471618652344,14.901078224182129,213.50746154785156,400.0,-0.7518398074789773,-0.6593458151000691,0.0,0.8816404084159339,0.22713894262969028,0.23543308425340284,0.0,0.37611891009351345
926,231.5,physics_sindy_mpc,0,17.373884201049805,640.10400390625,78.26567840576172,14.45075511932373,179.45523071289062,400.0,-0.7933533402912349,-0.6087614290087209,0.0,0.7417217906252002,0.30462542617588717,0.23204854567725042,0.0,0.646498164973543
927,231.75,physics_sindy_mpc,0,16.96697998046875,656.3002319335938,80.97498321533203,14.000431060791016,145.40298461914062,400.0,-0.8314696123025452,-0.5555702330196022,0.0,0.6225723691995179,0.39959936290067755,0.26302781276516846,0.0,0.9506885566391127
928,232.0,physics_sindy_mpc,0,17.669157028198242,815.0089111328125,86.87316131591797,13.550107955932617,111.35074615478516,400.0,-0.8660254037844385,-0.5000000000000004,0.19751455571216384,0.44573399160828453,0.5947914190735419,0.40000000947297815,0.0,0.7807175996691166
929,232.25,physics_sindy_mpc,0,16.003753662109375,616.9879150390625,82.59244537353516,13.266571044921875,89.8074951171875,400.0,-0.8968727415326883,-0.44228869021900136,0.10709076282034788,0.648760929495976,0.7534949551657931,0.3438716293760437,0.0,1.0
930,232.5,physics_sindy_mpc,0,17.503740310668945,868.8192749023438,84.59715270996094,13.066427230834961,74.51873016357422,400.0,-0.9238795325112868,-0.3826834323650895,0.0,0.2140297872475838,0.8552903750695344,0.3480674811688798,0.0,1.0
931,232.75,physics_sindy_mpc,0,17.74159049987793,900.2188110351562,88.51835632324219,12.866283416748047,59.2299690246582,400.0,-0.9469301294951056,-0.3214394653031618,0.26781927293368146,0.21439155710288024,0.9864182877495294,0.400000009861849,0.0,0.6901546156084946
932,233.0,physics_sindy_mpc,0,17.551727294921875,895.5709838867188,92.58638000488281,12.666138648986816,43.9410285949707,400.0000305175781,-0.9659258262890683,-0.25881904510252063,0.8910444798101681,0.26331897630630224,1.0,0.4000000098818456,0.0,0.15139708500963386
933,233.25,physics_sindy_mpc,0,18.108184814453125,926.8380126953125,92.04296875,12.499496459960938,36.09713363647461,400.0,-0.9807852804032303,-0.19509032201612866,0.8919593920448773,0.1801091751054137,1.0,0.4000000098601072,0.0,0.31091179613662495
934,233.5,physics_sindy_mpc,0,18.631166458129883,916.5853881835938,90.96810913085938,12.34938907623291,31.927471160888672,400.0,-0.9914448613738104,-0.13052619222005163,0.7130533244839867,0.18072392362969225,1.0,0.4000000099447197,0.0,0.4667245980677962
935,233.75,physics_sindy_mpc,0,19.008420944213867,905.8401489257812,90.31402587890625,12.199280738830566,27.757808685302734,400.0,-0.9978589232386035,-0.06540312923014273,0.5588836263998165,0.19749189301715556,1.0,0.40000000983740996,0.0,0.5640905206953148
936,234.0,physics_sindy_mpc,0,19.203832626342773,900.444091796875,90.14256286621094,12.049163818359375,23.588199615478516,399.9999694824219,-1.0,-1.8369701987210297e-16,0.49152008654679075,0.20690151656915842,1.0,0.4000000098366371,0.0,0.6053354844933123
937,234.25,physics_sindy_mpc,0,19.265281677246094,893.256103515625,90.00921630859375,11.983177185058594,18.483903884887695,400.0,-0.9978589232386036,0.06540312923014237,0.47399528582451533,0.21404054733805414,1.0,0.40000000982919776,0.0,0.6393274418919367
938,234.5,physics_sindy_mpc,0,19.250019073486328,885.3607177734375,89.66291046142578,11.958159446716309,12.924354553222656,400.0,-0.9914448613738105,0.13052619222005127,0.4595013471442609,0.21561461249340666,1.0,0.40000000993156526,0.0,0.708162595826848
939,234.75,physics_sindy_mpc,0,19.20686149597168,877.4860229492188,88.7973403930664,11.933141708374023,7.364805698394775,400.0,-0.9807852804032304,0.1950903220161283,0.3922082696611579,0.20841683961930363,1.0,0.4000000099155533,0.0,0.8635681788686808
940,235.0,physics_sindy_mpc,0,19.171010971069336,867.3319702148438,86.6744155883789,11.908127784729004,1.8041130304336548,400.0,-0.9659258262890684,0.2588190451025203,0.1811627519259819,0.19041111290535487,1.0,0.3607114482929587,0.0,1.0
941,235.25,physics_sindy_mpc,0,18.899343490600586,852.8642578125,86.39167022705078,11.74795150756836,0.0,400.0,-0.9469301294951057,0.3214394653031615,0.1803021623561222,0.1987587995231114,1.0,0.3465224515507218,0.0,1.0
942,235.5,physics_sindy_mpc,0,18.540714263916016,845.2620239257812,86.92849731445312,11.522789001464844,0.0,400.0,-0.923879532511287,0.38268343236508917,0.3188547384402326,0.20010370470616493,1.0,0.35643041556528066,0.0,1.0
943,235.75,physics_sindy_mpc,0,18.259151458740234,839.7914428710938,87.1106948852539,11.297627449035645,0.0,400.0,-0.8968727415326884,0.442288690219001,0.4414308903452277,0.1908844085640186,1.0,0.353688009271746,0.0,1.0
944,236.0,physics_sindy_mpc,0,18.108455657958984,831.8866577148438,86.8611831665039,11.072449684143066,0.0,400.0,-0.8660254037844386,0.5000000000000001,0.49410316039150587,0.18367574830065234,1.0,0.33756223608336444,0.0,1.0
945,236.25,physics_sindy_mpc,0,18.074676513671875,823.085693359375,86.43186950683594,10.898202896118164,0.0,400.0,-0.8314696123025455,0.5555702330196018,0.4874213098577271,0.18234494473459548,1.0,0.3192058067901969,0.0,1.0
946,236.5,physics_sindy_mpc,0,18.089021682739258,815.6663818359375,86.09864044189453,10.74809455871582,0.0,400.0,-0.7933533402912357,0.6087614290087199,0.4628866083119763,0.1848668953854502,1.0,0.306382004210373,0.0,1.0
947,236.75,physics_sindy_mpc,0,18.093399047851562,810.4869995117188,85.96692657470703,10.597987174987793,0.0,400.0,-0.7518398074789772,0.6593458151000691,0.45153100642382027,0.18789456993342726,1.0,0.3003392737771826,0.0,1.0
948,237.0,physics_sindy_mpc,0,18.075748443603516,807.0994873046875,85.9568099975586,10.447861671447754,0.0,400.0,-0.7071067811865477,0.7071067811865474,0.45581643908316044,0.18940236979143962,1.0,0.2979513122105605,0.0,1.0
949,237.25,physics_sindy_mpc,0,18.039533615112305,804.083984375,85.97407531738281,10.331847190856934,0.0,400.0,-0.6593458151000687,0.7518398074789775,0.46689753785453764,0.19072494226629672,1.0,0.2968606051222365,0.0,1.0
950,237.5,physics_sindy_mpc,0,17.997623443603516,801.1363525390625,85.95694732666016,10.231775283813477,0.0,399.9999694824219,-0.608761429008721,0.7933533402912349,0.4761746391569928,0.1915185855516265,1.0,0.29493983618480163,0.0,1.0
951,237.75,physics_sindy_mpc,0,17.956951141357422,798.1339111328125,85.91106414794922,10.13170337677002,0.0,400.0,-0.555570233019603,0.8314696123025447,0.4827292407253818,0.19211355234235575,1.0,0.2921056528014865,0.0,1.0
952,238.0,physics_sindy_mpc,0,17.917774200439453,795.09033203125,85.85770416259766,10.03166389465332,0.0,400.0,-0.5000000000000004,0.8660254037844384,0.49059951686955106,0.1922385042520699,1.0,0.28858060022455134,0.0,1.0
953,238.25,physics_sindy_mpc,0,17.881685256958008,792.8053588867188,85.78199768066406,9.846010208129883,0.0,400.0,-0.4422886902190014,0.8968727415326883,0.501286374751707,0.18865732180042694,1.0,0.28215315130454566,0.0,1.0
954,238.5,physics_sindy_mpc,0,17.85576629638672,790.4580688476562,85.683837890625,9.620848655700684,0.0,400.0,-0.38268343236508956,0.9238795325112868,0.5103277517017204,0.18421550202637021,1.0,0.274130581767688,0.0,1.0
955,238.75,physics_sindy_mpc,0,17.841243743896484,788.0199584960938,85.58692932128906,9.395686149597168,0.0,400.0,-0.32143946530316186,0.9469301294951056,0.5133162464568007,0.1808516628580286,1.0,0.2665886551701656,0.0,1.0
956,239.0,physics_sindy_mpc,0,17.833721160888672,786.0836791992188,85.5147933959961,9.170273780822754,0.0,400.0,-0.25881904510252157,0.9659258262890681,0.5056391538524974,0.17935630464276797,1.0,0.26136016319210853,0.0,1.0
957,239.25,physics_sindy_mpc,0,17.816261291503906,783.464599609375,85.4859390258789,9.117181777954102,0.0,400.0,-0.19509032201612872,0.9807852804032303,0.4882410886335344,0.1846745175122821,1.0,0.2619872809972388,0.0,1.0
958,239.5,physics_sindy_mpc,0,17.774261474609375,781.8131103515625,85.51476287841797,9.142199516296387,0.0,400.0,-0.13052619222005168,0.9914448613738104,0.472152087701657,0.19100772869851299,1.0,0.2661339212897546,0.0,1.0
959,239.75,physics_sindy_mpc,0,17.709686279296875,781.3255004882812,85.58734130859375,9.167218208312988,0.0,400.0,-0.0654031292301428,0.9978589232386035,0.45647119100715333,0.1950194564517318,1.0,0.27183047315968606,0.0,1.0
960,240.0,physics_sindy_mpc,0,17.62833595275879,781.0501098632812,85.69413757324219,9.192214012145996,0.0,400.0,0.0,1.0,0.44490653331980873,0.1991176947139293,1.0,0.27877833319765755,0.0,1.0
961,240.25,physics_sindy_mpc,0,17.568235397338867,782.2586669921875,85.80813598632812,9.269015312194824,0.0,400.0000305175781,0.06540312923014306,0.9978589232386035,0.4293549154579419,0.20229004036280218,1.0,0.2874987627337705,0.0,1.0
962,240.5,physics_sindy_mpc,0,17.521629333496094,784.680908203125,85.97343444824219,9.369087219238281,0.0,400.0,0.13052619222005157,0.9914448613738104,0.41641285119488103,0.20532108323321732,1.0,0.29863721400719806,0.0,1.0
963,240.75,physics_sindy_mpc,0,17.474925994873047,787.8936157226562,86.1834945678711,9.469159126281738,0.0,400.0,0.19509032201612825,0.9807852804032304,0.41113369455273246,0.20791841032775615,1.0,0.3111624425775355,0.0,1.0
964,241.0,physics_sindy_mpc,0,17.43050765991211,791.5584716796875,86.39640808105469,9.569339752197266,0.0,400.0,0.25881904510252074,0.9659258262890683,0.4111196307040029,0.20935732324423165,1.0,0.32336273672322546,0.0,1.0
965,241.25,physics_sindy_mpc,0,17.387250900268555,795.3496704101562,86.57957458496094,9.617325782775879,0.0,400.0,0.3214394653031616,0.9469301294951057,0.4138198485258461,0.2088494789984039,1.0,0.33311737151506604,0.0,1.0
966,241.5,physics_sindy_mpc,0,17.350309371948242,798.7078857421875,86.7232666015625,9.642343521118164,0.0,400.0,0.3826834323650898,0.9238795325112867,0.41519611015927,0.20809567686343325,1.0,0.3408818713124355,0.0,1.0
967,241.75,physics_sindy_mpc,0,17.322580337524414,801.7227172851562,86.84098815917969,9.66736125946045,0.0,400.0,0.44228869021900125,0.8968727415326884,0.4141407093034027,0.20790327223096458,1.0,0.34772433952330384,0.0,1.0
968,242.0,physics_sindy_mpc,0,17.301834106445312,804.7105102539062,86.9505844116211,9.692435264587402,0.0,400.0,0.49999999999999994,0.8660254037844387,0.4120759444934038,0.20794307006926355,1.0,0.35419964691508593,0.0,1.0
969,242.25,physics_sindy_mpc,0,17.272335052490234,807.1788330078125,87.05103302001953,9.699999809265137,0.0,400.0,0.5555702330196022,0.8314696123025452,0.41246691535005214,0.20831651848088792,1.0,0.3597788553362601,0.0,1.0
970,242.5,physics_sindy_mpc,0,17.23723030090332,809.2059936523438,87.1277847290039,9.699999809265137,0.0,400.0,0.6087614290087207,0.7933533402912352,0.413758901372647,0.20865183472298673,1.0,0.36405752509454364,0.0,1.0
971,242.75,physics_sindy_mpc,0,17.203323364257812,810.9383544921875,87.18115234375,9.699999809265137,0.0,400.0,0.6593458151000688,0.7518398074789774,0.41552188140804247,0.20903457261551076,1.0,0.3671453811970789,0.0,1.0
972,243.0,physics_sindy_mpc,0,17.1727294921875,812.50146484375,87.21973419189453,9.699999809265137,0.0,400.0,0.7071067811865476,0.7071067811865476,0.41895559316970143,0.20961761381183158,1.0,0.36932312907109727,0.0,1.0
973,243.25,physics_sindy_mpc,0,17.144323348999023,813.8845825195312,87.26029205322266,9.665060997009277,0.970524787902832,400.0,0.7518398074789774,0.6593458151000688,0.42370358142938136,0.2108442768179298,1.0,0.37153168509619294,0.0,1.0
974,243.5,physics_sindy_mpc,0,17.120779037475586,815.2609252929688,87.29137420654297,9.615025520324707,2.360412120819092,400.0,0.7933533402912352,0.6087614290087207,0.4231211418304782,0.21201953216873692,1.0,0.3738142175441143,0.0,1.0
975,243.75,physics_sindy_mpc,0,17.099395751953125,816.5859985351562,87.32298278808594,9.56498908996582,3.7502994537353516,400.0,0.8314696123025451,0.5555702330196024,0.4121056830943583,0.21306202986343492,1.0,0.3769713029456193,0.0,1.0
976,244.0,physics_sindy_mpc,0,17.072267532348633,817.776123046875,87.38191223144531,9.514795303344727,5.136499404907227,400.0,0.8660254037844386,0.5000000000000001,0.3921556190249416,0.21882674285250955,1.0,0.3846533230658753,0.0,1.0
977,244.25,physics_sindy_mpc,0,17.169498443603516,822.2755126953125,87.57576751708984,9.710495948791504,16.762521743774414,400.0,0.8968727415326884,0.44228869021900125,0.3642509709735403,0.22830830259408327,1.0,0.40000000978866407,0.0,0.999999997536651
978,244.5,physics_sindy_mpc,0,17.360445022583008,830.7107543945312,87.9820327758789,10.010711669921875,32.7462272644043,400.0,0.9238795325112867,0.38268343236508984,0.31805743692333316,0.2451467301967655,1.0,0.40000000993769935,0.0,0.8300084562946431
979,244.75,physics_sindy_mpc,0,17.46807861328125,843.2426147460938,91.41358947753906,10.310927391052246,48.72993087768555,400.0,0.9469301294951056,0.3214394653031617,0.6183633665683055,0.31468498626769,1.0,0.40000000985203904,0.0,0.19499945346486136
980,245.0,physics_sindy_mpc,0,18.221508026123047,869.5887451171875,91.30414581298828,10.611058235168457,64.6878433227539,400.0,0.9659258262890683,0.25881904510252074,0.4841089513714379,0.3052340949896011,1.0,0.4000000097866699,0.0,0.10043081520589345
981,245.25,physics_sindy_mpc,0,19.106204986572266,876.460205078125,91.12747192382812,10.946585655212402,98.3105697631836,400.0,0.9807852804032304,0.19509032201612833,0.21583734526717327,0.34837555541161447,0.9694075708298204,0.4000000099406029,0.0,0.0
982,245.5,physics_sindy_mpc,0,19.284460067749023,811.4468994140625,90.9870834350586,11.296836853027344,139.31224060058594,400.0,0.9914448613738104,0.1305261922200517,0.09253662820726209,0.5014685015073657,0.8727978025108614,0.40000000998059637,0.0,0.0
983,245.75,physics_sindy_mpc,0,17.616283416748047,640.5098266601562,89.09002685546875,11.647088050842285,180.3139190673828,400.0,0.9978589232386035,0.06540312923014327,0.2759099075510575,0.7865625559323828,0.7673408531735558,0.4000000099806177,0.0,0.0
984,246.0,physics_sindy_mpc,0,16.937942504882812,601.3274536132812,86.1939697265625,11.998819351196289,221.42237854003906,400.0,1.0,6.123233995736766e-17,0.07540793105162816,0.8857178675913112,0.6877709742733091,0.40000000982782913,0.0,0.0
985,246.25,physics_sindy_mpc,0,16.61701202392578,592.423828125,85.18518829345703,12.064629554748535,240.21087646484375,400.0,0.9978589232386035,-0.06540312923014314,0.0,0.9126472911930096,0.615676167836004,0.40000000676670666,0.0,0.01046752684941523
986,246.5,physics_sindy_mpc,0,16.33034896850586,584.151611328125,84.89291381835938,12.014594078063965,249.94009399414062,400.0000305175781,0.9914448613738104,-0.1305261922200516,0.0,0.9245550033592684,0.5401089498384327,0.40000000817547443,0.0,0.03845772648082109
987,246.75,physics_sindy_mpc,0,16.11582374572754,576.4833374023438,84.60310363769531,11.964557647705078,259.6693115234375,400.0,0.9807852804032304,-0.1950903220161282,0.0,0.9364168416311306,0.4589046032479462,0.4000000087176829,0.0,0.06864203654122812
988,247.0,physics_sindy_mpc,0,15.959817886352539,570.5701293945312,84.25360870361328,11.914281845092773,269.3639831542969,400.0,0.9659258262890683,-0.25881904510252063,0.0,0.9583190163186042,0.3690772063771939,0.40000000898685023,0.0,0.10154600218297094
989,247.25,physics_sindy_mpc,0,16.35111427307129,565.522705078125,82.92908477783203,12.184112548828125,318.094482421875,400.0,0.9469301294951057,-0.3214394653031616,0.0,1.0,0.26529745871414157,0.38537550152442573,0.0,0.18479269903079548
990,247.5,physics_sindy_mpc,0,17.107166290283203,569.1736450195312,80.98284912109375,12.584400177001953,382.7242736816406,399.9999694824219,0.9238795325112868,-0.3826834323650895,0.0,1.0,0.2012622844421484,0.3568413392507072,0.0,0.012776976540774632
991,247.75,physics_sindy_mpc,0,18.169328689575195,566.7442016601562,78.87567901611328,12.984686851501465,447.3540344238281,400.0,0.8968727415326884,-0.44228869021900113,0.0,1.0,0.15111936887256644,0.3414993838654091,0.0,0.0
992,248.0,physics_sindy_mpc,0,19.29085350036621,565.0696411132812,75.53800964355469,13.385823249816895,512.1233520507812,399.9999694824219,0.8660254037844387,-0.4999999999999998,0.0,1.0,0.10922828733304533,0.32813048550340285,0.0,0.0
993,248.25,physics_sindy_mpc,0,20.17439079284668,565.3375854492188,72.63912200927734,13.624802589416504,550.3654174804688,400.0,0.8314696123025451,-0.5555702330196023,0.0,1.0,0.07110804093070888,0.31316387608343144,0.0,0.0
994,248.5,physics_sindy_mpc,0,20.797582626342773,567.6278076171875,72.01815795898438,13.799927711486816,578.1632080078125,400.0,0.7933533402912352,-0.6087614290087207,0.0,1.0,0.04060278497052218,0.30317915203146223,0.0,0.0
995,248.75,physics_sindy_mpc,0,21.361642837524414,569.0097045898438,71.70545196533203,13.975053787231445,605.9609375,400.0,0.7518398074789774,-0.6593458151000688,0.0,1.0,0.01298405326232388,0.2931850692697087,0.0,0.0
996,249.0,physics_sindy_mpc,0,21.938552856445312,570.5794067382812,71.41070556640625,14.151240348815918,633.8352661132812,400.0,0.7071067811865476,-0.7071067811865475,0.0,1.0,0.0,0.29041923389750823,0.0,0.0
997,249.25,physics_sindy_mpc,0,22.16187286376953,566.8701782226562,70.95829772949219,14.182099342346191,649.1253051757812,400.0000305175781,0.659345815100069,-0.7518398074789773,0.0,1.0,0.0,0.287580206341572,0.0,0.0
998,249.5,physics_sindy_mpc,0,22.240562438964844,562.2058715820312,70.37271881103516,14.157081604003906,659.5494995117188,400.0,0.6087614290087209,-0.793353340291235,0.0,1.0,0.0,0.28285615718101537,0.0,0.0
999,249.75,physics_sindy_mpc,0,22.329524993896484,558.5540771484375,69.77120208740234,14.132062911987305,669.9736328125,400.0,0.5555702330196025,-0.831469612302545,0.0,1.0,0.0,0.2780029394145743,0.0,0.0
1000,250.0,physics_sindy_mpc,0,22.41974639892578,555.3361206054688,69.18575286865234,14.10704517364502,680.3715209960938,400.0,0.49999999999999994,-0.8660254037844387,0.0,1.0,0.0,0.2703955131925972,0.0,0.0
1001,250.25,physics_sindy_mpc,0,22.560932159423828,552.9323120117188,68.94845581054688,14.082027435302734,699.8082885742188,399.9999694824219,0.4422886902190017,-0.8968727415326881,0.0,1.0,0.0,0.26157311978304815,0.0,0.0
1002,250.5,physics_sindy_mpc,0,22.734140396118164,551.1791381835938,68.88874816894531,14.05700969696045,722.741455078125,400.0,0.3826834323650899,-0.9238795325112867,0.0,1.0,0.0,0.25229928569751114,0.0,0.0
1003,250.75,physics_sindy_mpc,0,22.925657272338867,549.9661865234375,68.86215209960938,14.031991004943848,745.674560546875,400.0,0.32143946530316175,-0.9469301294951056,0.0,1.0,0.0,0.24361830637562853,0.0,0.0
1004,251.0,physics_sindy_mpc,0,23.118446350097656,548.8032836914062,68.84241485595703,14.006787300109863,768.7779541015625,400.0,0.258819045102521,-0.9659258262890682,0.0,1.0,0.0,0.24440774178937144,0.0,0.0
1005,251.25,physics_sindy_mpc,0,23.183090209960938,547.7386474609375,68.5860366821289,14.16240119934082,763.4714965820312,400.0,0.19509032201612816,-0.9807852804032304,0.0,1.0,0.0,0.25236092333748733,0.0,0.0
1006,251.5,physics_sindy_mpc,0,23.129026412963867,545.1793212890625,68.13005065917969,14.38756275177002,747.48779296875,400.0,0.130526192220052,-0.9914448613738104,0.0,1.0,0.0,0.26205709750344486,0.0,0.0
1007,251.75,physics_sindy_mpc,0,23.043731689453125,541.970703125,67.61595153808594,14.612724304199219,731.5040893554688,399.9999694824219,0.06540312923014312,-0.9978589232386035,0.0,1.0,0.0,0.2717542356321897,0.0,0.0
1008,252.0,physics_sindy_mpc,0,22.96306037902832,538.9558715820312,67.10304260253906,14.839719772338867,715.4691162109375,400.0,1.2246467991473532e-16,-1.0,0.0,1.0,0.0,0.27956455217127396,0.0,0.0
1009,252.25,physics_sindy_mpc,0,22.619394302368164,533.8648071289062,66.87171173095703,14.809417724609375,706.0787353515625,400.0,-0.06540312923014287,-0.9978589232386035,0.0,1.0,0.0,0.2785906355467118,0.0,0.0
1010,252.5,physics_sindy_mpc,0,22.28127670288086,530.9955444335938,66.80619049072266,14.684328079223633,699.1293334960938,400.0,-0.13052619222005177,-0.9914448613738104,0.0,1.0,0.0,0.276467904948282,0.0,0.0
1011,252.75,physics_sindy_mpc,0,21.967031478881836,528.8311767578125,66.75236511230469,14.55923843383789,692.1798706054688,400.0,-0.19509032201612792,-0.9807852804032305,0.0,1.0,0.0,0.2763202565635654,0.0,0.0
1012,253.0,physics_sindy_mpc,0,21.63693618774414,526.130126953125,66.66988372802734,14.434024810791016,685.2670288085938,400.0,-0.2588190451025208,-0.9659258262890683,0.0,1.0,0.0,0.28159175416053733,0.0,0.0
1013,253.25,physics_sindy_mpc,0,21.3723201751709,526.524169921875,66.7916259765625,14.32724666595459,663.6292724609375,400.0,-0.32143946530316153,-0.9469301294951057,0.0,1.0,3.2918365152795293e-07,0.28696482729978123,0.0,0.0
1014,253.5,physics_sindy_mpc,0,21.150583267211914,529.0198364257812,67.05704498291016,14.227174758911133,636.5264892578125,400.0,-0.38268343236508967,-0.9238795325112868,0.0,1.0,0.0024658217432729492,0.29192791609928415,0.0,0.0
1015,253.75,physics_sindy_mpc,0,20.93169593811035,532.0189208984375,67.35770416259766,14.127102851867676,609.4237060546875,400.0,-0.44228869021900147,-0.8968727415326883,0.0,1.0,0.005307293868036108,0.29629277926101805,0.0,0.0
1016,254.0,physics_sindy_mpc,0,20.716947555541992,535.5067138671875,67.6832046508789,14.027030944824219,582.3395385742188,400.0,-0.4999999999999997,-0.8660254037844388,0.0,1.0,0.007450758525282567,0.2998254099488278,0.0,0.0
1017,254.25,physics_sindy_mpc,0,20.395998001098633,537.0571899414062,68.28575897216797,13.926959037780762,552.1746826171875,400.0,-0.555570233019602,-0.8314696123025455,0.0,1.0,0.011080519134418253,0.29972216694513765,0.0,0.0
1018,254.5,physics_sindy_mpc,0,20.06206703186035,539.0099487304688,69.04312896728516,13.826887130737305,520.9022216796875,400.0,-0.6087614290087207,-0.7933533402912352,0.0,1.0,0.028539551067819285,0.3011366772135175,0.0,0.0
1019,254.75,physics_sindy_mpc,0,19.70890235900879,540.845703125,69.83108520507812,13.726815223693848,489.6297607421875,400.0,-0.6593458151000688,-0.7518398074789774,0.0,1.0,0.07579551560740688,0.3067982819421258,0.0,0.0
1020,255.0,physics_sindy_mpc,0,19.209157943725586,542.0069580078125,71.86083984375,13.626593589782715,458.3985290527344,399.9999694824219,-0.7071067811865471,-0.7071067811865479,0.0,1.0,0.14534556156682912,0.3130353612091305,0.0,0.0
1021,255.25,physics_sindy_mpc,0,18.68480110168457,546.9957275390625,74.21568298339844,13.545003890991211,420.46490478515625,400.0,-0.7518398074789773,-0.6593458151000691,0.0,1.0,0.22359700430213703,0.31254101026503867,0.0,0.007101714757911768
1022,255.5,physics_sindy_mpc,0,18.24180030822754,557.11865234375,76.27140045166016,13.469949722290039,380.1581726074219,400.0,-0.7933533402912349,-0.6087614290087209,0.0,1.0,0.30281682414142463,0.31587717468232174,0.0,0.08763244665851141
1023,255.75,physics_sindy_mpc,0,17.75526237487793,569.4119873046875,78.03563690185547,13.394895553588867,339.8514404296875,400.0,-0.8314696123025452,-0.5555702330196022,0.0,1.0,0.3811668524058528,0.31765142369420113,0.0,0.19566042255699273
1024,256.0,physics_sindy_mpc,0,17.292882919311523,584.885498046875,79.51123809814453,13.320324897766113,299.51556396484375,400.0,-0.8660254037844385,-0.5000000000000004,0.0,0.9722290884385579,0.45760617653070945,0.3323716064160576,0.0,0.38417309334945776
1025,256.25,physics_sindy_mpc,0,16.649900436401367,590.6030883789062,80.64994049072266,13.097556114196777,262.8165283203125,400.0,-0.8968727415326883,-0.44228869021900136,0.0,0.8558776987661556,0.534989532725196,0.34137451984567924,0.0,0.6666340019272057
1026,256.5,physics_sindy_mpc,0,16.263023376464844,605.3143310546875,82.19498443603516,12.822358131408691,227.3743896484375,400.0,-0.9238795325112868,-0.3826834323650895,0.0,0.7710487893760596,0.6229114281757037,0.3842153624317894,0.0,0.7967789285223131
1027,256.75,physics_sindy_mpc,0,15.999287605285645,628.1331176757812,83.85505676269531,12.547160148620605,191.93226623535156,400.0,-0.9469301294951056,-0.3214394653031618,0.13195371274049814,0.722142135768502,0.7488043479559277,0.4000000098939792,0.0,0.7275048657366183
1028,257.0,physics_sindy_mpc,0,15.259801864624023,597.3873901367188,84.0728530883789,12.271803855895996,156.4536895751953,400.0,-0.9659258262890683,-0.25881904510252063,0.37355167590254856,0.7230239215740494,0.8902490059827848,0.40000000970844307,0.0,0.8793207579057188
1029,257.25,physics_sindy_mpc,0,15.702211380004883,691.4036865234375,86.08869934082031,12.015240669250488,125.15376281738281,400.0,-0.9807852804032303,-0.19509032201612866,0.6161589508351819,0.5603583880189769,0.9889424817206782,0.400000009799734,0.0,0.8420393109735291
1030,257.5,physics_sindy_mpc,0,17.03347396850586,867.1524047851562,90.02552795410156,11.765061378479004,95.27118682861328,400.0,-0.9914448613738104,-0.13052619222005163,0.8917764902116059,0.28322883252748765,1.0,0.4000000098830736,0.0,0.5236294257144556
1031,257.75,physics_sindy_mpc,0,17.887462615966797,900.53369140625,90.56080627441406,11.514881134033203,65.38861083984375,400.0,-0.9978589232386035,-0.06540312923014273,0.9278476900732903,0.18737737874697355,1.0,0.40000000983648015,0.0,0.5721834122342088
1032,258.0,physics_sindy_mpc,0,18.275236129760742,885.1641235351562,89.89341735839844,11.264531135559082,35.2654914855957,400.0,-1.0,-1.8369701987210297e-16,0.8606363172131557,0.17623831832605472,1.0,0.4000000097579377,0.0,0.7618547976763159
1033,258.25,physics_sindy_mpc,0,18.52440071105957,867.1693115234375,88.83716583251953,11.033069610595703,22.625608444213867,400.0,-0.9978589232386036,0.06540312923014237,0.7303134589523332,0.18302199916875306,1.0,0.4000000096654915,0.0,0.9530989520280827
1034,258.5,physics_sindy_mpc,0,18.781538009643555,854.2196655273438,85.97830963134766,10.807908058166504,15.676172256469727,400.0,-0.9914448613738105,0.13052619222005127,0.4038760034159705,0.15770917608738452,1.0,0.3171549704757797,0.0,1.0
1035,258.75,physics_sindy_mpc,0,18.80417251586914,835.7339477539062,84.2820816040039,10.582746505737305,8.72673511505127,400.0,-0.9807852804032304,0.1950903220161283,0.18840754999829695,0.15306101573718722,1.0,0.2577550769939817,0.0,1.0
1036,259.0,physics_sindy_mpc,0,18.489242553710938,822.4989624023438,84.82174682617188,10.357196807861328,1.6814663410186768,400.0,-0.9659258262890684,0.2588190451025203,0.2569637619583067,0.16714506667853318,1.0,0.25919169350207544,0.0,1.0
1037,259.25,physics_sindy_mpc,0,18.125940322875977,818.4515380859375,85.42000579833984,10.169662475585938,0.0,400.0,-0.9469301294951057,0.3214394653031615,0.40665401421221253,0.16200637165818702,1.0,0.26463211827576605,0.0,1.0
1038,259.5,physics_sindy_mpc,0,17.88215446472168,813.9064331054688,85.47319793701172,9.994536399841309,0.0,400.0,-0.923879532511287,0.38268343236508917,0.5059772190748674,0.15107932254738737,1.0,0.2555863688390845,0.0,1.0
1039,259.75,physics_sindy_mpc,0,17.772245407104492,806.9677124023438,85.16702270507812,9.81941032409668,0.0,400.0,-0.8968727415326884,0.442288690219001,0.5354182741037515,0.14407708858015697,1.0,0.23880305732438029,0.0,1.0
1040,260.0,physics_sindy_mpc,0,17.739099502563477,799.5682373046875,84.81168365478516,9.641716003417969,0.0,400.0,-0.8660254037844386,0.5000000000000001,0.5241559559897941,0.143266785599374,1.0,0.22421608162463186,0.0,1.0
1041,260.25,physics_sindy_mpc,0,17.801753997802734,794.9586181640625,84.58106231689453,9.600000381469727,0.0,400.0,-0.8314696123025455,0.5555702330196018,0.4888155009612673,0.14764569068472783,1.0,0.21940055732083308,0.0,1.0
1042,260.5,physics_sindy_mpc,0,17.895633697509766,793.9366455078125,84.61247253417969,9.600000381469727,0.0,400.0,-0.7933533402912357,0.6087614290087199,0.46145573401103446,0.15367846298960816,1.0,0.2243884070913,0.0,1.0
1043,260.75,physics_sindy_mpc,0,17.975597381591797,795.0773315429688,84.84512329101562,9.600000381469727,0.0,400.0,-0.7518398074789772,0.6593458151000691,0.45664890645100326,0.15921206540097063,1.0,0.2350396803163632,0.0,1.0
1044,261.0,physics_sindy_mpc,0,18.0579833984375,794.4917602539062,85.03166961669922,9.600000381469727,0.0,400.0,-0.7071067811865477,0.7071067811865474,0.4589677080599588,0.16600090042030113,1.0,0.24405501849141767,0.0,1.0
1045,261.25,physics_sindy_mpc,0,18.02155113220215,790.9568481445312,85.3397445678711,9.43112850189209,0.0,400.0,-0.6593458151000687,0.7518398074789775,0.5040210341819165,0.17310966745707645,1.0,0.250563567778915,0.0,1.0
1046,261.5,physics_sindy_mpc,0,17.93720245361328,788.3069458007812,85.39382934570312,9.20596694946289,0.0,400.0,-0.608761429008721,0.7933533402912349,0.5463582338600451,0.16944646435783847,1.0,0.24616418734995724,0.0,1.0
1047,261.75,physics_sindy_mpc,0,17.87738609313965,784.76513671875,85.14241027832031,8.980805397033691,0.0,400.0,-0.555570233019603,0.8314696123025447,0.555499455302239,0.16175684971856963,1.0,0.2325831645816788,0.0,1.0
1048,262.0,physics_sindy_mpc,0,17.832077026367188,780.2255249023438,84.82609558105469,8.755180358886719,0.0,400.0,-0.5000000000000004,0.8660254037844384,0.5465292342214578,0.1562404954641913,1.0,0.21786778122491454,0.0,1.0
1049,262.25,physics_sindy_mpc,0,17.764638900756836,775.467041015625,84.55069732666016,8.56815242767334,0.0,400.0,-0.4422886902190014,0.8968727415326883,0.537177273718168,0.1529513179447126,1.0,0.205080017618616,0.0,1.0
1050,262.5,physics_sindy_mpc,0,17.66420555114746,771.2664184570312,84.31491088867188,8.393026351928711,0.0,400.0,-0.38268343236508956,0.9238795325112868,0.5347317139436621,0.14880394817157955,1.0,0.192990921736056,0.0,1.0
1051,262.75,physics_sindy_mpc,0,17.536283493041992,767.32373046875,84.08547973632812,8.217901229858398,0.0,400.0,-0.32143946530316186,0.9469301294951056,0.5373880105633045,0.14330857713293105,1.0,0.18032658668768772,0.0,1.0
1052,263.0,physics_sindy_mpc,0,17.38774299621582,763.2852783203125,83.83629608154297,8.041558265686035,0.0,400.0,-0.25881904510252157,0.9659258262890681,0.5397132080762751,0.13744997395082134,1.0,0.16688400190360214,0.0,1.0
1053,263.25,physics_sindy_mpc,0,17.290756225585938,759.4390258789062,83.6077880859375,7.9432783126831055,0.0,400.0,-0.19509032201612872,0.9807852804032303,0.5321705045327295,0.13526808158295853,1.0,0.15715474518714873,0.0,1.0
1054,263.5,physics_sindy_mpc,0,17.225574493408203,756.738525390625,83.49557495117188,7.868224143981934,0.0,400.0,-0.13052619222005168,0.9914448613738104,0.5262746654149494,0.13554090659175683,1.0,0.1522817450100153,0.0,1.0
1055,263.75,physics_sindy_mpc,0,17.164592742919922,755.2457275390625,83.47784423828125,7.79317045211792,0.0,400.0,-0.0654031292301428,0.9978589232386035,0.5277104376485279,0.13595520025088018,1.0,0.15023992456870366,0.0,1.0
1056,264.0,physics_sindy_mpc,0,17.104103088378906,754.39599609375,83.48783874511719,7.717841625213623,0.0,400.0,0.0,1.0,0.5321933833057473,0.1359402301017759,1.0,0.1490691471814239,0.0,1.0
1057,264.25,physics_sindy_mpc,0,17.100440979003906,753.7374877929688,83.50394439697266,7.662041664123535,0.0,400.0,0.06540312923014306,0.9978589232386035,0.528862683481938,0.13833338313826216,1.0,0.15014342884150203,0.0,1.0
1058,264.5,physics_sindy_mpc,0,17.132919311523438,753.5969848632812,83.60441589355469,7.612005710601807,0.0,400.0,0.13052619222005157,0.9914448613738104,0.5259757332102475,0.14356963107449155,1.0,0.15486671993708562,0.0,1.0
1059,264.75,physics_sindy_mpc,0,17.171772003173828,754.32080078125,83.77685546875,7.561969757080078,0.0,400.0000305175781,0.19509032201612825,0.9807852804032304,0.5309087444918589,0.14911308646626015,1.0,0.16171370567120194,0.0,1.0
1060,265.0,physics_sindy_mpc,0,17.212244033813477,755.5372924804688,83.95288848876953,7.51263952255249,0.0,400.0,0.25881904510252074,0.9659258262890683,0.545199513600178,0.152152707612165,1.0,0.16741715244881045,0.0,1.0
1061,265.25,physics_sindy_mpc,0,17.135536193847656,756.2207641601562,84.02473449707031,7.252336502075195,0.0,400.0,0.3214394653031616,0.9469301294951057,0.5810825621353014,0.14526673644893226,1.0,0.16182320263309175,0.0,1.0
1062,265.5,physics_sindy_mpc,0,17.007892608642578,754.3410034179688,83.7797622680664,6.927102565765381,0.0,400.0000305175781,0.3826834323650898,0.9238795325112867,0.6047861227495017,0.13259525333787853,1.0,0.14365603789591921,0.0,1.0
1063,265.75,physics_sindy_mpc,0,16.883769989013672,750.127197265625,83.34050750732422,6.601869106292725,0.0,400.0,0.44228869021900125,0.8968727415326884,0.6045484764358963,0.12053285202772579,1.0,0.12045799823976111,0.0,1.0
1064,266.0,physics_sindy_mpc,0,16.75385093688965,745.5460205078125,82.88488006591797,6.270074367523193,0.0,400.0,0.49999999999999994,0.8660254037844387,0.5849303762896064,0.11210035021847281,1.0,0.09958001309934808,0.0,1.0
1065,266.25,physics_sindy_mpc,0,16.75693702697754,742.9434814453125,82.57667541503906,6.352983474731445,0.0,400.0,0.5555702330196022,0.8314696123025452,0.5338281302476265,0.1165608106457477,1.0,0.09643910903677513,0.0,1.0
1066,266.5,physics_sindy_mpc,0,16.797643661499023,743.3568725585938,82.66173553466797,6.553127288818359,0.0,400.0,0.6087614290087207,0.7933533402912352,0.4981303220251783,0.12934076766931832,1.0,0.10794918381159405,0.0,1.0
1067,266.75,physics_sindy_mpc,0,16.803752899169922,746.0367431640625,83.04286193847656,6.753271102905273,0.0,400.0,0.6593458151000688,0.7518398074789774,0.49895744500403627,0.14347006589847422,1.0,0.12598122000227166,0.0,1.0
1068,267.0,physics_sindy_mpc,0,16.79495620727539,750.103759765625,83.44921112060547,6.9576416015625,0.0,400.0,0.7071067811865476,0.7071067811865476,0.5172675302981696,0.1531990713021772,1.0,0.14322043343665924,0.0,1.0
1069,267.25,physics_sindy_mpc,0,16.72941780090332,754.6392822265625,83.74549102783203,6.904026031494141,2.132758140563965,400.0,0.7518398074789774,0.6593458151000688,0.5425879123757932,0.15323579824814557,1.0,0.15219646771198447,0.0,1.0
1070,267.5,physics_sindy_mpc,0,16.65536117553711,757.5253295898438,83.80867004394531,6.77893590927124,4.912532806396484,400.0,0.7933533402912352,0.6087614290087207,0.5439085531274015,0.14887452933888423,1.0,0.15384000285441443,0.0,1.0
1071,267.75,physics_sindy_mpc,0,16.58913230895996,758.437744140625,83.77508544921875,6.653846263885498,7.692307472229004,400.0,0.8314696123025451,0.5555702330196024,0.5077679153858197,0.1463275586868334,1.0,0.155603916015732,0.0,1.0
1072,268.0,physics_sindy_mpc,0,16.49749755859375,758.35888671875,83.81977081298828,6.52599573135376,10.42331600189209,400.0,0.8660254037844386,0.5000000000000001,0.44391773302925286,0.1577846700824273,1.0,0.16801374702021316,0.0,1.0
1073,268.25,physics_sindy_mpc,0,16.68589210510254,763.705078125,84.41301727294922,7.17433500289917,29.842639923095703,400.0,0.8968727415326884,0.44228869021900125,0.3479048057104628,0.20212747993075728,1.0,0.22889703688344124,0.0,1.0
1074,268.5,physics_sindy_mpc,0,17.00197410583496,781.7859497070312,85.66507720947266,8.04996395111084,54.16566848754883,400.0,0.9238795325112867,0.38268343236508984,0.26673771184901585,0.2521665098541478,1.0,0.3283209889812803,0.0,1.0
1075,268.75,physics_sindy_mpc,0,17.332319259643555,811.5570068359375,87.1340103149414,8.925593376159668,78.48870086669922,400.0,0.9469301294951056,0.3214394653031617,0.2229144479681184,0.2853761408988972,0.9927844817550001,0.40000000984249073,0.0,0.8610624406268756
1076,269.0,physics_sindy_mpc,0,17.573047637939453,836.7009887695312,91.02047729492188,9.808732986450195,102.69216918945312,400.0000305175781,0.9659258262890683,0.25881904510252074,0.4892370344465725,0.365142779128954,1.0,0.4000000099485242,0.0,0.062397584119630124
1077,269.25,physics_sindy_mpc,0,18.8481388092041,870.1827392578125,90.92866516113281,10.309417724609375,137.34124755859375,400.0,0.9807852804032304,0.19509032201612833,0.26034791010570696,0.36486086278184043,0.9233073227122168,0.40000000987844064,0.0,0.0
1078,269.5,physics_sindy_mpc,0,18.174882888793945,727.5777587890625,90.68914794921875,10.709705352783203,174.86819458007812,400.0,0.9914448613738104,0.1305261922200517,0.3872280367283742,0.6234935530644043,0.7885387360916168,0.4000000099522252,0.0,0.0
1079,269.75,physics_sindy_mpc,0,17.293792724609375,653.6778564453125,89.05150604248047,11.109992980957031,212.39515686035156,400.0,0.9978589232386035,0.06540312923014327,0.3916896453785136,0.7727837407468412,0.6505815203462719,0.40000000993819695,0.0,0.0
1080,270.0,physics_sindy_mpc,0,17.34036636352539,643.7809448242188,87.56159210205078,11.508557319641113,249.86734008789062,400.0,1.0,6.123233995736766e-17,0.1706722240003487,0.8431508871956657,0.5113837951534457,0.4000000099171952,0.0,0.0
1081,270.25,physics_sindy_mpc,0,17.93318748474121,650.2649536132812,86.27694702148438,12.046441078186035,291.22332763671875,400.0,0.9978589232386035,-0.06540312923014314,0.0,0.9177171125423011,0.3811514430050811,0.4000000096543101,0.0,0.0
1082,270.5,physics_sindy_mpc,0,18.739286422729492,667.5224609375,85.013671875,12.621854782104492,333.6148986816406,400.0,0.9914448613738104,-0.1305261922200516,0.0,0.9961282536262461,0.253838235714231,0.40000000958009096,0.0,0.0
1083,270.75,physics_sindy_mpc,0,19.671878814697266,689.27294921875,83.3816146850586,13.19726848602295,376.0064697265625,400.0,0.9807852804032304,-0.1950903220161282,0.0,1.0,0.15411078869548578,0.4000000097466791,0.0,0.0
1084,271.0,physics_sindy_mpc,0,20.715639114379883,694.8880004882812,81.14202880859375,13.773682594299316,418.51336669921875,400.0,0.9659258262890683,-0.25881904510252063,0.0,1.0,0.07132779658459287,0.38353790958695383,0.0,0.0
1085,271.25,physics_sindy_mpc,0,21.626832962036133,689.8552856445312,78.05707550048828,14.289648056030273,454.29547119140625,400.0,0.9469301294951057,-0.3214394653031616,0.0,1.0,0.006554743083112726,0.3605943054663101,0.0,0.0
1086,271.5,physics_sindy_mpc,0,22.6236572265625,682.6627197265625,73.39859771728516,14.790007591247559,488.34771728515625,400.0,0.9238795325112868,-0.3826834323650895,0.0,1.0,0.0,0.3678779710798392,0.0,0.0
1087,271.75,physics_sindy_mpc,0,23.153751373291016,663.6806030273438,70.80513000488281,15.290366172790527,522.3999633789062,400.0,0.8968727415326884,-0.44228869021900113,0.0,1.0,0.0,0.3750730457558766,0.0,0.0
1088,272.0,physics_sindy_mpc,0,23.59511375427246,644.5587768554688,68.72920989990234,15.793965339660645,556.4176025390625,400.0,0.8660254037844387,-0.4999999999999998,0.0,1.0,0.0,0.3809455363249068,0.0,0.0
1089,272.25,physics_sindy_mpc,0,24.029342651367188,626.1499633789062,66.81951141357422,16.13465118408203,592.6771240234375,400.0,0.8314696123025451,-0.5555702330196023,0.0,1.0,0.0,0.3850380363849024,0.0,0.0
1090,272.5,physics_sindy_mpc,0,24.461366653442383,609.7265625,65.01471710205078,16.43486785888672,629.5091552734375,400.0,0.7933533402912352,-0.6087614290087207,0.0,1.0,0.0,0.389704531526078,0.0,0.0
1091,272.75,physics_sindy_mpc,0,24.871191024780273,594.8515014648438,63.22456359863281,16.735082626342773,666.3411865234375,400.0,0.7518398074789774,-0.6593458151000688,0.0,1.0,0.0,0.3960640270521252,0.0,0.0
1092,273.0,physics_sindy_mpc,0,25.2607364654541,580.6578369140625,61.33683395385742,17.03798484802246,703.9610595703125,400.0,0.7071067811865476,-0.7071067811865475,0.0,1.0,0.0,0.4000000099634688,0.0,0.0
1093,273.25,physics_sindy_mpc,0,25.449413299560547,575.3798828125,60.73618698120117,17.217756271362305,714.3821411132812,400.0,0.659345815100069,-0.7518398074789773,0.0,1.0,0.0,0.40000000994605334,0.0,0.0
1094,273.5,physics_sindy_mpc,0,25.621030807495117,574.3765258789062,60.48831558227539,17.36786460876465,718.5518188476562,400.0,0.6087614290087209,-0.793353340291235,0.0,1.0,0.0,0.40000000996356844,0.0,0.0
1095,273.75,physics_sindy_mpc,0,25.7895450592041,574.027587890625,60.261573791503906,17.517972946166992,722.721435546875,400.0,0.5555702330196025,-0.831469612302545,0.0,1.0,0.0,0.4000000099761964,0.0,0.0
1096,274.0,physics_sindy_mpc,0,25.958328247070312,573.7822265625,60.03251266479492,17.67225456237793,727.007080078125,400.0000305175781,0.49999999999999994,-0.8660254037844387,0.0,1.0,0.0,0.40000000998587076,0.0,0.0
1097,274.25,physics_sindy_mpc,0,25.707082748413086,576.05712890625,60.08987808227539,17.700000762939453,695.494873046875,400.0000305175781,0.4422886902190017,-0.8968727415326881,0.0,1.0,0.0,0.40000000998738505,0.0,0.0
1098,274.5,physics_sindy_mpc,0,25.31537628173828,579.8932495117188,60.102996826171875,17.700000762939453,654.4931640625,400.0000305175781,0.3826834323650899,-0.9238795325112867,0.0,1.0,0.0,0.4000000099866051,0.0,0.0
1099,274.75,physics_sindy_mpc,0,24.894752502441406,584.310791015625,60.08310317993164,17.700000762939453,613.4915161132812,400.0000305175781,0.32143946530316175,-0.9469301294951056,0.0,1.0,0.0,0.4000000099822406,0.0,0.0
1100,275.0,physics_sindy_mpc,0,24.444854736328125,589.1837768554688,60.07601547241211,17.700000762939453,571.3108520507812,400.0000305175781,0.258819045102521,-0.9659258262890682,0.0,1.0,0.0,0.400000009947093,0.0,0.0
1101,275.25,physics_sindy_mpc,0,24.896373748779297,586.0346069335938,59.11198043823242,17.660459518432617,622.1004028320312,400.0,0.19509032201612816,-0.9807852804032304,0.0,1.0,0.0,0.40000000993248996,0.0,0.0
1102,275.5,physics_sindy_mpc,0,25.63580322265625,578.9866943359375,58.19770050048828,17.610424041748047,695.7644653320312,400.0,0.130526192220052,-0.9914448613738104,0.0,1.0,0.0,0.40000000993903834,0.0,0.0
1103,275.75,physics_sindy_mpc,0,26.405302047729492,571.6559448242188,57.391212463378906,17.560388565063477,769.428466796875,400.0,0.06540312923014312,-0.9978589232386035,0.03367030734323856,1.0,0.0,0.4000000099579053,0.0,0.0
1104,276.0,physics_sindy_mpc,0,27.199098587036133,564.7534790039062,56.60213088989258,17.508867263793945,845.2801513671875,400.0,1.2246467991473532e-16,-1.0,0.0,1.0,0.0,0.4000000099939361,0.0,0.0
1105,276.25,physics_sindy_mpc,0,27.14767837524414,564.6141967773438,56.91763687133789,17.59920883178711,826.9171142578125,400.0,-0.06540312923014287,-0.9978589232386035,0.0,1.0,0.0,0.40000000998762847,0.0,0.0
1106,276.5,physics_sindy_mpc,0,26.8548641204834,567.59912109375,57.29909133911133,17.72429847717285,787.3052978515625,400.0,-0.13052619222005177,-0.9914448613738104,0.0,1.0,0.0,0.40000000999601826,0.0,0.0
1107,276.75,physics_sindy_mpc,0,26.53102684020996,571.3848876953125,57.63269805908203,17.849388122558594,747.6934814453125,400.0,-0.19509032201612792,-0.9807852804032305,0.0,1.0,0.0,0.4000000099897002,0.0,0.0
1108,277.0,physics_sindy_mpc,0,26.188262939453125,575.5454711914062,57.981563568115234,17.97831153869629,707.7408447265625,400.0,-0.2588190451025208,-0.9659258262890683,0.0,1.0,0.0,0.40000000998937413,0.0,0.0
1109,277.25,physics_sindy_mpc,0,25.876087188720703,578.4692993164062,58.129459381103516,17.90043067932129,682.2988891601562,400.0,-0.32143946530316153,-0.9469301294951057,0.0,1.0,0.0,0.4000000099887899,0.0,0.0
1110,277.5,physics_sindy_mpc,0,25.561614990234375,580.9205322265625,58.25038146972656,17.775341033935547,660.0607299804688,400.0,-0.38268343236508967,-0.9238795325112868,0.0,1.0,0.0,0.4000000099881803,0.0,0.0
1111,277.75,physics_sindy_mpc,0,25.246185302734375,583.3583984375,58.36906814575195,17.650251388549805,637.822509765625,400.0,-0.44228869021900147,-0.8968727415326883,0.0,1.0,0.0,0.40000000998781704,0.0,0.0
1112,278.0,physics_sindy_mpc,0,24.92205810546875,585.8435668945312,58.49652862548828,17.525161743164062,615.7638549804688,400.0000305175781,-0.4999999999999997,-0.8660254037844388,0.0,1.0,0.0,0.4000000099956003,0.0,0.0
1113,278.25,physics_sindy_mpc,0,24.34560775756836,584.0408325195312,58.733463287353516,17.40007209777832,581.1326904296875,400.0,-0.555570233019602,-0.8314696123025455,0.0,1.0,0.0,0.40000000998500207,0.0,0.0
1114,278.5,physics_sindy_mpc,0,23.70478630065918,580.67333984375,58.93204879760742,17.274982452392578,543.605712890625,400.0,-0.6087614290087207,-0.7933533402912352,0.0,1.0,0.0,0.4000000099780559,0.0,0.0
1115,278.75,physics_sindy_mpc,0,23.06566619873047,577.1082763671875,59.16404342651367,17.149892807006836,506.0787658691406,400.0,-0.6593458151000688,-0.7518398074789774,0.0,1.0,0.0,0.400000009955836,0.0,0.0
1116,279.0,physics_sindy_mpc,0,22.434444427490234,573.3389282226562,59.44269561767578,17.02683448791504,468.6916809082031,400.0,-0.7071067811865471,-0.7071067811865479,0.0,1.0,0.0,0.40000000941305747,0.0,0.0
1117,279.25,physics_sindy_mpc,0,21.75181007385254,575.4197998046875,60.26364517211914,16.69913673400879,423.2247009277344,399.9999694824219,-0.7518398074789773,-0.6593458151000691,0.0,1.0,0.0,0.3747990046775518,0.0,0.0
1118,279.5,physics_sindy_mpc,0,21.1687068939209,587.9213256835938,61.753841400146484,16.323867797851562,375.9685363769531,400.0,-0.7933533402912349,-0.6087614290087209,0.0,1.0,0.014315025330135093,0.34773892114183463,0.0,0.0
1119,279.75,physics_sindy_mpc,0,20.48983383178711,604.4779052734375,64.28598022460938,15.94859790802002,328.7123718261719,400.0,-0.8314696123025452,-0.5555702330196022,0.0,1.0,0.06370992749115632,0.31819558283277904,0.0,0.0
1120,280.0,physics_sindy_mpc,0,19.608108520507812,626.5425415039062,69.35005187988281,15.574111938476562,281.3309631347656,400.0,-0.8660254037844385,-0.5000000000000004,0.0,1.0,0.12971916923951501,0.27720865596367167,0.0,0.006886109396184424
1121,280.25,physics_sindy_mpc,0,19.054323196411133,667.0619506835938,74.0869369506836,15.15779972076416,239.79151916503906,399.9999694824219,-0.8968727415326883,-0.44228869021900136,0.0,0.9009894418673189,0.20095292647809204,0.259536580301356,0.0,0.14842401058312457
1122,280.5,physics_sindy_mpc,0,18.49520492553711,686.7391967773438,77.35771179199219,14.732494354248047,199.4847869873047,400.0,-0.9238795325112868,-0.3826834323650895,0.0,0.7416697872094405,0.2744951014579479,0.2416941458547439,0.0,0.3815180558265747
1123,280.75,physics_sindy_mpc,0,17.995912551879883,692.850341796875,80.04185485839844,14.307188987731934,159.1780548095703,400.0,-0.9469301294951056,-0.3214394653031618,0.0,0.6105097450761436,0.3512693896689599,0.23088892170024983,0.0,0.6446482558057716
1124,281.0,physics_sindy_mpc,0,17.590072631835938,704.5530395507812,82.4035873413086,13.867301940917969,118.49165344238281,400.0000305175781,-0.9659258262890683,-0.25881904510252063,0.0,0.5366422930563046,0.4637024324117599,0.29586262078690256,0.0,0.9816451063730707
1125,281.25,physics_sindy_mpc,0,18.74622917175293,881.9269409179688,86.22901153564453,13.82020092010498,92.59326171875,400.0,-0.9807852804032303,-0.19509032201612866,0.0,0.28830879689625144,0.5950390329554665,0.3937828377153155,0.0,1.0
1126,281.5,physics_sindy_mpc,0,19.161117553710938,944.4467163085938,87.7453842163086,13.845219612121582,69.66011810302734,400.0,-0.9914448613738104,-0.13052619222005163,0.0,0.1732108006651417,0.7260455582043672,0.4000000098261008,0.0,0.8792131319386242
1127,281.75,physics_sindy_mpc,0,17.403615951538086,722.8677978515625,85.03091430664062,13.870237350463867,46.72697448730469,400.0,-0.9978589232386035,-0.06540312923014273,0.034546337767187414,0.4756679270741534,0.873072503303432,0.4000000099027313,0.0,0.9842235899573645
1128,282.0,physics_sindy_mpc,0,17.977582931518555,874.8597412109375,86.02384948730469,13.896135330200195,23.269580841064453,400.0,-1.0,-1.8369701987210297e-16,0.0,0.20535416824813904,0.9719536947596883,0.39359725737743667,0.0,1.0
1129,282.25,physics_sindy_mpc,0,18.096925735473633,909.9501953125,87.84901428222656,13.535082817077637,15.502436637878418,400.0,-0.9978589232386036,0.06540312923014237,0.14777014860033902,0.14981092440897736,1.0,0.4000000098725329,0.0,0.9031917784722482
1130,282.5,physics_sindy_mpc,0,17.899049758911133,913.4431762695312,90.8113021850586,13.084758758544922,10.63783073425293,400.0,-0.9914448613738105,0.13052619222005127,0.6391143056566667,0.16367844022516495,1.0,0.4000000098955901,0.0,0.5406430600715907
1131,282.75,physics_sindy_mpc,0,17.95151710510254,918.1900634765625,91.22489166259766,12.634435653686523,5.773224830627441,400.0,-0.9807852804032304,0.1950903220161283,0.8519925020576042,0.13141673421098837,1.0,0.40000000985263173,0.0,0.5713848601174546
1132,283.0,physics_sindy_mpc,0,18.34818458557129,905.5325927734375,87.7105484008789,12.174939155578613,0.7333076000213623,400.0,-0.9659258262890684,0.2588190451025203,0.4800457003096685,0.08672527547816475,1.0,0.37407684533875624,0.0,1.0
1133,283.25,physics_sindy_mpc,0,18.583995819091797,876.2195434570312,85.95576477050781,11.998274803161621,0.0,400.0,-0.9469301294951057,0.3214394653031615,0.19877711890225222,0.11960664062559062,1.0,0.3271673753488279,0.0,1.0
1134,283.5,physics_sindy_mpc,0,18.606830596923828,865.36572265625,86.0455551147461,11.873185157775879,0.0,400.0,-0.923879532511287,0.38268343236508917,0.15573392398878133,0.14944080991274136,1.0,0.3304422294454278,0.0,1.0
1135,283.75,physics_sindy_mpc,0,18.486467361450195,867.5612182617188,86.69865417480469,11.74809455871582,0.0,400.0,-0.8968727415326884,0.442288690219001,0.25130457386012794,0.15065051894970602,1.0,0.347617559528502,0.0,1.0
1136,284.0,physics_sindy_mpc,0,18.373321533203125,869.2365112304688,87.06311798095703,11.624905586242676,0.0,400.0,-0.8660254037844386,0.5000000000000001,0.34876492434005063,0.14048933178991466,1.0,0.3546908222870774,0.0,1.0
1137,284.25,physics_sindy_mpc,0,18.208301544189453,864.0296020507812,87.2125473022461,11.354996681213379,0.0,400.0,-0.8314696123025455,0.5555702330196018,0.44273252068176766,0.13415880050230963,1.0,0.35159344927376124,0.0,1.0
1138,284.5,physics_sindy_mpc,0,18.056459426879883,854.8258666992188,86.9624252319336,11.054780960083008,0.0,400.0,-0.7933533402912357,0.6087614290087199,0.49491833396904134,0.12828286205992862,1.0,0.3345669197176267,0.0,1.0
1139,284.75,physics_sindy_mpc,0,17.93766975402832,843.3085327148438,86.49840545654297,10.754565238952637,0.0,400.0,-0.7518398074789772,0.6593458151000691,0.5062319018147659,0.12529010033364482,1.0,0.3112935568222644,0.0,1.0
1140,285.0,physics_sindy_mpc,0,17.827455520629883,831.5394897460938,86.02120208740234,10.446259498596191,0.0,400.0,-0.7071067811865477,0.7071067811865474,0.49532807981358434,0.1262992467359217,1.0,0.28933672931783,0.0,1.0
1141,285.25,physics_sindy_mpc,0,17.836265563964844,823.0194091796875,85.51806640625,10.35902214050293,0.0,399.9999694824219,-0.6593458151000687,0.7518398074789775,0.4429016455203866,0.13054977907114598,1.0,0.2741085357236928,0.0,1.0
1142,285.5,physics_sindy_mpc,0,17.862979888916016,817.17041015625,85.34546661376953,10.30898666381836,0.0,400.0,-0.608761429008721,0.7933533402912349,0.4037000178034313,0.13977622780843219,1.0,0.27104736753434694,0.0,1.0
1143,285.75,physics_sindy_mpc,0,17.85416030883789,811.0552978515625,85.43841552734375,10.258950233459473,0.0,400.0,-0.555570233019603,0.8314696123025447,0.39767480173780206,0.15463686341510732,1.0,0.2761708816464097,0.0,1.0
1144,286.0,physics_sindy_mpc,0,17.81879425048828,805.326171875,85.59486389160156,10.20930004119873,0.0,400.0,-0.5000000000000004,0.8660254037844384,0.4079852193901127,0.168797714657094,1.0,0.28298269796357467,0.0,1.0
1145,286.25,physics_sindy_mpc,0,17.825267791748047,804.4247436523438,85.69862365722656,10.138318061828613,0.0,400.0,-0.4422886902190014,0.8968727415326883,0.40531666953653334,0.17261571734387568,1.0,0.2878919044171831,0.0,1.0
1146,286.5,physics_sindy_mpc,0,17.871131896972656,805.3284301757812,85.78642272949219,10.063263893127441,0.0,400.0000305175781,-0.38268343236508956,0.9238795325112868,0.3870889167828908,0.17356975958468157,1.0,0.29293745195855503,0.0,1.0
1147,286.75,physics_sindy_mpc,0,17.93276596069336,807.0430297851562,85.91461181640625,9.98820972442627,0.0,400.0,-0.32143946530316186,0.9469301294951056,0.3609826806493221,0.17487451563964476,1.0,0.29994929511553814,0.0,1.0
1148,287.0,physics_sindy_mpc,0,17.991863250732422,809.6026611328125,86.12602233886719,9.910202980041504,0.0,399.9999694824219,-0.25881904510252157,0.9659258262890681,0.3335671400495948,0.17859538213449694,1.0,0.31092120101519666,0.0,1.0
1149,287.25,physics_sindy_mpc,0,18.015974044799805,813.6978149414062,86.47827911376953,10.065061569213867,0.0,400.0,-0.19509032201612872,0.9807852804032303,0.31500832516965327,0.18616265520526948,1.0,0.33091614241373674,0.0,1.0
1150,287.5,physics_sindy_mpc,0,18.010759353637695,820.1781005859375,86.85366821289062,10.265204429626465,0.0,399.9999694824219,-0.13052619222005168,0.9914448613738104,0.3082868391078012,0.1901066405220126,1.0,0.352260194352296,0.0,1.0
1151,287.75,physics_sindy_mpc,0,17.994569778442383,827.2406005859375,87.18190002441406,10.465348243713379,0.0,400.0,-0.0654031292301428,0.9978589232386035,0.31296436635360675,0.19135487872457152,1.0,0.37113300003581207,0.0,1.0
1152,288.0,physics_sindy_mpc,0,17.98491859436035,833.8671875,87.43451690673828,10.673521995544434,0.0,400.0,0.0,1.0,0.330030014266791,0.18877039913751306,1.0,0.3848321835213481,0.0,1.0
1153,288.25,physics_sindy_mpc,0,17.788806915283203,835.0172119140625,87.76704406738281,10.513659477233887,0.0,400.0,0.06540312923014306,0.9978589232386035,0.4173706830611336,0.18338316006418845,1.0,0.39103989618683316,0.0,1.0
1154,288.5,physics_sindy_mpc,0,17.547161102294922,830.9263916015625,87.59326171875,10.288497924804688,0.0,400.0,0.13052619222005157,0.9914448613738104,0.48161539225433486,0.17315582097346033,1.0,0.37576732014248637,0.0,1.0
1155,288.75,physics_sindy_mpc,0,17.357919692993164,822.238037109375,86.96934509277344,10.063335418701172,0.0,400.0,0.19509032201612825,0.9807852804032304,0.4850040663963264,0.1640842782930736,1.0,0.3452363400597086,0.0,1.0
1156,289.0,physics_sindy_mpc,0,17.184303283691406,810.8176879882812,86.3304214477539,9.839094161987305,0.0,400.0,0.25881904510252074,0.9659258262890683,0.47037945781251783,0.16152021804250857,1.0,0.31549246737398223,0.0,1.0
1157,289.25,physics_sindy_mpc,0,17.059646606445312,801.1908569335938,85.77194213867188,9.571459770202637,0.0,400.0,0.3214394653031616,0.9469301294951057,0.44881125200668937,0.15905814428379048,1.0,0.2893616105848866,0.0,1.0
1158,289.5,physics_sindy_mpc,0,16.940847396850586,793.17041015625,85.39791107177734,9.29626178741455,0.0,400.0,0.3826834323650898,0.9238795325112867,0.4370782473368001,0.15771516770943067,1.0,0.2697977080393388,0.0,1.0
1159,289.75,physics_sindy_mpc,0,16.810592651367188,786.6796264648438,85.14302062988281,9.021063804626465,0.0,400.0,0.44228869021900125,0.8968727415326884,0.43121630813504674,0.15558342994727017,1.0,0.25447098333021384,0.0,1.0
1160,290.0,physics_sindy_mpc,0,16.66636848449707,780.9693603515625,84.93589782714844,8.734416007995605,0.0,400.0,0.49999999999999994,0.8660254037844387,0.4177293821247805,0.15576732907830645,1.0,0.24322700023202262,0.0,1.0
1161,290.25,physics_sindy_mpc,0,16.61134910583496,778.2543334960938,84.84043884277344,8.908483505249023,0.0,400.0,0.5555702330196022,0.8314696123025452,0.377665798959451,0.16491630654917516,1.0,0.24794780811564698,0.0,1.0
1162,290.5,physics_sindy_mpc,0,16.579679489135742,780.3026123046875,84.9851303100586,9.158662796020508,0.0,400.0,0.6087614290087207,0.7933533402912352,0.34973624068618925,0.17422073605233485,1.0,0.2629433814911447,0.0,1.0
1163,290.75,physics_sindy_mpc,0,16.541179656982422,785.5606689453125,85.27900695800781,9.408842086791992,0.0,400.0,0.6593458151000688,0.7518398074789774,0.3475603059259143,0.1806731354489712,1.0,0.28155392368600796,0.0,1.0
1164,291.0,physics_sindy_mpc,0,16.508663177490234,792.3134765625,85.5851058959961,9.669608116149902,0.0,400.0,0.7071067811865476,0.7071067811865476,0.36484137416179374,0.18243720819767328,1.0,0.297939454911429,0.0,1.0
1165,291.25,physics_sindy_mpc,0,16.448490142822266,796.908203125,85.85936737060547,9.553558349609375,2.905583620071411,400.0,0.7518398074789774,0.6593458151000688,0.4059411278717294,0.18129621008943805,1.0,0.3059597220983663,0.0,1.0
1166,291.5,physics_sindy_mpc,0,16.402671813964844,798.7463989257812,85.9482650756836,9.378433227539062,6.3803019523620605,400.0000305175781,0.7933533402912352,0.6087614290087207,0.42966781966301265,0.1798505964017839,1.0,0.3072515976884137,0.0,1.0
1167,291.75,physics_sindy_mpc,0,16.380386352539062,798.43701171875,85.9224853515625,9.203307151794434,9.855020523071289,400.0,0.8314696123025451,0.5555702330196024,0.4228820200742245,0.18036376413081567,1.0,0.30695463691371466,0.0,1.0
1168,292.0,physics_sindy_mpc,0,16.358516693115234,797.0233154296875,85.9013671875,9.020651817321777,13.219658851623535,400.0,0.8660254037844386,0.5000000000000001,0.3929778682792297,0.1907588116547425,1.0,0.312677428400455,0.0,1.0
1169,292.25,physics_sindy_mpc,0,16.592418670654297,802.3395385742188,86.22201538085938,9.440834045410156,33.13164138793945,400.0,0.8968727415326884,0.44228869021900125,0.310412516409984,0.22047249271922853,1.0,0.3593731998062098,0.0,1.0
1170,292.5,physics_sindy_mpc,0,16.94474983215332,819.0508422851562,86.8843765258789,9.966211318969727,56.064781188964844,400.0,0.9238795325112867,0.38268343236508984,0.23492617233353535,0.24536719730515036,0.9904177219096549,0.400000009893455,0.0,0.9239457007006783
1171,292.75,physics_sindy_mpc,0,17.095542907714844,830.806640625,90.42552185058594,10.491588592529297,78.9979248046875,400.0,0.9469301294951056,0.3214394653031617,0.504582467706398,0.3364572069344704,1.0,0.40000000986194284,0.0,0.2065066509361035
1172,293.0,physics_sindy_mpc,0,18.10869598388672,870.4610595703125,90.7780532836914,11.012919425964355,101.70731353759766,400.0,0.9659258262890683,0.25881904510252074,0.36044000887595135,0.3281420885831186,0.9486414494734648,0.4000000097787652,0.0,0.027596999505620497
1173,293.25,physics_sindy_mpc,0,18.17101287841797,776.0966796875,89.70950317382812,11.731919288635254,135.98130798339844,400.0,0.9807852804032304,0.19509032201612833,0.21519067625869162,0.5278776719703157,0.8376833896614568,0.4000000099616186,0.0,0.0
1174,293.5,physics_sindy_mpc,0,17.346853256225586,666.4374389648438,86.99903106689453,12.48245906829834,172.11837768554688,400.0,0.9914448613738104,0.1305261922200517,0.02820866503290918,0.7494234091070816,0.7170482911368773,0.4000000097914778,0.0,0.0
1175,293.75,physics_sindy_mpc,0,17.216766357421875,645.2813720703125,84.07150268554688,13.23299789428711,208.2554473876953,400.0,0.9978589232386035,0.06540312923014327,0.0,0.7982305276719602,0.5637554558246515,0.38070297156805544,0.0,0.30486444987811384
1176,294.0,physics_sindy_mpc,0,17.478317260742188,637.9437866210938,81.31317901611328,13.988649368286133,244.40805053710938,400.0,1.0,6.123233995736766e-17,0.0,0.9030318625036767,0.41134228720571153,0.37732720817599186,0.0,0.22458365984320522
1177,294.25,physics_sindy_mpc,0,17.93191909790039,636.2499389648438,79.42884826660156,14.56498908996582,279.9424743652344,400.0,0.9978589232386035,-0.06540312923014314,0.0,1.0,0.273759978858809,0.37810693489430375,0.0,0.05742606350503657
1178,294.5,physics_sindy_mpc,0,18.560321807861328,631.752685546875,77.44720458984375,15.115385055541992,315.3846130371094,400.0,0.9914448613738104,-0.1305261922200516,0.0,1.0,0.16441302337073235,0.3647852770146277,0.0,0.0
1179,294.75,physics_sindy_mpc,0,19.30147933959961,618.45458984375,75.46861267089844,15.665780067443848,350.8267517089844,400.0,0.9807852804032304,-0.1950903220161282,0.0,1.0,0.08405825592479699,0.35454038345442523,0.0,0.0
1180,295.0,physics_sindy_mpc,0,20.100231170654297,606.1259765625,72.99331665039062,16.21735191345215,386.3170471191406,400.0,0.9659258262890683,-0.25881904510252063,0.0,1.0,0.029634892097485346,0.35122157617119215,0.0,0.0
1181,295.25,physics_sindy_mpc,0,20.96145248413086,599.9345703125,69.9874038696289,16.72415542602539,419.9436950683594,400.0,0.9469301294951057,-0.3214394653031616,0.0,1.0,0.0,0.35799715530038007,0.0,0.0
1182,295.5,physics_sindy_mpc,0,21.789344787597656,592.3253173828125,66.79429626464844,17.22451400756836,453.3009948730469,400.0,0.9238795325112868,-0.3826834323650895,0.0,1.0,0.0,0.38008633271813497,0.0,0.0
1183,295.75,physics_sindy_mpc,0,22.34522247314453,580.6232299804688,65.27865600585938,17.72487449645996,486.65826416015625,400.0,0.8968727415326884,-0.44228869021900113,0.0,1.0,0.0,0.40000000349505405,0.0,0.0
1184,296.0,physics_sindy_mpc,0,22.911190032958984,570.3572998046875,63.83207321166992,18.229246139526367,520.520751953125,400.0,0.8660254037844387,-0.4999999999999998,0.0,1.0,0.0,0.4000000099503777,0.0,0.0
1185,296.25,physics_sindy_mpc,0,23.368091583251953,567.79541015625,62.850196838378906,18.597915649414062,539.1864624023438,400.0,0.8314696123025451,-0.5555702330196023,0.0,1.0,0.0,0.40000000997312085,0.0,0.0
1186,296.5,physics_sindy_mpc,0,23.79328155517578,566.4342041015625,61.856666564941406,18.948165893554688,555.8651123046875,400.0,0.7933533402912352,-0.6087614290087207,0.0,1.0,0.0,0.40000000998230756,0.0,0.0
1187,296.75,physics_sindy_mpc,0,24.213010787963867,565.260986328125,60.861846923828125,19.298418045043945,572.5437622070312,400.0,0.7518398074789774,-0.6593458151000688,0.0,1.0,0.0,0.4000000099873441,0.0,0.0
1188,297.0,physics_sindy_mpc,0,24.63298988342285,564.1481323242188,59.84577941894531,19.655109405517578,589.1633911132812,400.0,0.7071067811865476,-0.7071067811865475,0.0,1.0,0.0,0.4000000099903998,0.0,0.0
1189,297.25,physics_sindy_mpc,0,24.983274459838867,562.5297241210938,59.433677673339844,19.828109741210938,608.2734375,400.0,0.659345815100069,-0.7518398074789773,0.0,1.0,0.0,0.4000000099915276,0.0,0.0
1190,297.5,physics_sindy_mpc,0,25.320072174072266,560.8583374023438,59.130653381347656,19.97821617126465,627.7318725585938,400.0,0.6087614290087209,-0.793353340291235,0.0,1.0,0.0,0.40000000999254637,0.0,0.0
1191,297.75,physics_sindy_mpc,0,25.655004501342773,559.2308959960938,58.836280822753906,20.128324508666992,647.1902465820312,400.0,0.5555702330196025,-0.831469612302545,0.0,1.0,0.0,0.40000000999392676,0.0,0.0
1192,298.0,physics_sindy_mpc,0,25.997920989990234,557.5933837890625,58.53933334350586,20.281919479370117,667.552734375,400.0,0.49999999999999994,-0.8660254037844387,0.0,1.0,0.0,0.4000000099957197,0.0,0.0
1193,298.25,physics_sindy_mpc,0,25.87601661682129,559.5396118164062,58.59914779663086,20.34284782409668,635.5239868164062,400.0,0.4422886902190017,-0.8968727415326881,0.0,1.0,0.0,0.4000000099985903,0.0,0.0
1194,298.5,physics_sindy_mpc,0,25.65688133239746,562.8786010742188,58.622474670410156,20.39288330078125,595.9122314453125,400.0000305175781,0.3826834323650899,-0.9238795325112867,0.0,1.0,0.0,0.4000000099961863,0.0,0.0
1195,298.75,physics_sindy_mpc,0,25.418487548828125,566.6416625976562,58.63822937011719,20.44291877746582,556.3004150390625,400.0,0.32143946530316175,-0.9469301294951056,0.0,1.0,0.0,0.40000000999591295,0.0,0.0
1196,299.0,physics_sindy_mpc,0,25.154752731323242,570.8248901367188,58.68049621582031,20.491390228271484,514.8298950195312,400.0,0.258819045102521,-0.9659258262890682,0.0,1.0,0.0,0.40000000999480256,0.0,0.0
1197,299.25,physics_sindy_mpc,0,25.506914138793945,569.8844604492188,57.61848449707031,20.71495246887207,542.159912109375,400.0,0.19509032201612816,-0.9807852804032304,0.0,1.0,0.0,0.40000000999545965,0.0,0.0
1198,299.5,physics_sindy_mpc,0,25.97414779663086,567.1411743164062,56.510868072509766,20.965133666992188,578.2969970703125,400.0,0.130526192220052,-0.9914448613738104,0.0,1.0,0.0,0.4000000099986461,0.0,0.0
1199,299.75,physics_sindy_mpc,0,26.45747947692871,564.1544189453125,55.4241828918457,21.215312957763672,614.43408203125,400.0,0.06540312923014312,-0.9978589232386035,0.0,1.0,0.0,0.40000000999690477,0.028527831939516822,0.0
1200,300.0,physics_sindy_mpc,0,26.97648048400879,560.770263671875,54.30387496948242,21.47187042236328,652.2822265625,400.0,1.2246467991473532e-16,-1.0,0.0,1.0,0.0,0.40000000999727875,0.663262332233147,0.0
1201,300.25,physics_sindy_mpc,0,27.39763641357422,552.9910888671875,54.29592514038086,21.564701080322266,651.3619384765625,400.0,-0.06540312923014287,-0.9978589232386035,0.0,1.0,0.0,0.40000000999745355,1.0,0.0
1202,300.5,physics_sindy_mpc,0,27.604785919189453,548.648681640625,54.60552978515625,21.639755249023438,646.497314453125,400.0,-0.13052619222005177,-0.9914448613738104,0.0,1.0,0.0,0.40000000999912266,1.0,0.0
1203,300.75,physics_sindy_mpc,0,27.611881256103516,548.4112548828125,55.0048713684082,21.71480941772461,641.6326904296875,400.0,-0.19509032201612792,-0.9807852804032305,0.0,1.0,0.0,0.400000009999126,1.0,0.0
1204,301.0,physics_sindy_mpc,0,27.609010696411133,548.7630004882812,55.37607955932617,21.793445587158203,636.9296875,400.0,-0.2588190451025208,-0.9659258262890683,0.0,1.0,0.0,0.40000000999770496,1.0,0.0
1205,301.25,physics_sindy_mpc,0,27.394254684448242,550.2972412109375,55.3338623046875,21.735082626342773,612.6687622070312,400.0,-0.32143946530316153,-0.9469301294951057,0.0,1.0,0.0,0.4000000099977612,1.0,0.0
1206,301.5,physics_sindy_mpc,0,27.125680923461914,552.32568359375,55.19082260131836,21.6600284576416,585.56591796875,400.0,-0.38268343236508967,-0.9238795325112868,0.0,1.0,0.0,0.40000000999781643,1.0,0.0
1207,301.75,physics_sindy_mpc,0,26.845396041870117,554.5330810546875,55.02766799926758,21.58497428894043,558.463134765625,400.0,-0.44228869021900147,-0.8968727415326883,0.0,1.0,0.0,0.40000000999791124,1.0,0.0
1208,302.0,physics_sindy_mpc,0,26.55767822265625,556.8180541992188,54.85051727294922,21.509199142456055,531.739501953125,400.0,-0.4999999999999997,-0.8660254037844388,0.0,1.0,0.0,0.4000000099992983,1.0,0.0
1209,302.25,physics_sindy_mpc,0,26.04829978942871,555.71533203125,54.810585021972656,21.45657730102539,484.9588623046875,400.0,-0.555570233019602,-0.8314696123025455,0.0,1.0,0.0,0.4000000099981536,0.6361600001220895,0.0
1210,302.5,physics_sindy_mpc,0,25.286745071411133,558.2747192382812,54.95945358276367,21.40654182434082,435.61785888671875,400.0,-0.6087614290087207,-0.7933533402912352,0.0,1.0,0.0,0.40000000999801544,0.0,0.0
1211,302.75,physics_sindy_mpc,0,24.350881576538086,565.8121337890625,55.32433319091797,21.35650634765625,386.27685546875,400.0,-0.6593458151000688,-0.7518398074789774,0.0,1.0,0.0,0.40000000999902485,0.0,0.0
1212,303.0,physics_sindy_mpc,0,23.791141510009766,566.1673583984375,55.41636276245117,21.30832290649414,336.56695556640625,400.0,-0.7071067811865471,-0.7071067811865479,0.0,1.0,0.0,0.40000000999643714,0.0,0.0
1213,303.25,physics_sindy_mpc,0,23.42304229736328,585.387939453125,57.640159606933594,20.973257064819336,299.09136962890625,400.0,-0.7518398074789773,-0.6593458151000691,0.0,1.0,0.0,0.40000000999796664,0.0,0.0
1214,303.5,physics_sindy_mpc,0,23.106403350830078,614.6885375976562,60.42273712158203,20.597986221313477,262.9543151855469,400.0,-0.7933533402912349,-0.6087614290087209,0.0,1.0,0.0,0.40000000999021185,0.0,0.0
1215,303.75,physics_sindy_mpc,0,22.657310485839844,654.7014770507812,65.06037902832031,20.22271728515625,226.81723022460938,400.0,-0.8314696123025452,-0.5555702330196022,0.0,1.0,0.0,0.40000000997640217,0.0,0.0
1216,304.0,physics_sindy_mpc,0,22.131717681884766,713.6625366210938,71.852294921875,19.848037719726562,190.55325317382812,400.0,-0.8660254037844385,-0.5000000000000004,0.0,1.0,0.0,0.4000000099708538,0.0,0.0
1217,304.25,physics_sindy_mpc,0,21.37769317626953,728.0619506835938,74.25373077392578,19.4503231048584,158.79263305664062,400.0,-0.8968727415326883,-0.44228869021900136,0.0,0.9709196882584624,0.037606668672648315,0.3775195569354496,0.0,0.0
1218,304.5,physics_sindy_mpc,0,20.597944259643555,729.5728759765625,75.751953125,19.05003547668457,127.52017211914062,400.0,-0.9238795325112868,-0.3826834323650895,0.0,0.8574442869147187,0.0809009631490531,0.3365580616716694,0.0,0.1603925446481683
1219,304.75,physics_sindy_mpc,0,19.8736629486084,724.762939453125,77.56336975097656,18.649747848510742,96.2477035522461,400.0000305175781,-0.9469301294951056,-0.3214394653031618,0.0,0.7470212017439316,0.12651726284263184,0.29977371524806273,0.0,0.35668329521217174
1220,305.0,physics_sindy_mpc,0,19.199995040893555,721.5234375,79.32280731201172,18.23219108581543,64.24832916259766,400.0,-0.9659258262890683,-0.25881904510252063,0.0,0.641495958308095,0.17480339645648812,0.26806192462433637,0.0,0.5629010133883796
1221,305.25,physics_sindy_mpc,0,19.029827117919922,747.6593017578125,81.50849151611328,18.17807388305664,51.36592483520508,400.0,-0.9807852804032303,-0.19509032201612866,0.0,0.5436338760577878,0.22398797882527632,0.255665039678031,0.0,0.5900843730066719
1222,305.5,physics_sindy_mpc,0,18.886301040649414,755.6503295898438,82.87109375,18.15305519104004,40.246826171875,400.0,-0.9914448613738104,-0.13052619222005163,0.0,0.49275958926926156,0.27595100987129534,0.24772825686179376,0.0,0.6012411694836067
1223,305.75,physics_sindy_mpc,0,18.711322784423828,764.2791748046875,84.00939178466797,18.128036499023438,29.12772560119629,400.0,-0.9978589232386035,-0.06540312923014273,0.0,0.47284026061661455,0.34799562048496074,0.27429133494803665,0.0,0.6218779280183152
1224,306.0,physics_sindy_mpc,0,18.48518180847168,769.753662109375,84.22136688232422,18.10415267944336,17.76059341430664,400.0,-1.0,-1.8369701987210297e-16,0.0,0.450495873007873,0.42647718880201807,0.30651604094268364,0.0,0.7285269855200344
1225,306.25,physics_sindy_mpc,0,18.19001579284668,763.0870971679688,83.633544921875,17.55003547668457,13.000239372253418,400.0,-0.9978589232386036,0.06540312923014237,0.0,0.42321860120630567,0.4954348873258468,0.3221580207000262,0.0,0.9230114945221441
1226,306.5,physics_sindy_mpc,0,18.382001876831055,834.7728271484375,84.27960205078125,16.92458724975586,8.830577850341797,400.0,-0.9914448613738105,0.13052619222005127,0.0,0.2786184060408662,0.5625422277027546,0.33587332862503755,0.0,1.0
1227,306.75,physics_sindy_mpc,0,18.672616958618164,929.6721801757812,87.73204803466797,16.299137115478516,4.660915374755859,400.0,-0.9807852804032304,0.1950903220161283,0.0,0.1703309977990188,0.7009478505405161,0.40000000976446365,0.0,0.8486018068696797
1228,307.0,physics_sindy_mpc,0,17.71672821044922,728.1881713867188,80.34314727783203,15.661718368530273,0.2860564887523651,400.0,-0.9659258262890684,0.2588190451025203,0.0,0.3611557212091178,0.7203150179916074,0.25676782384294394,0.0,1.0
1229,307.25,physics_sindy_mpc,0,17.85729217529297,864.3845825195312,86.02111053466797,15.35722541809082,0.0,400.0,-0.9469301294951057,0.3214394653031615,0.0,0.2041740420422796,0.8251234850308827,0.37800813449517373,0.0,0.984805115104696
1230,307.5,physics_sindy_mpc,0,17.713096618652344,891.701171875,88.9746322631836,15.082027435302734,0.0,400.0000305175781,-0.923879532511287,0.38268343236508917,0.20178786052308031,0.19204793652328211,0.9777170134742517,0.4000000099466546,0.0,0.5770818236390458
1231,307.75,physics_sindy_mpc,0,17.581035614013672,888.0253295898438,89.44120788574219,14.806829452514648,0.0,400.0,-0.8968727415326884,0.442288690219001,0.3389679198249634,0.19345842497937854,1.0,0.4000000098524397,0.0,0.5216144513818938
1232,308.0,physics_sindy_mpc,0,17.673973083496094,917.9566650390625,90.09685516357422,14.518064498901367,0.0,400.0,-0.8660254037844386,0.5000000000000001,0.4213430583655383,0.13939716219643897,1.0,0.400000009860901,0.0,0.4938116939399009
1233,308.25,physics_sindy_mpc,0,17.892791748046875,918.87841796875,89.73457336425781,14.5,0.0,400.0,-0.8314696123025455,0.5555702330196018,0.3570804545150318,0.12831658203936583,1.0,0.40000000993618984,0.0,0.5391664024596527
1234,308.5,physics_sindy_mpc,0,18.122461318969727,908.26708984375,89.41981506347656,14.5,0.0,400.0,-0.7933533402912357,0.6087614290087199,0.2646557038270486,0.14940923985516957,1.0,0.4000000097962702,0.0,0.5509774659465235
1235,308.75,physics_sindy_mpc,0,18.292919158935547,902.0867309570312,89.41055297851562,14.5,0.0,400.0,-0.7518398074789772,0.6593458151000691,0.20530580144693095,0.16938377954447767,1.0,0.40000000979193107,0.0,0.5243463151250305
1236,309.0,physics_sindy_mpc,0,18.398714065551758,902.2986450195312,89.6167984008789,14.5,0.0,400.0,-0.7071067811865477,0.7071067811865474,0.18182765206789928,0.17810544568764386,1.0,0.40000000992513723,0.0,0.47678310686578096
1237,309.25,physics_sindy_mpc,0,18.506587982177734,905.7940673828125,89.75263977050781,14.611071586608887,0.0,400.0,-0.6593458151000687,0.7518398074789775,0.15334613754002704,0.17955567296127842,1.0,0.4000000099206938,0.0,0.43647020078248366
1238,309.5,physics_sindy_mpc,0,18.599328994750977,909.786865234375,89.94640350341797,14.736161231994629,0.0,400.0,-0.608761429008721,0.7933533402912349,0.1306710996377306,0.18081124869251838,1.0,0.40000000977258643,0.0,0.3875247064313782
1239,309.75,physics_sindy_mpc,0,18.674041748046875,914.4243774414062,90.19355773925781,14.861250877380371,0.0,400.0,-0.555570233019603,0.8314696123025447,0.1176606042287322,0.1813716170787537,1.0,0.4000000099149007,0.0,0.3316957565633036
1240,310.0,physics_sindy_mpc,0,18.740190505981445,919.6328735351562,90.45170593261719,14.992512702941895,0.0,400.0,-0.5000000000000004,0.8660254037844384,0.11167246813343033,0.180447818468682,1.0,0.4000000097597451,0.0,0.2762696050227156
1241,310.25,physics_sindy_mpc,0,18.736770629882812,923.2291259765625,90.69184112548828,15.0,0.0,400.0,-0.4422886902190014,0.8968727415326883,0.12466496640976639,0.17760766477966716,1.0,0.400000009913031,0.0,0.2336549275643808
1242,310.5,physics_sindy_mpc,0,18.706567764282227,925.09716796875,90.79061126708984,15.0,0.0,400.0,-0.38268343236508956,0.9238795325112868,0.13476185144602065,0.17414485499971627,1.0,0.4000000097531479,0.0,0.21210876080022337
1243,310.75,physics_sindy_mpc,0,18.668594360351562,925.5171508789062,90.78804016113281,15.0,0.0,400.0,-0.32143946530316186,0.9469301294951056,0.13639787233685918,0.1719907388478721,1.0,0.40000000990711737,0.0,0.20434885592919902
1244,311.0,physics_sindy_mpc,0,18.626514434814453,925.3360595703125,90.73941802978516,15.0,0.0,400.0,-0.25881904510252157,0.9659258262890681,0.13782433769514255,0.16998445952386157,1.0,0.4000000097443279,0.0,0.20584317518171666
1245,311.25,physics_sindy_mpc,0,18.527549743652344,922.5057373046875,90.76397705078125,14.709345817565918,0.0,400.0,-0.19509032201612872,0.9807852804032303,0.17192801817911688,0.16765259183215905,1.0,0.4000000099134197,0.0,0.22082523193784107
1246,311.5,physics_sindy_mpc,0,18.41386604309082,917.6044311523438,90.69020080566406,14.384112358093262,0.0,400.0,-0.13052619222005168,0.9914448613738104,0.21094479001019362,0.16574215743092335,1.0,0.4000000097682566,0.0,0.2542234598801659
1247,311.75,physics_sindy_mpc,0,18.311288833618164,911.414306640625,90.4948959350586,14.058878898620605,0.0,400.0,-0.0654031292301428,0.9978589232386035,0.23715925904193766,0.16453604387294665,1.0,0.4000000099159495,0.0,0.30647040011928983
1248,312.0,physics_sindy_mpc,0,18.222110748291016,904.5775146484375,90.24049377441406,13.731558799743652,0.0,400.0,0.0,1.0,0.24954613335075307,0.16462070480094557,1.0,0.4000000097650755,0.0,0.3670030056724189
1249,312.25,physics_sindy_mpc,0,18.05148696899414,894.67919921875,90.03194427490234,13.475701332092285,0.0,400.0,0.06540312923014306,0.9978589232386035,0.2755211261711213,0.17083890565218102,1.0,0.4000000097816308,0.0,0.4115445188415391
1250,312.5,physics_sindy_mpc,0,17.85207748413086,885.0477294921875,89.68817138671875,13.225521087646484,0.0,400.0,0.13052619222005157,0.9914448613738104,0.2947773757972185,0.17325311457145098,1.0,0.40000000978538996,0.0,0.48028429199623784
1251,312.75,physics_sindy_mpc,0,17.64493179321289,874.8606567382812,89.28470611572266,12.975341796875,0.0,400.0,0.19509032201612825,0.9807852804032304,0.30786953974992604,0.1754261863242922,1.0,0.4000000099246864,0.0,0.5608915872975073
1252,313.0,physics_sindy_mpc,0,17.434480667114258,864.5653076171875,88.88444519042969,12.726760864257812,0.0,400.0,0.25881904510252074,0.9659258262890683,0.3225996616202605,0.17802618827399938,1.0,0.4000000098037303,0.0,0.6447388209900464
1253,313.25,physics_sindy_mpc,0,17.263696670532227,856.7990112304688,88.50394439697266,12.407476425170898,0.0,400.0,0.3214394653031616,0.9469301294951057,0.3343062411767468,0.17621601413081336,1.0,0.40000000993263124,0.0,0.7365460539326346
1254,313.5,physics_sindy_mpc,0,17.106264114379883,849.705322265625,88.2183837890625,12.082242965698242,0.0,400.0,0.3826834323650898,0.9238795325112867,0.35333959395238235,0.1753830692837387,1.0,0.40000000983061745,0.0,0.8166436445111774
1255,313.75,physics_sindy_mpc,0,16.958166122436523,843.6328125,87.972412109375,11.757009506225586,0.0,400.0,0.44228869021900125,0.8968727415326884,0.37538566726131983,0.17357342573329093,1.0,0.40000000983737427,0.0,0.8923113273040858
1256,314.0,physics_sindy_mpc,0,16.824783325195312,838.1895141601562,87.67420196533203,11.42337417602539,0.0,400.0,0.49999999999999994,0.8660254037844387,0.38344123837675004,0.1697887800199481,1.0,0.40000000983079126,0.0,0.9737452009815506
1257,314.25,physics_sindy_mpc,0,16.763572692871094,832.6410522460938,87.42359161376953,11.309704780578613,0.0,400.0,0.5555702330196022,0.8314696123025452,0.36627287053985436,0.17519546432790223,1.0,0.40000000975640504,0.0,1.0
1258,314.5,physics_sindy_mpc,0,16.73261833190918,830.0725708007812,87.29608154296875,11.209633827209473,0.0,400.0,0.6087614290087207,0.7933533402912352,0.3496231950256146,0.18168939853221053,1.0,0.40000000956200343,0.0,1.0
1259,314.75,physics_sindy_mpc,0,16.70294761657715,830.1758422851562,87.28278350830078,11.109561920166016,0.0,400.0,0.6593458151000688,0.7518398074789774,0.3444400521625748,0.18250834483817438,1.0,0.400000009427748,0.0,1.0
1260,315.0,physics_sindy_mpc,0,16.666704177856445,830.2667236328125,87.33305358886719,11.004633903503418,0.0,400.0,0.7071067811865476,0.7071067811865476,0.3516893350361652,0.18385087678483916,1.0,0.40000000954923837,0.0,1.0
1261,315.25,physics_sindy_mpc,0,16.67418670654297,831.3081665039062,87.39207458496094,11.022645950317383,2.5161755084991455,400.0,0.7518398074789774,0.6593458151000688,0.36009319735887807,0.1861967953763514,1.0,0.4000000097847829,0.0,1.0
1262,315.5,physics_sindy_mpc,0,16.709503173828125,833.3841552734375,87.48294830322266,11.047663688659668,5.295949935913086,400.0,0.7933533402912352,0.6087614290087207,0.36165783814957175,0.18806450963902496,1.0,0.40000000983740663,0.0,0.9838001515354764
1263,315.75,physics_sindy_mpc,0,16.74302864074707,835.9521484375,87.91130065917969,11.072681427001953,8.075724601745605,400.0,0.8314696123025451,0.5555702330196024,0.3892073732725413,0.19810031145191523,1.0,0.4000000098411819,0.0,0.8978862601816643
1264,316.0,physics_sindy_mpc,0,16.749345779418945,841.8373413085938,89.36494445800781,11.096620559692383,10.759811401367188,400.0,0.8660254037844386,0.5000000000000001,0.5289544789720607,0.2268207698718687,1.0,0.4000000098511474,0.0,0.6518689661105824
1265,316.25,physics_sindy_mpc,0,17.117069244384766,858.4547729492188,90.97289276123047,11.50891399383545,26.25609016418457,400.0,0.8968727415326884,0.44228869021900125,0.6245647174985647,0.25981948125826143,1.0,0.40000000982868766,0.0,0.28261424480824693
1266,316.5,physics_sindy_mpc,0,17.907835006713867,879.9346923828125,90.82439422607422,11.959238052368164,42.93473815917969,400.0,0.9238795325112867,0.38268343236508984,0.4333775472851757,0.2627480421407295,1.0,0.40000000975399924,0.0,0.1586645197889208
1267,316.75,physics_sindy_mpc,0,18.696247100830078,893.0401000976562,91.02159881591797,12.409561157226562,59.61338806152344,400.0,0.9469301294951056,0.3214394653031617,0.21836289654086197,0.29598823857564427,0.9639979233275519,0.4000000096889605,0.0,0.01819534101698015
1268,317.0,physics_sindy_mpc,0,18.746538162231445,833.3275756835938,91.10834503173828,12.856809616088867,76.16614532470703,400.0,0.9659258262890683,0.25881904510252074,0.18351640121005994,0.4246923904447017,0.8902875574456625,0.4000000099296552,0.0,0.0
1269,317.25,physics_sindy_mpc,0,18.08059310913086,727.1880493164062,90.0002670288086,13.446944236755371,98.66802215576172,400.0,0.9807852804032304,0.19509032201612833,0.23648393189383146,0.6202733542380713,0.7897760925025425,0.40000000993781726,0.0,0.0
1270,317.5,physics_sindy_mpc,0,17.852191925048828,689.9087524414062,87.9509048461914,14.047375679016113,121.60116577148438,400.0,0.9914448613738104,0.1305261922200517,0.044009166008469415,0.7237947775535539,0.6847055950248608,0.40000000981397116,0.0,0.0
1271,317.75,physics_sindy_mpc,0,18.02168846130371,684.295654296875,86.51221466064453,14.647807121276855,144.5343017578125,399.9999694824219,0.9978589232386035,0.06540312923014327,0.0,0.7689802151608668,0.5639339399724996,0.3999999998621401,0.0,0.10881916067970689
1272,318.0,physics_sindy_mpc,0,18.36480712890625,684.1951293945312,85.26206970214844,15.248844146728516,167.21487426757812,400.0,1.0,6.123233995736766e-17,0.0,0.8034706869158101,0.42191577784008155,0.38378902502010737,0.0,0.21113521521009723
1273,318.25,physics_sindy_mpc,0,18.889678955078125,690.0604248046875,84.04490661621094,15.82580852508545,203.10128784179688,400.0,0.9978589232386035,-0.06540312923014314,0.0,0.8989435584902997,0.2821367502752229,0.3866526853087047,0.0,0.031873071774417484
1274,318.5,physics_sindy_mpc,0,19.53586196899414,698.7683715820312,82.63005065917969,16.401222229003906,239.9333038330078,400.0,0.9914448613738104,-0.1305261922200516,0.0,0.9907526684774999,0.1460451707199916,0.4000000097995768,0.0,0.0
1275,318.75,physics_sindy_mpc,0,20.215421676635742,707.31982421875,80.5328598022461,16.976634979248047,276.76531982421875,400.0,0.9807852804032304,-0.1950903220161282,0.0,1.0,0.04459531173260696,0.40000000985513406,0.0,0.0
1276,319.0,physics_sindy_mpc,0,20.988279342651367,704.147705078125,78.14581298828125,17.554616928100586,313.35882568359375,400.0,0.9659258262890683,-0.25881904510252063,0.0,1.0,0.0,0.40000000995468715,0.0,0.0
1277,319.25,physics_sindy_mpc,0,21.95733070373535,693.37548828125,75.32910919189453,18.035730361938477,361.2588806152344,400.0,0.9469301294951057,-0.3214394653031616,0.0,1.0,0.0,0.4000000099393057,0.0,0.0
1278,319.5,physics_sindy_mpc,0,23.082996368408203,680.5277099609375,71.35199737548828,18.511070251464844,409.9049377441406,400.0,0.9238795325112868,-0.3826834323650895,0.0,1.0,0.0,0.4000000099734932,0.0,0.0
1279,319.75,physics_sindy_mpc,0,24.11653709411621,667.3440551757812,68.44160461425781,18.986412048339844,458.5509948730469,400.0,0.8968727415326884,-0.44228869021900113,0.0,1.0,0.0,0.40000000998590907,0.0,0.0
1280,320.0,physics_sindy_mpc,0,24.996963500976562,656.2902221679688,67.3604736328125,19.465087890625,507.5943908691406,400.0,0.8660254037844387,-0.4999999999999998,0.0,1.0,0.0,0.4000000099901356,0.0,0.0
1281,320.25,physics_sindy_mpc,0,25.70174789428711,647.8488159179688,66.22981262207031,19.822071075439453,542.4235229492188,400.0,0.8314696123025451,-0.5555702330196023,0.0,1.0,0.0,0.4000000099923547,0.0,0.0
1282,320.5,physics_sindy_mpc,0,26.367420196533203,640.971435546875,65.02941131591797,20.172321319580078,576.4757690429688,400.0,0.7933533402912352,-0.6087614290087207,0.0,1.0,0.0,0.40000000999404,0.0,0.0
1283,320.75,physics_sindy_mpc,0,27.01910400390625,634.8690795898438,63.83489227294922,20.522573471069336,610.5280151367188,400.0,0.7518398074789774,-0.6593458151000688,0.0,1.0,0.0,0.40000000999539104,0.0,0.0
1284,321.0,physics_sindy_mpc,0,27.672286987304688,629.1256103515625,62.63554000854492,20.874744415283203,645.5647583007812,400.0,0.7071067811865476,-0.7071067811865475,0.0,1.0,0.0,0.40000000999620644,0.30554543265806217,0.0
1285,321.25,physics_sindy_mpc,0,28.0356502532959,614.2274169921875,61.62129592895508,21.153846740722656,654.2734985351562,400.0,0.659345815100069,-0.7518398074789773,0.0,1.0,0.0,0.40000000999648394,0.7504235974809876,0.0
1286,321.5,physics_sindy_mpc,0,28.417644500732422,596.7528076171875,60.44343185424805,21.429044723510742,661.9179077148438,400.0000305175781,0.6087614290087209,-0.793353340291235,0.0,1.0,0.0,0.4000000099968899,1.0,0.0
1287,321.75,physics_sindy_mpc,0,28.66548728942871,582.921630859375,59.39628219604492,21.704240798950195,669.562255859375,400.0,0.5555702330196025,-0.831469612302545,0.0,1.0,0.0,0.4000000099972828,1.0,0.0
1288,322.0,physics_sindy_mpc,0,28.747879028320312,573.8038330078125,58.43482208251953,21.978408813476562,677.1068725585938,400.0,0.49999999999999994,-0.8660254037844387,0.0,1.0,0.0,0.40000000999749175,1.0,0.0
1289,322.25,physics_sindy_mpc,0,28.922035217285156,565.763427734375,57.76244354248047,22.300933837890625,690.6382446289062,400.0,0.4422886902190017,-0.8968727415326881,0.0,1.0,0.0,0.40000000999916346,1.0,0.0
1290,322.5,physics_sindy_mpc,0,29.110977172851562,558.2439575195312,57.1947135925293,22.62616729736328,704.537109375,400.0,0.3826834323650899,-0.9238795325112867,0.0,1.0,0.0,0.40000000999793206,1.0,0.0
1291,322.75,physics_sindy_mpc,0,29.30246353149414,551.2446899414062,56.666770935058594,22.95140266418457,718.4359741210938,400.0,0.32143946530316175,-0.9469301294951056,0.0,1.0,0.0,0.4000000099993347,1.0,0.0
1292,323.0,physics_sindy_mpc,0,29.50495147705078,544.7446899414062,56.17246627807617,23.280946731567383,732.7443237304688,400.0000305175781,0.258819045102521,-0.9659258262890682,0.0,1.0,0.0,0.40000000999840946,1.0,0.0
1293,323.25,physics_sindy_mpc,0,29.52012062072754,539.1616821289062,55.40489959716797,23.46254539489746,735.9133911132812,400.0,0.19509032201612816,-0.9807852804032304,0.0,1.0,0.0,0.4000000099985705,1.0,0.0
1294,323.5,physics_sindy_mpc,0,29.522920608520508,534.1419677734375,54.57161331176758,23.637670516967773,738.6931762695312,400.0000305175781,0.130526192220052,-0.9914448613738104,0.0,1.0,0.0,0.4000000099987393,1.0,0.0
1295,323.75,physics_sindy_mpc,0,29.529329299926758,529.5053100585938,53.74106979370117,23.812795639038086,741.4729614257812,400.0,0.06540312923014312,-0.9978589232386035,0.0,1.0,0.0,0.4000000099996138,1.0,0.0
1296,324.0,physics_sindy_mpc,0,29.539472579956055,525.0431518554688,52.89025115966797,23.995515823364258,744.373291015625,400.0,1.2246467991473532e-16,-1.0,0.0,1.0,0.0,0.400000009999185,1.0,0.0
1297,324.25,physics_sindy_mpc,0,29.138750076293945,526.7342529296875,53.27645492553711,23.836952209472656,699.80029296875,400.0,-0.06540312923014287,-0.9978589232386035,0.0,1.0,0.0,0.40000000999912805,1.0,0.0
1298,324.5,physics_sindy_mpc,0,28.6796875,529.41162109375,53.72630310058594,23.66182518005371,651.8491821289062,400.0,-0.13052619222005177,-0.9914448613738104,0.0,1.0,0.0,0.4000000099996496,1.0,0.0
1299,324.75,physics_sindy_mpc,0,28.20517349243164,532.33935546875,54.19239044189453,23.4867000579834,603.8980712890625,400.0,-0.19509032201612792,-0.9807852804032305,0.0,1.0,0.0,0.40000000999891083,1.0,0.0
1300,325.0,physics_sindy_mpc,0,27.71906280517578,535.4794921875,54.66688537597656,23.309545516967773,555.5182495117188,400.0,-0.2588190451025208,-0.9659258262890683,0.0,1.0,0.0,0.40000000999873647,1.0,0.0
1301,325.25,physics_sindy_mpc,0,27.344009399414062,537.9404296875,54.34207534790039,23.20654296875,523.5721435546875,400.0000305175781,-0.32143946530316153,-0.9469301294951057,0.0,1.0,0.0,0.4000000099987139,1.0,0.0
1302,325.5,physics_sindy_mpc,0,26.970373153686523,540.3563232421875,53.947593688964844,23.106470108032227,492.2997131347656,400.0,-0.38268343236508967,-0.9238795325112868,0.0,1.0,0.0,0.4000000099986902,1.0,0.0
1303,325.75,physics_sindy_mpc,0,26.59056854248047,542.854736328125,53.5560417175293,23.006399154663086,461.0272521972656,400.0,-0.44228869021900147,-0.8968727415326883,0.0,1.0,0.0,0.40000000999867397,1.0,0.0
1304,326.0,physics_sindy_mpc,0,26.206186294555664,545.4662475585938,53.12244415283203,22.90826416015625,429.9710693359375,400.0,-0.4999999999999997,-0.8660254037844388,0.0,1.0,0.0,0.40000000999864954,1.0,0.0
1305,326.25,physics_sindy_mpc,0,25.9204044342041,558.571044921875,55.28580093383789,22.642200469970703,386.7641296386719,400.0,-0.555570233019602,-0.8314696123025455,0.0,1.0,0.0,0.40000000999941426,1.0,0.0
1306,326.5,physics_sindy_mpc,0,25.66284942626953,575.5691528320312,57.76028823852539,22.367002487182617,342.982666015625,400.0,-0.6087614290087207,-0.7933533402912352,0.0,1.0,0.0,0.4000000099981889,0.11695587253288255,0.0
1307,326.75,physics_sindy_mpc,0,24.831363677978516,610.470703125,60.98118591308594,22.09180450439453,299.2012023925781,400.0,-0.6593458151000688,-0.7518398074789774,0.0,1.0,0.0,0.40000000999892765,0.0,0.0
1308,327.0,physics_sindy_mpc,0,24.415876388549805,645.0610961914062,63.744110107421875,21.822044372558594,254.76510620117188,400.0,-0.7071067811865471,-0.7071067811865479,0.0,1.0,0.0,0.40000000999550606,0.0,0.0
1309,327.25,physics_sindy_mpc,0,23.54401206970215,642.5422973632812,65.7216567993164,21.0477352142334,233.84056091308594,399.9999694824219,-0.7518398074789773,-0.6593458151000691,0.0,1.0,0.0,0.4000000099965805,0.0,0.0
1310,327.5,physics_sindy_mpc,0,22.52597999572754,633.612548828125,68.4202651977539,20.247159957885742,213.68719482421875,400.0,-0.7933533402912349,-0.6087614290087209,0.0,1.0,0.0,0.4000000099620228,0.0,0.0
1311,327.75,physics_sindy_mpc,0,21.55982208251953,624.292724609375,70.6209945678711,19.446584701538086,193.53382873535156,400.0,-0.8314696123025452,-0.5555702330196022,0.0,1.0,0.012992507084177379,0.3767002547738408,0.0,0.0
1312,328.0,physics_sindy_mpc,0,20.697349548339844,624.5338134765625,72.91522979736328,18.628337860107422,173.51641845703125,400.0000305175781,-0.8660254037844385,-0.5000000000000004,0.0,1.0,0.048101547293187635,0.31632165907798704,0.0,0.0
1313,328.25,physics_sindy_mpc,0,20.322404861450195,667.8617553710938,75.20609283447266,18.387779235839844,145.36703491210938,400.0,-0.8968727415326883,-0.44228869021900136,0.0,0.9592708438602975,0.09331609007547752,0.2890776634086978,0.0,0.002194020182098267
1314,328.5,physics_sindy_mpc,0,19.902202606201172,702.853515625,76.89718627929688,18.162616729736328,116.87435150146484,400.0,-0.9238795325112868,-0.3826834323650895,0.0,0.8077835908276423,0.1415193832036508,0.25975477885136805,0.0,0.11112320863898828
1315,328.75,physics_sindy_mpc,0,19.45041847229004,716.9058837890625,78.70813751220703,17.937454223632812,88.38166046142578,400.0,-0.9469301294951056,-0.3214394653031618,0.0,0.686307807482819,0.19121127396672752,0.23319540060679542,0.0,0.25667241943752644
1316,329.0,physics_sindy_mpc,0,18.990114212036133,732.1263427734375,80.50950622558594,17.708988189697266,59.43898391723633,400.0,-0.9659258262890683,-0.25881904510252063,0.0,0.5678107888173555,0.243099334826302,0.21105508360720096,0.0,0.41843415769479214
1317,329.25,physics_sindy_mpc,0,18.860807418823242,756.8717651367188,83.01181030273438,17.605392456054688,47.164310455322266,400.0,-0.9807852804032303,-0.19509032201612866,0.0,0.47528510705124094,0.2979415450505184,0.20414878640783943,0.0,0.46593280450296687
1318,329.5,physics_sindy_mpc,0,18.762332916259766,775.543701171875,85.10761260986328,17.505319595336914,35.35026931762695,400.0,-0.9914448613738104,-0.13052619222005163,0.0,0.4768393873557014,0.4071163087556636,0.2788846338818314,0.0,0.4971035041975419
1319,329.75,physics_sindy_mpc,0,18.47621726989746,778.2435302734375,85.19871520996094,17.405248641967773,23.536224365234375,400.0,-0.9978589232386035,-0.06540312923014273,0.0,0.4563696868115701,0.5079724948366144,0.32637749851661885,0.0,0.6615830361327117
1320,330.0,physics_sindy_mpc,0,18.32069206237793,803.4993286132812,85.47627258300781,17.307687759399414,11.452260971069336,400.0,-1.0,-1.8369701987210297e-16,0.0,0.39417269802298727,0.6014182846615617,0.36512788239622807,0.0,0.8073438114166189
1321,330.25,physics_sindy_mpc,0,18.16802978515625,789.0130004882812,83.88201904296875,16.80179786682129,8.475117683410645,400.0,-0.9978589232386036,0.06540312923014237,0.0,0.35077428695594065,0.647955070589284,0.33555218791963104,0.0,0.9766920244179065
1322,330.5,physics_sindy_mpc,0,18.631013870239258,895.0675048828125,86.1033935546875,16.27642059326172,5.695343017578125,400.0,-0.9914448613738105,0.13052619222005127,0.0,0.19207807402572868,0.7209313202126276,0.3761925323889983,0.0,0.9479099669217614
1323,330.75,physics_sindy_mpc,0,18.36993408203125,846.7117919921875,86.1033935546875,15.751042366027832,2.9155683517456055,400.0,-0.9807852804032304,0.1950903220161283,0.0,0.2649146703246682,0.8066884154734648,0.4000000087264261,0.0,0.9875346564822562
1324,331.0,physics_sindy_mpc,0,18.370594024658203,907.5921020507812,88.73993682861328,15.223139762878418,0.036909494549036026,400.0,-0.9659258262890684,0.2588190451025203,0.05816016154713455,0.19237352038704778,0.9505981390662548,0.4000000099434046,0.0,0.6212074003522938
1325,331.25,physics_sindy_mpc,0,17.955848693847656,835.554443359375,87.13695526123047,14.819266319274902,0.0,400.0,-0.9469301294951057,0.3214394653031615,0.02067098157679995,0.2748087500766028,1.0,0.4000000096869114,0.0,0.7743775756474598
1326,331.5,physics_sindy_mpc,0,18.00806999206543,908.7758178710938,89.85935974121094,14.418978691101074,0.0,400.0,-0.923879532511287,0.38268343236508917,0.29248300388880616,0.18248299423294326,1.0,0.4000000099593624,0.0,0.512764749262122
1327,331.75,physics_sindy_mpc,0,18.067407608032227,927.6063232421875,90.55535888671875,14.018692016601562,0.0,400.0,-0.8968727415326884,0.442288690219001,0.45295832259577573,0.13687902266688146,1.0,0.40000000987954687,0.0,0.48270783583462407
1328,332.0,physics_sindy_mpc,0,18.168533325195312,919.0457763671875,90.19023132324219,13.616450309753418,0.0,400.0,-0.8660254037844386,0.5000000000000001,0.46945009421238604,0.1338926989816016,1.0,0.40000000986541084,0.0,0.5694269270853737
1329,332.25,physics_sindy_mpc,0,18.323091506958008,907.4375610351562,89.66050720214844,13.313587188720703,0.0,400.0,-0.8314696123025455,0.5555702330196018,0.4156361157549189,0.1450086923845768,1.0,0.40000000985862394,0.0,0.6574845914645324
1330,332.5,physics_sindy_mpc,0,18.4553165435791,899.1355590820312,89.36360168457031,13.013371467590332,0.0,400.0,-0.7933533402912357,0.6087614290087199,0.36888873225791,0.1528570397261488,1.0,0.4000000098533268,0.0,0.7164476656728972
1331,332.75,physics_sindy_mpc,0,18.538297653198242,892.8690795898438,89.30070495605469,12.713155746459961,0.0,400.0,-0.7518398074789772,0.6593458151000691,0.35379046056505,0.1598321335353746,1.0,0.40000000985061007,0.0,0.7395405817750486
1332,333.0,physics_sindy_mpc,0,18.58390235900879,887.7974853515625,89.33088684082031,12.404641151428223,0.0,400.0,-0.7071067811865477,0.7071067811865474,0.3541592483787672,0.16586122046270269,1.0,0.4000000098516671,0.0,0.7470340190858579
1333,333.25,physics_sindy_mpc,0,18.655744552612305,881.624267578125,89.20369720458984,12.376060485839844,0.0,400.0,-0.6593458151000687,0.7518398074789775,0.32245821236648914,0.17705715212142026,1.0,0.40000000984471273,0.0,0.7473974922466655
1334,333.5,physics_sindy_mpc,0,18.710220336914062,875.660888671875,89.17090606689453,12.351042747497559,0.0,400.0,-0.608761429008721,0.7933533402912349,0.2952427246087684,0.19060109909257858,1.0,0.4000000099428367,0.0,0.7322277922027135
1335,333.75,physics_sindy_mpc,0,18.737911224365234,874.0381469726562,89.2336654663086,12.326024055480957,0.0,400.0,-0.555570233019603,0.8314696123025447,0.2819075639381703,0.19668249606942872,1.0,0.400000009943364,0.0,0.7104169431373798
1336,334.0,physics_sindy_mpc,0,18.745742797851562,874.6561279296875,89.3399658203125,12.301265716552734,0.0,400.0,-0.5000000000000004,0.8660254037844384,0.2800727502048931,0.197675954605772,1.0,0.4000000098459393,0.0,0.6871199983265119
1337,334.25,physics_sindy_mpc,0,18.71556282043457,873.6806640625,89.42376708984375,12.25197696685791,0.0,399.9999694824219,-0.4422886902190014,0.8968727415326883,0.2882663499916978,0.1993029141769148,1.0,0.40000000994463286,0.0,0.669094207893585
1338,334.5,physics_sindy_mpc,0,18.67230987548828,872.0062866210938,89.44210052490234,12.20194149017334,0.0,400.0,-0.38268343236508956,0.9238795325112868,0.2952554052017807,0.20050255382633206,1.0,0.40000000984687445,0.0,0.6613683104904358
1339,334.75,physics_sindy_mpc,0,18.625110626220703,869.8493041992188,89.42076873779297,12.151905059814453,0.0,400.0,-0.32143946530316186,0.9469301294951056,0.2987610923734246,0.20186418408745876,1.0,0.4000000098444185,0.0,0.6596522112030287
1340,335.0,physics_sindy_mpc,0,18.575836181640625,867.4896850585938,89.38523864746094,12.102164268493652,0.0,400.0,-0.25881904510252157,0.9659258262890681,0.3007578574564343,0.20350680781748856,1.0,0.40000000994253077,0.0,0.6602734292448992
1341,335.25,physics_sindy_mpc,0,18.519678115844727,865.68798828125,89.3774642944336,12.027750015258789,0.0,400.0,-0.19509032201612872,0.9807852804032303,0.3072712752222063,0.20424043694689833,1.0,0.40000000994218815,0.0,0.6601496603168189
1342,335.5,physics_sindy_mpc,0,18.462717056274414,864.046630859375,89.36064147949219,11.952695846557617,0.0,400.0,-0.13052619222005168,0.9914448613738104,0.3140130393763814,0.20449566878885558,1.0,0.4000000098389719,0.0,0.6619397465477589
1343,335.75,physics_sindy_mpc,0,18.4079647064209,862.3851928710938,89.32872772216797,11.877641677856445,0.0,400.0,-0.0654031292301428,0.9978589232386035,0.3193166894647374,0.204852667167385,1.0,0.4000000098376074,0.0,0.6662352061176109
