t_in,co2,rh,T_out,rad,co2_out,sin_h,cos_h,uBoil,uCO2,uThScr,uVent,uLamp,uBlScr,step,time_h,controller
16.5,417.73931884765625,90.0,4.199999809265137,0.0,400.0,0.0,1.0,0.9999999999,0.9999999999999487,1.0,9.99998999939855e-07,0.0,0.0,0,0.0,rule_based
14.696432113647461,818.2421264648438,95.23453521728516,4.199999809265137,0.0,400.0,0.06540312923014306,0.9978589232386035,1.0,0.001859967475224936,1.0,6.106226635438361e-14,1.0,1.0,1,0.25,rule_based
15.209996223449707,765.45849609375,92.60179901123047,4.199999809265137,0.0,400.0,0.13052619222005157,0.9914448613738104,0.9999999999999993,0.19406910385080103,1.0,6.9180217110442754e-12,1.0,1.0,2,0.5,rule_based
15.869266510009766,799.17333984375,91.13004302978516,4.199999809265137,0.0,400.0,0.19509032201612825,0.9807852804032304,0.9999999999997,0.010675927407598788,1.0,2.9996285455524685e-09,1.0,1.0,3,0.75,rule_based
16.60794448852539,759.9226684570312,89.95582580566406,4.199999809265137,0.0,400.0,0.25881904510252074,0.9659258262890683,0.9999999997297411,0.2861991791544675,1.0,2.7025821127679706e-06,1.0,1.0,4,1.0,rule_based
17.3306827545166,835.7413330078125,89.05687713623047,4.200001239776611,0.0,400.0,0.3214394653031616,0.9469301294951057,0.9999997897520054,0.0003716928173860915,1.0,0.0020980692386790567,1.0,1.0,5,1.25,rule_based
17.942644119262695,788.4760131835938,88.46240234375,4.225090026855469,0.0,400.0,0.3826834323650898,0.9238795325112867,0.9999410407725243,0.028092128017765342,1.0,0.37092162145761487,1.0,1.0,6,1.5,rule_based
16.651430130004883,662.4595336914062,88.11312866210938,4.250107765197754,0.0,400.0,0.44228869021900125,0.8968727415326884,0.9999999995966138,0.99968504828113,1.0,4.033845572792849e-06,1.0,1.0,7,1.75,rule_based
18.116275787353516,1017.4898681640625,86.34405517578125,4.275125980377197,0.0,400.0,0.49999999999999994,0.8660254037844387,0.9997082714194113,1.9971215161758536e-11,1.0,0.10627718136973954,1.0,1.0,8,2.0,rule_based
17.826148986816406,846.468017578125,86.6415023803711,4.299985408782959,0.0,400.0,0.5555702330196022,0.8314696123025452,0.9999798354743807,0.0001384266286897834,1.0,0.1678104573469963,1.0,1.0,9,2.25,rule_based
17.570768356323242,707.2217407226562,86.2751693725586,4.224514961242676,0.0,400.0,0.6087614290087207,0.7933533402912352,0.999998080996849,0.9809231817406056,1.0,0.01882874346347041,1.0,1.0,10,2.5,rule_based
18.671262741088867,1024.994140625,85.49304962158203,4.149460792541504,0.0,400.0,0.6593458151000688,0.7518398074789774,0.9538132439999364,1.000537486588159e-11,1.0,0.02419883804219944,1.0,1.0,11,2.75,rule_based
19.163253784179688,911.6669921875,85.97637939453125,4.07440710067749,0.0,400.0,0.7071067811865476,0.7071067811865476,0.18188652477742864,3.414443692864363e-07,1.0,0.05696795695553784,1.0,1.0,12,3.0,rule_based
18.65066909790039,789.440673828125,87.8423080444336,3.999115228652954,0.0,400.0,0.7518398074789774,0.6593458151000688,0.9614862531092282,0.025765328753193782,1.0,0.6526185405329855,1.0,1.0,13,3.25,rule_based
16.81937026977539,654.9342651367188,87.75086212158203,3.8485982418060303,0.0,400.0,0.7933533402912352,0.6087614290087207,0.9999999981055723,0.9998424921633614,1.0,1.894391728185507e-05,1.0,1.0,14,3.5,rule_based
18.425870895385742,1013.407470703125,85.81961059570312,3.6984903812408447,0.0,400.0,0.8314696123025451,0.5555702330196024,0.9949731492838835,2.9087140249614458e-11,1.0,0.043297767214711576,1.0,1.0,15,3.75,rule_based
18.712669372558594,891.0916137695312,86.25628662109375,3.548382520675659,0.0,400.0,0.8660254037844386,0.5000000000000001,0.9337899756686036,2.2716156565612216e-06,1.0,0.09187140761081927,1.0,1.0,16,4.0,rule_based
18.47451400756836,761.6851196289062,86.36615753173828,3.400038957595825,0.0,400.0,0.8968727415326884,0.44228869021900125,0.9921542455060934,0.254218151304426,1.0,0.11020895938044813,1.0,1.0,17,4.25,rule_based
18.35146713256836,752.5303344726562,86.00709533691406,3.450611114501953,0.0,400.0,0.9238795325112867,0.38268343236508984,0.9974604276546639,0.44199909070664,1.0,0.060085305396178304,1.0,0.9929993872857812,18,4.5,rule_based
18.779794692993164,832.0780639648438,85.61001586914062,3.5006470680236816,0.0,400.0,0.9469301294951056,0.3214394653031617,0.8837234551247768,0.0005207788600819808,1.0,0.02984398731462987,1.0,0.9035583350420721,19,4.75,rule_based
19.312318801879883,745.7492065429688,85.9307632446289,3.55068302154541,0.0,400.0,0.9659258262890683,0.25881904510252074,0.05332463727351141,0.5966466000114509,0.9999999999997538,0.05261829467896181,1.0,0.3795402719058212,20,5.0,rule_based
18.977678298950195,887.7860717773438,87.73576354980469,3.600998878479004,0.000842801877297461,400.0,0.9807852804032304,0.19509032201612833,0.5512169704956712,3.080047457484699e-06,0.9999998213419184,0.6068968052300548,1.0,0.03839822341750121,21,5.25,rule_based
17.3309383392334,709.332275390625,88.58537292480469,3.701509714126587,0.7049285173416138,400.0,0.9914448613738104,0.1305261922200517,0.9999997892554036,0.9769244813839795,0.9983944326259854,0.0021030144174152277,1.0,0.0,22,5.5,rule_based
18.68539810180664,1050.0823974609375,86.441650390625,3.801581621170044,1.3998721837997437,400.0,0.9978589232386035,0.06540312923014327,0.9477271724140572,9.924388126150687e-13,0.9959741091541388,0.12460175539112994,1.0,0.0,23,5.75,rule_based
18.50018310546875,872.0537109375,86.74054718017578,3.901653528213501,2.094815969467163,400.0,1.0,6.123233995736766e-17,0.9900823823950746,1.3117352678386083e-05,0.9899972594665736,0.19798013838940323,1.0,0.0,24,6.0,rule_based
18.176156997680664,714.3067016601562,86.30818176269531,4.0011210441589355,2.8262176513671875,400.0,0.9978589232386035,-0.06540312923014314,0.9994937008632915,0.9639965650939523,0.9842707107747574,0.10016392803567041,1.0,0.0,25,6.25,rule_based
18.55915641784668,961.1172485351562,85.17445373535156,4.050898551940918,19.037063598632812,400.0,0.9914448613738104,-0.1305261922200516,0.9830487972368395,3.5917747788641347e-09,0.9752900364233688,0.013602406543137676,1.0,0.0,26,6.5,rule_based
19.490175247192383,860.8468017578125,84.92375183105469,4.1009345054626465,35.02076721191406,400.0,0.9807852804032304,-0.1950903220161282,0.010828603331068035,3.682236413658387e-05,0.961382999543,0.008614772195873263,1.0,0.0,27,6.75,rule_based
19.311044692993164,788.2737426757812,87.34517669677734,4.150970458984375,51.00447463989258,400.0,0.9659258262890683,-0.25881904510252063,0.05392026983014155,0.02860536929853969,0.9395754668963859,0.42918069444204154,1.0,0.0,28,7.0,rule_based
14.893240928649902,540.3046875,87.76766204833984,4.202070236206055,67.16813659667969,400.0,0.9469301294951057,-0.3214394653031616,1.0,0.9999999959056263,0.601690058365692,3.7414515929867775e-13,1.0,0.0,29,7.25,rule_based
16.16884422302246,878.150390625,85.49246215820312,4.455212116241455,107.78416442871094,400.0,0.9238795325112868,-0.3826834323650895,0.9999999999952645,7.4813739675729655e-06,0.13104752068840764,4.735584258064307e-08,1.0,0.0,30,7.5,rule_based
17.566768646240234,816.6576538085938,84.84468078613281,4.705391883850098,148.0908966064453,400.0,0.8968727415326884,-0.44228869021900113,0.9999981504051496,0.0021515784664136177,0.014832822815804883,0.0074557420279201606,1.0,0.0,31,7.75,rule_based
18.621479034423828,725.8965454101562,84.32975769042969,4.95557165145874,188.3976287841797,400.0,0.8660254037844387,-0.4999999999999998,0.9702958242286678,0.902032281961511,0.0015224547738982987,0.0029010087989076072,1.0,0.0,32,8.0,rule_based
20.168127059936523,993.110595703125,83.06967163085938,5.204198360443115,228.46957397460938,400.0,0.8314696123025451,-0.5555702330196023,2.125622270422619e-05,1.8861460753629731e-10,0.00038512201716213137,0.00028550854292008955,1.0,0.0,33,8.25,rule_based
21.022695541381836,902.6463623046875,84.78813171386719,5.353558540344238,253.37088012695312,400.0,0.7933533402912352,-0.6087614290087207,8.113691880833933e-09,7.83691395496447e-07,9.667013087239019e-05,0.0067232622285951435,1.0,0.0,34,8.5,rule_based
20.993267059326172,783.882568359375,86.82978820800781,5.503666400909424,278.38885498046875,400.0,0.7518398074789774,-0.6593458151000688,1.0639675224810088e-08,0.04226145350344827,2.426009020616802e-05,0.22537925752725066,1.0,0.0,35,8.75,rule_based
13.430778503417969,436.556884765625,81.61983489990234,5.653774261474609,303.4068298339844,400.0,0.7071067811865476,-0.7071067811865475,1.0,0.99999999999971,6.135975891467568e-06,0.0,1.0,0.0,36,9.0,rule_based
19.4195613861084,761.3153686523438,82.25535583496094,5.803028583526611,327.77508544921875,400.0,0.659345815100069,-0.7518398074789773,0.020546376245772588,0.2607289466198057,2.451089152955116e-06,6.371658171007541e-05,1.0,0.0,37,9.25,rule_based
21.529499053955078,775.2365112304688,85.893310546875,5.902659893035889,327.0648498535156,400.0,0.6087614290087209,-0.793353340291235,7.620791302259749e-11,0.08912521404985223,9.751517088031246e-07,0.049282783300897866,1.0,0.0,38,9.5,rule_based
19.202375411987305,589.1814575195312,88.02790832519531,6.002731800079346,326.3699035644531,400.0,0.5555702330196025,-0.831469612302545,0.13424310396388453,0.9999996308012644,3.879581486904928e-07,0.725604840125087,1.0,0.0,39,9.75,rule_based
10.015408515930176,464.4115295410156,76.56342315673828,6.102803707122803,325.67498779296875,400.0,0.49999999999999994,-0.8660254037844387,1.0,0.999999999996229,1.5970672464687358e-07,0.0,1.0,0.0,40,10.0,rule_based
18.552654266357422,789.7539672851562,80.59799194335938,6.199169158935547,324.8922119140625,400.0,0.4422886902190017,-0.8968727415326881,0.9840184433974151,0.02505095069835287,8.329755935623671e-07,3.008803451787825e-06,1.0,0.0,41,10.25,rule_based
21.419557571411133,715.53271484375,85.1578598022461,6.01984167098999,308.5570068359375,400.0,0.3826834323650899,-0.9238795325112867,2.0978446392493226e-10,0.9598653466081647,4.179593626956015e-06,0.013198307767986129,1.0,0.0,42,10.5,rule_based
21.335987091064453,943.7233276367188,87.56160736083984,5.8447160720825195,292.57330322265625,400.0,0.32143946530316175,-0.9469301294951056,4.5295265804283187e-10,1.7826467758585638e-08,2.0971524427999334e-05,0.5283391674241393,1.0,0.0,43,10.75,rule_based
10.238354682922363,399.2889099121094,78.06708526611328,5.669589996337891,276.5895690917969,400.0,0.258819045102521,-0.9659258262890682,1.0,0.9999999999999907,0.00010421497751878199,0.0,1.0,0.0,44,11.0,rule_based
17.57513999938965,736.2596435546875,82.24231719970703,5.495506286621094,260.97259521484375,400.0000305175781,0.19509032201612816,-0.9807852804032304,0.9999980021536378,0.7799763377851043,0.0003281201407863079,6.220508850517514e-05,1.0,0.0,45,11.25,rule_based
20.34900665283203,964.8903198242188,84.73987579345703,5.370955944061279,258.24346923828125,400.0,0.130526192220052,-0.9914448613738104,4.017654316835438e-06,2.5373788540787075e-09,0.001037728998757674,0.006154869319691357,1.0,0.0,46,11.5,rule_based
20.891761779785156,844.6741943359375,87.40641021728516,5.245866298675537,255.4636993408203,400.0,0.06540312923014312,-0.9978589232386035,2.7099045213563305e-08,0.00016329059553322423,0.0032769425355383525,0.45700699771352304,1.0,0.0,47,11.75,rule_based
10.36240291595459,402.6393127441406,77.1108627319336,5.120776653289795,252.6839141845703,400.0,1.2246467991473532e-16,-1.0,1.0,0.9999999999999873,0.009749231386926094,0.0,1.0,0.0,48,12.0,rule_based
17.42910385131836,741.20166015625,82.26911163330078,5.0016937255859375,249.8690185546875,400.0,-0.06540312923014287,-0.9978589232386035,0.9999994795047227,0.6921857847280117,0.0009212410251115755,6.53521189273303e-05,1.0,0.0,49,12.25,rule_based
20.17314910888672,938.7686767578125,84.9120101928711,5.2588067054748535,244.9676513671875,400.0,-0.13052619222005177,-0.9914448613738104,2.0295353316626005e-05,2.813545551425744e-08,9.204806410686456e-05,0.008432048105920029,1.0,0.0,50,12.5,rule_based
20.53201675415039,813.600830078125,87.6117935180664,5.508986473083496,240.10304260253906,400.0,-0.19509032201612792,-0.9807852804032305,7.446200971777128e-07,0.0028492256957532206,9.190343381396891e-06,0.5513036218010289,1.0,0.0,51,12.75,rule_based
10.009469032287598,399.01202392578125,76.72357177734375,5.759166240692139,235.23843383789062,400.0,-0.2588190451025208,-0.9659258262890683,1.0,0.9999999999999909,1.014685416847455e-06,0.0,1.0,0.0,52,13.0,rule_based
17.130285263061523,739.6900634765625,82.3430404663086,5.998416900634766,230.19432067871094,400.0,-0.32143946530316153,-0.9469301294951057,0.999999966799624,0.7210301644322574,6.768286413043846e-06,7.48850090159241e-05,1.0,0.0,53,13.25,rule_based
19.589757919311523,952.452880859375,85.39302062988281,5.792379379272461,212.53294372558594,400.0,-0.38268343236508967,-0.9238795325112868,0.004355865531261741,7.977806828431318e-09,4.276005181734833e-05,0.020209284260982268,1.0,0.0,54,13.5,rule_based
18.91788673400879,781.2686767578125,88.04029083251953,5.592235565185547,195.15936279296875,400.0,-0.44228869021900147,-0.8968727415326883,0.6805480786691703,0.053153653161329965,0.0002700937927346108,0.7301247336983185,1.0,0.0,55,13.75,rule_based
9.026185989379883,402.4318542480469,75.98796844482422,5.392092227935791,177.7857666015625,400.0,-0.4999999999999997,-0.8660254037844388,1.0,0.9999999999999876,0.0016428858549851727,0.0,1.0,0.0,56,14.0,rule_based
15.91490364074707,752.5796508789062,81.6052017211914,5.195919513702393,160.6844940185547,400.0,-0.555570233019602,-0.8314696123025455,0.9999999999995433,0.4408796466538563,0.0032425211467208316,4.56681714666729e-09,1.0,0.0,57,14.25,rule_based
18.18635368347168,868.7963256835938,84.90727233886719,5.121926784515381,152.43629455566406,400.0,-0.6087614290087207,-0.7933533402912352,0.9994438699714667,1.770683569262524e-05,0.00645205138249312,0.00835928659451101,1.0,0.0,58,14.5,rule_based
18.671831130981445,774.6199340820312,85.71665954589844,5.046872615814209,144.0969696044922,400.0,-0.6593458151000688,-0.7518398074789774,0.9535825494828074,0.09384351569322467,0.012797667758543857,0.03608854784738297,1.0,0.0,59,14.75,rule_based
17.385900497436523,652.0360107421875,85.23657989501953,4.971818923950195,135.7576446533203,400.0,-0.7071067811865471,-0.7071067811865479,0.9999996503754854,0.999879388467147,0.025688446795348353,0.0034840652169653152,1.0,0.0,60,15.0,rule_based
18.59956932067871,977.3546142578125,84.10748291015625,4.894740104675293,127.17105102539062,400.0,-0.7518398074789773,-0.6593458151000691,0.9755912128028783,8.050350364200028e-10,0.11903048916539614,0.0019281583429918293,1.0,0.0,61,15.25,rule_based
18.97378921508789,909.4744873046875,84.56836700439453,4.717325687408447,106.03083038330078,400.0,-0.7933533402912349,-0.6087614290087209,0.5600621162163752,4.1784925865808563e-07,0.40403629863690005,0.00449507276298665,1.0,0.0,62,15.5,rule_based
18.671789169311523,839.5633544921875,85.91191864013672,4.542200088500977,85.18252563476562,400.0,-0.8314696123025452,-0.5555702330196022,0.9535997964205981,0.0002614287354354151,0.7728182020950151,0.050914994309868386,1.0,0.0,63,15.75,rule_based
16.98961639404297,664.2020874023438,85.7396011352539,4.367074012756348,64.33421325683594,400.0,-0.8660254037844385,-0.5000000000000004,0.9999999909120197,0.9996302393690619,0.9452977261210085,9.08715457125231e-05,1.0,0.0,64,16.0,rule_based
19.224716186523438,1029.133544921875,84.28865814208984,4.190608978271484,43.846473693847656,400.0,-0.8968727415326883,-0.44228869021900136,0.11207622823648046,6.833719186937807e-12,0.9928414702486035,0.0026900468806098435,1.0,0.0,65,16.25,rule_based
20.228744506835938,979.6768798828125,86.83070373535156,3.9644858837127686,33.541019439697266,400.0,-0.9238795325112868,-0.3826834323650895,1.2162265527471489e-05,6.500183130590653e-10,0.999094468706584,0.22567741124026242,1.0,0.0,66,16.5,rule_based
18.41564178466797,791.7324829101562,89.74703216552734,3.7393243312835693,23.116863250732422,400.0,-0.9469301294951056,-0.3214394653031618,0.9954230801747767,0.02096515386669279,0.999886079885062,0.978714184958343,1.0,0.0,67,16.75,rule_based
17.059188842773438,652.6170654296875,88.4000244140625,3.514162540435791,12.692707061767578,400.0,-0.9659258262890683,-0.25881904510252063,0.9999999827513052,0.9998727594736446,0.9999850389330233,0.0001724572046042372,1.0,0.0,68,17.0,rule_based
18.439434051513672,1015.2146606445312,86.36204528808594,3.2937421798706055,2.722198486328125,400.0,-0.9807852804032303,-0.19509032201612866,0.9943080774039424,2.4627032827791194e-11,0.9999939722456967,0.10946740789219697,1.0,0.0,69,17.25,rule_based
18.309892654418945,855.663818359375,86.51220703125,3.1950395107269287,2.0488855838775635,400.0,-0.9914448613738104,-0.13052619222005163,0.9982669159573665,5.934995978592294e-05,0.9999999806269987,0.139483486018965,1.0,0.018756710125835352,70,17.5,rule_based
18.249589920043945,726.1658935546875,86.07158660888672,3.0949676036834717,1.3539420366287231,400.0,-0.9978589232386035,-0.06540312923014273,0.9990047644616941,0.8998176069771356,0.9999999999999731,0.06715473775676423,1.0,0.2264581004094327,71,17.75,rule_based
18.671058654785156,988.5098876953125,85.30156707763672,2.9948956966400146,0.6589983105659485,400.0,-1.0,-1.8369701987210297e-16,0.9538961692415338,2.8814063646868036e-10,1.0,0.01712974159014227,0.0,0.0,72,18.0,rule_based
18.680545806884766,944.9910888671875,79.4398193359375,2.8957221508026123,0.0,400.0,-0.9978589232386036,0.06540312923014237,0.01860622504853683,1.5861932622825616e-16,1.0,3.563286650105511e-07,0.0,0.0,73,18.25,rule_based
18.12221336364746,946.5864868164062,79.9966049194336,2.821063995361328,0.0,400.0,-0.9914448613738105,0.13052619222005127,0.0032340121210233685,1.3694259277195407e-24,1.0,9.937684754826642e-07,0.0,0.0,74,18.5,rule_based
17.13126564025879,955.15478515625,82.71136474609375,2.7460100650787354,0.0,400.0,-0.9807852804032304,0.1950903220161283,0.028984308524872205,6.220256042214669e-33,1.0,0.00014757973216908586,0.0,0.0,75,18.75,rule_based
16.220090866088867,960.2257690429688,84.67407989501953,2.6709561347961426,0.0,400.0,-0.9659258262890684,0.2588190451025203,0.11638605641744501,3.899143604858748e-41,1.0,0.005456184220225796,0.0,0.0,76,19.0,rule_based
15.4464693069458,948.4838256835938,85.6607666015625,2.598156690597534,0.0,400.0,-0.9469301294951057,0.3214394653031615,0.9939293951072289,1.1498626456407313e-40,1.0,0.03267278209584582,0.0,0.0,77,19.25,rule_based
15.061984062194824,893.9540405273438,83.79360961914062,2.5736160278320312,0.0,400.0,-0.923879532511287,0.38268343236508917,0.9998230459076406,1.7451624762527748e-38,1.0,0.001082466435476728,0.0,0.0,78,19.5,rule_based
15.361591339111328,879.9020385742188,81.11040496826172,2.548598051071167,0.0,400.0,-0.8968727415326884,0.442288690219001,0.9972128887962213,6.366762305531196e-38,1.0,7.732427130014524e-06,0.0,0.0,79,19.75,rule_based
15.684002876281738,879.8814086914062,79.28498840332031,2.5235800743103027,0.0,400.0,-0.8660254037844386,0.5000000000000001,0.9483601904542792,6.378867344308089e-38,1.0,2.6791114868554305e-07,0.0,0.0,80,20.0,rule_based
15.94627857208252,880.201416015625,78.03038024902344,2.493208169937134,0.0,400.0,-0.8314696123025455,0.5555702330196018,0.6212347977442484,6.193612192373242e-38,1.0,2.7943355922534968e-08,0.0,0.0,81,20.25,rule_based
15.950103759765625,879.5320434570312,78.04420471191406,2.208986282348633,0.0,400.0,-0.7933533402912357,0.6087614290087199,0.6129104774263866,6.587450967574299e-38,1.0,2.8190552037998037e-08,0.0,0.0,82,20.5,rule_based
15.766005516052246,878.1384887695312,78.56696319580078,1.9337886571884155,0.0,400.0,-0.7518398074789772,0.6593458151000691,0.8961505466619805,7.489629229597926e-38,1.0,7.137968853847638e-08,0.0,0.0,83,20.75,rule_based
15.729305267333984,877.0662231445312,78.12230682373047,1.6585909128189087,0.0,400.0,-0.7071067811865477,0.7071067811865474,0.9236630819387537,8.267058410393048e-38,1.0,3.146624490830026e-08,0.0,0.0,84,21.0,rule_based
15.827774047851562,876.3116455078125,77.1961898803711,1.3814704418182373,0.0,400.0,-0.6593458151000687,0.7518398074789775,0.8300887286072204,8.862032827531816e-38,1.0,2.127033887013415e-08,0.0,0.0,85,21.25,rule_based
15.873037338256836,875.7131958007812,76.65237426757812,1.0551401376724243,0.0,400.0,-0.608761429008721,0.7933533402912349,0.7630317676953605,9.364216733438686e-38,1.0,2.3606786217322938e-08,0.0,0.0,86,21.5,rule_based
15.809062004089355,875.19189453125,76.55339050292969,0.7299065589904785,0.0,400.0,-0.555570233019603,0.8314696123025447,0.8530346955900938,9.824791907753773e-38,1.0,2.037333009784856e-08,0.0,0.0,87,21.75,rule_based
15.750950813293457,875.093994140625,76.29370880126953,0.40467289090156555,0.0,400.0,-0.5000000000000004,0.8660254037844384,0.9083646661926716,9.913794062441882e-38,1.0,1.7821763480219843e-08,0.0,0.0,88,22.0,rule_based
15.759881019592285,875.5820922851562,75.7403564453125,0.10489039123058319,0.0,400.0,-0.4422886902190014,0.8968727415326883,0.9012844380766991,9.477995255544454e-38,1.0,1.8192020196661504e-08,0.0,0.0,89,22.25,rule_based
15.868464469909668,876.4083251953125,75.187744140625,0.3393961191177368,0.0,400.0,-0.38268343236508956,0.9238795325112868,0.7705626814045062,8.783486166054832e-38,1.0,2.335952521426677e-08,0.0,0.0,90,22.5,rule_based
15.912209510803223,876.986328125,75.24832916259766,0.5645578503608704,0.0,400.0,-0.32143946530316186,0.9469301294951056,0.6918077570352823,8.328137531766173e-38,1.0,2.5835035213976772e-08,0.0,0.0,91,22.75,rule_based
15.846949577331543,877.1885375976562,75.84097290039062,0.7897196412086487,0.0,400.0,-0.25881904510252157,0.9659258262890681,0.8037096501501008,8.174466197038016e-38,1.0,2.2230535886707772e-08,0.0,0.0,92,23.0,rule_based
15.822026252746582,877.4575805664062,76.16545104980469,0.9976357221603394,0.0,399.9999694824219,-0.19509032201612872,0.9807852804032303,0.8374260664070101,7.974369250845291e-38,1.0,2.0990660314029223e-08,0.0,0.0,93,23.25,rule_based
15.8255033493042,877.3685302734375,76.1629867553711,0.8933141827583313,0.0,400.0,-0.13052619222005168,0.9914448613738104,0.8330183563100022,8.040036720102068e-38,1.0,2.115940887935985e-08,0.0,0.0,94,23.5,rule_based
15.83114242553711,876.7899169921875,76.05357360839844,0.7932422757148743,0.0,400.0,-0.0654031292301428,0.9978589232386035,0.8256689485189483,8.480146932872608e-38,1.0,2.1435923085180296e-08,0.0,0.0,95,23.75,rule_based
15.821041107177734,875.6838989257812,75.95832061767578,0.6931703686714172,0.0,400.0,0.0,1.0,0.9999999999998077,9.389447399738348e-06,1.0,5.843265378522708e-10,0.0,0.0,96,24.0,rule_based
15.921207427978516,874.4796142578125,75.35301971435547,0.5909495949745178,0.0,400.0,0.06540312923014306,0.9978589232386035,0.9999999999995159,1.0490891190046435e-05,1.0,1.9160785005599675e-10,1.0,1.0,97,24.25,rule_based
16.516971588134766,834.3014526367188,84.03291320800781,0.43953990936279297,0.0,400.0,0.13052619222005157,0.9914448613738104,0.9999999998830802,0.00042438197218967993,1.0,1.169196298111963e-06,1.0,1.0,98,24.5,rule_based
17.322031021118164,798.2713623046875,84.90777587890625,0.2894320487976074,0.0,400.0,0.19509032201612825,0.9807852804032304,0.9999998058560048,0.011589931174335032,1.0,0.0019376784424999238,1.0,1.0,99,24.75,rule_based
17.859195709228516,766.33154296875,85.20342254638672,0.13932423293590546,0.0,400.0,0.25881904510252074,0.9659258262890683,0.9999726618307734,0.18180143504773763,1.0,0.014337394097450475,1.0,1.0,100,25.0,rule_based
18.105587005615234,788.1312866210938,85.2851333618164,0.004841497167944908,0.0,400.0,0.3214394653031616,0.9469301294951057,0.9997356171015873,0.02897212771158588,1.0,0.016627591991611488,1.0,1.0,101,25.25,rule_based
18.485488891601562,744.149169921875,85.27530670166016,0.18770667910575867,0.0,400.0,0.3826834323650898,0.9238795325112867,0.991326947360024,0.6315529782559315,1.0,0.016334088961669803,1.0,1.0,102,25.5,rule_based
18.98382568359375,943.8040771484375,85.17350006103516,0.3628324866294861,0.0,400.0,0.44228869021900125,0.8968727415326884,0.5371746410875231,1.7694437478725174e-08,1.0,0.013578861471937025,1.0,1.0,103,25.75,rule_based
19.28616714477539,879.4542236328125,86.31359100341797,0.5379583239555359,0.0,400.0,0.49999999999999994,0.8660254037844387,0.0668761057409533,6.634812684780152e-06,1.0,0.10106530408227922,1.0,1.0,104,26.0,rule_based
18.230735778808594,765.703125,88.42922973632812,0.7143534421920776,0.0,400.0,0.5555702330196022,0.8314696123025452,0.9991632753770081,0.19057021550059378,1.0,0.8470564761228644,1.0,1.0,105,26.25,rule_based
15.874824523925781,694.0736694335938,87.75333404541016,0.9150970578193665,0.0,400.0,0.6087614290087207,0.7933533402912352,0.9999999999996843,0.9942397746225874,1.0,3.1571625314086305e-09,1.0,1.0,106,26.5,rule_based
17.769765853881836,1050.4046630859375,85.36600494384766,1.1152408123016357,0.0,400.0,0.6593458151000688,0.7518398074789774,0.9999880034936054,9.634168238019758e-13,1.0,0.019247187518664548,1.0,1.0,107,26.75,rule_based
18.65498161315918,977.7003784179688,85.8660888671875,1.3153846263885498,0.0,400.0,0.7071067811865476,0.7071067811865476,0.9599877441557949,7.798058548191384e-10,1.0,0.04698594631429673,1.0,1.0,108,27.0,rule_based
18.911630630493164,879.135986328125,86.20499420166016,1.4856191873550415,0.0,400.0,0.7518398074789774,0.6593458151000688,0.6929412702996044,6.8321551363397994e-06,1.0,0.08428590009563795,1.0,1.0,109,27.25,rule_based
18.51384735107422,769.1897583007812,86.7682876586914,1.014737606048584,0.0,400.0,0.7933533402912352,0.6087614290087207,0.9887672696818108,0.14586015086373394,1.0,0.20622027784569555,1.0,1.0,110,27.5,rule_based
17.473173141479492,708.78173828125,86.42334747314453,0.5644140839576721,0.0,400.0,0.8314696123025451,0.5555702330196024,0.9999992189276824,0.9780403042378395,1.0,0.007750194604921767,1.0,1.0,111,27.75,rule_based
18.62297821044922,1049.8648681640625,85.01807403564453,0.11409058421850204,0.0,400.0,0.8660254037844386,0.5000000000000001,0.9698951182998243,1.0125255070804259e-12,1.0,0.010232734955547275,1.0,1.0,112,28.0,rule_based
19.159923553466797,982.1600952148438,85.38343811035156,-0.2931599020957947,0.0,400.0,0.8968727415326884,0.44228869021900125,0.18649511062447063,5.171258672770262e-10,1.0,0.019862590986735415,1.0,1.0,113,28.25,rule_based
18.982385635375977,906.462158203125,87.2782211303711,-0.08375269919633865,0.0,400.0,0.9238795325112867,0.38268343236508984,0.5404698349890343,5.514607994463119e-07,1.0,0.39926286085931345,1.0,0.9913455773025466,114,28.5,rule_based
16.448970794677734,733.0587768554688,88.22750854492188,0.11639108508825302,0.0,400.0,0.9469301294951056,0.3214394653031617,0.9999999999375,0.8264025693082663,1.0,6.249990627260615e-07,1.0,0.8858881552474692,115,28.75,rule_based
17.93637466430664,1019.7228393554688,86.01238250732422,0.3165348768234253,0.0,400.0,0.9659258262890683,0.25881904510252074,0.9999443487720077,1.625866436586422e-11,1.0,0.06063690953455276,1.0,0.3374340541086348,116,29.0,rule_based
18.4002742767334,905.2385864257812,86.02936553955078,0.5117766261100769,0.07605629414319992,400.0,0.9807852804032304,0.19509032201612833,0.9960246918726591,6.172413708493997e-07,1.0,0.06244328025651488,1.0,0.032197370275294235,117,29.25,rule_based
18.870254516601562,800.45263671875,85.84078216552734,0.6355140209197998,2.2585670948028564,400.0,0.9914448613738104,0.1305261922200517,0.7676355508763048,0.009500527264287208,0.9999999999999989,0.044942793657850665,1.0,0.0,118,29.5,rule_based
19.31389617919922,725.5338745117188,86.26239776611328,0.7606039047241211,4.343398094177246,400.0,0.9978589232386035,0.06540312923014327,0.05259607736772838,0.9049446850359841,0.9999999999999964,0.09281486102237976,1.0,0.0,119,29.75,rule_based
18.73320770263672,982.7955322265625,88.07030487060547,0.8856937289237976,6.428228855133057,400.0,1.0,6.123233995736766e-17,0.9210895679432329,4.877294669071093e-10,0.9999999999999871,0.7408779263405675,1.0,0.0,120,30.0,rule_based
16.872398376464844,766.7371215820312,88.06449890136719,1.0267666578292847,8.815274238586426,400.0,0.9978589232386035,-0.06540312923014314,0.9999999969126223,0.17631053604856936,0.9999999999990952,3.087282290792359e-05,1.0,0.0,121,30.25,rule_based
18.872798919677734,788.0151977539062,85.6129379272461,1.4891444444656372,17.391565322875977,400.0,0.9914448613738104,-0.1305261922200516,0.7634289450078947,0.029274551978803767,0.9999999999427374,0.030000146983507513,1.0,0.0,122,30.5,rule_based
19.78501319885254,737.974853515625,86.74385833740234,1.9394680261611938,25.73088836669922,400.0,0.9807852804032304,-0.1950903220161282,0.0007238263390436879,0.7516723588006293,0.9999999963761845,0.19895258561078025,1.0,0.0,123,30.75,rule_based
18.894065856933594,907.1893310546875,88.92203521728516,2.389791488647461,34.070213317871094,400.0,0.9659258262890683,-0.25881904510252063,0.7262538291624953,5.157363855169869e-07,0.9999998188275767,0.9321056425683494,1.0,0.0,124,31.0,rule_based
17.589784622192383,714.8199462890625,88.88990020751953,2.8145229816436768,43.23124694824219,399.9999694824219,0.9469301294951057,-0.3214394653031616,0.9999977136607743,0.9623196088431261,0.9999994441834651,0.0223523918602071,1.0,0.0,125,31.25,rule_based
19.808795928955078,1029.850830078125,86.1766357421875,2.9362330436706543,67.39955139160156,400.0,0.9238795325112868,-0.3826834323650895,0.0005815203380671684,6.396898525112395e-12,0.9999982409005472,0.08034091859267233,1.0,0.0,126,31.5,rule_based
20.360349655151367,885.3956909179688,88.64048767089844,3.0613226890563965,91.02764129638672,400.0,0.8968727415326884,-0.44228869021900113,3.619105464850044e-06,3.8385962338416706e-06,0.9999944326542504,0.8909862709306227,1.0,0.0,127,31.75,rule_based
18.605602264404297,689.1242065429688,90.93704986572266,3.1864125728607178,114.65572357177734,399.9999694824219,0.8660254037844387,-0.4999999999999998,0.974232587256714,0.9963408869015341,0.9999806542268335,0.9962333703288089,1.0,0.0,128,32.0,rule_based
18.532241821289062,911.16162109375,88.68367004394531,3.321648597717285,139.15084838867188,400.0,0.8314696123025451,-0.5555702330196023,0.9867210953254714,3.577137938777436e-07,0.999675551392244,0.8984749053902948,1.0,0.0,129,32.25,rule_based
19.3314266204834,705.3922729492188,86.97063446044922,3.627821683883667,177.0888214111328,400.0,0.7933533402912352,-0.6087614290087207,0.045107445336303384,0.9838336280620997,0.9948723673857425,0.2738597723708296,1.0,0.0,130,32.5,rule_based
20.679594039916992,933.7083129882812,87.12909698486328,3.928037405014038,214.61578369140625,400.0,0.7518398074789774,-0.6593458151000688,1.9125826232295064e-07,4.4840055492629026e-08,0.9243436019591873,0.33553902067965335,1.0,0.0,131,32.75,rule_based
17.99236488342285,588.5565795898438,89.23380279541016,4.22825288772583,252.1427459716797,400.0,0.7071067811865476,-0.7071067811865475,0.9999067991156456,0.9999996514505984,0.3867441836694642,0.48242729804730633,1.0,0.0,132,33.0,rule_based
13.37932014465332,568.8578491210938,84.31033325195312,4.550054550170898,288.4368591308594,400.0,0.659345815100069,-0.7518398074789773,1.0,0.9999999432045782,0.0014150991306615963,0.0,1.0,0.0,133,33.25,rule_based
21.275178909301758,896.0997314453125,81.09252166748047,5.212149620056152,309.697265625,400.0,0.6087614290087209,-0.793353340291235,7.930263576123063e-10,1.4322216928597346e-06,3.544305682295061e-06,7.481992093354478e-06,1.0,0.0,134,33.5,rule_based
24.523582458496094,808.6843872070312,85.93107604980469,5.862617015838623,331.2405090332031,400.0,0.5555702330196025,-0.831469612302545,8.047660334120709e-23,0.004473784248870359,8.86468989214841e-09,0.05264677233850795,0.9999999999999845,0.0,135,33.75,rule_based
23.82581329345703,625.3328247070312,89.55016326904297,6.5130839347839355,352.7837829589844,400.0,0.49999999999999994,-0.8660254037844387,4.9744923734888713e-20,0.9999896888105048,3.73314872942828e-11,0.9776110397349749,1.0,0.0,136,34.0,rule_based
13.018539428710938,491.0269775390625,72.509033203125,7.10698127746582,374.67156982421875,400.0,0.4422886902190017,-0.8968727415326881,1.0,0.9999999999562399,2.400501275349103e-11,0.0,0.0,0.0,137,34.25,rule_based
20.894121170043945,832.9298095703125,79.8546142578125,7.154924392700195,401.2101745605469,399.9999694824219,0.3826834323650899,-0.9238795325112867,2.6516311876741414e-08,0.00048150177404394554,1.514112551370267e-11,2.4781103484425543e-06,0.0,0.0,138,34.5,rule_based
23.88877296447754,758.3818359375,86.80279541015625,7.204960346221924,427.6180114746094,400.0000305175781,0.32143946530316175,-0.9469301294951056,2.785511379587898e-20,0.3160475344296162,9.550242033822599e-12,0.21681895693549785,0.0,0.0,139,34.75,rule_based
16.92806625366211,507.07781982421875,79.91693115234375,7.254996299743652,454.02587890625,400.0,0.258819045102521,-0.9659258262890682,0.9999999948445328,0.9999999998080833,6.856810909717915e-12,8.581159115731542e-07,0.0,0.0,140,35.0,rule_based
22.787565231323242,831.6226196289062,82.29657745361328,7.290969371795654,478.34576416015625,400.0,0.19509032201612816,-0.9807852804032304,7.075184503903742e-16,0.00054307544970865,3.723541054940889e-11,0.00019385694233154408,0.0,0.0,141,35.25,rule_based
24.999412536621094,741.1868896484375,86.11168670654297,7.1072611808776855,482.3667907714844,400.0,0.130526192220052,-0.9914448613738104,1.005432065144481e-24,0.6924763808365695,1.868354927101169e-10,0.07193307339250644,0.0,0.0,142,35.5,rule_based
21.24551773071289,716.5601196289062,85.35127258300781,6.932135105133057,486.5364685058594,400.0,0.06540312923014312,-0.9978589232386035,1.0421509641597274e-09,0.9560569725002251,9.374813061074994e-10,0.01874145169202732,0.0,0.0,143,35.75,rule_based
23.16473388671875,930.3329467773438,84.73522186279297,6.757009506225586,490.70611572265625,400.0,1.2246467991473532e-16,-1.0,2.1931279146350812e-17,6.119030236185384e-08,4.334724647750335e-09,0.0061026601510115,0.0,0.0,144,36.0,rule_based
24.557756423950195,802.7264404296875,86.87554168701172,6.590759754180908,493.3882751464844,400.0,-0.06540312923014287,-0.9978589232386035,5.874561775980863e-23,0.007719272523520789,8.536354890299339e-09,0.2404353823699625,0.0,0.0,145,36.25,rule_based
15.117904663085938,427.59210205078125,72.60871887207031,6.517181873321533,472.97308349609375,400.0,-0.13052619222005177,-0.9914448613738104,0.9999999999999998,0.999999999999873,1.7040727459698845e-08,2.9622970743048427e-12,0.0,0.0,146,36.5,rule_based
21.135082244873047,759.5067138671875,81.79622650146484,6.4421281814575195,453.5146484375,400.0,-0.19509032201612792,-0.9807852804032305,2.8818370905379823e-09,0.2940909580467782,3.4017609814373036e-08,2.7350637940476463e-05,0.0,0.0,147,36.75,rule_based
23.028987884521484,795.8063354492188,86.88274383544922,6.367074012756348,434.0562438964844,400.0,-0.2588190451025208,-0.9659258262890683,7.656841478430442e-17,0.014501180613106283,7.255553037453037e-08,0.24286909794080844,0.0,0.0,148,37.0,rule_based
14.176548957824707,430.871826171875,74.48495483398438,6.28483247756958,413.4068908691406,400.0,-0.32143946530316153,-0.9469301294951057,1.0,0.9999999999998284,3.75821709852953e-07,4.440892098500626e-16,1.0,0.0,149,37.25,rule_based
20.68257713317871,749.0809936523438,80.58212280273438,6.106254577636719,377.4562683105469,400.0,-0.38268343236508967,-0.9238795325112868,1.860773175930013e-07,0.5211480669246371,1.8857514200452406e-06,2.922123536034251e-06,1.0,0.0,150,37.5,rule_based
22.416507720947266,860.16943359375,85.71939086914062,5.93112850189209,342.0141296386719,400.0,-0.44228869021900147,-0.8968727415326883,2.1575779122356394e-14,3.919266010225408e-05,9.462031470231952e-06,0.03626350127332254,1.0,0.0,151,37.75,rule_based
20.094083786010742,647.6451416015625,87.92608642578125,5.756002902984619,306.572021484375,400.0,-0.4999999999999997,-0.8660254037844388,4.203848255409333e-05,0.999919505045279,4.351990857506186e-05,0.6867337094813937,1.0,0.0,152,38.0,rule_based
9.682387351989746,473.0821533203125,67.1879653930664,5.590323448181152,272.186767578125,400.0,-0.555570233019602,-0.8314696123025455,1.0,0.9999999999916191,8.569601447978567e-05,0.0,1.0,0.0,153,38.25,rule_based
16.795412063598633,805.7191162109375,80.4208984375,5.516750335693359,248.79183959960938,400.0,-0.6087614290087207,-0.7933533402912352,0.9999999984806895,0.005870543483223039,0.00017105635766175012,2.17130320958098e-06,1.0,0.0,154,38.5,rule_based
19.204822540283203,738.2777099609375,85.35547637939453,5.441696643829346,225.16375732421875,400.0,-0.6593458151000688,-0.7518398074789774,0.13164639769720132,0.7464308847227527,0.00034141365603149664,0.0188842510094708,1.0,0.0,155,38.75,rule_based
18.769207000732422,885.259033203125,87.03927612304688,5.366642475128174,201.53565979003906,400.0,-0.7071067811865471,-0.7071067811865479,0.8933736921694327,3.887196867789414e-06,0.0008041261544562107,0.29970861932561854,1.0,0.0,156,39.0,rule_based
11.417595863342285,426.5390319824219,74.83684539794922,5.273581504821777,177.78709411621094,400.0,-0.7518398074789773,-0.6593458151000691,1.0,0.9999999999998848,0.017343262920966624,0.0,1.0,0.0,157,39.25,rule_based
16.398712158203125,774.7322387695312,81.69981384277344,4.938317775726318,152.7338409423828,400.0,-0.7933533402912349,-0.6087614290087209,0.9999999999606584,0.0929676558612138,0.260852349231944,3.9341620095001417e-07,1.0,0.0,158,39.5,rule_based
17.77812385559082,760.3316040039062,84.63738250732422,4.613084316253662,127.71587371826172,400.0,-0.8314696123025452,-0.5555702330196022,0.9999870434853626,0.27856836629104154,0.8758788204835612,0.005101359165113975,1.0,0.0,159,39.75,rule_based
18.703977584838867,810.691650390625,85.38912200927734,4.287850379943848,102.6978988647461,400.0,-0.8660254037844385,-0.5000000000000004,0.9385703103337174,0.0037214611131272087,0.9931052538156241,0.020067431580063955,1.0,0.0,160,40.0,rule_based
20.316173553466797,739.5367431640625,85.55555725097656,3.960380792617798,78.19903564453125,400.0000305175781,-0.8968727415326883,-0.44228869021900136,5.4362687172613095e-06,0.7238621649257766,0.9997259440306655,0.027072290792914826,1.0,0.0,161,40.25,rule_based
20.256275177001953,946.196533203125,87.92184448242188,3.609489679336548,58.860530853271484,400.0,-0.9238795325112868,-0.3826834323650895,9.438249716737533e-06,1.419514230205445e-08,0.999989112025261,0.6850451034663467,1.0,0.0,162,40.5,rule_based
17.76590919494629,736.615966796875,89.42665100097656,3.2592380046844482,39.40210723876953,400.0,-0.9469301294951056,-0.3214394653031618,0.999988422056473,0.7742932837431257,0.9999995675407655,0.10376659849968439,1.0,0.0,163,40.75,rule_based
17.705663681030273,924.9853515625,87.49485778808594,2.9089863300323486,19.94368553161621,400.0,-0.9659258262890683,-0.25881904510252063,0.999993352584515,1.0013503399543642e-07,0.9999999807578343,0.06233115813354506,1.0,0.0,164,41.0,rule_based
17.874176025390625,802.822998046875,86.69669342041016,2.57106351852417,2.6640613079071045,400.0,-0.9807852804032303,-0.19509032201612866,0.9999686173883826,0.007651449230794524,0.9999999975268967,0.18546583191988558,1.0,0.0,165,41.25,rule_based
17.590822219848633,683.6096801757812,86.09856414794922,2.3483104705810547,2.0009584426879883,400.0,-0.9914448613738104,-0.13052619222005163,0.9999976917253766,0.9977948900291981,0.9999999999989444,0.022562005272427688,1.0,0.02265282627195897,166,41.5,rule_based
18.498794555664062,1020.3554077148438,84.99853515625,2.1231489181518555,1.306014895439148,400.0,-0.9978589232386035,-0.06540312923014273,0.9902073233313721,1.5338539999929014e-11,1.0,0.009874717842112348,1.0,0.2618238220956466,167,41.75,rule_based
19.128442764282227,954.9846801757812,85.1380844116211,1.8979870080947876,0.6110711693763733,400.0,-1.0,-1.8369701987210297e-16,0.2345121366064978,6.318491168676763e-09,1.0,0.012732124389002859,0.0,0.0,168,42.0,rule_based
18.42884063720703,936.5905151367188,81.39872741699219,1.675266981124878,0.0,400.0,-0.9978589232386036,0.06540312923014237,0.1614895714458003,3.4385812400964526e-16,1.0,1.3151476431420101e-05,0.0,0.0,169,42.25,rule_based
17.468542098999023,941.3486938476562,81.52066802978516,1.4757009744644165,0.0,400.0,-0.9914448613738105,0.13052619222005127,0.5719315139124568,2.2184539836145885e-24,1.0,1.6463632612135668e-05,0.0,0.0,170,42.5,rule_based
16.755992889404297,953.0047607421875,81.0750732421875,1.2755571603775024,0.0,400.0,-0.9807852804032304,0.1950903220161283,0.486204267133158,7.582450749524166e-33,1.0,7.2453464227450315e-06,0.0,0.0,171,42.75,rule_based
16.240209579467773,965.1122436523438,80.4405288696289,1.0754133462905884,0.0,400.0,-0.9659258262890684,0.2588190451025203,0.0986414985880754,2.486055110138286e-41,1.0,2.251249401771312e-06,0.0,0.0,172,43.0,rule_based
15.543298721313477,976.3489990234375,81.13192749023438,0.8728258609771729,0.0,400.0,-0.9469301294951057,0.3214394653031615,0.9853184610063566,8.831628933370943e-42,1.0,8.045295820294206e-06,0.0,0.0,173,43.25,rule_based
15.304731369018555,988.8088989257812,79.80780792236328,0.6470165252685547,0.0,400.0,-0.923879532511287,0.38268343236508917,0.9983472523440934,2.8031227324405002e-42,1.0,7.01854717448017e-07,0.0,0.0,174,43.5,rule_based
15.478141784667969,1002.3917236328125,77.6108627319336,0.42185479402542114,0.0,400.0,-0.8968727415326884,0.442288690219001,0.9918897844460839,8.02287311905673e-43,1.0,1.2265562150379407e-08,0.0,0.0,175,43.75,rule_based
15.735103607177734,1015.453857421875,75.89842224121094,0.1966930329799652,0.0,400.0,-0.8660254037844386,0.5000000000000001,0.9198109994534032,2.4090509607280077e-43,1.0,1.7183199921012642e-08,0.0,0.0,176,44.0,rule_based
15.947915077209473,1024.8070068359375,74.8406753540039,0.0,0.0,400.0,-0.8314696123025455,0.5555702330196018,0.6176822009397821,1.0179366688256945e-43,1.0,2.8048836146315994e-08,0.0,0.0,177,44.25,rule_based
15.929082870483398,1028.68701171875,75.04151153564453,0.0,0.0,400.0,-0.7933533402912357,0.6087614290087199,0.657724070325274,7.120676950199309e-44,1.0,2.685858594191772e-08,0.0,0.0,178,44.5,rule_based
15.781611442565918,1029.71875,75.6537094116211,0.0,0.0,400.0,-0.7518398074789772,0.6593458151000691,0.8819919556433391,6.475134781214205e-44,1.0,1.9125453372529242e-08,0.0,0.0,179,44.75,rule_based
15.783949851989746,1030.1710205078125,75.46248626708984,0.0,0.0,400.0,-0.7071067811865477,0.7071067811865474,0.8797321004480633,6.210981402797445e-44,1.0,1.9228695113605123e-08,0.0,0.0,180,45.0,rule_based
15.891743659973145,1030.4046630859375,74.93122863769531,-0.01619386300444603,0.0,400.0,-0.6593458151000687,0.7518398074789775,0.7304829405600505,6.078756894997072e-44,1.0,2.464586326547425e-08,0.0,0.0,181,45.25,rule_based
15.872696876525879,1029.8292236328125,74.94182586669922,-0.22602444887161255,0.0,400.0,-0.608761429008721,0.7933533402912349,0.7635975311721552,6.40960965782488e-44,1.0,2.358831196082872e-08,0.0,0.0,182,45.5,rule_based
15.783910751342773,1028.777099609375,75.07657623291016,-0.4261682331562042,0.0,400.0,-0.555570233019603,0.8314696123025447,0.8797702530101006,7.061850490334748e-44,1.0,1.9226961496216883e-08,0.0,0.0,183,45.75,rule_based
15.767855644226074,1027.817626953125,74.76712799072266,-0.6263120174407959,0.0,400.0,-0.5000000000000004,0.8660254037844384,0.8945543978997951,7.714265232734732e-44,1.0,1.852914674948107e-08,0.0,0.0,184,46.0,rule_based
15.811721801757812,1026.9488525390625,74.24583435058594,-0.8080576658248901,0.0,400.0,-0.4422886902190014,0.8968727415326883,0.8499368675991056,8.356874683436516e-44,1.0,2.0498487905568796e-08,0.0,0.0,185,46.25,rule_based
15.850563049316406,1025.97509765625,73.90892791748047,-0.8566498756408691,0.0,400.0,-0.38268343236508956,0.9238795325112868,0.7984067427337136,9.14104370450403e-44,1.0,2.2416248982560323e-08,0.0,0.0,186,46.5,rule_based
15.830430030822754,1024.722900390625,73.8939437866211,-0.9066858291625977,0.0,400.0,-0.32143946530316186,0.9469301294951056,0.8266114336247659,1.0258460971283868e-43,1.0,2.140078739788979e-08,0.0,0.0,187,46.75,rule_based
15.796822547912598,1023.367431640625,73.90969848632812,-0.9567217826843262,0.0,400.0,-0.25881904510252157,0.9659258262890681,0.8666122910829092,1.162260195082205e-43,1.0,1.9807183890543976e-08,0.0,0.0,188,47.0,rule_based
15.797450065612793,1022.1295776367188,73.76399993896484,-1.014335036277771,0.0,400.0,-0.19509032201612872,0.9807852804032303,0.8659426233903591,1.3026171008347994e-43,1.0,1.9835830623360264e-08,0.0,0.0,189,47.25,rule_based
15.811479568481445,1021.4349975585938,73.57672119140625,-1.141984224319458,0.0,400.0,-0.13052619222005168,0.9914448613738104,0.8502215680514549,1.3886738346359186e-43,1.0,2.0487043121857416e-08,0.0,0.0,190,47.5,rule_based
15.81092357635498,1021.2717895507812,73.46724700927734,-1.2670739889144897,0.0,400.0,-0.0654031292301428,0.9978589232386035,0.8508726100665747,1.4097059776894006e-43,1.0,2.0460828225922188e-08,0.0,0.0,191,47.75,rule_based
15.797792434692383,1021.64404296875,73.40480041503906,-1.392163872718811,0.0,400.0,0.0,1.0,0.9999999999998448,1.3621993291007779e-11,1.0,1.9851477484556206e-11,0.0,0.0,192,48.0,rule_based
15.885781288146973,1022.9521484375,72.91179656982422,-1.5143295526504517,0.0,400.0,0.06540312923014306,0.9978589232386035,0.9999999999996507,1.207576515467841e-11,1.0,2.4309800712477492e-11,1.0,1.0,193,48.25,rule_based
16.390289306640625,984.222900390625,82.88875579833984,-1.613874912261963,0.0,400.0,0.13052619222005157,0.9914448613738104,0.9999999999635956,4.276453949097193e-10,1.0,3.6404380421295457e-07,1.0,1.0,194,48.5,rule_based
17.184720993041992,949.96875,84.0545654296875,-1.71394681930542,0.0,400.0,0.19509032201612825,0.9807852804032304,0.9999999451867173,1.0028812000950048e-08,1.0,0.0005478325720943422,1.0,1.0,195,48.75,rule_based
17.724925994873047,917.143798828125,84.50404357910156,-1.814018726348877,0.0,400.0,0.25881904510252074,0.9659258262890683,0.9999920622444125,2.0618131983577326e-07,1.0,0.003994853969336277,1.0,1.0,196,49.0,rule_based
18.073802947998047,879.8986206054688,84.72769927978516,-1.892953872680664,0.0,400.0,0.3214394653031616,0.9469301294951057,0.9998026991473287,6.368705932212479e-06,1.0,0.006019082552487691,1.0,1.0,197,49.25,rule_based
18.32655143737793,839.7263793945312,84.83201599121094,-1.8143781423568726,0.0,400.0,0.3826834323650898,0.9238795325112867,0.9979801203236104,0.00025753284430240646,1.0,0.0072851723294196265,1.0,1.0,198,49.5,rule_based
18.525224685668945,799.0718383789062,84.89142608642578,-1.7393242120742798,0.0,400.0,0.44228869021900125,0.8968727415326884,0.9875417940395125,0.010775070952326335,1.0,0.008120762268533302,1.0,1.0,199,49.75,rule_based
18.684640884399414,763.20849609375,84.95104217529297,-1.664270281791687,0.0,400.0,0.49999999999999994,0.8660254037844387,0.9480716966414967,0.2285449021642151,1.0,0.009054921722199178,1.0,1.0,200,50.0,rule_based
18.801685333251953,814.2571411132812,84.99319458007812,-1.6437791585922241,0.0,400.0,0.5555702330196022,0.8314696123025452,0.8613506723735069,0.0026825554672693127,1.0,0.009778903548696968,1.0,1.0,201,50.25,rule_based
18.89822769165039,770.62890625,85.27482604980469,-2.115025043487549,0.0,400.0,0.6087614290087207,0.7933533402912352,0.718565816071291,0.13010962030438636,1.0,0.016319869893511203,1.0,1.0,202,50.5,rule_based
18.81146240234375,773.843994140625,85.85025024414062,-2.5653486251831055,0.0,400.0,0.6593458151000688,0.7518398074789774,0.8502418280266484,0.10010041208137496,1.0,0.04569722028227861,1.0,1.0,203,50.75,rule_based
18.373815536499023,741.0010986328125,86.04805755615234,-3.015672206878662,0.0,400.0,0.7071067811865476,0.7071067811865476,0.996881782194408,0.6961063704855605,1.0,0.06449035236786077,1.0,1.0,204,51.0,rule_based
18.058076858520508,929.8411865234375,85.34209442138672,-3.3597357273101807,0.0,400.0000305175781,0.7518398074789774,0.6593458151000688,0.9998293013192084,6.402521047971801e-08,1.0,0.018433298079490044,1.0,1.0,205,51.25,rule_based
18.543582916259766,857.5855712890625,84.85383605957031,-2.941049575805664,0.0,400.0,0.7933533402912352,0.6087614290087207,0.9852804935447748,4.972276988171939e-05,1.0,0.007581636330470476,1.0,1.0,206,51.5,rule_based
18.960872650146484,813.4329223632812,85.03673553466797,-2.540761947631836,0.0,400.0,0.8314696123025451,0.5555702330196024,0.589130545948386,0.0028935042063229065,1.0,0.010586856273599102,1.0,1.0,207,51.75,rule_based
18.88753318786621,771.4489135742188,86.03960418701172,-2.140474557876587,0.0,400.0,0.8660254037844386,0.5000000000000001,0.7380513757900748,0.12179797285213544,1.0,0.06355725678626586,1.0,1.0,208,52.0,rule_based
17.99979019165039,740.0504150390625,86.49545288085938,-1.8208136558532715,0.0,400.0,0.8968727415326884,0.44228869021900125,0.9999002023970714,0.714305893715707,1.0,0.13581964845487707,1.0,1.0,209,52.25,rule_based
17.017383575439453,909.5047607421875,85.4566421508789,-2.030050277709961,0.0,400.0,0.9238795325112867,0.38268343236508984,0.999999988263704,4.166856708375904e-07,1.0,0.00011734918952854834,1.0,0.9895854708896052,210,52.5,rule_based
17.852575302124023,859.534423828125,84.4038314819336,-2.230194091796875,0.0,400.0,0.9469301294951056,0.3214394653031617,0.9999742788481681,4.155323334765685e-05,1.0,0.0033236608183309442,1.0,0.8647195796432785,211,52.75,rule_based
18.3295955657959,828.6725463867188,84.70761108398438,-2.430337905883789,0.0,400.0,0.9659258262890683,0.25881904510252074,0.9979227976746601,0.0007125059665638322,1.0,0.005801802379065549,1.0,0.29621261441379954,212,53.0,rule_based
18.727195739746094,793.7857666015625,84.66525268554688,-2.573122978210449,0.6719257831573486,400.0,0.9807852804032304,0.19509032201612833,0.9250221237406344,0.017415623779279042,1.0,0.005368688174596161,1.0,0.026772862634073524,213,53.25,rule_based
19.116806030273438,765.3055419921875,84.76680755615234,-2.311718225479126,7.207045078277588,400.0,0.9914448613738104,0.1305261922200517,0.2542973025831944,0.1962818778980446,1.0,0.0064658518271841865,1.0,0.0,214,53.5,rule_based
19.01851463317871,805.1971435546875,86.3687973022461,-2.0615384578704834,13.461538314819336,400.0,0.9978589232386035,0.06540312923014327,0.45747191165819107,0.00615787488945535,1.0,0.11068581062737327,1.0,0.0,215,53.75,rule_based
17.73980140686035,699.2252197265625,87.76123809814453,-1.8113586902618408,19.716032028198242,400.0,1.0,6.123233995736766e-17,0.9999908966979241,0.9907746178851246,1.0,0.08343815319082759,1.0,0.0,216,54.0,rule_based
17.67487144470215,991.2997436523438,85.98579406738281,-1.5297421216964722,27.496217727661133,400.0,0.9978589232386035,-0.06540312923014314,0.9999949940674489,2.22848516522579e-10,1.0,0.04767308183728591,1.0,0.0,217,54.25,rule_based
18.61150550842285,875.5887451171875,84.8707275390625,-1.0219985246658325,46.675052642822266,400.0,0.9914448613738104,-0.1305261922200516,0.9728320600105631,9.472097561879059e-06,1.0,0.00781947038167531,1.0,0.0,218,54.5,rule_based
20.218379974365234,817.11962890625,84.7423095703125,-0.5216391086578369,65.43852996826172,400.0,0.9807852804032304,-0.1950903220161282,1.3380669561217526e-05,0.0020621441918339117,0.9999999999999992,0.006182391844869083,1.0,0.0,219,54.75,rule_based
21.21829605102539,768.9896240234375,87.39380645751953,-0.021279655396938324,84.20201110839844,400.0,0.9659258262890683,-0.25881904510252063,1.3391002617227595e-09,0.14817272334359005,0.9999999999925323,0.4512474389966556,1.0,0.0,220,55.0,rule_based
18.890470504760742,673.315185546875,89.98316955566406,0.5248100161552429,104.86431121826172,400.0,0.9469301294951057,-0.3214394653031616,0.7327861516614059,0.999144471390661,0.9999999999996532,0.989790415461698,1.0,0.0,221,55.25,rule_based
18.08040428161621,893.54345703125,87.43350982666016,1.3850467205047607,138.62928771972656,400.0,0.9238795325112868,-0.3826834323650895,0.9997903343339476,1.8124301359010871e-06,0.9999999991237436,0.46941789248390386,1.0,0.0,222,55.5,rule_based
19.125017166137695,706.6029663085938,85.1605224609375,2.2356576919555664,171.98658752441406,399.9999694824219,0.8968727415326884,-0.44228869021900113,0.24022333736615456,0.981960946264635,0.9999977865254958,0.013262179839366891,1.0,0.0,223,55.75,rule_based
22.03423309326172,1023.2619018554688,85.73060607910156,3.086268901824951,205.3438720703125,400.0,0.8660254037844387,-0.4999999999999998,7.295747959050606e-13,1.1736114729195693e-11,0.9970805031422124,0.03699257639570348,1.0,0.0,224,56.0,rule_based
23.341753005981445,893.99365234375,88.72722625732422,3.8666443824768066,239.56166076660156,399.9999694824219,0.8314696123025451,-0.5555702330196023,4.295254842625534e-18,1.7388183069261466e-06,0.9194340071342374,0.9055650992173732,1.0,0.0,225,56.25,rule_based
16.447778701782227,507.6523742675781,83.76312255859375,4.235657691955566,279.3194274902344,400.0,0.7933533402912352,-0.6087614290087207,0.9999999999381819,0.9999999997976536,0.2647004764870596,6.181799825366596e-07,1.0,0.0,226,56.5,rule_based
21.686359405517578,832.0462036132812,83.75981903076172,4.610927581787109,318.93121337890625,400.0,0.7518398074789774,-0.6593458151000688,1.797052869657962e-11,0.0005223040269312644,0.011228149117606938,0.0010172122692795216,1.0,0.0,227,56.75,rule_based
25.092294692993164,742.32275390625,86.68594360351562,4.986196994781494,358.54302978515625,400.0,0.7071067811865476,-0.7071067811865475,4.273849591672532e-25,0.6697605935319515,4.273666941578824e-05,0.18249224338058587,0.9999999994525284,0.0,228,57.0,rule_based
20.225683212280273,657.9464111328125,85.0484619140625,5.335359573364258,391.94915771484375,399.9999694824219,0.659345815100069,-0.7518398074789773,1.2510090422434684e-05,0.9997921417497053,7.383531335247155e-05,0.010815494785633865,1.0,0.0,229,57.25,rule_based
24.55039405822754,943.7250366210938,85.19305419921875,5.532926082611084,393.2842102050781,400.0,0.6087614290087209,-0.793353340291235,6.286748972082919e-23,1.782373667941727e-08,1.1687348336642092e-05,0.014069887745401506,0.9999999999999747,0.0,230,57.5,rule_based
25.91864013671875,804.0621948242188,88.59123992919922,5.733069896697998,394.6741027832031,400.0,0.5555702330196025,-0.831469612302545,2.1156328128944365e-28,0.006831782931955203,2.1156327578708556e-08,0.8818570311246048,0.9977707940217158,0.0,231,57.75,rule_based
13.111591339111328,401.08660888671875,63.16128158569336,5.933213710784912,396.0639953613281,400.0,0.49999999999999994,-0.8660254037844387,1.0,0.9999999999999889,3.802618678482732e-07,0.0,1.0,0.0,232,58.0,rule_based
21.447282791137695,724.2349243164062,75.62995147705078,6.104979038238525,399.8507995605469,400.0,0.4422886902190017,-0.8968727415326881,1.62505727776813e-10,0.9147487963475688,3.0426313005145897e-07,8.856843794795106e-06,0.0,0.0,233,58.25,rule_based
24.01833724975586,1017.8492431640625,86.26371765136719,6.12918758392334,420.7344970703125,400.0,0.3826834323650899,-0.9238795325112867,8.445996844030787e-21,1.9321058382340293e-11,2.4164480625278137e-07,0.09301891238566061,0.0,0.0,234,58.5,rule_based
21.731122970581055,710.7929077148438,87.65296173095703,6.154205799102783,440.8878479003906,400.0,0.32143946530316175,-0.9469301294951056,1.1898959406411841e-11,0.9736890407618303,1.9191353098411607e-07,0.5699796619294387,0.0,0.0,235,58.75,rule_based
14.184947967529297,548.510498046875,65.11439514160156,6.179223537445068,461.0412292480469,400.0,0.258819045102521,-0.9659258262890682,1.0,0.9999999912819512,1.4750083733895247e-07,4.440892098500626e-16,0.0,0.0,236,59.0,rule_based
22.13502311706543,878.064453125,74.90117645263672,6.207801342010498,476.8836364746094,400.0,0.19509032201612816,-0.9807852804032304,2.8834072848616e-13,7.540828313280483e-06,9.245358490647661e-08,4.3152380734424846e-05,0.0,0.0,237,59.25,rule_based
24.999650955200195,795.198486328125,85.00808715820312,6.258519172668457,469.650146484375,400.0,0.130526192220052,-0.9914448613738104,1.0032270826902898e-24,0.015323359071062016,5.8314960938053834e-08,0.030629505454538828,0.0,0.0,238,59.5,rule_based
24.590641021728516,656.9346313476562,89.2490005493164,6.3085551261901855,462.70068359375,400.0,0.06540312923014312,-0.9978589232386035,4.3394885126659943e-23,0.99981063289843,3.678207426763634e-08,0.9616462057456594,0.0,0.0,239,59.75,rule_based
11.82387638092041,484.40411376953125,57.258872985839844,6.358591079711914,455.7512512207031,400.0,1.2246467991473532e-16,-1.0,1.0,0.9999999999762226,2.6697938849027093e-08,0.0,0.0,0.0,240,60.0,rule_based
20.68990135192871,821.0258178710938,71.70021057128906,6.393380641937256,444.1920471191406,400.0,-0.06540312923014287,-0.9978589232386035,1.7393660112056515e-07,0.0014399316091832908,4.311727554599709e-08,1.5484656074269772e-06,0.0,0.0,241,60.25,rule_based
22.971220016479492,751.4990844726562,86.20233154296875,6.341337203979492,402.74383544921875,400.0,-0.13052619222005177,-0.9914448613738104,1.3035373159985203e-16,0.4655365246532287,6.835890253495806e-08,0.08390873716790856,1.0,0.0,242,60.5,rule_based
20.61483383178711,668.5664672851562,85.48968505859375,6.291301250457764,362.4371032714844,400.0,-0.19509032201612792,-0.9807852804032305,3.4726844475107934e-07,0.9994473876760732,1.0837742940755336e-07,0.02405337636836603,1.0,0.0,243,60.75,rule_based
21.877798080444336,910.0335083007812,87.1855239868164,6.241265296936035,322.13037109375,400.0,-0.2588190451025208,-0.9659258262890683,3.081800005618808e-12,3.9688161611965106e-07,1.9653348757148609e-07,0.35909369331470503,1.0,0.0,244,61.0,rule_based
13.428205490112305,429.8505554199219,70.56473541259766,6.17664098739624,284.7380676269531,400.0,-0.32143946530316153,-0.9469301294951057,1.0,0.9999999999998437,8.047834149957057e-07,0.0,1.0,0.0,245,61.25,rule_based
19.17378807067871,765.3408813476562,83.0390625,6.023580074310303,262.75262451171875,400.0,-0.38268343236508967,-0.9238795325112868,0.16789138305978532,0.19577001577420342,3.2070764956032324e-06,0.00026985666318762354,1.0,0.0,246,61.5,rule_based
21.27532196044922,772.18798828125,88.26622772216797,5.873472213745117,240.51441955566406,400.0,-0.44228869021900147,-0.8968727415326883,7.919792034716992e-10,0.11470171669499461,1.2780166318620407e-05,0.803992765712606,1.0,0.0,247,61.75,rule_based
10.348584175109863,410.98809814453125,64.9226303100586,5.723364353179932,218.27621459960938,400.0,-0.4999999999999997,-0.8660254037844388,1.0,0.9999999999999725,5.092737393372809e-05,0.0,1.0,0.0,248,62.0,rule_based
16.90007972717285,757.4518432617188,81.19316101074219,5.573256492614746,196.2597198486328,400.0,-0.555570233019602,-0.8314696123025455,0.9999999960159704,0.33484840368271546,0.000202916148496198,9.005814388360094e-06,1.0,0.0,249,62.25,rule_based
19.51461410522461,833.1881713867188,86.17371368408203,5.4231486320495605,175.4373321533203,400.0,-0.6087614290087207,-0.7933533402912352,0.00866496016729305,0.00047018670841094713,0.0008081369753009325,0.07994405789458911,1.0,0.0,250,62.5,rule_based
16.993427276611328,610.2839965820312,86.39112091064453,5.273040771484375,154.58901977539062,400.0,-0.6593458151000688,-0.7518398074789774,0.9999999905874536,0.9999974215455871,0.0032126982026358343,9.411660635161301e-05,1.0,0.0,251,62.75,rule_based
19.0435733795166,954.41748046875,86.78702545166016,5.1229329109191895,133.74070739746094,400.0,-0.7071067811865471,-0.7071067811865479,0.40099575100722745,6.6573701197560056e-09,0.013153218815775412,0.2119289127524934,1.0,0.0,252,63.0,rule_based
13.105253219604492,510.2462158203125,79.56914520263672,4.968804359436035,113.11870574951172,400.0,-0.7518398074789773,-0.6593458151000691,1.0,0.9999999997430502,0.0629616147685781,0.0,1.0,0.0,253,63.25,rule_based
16.835918426513672,866.1398315429688,83.77854919433594,4.79317045211792,93.68560028076172,400.0,-0.7933533402912349,-0.6087614290087209,0.9999999977936604,2.2615102099482483e-05,0.2521401162298786,2.2062908227704625e-05,1.0,0.0,254,63.5,rule_based
18.154748916625977,825.0108032226562,85.77765655517578,4.618044376373291,74.2271728515625,400.0,-0.8314696123025452,-0.5555702330196022,0.9995842699615795,0.0009980102766592707,0.6284884313868617,0.04020732220411188,1.0,0.0,255,63.75,rule_based
17.197919845581055,689.5623779296875,85.30142211914062,4.44291877746582,54.76875305175781,400.0,-0.8660254037844385,-0.5000000000000004,0.9999999381016028,0.9961907752800352,0.8981237568152176,0.0006186011066784403,1.0,0.0,256,64.0,rule_based
18.974027633666992,1050.81494140625,84.86839294433594,4.263684272766113,36.9799690246582,400.0,-0.8968727415326883,-0.44228869021900136,0.5595198528952311,9.276919296190417e-13,0.9824410251511912,0.007786117206446859,1.0,0.0,257,64.25,rule_based
20.353811264038086,990.1304321289062,86.0169677734375,4.063048362731934,27.370397567749023,400.0,-0.9238795325112868,-0.3826834323650895,3.843704614183606e-06,2.4818837059490605e-10,0.9999958146158658,0.06111998837125205,1.0,0.027159285957701562,258,64.5,rule_based
19.873659133911133,861.5853271484375,88.62290954589844,3.8629043102264404,17.641185760498047,400.0,-0.9469301294951056,-0.3214394653031618,0.00032005533484651984,3.4401151268807754e-05,0.999999999997695,0.8878018705410764,1.0,0.29929530793112047,259,64.75,rule_based
17.29604721069336,689.9295654296875,89.20793914794922,3.6627604961395264,7.91197395324707,400.0,-0.9659258262890683,-0.25881904510252063,0.9999998471780718,0.9960602737065253,1.0,0.0015258876236889929,1.0,0.8664475736733703,260,65.0,rule_based
18.403213500976562,1047.8258056640625,87.99098205566406,3.4847519397735596,0.0,400.0,-0.9807852804032303,-0.19509032201612866,0.9959160762700184,1.2217076853570308e-12,1.0,0.7118550869706455,1.0,0.9897263221320022,261,65.25,rule_based
16.829267501831055,827.1947631835938,86.65345001220703,3.4109272956848145,0.0,400.0,-0.9914448613738104,-0.13052619222005163,0.9999999979247525,0.0008163104822649011,1.0,2.0752043803917708e-05,1.0,1.0,262,65.5,rule_based
18.66502571105957,778.876708984375,86.1933364868164,3.3358733654022217,0.0,400.0,-0.9978589232386035,-0.06540312923014273,0.9562789131757367,0.06539711324658382,1.0,0.08264300117819509,1.0,1.0,263,65.75,rule_based
18.861888885498047,719.7282104492188,86.61798095703125,3.260819435119629,0.0,399.9999694824219,-1.0,-1.8369701987210297e-16,0.781093574488936,0.942031362466029,1.0,0.16455306529231697,0.0,0.0,264,66.0,rule_based
18.19460678100586,1009.69921875,79.86284637451172,3.1857657432556152,0.0,400.0,-0.9978589232386036,0.06540312923014237,0.6248498879745268,4.0929004167436003e-19,1.0,7.767351689760162e-07,0.0,0.0,265,66.25,rule_based
18.588640213012695,989.9848022460938,77.83560943603516,3.1107118129730225,0.0,400.0,-0.9914448613738105,0.13052619222005127,4.419978620069851e-05,2.5154060463079294e-26,0.9999999999999998,3.8782874098429266e-07,0.0,0.0,266,66.5,rule_based
17.999698638916016,997.7709350585938,80.22034454345703,3.0356578826904297,0.0,400.0,-0.9807852804032304,0.1950903220161283,1.0027644152391521e-05,1.2278995392060298e-34,0.999999999999999,1.5006202861313538e-06,0.0,0.0,267,66.75,rule_based
17.015552520751953,1003.8261108398438,82.91411590576172,2.960603952407837,0.0,400.0,-0.9659258262890684,0.2588190451025203,8.664634126019363e-05,7.029998305690612e-43,0.9999999999999999,0.00021438775212659648,0.0,0.0,268,67.0,rule_based
16.046669006347656,1008.59912109375,84.44608306884766,2.8605098724365234,0.0,400.0,-0.9469301294951057,0.3214394653031615,0.3941634630353462,4.5293534375845346e-43,1.0,0.0035916907642573985,0.0,0.0,269,67.25,rule_based
15.391348838806152,1005.0303955078125,84.20027923583984,2.631488084793091,0.0,400.0,-0.923879532511287,0.38268343236508917,0.9963372945855333,6.291954206244574e-43,1.0,0.0022868082163569926,0.0,0.0,270,67.5,rule_based
15.333510398864746,1005.1289672851562,81.92427062988281,2.4063262939453125,0.0,400.0,-0.8968727415326884,0.442288690219001,0.997846695955736,6.235055460782999e-43,1.0,3.462604772755707e-05,0.0,0.0,271,67.75,rule_based
15.613633155822754,1013.5883178710938,79.468505859375,2.1811647415161133,0.0,400.0,-0.8660254037844386,0.5000000000000001,0.9723091587419704,2.8606760916895346e-43,1.0,3.75669234988349e-07,0.0,0.0,272,68.0,rule_based
15.938584327697754,1021.693603515625,77.66551208496094,1.9560028314590454,0.0,400.0,-0.8314696123025455,0.5555702330196018,0.6377614365894934,1.35599110511248e-43,1.0,2.7452638733857075e-08,0.0,0.0,273,68.25,rule_based
16.034791946411133,1024.3260498046875,77.27818298339844,1.7308411598205566,0.0,400.0,-0.7933533402912357,0.6087614290087199,0.42056888533668246,1.0640401347158072e-43,1.0,3.4260299357268667e-08,0.0,0.0,274,68.5,rule_based
15.811378479003906,1023.1193237304688,78.12654113769531,1.5056793689727783,0.0,400.0,-0.7518398074789772,0.6593458151000691,0.850339954787288,1.1891219332834956e-43,1.0,3.1712417272664634e-08,0.0,0.0,275,68.75,rule_based
15.734696388244629,1021.2136840820312,77.89046478271484,1.280517578125,0.0,400.0,-0.7071067811865477,0.7071067811865474,0.9200876129390031,1.417269645720625e-43,1.0,2.052911571769443e-08,0.0,0.0,276,69.0,rule_based
15.879963874816895,1019.46484375,76.81692504882812,1.1041477918624878,0.0,400.0,-0.6593458151000687,0.7518398074789775,0.7513022076665247,1.6649719804384845e-43,1.0,2.3986357699242518e-08,0.0,0.0,277,69.25,rule_based
15.995656967163086,1017.2719116210938,76.29845428466797,1.1299784183502197,0.0,400.0,-0.608761429008721,0.7933533402912349,0.5099984772849082,2.03762338146409e-43,1.0,3.130812967522592e-08,0.0,0.0,278,69.5,rule_based
15.879258155822754,1014.0633544921875,76.9081039428711,1.154996395111084,0.0,400.0,-0.555570233019603,0.8314696123025447,0.752515615253092,2.7382091838413664e-43,1.0,2.3947383050197636e-08,0.0,0.0,279,69.75,rule_based
15.80279541015625,1010.8607788085938,77.1249771118164,1.1800143718719482,0.0,400.0,-0.5000000000000004,0.8660254037844384,0.8601243504086702,3.6776253379770526e-43,1.0,2.0081456539343103e-08,0.0,0.0,280,70.0,rule_based
15.894808769226074,1008.2236328125,76.62246704101562,1.1872718334197998,0.0,400.0,-0.4422886902190014,0.8968727415326883,0.7248895986712571,4.688709030247296e-43,1.0,2.4820399918530636e-08,0.0,0.0,281,70.25,rule_based
15.947874069213867,1005.89599609375,76.42801666259766,1.109848976135254,0.0,400.0,-0.38268343236508956,0.9238795325112868,0.6177711691600634,5.809801547777344e-43,1.0,2.8046194352324083e-08,0.0,0.0,282,70.5,rule_based
15.863850593566895,1003.640869140625,76.79874420166016,1.0347951650619507,0.0,400.0,-0.32143946530316186,0.9469301294951056,0.7779880034119102,7.1509465294347785e-43,1.0,2.31127102870177e-08,0.0,0.0,283,70.75,rule_based
15.823984146118164,1002.0848999023438,76.80928039550781,0.9597411751747131,0.0,400.0,-0.25881904510252157,0.9659258262890681,0.8349564534236112,8.252864421684556e-43,1.0,2.1085488706681335e-08,0.0,0.0,284,71.0,rule_based
15.883871078491211,1001.3184814453125,76.39081573486328,0.8664162158966064,0.0,400.0,-0.19509032201612872,0.9807852804032303,0.7445187513259053,8.856462233777463e-43,1.0,2.4203091181542038e-08,0.0,0.0,285,71.25,rule_based
15.89527702331543,1000.4307250976562,76.21053314208984,0.689144492149353,0.0,400.0,-0.13052619222005168,0.9914448613738104,0.7240290755919317,9.61103428708945e-43,1.0,2.4847163602653354e-08,0.0,0.0,286,71.5,rule_based
15.838400840759277,999.2771606445312,76.24718475341797,0.514018714427948,0.0,400.0,-0.0654031292301428,0.9978589232386035,0.8158360714558974,1.068838852712942e-42,1.0,2.1797184856839642e-08,0.0,0.0,287,71.75,rule_based
15.817178726196289,998.2169799804688,76.02413940429688,0.3388928771018982,0.0,400.0000305175781,0.0,1.0,0.8434131317985682,1.178477954073132e-42,1.0,2.0757676332705723e-08,0.0,0.0,288,72.0,rule_based
15.850333213806152,997.3174438476562,75.5921630859375,0.18358004093170166,0.0,400.0,0.06540312923014306,0.9978589232386035,0.7987471557670139,1.2802714999179488e-42,1.0,2.2404392158340705e-08,0.0,0.0,289,72.25,rule_based
15.876309394836426,996.3740844726562,75.31265258789062,0.10941768437623978,0.0,400.0,0.13052619222005157,0.9914448613738104,0.7575386633625629,1.3964871509789854e-42,1.0,2.378534267047671e-08,0.0,0.0,290,72.5,rule_based
15.850733757019043,995.2366333007812,75.29596710205078,0.0343637652695179,0.0,400.0,0.19509032201612825,0.9807852804032304,0.7981530286998398,1.55072219524533e-42,1.0,2.2425080363562466e-08,0.0,0.0,291,72.75,rule_based
15.825407028198242,994.0845336914062,75.24127197265625,-0.04069015011191368,0.0,400.0,0.25881904510252074,0.9659258262890683,0.8331421062002748,1.724324022068025e-42,1.0,2.1154701865724854e-08,0.0,0.0,292,73.0,rule_based
15.843537330627441,993.0673828125,75.0257339477539,-0.10000000149011612,0.0,400.0,0.3214394653031616,0.9469301294951057,0.8086214809836064,1.8936767582541827e-42,1.0,2.2056518841663442e-08,0.0,0.0,293,73.25,rule_based
15.892314910888672,992.1480102539062,74.86711883544922,-0.10000000149011612,0.0,400.0,0.3826834323650898,0.9238795325112867,0.7294466668642307,2.061007495065432e-42,1.0,2.4678276475874025e-08,0.0,0.0,294,73.5,rule_based
15.887782096862793,991.0374145507812,75.06327056884766,-0.10000000149011612,0.0,400.0,0.44228869021900125,0.8968727415326884,0.7376066124178576,2.2829841868001692e-42,1.0,2.4422044073477143e-08,0.0,0.0,295,73.75,rule_based
15.855875968933105,989.8262329101562,75.37297058105469,-0.10000000149011612,0.0,400.0,0.49999999999999994,0.8660254037844387,0.7904161357294303,2.5524071904283022e-42,1.0,2.2692142475103743e-08,0.0,0.0,296,74.0,rule_based
15.86899185180664,988.7603759765625,75.48189544677734,-0.08612718433141708,0.0,400.0,0.5555702330196022,0.8314696123025452,0.7697014607750126,2.8156888355955667e-42,1.0,2.3387952760115457e-08,0.0,0.0,297,74.25,rule_based
15.911602973937988,987.788330078125,75.56143951416016,-0.008986340835690498,0.0,400.0,0.6087614290087207,0.7933533402912352,0.6929969373383752,3.079405396594636e-42,1.0,2.5798997889005406e-08,0.0,0.0,298,74.5,rule_based
15.906213760375977,986.64794921875,75.9197998046875,0.06606757640838623,0.0,400.0,0.6593458151000688,0.7518398074789774,0.7034543399839568,3.420452239454991e-42,1.0,2.548084955630785e-08,0.0,0.0,299,74.75,rule_based
15.880343437194824,985.4342651367188,76.338134765625,0.1411214917898178,0.0,400.0,0.7071067811865476,0.7071067811865476,0.7506495062020374,3.824992655597982e-42,1.0,2.4007295985822607e-08,0.0,0.0,300,75.0,rule_based
15.879782676696777,984.29736328125,76.54644012451172,0.16223999857902527,0.0,400.0,0.7518398074789774,0.6593458151000688,0.7516142031200972,4.2472303507206875e-42,1.0,2.3976342544343122e-08,0.0,0.0,301,75.25,rule_based
15.829337120056152,982.971923828125,76.62936401367188,-0.04327821731567383,0.0,400.0,0.7933533402912352,0.6087614290087207,0.828049220212006,4.7986976355930436e-42,1.0,2.134700687789152e-08,0.0,0.0,302,75.5,rule_based
15.800981521606445,981.7199096679688,76.36016082763672,-0.2434220016002655,0.0,400.0,0.8314696123025451,0.5555702330196024,0.8621215881142476,5.385229476232076e-42,1.0,1.999778658766945e-08,0.0,0.0,303,75.75,rule_based
15.811774253845215,980.5983276367188,75.84082794189453,-0.4435657858848572,0.0,400.0,0.8660254037844386,0.5000000000000001,0.8498747420529447,5.971273151455285e-42,1.0,2.0500983786122345e-08,0.0,0.0,304,76.0,rule_based
15.839064598083496,979.628173828125,75.34420776367188,-0.7623987197875977,0.0,400.0000305175781,0.8968727415326884,0.44228869021900125,0.814915425751792,6.529387645658242e-42,1.0,2.1830536649851773e-08,0.0,0.0,305,76.25,rule_based
15.935009002685547,979.4160766601562,75.05313110351562,-1.5754133462905884,0.0,400.0,0.9238795325112867,0.38268343236508984,0.88742036815391,3.320754870727904e-40,1.0,1.8872637566512155e-08,0.0,0.0,306,76.5,rule_based
16.122907638549805,980.093994140625,74.80838012695312,-2.375988483428955,0.0,400.0,0.9469301294951056,0.3214394653031617,0.9996863391032761,2.8161822453321733e-31,1.0,4.208711472119202e-09,0.0,0.0,307,76.75,rule_based
16.474756240844727,981.89697265625,74.3031997680664,-3.1765637397766113,0.0,400.0,0.9659258262890683,0.25881904510252074,0.9999957449037449,1.2914826130804892e-22,1.0,1.436242614853689e-09,0.0,0.0,308,77.0,rule_based
16.604629516601562,983.1878051757812,78.1378402709961,-3.63791561126709,1.0914767980575562,400.0000305175781,0.9807852804032304,0.19509032201612833,0.9999999925299247,6.20874447395209e-14,1.0,3.2379461800489175e-08,0.0,0.0,309,77.25,rule_based
16.657291412353516,983.060791015625,83.19537353515625,-2.7917325496673584,6.789679527282715,400.0,0.9914448613738104,0.1305261922200517,0.9999999995742379,4.759596713412619e-10,1.0,4.257603880342131e-06,0.0,0.0,310,77.5,rule_based
16.98166847229004,982.6740112304688,84.02912902832031,-1.9661394357681274,12.349228858947754,400.0,0.9978589232386035,0.06540312923014327,0.9999999915534866,4.932205047971681e-10,1.0,8.445800167000694e-05,0.0,0.0,311,77.75,rule_based
17.27269744873047,980.8504028320312,84.09384155273438,-1.1405463218688965,17.90877914428711,400.0,1.0,6.123233995736766e-17,0.9999998767490857,5.834208839863546e-10,1.0,0.001230992086496241,0.0,0.0,312,78.0,rule_based
17.59225845336914,974.2014770507812,84.27508544921875,-0.3362606465816498,28.847843170166016,400.0,0.9978589232386035,-0.06540312923014314,0.9999976609675322,1.0763161639514785e-09,1.0,0.0026237726041510655,0.0,0.0,313,78.25,rule_based
18.34787368774414,958.3162231445312,84.34437561035156,0.3881380259990692,61.354740142822266,400.0,0.9914448613738104,-0.1305261922200516,0.9975428952593327,4.6488937445297e-09,0.9999999999999716,0.0029799330958611963,0.0,0.0,314,78.5,rule_based
19.35601806640625,935.2177124023438,84.45671844482422,1.1136592626571655,93.32215118408203,400.0,0.9807852804032304,-0.1950903220161282,0.03629699970577797,3.902046289585425e-08,0.9999999999772635,0.003662527281481667,0.0,0.0,315,78.75,rule_based
19.883312225341797,903.3019409179688,86.82687377929688,1.8391804695129395,125.28955841064453,400.0,0.9659258262890683,-0.25881904510252063,0.0002928331115238066,7.377741116863386e-07,0.9999999923427251,0.22444264793983484,0.0,0.0,316,79.0,rule_based
18.47748374938965,750.459716796875,88.94834899902344,2.4710185527801514,156.20404052734375,400.0,0.9469301294951057,-0.3214394653031616,0.9919384221471955,0.4894161158297998,0.9999998815671254,0.9351087233441365,0.0,0.0,317,79.25,rule_based
17.57514190673828,786.1729736328125,86.74014282226562,2.7683680057525635,183.2554473876953,400.0,0.9238795325112868,-0.3826834323650895,0.9999980021299923,0.03450107723682601,0.9999981192364734,0.019587408255442695,0.0,0.0,318,79.5,rule_based
19.849267959594727,728.0154418945312,85.57444763183594,3.0685837268829346,210.35826110839844,400.0,0.8968727415326884,-0.44228869021900113,0.00040064067097359164,0.8833822060875176,0.999970133472697,0.02800406194456859,0.0,0.0,319,79.75,rule_based
20.906755447387695,1005.5789794921875,87.65299987792969,3.3687994480133057,237.4610595703125,400.0,0.8660254037844387,-0.4999999999999998,2.3603639857510693e-08,5.981939056572037e-11,0.9996514251531512,0.5699974754758673,0.0,0.0,320,80.0,rule_based
19.196977615356445,772.5279541015625,89.06158447265625,3.6356117725372314,262.7220764160156,400.0,0.8314696123025451,-0.5555702330196023,0.14012703096669296,0.11156037552179453,0.9986263864205759,0.946674677936521,0.0,0.0,321,80.25,rule_based
18.45537567138672,657.0967407226562,88.76624298095703,3.7846152782440186,281.4102478027344,400.0,0.7933533402912352,-0.6087614290087207,0.9934138298596722,0.999807785498768,0.9945484646310017,0.9115333248643933,0.0,0.0,322,80.5,rule_based
18.656368255615234,886.1895141601562,86.4761962890625,3.934723138809204,300.1737365722656,400.0,0.7518398074789774,-0.6593458151000688,0.9594946484862743,3.5679453424805977e-06,0.9786233425618418,0.1317116286449799,0.0,0.0,323,80.75,rule_based
20.03978729248047,700.8858642578125,85.1849594116211,4.084831237792969,318.9372253417969,400.0,0.7071067811865476,-0.7071067811865475,6.931423576948324e-05,0.9892663813680481,0.9160838796779642,0.013864690664137092,0.0,0.0,324,81.0,rule_based
21.342723846435547,989.53759765625,87.1305160522461,4.240477561950684,336.4551696777344,400.0,0.659345815100069,-0.7518398074789773,4.2570129353052426e-10,2.6211752732524876e-10,0.6845370497169385,0.33612440687629674,0.0,0.0,325,81.25,rule_based
13.075946807861328,461.73028564453125,77.6305160522461,4.415887832641602,349.610595703125,400.0,0.6087614290087209,-0.793353340291235,1.0,0.9999999999970541,0.30189994566334816,0.0,0.0,0.0,326,81.5,rule_based
19.097421646118164,806.8291015625,82.63213348388672,4.591013431549072,362.81451416015625,400.0,0.5555702330196025,-0.831469612302545,0.2896067168790192,0.005303063487655771,0.0793482765783734,0.00012754115572679203,0.0,0.0,327,81.75,rule_based
21.740901947021484,742.191650390625,86.29102325439453,4.766139507293701,376.0184631347656,400.0,0.49999999999999994,-0.8660254037844387,1.0874050476666974e-11,0.6724244741718871,0.017774545629326864,0.09734959828590352,0.0,0.0,328,82.0,rule_based
17.729921340942383,687.5562744140625,84.91380310058594,4.935603141784668,388.1141052246094,400.0,0.4422886902190017,-0.8968727415326881,0.999991688407948,0.996831361001903,0.004530183594788711,0.008459665166608015,0.0,0.0,329,82.25,rule_based
21.186492919921875,978.364013671875,83.96334838867188,5.08547830581665,396.4154357910156,400.0,0.3826834323650899,-0.9238795325112867,1.7948635737585192e-09,7.335688537136337e-10,0.0011406717663549478,0.0014792293174327273,0.0,0.0,330,82.5,rule_based
22.7879638671875,886.557373046875,86.18523406982422,5.235585689544678,404.7547607421875,400.0,0.32143946530316175,-0.9469301294951056,7.049231517596213e-16,3.4490829029772737e-06,0.0002864841384178212,0.08151812963555545,0.0,0.0,331,82.75,rule_based
18.34902572631836,576.317626953125,85.03777313232422,5.385693550109863,413.0940856933594,400.0,0.258819045102521,-0.9659258262890682,0.997516746675358,0.9999998870970236,9.434449333373143e-05,0.010606857142592553,0.0,0.0,332,83.0,rule_based
21.317163467407227,867.0471801757812,83.85238647460938,5.50631046295166,425.6326599121094,400.0,0.19509032201612816,-0.9807852804032304,5.386990164398631e-10,2.0801916674985914e-05,7.516709085276584e-05,0.001206097063264557,0.0,0.0,333,83.25,rule_based
23.442554473876953,774.374267578125,85.30297088623047,5.530984878540039,453.01141357421875,400.0,0.130526192220052,-0.9914448613738104,1.697393035812122e-18,0.09578532506255347,5.969838329045069e-05,0.017173319055002825,0.0,0.0,334,83.5,rule_based
23.30251121520996,669.5736083984375,86.73974609375,5.556003093719482,480.1142272949219,400.0,0.06540312923014312,-0.9978589232386035,6.165268484993944e-18,0.9993937097181206,4.741284491948512e-05,0.19774517833943583,0.0,0.0,335,83.75,rule_based
15.87941837310791,597.8018798828125,71.41876220703125,5.581020832061768,507.217041015625,400.0,1.2246467991473532e-16,-1.0,0.9999999999996707,0.9999991832763242,4.644637576136676e-05,2.395621382823035e-11,0.0,0.0,336,84.0,rule_based
22.867473602294922,910.4530029296875,76.09745025634766,5.58325719833374,523.126953125,400.0,-0.06540312923014287,-0.9978589232386035,3.3892360903467385e-16,3.8183757086531844e-07,9.389462769605948e-05,0.00023300934440644263,0.0,0.0,337,84.25,rule_based
24.907808303833008,809.6109008789062,82.40945434570312,5.506829738616943,501.8971252441406,400.0,-0.13052619222005177,-0.9914448613738104,2.337578853749693e-24,0.004109392353084764,0.00018741993942962188,0.024936826670581547,0.0,0.0,338,84.5,rule_based
23.264074325561523,641.2626342773438,86.92554473876953,5.4317755699157715,481.0487976074219,400.0,-0.19509032201612792,-0.9807852804032305,8.784216925236752e-18,0.9999552817560362,0.0003740678490867138,0.2576587815384942,0.0,0.0,339,84.75,rule_based
14.181041717529297,560.5571899414062,68.67767333984375,5.356721878051758,460.20050048828125,400.0,-0.2588190451025208,-0.9659258262890683,1.0,0.9999999735583134,0.0007067635684771317,4.440892098500626e-16,0.0,0.0,340,85.0,rule_based
20.73850440979004,887.591552734375,78.76463317871094,5.287604808807373,436.91473388671875,400.0,-0.32143946530316153,-0.9469301294951057,1.1116820940940824e-07,3.1357041558232553e-06,0.0011182619515883161,1.7318253130584562e-06,0.0,0.0,341,85.25,rule_based
22.4749698638916,807.6873168945312,85.88790130615234,5.2377424240112305,405.5335998535156,400.0,-0.38268343236508967,-0.9238795325112868,1.2592784359581631e-14,0.004902010715740485,0.0017717527346659894,0.04881866484091286,0.0,0.0,342,85.5,rule_based
19.4168758392334,602.489990234375,87.1839370727539,5.187706470489502,374.2611083984375,400.0,-0.44228869021900147,-0.8968727415326883,0.021050211811780593,0.9999987422391222,0.0028060581682865294,0.35842286649645766,0.0,0.0,343,85.75,rule_based
11.302623748779297,526.6338500976562,64.6639404296875,5.137670516967773,342.9886474609375,400.0,-0.4999999999999997,-0.8660254037844388,1.0,0.9999999988376018,0.0061272716483872156,0.0,0.0,0.0,344,86.0,rule_based
17.356304168701172,872.6334838867188,80.58143615722656,5.052515983581543,314.8996276855469,400.0,-0.555570233019602,-0.8314696123025455,0.9999997337935091,1.2435294814761888e-05,0.03815263718435144,2.918394708276804e-06,0.0,0.0,345,86.25,rule_based
19.513389587402344,817.5443115234375,85.34970092773438,4.850395202636719,296.91070556640625,400.0,-0.6087614290087207,-0.7933533402912352,0.008762278756196788,0.0019831969988950964,0.2003884140164028,0.018688256863420634,0.0,0.0,346,86.5,rule_based
18.740297317504883,703.159912109375,87.44204711914062,4.650251388549805,278.8421630859375,400.0,-0.6593458151000688,-0.7518398074789774,0.9162107758482556,0.9867984616660914,0.6129012049165314,0.473334775517294,0.0,0.0,347,86.75,rule_based
10.519375801086426,539.4693603515625,66.60758209228516,4.450108051300049,260.77362060546875,400.0,-0.7071067811865471,-0.7071067811865479,1.0,0.9999999962088104,0.929553461183452,0.0,0.0,0.0,348,87.0,rule_based
16.68789291381836,910.0725708007812,78.63984680175781,4.21989631652832,238.04483032226562,400.0,-0.7518398074789773,-0.6593458151000691,0.9999999994356208,3.95455937846929e-07,0.9962657192787501,8.163487115975642e-08,0.0,0.0,349,87.25,rule_based
19.61223602294922,886.3557739257812,84.29712677001953,3.8934578895568848,200.3135223388672,400.0000305175781,-0.7933533402912349,-0.6087614290087209,0.003544152438030666,3.513717651972743e-06,0.9998125800605703,0.002732174852022744,0.0,0.0,350,87.5,rule_based
20.195537567138672,857.1200561523438,88.58261108398438,3.5682241916656494,162.78656005859375,400.0,-0.8314696123025452,-0.5555702330196022,1.6513602258825445e-05,5.190077101558181e-05,0.9999906252748164,0.8801899778023221,0.0,0.0,351,87.75,rule_based
17.323123931884766,696.0798950195312,89.17501068115234,3.242990732192993,125.25960540771484,400.0,-0.8660254037844385,-0.5000000000000004,0.9999998038914675,0.9930788363450714,0.9999995038318993,0.001957247380484528,0.0,0.0,352,88.0,rule_based
17.960058212280273,1069.0328369140625,88.02320861816406,2.9239072799682617,91.34185028076172,400.0,-0.8968727415326883,-0.44228869021900136,0.9999307843876977,1.7325404351680126e-13,0.9999999687052944,0.40905471225645573,0.0,0.0,353,88.25,rule_based
16.617904663085938,867.6679077148438,86.02570343017578,2.6238677501678467,68.48989868164062,400.0,-0.9238795325112868,-0.3826834323650895,0.9999999997037761,1.964601504180328e-05,0.9999999980293559,2.962231474001875e-06,0.0,0.0,354,88.5,rule_based
17.44732093811035,843.3580322265625,85.70968627929688,2.3236520290374756,45.55675506591797,400.0,-0.9469301294951056,-0.3214394653031618,0.9999993844250162,0.00018433063402689093,0.9999999998759075,0.006118092158718613,0.0,0.0,355,88.75,rule_based
17.663448333740234,837.2946166992188,85.63968658447266,2.0234363079071045,22.623611450195312,400.0,-0.9659258262890683,-0.25881904510252063,0.9999954939632973,0.0003221624729910052,0.9999999999901588,0.031467366849066425,0.0,0.0,356,89.0,rule_based
17.446720123291016,798.3060302734375,84.05311584472656,1.74826180934906,5.183119773864746,400.0,-0.9807852804032303,-0.19509032201612866,0.99999938781778,0.011553420317857516,0.9999999999984344,0.0017447553307391706,0.0,0.0,357,89.25,rule_based
17.72486114501953,802.1651000976562,82.76985931396484,1.5486700534820557,3.810208559036255,400.0,-0.9914448613738104,-0.13052619222005163,0.9993202386548748,5.7303043649187826e-08,0.9999999999999998,0.0001643669302136828,0.0,0.0,358,89.5,rule_based
17.968055725097656,812.31640625,81.43284606933594,1.3485262393951416,2.420321226119995,400.0,-0.9978589232386035,-0.06540312923014273,0.07670604534715793,4.1550609268911995e-17,1.0,1.400469847921554e-05,0.0,0.0,359,89.75,rule_based
17.622249603271484,818.1378784179688,81.32134246826172,1.1483824253082275,1.0304337739944458,400.0,-1.0,-1.8369701987210297e-16,0.001064569803880107,4.4892624587089164e-26,1.0,1.1404324371311969e-05,0.0,0.0,360,90.0,rule_based
16.885969161987305,819.9300537109375,80.42530822753906,0.879570484161377,0.0,400.0000305175781,-0.9978589232386036,0.06540312923014237,0.00035570980157776137,2.860694996459409e-35,1.0,2.1889936530166564e-06,0.0,0.0,361,90.25,rule_based
15.848549842834473,819.5966186523438,81.53556823730469,0.4017253816127777,0.0,400.0,-0.9914448613738105,0.13052619222005127,0.8013751199223722,1.6448820883090525e-35,1.0,1.6921920460066937e-05,0.0,0.0,362,90.5,rule_based
15.330574989318848,820.2501831054688,80.35131072998047,-0.07361610233783722,0.0,400.0,-0.9807852804032304,0.1950903220161283,0.9979040089662665,1.548798143059501e-35,1.0,1.9100689040841608e-06,0.0,0.0,363,90.75,rule_based
15.326274871826172,822.2799072265625,77.8402099609375,-0.5489575862884521,0.0,400.0,-0.9659258262890684,0.2588190451025203,0.9979852416745959,1.2847113674913184e-35,1.0,1.8714224087293938e-08,0.0,0.0,364,91.0,rule_based
15.57053279876709,825.1273803710938,75.60147094726562,-0.8188828229904175,0.0,400.0,-0.9469301294951057,0.3214394653031615,0.9812113594277242,9.883355282666745e-36,1.0,1.1763408877055021e-08,0.0,0.0,365,91.25,rule_based
16.08156967163086,828.9508666992188,74.03467559814453,-0.4897196292877197,0.0,400.0,-0.923879532511287,0.38268343236508917,0.32054292499474285,6.949684106604437e-36,1.0,3.8156535996613244e-08,0.0,0.0,366,91.5,rule_based
16.25650978088379,832.0655517578125,75.18707275390625,-0.16448597609996796,0.0,400.0,-0.8968727415326884,0.442288690219001,0.08607448567754718,5.216455770147408e-36,1.0,5.708329930834656e-08,0.0,0.0,367,91.75,rule_based
16.050989151000977,834.37939453125,78.28343963623047,0.16074766218662262,0.0,400.0,-0.8660254037844386,0.5000000000000001,0.38470525267025546,4.215273528385218e-36,1.0,4.23400609044477e-08,0.0,0.0,368,92.0,rule_based
15.893019676208496,836.856201171875,80.52375793457031,0.3873352110385895,0.0,400.0,-0.8314696123025455,0.5555702330196018,0.7281640632764298,3.355466870999821e-36,1.0,2.624264775477311e-06,0.0,0.0,369,92.25,rule_based
15.81523609161377,838.733642578125,80.84445190429688,0.33673617243766785,0.0,400.0,-0.7933533402912357,0.6087614290087199,0.8457621060411532,2.8226313736565978e-36,1.0,4.737660344504467e-06,0.0,0.0,370,92.5,rule_based
15.874953269958496,840.0479736328125,79.8779525756836,0.28670021891593933,0.0,400.0,-0.7518398074789772,0.6593458151000691,0.7598262520390096,2.5008183655989243e-36,1.0,7.986603242307712e-07,0.0,0.0,371,92.75,rule_based
15.907065391540527,840.3624267578125,78.94221496582031,0.23666426539421082,0.0,400.0,-0.7071067811865477,0.7071067811865474,0.7018157297451502,2.4294220071965673e-36,1.0,1.42485563909125e-07,0.0,0.0,372,93.0,rule_based
15.8535737991333,839.720947265625,78.3622055053711,0.21927356719970703,0.0,400.0,-0.6593458151000687,0.7518398074789775,0.7939063081481083,2.5772868684573444e-36,1.0,4.895146972444962e-08,0.0,0.0,373,93.25,rule_based
15.845697402954102,839.0607299804688,77.6661605834961,0.29511141777038574,0.0,400.0,-0.608761429008721,0.7933533402912349,0.805522856663349,2.7388540062929388e-36,1.0,2.21665275520813e-08,0.0,0.0,374,93.5,rule_based
15.877169609069824,838.4783325195312,76.94171905517578,0.3701653480529785,0.0,400.0,-0.555570233019603,0.8314696123025447,0.7560808814639411,2.8897963125690302e-36,1.0,2.383248816420596e-08,0.0,0.0,375,93.75,rule_based
15.872821807861328,837.7647094726562,76.47746276855469,0.4452192783355713,0.0,400.0,-0.5000000000000004,0.8660254037844384,0.7633903054132629,3.0861029354768874e-36,1.0,2.3595080501277843e-08,0.0,0.0,376,94.0,rule_based
15.834333419799805,837.0191650390625,76.15275573730469,0.40877389907836914,0.0,400.0000305175781,-0.4422886902190014,0.8968727415326883,0.821397341872034,3.305474221296303e-36,1.0,2.159402733981648e-08,0.0,0.0,377,94.25,rule_based
15.813691139221191,836.6708374023438,75.69500732421875,0.055140186101198196,0.0,400.0,-0.38268343236508956,0.9238795325112868,0.8476083804071437,3.413222459328855e-36,1.0,2.0591664408785848e-08,0.0,0.0,378,94.5,rule_based
15.821396827697754,836.8051147460938,75.12239074707031,-0.29511141777038574,0.0,400.0,-0.32143946530316186,0.9469301294951056,0.8382135152757615,3.3712822569920794e-36,1.0,2.0960270632907555e-08,0.0,0.0,379,94.75,rule_based
15.822610855102539,837.3195190429688,74.61351013183594,-0.6453630328178406,0.0,400.0,-0.25881904510252157,0.9659258262890681,0.8366909798709573,3.215288339109767e-36,1.0,2.1018961871244787e-08,0.0,0.0,380,95.0,rule_based
15.821845054626465,838.2273559570312,74.1983413696289,-0.8867855072021484,0.0,400.0,-0.19509032201612872,0.9807852804032303,0.837652734035859,2.957367264717247e-36,1.0,2.098192030398674e-08,0.0,0.0,381,95.25,rule_based
15.861559867858887,839.6502075195312,73.86467742919922,-0.8363048434257507,0.0,400.0,-0.13052619222005168,0.9914448613738104,0.7816111332562877,2.5941264475142053e-36,1.0,2.2991109479391087e-08,0.0,0.0,382,95.5,rule_based
15.876248359680176,841.3922119140625,73.82817077636719,-0.7862688899040222,0.0,400.0,-0.0654031292301428,0.9978589232386035,0.7576414635422953,2.2095910754177863e-36,1.0,2.3782014326413644e-08,0.0,0.0,383,95.75,rule_based
15.851901054382324,843.4142456054688,74.02014923095703,-0.7362329363822937,0.0,400.0,0.0,1.0,0.9999999999997444,0.00018337976558838043,1.0,2.2485412344522266e-11,0.0,0.0,384,96.0,rule_based
15.98944091796875,846.3786010742188,73.54280090332031,-0.7937687039375305,0.0,400.0,0.06540312923014306,0.9978589232386035,0.9999999999990927,0.00013957078995170333,1.0,3.086320900288431e-11,1.0,1.0,385,96.25,rule_based
16.595319747924805,810.4127807617188,83.57532501220703,-1.1468727588653564,0.0,400.0,0.13052619222005157,0.9914448613738104,0.9999999997594105,0.003817922507115326,1.0,2.4058889468436817e-06,1.0,1.0,386,96.5,rule_based
17.525405883789062,779.6940307617188,84.66277313232422,-1.4971243143081665,0.0,400.0,0.19509032201612825,0.9807852804032304,0.999998736363228,0.06094387843218745,1.0,0.005344359746258166,1.0,1.0,387,96.75,rule_based
18.14690399169922,767.0220947265625,85.0714340209961,-1.8473759889602661,0.0,400.0,0.25881904510252074,0.9659258262890683,0.9996132361209931,0.17253138865752854,1.0,0.01127780051869004,1.0,1.0,388,97.0,rule_based
18.578125,792.1138916015625,85.1854019165039,-2.114225387573242,0.0,400.0,0.3214394653031616,0.9469301294951057,0.9798778884828513,0.02025623712653395,1.0,0.013875449873951815,1.0,1.0,389,97.25,rule_based
18.927064895629883,751.5851440429688,85.27869415283203,-2.163982629776001,0.0,400.0,0.3826834323650898,0.9238795325112867,0.6618950932571074,0.46356666729974866,1.0,0.016434496098791978,1.0,1.0,390,97.5,rule_based
19.038639068603516,886.9343872070312,85.85222625732422,-2.2140185832977295,0.0,400.0,0.44228869021900125,0.8968727415326884,0.41195947707083824,3.331373766425656e-06,1.0,0.04585616764047006,1.0,1.0,391,97.75,rule_based
18.43479347229004,798.1954956054688,87.02674865722656,-2.264054536819458,0.0,400.0,0.49999999999999994,0.8660254037844387,0.994544974123645,0.01167032736913053,1.0,0.2948884530567708,1.0,1.0,392,98.0,rule_based
16.34589958190918,669.5035400390625,86.41486358642578,-2.4381515979766846,0.0,400.0,0.5555702330196022,0.8314696123025452,0.999999999975812,0.9993976063691581,1.0,2.418789869507165e-07,1.0,1.0,393,98.25,rule_based
17.641952514648438,1030.96240234375,84.31283569335938,-2.941265344619751,0.0,400.0,0.6087614290087207,0.7933533402912352,0.9999963033253273,5.774365661900807e-12,1.0,0.0028121687027444107,1.0,1.0,394,98.5,rule_based
18.111352920532227,988.2537841796875,84.65445709228516,-3.441624641418457,0.0,400.0,0.6593458151000688,0.7518398074789774,0.9997212008753155,2.950183539767202e-10,1.0,0.005263510031097438,1.0,1.0,395,98.75,rule_based
18.175779342651367,945.8961791992188,84.73306274414062,-3.941984176635742,0.0,400.0,0.7071067811865476,0.7071067811865476,0.9994954553455864,1.4593282863362696e-08,1.0,0.006078545386857096,1.0,1.0,396,99.0,rule_based
18.164697647094727,902.1987915039062,84.59139251708984,-4.153722286224365,0.0,400.0,0.7518398074789774,0.6593458151000688,0.9995443911754844,8.166755746905183e-07,1.0,0.004688921605061054,1.0,1.0,397,99.25,rule_based
18.443771362304688,863.348876953125,84.4615478515625,-3.625161647796631,0.0,400.0,0.7933533402912352,0.6087614290087207,0.9940774859536431,2.9243790671072995e-05,1.0,0.003695123899808856,1.0,1.0,398,99.5,rule_based
18.88300323486328,828.5458374023438,84.58895874023438,-3.0997843742370605,0.0,400.0,0.8314696123025451,0.5555702330196024,0.7460361393148157,0.0007208629037186806,1.0,0.00466806955158239,1.0,1.0,399,99.75,rule_based
19.23729133605957,793.9328002929688,85.34288787841797,-2.574406862258911,0.0,400.0,0.8660254037844386,0.5000000000000001,0.10105774138881314,0.017185374956550547,1.0,0.018459632644231953,1.0,1.0,400,100.0,rule_based
18.90711212158203,749.9563598632812,87.39208984375,-2.1132874488830566,0.0,400.0,0.8968727415326884,0.44228869021900125,0.7017267207315553,0.5010041487325237,1.0,0.450469295356389,1.0,1.0,401,100.25,rule_based
16.000478744506836,798.0618286132812,87.38472747802734,-1.8135154247283936,0.0,400.0,0.9238795325112867,0.38268343236508984,0.9999999999989955,0.011813150691128853,1.0,1.0044206466552907e-08,1.0,0.9852779489690339,402,100.5,rule_based
17.64779281616211,754.9451293945312,85.29348754882812,-1.513299822807312,0.0,400.0,0.9469301294951056,0.3214394653031617,0.9999960990719022,0.38806196657315145,1.0,0.016880999014514446,1.0,0.8140910258275238,403,100.75,rule_based
18.52326774597168,864.5078735351562,85.66036987304688,-1.213084101676941,0.0,400.0,0.9659258262890683,0.25881904510252074,0.9877616653142901,2.6283030010674937e-05,1.0,0.03264979261778718,1.0,0.22260530530334977,404,101.0,rule_based
19.100893020629883,788.8978881835938,85.60286712646484,-0.9128684401512146,1.3884741067886353,400.0,0.9807852804032304,0.19509032201612833,0.28307549645704777,0.027050527412442852,1.0,0.029464810601155265,1.0,0.018352229906201223,405,101.25,rule_based
19.249452590942383,731.5887451171875,87.0589828491211,-0.6126527786254883,6.276459693908691,400.0,0.9914448613738104,0.1305261922200517,0.09132664974050449,0.8449781249897452,1.0,0.3073829575831101,1.0,0.0,406,101.5,rule_based
17.223268508911133,913.0750122070312,88.77619934082031,-0.3124370872974396,11.14106559753418,400.0,0.9978589232386035,0.06540312923014327,0.9999999218234233,2.99916541542916e-07,1.0,0.0007811551467218347,1.0,0.0,407,101.75,rule_based
18.535451889038086,851.270751953125,86.70874786376953,-0.012221422977745533,16.00567054748535,400.0,1.0,6.123233995736766e-17,0.986328067640418,8.894692186516385e-05,1.0,0.18884251714795736,1.0,0.0,408,102.0,rule_based
17.92805290222168,713.6082763671875,86.985595703125,0.2952721416950226,20.465343475341797,400.0,0.9978589232386035,-0.06540312923014314,0.9999484550467016,0.9661639141777956,0.9999999999999998,0.2793769834817863,1.0,0.0,409,102.25,rule_based
17.725379943847656,949.4388427734375,85.5470962524414,0.6205607652664185,23.93761444091797,400.0,0.9914448613738104,-0.1305261922200516,0.999992028892173,1.0530413926292204e-08,0.999999999999994,0.026665005293743112,1.0,0.0,410,102.5,rule_based
19.341367721557617,851.44775390625,84.5953369140625,0.945794403553009,27.41233253479004,400.0,0.9807852804032304,-0.1950903220161282,0.04132400336640785,8.750862098332711e-05,0.9999999999998785,0.0047230006802793205,1.0,0.0,411,102.75,rule_based
20.113262176513672,800.3776245117188,87.25064086914062,1.2710280418395996,30.887052536010742,400.0,0.9659258262890683,-0.25881904510252063,3.5231950262803506e-05,0.009565810010737716,0.9999999999958296,0.3871418629826472,1.0,0.0,412,103.0,rule_based
18.001171112060547,656.1627807617188,89.8270034790039,1.6550453901290894,41.684566497802734,400.0,0.9469301294951057,-0.3214394653031616,0.9998989265424383,0.9998236259670312,0.9999999994709359,0.5026945858264769,1.0,0.0,413,103.25,rule_based
17.710115432739258,904.6008911132812,87.02960968017578,2.1808769702911377,70.25920867919922,400.0,0.9238795325112868,-0.3826834323650895,0.9999930744332386,6.545813959720253e-07,0.9999999331628469,0.06477039896448156,1.0,0.0,414,103.5,rule_based
19.677520751953125,777.2214965820312,85.5989990234375,2.706254482269287,98.75189971923828,400.0,0.8968727415326884,-0.44228869021900113,0.001945662556057779,0.07535556146778434,0.9999915564707745,0.029261558017117956,1.0,0.0,415,103.75,rule_based
21.073007583618164,719.6568603515625,87.84256744384766,3.2316319942474365,127.24459075927734,400.0,0.8660254037844387,-0.4999999999999998,5.104663498747172e-09,0.9423888509547442,0.999340385756722,0.652724598113752,1.0,0.0,416,104.0,rule_based
19.440099716186523,905.3150634765625,88.83039855957031,3.7048940658569336,155.11740112304688,400.0,0.8314696123025451,-0.5555702330196023,0.01706569210233089,6.12910890724411e-07,0.9836862183284928,0.9206107504840305,1.0,0.0,417,104.25,rule_based
18.123106002807617,660.086669921875,87.91595458984375,4.054924488067627,181.52207946777344,400.0,0.7933533402912352,-0.6087614290087207,0.9996893398201359,0.999746863043,0.7054443829829005,0.682705118285373,1.0,0.0,418,104.5,rule_based
11.462980270385742,556.7196044921875,72.47045135498047,4.405176162719727,207.92994689941406,400.0,0.7518398074789774,-0.6593458151000688,1.0,0.9999999814311668,0.08686119497842172,0.0,1.0,0.0,419,104.75,rule_based
18.14905548095703,888.2056274414062,80.40704345703125,4.755427837371826,234.33779907226562,400.0,0.7071067811865476,-0.7071067811865475,0.9996054941082174,2.9632936620857894e-06,0.007003945132076713,2.116566279376291e-06,1.0,0.0,420,105.0,rule_based
21.70974349975586,813.029052734375,83.50407409667969,5.037901401519775,266.3753662109375,400.0,0.659345815100069,-0.7518398074789773,1.4488597284200459e-11,0.003002835509159282,0.0022269056148427452,0.0006353141257975227,1.0,0.0,421,105.25,rule_based
23.69481658935547,726.0252685546875,86.17613983154297,5.162832260131836,311.5783996582031,400.0,0.6087614290087209,-0.793353340291235,1.6623878765792678e-19,0.9009796830226856,0.000704700229005631,0.08027235846231805,1.0,0.0,422,105.5,rule_based
20.390531539916992,773.8780517578125,84.87166595458984,5.287922382354736,356.7497253417969,400.0,0.5555702330196025,-0.831469612302545,2.740752275514556e-06,0.09981780420077577,0.00022276879530565768,0.007832805289056518,0.0,0.0,423,105.75,rule_based
22.456424713134766,719.5568237304688,87.42289733886719,5.4130120277404785,401.92108154296875,400.0,0.49999999999999994,-0.8660254037844387,1.4938182033362676e-14,0.9428872976220295,0.0001518747265885023,0.46454939713431925,0.0,0.0,424,106.0,rule_based
11.858545303344727,507.0661926269531,63.48427963256836,5.4546122550964355,421.56610107421875,400.0,0.4422886902190017,-0.8968727415326881,1.0,0.9999999998082887,0.0006068169933231425,0.0,1.0,0.0,425,106.25,rule_based
20.29096794128418,821.9986572265625,75.30085754394531,5.304169654846191,382.5625,400.0,0.3826834323650899,-0.9238795325112867,6.856890487453929e-06,0.001316685264468097,0.002413810233588459,6.179697032991236e-07,1.0,0.0,426,106.5,rule_based
22.42426109313965,728.0281372070312,85.17121124267578,5.154061794281006,343.6456604003906,400.0,0.32143946530316175,-0.9469301294951056,2.0088704116520807e-14,0.8832614776469959,0.009550288040735565,0.013522436560884912,1.0,0.0,427,106.75,rule_based
21.79549789428711,928.585205078125,88.59809875488281,5.00395393371582,304.72882080078125,400.0,0.258819045102521,-0.9659258262890682,6.5767500808866925e-12,7.187744136245064e-08,0.02135265550447499,0.8831692888573038,1.0,0.0,428,107.0,rule_based
8.685629844665527,397.0960388183594,67.47081756591797,4.9152936935424805,270.92913818359375,400.0000305175781,0.19509032201612816,-0.9807852804032304,1.0,0.9999999999999925,0.013563965782912201,0.0,1.0,0.0,429,107.25,rule_based
16.756452560424805,735.1017456054688,80.00038146972656,4.965420722961426,248.7019805908203,400.0,0.130526192220052,-0.9914448613738104,0.9999999989387729,0.7977320048284219,0.008598516716056166,1.0007069628817919e-06,1.0,0.0,430,107.5,rule_based
19.529930114746094,975.8582763671875,84.92412567138672,5.015456676483154,226.46377563476562,400.0,0.06540312923014312,-0.9978589232386035,0.00753345419696838,9.239895037611012e-10,0.005440775969936801,0.00862059370146578,1.0,0.0,431,107.75,rule_based
19.747028350830078,853.0076293945312,87.82135009765625,5.065492630004883,204.22557067871094,400.0,1.2246467991473532e-16,-1.0,0.0010266946902630087,7.579876605782292e-05,0.010668634685983579,0.6438141810943728,1.0,0.0,432,108.0,rule_based
8.934228897094727,399.1424865722656,68.56819915771484,4.9918084144592285,185.43276977539062,400.0,-0.06540312923014287,-0.9978589232386035,1.0,0.9999999999999907,0.21431402096153532,0.0,1.0,0.0,433,108.25,rule_based
15.516557693481445,745.8944702148438,81.33297729492188,4.641049385070801,174.31903076171875,400.0,-0.13052619222005177,-0.9914448613738104,0.9999999999999885,0.5934231099212461,0.8728972176957188,1.1647438569184487e-10,1.0,0.0,434,108.5,rule_based
18.387357711791992,925.4142456054688,85.27571868896484,4.290798187255859,163.19993591308594,400.0,-0.19509032201612792,-0.9807852804032305,0.996469030419816,9.625681278787559e-08,0.9942498258011171,0.01634622482742356,1.0,0.0,435,108.75,rule_based
20.809612274169922,827.8092651367188,86.28489685058594,3.9405462741851807,152.08084106445312,400.0,-0.2588190451025208,-0.9659258262890683,5.7749993634033535e-08,0.0007714259429513593,0.9995912211141625,0.09636315736299882,1.0,0.0,436,109.0,rule_based
20.381799697875977,682.6729125976562,89.06511688232422,3.652916431427002,138.7898406982422,400.0,-0.32143946530316153,-0.9469301294951057,2.9703192216242827e-06,0.9979768048466092,0.9998973266048228,0.9470029612736122,1.0,0.0,437,109.25,rule_based
18.344139099121094,894.183349609375,89.80513000488281,3.502875566482544,120.71651458740234,400.0,-0.38268343236508967,-0.9238795325112868,0.9976257557719642,1.7086915870731567e-06,0.9999742332299739,0.9596757068608264,1.0,0.0,438,109.5,rule_based
17.711219787597656,692.8128051757812,87.99047088623047,3.3527677059173584,102.6479721069336,400.0,-0.44228869021900147,-0.8968727415326883,0.9999930036160127,0.9948681243005895,0.9999935339803616,0.06538940359840983,1.0,0.0,439,109.75,rule_based
18.8951416015625,966.120361328125,86.45746612548828,3.202659845352173,84.57943725585938,400.0,-0.4999999999999997,-0.8660254037844388,0.7242777330517193,2.26560845147307e-09,0.999997488119878,0.12781487843890432,1.0,0.0,440,110.0,rule_based
18.7904052734375,778.2390747070312,87.1174545288086,3.0999999046325684,68.9249267578125,400.0,-0.555570233019602,-0.8314696123025455,0.8732982423398118,0.06907958539139593,0.999997488119878,0.33077817998893344,1.0,0.0,441,110.25,rule_based
18.254230499267578,657.1146850585938,86.87142181396484,3.0999999046325684,58.503074645996094,400.0,-0.6087614290087207,-0.7933533402912352,0.9989613374723075,0.9998074679409614,0.999997488119878,0.2390507561474572,1.0,0.0,442,110.5,rule_based
18.390775680541992,912.8502197265625,85.62045288085938,3.0999999046325684,48.07891845703125,400.0,-0.6593458151000688,-0.7518398074789774,0.996356538849961,3.061887098140043e-07,0.999997488119878,0.030405532263232605,1.0,0.0,443,110.75,rule_based
19.64909553527832,793.1229248046875,85.20222473144531,3.0999999046325684,37.65476608276367,400.0,-0.7071067811865471,-0.7071067811865479,0.0025265052946776695,0.01849171799913563,0.9999968697082914,0.014306285827855293,1.0,0.0,444,111.0,rule_based
19.928428649902344,725.3036499023438,87.83320617675781,3.123896598815918,28.559690475463867,400.0,-0.7518398074789773,-0.6593458151000691,0.00019328482559712417,0.9067531803236379,0.9999937486846959,0.6488042645622425,1.0,0.0,445,111.25,rule_based
17.60326385498047,908.03759765625,89.75840759277344,3.198993444442749,22.306095123291016,400.0,-0.7933533402912349,-0.6087614290087209,0.9999974114735272,4.769771259507144e-07,0.9999875208681922,0.025232188172030434,1.0,0.0,446,111.5,rule_based
18.457910537719727,796.412841796875,87.70939636230469,3.274047374725342,16.05160140991211,400.0,-0.8314696123025452,-0.5555702330196022,0.9932593416263499,0.013724157377807137,0.9999750888002135,0.5952538554473661,1.0,0.0,447,111.75,rule_based
17.449520111083984,652.4075927734375,87.54588317871094,3.3491013050079346,9.79710865020752,400.0,-0.8660254037844385,-0.5000000000000004,0.999999371823646,0.9998751901305769,0.999922435275214,0.006242553218228197,1.0,0.0,448,112.0,rule_based
19.044273376464844,999.4100341796875,85.62909698486328,3.4724245071411133,5.107910633087158,400.0,-0.8968727415326883,-0.44228869021900136,0.3994442614297021,1.0558407075072134e-10,0.9993830607400708,0.030878019492170554,1.0,0.0,449,112.25,rule_based
19.23101234436035,872.9431762695312,87.28913879394531,3.697627544403076,3.7183480262756348,400.0,-0.9238795325112868,-0.3826834323650895,0.10643267844024519,1.2085541450337672e-05,0.9999987165335652,0.40409385904121015,1.0,0.03890311015396941,450,112.5,rule_based
17.668481826782227,702.7728881835938,89.16973876953125,3.9227893352508545,2.328460693359375,400.0,-0.9469301294951056,-0.3214394653031618,0.9999952802096664,0.9872548801919361,0.9999999999644724,0.045070865697232176,1.0,0.3827491225719605,451,112.75,rule_based
18.304792404174805,999.7164916992188,87.38850402832031,4.147951126098633,0.9385733604431152,400.0,-0.9659258262890683,-0.25881904510252063,0.9983463118093324,1.026460049890266e-10,0.9999999999999993,0.44883252857028383,1.0,0.9047486370186779,452,113.0,rule_based
17.357288360595703,795.8009643554688,87.15076446533203,4.340625762939453,0.0,400.0,-0.9807852804032303,-0.19509032201612866,0.9999997313705042,0.014508203831528035,1.0,0.002679098828000548,1.0,0.9931246821340004,453,113.25,rule_based
19.044605255126953,746.0234985351562,86.19393920898438,4.465708255767822,0.0,400.0,-0.9914448613738104,-0.13052619222005163,0.3987115542286582,0.5905516058507053,1.0,0.08272605952407512,1.0,1.0,454,113.5,rule_based
18.718746185302734,872.174560546875,87.62701416015625,4.5907979011535645,0.0,400.0,-0.9978589232386035,-0.06540312923014273,0.9302435117864276,1.297213629942136e-05,1.0,0.5582237056908953,1.0,1.0,455,113.75,rule_based
17.554515838623047,706.6483764648438,87.29635620117188,4.715888023376465,0.0,400.0,-1.0,-1.8369701987210297e-16,0.9999983478135986,0.9818867065019106,1.0,0.01625335514309434,0.0,0.0,456,114.0,rule_based
18.666505813598633,1066.879638671875,79.18644714355469,4.800000190734863,0.0,400.0,-0.9978589232386036,0.06540312923014237,0.021120609416648315,2.1125962522547113e-21,1.0,2.2343780613363967e-07,0.0,0.0,457,114.25,rule_based
18.66422462463379,1045.7017822265625,80.09693145751953,4.800000190734863,0.0,400.0,-0.9914448613738105,0.13052619222005127,2.2034023323827993e-05,1.4856958642229123e-28,0.9999999999999996,1.1954896499174886e-06,0.0,0.0,458,114.5,rule_based
18.0054988861084,1036.50390625,83.28284454345703,4.800000190734863,0.0,400.0,-0.9807852804032304,0.1950903220161283,9.506019315986106e-06,3.466118415547147e-36,0.999999999999999,0.00042275331738967736,0.0,0.0,459,114.75,rule_based
17.298660278320312,1020.7884521484375,85.62598419189453,4.800000190734863,0.0,400.0,-0.9659258262890684,0.2588190451025203,6.387851053342552e-06,1.4738844324868792e-43,0.9999999999999984,0.030707453910711245,0.0,0.0,460,115.0,rule_based
16.32248306274414,928.7836303710938,86.90254974365234,4.733864784240723,0.0,400.0,-0.9469301294951057,0.3214394653031615,0.04879114154416111,7.057525788096997e-40,1.0,0.24963662354127616,0.0,0.0,461,115.25,rule_based
14.955870628356934,792.0360107421875,86.78623962402344,4.533716678619385,0.0,400.0,-0.923879532511287,0.38268343236508917,0.9999334029872559,2.0823728724040705e-34,1.0,0.21168558919033764,0.0,0.0,462,115.5,rule_based
14.733574867248535,699.189453125,83.67037963867188,4.333572864532471,0.0,400.0,-0.8968727415326884,0.442288690219001,0.9999914040472105,1.07750900661867e-30,1.0,0.0008628379781932907,0.0,0.0,463,115.75,rule_based
15.784368515014648,682.4295654296875,81.01119232177734,4.133429050445557,0.0,400.0,-0.8660254037844386,0.5000000000000001,0.8793230996814971,5.044494886398947e-30,1.0,6.4409333410482565e-06,0.0,0.0,464,116.0,rule_based
16.47842788696289,681.1224365234375,80.37798309326172,3.9916605949401855,0.0,400.0,-0.8314696123025455,0.5555702330196018,0.012050947610001979,5.689853437507157e-30,1.0,2.00623488819859e-06,0.0,0.0,465,116.25,rule_based
16.47230339050293,679.3483276367188,82.40679168701172,3.9666426181793213,0.0,400.0,-0.7933533402912357,0.6087614290087199,0.012741515694891173,6.699865256897234e-30,1.0,8.42166342439733e-05,0.0,0.0,466,116.5,rule_based
16.060548782348633,676.9523315429688,84.99813842773438,3.941624641418457,0.0,400.0,-0.7518398074789772,0.6593458151000691,0.3640864077120453,8.354236864457576e-30,1.0,0.009867406834620677,0.0,0.0,467,116.75,rule_based
15.700358390808105,662.2032470703125,85.7897720336914,3.9166066646575928,0.0,399.9999694824219,-0.7071067811865477,0.7071067811865474,0.9404645675391073,3.249895739724923e-29,1.0,0.04107723198555118,0.0,0.0,468,117.0,rule_based
15.601839065551758,628.731201171875,84.07075500488281,3.799065351486206,0.0,400.0,-0.6593458151000687,0.7518398074789775,0.9750885181526763,7.091700217558068e-28,1.0,0.0018022759825487063,0.0,0.0,469,117.25,rule_based
16.218570709228516,621.5621337890625,81.85148620605469,3.498849630355835,0.0,400.0,-0.608761429008721,0.7933533402912349,0.11783410229415528,1.372514707236502e-27,1.0,3.028179382745687e-05,0.0,0.0,470,117.5,rule_based
16.241355895996094,622.0267333984375,82.86516571044922,3.198634147644043,0.0,400.0,-0.555570233019603,0.8314696123025447,0.09770650669818604,1.3150136038276982e-27,1.0,0.00019590689348566813,0.0,0.0,471,117.75,rule_based
15.837738037109375,622.3015747070312,84.79093933105469,2.898418426513672,0.0,400.0,-0.5000000000000004,0.8660254037844384,0.8167509497071122,1.2821478047894365e-27,1.0,0.006757791993397759,0.0,0.0,472,118.0,rule_based
15.723089218139648,616.432373046875,84.19195556640625,2.742415428161621,0.0,400.0,-0.4422886902190014,0.8968727415326883,0.9276032279815833,2.2014330115810824e-27,1.0,0.0022521040034146006,0.0,0.0,473,118.25,rule_based
16.06895637512207,613.8234252929688,82.37896728515625,2.8675053119659424,0.0,400.0,-0.38268343236508956,0.9238795325112868,0.34635310637245065,2.799388420913924e-27,1.0,8.000974374310893e-05,0.0,0.0,474,118.5,rule_based
16.16692352294922,613.97216796875,82.52816009521484,2.9925951957702637,0.0,400.0,-0.32143946530316186,0.9469301294951056,0.17690976598319383,2.7613076267255482e-27,1.0,0.0001053130535457123,0.0,0.0,475,118.75,rule_based
15.913881301879883,613.7229614257812,83.94923400878906,3.117685079574585,0.0,400.0,-0.25881904510252157,0.9659258262890681,0.688513708817669,2.8254110727350217e-27,1.0,0.0014413242743006992,0.0,0.0,476,119.0,rule_based
15.849347114562988,611.8552856445312,83.85225677490234,3.200000047683716,0.0,400.0,-0.19509032201612872,0.9807852804032303,0.8002032122356354,3.35574975994063e-27,1.0,0.0012058180525552817,0.0,0.0,477,119.25,rule_based
16.05695152282715,610.326171875,82.7639389038086,3.200000047683716,0.0,400.0,-0.13052619222005168,0.9914448613738104,0.37179085307834686,3.8632442646480575e-27,1.0,0.00016258441991491178,0.0,0.0,478,119.5,rule_based
16.087350845336914,609.8673706054688,82.95405578613281,3.200000047683716,0.0,400.0,-0.0654031292301428,0.9978589232386035,0.3090586880271012,4.029985732509915e-27,1.0,0.00023075588696406773,0.0,0.0,479,119.75,rule_based
15.900927543640137,609.2722778320312,83.8621826171875,3.200000047683716,0.0,400.0,0.0,1.0,0.7135100992339345,4.257053994691191e-27,1.0,0.0012280437993181699,0.0,0.0,480,120.0,rule_based
15.858489036560059,607.616943359375,83.51078033447266,3.1223580837249756,0.0,400.0,0.06540312923014306,0.9978589232386035,0.786400633029913,4.95818601833937e-27,1.0,0.0006432059688513773,0.0,0.0,481,120.25,rule_based
15.947174072265625,606.4268798828125,82.4117202758789,2.8971962928771973,0.0,400.0,0.13052619222005157,0.9914448613738104,0.6192920647707165,5.532549837639685e-27,1.0,8.498494780626645e-05,0.0,0.0,482,120.5,rule_based
15.944063186645508,605.8416137695312,81.78600311279297,2.672034502029419,0.0,400.0,0.19509032201612825,0.9807852804032304,0.6260231102865069,5.8389728316037046e-27,1.0,2.684037785052076e-05,0.0,0.0,483,120.75,rule_based
15.842910766601562,605.19482421875,81.4084701538086,2.4468727111816406,0.0,400.0,0.25881904510252074,0.9659258262890683,0.8095124531132961,6.19736368073699e-27,1.0,1.3389566481714815e-05,0.0,0.0,484,121.0,rule_based
15.871088027954102,604.7490234375,80.50395965576172,2.265204906463623,0.0,400.0,0.3214394653031616,0.9469301294951057,0.7662616230823944,6.4570936344320634e-27,1.0,2.5302529114392845e-06,0.0,0.0,485,121.25,rule_based
16.03803253173828,604.6144409179688,79.65824127197266,2.165132999420166,0.0,400.0,0.3826834323650898,0.9238795325112867,0.41330950665839583,6.53764816347649e-27,1.0,5.328305836326311e-07,0.0,0.0,486,121.5,rule_based
15.997098922729492,604.0703735351562,80.18404388427734,2.065061092376709,0.0,400.0,0.44228869021900125,0.8968727415326884,0.5066794705088696,6.873600069578893e-27,1.0,1.4035613386056249e-06,0.0,0.0,487,121.75,rule_based
15.878767013549805,603.3864135742188,80.93059539794922,1.964989185333252,0.0,400.0,0.49999999999999994,0.8660254037844387,0.7533563288723794,7.320536874977466e-27,1.0,5.552278539651883e-06,0.0,0.0,488,122.0,rule_based
15.945552825927734,603.1259765625,80.73463439941406,1.899999976158142,0.0,400.0,0.5555702330196022,0.8314696123025452,0.6228058008985169,7.498282356289728e-27,1.0,3.869909191942012e-06,0.0,0.0,489,122.25,rule_based
16.02568244934082,603.0252075195312,80.61457061767578,1.899999976158142,0.0,400.0,0.6087614290087207,0.7933533402912352,0.44113636607313417,7.568162942883604e-27,1.0,3.102071087933204e-06,0.0,0.0,490,122.5,rule_based
15.942641258239746,602.7529907226562,81.21633911132812,1.899999976158142,0.0,400.0,0.6593458151000688,0.7518398074789774,0.629084311057018,7.760311768132386e-27,1.0,9.39866079730933e-06,0.0,0.0,491,122.75,rule_based
15.896309852600098,602.7057495117188,81.42147827148438,1.899999976158142,0.0,400.0,0.7071067811865476,0.7071067811865476,0.7221235201971491,7.794162584708985e-27,1.0,1.3714453615003693e-05,0.0,0.0,492,123.0,rule_based
15.960622787475586,602.8804321289062,81.04411315917969,1.8292595148086548,0.0,400.0,0.7518398074789774,0.6593458151000688,0.5896891836174769,7.669748400321834e-27,1.0,6.84362344198696e-06,0.0,0.0,493,123.25,rule_based
15.937126159667969,602.5944213867188,80.94766998291016,1.6291157007217407,0.0,400.0,0.7933533402912352,0.6087614290087207,0.6408574703632862,7.874499834855571e-27,1.0,5.729701364591922e-06,0.0,0.0,494,123.5,rule_based
15.867210388183594,601.8949584960938,80.8330078125,1.4289720058441162,0.0,400.0,0.8314696123025451,0.5555702330196024,0.772597295703142,8.398504161233e-27,1.0,4.638810561202413e-06,0.0,0.0,495,123.75,rule_based
15.878891944885254,601.0546875,80.23310852050781,1.2288281917572021,0.0,400.0,0.8660254037844386,0.5000000000000001,0.7531438741200099,9.074285797665831e-27,1.0,1.53634032248341e-06,0.0,0.0,496,124.0,rule_based
15.929302215576172,600.096435546875,79.5747299194336,1.0375988483428955,0.0,400.0,0.8968727415326884,0.44228869021900125,0.6572691472043329,9.911574434659604e-27,1.0,4.56860628158022e-07,0.0,0.0,497,124.25,rule_based
15.916512489318848,599.0120849609375,79.33490753173828,0.8624730706214905,0.0,400.0,0.9238795325112867,0.38268343236508984,0.9697299431096646,1.458875906382336e-23,1.0,2.937144567166585e-07,0.0,0.0,498,124.5,rule_based
16.058944702148438,598.2784423828125,78.39080047607422,0.6873472332954407,0.0,400.0,0.9469301294951056,0.3214394653031617,0.999938484214249,8.451026627366717e-15,1.0,5.159858191578711e-08,0.0,0.0,499,124.75,rule_based
16.345870971679688,597.86376953125,77.06593322753906,0.5122213959693909,0.0,400.0,0.9659258262890683,0.25881904510252074,0.9999995411905664,4.753812500333203e-06,1.0,4.4951857961491e-09,0.0,0.0,500,125.0,rule_based
16.39093780517578,596.8515625,79.5223388671875,0.3640546500682831,0.9984822869300842,400.0,0.9807852804032304,0.19509032201612833,0.9999999996366573,0.9996600366062005,1.0,4.148351697553159e-07,0.0,0.0,501,125.25,rule_based
16.417394638061523,991.4850463867188,82.74189758300781,0.26398274302482605,3.778257131576538,400.0,0.9914448613738104,0.1305261922200517,0.999999999953272,2.1907649807191034e-10,1.0,4.6727873048713064e-07,0.0,0.0,502,125.5,rule_based
16.585487365722656,969.6395263671875,83.75751495361328,0.1639108508825302,6.5580315589904785,400.0,0.9978589232386035,0.06540312923014327,0.9999999997802389,1.6383952644411404e-09,1.0,2.1976064215056823e-06,0.0,0.0,503,125.75,rule_based
16.740440368652344,954.121826171875,84.05745697021484,0.06383896619081497,9.337806701660156,400.0,1.0,6.123233995736766e-17,0.9999999990842898,6.841100717588928e-09,1.0,9.157017966221481e-06,0.0,0.0,504,126.0,rule_based
16.981595993041992,937.8234252929688,84.04615783691406,0.018116462975740433,19.666107177734375,399.9999694824219,0.9978589232386035,-0.06540312923014314,0.9999999915591441,3.069471832543261e-08,1.0,8.440143517696175e-05,0.0,0.0,505,126.25,rule_based
17.441373825073242,918.2109985351562,84.26557922363281,0.06815240532159805,43.294193267822266,400.0,0.9914448613738104,-0.1305261922200516,0.9999994172379555,1.8687871618740884e-07,1.0,0.002578350437985378,0.0,0.0,506,126.5,rule_based
17.981090545654297,886.3229370117188,84.3990478515625,0.11818835139274597,66.92227935791016,400.0,0.9807852804032304,-0.1950903220161282,0.9999159916809075,3.524349875735793e-06,1.0,0.0032946429609362177,0.0,0.0,507,126.75,rule_based
18.5975399017334,848.4916381835938,84.49408721923828,0.1682243049144745,90.55036163330078,400.0,0.9659258262890683,-0.25881904510252063,0.9760326361201571,0.00011489085109887716,1.0,0.003922531283013424,0.0,0.0,508,127.0,rule_based
19.352497100830078,806.5298461914062,84.55492401123047,0.2730409801006317,120.77242279052734,400.0,0.9469301294951057,-0.3214394653031616,0.037448716177167315,0.005450471937116878,1.0,0.0043856069972801675,0.0,0.0,509,127.25,rule_based
19.773361206054688,760.851806640625,86.60942077636719,0.4731847643852234,162.4690399169922,400.0,0.9238795325112868,-0.3826834323650895,0.0008057645215785715,0.26904181429687724,0.9999999999999996,0.16239693306806607,0.0,0.0,510,127.5,rule_based
18.190515518188477,726.5473022460938,88.38391876220703,0.6733285188674927,204.16566467285156,400.0,0.8968727415326884,-0.44228869021900113,0.9994221506552677,0.8966063082022913,0.9999999999999969,0.8359269011256835,0.0,0.0,511,127.75,rule_based
17.308561325073242,889.8890380859375,85.58735656738281,0.8734723329544067,245.86228942871094,400.0,0.8660254037844387,-0.4999999999999998,0.9999998285072759,2.5376893944449923e-06,0.9999999999999882,0.001711991594563922,0.0,0.0,512,128.0,rule_based
20.413551330566406,810.4833374023438,84.0152359008789,1.0184040069580078,284.4915771484375,400.0,0.8314696123025451,-0.5555702330196023,2.2171565317713998e-06,0.0037932804174135807,0.9999999999999811,0.0016273486330771977,0.0,0.0,513,128.25,rule_based
21.948143005371094,755.25146484375,87.10208129882812,1.0684399604797363,317.848876953125,400.0,0.7933533402912352,-0.6087614290087207,1.6122266519335246e-12,0.3813838835305361,0.9999999937973982,0.32453557055472676,0.0,0.0,514,128.5,rule_based
19.770896911621094,727.4920654296875,88.98941802978516,1.1184759140014648,351.2061767578125,400.0,0.7518398074789774,-0.6593458151000688,0.0008242458493211513,0.8882563879419024,0.9999999999999527,0.9395520507351849,0.0,0.0,515,128.75,rule_based
18.620811462402344,866.8308715820312,87.5918960571289,1.1685118675231934,384.5634765625,400.0,0.7071067811865476,-0.7071067811865475,0.9704722460995897,2.1220437574132574e-05,0.9999999999999252,0.5422181335028833,0.0,0.0,516,129.0,rule_based
19.056716918945312,658.6063232421875,85.3304672241211,1.2185478210449219,414.056640625,400.0,0.659345815100069,-0.7518398074789773,0.37229619382118606,0.9997791193376636,0.9999999999998814,0.018049519102620544,0.0,0.0,517,129.25,rule_based
22.198261260986328,960.2711791992188,84.74329376220703,1.2685837745666504,436.9897766113281,400.0,0.6087614290087209,-0.793353340291235,1.610491092132316e-13,3.882849807400118e-09,0.9999999379071426,0.0061935972214247756,0.0,0.0,518,129.5,rule_based
23.9742488861084,848.9649047851562,87.49634552001953,1.318619728088379,459.92291259765625,400.0,0.5555702330196025,-0.831469612302545,1.2676706855988161e-20,0.00010999087904124775,0.5590188617991815,0.49831715648617186,0.0,0.0,519,129.75,rule_based
8.803210258483887,404.5278625488281,63.39896011352539,1.3686556816101074,482.8560485839844,400.0,0.49999999999999994,-0.8660254037844387,1.0,0.9999999999999849,0.9999999999993328,0.0,0.0,0.0,520,130.0,rule_based
19.327308654785156,760.7072143554688,72.95628356933594,1.4560747146606445,502.15472412109375,400.0,0.4422886902190017,-0.8968727415326881,0.04676982968945866,0.2716688054855035,0.999999999997341,6.719051480369892e-08,0.0,0.0,521,130.25,rule_based
23.142478942871094,792.1593627929688,82.73461151123047,1.60618257522583,515.358642578125,400.0,0.3826834323650899,-0.9238795325112867,2.6920534402616933e-17,0.02017321121619014,0.9996286742828606,0.00043882206920199554,0.0,0.0,522,130.5,rule_based
25.12555503845215,718.3844604492188,88.03514862060547,1.7562904357910156,528.5625610351562,400.0,0.32143946530316175,-0.9469301294951056,3.1461578120357874e-25,0.9484314944383493,3.146058832048659e-05,0.7282538009468906,0.0,0.0,523,130.75,rule_based
7.242615222930908,457.82196044921875,60.008819580078125,1.9063982963562012,541.7665405273438,400.0,0.258819045102521,-0.9659258262890682,1.0,0.9999999999979448,0.9999999999,0.0,0.0,0.0,524,131.0,rule_based
19.73013687133789,809.380859375,68.0033187866211,2.0,549.2152099609375,400.0,0.19509032201612816,-0.9807852804032304,0.0011993154325134223,0.0041970073170621725,0.9999999999,1.6987766328956314e-07,0.0,0.0,525,131.25,rule_based
23.534217834472656,726.5292358398438,81.14945220947266,2.0,547.13037109375,400.0,0.130526192220052,-0.9914448613738104,7.29676796004112e-19,0.8967606146735131,0.9999980097163932,0.0010808059432501592,0.0,0.0,526,131.5,rule_based
25.479394912719727,1006.5394897460938,86.93722534179688,2.0,545.0455322265625,400.0,0.06540312923014312,-0.9978589232386035,1.2089792441922586e-26,5.475458283717511e-11,1.3352419186984932e-06,0.26179118172423643,0.0,0.0,527,131.75,rule_based
11.5763578414917,424.480224609375,70.12008666992188,2.0,542.960693359375,400.0,1.2246467991473532e-16,-1.0,1.0,0.9999999999999047,0.9999999998700204,0.0,0.0,0.0,528,132.0,rule_based
21.012676239013672,775.5451049804688,75.8173599243164,2.028468608856201,536.3946533203125,400.0,-0.06540312923014287,-0.9978589232386035,8.898084308970139e-09,0.08684446625874488,0.999999999740528,3.255925476233527e-06,0.0,0.0,529,132.25,rule_based
24.15155601501465,730.0834350585938,84.86737823486328,2.103522539138794,522.4957885742188,400.0,-0.13052619222005177,-0.9914448613738104,2.4761382271346544e-21,0.8622835038623229,0.1984699257138114,0.0077716462928882945,0.0,0.0,530,132.5,rule_based
22.725980758666992,932.7559814453125,86.34807586669922,2.1785764694213867,508.596923828125,400.0,-0.19509032201612792,-0.9807852804032305,1.2476108564406241e-15,4.8950698312634166e-08,0.9999919847444451,0.10698566565735763,0.0,0.0,531,132.75,rule_based
22.920652389526367,732.1928100585938,88.66712951660156,2.2536303997039795,494.69805908203125,400.0,-0.2588190451025208,-0.9659258262890683,2.0767718913367566e-16,0.8375489385924847,0.9999518506652157,0.895660843004099,0.0,0.0,532,133.0,rule_based
20.649187088012695,839.4027099609375,89.19078063964844,2.271315574645996,468.316162109375,400.0,-0.32143946530316153,-0.9469301294951057,2.5307689490528107e-07,0.0002653237641863144,0.9999999993903974,0.9574882484862876,0.0,0.0,533,133.25,rule_based
19.44978904724121,632.506103515625,88.90149688720703,2.1962616443634033,421.75494384765625,400.0,-0.38268343236508967,-0.9238795325112868,0.015631645224654683,0.9999800365974054,0.9999999996946267,0.9296719138340029,0.0,0.0,534,133.5,rule_based
18.58805274963379,856.4266967773438,88.54096984863281,2.1212077140808105,375.1936950683594,400.0,-0.44228869021900147,-0.8968727415326883,0.9779938810172385,5.5323384956421326e-05,0.9999999998470268,0.8718648770755982,0.0,0.0,535,133.75,rule_based
18.145713806152344,663.6158447265625,87.49783325195312,2.0461537837982178,328.6324768066406,400.0,-0.4999999999999997,-0.8660254037844388,0.9996174521859724,0.9996496679548846,0.9999999999084903,0.4990034175044959,0.0,0.0,536,134.0,rule_based
18.33072280883789,899.2655639648438,85.64390563964844,1.9903666973114014,292.7749938964844,400.0,-0.555570233019602,-0.8314696123025455,0.9979011459544515,1.069979165381204e-06,0.9999999999273235,0.03170518692601,0.0,0.0,537,134.25,rule_based
20.438739776611328,784.0191650390625,85.9401626586914,1.965348720550537,274.0115051269531,400.0,-0.6087614290087207,-0.7933533402912352,1.75807153688303e-06,0.04175496793159731,0.9999999999422804,0.0534873781974472,0.0,0.0,538,134.5,rule_based
20.57097816467285,697.69921875,88.77395629882812,1.9403307437896729,255.24801635742188,400.0,-0.6593458151000688,-0.7518398074789774,5.201017711671357e-07,0.9919745466525662,0.9999999999541593,0.9126727696124585,0.0,0.0,539,134.75,rule_based
18.077857971191406,910.67822265625,88.71900177001953,1.9153127670288086,236.4845428466797,400.0,-0.7071067811865471,-0.7071067811865479,0.9997951920852685,3.739993197604952e-07,0.9999999999837148,0.6719696809147815,0.0,0.0,540,135.0,rule_based
17.369630813598633,719.830322265625,86.22906494140625,1.8029475212097168,210.98130798339844,400.0,-0.7518398074789773,-0.6593458151000691,0.9999996990316209,0.9415153932289053,0.9999999999983742,0.003000653674994469,0.0,0.0,541,135.25,rule_based
19.178668975830078,1054.46142578125,85.85546112060547,1.5527677536010742,174.84423828125,400.0,-0.7933533402912349,-0.6087614290087209,0.16170395126708434,6.630442707662476e-13,0.9999999999998377,0.046117316676901464,0.0,0.0,542,135.5,rule_based
18.632965087890625,923.1458740234375,88.09687042236328,1.3025881052017212,138.70716857910156,400.0,-0.8314696123025452,-0.5555702330196022,0.967090013626532,1.1862142756477494e-07,0.9999999999999838,0.7501627973226395,0.0,0.0,543,135.75,rule_based
16.378808975219727,738.7266845703125,86.1866226196289,1.0524083375930786,102.5700912475586,400.0,-0.8660254037844385,-0.5000000000000004,0.9999999999672482,0.7385240249970636,0.9999999999999976,3.2751837486522106e-07,0.0,0.0,544,136.0,rule_based
17.491243362426758,1012.0501098632812,85.10128021240234,0.8511143326759338,73.4942855834961,400.0,-0.8968727415326883,-0.44228869021900136,0.9999990774879058,3.296061072729002e-11,0.9999999999999991,0.00914080434872322,0.0,0.0,545,136.25,rule_based
17.804243087768555,971.8391723632812,85.27552032470703,0.7260244488716125,55.42575454711914,400.0,-0.9238795325112868,-0.3826834323650895,0.999983519567993,1.337928021395294e-09,0.9999999999999998,0.016340233130518703,0.0,0.0,546,136.5,rule_based
17.766321182250977,920.6563110351562,84.99811553955078,0.6009345650672913,37.357215881347656,400.0,-0.9469301294951056,-0.3214394653031618,0.9999883780683632,1.49192586909698e-07,1.0,0.009867102980729027,0.0,0.0,547,136.75,rule_based
17.742685317993164,890.1004638671875,84.37565612792969,0.47584471106529236,19.288681030273438,400.0,-0.9659258262890683,-0.25881904510252063,0.9999906515537504,2.488746641698389e-06,1.0,0.003156091962044961,0.0,0.0,548,137.0,rule_based
17.779104232788086,882.7177124023438,83.60089111328125,0.3409058153629303,7.512580871582031,400.0,-0.9807852804032303,-0.19509032201612866,0.9999869258734053,4.912342551027831e-06,1.0,0.0007592465690876976,0.0,0.0,549,137.25,rule_based
17.872730255126953,884.3251953125,82.78706359863281,0.19079798460006714,5.4277496337890625,400.0,-0.9914448613738104,-0.13052619222005163,0.9925421777069048,1.8498951784223407e-12,1.0,0.00016965769233301343,0.0,0.0,550,137.5,rule_based
17.976364135742188,885.5704345703125,81.51582336425781,0.04069015011191368,3.342918872833252,400.0,-0.9978589232386035,-0.06540312923014273,0.026477071843984495,3.0464198580466413e-21,1.0,1.631754835881432e-05,0.0,0.0,551,137.75,rule_based
17.526016235351562,884.01318359375,81.09918212890625,-0.10941768437623978,1.2580877542495728,400.0,-1.0,-1.8369701987210297e-16,0.000912933336630261,6.494334596752581e-30,1.0,7.574383729138847e-06,0.0,0.0,552,138.0,rule_based
16.780807495117188,880.9437255859375,79.45134735107422,-0.20992091298103333,0.0,400.0,-0.9978589232386036,0.06540312923014237,0.0007523950789421249,5.78430893126073e-38,1.0,3.6398174707434667e-07,0.0,0.0,553,138.25,rule_based
15.8170166015625,876.6409912109375,80.34672546386719,-0.23493888974189758,0.0,400.0,-0.9914448613738105,0.13052619222005127,0.8436102723420379,8.597273766390727e-38,1.0,1.8940126483507916e-06,0.0,0.0,554,138.5,rule_based
15.459463119506836,873.78515625,79.19422149658203,-0.25995686650276184,0.0,400.0,-0.9807852804032304,0.1950903220161283,0.9931629061838275,1.118392920005736e-37,1.0,2.2666276184837637e-07,0.0,0.0,555,138.75,rule_based
15.641803741455078,872.3018798828125,76.95512390136719,-0.2849748432636261,0.0,400.0,-0.9659258262890684,0.2588190451025203,0.9643982069816988,1.282104783579608e-37,1.0,1.3861296811429554e-08,0.0,0.0,556,139.0,rule_based
15.960589408874512,871.0639038085938,75.19417572021484,-0.35995686054229736,0.0,400.0,-0.9469301294951057,0.3214394653031615,0.589763721544906,1.4369549224177158e-37,1.0,2.8879454781350763e-08,0.0,0.0,557,139.25,rule_based
16.00255584716797,868.8969116210938,75.03607940673828,-0.5100647211074829,0.0,400.0,-0.923879532511287,0.38268343236508917,0.49411683671788226,1.7543819990961576e-37,1.0,3.180937451741365e-08,0.0,0.0,558,139.5,rule_based
15.783941268920898,865.9054565429688,75.83930206298828,-0.6601725220680237,0.0,400.0,-0.8968727415326884,0.442288690219001,0.8797401860157079,2.3109074736363197e-37,1.0,1.922832773943526e-08,0.0,0.0,559,139.75,rule_based
15.743045806884766,863.4039306640625,75.56460571289062,-0.8102803826332092,0.0,400.0,-0.8660254037844386,0.5000000000000001,0.9142476166393322,2.9096674651054335e-37,1.0,1.7500303601711406e-08,0.0,0.0,560,140.0,rule_based
15.872029304504395,861.368408203125,74.60734558105469,-0.9503235220909119,0.0,400.0,-0.8314696123025455,0.5555702330196018,0.7647049614645386,3.5096361442420537e-37,1.0,2.3552103718736762e-08,0.0,0.0,561,140.25,rule_based
15.898667335510254,859.0110473632812,74.14064025878906,-1.0754133462905884,0.0,400.0,-0.7933533402912357,0.6087614290087199,0.7177452821776161,4.360738877071089e-37,1.0,2.5041924679037888e-08,0.0,0.0,562,140.5,rule_based
15.796655654907227,856.27587890625,74.10435485839844,-1.2005032300949097,0.0,400.0,-0.7518398074789772,0.6593458151000691,0.8667905695423195,5.610013787412375e-37,1.0,1.9799544074691576e-08,0.0,0.0,563,140.75,rule_based
15.742761611938477,853.6866455078125,73.69509887695312,-1.325593113899231,0.0,400.0,-0.7071067811865477,0.7071067811865474,0.9144524914885928,7.120892115500879e-37,1.0,1.7488861842016514e-08,0.0,0.0,564,141.0,rule_based
15.788032531738281,851.3973388671875,72.93408203125,-1.4405463933944702,0.0,400.0,-0.6593458151000687,0.7518398074789775,0.8756966475378538,8.792361612601136e-37,1.0,1.9410301450740542e-08,0.0,0.0,565,141.25,rule_based
15.853081703186035,849.1832275390625,72.31986236572266,-1.5406183004379272,0.0,400.0,-0.608761429008721,0.7933533402912349,0.794646553769337,1.0781303485869626e-36,1.0,2.254664817545525e-08,0.0,0.0,566,141.5,rule_based
15.841375350952148,846.763671875,72.15647888183594,-1.6406902074813843,0.0,400.0,-0.555570233019603,0.8314696123025447,0.8116834582108033,1.347263986270607e-36,1.0,2.1947013672912397e-08,0.0,0.0,567,141.75,rule_based
15.790779113769531,844.2531127929688,72.14857482910156,-1.7407619953155518,0.0,400.0,-0.5000000000000004,0.8660254037844384,0.8729169440879576,1.6977525002759723e-36,1.0,1.9533437307703003e-08,0.0,0.0,568,142.0,rule_based
15.79185962677002,842.0547485351562,71.9500503540039,-1.789791464805603,0.0,400.0,-0.4422886902190014,0.8968727415326883,0.8718080224323574,2.0787910327717534e-36,1.0,1.9582132644274368e-08,0.0,0.0,569,142.25,rule_based
15.840437889099121,840.3821411132812,71.69630432128906,-1.7647734880447388,0.0,400.0,-0.38268343236508956,0.9238795325112868,0.8129999441966091,2.4250130099078344e-36,1.0,2.1899681343275837e-08,0.0,0.0,570,142.5,rule_based
15.855573654174805,839.0341186523438,71.6973876953125,-1.739755630493164,0.0,400.0,-0.32143946530316186,0.9469301294951056,0.7908757932080499,2.7455937730349707e-36,1.0,2.2676394097046206e-08,0.0,0.0,571,142.75,rule_based
15.827219009399414,837.97607421875,71.90523529052734,-1.7147376537322998,0.0,400.0,-0.25881904510252157,0.9659258262890681,0.830809072570824,3.026623703825962e-36,1.0,2.1243151722058734e-08,0.0,0.0,572,143.0,rule_based
15.795097351074219,837.03271484375,72.02953338623047,-1.7616822719573975,0.0,400.0,-0.19509032201612872,0.9807852804032303,0.8684385037844933,3.3013525629632905e-36,1.0,1.9728652572127394e-08,0.0,0.0,573,143.25,rule_based
15.773539543151855,835.7843017578125,71.93982696533203,-1.911790132522583,0.0,400.0,-0.13052619222005168,0.9914448613738104,0.889513075713805,3.703628627216483e-36,1.0,1.877325713618558e-08,0.0,0.0,574,143.5,rule_based
15.770777702331543,834.1842651367188,71.68196105957031,-2.0618979930877686,0.0,400.0,-0.0654031292301428,0.9978589232386035,0.8919881383252789,4.291703295072293e-36,1.0,1.8654262551736857e-08,0.0,0.0,575,143.75,rule_based
15.7694091796875,832.19580078125,71.38501739501953,-2.212005853652954,0.0,400.0,0.0,1.0,0.8931964672059916,5.154278848075452e-36,1.0,1.8595576518557978e-08,0.0,0.0,576,144.0,rule_based
15.76513957977295,830.0969848632812,71.1088638305664,-2.3621134757995605,0.0,400.0,0.06540312923014306,0.9978589232386035,0.8968909814258066,6.253458267756572e-36,1.0,1.8413622739169304e-08,0.0,0.0,577,144.25,rule_based
15.764541625976562,828.3571166992188,70.86284637451172,-2.512221336364746,0.0,400.0,0.13052619222005157,0.9914448613738104,0.8973987026382259,7.340337988256708e-36,1.0,1.8388311230070668e-08,0.0,0.0,578,144.5,rule_based
15.761367797851562,827.0298461914062,70.65998077392578,-2.6623291969299316,0.0,400.0,0.19509032201612825,0.9807852804032304,0.9000592750362393,8.294794692844533e-36,1.0,1.8254411569092778e-08,0.0,0.0,579,144.75,rule_based
15.754746437072754,826.1041870117188,70.48920440673828,-2.812437057495117,0.0,400.0,0.25881904510252074,0.9659258262890683,0.9054131311457585,9.032991215962643e-36,1.0,1.7978191712987107e-08,0.0,0.0,580,145.0,rule_based
15.745853424072266,825.576904296875,70.33100128173828,-2.9729690551757812,0.0,400.0,0.3214394653031616,0.9469301294951057,0.9121984826699818,9.482518986790066e-36,1.0,1.7613804077171943e-08,0.0,0.0,581,145.25,rule_based
15.736116409301758,825.44580078125,70.16980743408203,-3.148094892501831,0.0,400.0,0.3826834323650898,0.9238795325112867,0.919120556905547,9.597708231374531e-36,1.0,1.7223301759552127e-08,0.0,0.0,582,145.5,rule_based
15.728694915771484,825.7158203125,69.9979248046875,-3.323220729827881,0.0,400.0,0.44228869021900125,0.8968727415326884,0.9240583931613839,9.361940242882165e-36,1.0,1.6931486323906154e-08,0.0,0.0,583,145.75,rule_based
15.723222732543945,826.3815307617188,69.82352447509766,-3.4983465671539307,0.0,400.0,0.49999999999999994,0.8660254037844387,0.9275204527393411,8.805211292717247e-36,1.0,1.6719488501483774e-08,0.0,0.0,584,146.0,rule_based
15.723461151123047,827.3102416992188,69.65400695800781,-3.6104960441589355,0.0,400.0,0.5555702330196022,0.8314696123025452,0.9273725756758127,8.083309688119575e-36,1.0,1.6728676821178044e-08,0.0,0.0,585,146.25,rule_based
15.730329513549805,828.2744140625,69.50907897949219,-3.6355140209198,0.0,400.0,0.6087614290087207,0.7933533402912352,0.9229950984789611,7.396434069126773e-36,1.0,1.6995335269070503e-08,0.0,0.0,586,146.5,rule_based
15.733551025390625,829.2035522460938,69.41537475585938,-3.660531997680664,0.0,400.0,0.6593458151000688,0.7518398074789774,0.9208600333184142,6.789816670840453e-36,1.0,1.7121844648306202e-08,0.0,0.0,587,146.75,rule_based
15.73061752319336,830.0906982421875,69.36311340332031,-3.6855499744415283,0.0,400.0,0.7071067811865476,0.7071067811865476,0.922806309881561,6.257069259238551e-36,1.0,1.700661202942035e-08,0.0,0.0,588,147.0,rule_based
15.71447467803955,830.771240234375,69.32667541503906,-3.742271661758423,0.0,400.0,0.7518398074789774,0.6593458151000688,0.9327540888111197,5.876949500811992e-36,1.0,1.6386064996464692e-08,0.0,0.0,589,147.25,rule_based
15.684449195861816,831.0183715820312,69.25469207763672,-3.84234356880188,0.0,400.0,0.7933533402912352,0.6087614290087207,0.9481584535638481,5.7446578522251426e-36,1.0,1.529147045717821e-08,0.0,0.0,590,147.5,rule_based
15.659113883972168,830.85302734375,69.09944915771484,-3.942415475845337,0.0,400.0,0.8314696123025451,0.5555702330196024,0.9585001974028295,5.832798422181006e-36,1.0,1.4424921213689407e-08,0.0,0.0,591,147.75,rule_based
15.641454696655273,830.2920532226562,68.88375854492188,-4.042487621307373,0.0,400.0,0.8660254037844386,0.5000000000000001,0.9645084777366493,6.142129302283727e-36,1.0,1.3850155150051866e-08,0.0,0.0,592,148.0,rule_based
15.632560729980469,829.6360473632812,68.64715576171875,-4.163838863372803,0.0,400.0,0.8968727415326884,0.44228869021900125,0.9672084686243155,6.524670108389794e-36,1.0,1.3569392232003181e-08,0.0,0.0,593,148.25,rule_based
15.632569313049316,829.3353881835938,68.42535400390625,-4.313946723937988,0.0,400.0,0.9238795325112867,0.38268343236508984,0.9986443996057771,3.576009925782243e-32,1.0,6.069881341810222e-09,0.0,0.0,594,148.5,rule_based
15.655118942260742,829.501220703125,68.15215301513672,-4.464054584503174,0.0,400.0,0.9469301294951056,0.3214394653031617,0.9999991131748935,1.906843338725481e-23,1.0,9.704196697227764e-10,0.0,0.0,595,148.75,rule_based
15.691048622131348,830.1047973632812,67.87026977539062,-4.614162445068359,0.0,400.0,0.9659258262890683,0.25881904510252074,0.9999999993446409,9.765960605254269e-15,1.0,1.5999994095620585e-10,0.0,0.0,596,149.0,rule_based
15.285701751708984,829.34375,74.993408203125,-4.614306449890137,1.7852863073349,400.0,0.9807852804032304,0.19509032201612833,0.9999999999999929,8.415594566462243e-06,1.0,7.173683869154956e-11,0.0,0.0,597,149.25,rule_based
15.240296363830566,828.796875,80.17974853515625,-4.414162635803223,5.954948425292969,400.0,0.9914448613738104,0.1305261922200517,0.9999999999999991,0.0007044015138682574,1.0,9.14512909844234e-12,0.0,0.0,598,149.5,rule_based
15.477170944213867,828.4881591796875,81.73825073242188,-4.214018821716309,10.124610900878906,400.0,0.9978589232386035,0.06540312923014327,0.999999999999992,0.0007247024762897009,1.0,8.103695492422958e-11,0.0,0.0,599,149.75,rule_based
15.741008758544922,827.4342041015625,82.2901840209961,-4.0138750076293945,14.294272422790527,400.0,1.0,6.123233995736766e-17,0.9999999999999079,0.0007985168417652547,1.0,9.205263218348136e-10,0.0,0.0,600,150.0,rule_based
16.183218002319336,823.6537475585938,82.85325622558594,-3.6304097175598145,30.745267868041992,400.0,0.9978589232386035,-0.06540312923014314,0.9999999999945941,0.0011307275806284097,1.0,5.4059117626792386e-08,0.0,0.0,601,150.25,rule_based
17.010160446166992,814.7833251953125,83.25732421875,-3.004960536956787,63.40761947631836,400.0,0.9914448613738104,-0.1305261922200516,0.9999999890190302,0.002555977373764381,1.0,0.00010979764149465776,0.0,0.0,602,150.5,rule_based
18.047134399414062,800.9164428710938,83.64281463623047,-2.3795111179351807,96.06997680664062,400.0,0.9807852804032304,-0.1950903220161282,0.9998456615238877,0.009106845856695708,1.0,0.0008201455575219764,0.0,0.0,603,150.75,rule_based
19.211090087890625,783.2589721679688,83.97801971435547,-1.7540618181228638,128.73233032226562,400.0,0.9659258262890683,-0.25881904510252063,0.1251868164250639,0.04464827128609135,1.0,0.0015197032016446967,0.0,0.0,604,151.0,rule_based
19.92799186706543,771.9733276367188,86.15396881103516,-1.2263120412826538,163.8070068359375,400.0,0.9469301294951057,-0.3214394653031616,0.00019406421635297804,0.11672469958476002,1.0,0.07730846820768197,0.0,0.0,605,151.25,rule_based
19.203704833984375,719.7489624023438,88.44762420654297,-0.8260244131088257,202.02891540527344,400.0,0.9238795325112868,-0.3826834323650895,0.132827954651754,0.9419265289374796,1.0,0.8513974980543354,0.0,0.0,606,151.5,rule_based
16.986827850341797,901.7506713867188,87.67703247070312,-0.4257368743419647,240.25082397460938,400.0,0.8968727415326884,-0.44228869021900113,0.9999999911425311,8.510808577904177e-07,1.0,8.856684542835058e-05,0.0,0.0,607,151.75,rule_based
19.855144500732422,830.87939453125,85.68766784667969,-0.025449316948652267,278.47271728515625,400.0,0.8660254037844387,-0.4999999999999998,0.00037953887460470155,0.0005815275701025755,1.0,0.03427570798343378,0.0,0.0,608,152.0,rule_based
20.922861099243164,738.3536376953125,88.1786880493164,0.2874191105365753,314.5698547363281,400.0,0.8314696123025451,-0.5555702330196023,2.03495574367913e-08,0.7451040450332066,0.9999999999995086,0.7773331573629529,0.0,0.0,609,152.25,rule_based
18.583290100097656,832.7340698242188,88.60379028320312,0.487562894821167,347.9271545410156,400.0,0.7933533402912352,-0.6087614290087207,0.9789183217009116,0.0004902576267579034,0.9999999999999993,0.8842451125382464,0.0,0.0,610,152.5,rule_based
18.4316463470459,638.193115234375,85.40491485595703,0.687706708908081,381.2844543457031,400.0,0.7518398074789774,-0.6593458151000688,0.9946999618121903,0.9999662938416565,0.9999999999999964,0.020647565012689828,0.0,0.0,611,152.75,rule_based
22.077842712402344,950.925048828125,83.40026092529297,0.8878504633903503,414.6417541503906,400.0,0.7071067811865476,-0.7071067811865475,4.882343362345652e-13,9.183287656830558e-09,0.9999999795180325,0.0005247864287093923,0.0,0.0,612,153.0,rule_based
24.399181365966797,865.3212890625,86.18756103515625,1.0769950151443481,441.8883361816406,400.0,0.659345815100069,-0.7518398074789773,2.530880169706631e-22,2.4385732703402455e-05,0.024684077280109018,0.08183997404025772,0.0,0.0,613,153.25,rule_based
18.010282516479492,574.4953002929688,84.64578247070312,1.2521207332611084,461.34674072265625,400.0,0.6087614290087209,-0.793353340291235,0.9998900793966407,0.9999999045421204,0.9999999999994884,0.00518056063066185,0.0,0.0,614,153.5,rule_based
23.557586669921875,917.3668823242188,82.62645721435547,1.4272465705871582,480.80517578125,400.0,0.5555702330196025,-0.831469612302545,5.883735644916035e-19,2.0198835391558158e-07,0.9982129861029218,0.0011404890536631375,0.0,0.0,615,153.75,rule_based
26.00933074951172,829.7391357421875,86.09353637695312,1.602372407913208,500.26361083984375,400.0,0.49999999999999994,-0.8660254037844387,9.176478886826224e-29,0.0006458815129291056,6.499852382879645e-05,0.24419668965300573,0.0,0.0,616,154.0,rule_based
14.219819068908691,444.5729064941406,72.9959716796875,1.7885693311691284,516.0316162109375,400.0,0.4422886902190017,-0.8968727415326881,1.0,0.9999999999993934,0.9999999999098734,6.661338147750939e-16,0.0,0.0,617,154.25,rule_based
22.80868148803711,797.3623046875,76.06000518798828,1.9887131452560425,527.1507568359375,400.0,0.3826834323650899,-0.9238795325112867,5.824710755126593e-16,0.012589423252586739,0.9999999994305866,0.00020351340251921916,0.0,0.0,618,154.5,rule_based
26.080005645751953,721.3172607421875,83.49711608886719,2.188856840133667,538.2698364257812,400.0,0.32143946530316175,-0.9469301294951056,4.786093211245842e-29,0.9335022421110672,0.9101809959472431,0.27546392254017077,0.0,0.0,619,154.75,rule_based
19.067995071411133,711.2334594726562,80.53157806396484,2.389000654220581,549.388916015625,400.0,0.258819045102521,-0.9659258262890682,0.3483611619979845,0.9726294165039372,0.9999999877215232,2.662325328375621e-06,0.0,0.0,620,155.0,rule_based
25.14318084716797,1027.1519775390625,79.39509582519531,2.5222861766815186,555.5555419921875,400.0,0.19509032201612816,-0.9807852804032304,2.6747124990809903e-25,8.202062305009236e-12,0.9999999805334822,0.04212032201226566,0.0,0.0,621,155.25,rule_based
26.366369247436523,850.3966674804688,84.74974060058594,2.572322130203247,555.5555419921875,400.0,0.130526192220052,-0.9914448613738104,3.423905317108939e-30,9.640299375704725e-05,0.030689976935430185,0.4236773525034143,0.0,0.0,622,155.5,rule_based
12.374747276306152,410.31329345703125,59.831260681152344,2.6223580837249756,555.5555419921875,400.0,0.06540312923014312,-0.9978589232386035,1.0,0.9999999999999742,0.9999999510699316,0.0,0.0,0.0,623,155.75,rule_based
22.652576446533203,763.9518432617188,67.3443374633789,2.672394037246704,555.5555419921875,400.0,1.2246467991473532e-16,-1.0,2.4529930564539932e-15,0.2166980674806433,0.9999999300383919,0.00014207387113753114,0.0,0.0,624,156.0,rule_based
25.95976448059082,770.92919921875,79.64708709716797,2.711215019226074,548.0789184570312,400.0,-0.06540312923014287,-0.9978589232386035,1.4485859833526323e-28,0.12701042476897648,0.9999999119089746,0.22375099963564085,0.0,0.0,625,156.25,rule_based
24.16830062866211,643.1316528320312,87.0602035522461,2.7362329959869385,531.4002685546875,400.0,-0.13052619222005177,-0.9914448613738104,2.122245989406203e-21,0.9999468818618342,0.175070361652525,0.3078621056502911,0.0,0.0,626,156.5,rule_based
13.641261100769043,571.1828002929688,67.05288696289062,2.7612509727478027,514.7216186523438,400.0,-0.19509032201612792,-0.9807852804032305,1.0,0.9999999296420808,0.9999998603389109,0.0,0.0,0.0,627,156.75,rule_based
22.219602584838867,924.4378051757812,73.4780502319336,2.786268949508667,498.04296875,400.0,-0.2588190451025208,-0.9659258262890683,1.3230831876725493e-13,1.0531385702303035e-07,0.9999998415107059,5.243007048726706e-05,0.0,0.0,628,157.0,rule_based
24.92218589782715,847.5485229492188,84.10966491699219,2.799999952316284,477.28851318359375,400.0,-0.32143946530316153,-0.9469301294951057,2.0476383124455397e-24,0.00012531493411252525,0.3763677715132461,0.02575461404163346,0.0,0.0,629,157.25,rule_based
22.331037521362305,691.6419677734375,88.08677673339844,2.799999952316284,451.5755920410156,400.0,-0.38268343236508967,-0.9238795325112868,4.740781357713225e-14,0.9953902921255032,0.9999997890643517,0.7466604171845651,0.0,0.0,630,157.5,rule_based
20.978065490722656,887.8160400390625,87.33478546142578,2.799999952316284,425.8627014160156,400.0,-0.44228869021900147,-0.8968727415326883,1.2238840577671059e-08,3.071556473150903e-06,0.9999998415107059,0.4245020487681697,0.0,0.0,631,157.75,rule_based
20.479238510131836,684.2051391601562,87.35711669921875,2.799999952316284,400.1497802734375,400.0,-0.4999999999999997,-0.8660254037844388,1.210723237149925e-06,0.9976708759480843,0.9999999153961103,0.4345747772365196,0.0,0.0,632,158.0,rule_based
19.87512969970703,906.769287109375,87.43695831298828,2.7318475246429443,371.2816467285156,400.0,-0.555570233019602,-0.8314696123025455,0.0003157512171490421,5.360785031819472e-07,0.999999978769559,0.4709992591977572,0.0,0.0,633,158.25,rule_based
19.08395004272461,706.0326538085938,88.11204528808594,2.581739664077759,338.6192932128906,400.0,-0.6087614290087207,-0.7933533402912352,0.31578685053862304,0.9828682900673604,0.9999999946724483,0.7553653150152531,0.0,0.0,634,158.5,rule_based
18.21734619140625,916.758056640625,87.34504699707031,2.4316318035125732,305.9569396972656,400.0,-0.6593458151000688,-0.7518398074789774,0.9992602872715746,2.1363807439927513e-07,0.9999999986631081,0.4291219391443424,0.0,0.0,635,158.75,rule_based
18.16435432434082,729.2100219726562,86.12229919433594,2.281524181365967,273.2945861816406,400.0,-0.7071067811865471,-0.7071067811865479,0.9995458269564252,0.8715609743865464,0.9999999997798215,0.0732484559145589,0.0,0.0,636,159.0,rule_based
19.349611282348633,969.493896484375,86.23692321777344,2.085693836212158,239.36216735839844,400.0,-0.7518398074789773,-0.6593458151000691,0.03841863698576525,1.6605192694816454e-09,0.9999999999780185,0.08893837947940508,0.0,0.0,637,159.25,rule_based
19.096147537231445,822.22119140625,88.2643051147461,1.8355140686035156,203.9200439453125,400.0,-0.7933533402912349,-0.6087614290087209,0.29202833615430174,0.0012900031677153126,0.9999999999978055,0.8034352207014405,0.0,0.0,638,159.5,rule_based
16.933998107910156,667.135986328125,87.45369720458984,1.585334300994873,168.47792053222656,400.0,-0.8314696123025452,-0.5555702330196022,0.9999999945551135,0.9995155712006992,0.9999999999997808,5.444590134107141e-05,0.0,0.0,639,159.75,rule_based
18.275371551513672,1043.129150390625,87.00438690185547,1.3351545333862305,133.03578186035156,400.0,-0.8660254037844385,-0.5000000000000004,0.998738342746393,1.8829285255043765e-12,0.9999999999999756,0.28639283780571995,0.0,0.0,640,160.0,rule_based
16.922779083251953,846.6535034179688,85.35343933105469,1.0964773893356323,101.74734497070312,400.0,-0.8968727415326883,-0.44228869021900136,0.999999995089603,0.00013608145298804248,0.9999999999999969,4.910155777526626e-05,0.0,0.0,641,160.25,rule_based
17.955129623413086,820.24658203125,85.44336700439453,0.871315598487854,75.33948516845703,400.0,-0.9238795325112868,-0.3826834323650895,0.9999338563001013,0.00154690236395934,0.9999999999999996,0.02212959587693469,0.0,0.0,642,160.5,rule_based
17.961181640625,785.7391967773438,85.65271759033203,0.6461538672447205,48.93162536621094,400.0,-0.9469301294951056,-0.3214394653031618,0.9999300653120063,0.035856986777014835,1.0,0.03220756112863228,0.0,0.0,643,160.75,rule_based
17.636262893676758,759.1343994140625,84.84925079345703,0.4209921061992645,22.52376365661621,400.0,-0.9659258262890683,-0.25881904510252063,0.9999964920574302,0.30125877771135867,1.0,0.007518329126173245,0.0,0.0,644,161.0,rule_based
17.71694564819336,869.89501953125,83.5149154663086,0.1958303451538086,7.368799209594727,400.0,-0.9807852804032303,-0.19509032201612866,0.9999926247541452,1.6002725824433224e-05,1.0,0.0006481221233749918,0.0,0.0,645,161.25,rule_based
17.888751983642578,874.1620483398438,82.6135482788086,-0.02933141589164734,5.283968448638916,400.0,-0.9914448613738104,-0.13052619222005163,0.9855620524064715,1.1785810665616996e-12,1.0,0.00012324869372741618,0.0,0.0,646,161.5,rule_based
18.031982421875,885.2756958007812,81.2852783203125,-0.25449317693710327,3.1991372108459473,400.0,-0.9978589232386035,-0.06540312923014273,0.009593892128567372,7.821058924812177e-22,1.0,1.0671463549936324e-05,0.0,0.0,647,161.75,rule_based
17.611316680908203,894.3087158203125,80.59573364257812,-0.4796549379825592,1.1143062114715576,400.0,-1.0,-1.8369701987210297e-16,0.00024754559222731656,6.286347712505269e-31,1.0,2.9963126506418125e-06,0.0,0.0,648,162.0,rule_based
16.84960174560547,898.1823120117188,79.0495376586914,-0.6000000238418579,0.0,400.0,-0.9978589232386036,0.06540312923014237,0.0003994138434866446,1.1822483380501226e-38,1.0,2.2366640124882579e-07,0.0,0.0,649,162.25,rule_based
15.86028003692627,897.8616943359375,79.85969543457031,-0.6000000238418579,0.0,400.0,-0.9914448613738105,0.13052619222005127,0.7836174028306456,1.2176723109470003e-38,1.0,7.7225224810833e-07,0.0,0.0,650,162.5,rule_based
15.416927337646484,897.5997924804688,78.77523803710938,-0.6000000238418579,0.0,400.0,-0.9807852804032304,0.1950903220161283,0.995368799990088,1.2474048447358971e-38,1.0,1.0475745648775023e-07,0.0,0.0,651,162.75,rule_based
15.517403602600098,898.203857421875,76.43772888183594,-0.6000000238418579,0.0,400.0,-0.9659258262890684,0.2588190451025203,0.9883976186928017,1.179901713696871e-38,1.0,1.0408876517427752e-08,0.0,0.0,652,163.0,rule_based
15.841446876525879,899.0485229492188,74.40214538574219,-0.6468727588653564,0.0,400.0,-0.9469301294951057,0.3214394653031615,0.8115833456879181,1.0915856464486077e-38,1.0,2.1950606824920778e-08,0.0,0.0,653,163.25,rule_based
16.13024139404297,899.5095825195312,73.46672821044922,-0.7469446659088135,0.0,400.0,-0.923879532511287,0.38268343236508917,0.23155295225155664,1.0462072721014043e-38,1.0,4.26816192664343e-08,0.0,0.0,654,163.5,rule_based
15.967423439025879,898.397705078125,74.86921691894531,-0.8470165133476257,0.0,400.0,-0.8968727415326884,0.442288690219001,0.5744531226171223,1.1590204797432326e-38,1.0,2.93375059470109e-08,0.0,0.0,655,163.75,rule_based
15.773452758789062,897.0653076171875,76.14610290527344,-0.9470884203910828,0.0,400.0,-0.8660254037844386,0.5000000000000001,0.8895912862025167,1.310347924069971e-38,1.0,1.87695214287412e-08,0.0,0.0,656,164.0,rule_based
15.848199844360352,896.6112670898438,75.8476333618164,-1.0825304985046387,0.0,400.0,-0.8314696123025455,0.5555702330196018,0.8018866164180399,1.3663064513057306e-38,1.0,2.22946265941102e-08,0.0,0.0,657,164.25,rule_based
15.912447929382324,896.4414672851562,75.25115966796875,-1.2576563358306885,0.0,400.0,-0.7933533402912357,0.6087614290087199,0.6913388163192886,1.3878493285798406e-38,1.0,2.5849238741606825e-08,0.0,0.0,658,164.5,rule_based
15.822927474975586,896.20751953125,75.03119659423828,-1.4327821731567383,0.0,400.0,-0.7518398074789772,0.6593458151000691,0.8362928205675895,1.4180777504363545e-38,1.0,2.103426447535065e-08,0.0,0.0,659,164.75,rule_based
15.731972694396973,896.3850708007812,74.50371551513672,-1.607908010482788,0.0,400.0,-0.7071067811865477,0.7071067811865474,0.9219124864928037,1.395077071079448e-38,1.0,1.705976195175301e-08,0.0,0.0,660,165.0,rule_based
15.783524513244629,897.4330444335938,73.49805450439453,-1.8067576885223389,0.0,400.0,-0.6593458151000687,0.7518398074789775,0.8801460412386575,1.2667150086230693e-38,1.0,1.9209868967347703e-08,0.0,0.0,661,165.25,rule_based
15.92154598236084,899.1878662109375,72.64323425292969,-2.031919479370117,0.0,400.0,-0.608761429008721,0.7933533402912349,0.6731772155599275,1.0776698043936942e-38,1.0,2.6396461814687216e-08,0.0,0.0,662,165.5,rule_based
15.92412281036377,900.9606323242188,72.72789764404297,-2.2570812702178955,0.0,400.0,-0.555570233019603,0.8314696123025447,0.667933469055511,9.153249552396205e-39,1.0,2.655357276120928e-08,0.0,0.0,663,165.75,rule_based
15.830574989318848,902.87548828125,73.27799987792969,-2.482243061065674,0.0,400.0,-0.5000000000000004,0.8660254037844384,0.8264192406316674,7.673268079207521e-39,1.0,2.140795985735467e-08,0.0,0.0,664,166.0,rule_based
15.807889938354492,905.4464111328125,73.36307525634766,-2.611933946609497,0.0,400.0,-0.4422886902190014,0.8968727415326883,0.8543825171771079,6.055402631815842e-39,1.0,2.031843634902097e-08,0.0,0.0,665,166.25,rule_based
15.834716796875,908.6137084960938,73.0704345703125,-2.6369519233703613,0.0,400.0,-0.38268343236508956,0.9238795325112868,0.8208791342305762,4.523277036420522e-39,1.0,2.1613083504013677e-08,0.0,0.0,666,166.5,rule_based
15.83712100982666,912.1607055664062,72.8038558959961,-2.6619699001312256,0.0,400.0,-0.32143946530316186,0.9469301294951056,0.817599416546699,3.262659730201602e-39,1.0,2.1733086229639745e-08,0.0,0.0,667,166.75,rule_based
15.802813529968262,916.057373046875,72.611083984375,-2.68698787689209,0.0,400.0,-0.25881904510252157,0.9659258262890681,0.8601038065083305,2.278797015182762e-39,1.0,2.0082313769250856e-08,0.0,0.0,668,167.0,rule_based
15.899553298950195,920.6480102539062,72.28913879394531,-2.663982629776001,0.0,400.0,-0.19509032201612872,0.9807852804032303,0.7160897068874529,1.493067608611412e-39,1.0,2.5093047911064883e-08,0.0,0.0,669,167.25,rule_based
16.108173370361328,925.6172485351562,72.50660705566406,-2.5889289379119873,0.0,400.0,-0.13052619222005168,0.9914448613738104,0.26966527654044753,9.447334582177034e-40,1.0,4.0567123362035426e-08,0.0,0.0,670,167.5,rule_based
16.05472755432129,929.7175903320312,74.5915756225586,-2.5138750076293945,0.0,400.0,-0.0654031292301428,0.9978589232386035,0.3765885075226673,6.475829683208242e-40,1.0,3.586963189745179e-08,0.0,0.0,671,167.75,rule_based
15.952397346496582,933.6262817382812,77.05085754394531,-2.4388210773468018,0.0,400.0,0.0,1.0,0.999999999999355,4.5180131313830296e-08,1.0,4.372030354661208e-09,0.0,0.0,672,168.0,rule_based
16.24855613708496,938.5630493164062,77.30923461914062,-2.4000000953674316,0.0,400.0,0.06540312923014306,0.9978589232386035,0.9999999999901321,2.8673415855322827e-08,1.0,7.036997172740881e-09,1.0,1.0,673,168.25,rule_based
17.17992401123047,903.298828125,85.13335418701172,-2.4000000953674316,0.0,400.0,0.13052619222005157,0.9914448613738104,0.9999999475562019,7.379850262452147e-07,1.0,0.0005241631172783201,1.0,1.0,674,168.5,rule_based
18.188108444213867,869.31982421875,85.9343490600586,-2.4000000953674316,0.0,400.0,0.19509032201612825,0.9807852804032304,0.9994348206706709,1.6873254460457563e-05,1.0,0.05294919766482121,1.0,1.0,675,168.75,rule_based
18.078847885131836,778.5831298828125,86.07170104980469,-2.4000000953674316,0.0,400.0,0.25881904510252074,0.9659258262890683,0.999793319432074,0.06706966909405164,1.0,0.06716867882715047,1.0,1.0,676,169.0,rule_based
17.97985076904297,716.40673828125,85.58837890625,-2.387850522994995,0.0,400.0,0.3214394653031616,0.9469301294951057,0.9999169453577106,0.9566469575176133,1.0,0.02871120204395714,1.0,1.0,677,169.25,rule_based
18.582605361938477,1031.0489501953125,84.8338623046875,-2.362832546234131,0.0,400.0,0.3826834323650898,0.9238795325112867,0.9790481413277906,5.7285340965110535e-12,1.0,0.007309811807017561,1.0,1.0,678,169.5,rule_based
19.321317672729492,967.7850341796875,84.923828125,-2.3378145694732666,0.0,400.0,0.44228869021900125,0.8968727415326884,0.04929163193241895,1.943555726824007e-09,1.0,0.008615884630686039,1.0,1.0,679,169.75,rule_based
19.223735809326172,914.4293212890625,87.20051574707031,-2.3127965927124023,0.0,400.0,0.49999999999999994,0.8660254037844387,0.11297817964847515,2.647450197451089e-07,1.0,0.36547694512883666,1.0,1.0,680,170.0,rule_based
15.924713134765625,736.2434692382812,88.49137115478516,-2.2388927936553955,0.0,400.0,0.5555702330196022,0.8314696123025452,0.9999999999995002,0.7802320136240026,1.0,4.998647495924047e-09,1.0,1.0,681,170.25,rule_based
17.328125,1004.83251953125,86.12646484375,-2.113802909851074,0.0,400.0,0.6087614290087207,0.7933533402912352,0.9999997946482229,6.407653038308144e-11,1.0,0.002049309898417895,1.0,1.0,682,170.5,rule_based
18.31993865966797,966.7908935546875,86.28596496582031,-1.9887131452560425,0.0,400.0,0.6593458151000688,0.7518398074789774,0.9980992460556734,2.12992807192611e-09,1.0,0.09653496181734475,1.0,1.0,683,170.75,rule_based
17.875839233398438,842.3956298828125,86.25665283203125,-1.8636232614517212,0.0,400.0,0.7071067811865476,0.7071067811865476,0.9999681326783152,0.0002014128774691943,1.0,0.09192742963109014,1.0,1.0,684,171.0,rule_based
17.92301368713379,738.970458984375,85.58338165283203,-1.71394681930542,0.0,400.0,0.7518398074789774,0.6593458151000688,0.9999507919343557,0.7341655099529634,1.0,0.028455714402362848,1.0,1.0,685,171.25,rule_based
18.84855842590332,969.4481811523438,85.0721435546875,-1.5388209819793701,0.0,400.0,0.7933533402912352,0.6087614290087207,0.8013624119540362,1.6675321319006724e-09,1.0,0.011292340701867859,1.0,1.0,686,171.5,rule_based
19.617752075195312,909.0814208984375,85.74675750732422,-1.3636951446533203,0.0,400.0,0.8314696123025451,0.5555702330196024,0.0033691822118790083,4.3325570261904204e-07,1.0,0.03806712405159285,1.0,1.0,687,171.75,rule_based
19.165645599365234,828.267822265625,88.07142639160156,-1.18856942653656,0.0,400.0,0.8660254037844386,0.5000000000000001,0.1786307802091342,0.0007395444413800118,1.0,0.7412747251321494,1.0,1.0,688,172.0,rule_based
15.595056533813477,665.2201538085938,88.71761322021484,-1.0258088111877441,0.0,400.0,0.8968727415326884,0.44228869021900125,0.999999999999976,0.9995939024186428,1.0,2.400084575526762e-10,1.0,1.0,689,172.25,rule_based
17.3374080657959,1026.7552490234375,86.1579818725586,-0.8757009506225586,0.0,400.0,0.9238795325112867,0.38268343236508984,0.9999997763180283,8.507292648973523e-12,1.0,0.002231828019488624,1.0,0.9744758052581698,690,172.5,rule_based
18.439311981201172,986.0946044921875,86.45105743408203,-0.725593090057373,0.0,400.0000305175781,0.9469301294951056,0.3214394653031617,0.9943145035935624,3.5992695137511175e-10,1.0,0.1265060788924497,1.0,0.7139109192914377,691,172.75,rule_based
17.90931510925293,842.5174560546875,86.40556335449219,-0.5754852890968323,0.0,400.0,0.9659258262890683,0.25881904510252074,0.9999566246606879,0.0001991668195389537,1.0,0.11753107520084433,1.0,0.14113607822969676,692,173.0,rule_based
18.102779388427734,726.5067749023438,85.51107025146484,-0.4005032479763031,0.34547486901283264,400.0,0.9807852804032304,0.19509032201612833,0.9997423650668111,0.8969520801731772,1.0,0.024995598220713414,1.0,0.010891527483941288,693,173.25,rule_based
19.254701614379883,1020.9102172851562,84.66592407226562,-0.20035944879055023,1.0404185056686401,400.0,0.9914448613738104,0.1305261922200517,0.08739380280204517,1.457441338551295e-11,1.0,0.005375287352920793,1.0,0.0,694,173.5,rule_based
19.731609344482422,963.2250366210938,86.86489868164062,-0.00021567217481788248,1.7353622913360596,400.0,0.9978589232386035,0.06540312923014327,0.0011831791570450958,2.9579949234056825e-09,1.0,0.23687303851996858,1.0,0.0,695,173.75,rule_based
17.722307205200195,788.8430786132812,89.61392974853516,0.19992810487747192,2.4303059577941895,400.0,1.0,6.123233995736766e-17,0.9999922513433208,0.027183597476172324,1.0,0.07191470077052553,1.0,0.0,696,174.0,rule_based
18.02635955810547,707.60986328125,87.79713439941406,0.4125808775424957,4.862608909606934,400.0,0.9978589232386035,-0.06540312923014314,0.9998725370270661,0.9802426978226054,0.9999999999999996,0.5603994105378283,1.0,0.0,697,174.25,rule_based
16.938919067382812,935.1419067382812,86.77605438232422,0.6377426385879517,9.032271385192871,400.0,0.9914448613738104,-0.1305261922200516,0.9999999943025735,3.929359767845261e-08,0.9999999999999971,5.697102041890556e-05,1.0,0.0,698,174.5,rule_based
18.944089889526367,873.2172241210938,84.92777252197266,0.8629043698310852,13.201932907104492,400.0,0.9807852804032304,-0.1950903220161282,0.625965246414749,1.1784396029641553e-05,0.9999999999999776,0.008678241360900433,1.0,0.0,699,174.75,rule_based
19.859447479248047,826.7163696289062,86.49488830566406,1.0880661010742188,17.37159538269043,400.0,0.9659258262890683,-0.25881904510252063,0.0003647956405924795,0.0008530481327267422,0.9999999999995477,0.13569762608314592,1.0,0.0,700,175.0,rule_based
18.83008575439453,704.2848510742188,89.0633316040039,1.413874864578247,24.68647575378418,400.0000305175781,0.9469301294951057,-0.3214394653031616,0.827063910219369,0.9853782992242731,0.9999999999772635,0.9468362933831471,1.0,0.0,701,175.25,rule_based
17.289400100708008,919.6891479492188,88.05272674560547,1.8391804695129395,35.11063003540039,400.0,0.9238795325112868,-0.3826834323650895,0.9999998562516039,1.6309203927421416e-07,0.9999999988572692,0.001435420773181706,1.0,0.0,702,175.5,rule_based
19.5004825592041,849.4284057617188,85.77029418945312,2.264486074447632,45.534786224365234,399.9999694824219,0.8968727415326884,-0.44228869021900113,0.009857505133622107,0.00010539458685760689,0.9999999425663997,0.03968697271048993,1.0,0.0,703,175.75,rule_based
19.945850372314453,760.3552856445312,88.48820495605469,2.689791440963745,55.95894241333008,400.0,0.8660254037844387,-0.4999999999999998,0.00016463589369166562,0.27812978461335097,0.999999198938095,0.8606077542836985,1.0,0.0,704,176.0,rule_based
17.85776710510254,708.308349609375,90.45391845703125,2.975916624069214,63.92283630371094,400.0,0.8314696123025451,-0.5555702330196023,0.9999730189269168,0.9789573872929145,0.9999968077537533,0.21248557550293246,1.0,0.0,705,176.25,rule_based
18.35849380493164,957.8617553710938,87.95993041992188,3.1260244846343994,69.48238372802734,400.0,0.7933533402912352,-0.6087614290087207,0.9972910892964868,4.847630621865175e-09,0.9999872789315054,0.6999852357328288,1.0,0.0,706,176.5,rule_based
18.159706115722656,748.4690551757812,87.10029602050781,3.276132345199585,75.04193878173828,400.0,0.7518398074789774,-0.6593458151000688,0.9995648562449884,0.5351936174526388,0.9999493081146054,0.3238200671046427,1.0,0.0,707,176.75,rule_based
18.924930572509766,813.5454711914062,85.87692260742188,3.4262402057647705,80.60148620605469,400.0,0.7071067811865476,-0.7071067811865475,0.6662808197474834,0.0028637489623104632,0.9998578868784632,0.04788763100066579,1.0,0.0,708,177.0,rule_based
20.518587112426758,713.4060668945312,86.24714660644531,3.5381739139556885,83.33333587646484,400.0,0.659345815100069,-0.7518398074789773,8.426533900006335e-07,0.9667673984309505,0.9997163463556392,0.09047468571060441,1.0,0.0,709,177.25,rule_based
20.517759323120117,980.8463745117188,88.53880310058594,3.6132278442382812,83.33333587646484,400.0,0.6087614290087209,-0.793353340291235,8.491046378540589e-07,5.836406630170919e-10,0.9994339154140205,0.871415442033852,1.0,0.0,710,177.5,rule_based
18.546926498413086,749.2948608398438,90.45632934570312,3.688281774520874,83.33333587646484,400.0000305175781,0.5555702330196025,-0.831469612302545,0.9848272986801504,0.516230614172872,0.9988705886588488,0.993551074392962,1.0,0.0,711,177.75,rule_based
18.10000228881836,785.4091186523438,88.5103988647461,3.763335704803467,83.33333587646484,400.0,0.49999999999999994,-0.8660254037844387,0.9997488681576643,0.03692301942602308,0.997466952675012,0.7152578446520343,1.0,0.0,712,178.0,rule_based
18.340242385864258,645.8117065429688,87.11091613769531,3.8511862754821777,83.33333587646484,400.0,0.4422886902190017,-0.8968727415326881,0.9977092914238125,0.9999320107950567,0.9936573753474358,0.32811946092963074,1.0,0.0,713,178.25,rule_based
19.018465042114258,899.4199829101562,85.88935852050781,3.9512581825256348,83.33333587646484,400.0,0.3826834323650899,-0.9238795325112867,0.45758267365540156,1.0548715076025684e-06,0.9842090854469134,0.048942828561107016,1.0,0.0,714,178.5,rule_based
20.218505859375,765.8115234375,86.58905792236328,4.051330089569092,83.33333587646484,400.0,0.32143946530316175,-0.9469301294951056,1.3364972550378856e-05,0.18903487178232942,0.9612352347417974,0.15735813430226417,1.0,0.0,715,178.75,rule_based
18.559368133544922,661.1417236328125,89.01872253417969,4.151401996612549,83.33333587646484,400.0,0.258819045102521,-0.9659258262890682,0.9830162151487379,0.999721037068585,0.8736300323433012,0.9425457771059883,1.0,0.0,716,179.0,rule_based
12.633138656616211,612.5657958984375,84.5032958984375,4.290079116821289,90.83992004394531,400.0,0.19509032201612816,-0.9807852804032304,1.0,0.9999968185238305,0.5794399649526861,0.0,1.0,0.0,717,179.25,rule_based
17.186052322387695,954.154541015625,82.38623809814453,4.46520471572876,105.4337387084961,400.0,0.130526192220052,-0.9914448613738104,0.9999999445104308,6.82056662386674e-09,0.21543106129002926,8.108685869155235e-05,1.0,0.0,718,179.5,rule_based
19.227041244506836,900.19677734375,84.33734893798828,4.640330791473389,120.02755737304688,400.0,0.06540312923014312,-0.9978589232386035,0.1099614303128605,9.82034991111788e-07,0.05188422659510663,0.00294166757269552,1.0,0.0,719,179.75,rule_based
20.034286499023438,831.42431640625,86.77022552490234,4.815456390380859,134.62136840820312,400.0,1.2246467991473532e-16,-1.0,7.291653619890265e-05,0.0005530786362546768,0.008519853307190262,0.20680597748253074,1.0,0.0,720,180.0,rule_based
13.979890823364258,482.2146301269531,86.44294738769531,5.016462802886963,145.98011779785156,400.0,-0.06540312923014287,-0.9978589232386035,1.0,0.9999999999805649,0.0010790267466282873,0.0,1.0,0.0,721,180.25,rule_based
18.40069580078125,829.2178344726562,84.66390228271484,5.24162483215332,154.31942749023438,400.0,-0.13052619222005177,-0.9914448613738104,0.9960092933306763,0.0006776283986706924,0.0001357672729770012,0.005355341219056342,1.0,0.0,722,180.5,rule_based
20.201005935668945,755.5660400390625,85.96199035644531,5.4667863845825195,162.65875244140625,400.0,-0.19509032201612792,-0.9807852804032305,1.5702557618609527e-05,0.37457108926208554,1.7068668051710535e-05,0.0555609381685287,1.0,0.0,723,180.75,rule_based
18.726591110229492,709.1439208984375,87.62846374511719,5.691948413848877,170.99807739257812,400.0,-0.2588190451025208,-0.9659258262890683,0.9254074780235801,0.9773123090828012,1.8553759096091164e-05,0.5588872965767646,1.0,0.0,724,181.0,rule_based
11.242871284484863,510.90399169921875,77.30467224121094,5.682889938354492,183.67481994628906,400.0,-0.32143946530316153,-0.9469301294951057,1.0,0.9999999997270019,0.00014757843160389752,0.0,1.0,0.0,725,181.25,rule_based
18.370588302612305,852.3526611328125,80.35760498046875,5.457728385925293,200.3534698486328,400.0,-0.38268343236508967,-0.9238795325112868,0.9969728254551481,8.051176444633962e-05,0.0011728010992510375,1.9323411789640304e-06,1.0,0.0,726,181.5,rule_based
21.18086051940918,783.7838134765625,83.60167694091797,5.2325663566589355,217.0321044921875,400.0,-0.44228869021900147,-0.8968727415326883,1.8904213071928576e-09,0.04263118831591899,0.009254292460524335,0.0007603390049912338,1.0,0.0,727,181.75,rule_based
22.2307186126709,724.3964233398438,86.49103546142578,5.007404804229736,233.71075439453125,400.0,-0.4999999999999997,-0.8660254037844388,1.1943280180652826e-13,0.9135816705124284,0.05517069983024595,0.13486803468233052,1.0,0.0,728,182.0,rule_based
15.92380142211914,686.34521484375,83.74854278564453,4.808411121368408,230.39979553222656,400.0,-0.555570233019602,-0.8314696123025455,0.9999999999995044,0.9971648598533293,0.2266010643133391,4.956864918526094e-09,1.0,0.0,729,182.25,rule_based
19.451696395874023,1014.0692749023438,83.70571899414062,4.6332855224609375,208.85653686523438,400.0,-0.6087614290087207,-0.7933533402912352,0.015363411491786194,2.7367112082703393e-11,0.5951662644226087,0.0009208099574101206,1.0,0.0,730,182.5,rule_based
20.057809829711914,938.1963500976562,87.16071319580078,4.458159446716309,187.3132781982422,400.0,-0.6593458151000688,-0.7518398074789774,5.8712718163613115e-05,2.965810530249338e-08,0.8806219063562651,0.3486464283776015,1.0,0.0,731,182.75,rule_based
14.291595458984375,515.9678955078125,82.81131744384766,4.283033847808838,165.77003479003906,400.0,-0.7071067811865471,-0.7071067811865479,1.0,0.9999999995647739,0.9766258344123253,1.5543122344752192e-15,1.0,0.0,732,183.0,rule_based
18.560354232788086,871.55859375,84.59634399414062,4.094751834869385,150.4393310546875,400.0,-0.7518398074789773,-0.6593458151000691,0.9828638742054379,1.3729396006247358e-05,0.9962260973197791,0.0047316461931521765,1.0,0.0,733,183.25,rule_based
20.7040958404541,806.1714477539062,86.62651062011719,3.89460825920105,140.71011352539062,400.0,-0.7933533402912349,-0.6087614290087209,1.5262258438920534e-07,0.0056323420003959465,0.9994007647762159,0.16672281000791134,1.0,0.0,734,183.5,rule_based
19.84893798828125,662.533447265625,88.8504409790039,3.6944644451141357,130.9809112548828,400.0,-0.8314696123025452,-0.5555702330196022,0.0004018602993211344,0.9996828978391016,0.9999051054400043,0.9232690256088273,1.0,0.0,735,183.75,rule_based
18.16381072998047,887.2980346679688,88.72740173339844,3.4943206310272217,121.25169372558594,400.0,-0.8660254037844385,-0.5000000000000004,0.9995480921398885,3.22165817284193e-06,0.9999895775899634,0.8188773860421196,1.0,0.0,736,184.0,rule_based
17.610807418823242,694.3540649414062,86.94181823730469,3.254493236541748,102.3364486694336,400.0,-0.8968727415326883,-0.44228869021900136,0.9999972252198237,0.9940900025384275,0.9999991736167143,0.02699872150520144,1.0,0.0,737,184.25,rule_based
19.070070266723633,1007.44580078125,86.1666488647461,2.979295492172241,75.233642578125,400.0,-0.9238795325112868,-0.3826834323650895,0.3440337621021316,5.036943841865922e-11,0.9999999344774099,0.07899208666741263,1.0,0.0,738,184.5,rule_based
18.874052047729492,853.7398071289062,87.78573608398438,2.7040977478027344,48.13084030151367,400.0,-0.9469301294951056,-0.3214394653031618,0.7613358353897911,7.08561616958798e-05,0.9999999948048237,0.6286291155225133,1.0,0.0,739,184.75,rule_based
17.27967071533203,686.0267333984375,87.26742553710938,2.4289000034332275,21.028038024902344,400.0,-0.9659258262890683,-0.25881904510252063,0.9999998685746379,0.9972465836767409,0.9999999997767386,0.0013125287991669898,1.0,0.0,740,185.0,rule_based
18.55967903137207,1043.3441162109375,85.8879623413086,2.0872035026550293,7.22501802444458,400.0,-0.9807852804032303,-0.19509032201612866,0.9829683435108845,1.8460185818296606e-12,0.9999999999944067,0.04882387499164746,1.0,0.003177491689394296,741,185.25,rule_based
18.72169303894043,921.0925903320312,85.98119354248047,1.6869158744812012,5.140186786651611,400.0,-0.9914448613738104,-0.13052619222005163,0.9284626037713062,1.4331700827436828e-07,1.0,0.057446687231874016,1.0,0.06732044331616593,742,185.5,rule_based
18.670093536376953,807.6058959960938,85.83013153076172,1.2866283655166626,3.0553557872772217,400.0,-0.9978589232386035,-0.06540312923014273,0.9542859141257679,0.004938696964963818,1.0,0.044107964315029904,1.0,0.5239327805725038,743,185.75,rule_based
18.588787078857422,725.9846801757812,85.63113403320312,0.8863407373428345,0.970524787902832,400.0,-1.0,-1.8369701987210297e-16,0.9778477475607527,0.9013124921393773,1.0,0.030991116036392326,0.0,0.0,744,186.0,rule_based
18.26665687561035,1049.4112548828125,78.06622314453125,0.6331416368484497,0.0,400.0,-0.9978589232386036,0.06540312923014237,0.4617197749162427,1.0557194049219462e-20,1.0,3.285923688350839e-08,0.0,0.0,745,186.25,rule_based
17.989572525024414,1035.238037109375,75.831298828125,0.5080517530441284,0.0,400.0,-0.9914448613738105,0.13052619222005127,0.010888091750889242,3.894725729797894e-28,1.0,9.762777065787551e-08,0.0,0.0,746,186.5,rule_based
17.112102508544922,1033.33740234375,77.40960693359375,0.3829618990421295,0.0,400.0,-0.9807852804032304,0.1950903220161283,0.03438689672190316,4.6398383956671745e-36,1.0,7.27951608388171e-08,0.0,0.0,747,186.75,rule_based
16.099607467651367,1029.0965576171875,79.5434799194336,0.2578720450401306,0.0,400.0,-0.9659258262890684,0.2588190451025203,0.28548569133675994,6.857094758561135e-44,1.0,4.313031425774518e-07,0.0,0.0,748,187.0,rule_based
15.340950012207031,1024.553955078125,80.37196350097656,0.15966930985450745,0.0,400.0,-0.9469301294951057,0.3214394653031615,0.9976943243489927,1.0419448380580397e-43,1.0,1.984105169090002e-06,0.0,0.0,749,187.25,rule_based
15.20898151397705,1021.159912109375,78.69454193115234,0.08461538702249527,0.0,400.0,-0.923879532511287,0.38268343236508917,0.9993150965609489,1.4243041288152424e-43,1.0,9.028943475041667e-08,0.0,0.0,750,187.5,rule_based
15.4551362991333,1018.2040405273438,76.44319915771484,0.009561466984450817,0.0,400.0,-0.8968727415326884,0.442288690219001,0.9934282528000606,1.8699914852998058e-43,1.0,9.018536795120004e-09,0.0,0.0,751,187.75,rule_based
15.774428367614746,1014.7489624023438,74.72003936767578,-0.06549245119094849,0.0,400.0,-0.8660254037844386,0.5000000000000001,0.8887061818839651,2.5706439266490304e-43,1.0,1.8811706835013205e-08,0.0,0.0,752,188.0,rule_based
16.004179000854492,1010.5707397460938,73.74526977539062,-0.23515456914901733,0.0,400.0,-0.8314696123025455,0.5555702330196018,0.4903771288106917,3.777199274401039e-43,1.0,3.192858426759314e-08,0.0,0.0,753,188.25,rule_based
15.86791706085205,1005.0623168945312,74.31900024414062,-0.48533427715301514,0.0,400.0,-0.7933533402912357,0.6087614290087199,0.771452427772126,6.2734671785083496e-43,1.0,2.333011370383926e-08,0.0,0.0,754,188.5,rule_based
15.70133113861084,999.470703125,74.62083435058594,-0.7355140447616577,0.0,400.0,-0.7518398074789772,0.6593458151000691,0.9399610216500264,1.0499608295032958e-42,1.0,1.5897574003535047e-08,0.0,0.0,755,188.75,rule_based
15.741560935974121,994.6072998046875,73.89677429199219,-0.9856937527656555,0.0,400.0,-0.7071067811865477,0.7071067811865474,0.9153135808898677,1.6432729973483455e-42,1.0,1.7440581389868622e-08,0.0,0.0,756,189.0,rule_based
15.864836692810059,990.06103515625,73.02149963378906,-1.1407620906829834,0.0,400.0,-0.6593458151000687,0.7518398074789775,0.7764164286556176,2.4977919770787886e-42,1.0,2.31652122148641e-08,0.0,0.0,757,189.25,rule_based
15.896183967590332,985.2514038085938,72.74608612060547,-1.2158159017562866,0.0,400.0,-0.608761429008721,0.7933533402912349,0.7223564628607861,3.889928836924801e-42,1.0,2.48991195638086e-08,0.0,0.0,758,189.5,rule_based
15.814131736755371,980.1163330078125,72.95770263671875,-1.2908698320388794,0.0,400.0,-0.555570233019603,0.8314696123025447,0.847083778754095,6.242322373264227e-42,1.0,2.0612553178933682e-08,0.0,0.0,759,189.75,rule_based
15.777848243713379,975.1939697265625,72.88933563232422,-1.3659237623214722,0.0,400.0,-0.5000000000000004,0.8660254037844384,0.8855523886699291,9.822962880734071e-42,1.0,1.8960426850578977e-08,0.0,0.0,760,190.0,rule_based
15.825935363769531,970.6107788085938,72.50763702392578,-1.4136592149734497,0.0,400.0,-0.4422886902190014,0.8968727415326883,0.8324644229048669,1.4981988208237648e-41,1.0,2.118045726067949e-08,0.0,0.0,761,190.25,rule_based
15.864128112792969,966.05517578125,72.2744369506836,-1.438677191734314,0.0,400.0,-0.38268343236508956,0.9238795325112868,0.77754692546001,2.279258319180319e-41,1.0,2.3127460132267213e-08,0.0,0.0,762,190.5,rule_based
15.836418151855469,961.346923828125,72.35250854492188,-1.4636951684951782,0.0,400.0,-0.32143946530316186,0.9469301294951056,0.8185639818947976,3.516590129587363e-41,1.0,2.169790029982075e-08,0.0,0.0,763,190.75,rule_based
15.803037643432617,956.6874389648438,72.41400909423828,-1.4887131452560425,0.0,400.0,-0.25881904510252157,0.9659258262890681,0.859855415387629,5.401357826127138e-41,1.0,2.009267287976512e-08,0.0,0.0,764,191.0,rule_based
15.80702018737793,952.45166015625,72.28137969970703,-1.5686556100845337,0.0,400.0,-0.19509032201612872,0.9807852804032303,0.8553769341881644,7.978712722069035e-41,1.0,2.027776092304506e-08,0.0,0.0,765,191.25,rule_based
15.820531845092773,948.786865234375,72.10340118408203,-1.693745493888855,0.0,400.0,-0.13052619222005168,0.9914448613738104,0.8392909336748228,1.118211640011629e-40,1.0,2.0918568062330248e-08,0.0,0.0,766,191.5,rule_based
15.816061019897461,945.6327514648438,72.00076293945312,-1.8188353776931763,0.0,400.0,-0.0654031292301428,0.9978589232386035,0.844767584953987,1.4951682048979298e-40,1.0,2.0704334918446724e-08,0.0,0.0,767,191.75,rule_based
15.801159858703613,943.0020751953125,71.92646789550781,-1.9439252614974976,0.0,400.0,0.0,1.0,0.8619263980778656,1.9051048143158938e-40,1.0,2.0005992857712175e-08,0.0,0.0,768,192.0,rule_based
15.804625511169434,940.9765014648438,71.80290985107422,-2.013803005218506,0.0,400.0,0.06540312923014306,0.9978589232386035,0.858084254792468,2.295837991857364e-40,1.0,2.0166250309930964e-08,0.0,0.0,769,192.25,rule_based
15.822181701660156,939.5299682617188,71.69041442871094,-2.03882098197937,0.0,400.0,0.13052619222005157,0.9914448613738104,0.8372310164370672,2.6230268856929416e-40,1.0,2.099817624039012e-08,0.0,0.0,770,192.5,rule_based
15.826181411743164,938.56494140625,71.68574523925781,-2.0638389587402344,0.0,400.0,0.19509032201612825,0.9807852804032304,0.8321476540992816,2.866826808065955e-40,1.0,2.1192478260478247e-08,0.0,0.0,771,192.75,rule_based
15.816336631774902,938.0732421875,71.75342559814453,-2.0888569355010986,0.0,400.0,0.25881904510252074,0.9659258262890683,0.8444342128319948,2.999658011237849e-40,1.0,2.0717486214600736e-08,0.0,0.0,772,193.0,rule_based
15.799644470214844,937.83154296875,71.7978744506836,-2.1554996967315674,0.0,400.0,0.3214394653031616,0.9469301294951057,0.8635792513617924,3.0671653314627037e-40,1.0,1.993629946665783e-08,0.0,0.0,773,193.25,rule_based
15.787286758422852,937.6295166015625,71.74791717529297,-2.2555716037750244,0.0,400.0,0.3826834323650898,0.9238795325112867,0.8764421721351722,3.1247700824831476e-40,1.0,1.9377009008282306e-08,0.0,0.0,774,193.5,rule_based
15.786381721496582,937.450927734375,71.6111831665039,-2.3556435108184814,0.0,400.0,0.44228869021900125,0.8968727415326884,0.877342466121013,3.1765910155680434e-40,1.0,1.93366510938814e-08,0.0,0.0,775,193.75,rule_based
15.787324905395508,937.265380859375,71.45555877685547,-2.4557154178619385,0.0,400.0,0.49999999999999994,0.8660254037844387,0.8764038783123841,3.231347138131932e-40,1.0,1.9378721874026956e-08,0.0,0.0,776,194.0,rule_based
15.793050765991211,937.3251342773438,71.3171615600586,-2.527893543243408,0.0,400.0,0.5555702330196022,0.8314696123025452,0.8705776839784732,3.2136182416118973e-40,1.0,1.963588141673585e-08,0.0,0.0,777,194.25,rule_based
15.801899909973145,937.8648681640625,71.22900390625,-2.5779294967651367,0.0,400.0,0.6087614290087207,0.7933533402912352,0.8611129910234122,3.0577835297175224e-40,1.0,2.0040122055516345e-08,0.0,0.0,778,194.5,rule_based
15.803118705749512,938.8884887695312,71.21394348144531,-2.6279654502868652,0.0,400.0,0.6593458151000688,0.7518398074789774,0.8597650347351251,2.782650803007048e-40,1.0,2.0096439700574195e-08,0.0,0.0,779,194.75,rule_based
15.798980712890625,940.40625,71.23902893066406,-2.6780014038085938,0.0,400.0,0.7071067811865476,0.7071067811865476,0.8642982663191119,2.419624668146744e-40,1.0,1.9905836377145844e-08,0.0,0.0,780,195.0,rule_based
15.791779518127441,941.9279174804688,71.25981903076172,-2.7700934410095215,0.0,400.0,0.7518398074789774,0.6593458151000688,0.8718905196116085,2.1032185673283535e-40,1.0,1.957851824166109e-08,0.0,0.0,781,195.25,rule_based
15.784468650817871,942.9700927734375,71.24569702148438,-2.8951833248138428,0.0,400.0,0.7933533402912352,0.6087614290087207,0.8792251561634457,1.910722927133669e-40,1.0,1.9251700043573595e-08,0.0,0.0,782,195.5,rule_based
15.781558990478516,943.4712524414062,71.18915557861328,-3.020273208618164,0.0,400.0,0.8314696123025451,0.5555702330196024,0.8820424254482158,1.8245243198406547e-40,1.0,1.9123134583380997e-08,0.0,0.0,783,195.75,rule_based
15.780378341674805,943.427978515625,71.11217498779297,-3.1453630924224854,0.0,400.0,0.8660254037844386,0.5000000000000001,0.8831694515637871,1.8318177083163027e-40,1.0,1.9071202867169588e-08,0.0,0.0,784,196.0,rule_based
15.771533012390137,943.06201171875,71.0346450805664,-3.1859095096588135,0.0,400.0,0.8968727415326884,0.44228869021900125,0.8913160532580476,1.8946067348431132e-40,1.0,1.8686734275441173e-08,0.0,0.0,785,196.25,rule_based
15.757742881774902,942.6292114257812,70.9324722290039,-3.160891532897949,0.0,400.0,0.9238795325112867,0.38268343236508984,0.9984828810180618,1.683729386086338e-35,1.0,6.243379758170484e-09,0.0,0.0,786,196.5,rule_based
15.817373275756836,942.42529296875,70.49922180175781,-3.135873556137085,0.0,400.0,0.9469301294951056,0.3214394653031617,0.9999986032435402,9.289175749810742e-27,1.0,1.0871271032717554e-09,0.0,0.0,787,196.75,rule_based
15.92444133758545,942.365966796875,69.93141174316406,-3.1108555793762207,0.0,400.0,0.9659258262890683,0.25881904510252074,0.9999999980124732,5.057068534535871e-18,1.0,2.1114375877770422e-10,0.0,0.0,788,197.0,rule_based
15.454961776733398,940.0458984375,79.45916748046875,-3.1566498279571533,4.327422142028809,400.0,0.9807852804032304,0.19509032201612833,0.9999999999999902,9.068508413372449e-09,1.0,9.662359801154707e-11,0.0,0.0,789,197.25,rule_based
15.710232734680176,939.4674072265625,82.08707427978516,-3.2567217350006104,11.971802711486816,400.0,0.9914448613738104,0.1305261922200517,0.9999999999999307,2.638167801312577e-08,1.0,6.933160712208064e-10,0.0,0.0,790,197.5,rule_based
16.11149024963379,938.87939453125,82.57334899902344,-3.3567936420440674,19.61618423461914,400.0,0.9978589232386035,0.06540312923014327,0.9999999999972078,2.7850052530570716e-08,1.0,2.7922735346130878e-08,0.0,0.0,791,197.75,rule_based
16.502639770507812,937.8101806640625,83.00821685791016,-3.4568655490875244,27.26056480407715,400.0,1.0,6.123233995736766e-17,0.9999999998975395,3.073217826181225e-08,1.0,1.0246027515314893e-06,0.0,0.0,792,198.0,rule_based
17.28957748413086,933.3186645507812,83.35975646972656,-2.9306254386901855,54.67489242553711,400.0,0.9978589232386035,-0.06540312923014314,0.9999998560182538,4.647862477896308e-08,1.0,0.0004870747637882554,0.0,0.0,793,198.25,rule_based
18.610637664794922,921.90380859375,83.59612274169922,-1.9299064874649048,97.06645965576172,400.0,0.9914448613738104,-0.1305261922200516,0.973042355329419,1.32998941143656e-07,1.0,0.0007526193384564003,0.0,0.0,794,198.5,rule_based
20.254840850830078,903.5919189453125,83.9885025024414,-0.9291876554489136,139.45802307128906,400.0,0.9807852804032304,-0.1950903220161282,9.563777757081664e-06,7.183269051482751e-07,0.999999999999999,0.0015492502326060584,0.0,0.0,795,198.75,rule_based
21.472747802734375,876.0320434570312,86.72004699707031,0.0715312734246254,181.84959411621094,400.0,0.9659258262890683,-0.25881904510252063,1.2853204290410094e-10,9.093181117889967e-06,0.9999999999221983,0.19205298444173638,0.0,0.0,796,199.0,rule_based
20.30388069152832,734.456298828125,89.67029571533203,0.6716750264167786,218.28021240234375,400.0,0.9469301294951057,-0.3214394653031616,6.087989235203455e-06,0.8071548196927417,0.9999999999999922,0.9819755848193207,0.0,0.0,797,199.25,rule_based
18.374706268310547,872.2794799804688,89.62342834472656,0.9718907475471497,250.24761962890625,400.0,0.9238795325112868,-0.3826834323650895,0.9968561550903325,1.2847436428303655e-05,0.9999999999998774,0.969266324230567,0.0,0.0,798,199.5,rule_based
18.450634002685547,685.9784545898438,86.79390716552734,1.272106409072876,282.21502685546875,400.0,0.8968727415326884,-0.44228869021900113,0.9936935029689093,0.9972587594616474,0.9999999999980533,0.21405139660190378,0.0,0.0,799,199.75,rule_based
20.79286766052246,956.2885131835938,84.06349182128906,1.5723220109939575,314.18243408203125,400.0,0.8660254037844387,-0.4999999999999998,6.737923452893938e-08,5.603517154339059e-09,0.9999999999762794,0.0017783457233526213,0.0,0.0,800,200.0,rule_based
23.992591857910156,882.8898315429688,87.07215118408203,1.8437814712524414,338.1619873046875,400.0,0.8314696123025451,-0.5555702330196023,1.0706075770368901e-20,4.835078134353995e-06,0.5170499658699066,0.3125711817515799,0.0,0.0,801,200.25,rule_based
15.454400062561035,507.2865905761719,85.1255874633789,2.093961238861084,356.23052978515625,400.0,0.7933533402912352,-0.6087614290087207,0.9999999999999933,0.9999999998043576,0.9999999976200731,6.570521904336601e-11,0.0,0.0,802,200.5,rule_based
22.20989418029785,879.5869140625,83.60889434814453,2.3441410064697266,374.299072265625,400.0,0.7518398074789774,-0.6593458151000688,1.4468616953369165e-13,6.554195580972865e-06,0.9999999308848984,0.0007705205941309543,0.0,0.0,803,200.75,rule_based
25.12472152709961,819.4396362304688,88.46961975097656,2.59432053565979,392.36761474609375,400.0,0.7071067811865476,-0.7071067811865475,3.170408705705849e-25,0.00166606127048934,3.170308193967131e-05,0.8564489416481681,0.0,0.0,804,201.0,rule_based
10.55730152130127,406.3201904296875,69.12898254394531,2.801150321960449,415.6542053222656,400.0,0.659345815100069,-0.7518398074789773,1.0,0.999999999999982,0.9999991962816341,0.0,0.0,0.0,805,201.25,rule_based
20.505231857299805,774.238037109375,74.87081146240234,2.976276159286499,442.75701904296875,400.0,0.6087614290087209,-0.793353340291235,9.529496263061355e-07,0.09687776926923423,0.9999959672089072,1.0121199164169446e-06,0.0,0.0,806,201.5,rule_based
24.352563858032227,745.8678588867188,84.85398864746094,3.1514017581939697,469.85980224609375,400.0,0.5555702330196025,-0.831469612302545,3.888140108291865e-22,0.5940135145190726,0.03742621731642248,0.007583647060039376,0.0,0.0,807,201.75,rule_based
25.0437068939209,870.3897705078125,86.8023452758789,3.3265275955200195,496.9626159667969,400.0,0.49999999999999994,-0.8660254037844387,6.686118163476049e-25,1.5289870181113088e-05,6.685671151607231e-05,0.2166806278580678,0.0,0.0,808,202.0,rule_based
16.599201202392578,477.2867431640625,81.7978286743164,3.472609519958496,515.19091796875,400.0,0.4422886902190017,-0.8968727415326881,0.9999999997506548,0.9999999999876557,0.9997541381203892,2.4934467339754463e-06,0.0,0.0,809,202.25,rule_based
23.979318618774414,829.3079223632812,81.19717407226562,3.5976994037628174,527.0049438476562,400.0,0.3826834323650899,-0.9238795325112867,1.2098400600441566e-20,0.0006720349391471545,0.9992222866523702,0.00300614891023258,0.0,0.0,810,202.5,rule_based
26.896018981933594,741.2418212890625,86.34271240234375,3.7227892875671387,538.8189697265625,400.0,0.32143946530316175,-0.9469301294951056,2.605706664884522e-32,0.69139713816811,2.0633157106320077e-05,0.7133819685469313,0.0,0.0,811,202.75,rule_based
10.928942680358887,459.6223449707031,59.54389190673828,3.84787917137146,550.633056640625,400.0,0.258819045102521,-0.9659258262890682,1.0,0.9999999999975739,0.9884664214569968,0.0,0.0,0.0,812,203.0,rule_based
22.40920639038086,812.001708984375,65.12059783935547,4.016750335693359,554.3394165039062,400.0,0.19509032201612816,-0.9807852804032304,2.3076799791067766e-14,0.003299859950678874,0.9313426886755606,8.11280186528593e-05,0.0,0.0,813,203.25,rule_based
25.4289608001709,728.6278686523438,77.86138153076172,4.216894149780273,552.2545776367188,400.0,0.130526192220052,-0.9914448613738104,1.923769616527615e-26,0.8774444151876176,0.6822448119204656,0.07826503718569519,0.0,0.0,814,203.5,rule_based
22.306434631347656,806.3869018554688,82.63031005859375,4.4170379638671875,550.1697387695312,400.0,0.06540312923014312,-0.9978589232386035,5.946474670840741e-14,0.00552227337244439,0.25364134140937483,0.0001271134253168343,0.0,0.0,815,203.75,rule_based
25.746253967285156,716.3120727539062,83.35838317871094,4.617181777954102,548.0848999023438,400.0,1.2246467991473532e-16,-1.0,1.0350990103131226e-27,0.9570070869288868,0.13680688860320978,0.14987738177952592,0.0,0.0,816,204.0,rule_based
19.938461303710938,713.9717407226562,80.1954574584961,4.699999809265137,539.0745849609375,400.0,-0.06540312923014287,-0.9978589232386035,0.00017622974502931116,0.9650521250207796,0.13680688860320978,1.4334032101758552e-06,0.0,0.0,817,204.25,rule_based
24.760177612304688,1013.1045532226562,80.8885269165039,4.699999809265137,525.1757202148438,400.0,-0.13052619222005177,-0.9914448613738104,9.105163082925022e-24,2.991022137283548e-11,0.13680688860320978,0.01787899356153565,0.0,0.0,818,204.5,rule_based
25.351821899414062,854.724853515625,85.22383117675781,4.699999809265137,511.27685546875,400.0,-0.19509032201612792,-0.9807852804032305,3.914826490247748e-26,6.471111134601208e-05,0.0035544807808993717,0.06637354583011627,0.0,0.0,819,204.75,rule_based
23.046058654785156,632.45654296875,87.42082977294922,4.699999809265137,497.37799072265625,400.0,-0.2588190451025208,-0.9659258262890683,6.542772485433246e-17,0.9999801274655562,0.13680688860320978,0.463601739933095,0.0,0.0,820,205.0,rule_based
14.14583683013916,562.217529296875,66.50552368164062,4.699999809265137,476.9290771484375,400.0,-0.32143946530316153,-0.9469301294951057,1.0,0.9999999691892113,0.13680688860320978,4.440892098500626e-16,0.0,0.0,821,205.25,rule_based
21.09455680847168,895.04736328125,77.80961608886719,4.699999809265137,451.9111022949219,400.0,-0.38268343236508967,-0.9238795325112868,4.185716981615104e-09,1.5779912680052555e-06,0.13680688860320978,3.931477794967628e-06,0.0,0.0,822,205.5,rule_based
23.286710739135742,820.7793579101562,85.74336242675781,4.699999809265137,426.89312744140625,400.0,-0.44228869021900147,-0.8968727415326883,7.13112806935462e-18,0.0014729432634838998,0.13680688860320978,0.037838622812826024,0.0,0.0,823,205.75,rule_based
21.81883430480957,666.7240600585938,88.905029296875,4.699999809265137,401.8751525878906,400.0,-0.4999999999999997,-0.8660254037844388,5.304705519994078e-12,0.9995335972543153,0.1723208839836687,0.930095951695189,0.0,0.0,824,206.0,rule_based
9.899928092956543,490.4870910644531,60.13689041137695,4.67038106918335,370.2751770019531,400.0,-0.555570233019602,-0.8314696123025455,1.0,0.9999999999583626,0.24816573328550667,0.0,0.0,0.0,825,206.25,rule_based
17.153011322021484,842.8079833984375,78.46179962158203,4.620345115661621,334.13812255859375,400.0,-0.6087614290087207,-0.7933533402912352,0.9999999590699765,0.00019390868008084907,0.34353711105162593,5.8808790526483155e-08,0.0,0.0,826,206.5,rule_based
19.63285255432129,799.2798461914062,85.19242095947266,4.570309162139893,298.00103759765625,400.0,-0.6593458151000688,-0.7518398074789774,0.00293299973828347,0.010572771078020795,0.45345442451598617,0.01405367879229864,0.0,0.0,827,206.75,rule_based
19.565025329589844,731.333251953125,88.38623809814453,4.520273208618164,261.86395263671875,400.0,-0.7071067811865471,-0.7071067811865479,0.00546409399031006,0.8480350757868322,0.8996192574161663,0.8365131472648837,0.0,0.0,828,207.0,rule_based
13.40546703338623,650.419189453125,77.984130859375,4.261898040771484,226.14027404785156,400.0,-0.7518398074789773,-0.6593458151000691,1.0,0.9998960745752745,0.9972124088114402,0.0,0.0,0.0,829,207.25,rule_based
17.60743522644043,1028.6605224609375,83.68963623046875,3.8616104125976562,190.69813537597656,400.0,-0.7933533402912349,-0.6087614290087209,0.9999973100780101,7.138040512525635e-12,0.9999299737702432,0.0008939670104207844,0.0,0.0,830,207.5,rule_based
19.31595802307129,1003.9109497070312,86.67982482910156,3.461322784423828,155.25601196289062,400.0,-0.8314696123025452,-0.5555702330196022,0.05165775569742848,6.975266553031881e-11,0.9999982455534414,0.18081747844152105,0.0,0.0,831,207.75,rule_based
18.158695220947266,848.7212524414062,88.67084503173828,3.06103515625,119.81388092041016,400.0,-0.8660254037844385,-0.5000000000000004,0.9995688835521702,0.00011248637963319025,0.9999998995686928,0.8117832669339675,0.0,0.0,832,208.0,rule_based
16.74098777770996,706.5821533203125,86.67921447753906,2.750467300415039,91.01765441894531,400.0,-0.8968727415326883,-0.44228869021900136,0.999999999079646,0.9819949429390245,0.9999999899734794,9.203455113904191e-06,0.0,0.0,833,208.25,rule_based
17.909170150756836,1086.3045654296875,85.76431274414062,2.5002875328063965,66.69462585449219,400.0,-0.9238795325112868,-0.3826834323650895,0.9999566826240422,3.530337574523478e-14,0.9999999989990063,0.039269379138412,0.0,0.0,834,208.5,rule_based
17.968429565429688,1003.7230834960938,85.70931243896484,2.250107765197754,42.3715934753418,400.0,-0.9469301294951056,-0.3214394653031618,0.9999252373496962,7.097025373062529e-11,0.9999999999000662,0.035620806769186476,0.0,0.0,835,208.75,rule_based
17.868553161621094,934.4425659179688,84.9665756225586,1.9999281167984009,18.048566818237305,400.0,-0.9659258262890683,-0.25881904510252063,0.9999702013409248,4.190819358447336e-08,0.9999999999800704,0.009315343516903291,0.0,0.0,836,209.0,rule_based
18.061634063720703,913.10205078125,84.06979370117188,1.8248741626739502,7.081236362457275,400.0,-0.9807852804032303,-0.19509032201612866,0.9998236164005878,2.991699456366268e-07,0.999999999993703,0.0017990994455104009,0.0,0.0,837,209.25,rule_based
18.326175689697266,916.29736328125,83.20977020263672,1.699784278869629,4.996405601501465,400.0,-0.9914448613738104,-0.13052619222005163,0.3003526375120291,1.5181607047929537e-15,1.0,0.0003695364424678022,0.0,0.0,838,209.5,rule_based
18.131778717041016,925.6546020507812,83.51439666748047,1.5746945142745972,2.911574363708496,400.0,-0.9978589232386035,-0.06540312923014273,0.0013635335251032995,1.1843557737528659e-24,1.0,0.0006474867930062029,0.0,0.0,839,209.75,rule_based
17.53734016418457,934.1736450195312,82.93742370605469,1.4496046304702759,0.8267433643341064,400.0,-1.0,-1.8369701987210297e-16,0.000172926481593239,9.981036699525158e-34,0.9999999999999999,0.00022379383872150416,0.0,0.0,840,210.0,rule_based
16.779895782470703,942.7025756835938,81.81182098388672,1.3547087907791138,0.0,400.0,-0.9978589232386036,0.06540312923014237,0.0007587286083558183,1.958378941464029e-40,1.0,2.8147821224189027e-05,0.0,0.0,841,210.25,rule_based
15.89695930480957,949.300537109375,82.37793731689453,1.2796549797058105,0.0,400.0,-0.9914448613738105,0.13052619222005127,0.7209216063344667,1.0665475733049463e-40,1.0,7.985740093807953e-05,0.0,0.0,842,210.5,rule_based
15.50437068939209,952.6893310546875,81.19851684570312,1.2046010494232178,0.0,400.0,-0.9807852804032304,0.1950903220161283,0.989696537588827,7.805970735399432e-41,1.0,9.095103015247784e-06,0.0,0.0,843,210.75,rule_based
15.636001586914062,954.7000122070312,78.78692626953125,1.129547119140625,0.0,400.0,-0.9659258262890684,0.2588190451025203,0.9661883576218125,6.486331301958611e-41,1.0,1.0703909200453626e-07,0.0,0.0,844,211.0,rule_based
15.966789245605469,955.9766235351562,76.67086791992188,1.069662094116211,0.0,400.0,-0.9469301294951057,0.3214394653031615,0.5758788615983899,5.766797876567195e-41,1.0,2.929474233805479e-08,0.0,0.0,845,211.25,rule_based
16.072969436645508,955.80078125,76.2181167602539,1.0196261405944824,0.0,400.0,-0.923879532511287,0.38268343236508917,0.3380342255492892,5.860981089073969e-41,1.0,3.74083625990813e-08,0.0,0.0,846,211.5,rule_based
15.84223747253418,954.1162109375,77.22367858886719,0.9695902466773987,0.0,400.0,-0.8968727415326884,0.442288690219001,0.8104666846991024,6.844654360373495e-41,1.0,2.1990625797243568e-08,0.0,0.0,847,211.75,rule_based
15.78169059753418,952.726318359375,77.1285171508789,0.9195542931556702,0.0,400.0,-0.8660254037844386,0.5000000000000001,0.8819164927287312,7.779414203580906e-41,1.0,1.91289193695203e-08,0.0,0.0,848,212.0,rule_based
15.943467140197754,951.6097412109375,76.13741302490234,0.7933141589164734,0.0,400.0,-0.8314696123025455,0.5555702330196018,0.6273090790527467,8.622033883446635e-41,1.0,2.7763025880735078e-08,0.0,0.0,849,212.25,rule_based
15.97379207611084,949.4553833007812,75.89288330078125,0.6181883811950684,0.0,400.0,-0.7933533402912357,0.6087614290087199,0.5600553668063992,1.0514366022120786e-40,1.0,2.977088549185976e-08,0.0,0.0,850,212.5,rule_based
15.830557823181152,946.150634765625,76.2743148803711,0.44306254386901855,0.0,400.0,-0.7518398074789772,0.6593458151000691,0.826441843841558,1.4255259843944932e-40,1.0,2.140711652807383e-08,0.0,0.0,851,212.75,rule_based
15.803373336791992,942.6702880859375,75.92936706542969,0.26793673634529114,0.0,400.0,-0.7071067811865477,0.7071067811865474,0.8594821612943329,1.9642125971212665e-40,1.0,2.0108220540430957e-08,0.0,0.0,852,213.0,rule_based
15.916207313537598,939.6293334960938,75.11093139648438,0.1387491077184677,0.0,400.0,-0.6593458151000687,0.7518398074789775,0.6839012185063905,2.5991152070560354e-40,1.0,2.6073981300399368e-08,0.0,0.0,853,213.25,rule_based
15.943588256835938,936.7562866210938,74.88060760498047,0.03867721185088158,0.0,400.0,-0.608761429008721,0.7933533402912349,0.6270468124630458,3.386472803715464e-40,1.0,2.777081195057782e-08,0.0,0.0,854,213.5,rule_based
15.847527503967285,934.0038452148438,75.16986846923828,-0.06139468029141426,0.0,400.0,-0.555570233019603,0.8314696123025447,0.802869189352661,4.363612637761193e-40,1.0,2.2260115802939597e-08,0.0,0.0,855,213.75,rule_based
15.82749080657959,932.0015258789062,75.01819610595703,-0.1614665687084198,0.0,400.0,-0.5000000000000004,0.8660254037844384,0.8304568729188797,5.2473368855285825e-40,1.0,2.1256451545861678e-08,0.0,0.0,856,214.0,rule_based
15.901618003845215,930.5410766601562,74.52938842773438,-0.23076923191547394,0.0,400.0,-0.4422886902190014,0.8968727415326883,0.7122074079993941,6.0028242448734215e-40,1.0,2.5212636939909172e-08,0.0,0.0,857,214.25,rule_based
15.914485931396484,928.9115600585938,74.41748046875,-0.28080517053604126,0.0,400.0,-0.38268343236508956,0.9238795325112868,0.6873179298067714,6.974892254121326e-40,1.0,2.5970859039621554e-08,0.0,0.0,858,214.5,rule_based
15.850397109985352,927.0327758789062,74.60641479492188,-0.3308411240577698,0.0,400.0,-0.32143946530316186,0.9469301294951056,0.798653112342315,8.292601591959257e-40,1.0,2.2407668627756503e-08,0.0,0.0,859,214.75,rule_based
15.838316917419434,925.3151245117188,74.49372863769531,-0.3808770775794983,0.0,400.0,-0.25881904510252157,0.9659258262890681,0.8159509467310965,9.713926437663107e-40,1.0,2.1793017862707045e-08,0.0,0.0,860,215.0,rule_based
15.860952377319336,923.7001342773438,74.16790008544922,-0.5700215697288513,0.0,400.0,-0.19509032201612872,0.9807852804032303,0.7825647275089195,1.1271832561587212e-39,1.0,2.2958971133586315e-08,0.0,0.0,861,215.25,rule_based
15.843961715698242,921.960205078125,73.9300765991211,-0.8452192544937134,0.0,400.0,-0.13052619222005168,0.9914448613738104,0.8080148277575077,1.3230957268834092e-39,1.0,2.2078119502307352e-08,0.0,0.0,862,215.5,rule_based
15.808910369873047,920.17041015625,73.674072265625,-1.1204169988632202,0.0,400.0,-0.0654031292301428,0.9978589232386035,0.8532098337994638,1.5602133584350442e-39,1.0,2.036621239500538e-08,0.0,0.0,863,215.75,rule_based
15.798192977905273,918.4650268554688,73.25688934326172,-1.3956146240234375,0.0,400.0,0.0,1.0,0.8651462200135787,1.8255700911480076e-39,1.0,1.986979533679443e-08,0.0,0.0,864,216.0,rule_based
15.838719367980957,916.9337158203125,72.76701354980469,-1.4689432382583618,0.0,400.0,0.06540312923014306,0.9978589232386035,0.8153947079699725,2.102088042432044e-39,1.0,2.1813183613422614e-08,0.0,0.0,865,216.25,rule_based
15.875754356384277,915.4002075195312,72.51158905029297,-1.4189072847366333,0.0,400.0,0.13052619222005157,0.9914448613738104,0.7584768597620952,2.42099044829258e-39,1.0,2.3754948459146713e-08,0.0,0.0,866,216.5,rule_based
15.854628562927246,913.6904907226562,72.60969543457031,-1.3688713312149048,0.0,400.0,0.19509032201612825,0.9807852804032304,0.7923116558189197,2.833865245241398e-39,1.0,2.2627105923580173e-08,0.0,0.0,867,216.75,rule_based
15.82784366607666,911.9703979492188,72.73503875732422,-1.3188353776931763,0.0,400.0,0.25881904510252074,0.9659258262890683,0.8299986428325657,3.3203516853747884e-39,1.0,2.127373486517228e-08,0.0,0.0,868,217.0,rule_based
15.836544036865234,910.6172485351562,72.69672393798828,-1.3312005996704102,0.0,400.0,0.3214394653031616,0.9469301294951057,0.8183905408477483,3.761057372796885e-39,1.0,2.1704233676872464e-08,0.0,0.0,869,217.25,rule_based
15.853463172912598,909.7510375976562,72.63484191894531,-1.3812365531921387,0.0,400.0,0.3826834323650898,0.9238795325112867,0.7940725094871958,4.073402483653355e-39,1.0,2.2566464937779674e-08,0.0,0.0,870,217.5,rule_based
15.847381591796875,909.298828125,72.67573547363281,-1.4312725067138672,0.0,400.0,0.44228869021900125,0.8968727415326884,0.8030816670221836,4.2466602621097515e-39,1.0,2.225264297141213e-08,0.0,0.0,871,217.75,rule_based
15.833809852600098,909.305908203125,72.73091888427734,-1.4813084602355957,0.0,400.0,0.49999999999999994,0.8660254037844387,0.822103726407861,4.243874020139868e-39,1.0,2.156800865762539e-08,0.0,0.0,872,218.0,rule_based
15.838021278381348,909.5944213867188,72.70902252197266,-1.484327793121338,0.0,400.0,0.5555702330196022,0.8314696123025452,0.8163598167827143,4.132582240407305e-39,1.0,2.1778176590469723e-08,0.0,0.0,873,218.25,rule_based
15.849637031555176,909.91943359375,72.67967987060547,-1.4593098163604736,0.0,400.0,0.6087614290087207,0.7933533402912352,0.7997765271630406,4.010734119465315e-39,1.0,2.2368485187492623e-08,0.0,0.0,874,218.5,rule_based
15.84848403930664,910.18505859375,72.72138977050781,-1.4342918395996094,0.0,400.0,0.6593458151000688,0.7518398074789774,0.8014705536253235,3.9138064148207796e-39,1.0,2.230921713486215e-08,0.0,0.0,875,218.75,rule_based
15.839886665344238,910.4083862304688,72.78964233398438,-1.4092738628387451,0.0,400.0,0.7071067811865476,0.7071067811865476,0.813769828514756,3.834122679794801e-39,1.0,2.1871929901740456e-08,0.0,0.0,876,219.0,rule_based
15.83731746673584,910.6310424804688,72.81395721435547,-1.399999976158142,0.0,400.0,0.7518398074789774,0.6593458151000688,0.8173303124763037,3.756285786108387e-39,1.0,2.174288708711666e-08,0.0,0.0,877,219.25,rule_based
15.840785026550293,910.8536987304688,72.80335235595703,-1.399999976158142,0.0,400.0,0.7933533402912352,0.6087614290087207,0.8125133951996435,3.680023408653075e-39,1.0,2.1917192355522147e-08,0.0,0.0,878,219.5,rule_based
15.841612815856934,911.0513305664062,72.80223846435547,-1.399999976158142,0.0,400.0,0.8314696123025451,0.5555702330196024,0.8113487760936847,3.613649431646717e-39,1.0,2.195902235794057e-08,0.0,0.0,879,219.75,rule_based
15.83849811553955,911.2203979492188,72.8134765625,-1.399999976158142,0.0,400.0,0.8660254037844386,0.5000000000000001,0.8157014655006334,3.557833350598535e-39,1.0,2.1802066016233215e-08,0.0,0.0,880,220.0,rule_based
15.848552703857422,911.1609497070312,72.81196594238281,-1.3841840028762817,0.0,400.0,0.8968727415326884,0.44228869021900125,0.801370076075536,3.577338830765598e-39,1.0,2.2312738673703906e-08,0.0,0.0,881,220.25,rule_based
15.862103462219238,910.6403198242188,72.86251831054688,-1.3591660261154175,0.0,400.0,0.9238795325112867,0.38268343236508984,0.9976436938476542,1.2827546397066552e-33,1.0,6.971304630388868e-09,0.0,0.0,882,220.5,rule_based
16.012313842773438,910.0477905273438,72.37801361083984,-1.3341480493545532,0.0,400.0,0.9469301294951056,0.3214394653031617,0.9999949994929903,7.334824963564411e-25,1.0,1.4953885547925495e-09,0.0,0.0,883,220.75,rule_based
16.26029396057129,909.269287109375,71.65544891357422,-1.309130072593689,0.0,400.0,0.9659258262890683,0.25881904510252074,0.9999999739469705,4.2665508504713514e-16,1.0,4.017580247775933e-10,0.0,0.0,884,221.0,rule_based
16.066635131835938,906.2116088867188,79.88008880615234,-1.1252336502075195,3.5306334495544434,400.0,0.9807852804032304,0.19509032201612833,0.9999999999980773,5.072822981162733e-07,1.0,1.9226283121120957e-08,0.0,0.0,885,221.25,rule_based
16.54063606262207,904.0962524414062,82.72737884521484,-0.8500359654426575,9.09018325805664,400.0,0.9914448613738104,0.1305261922200517,0.9999999998546065,6.85722505576305e-07,1.0,1.4539318139439317e-06,0.0,0.0,886,221.5,rule_based
17.20305633544922,901.4742431640625,83.47171020507812,-0.5748382210731506,14.64973258972168,400.0,0.9978589232386035,0.06540312923014327,0.9999999351026194,8.730358144744095e-07,1.0,0.000598561594574273,0.0,0.0,887,221.75,rule_based
17.87218475341797,896.4158325195312,83.97145080566406,-0.2996405363082886,20.20928192138672,400.0,1.0,6.123233995736766e-17,0.99996918767321,1.3911221980721356e-06,1.0,0.001501438338775302,0.0,0.0,888,222.0,rule_based
18.49504280090332,885.9921264648438,84.52845001220703,-0.10424154996871948,31.532072067260742,400.0,0.9978589232386035,-0.06540312923014314,0.9905367715822232,3.6333948230468885e-06,1.0,0.004177766099634314,0.0,0.0,889,222.25,rule_based
19.042190551757812,865.002197265625,84.91899108886719,0.045866284519433975,46.12588882446289,400.0,0.9914448613738104,-0.1305261922200516,0.40405880273413963,2.5113135586568724e-05,1.0,0.008540248334555247,0.0,0.0,890,222.5,rule_based
19.140005111694336,829.4136962890625,86.45893859863281,0.19597412645816803,60.71970748901367,400.0,0.9807852804032304,-0.1950903220161282,0.21593954465315085,0.000665525630248654,1.0,0.12811836802799695,0.0,0.0,891,222.75,rule_based
17.610620498657227,713.1399536132812,88.17813873291016,0.34608194231987,75.31352233886719,400.0,0.9659258262890683,-0.25881904510252063,0.9999972300176564,0.9675459873800005,1.0,0.026953296542097993,0.0,0.0,892,223.0,rule_based
18.29235076904297,1030.1884765625,86.34803009033203,0.48015815019607544,95.69654083251953,400.0,0.9469301294951057,-0.3214394653031616,0.998525105329026,6.2009819881452764e-12,0.9999999999999998,0.10697606515481249,0.0,0.0,893,223.25,rule_based
18.155012130737305,857.3712158203125,85.84571075439453,0.6052480340003967,119.32462310791016,400.0,0.9238795325112868,-0.3826834323650895,0.9995832551182178,5.071418911550163e-05,0.9999999999999991,0.04533340028388943,0.0,0.0,894,223.5,rule_based
19.120006561279297,752.3212280273438,85.16015625,0.7303378582000732,142.9527130126953,400.0,0.8968727415326884,-0.44228869021900113,0.24874894366401437,0.4467543144733312,0.9999999999999973,0.013253517759795101,0.0,0.0,895,223.75,rule_based
20.064409255981445,866.3346557617188,86.5633544921875,0.8554277420043945,166.58079528808594,400.0,0.8660254037844387,-0.4999999999999998,5.525130668410973e-05,2.2212755155017765e-05,0.9999999999999727,0.15118259534354545,0.0,0.0,896,224.0,rule_based
18.966083526611328,707.5576171875,88.56185913085938,1.10934579372406,213.02220153808594,400.0,0.8314696123025451,-0.5555702330196023,0.5774672207644657,0.980335638660422,0.9999999999994527,0.8761020957904213,0.0,0.0,897,224.25,rule_based
18.072595596313477,904.4879760742188,87.07013702392578,1.4345794916152954,272.0924072265625,400.0,0.7933533402912352,-0.6087614290087207,0.9998048817386086,6.614276572001558e-07,0.9999999999890541,0.31177511198382385,0.0,0.0,898,224.5,rule_based
19.31331443786621,706.14453125,84.67340087890625,1.7598130702972412,331.1626281738281,400.0,0.7518398074789774,-0.6593458151000688,0.052863268851746636,0.9826938917271768,0.9999999997811297,0.005449371251152957,0.0,0.0,899,224.75,rule_based
22.80101203918457,1021.5205688476562,84.69532012939453,2.0850467681884766,390.23284912109375,400.0,0.7071067811865476,-0.7071067811865475,6.25104423958957e-16,1.3777712030909166e-11,0.9999840029287171,0.00567269503716408,0.0,0.0,900,225.0,rule_based
24.523866653442383,915.814208984375,87.88858032226562,2.410280466079712,425.9385681152344,400.0,0.659345815100069,-0.7518398074789773,8.026637629397603e-23,2.330395411773141e-07,0.007962723731462118,0.6716805402395843,0.0,0.0,901,225.25,rule_based
7.934703826904297,398.7438049316406,72.25518798828125,2.735513925552368,448.8717041015625,400.0,0.6087614290087209,-0.793353340291235,1.0,0.9999999999999911,0.9999982501940285,0.0,0.0,0.0,902,225.5,rule_based
19.486724853515625,762.0191650390625,73.86302185058594,3.0607476234436035,471.80487060546875,400.0,0.5555702330196025,-0.831469612302545,0.011174382841874188,0.24843007076874044,0.9999650127314427,9.698933876750668e-08,0.0,0.0,903,225.75,rule_based
23.544422149658203,787.7098999023438,83.38633728027344,3.385981321334839,494.7380065917969,400.0,0.49999999999999994,-0.8660254037844387,6.642215410715903e-19,0.030084254764335395,0.9851680799398573,0.0011064733539019045,0.0,0.0,904,226.0,rule_based
25.324260711669922,720.2554321289062,88.89545440673828,3.353774309158325,499.61859130859375,400.0,0.4422886902190017,-0.8968727415326881,5.0461321468666626e-26,0.939322111137284,5.046106683503915e-06,0.9289400956430102,0.0,0.0,905,226.25,rule_based
7.675304412841797,450.8645935058594,69.0369644165039,3.128612518310547,494.75396728515625,400.0,0.3826834323650899,-0.9238795325112867,1.0,0.9999999999989171,0.9999995890368883,0.0,0.0,0.0,906,226.5,rule_based
19.625320434570312,811.340087890625,72.00003051757812,2.9034507274627686,489.8893737792969,400.0,0.32143946530316175,-0.9469301294951056,0.003143034690628967,0.0035064601739138554,0.9999999483398123,1.334507012870285e-07,0.0,0.0,907,226.75,rule_based
23.385976791381836,738.1447143554688,84.1603775024414,2.6782889366149902,485.0247497558594,400.0,0.258819045102521,-0.9659258262890682,2.8581955378191063e-18,0.7487422273639606,0.9965134873588138,0.0021250945132193196,0.0,0.0,908,227.0,rule_based
25.600826263427734,964.8696899414062,88.6837158203125,2.6652767658233643,504.1856384277344,400.0000305175781,0.19509032201612816,-0.9807852804032304,3.950924087607277e-27,2.542209762478336e-09,3.950922526918532e-07,0.8984837434335108,0.0,0.0,909,227.25,rule_based
7.901068210601807,397.7394714355469,67.45574951171875,2.7653486728668213,536.153076171875,399.9999694824219,0.130526192220052,-0.9914448613738104,1.0,0.9999999999999918,0.9999997104776354,0.0,0.0,0.0,910,227.5,rule_based
20.8911190032959,753.257080078125,68.55805969238281,2.8654205799102783,568.1204833984375,400.0,0.06540312923014312,-0.9978589232386035,2.725983136419805e-08,0.42556067239581596,0.9999992722713218,2.461036965652462e-06,0.0,0.0,911,227.75,rule_based
25.627334594726562,837.8528442382812,77.38636779785156,2.9654924869537354,600.087890625,400.0000305175781,1.2246467991473532e-16,-1.0,3.0950183521357084e-27,0.0003060223505294815,0.9999996524242618,0.11822083580130494,0.0,0.0,912,228.0,rule_based
24.906475067138672,649.3330078125,86.68236541748047,2.8852624893188477,583.3373413085938,400.0,-0.06540312923014287,-0.9978589232386035,2.366466754651337e-24,0.9999059670315819,0.00023659068706549657,0.18151394366686158,0.0,0.0,913,228.25,rule_based
15.118167877197266,601.18994140625,79.71539306640625,2.710136651992798,540.9457397460938,400.0,-0.13052619222005177,-0.9914448613738104,0.9999999999999998,0.9999988841711548,0.9999999861947866,2.9694025016624437e-12,0.0,0.0,914,228.5,rule_based
22.795684814453125,951.2433471679688,79.95762634277344,2.535010814666748,498.55419921875,400.0,-0.19509032201612792,-0.9807852804032305,6.565368066586205e-16,8.918009916707535e-09,0.999999991773025,0.00019751470859708187,0.0,0.0,915,228.75,rule_based
25.069082260131836,871.6197509765625,87.33311462402344,2.3598849773406982,456.1626281738281,400.0,-0.2588190451025208,-0.9659258262890683,5.29259634443575e-25,1.3652286251878311e-05,5.29231624349924e-05,0.4237458762307649,0.0,0.0,916,229.0,rule_based
9.511188507080078,406.6099853515625,73.67756652832031,2.2012221813201904,412.8564453125,400.0,-0.32143946530316153,-0.9469301294951057,1.0,0.9999999999999816,0.9999999998398756,0.0,0.0,0.0,917,229.25,rule_based
18.736061096191406,780.8790893554688,78.56743621826172,2.051114320755005,369.07501220703125,400.0,-0.38268343236508967,-0.9238795325112868,0.9191580205011155,0.054988641915726895,0.9999999999598186,7.144081673855613e-08,0.0,0.0,918,229.5,rule_based
21.64052963256836,753.7639770507812,85.97052764892578,1.9010064601898193,325.2935485839844,400.0,-0.44228869021900147,-0.8968727415326883,2.740815909449199e-11,0.4141889331112026,0.9999999996351452,0.05639168206641616,0.0,0.0,919,229.75,rule_based
21.310041427612305,809.333251953125,89.955322265625,1.7508985996246338,281.5121154785156,400.0,-0.4999999999999997,-0.8660254037844388,5.752178676721219e-10,0.004215373729094712,0.9999999999826152,0.989258752653632,0.0,0.0,920,230.0,rule_based
18.231569290161133,638.5283203125,91.04651641845703,1.6173256635665894,234.51553344726562,400.0,-0.555570233019602,-0.8314696123025455,0.9991568447503123,0.999965236864332,0.999999999999069,0.8940528428397151,0.0,0.0,921,230.25,rule_based
17.159622192382812,889.5017700195312,87.89399719238281,1.492235779762268,185.86947631835938,400.0,-0.6087614290087207,-0.7933533402912352,0.9999999565003298,2.6298415328772594e-06,0.9999999999997058,0.0004348075800542084,0.0,0.0,922,230.5,rule_based
18.99506378173828,843.259521484375,86.72525787353516,1.3671458959579468,137.22341918945312,400.0,-0.6593458151000688,-0.7518398074789774,0.5113650012138174,0.0001860111998960973,0.999999999999907,0.19354805831396146,0.0,0.0,923,230.75,rule_based
17.407182693481445,715.947998046875,88.13163757324219,1.242056131362915,88.57736206054688,400.0,-0.7071067811865471,-0.7071067811865479,0.999999574664305,0.958365635878255,0.9999999999999001,0.004235344320599244,0.0,0.0,924,231.0,rule_based
18.32523536682129,1074.601318359375,86.48651885986328,1.2498202323913574,62.996246337890625,400.0,-0.7518398074789773,-0.6593458151000691,0.9980044117977972,1.0374078205660667e-13,0.9999999999998006,0.13390136711995973,0.0,0.0,925,231.25,rule_based
17.453372955322266,900.011474609375,86.06019592285156,1.3248741626739502,49.09737014770508,400.0,-0.7933533402912349,-0.6087614290087209,0.9999993491382169,9.989441279911395e-07,0.9999999999996021,0.006466533842400257,0.0,0.0,926,231.5,rule_based
18.353660583496094,861.1425170898438,85.10873413085938,1.399928092956543,35.1984977722168,400.0,-0.8314696123025452,-0.5555702330196022,0.9974087188468023,3.5833049374315936e-05,0.9999999999992057,0.012070147838619736,0.0,0.0,927,231.75,rule_based
18.649412155151367,830.3812255859375,85.1512451171875,1.4749820232391357,21.299625396728516,400.0,-0.8660254037844385,-0.5000000000000004,0.9619123462178578,0.0006088150664118778,0.9999999999981513,0.01304047580673363,0.0,0.0,928,232.0,rule_based
18.805633544921875,800.447021484375,84.96428680419922,1.5667146444320679,13.886892318725586,400.0,-0.8968727415326883,-0.44228869021900136,0.8569420437304832,0.009503809941436606,0.9999999999953537,0.00927653055908766,0.0,0.0,929,232.25,rule_based
18.93047332763672,782.2063598632812,84.89752960205078,1.6667864322662354,9.717229843139648,400.0,-0.9238795325112868,-0.3826834323650895,0.0009969397830801394,9.284093411793404e-11,1.0,0.008211823269552875,0.0,0.0,930,232.5,rule_based
18.489463806152344,760.1777954101562,86.31074523925781,1.7668583393096924,5.547567844390869,400.0,-0.9469301294951056,-0.3214394653031618,3.076465952574856e-05,1.30417605091459e-18,0.9999999999999997,0.10059009115439178,0.0,0.0,931,232.75,rule_based
16.882320404052734,680.3594970703125,85.2730484008789,1.8669309616088867,1.3778194189071655,400.0,-0.9659258262890683,-0.25881904510252063,0.04197003802418461,3.754256199260161e-24,1.0,0.016267560888491923,0.0,0.0,932,233.0,rule_based
16.678239822387695,651.5928344726562,82.16634368896484,1.933501124382019,0.0,400.0,-0.9807852804032303,-0.19509032201612866,0.0019328446338143207,8.63546396399785e-29,1.0,5.408113936630986e-05,0.0,0.0,933,233.25,rule_based
16.293441772460938,647.1598510742188,83.10242462158203,1.9835370779037476,0.0,399.9999694824219,-0.9914448613738104,-0.13052619222005163,0.06281429282435351,1.2989907831662604e-28,1.0,0.00030325554497240157,0.0,0.0,934,233.5,rule_based
15.817809104919434,646.89013671875,84.38701629638672,2.0335729122161865,0.0,400.0,-0.9978589232386035,-0.06540312923014273,0.8426449135961288,1.331664075718803e-28,1.0,0.0032226272735992397,0.0,0.0,935,233.75,rule_based
15.776023864746094,643.5198364257812,83.34713745117188,2.083613395690918,0.0,400.0,-1.0,-1.8369701987210297e-16,0.8872446802794098,1.8163802783783401e-28,1.0,0.000475891329664916,0.0,0.0,936,234.0,rule_based
16.120010375976562,643.5257568359375,81.48980712890625,1.9990653991699219,0.0,400.0000305175781,-0.9978589232386036,0.06540312923014237,0.24874013997451283,1.8153846335415136e-28,1.0,1.555384087830075e-05,0.0,0.0,937,234.25,rule_based
16.127826690673828,644.3717651367188,81.71852111816406,1.8489575386047363,0.0,400.0,-0.9914448613738105,0.13052619222005127,0.23553414877118492,1.6793062445647414e-28,1.0,2.370337350708125e-05,0.0,0.0,938,234.5,rule_based
15.860099792480469,644.6903686523438,82.77604675292969,1.6988497972488403,0.0,400.0,-0.9807852804032304,0.1950903220161283,0.7838979377406058,1.6307414219312e-28,1.0,0.00016625036759317744,0.0,0.0,939,234.75,rule_based
15.863320350646973,645.2842407226562,82.14546203613281,1.5487419366836548,0.0,400.0,-0.9659258262890684,0.2588190451025203,0.7788303994917082,1.5439336091401556e-28,1.0,5.204081495082721e-05,0.0,0.0,940,235.0,rule_based
16.075246810913086,646.3399047851562,80.90899658203125,1.3986340761184692,0.0,400.0,-0.9469301294951057,0.3214394653031615,0.3333535241558805,1.4008957523866359e-28,1.0,5.335680353693812e-06,0.0,0.0,941,235.25,rule_based
16.032772064208984,646.8753662109375,81.12935638427734,1.2485262155532837,0.0,400.0,-0.923879532511287,0.38268343236508917,0.42510749085879584,1.3334763490896068e-28,1.0,8.007258610285406e-06,0.0,0.0,942,235.5,rule_based
15.854391098022461,647.0677490234375,81.65766906738281,1.0984183549880981,0.0,400.0,-0.8968727415326884,0.442288690219001,0.7926716183490983,1.3100592570471282e-28,1.0,2.1189591610803044e-05,0.0,0.0,943,235.75,rule_based
15.904728889465332,647.6806030273438,80.94200897216797,0.9483105540275574,0.0,400.0,-0.8660254037844386,0.5000000000000001,0.7062987158826847,1.2381566571399165e-28,1.0,5.67027770084613e-06,0.0,0.0,944,236.0,rule_based
16.049013137817383,648.45751953125,80.08812713623047,0.7982027530670166,0.0,400.0,-0.8314696123025455,0.5555702330196018,0.38902081244749837,1.1526520114811708e-28,1.0,1.1762557314741581e-06,0.0,0.0,945,236.25,rule_based
15.967443466186523,648.7037963867188,80.39317321777344,0.648094892501831,0.0,400.0,-0.7933533402912357,0.6087614290087199,0.5744080918262747,1.1268053564374325e-28,1.0,2.063167803319349e-06,0.0,0.0,946,236.5,rule_based
15.854639053344727,648.8443603515625,80.56359100341797,0.4979870617389679,0.0,400.0,-0.7518398074789772,0.6593458151000691,0.7922969764839787,1.1123065260466391e-28,1.0,2.8240358867262388e-06,0.0,0.0,947,236.75,rule_based
15.930147171020508,649.357421875,79.82567596435547,0.3478361666202545,0.0,400.0,-0.7071067811865477,0.7071067811865474,0.6555142563360025,1.0609724831230437e-28,1.0,7.253400077149745e-07,0.0,0.0,948,237.0,rule_based
16.01523780822754,649.738037109375,79.2900161743164,0.26592379808425903,0.0,400.0,-0.6593458151000687,0.7518398074789775,0.4649701633915611,1.0244199916575444e-28,1.0,2.7040141311942575e-07,0.0,0.0,949,237.25,rule_based
15.92500114440918,649.506103515625,79.58992767333984,0.21588784456253052,0.0,399.9999694824219,-0.608761429008721,0.7933533402912349,0.6661376814697094,1.0465399463829658e-28,1.0,4.698309430601779e-07,0.0,0.0,950,237.5,rule_based
15.867355346679688,649.116455078125,79.54368591308594,0.1658519059419632,0.0,400.0,-0.555570233019603,0.8314696123025447,0.7723632316991752,1.0847780373525548e-28,1.0,4.3146649078442743e-07,0.0,0.0,951,237.75,rule_based
15.947071075439453,648.8026123046875,78.91264343261719,0.11577475070953369,0.0,400.0,-0.5000000000000004,0.8660254037844384,0.6195155070265931,1.116599720920546e-28,1.0,1.3493129295465876e-07,0.0,0.0,952,238.0,rule_based
16.004955291748047,648.4597778320312,78.67426300048828,0.13421998918056488,0.0,400.0,-0.4422886902190014,0.8968727415326883,0.4885926494775155,1.1524151356041372e-28,1.0,8.697880631799632e-08,0.0,0.0,953,238.25,rule_based
15.936090469360352,648.01806640625,79.11910247802734,0.1842559278011322,0.0,400.0,-0.38268343236508956,0.9238795325112868,0.6430511527027629,1.2002650487708734e-28,1.0,1.9737030480115268e-07,0.0,0.0,954,238.5,rule_based
15.910517692565918,647.8699340820312,79.28345489501953,0.23429188132286072,0.0,400.0,-0.32143946530316186,0.9469301294951056,0.6951197939852272,1.2167497736553409e-28,1.0,2.671569862537309e-07,0.0,0.0,955,238.75,rule_based
15.984532356262207,648.130126953125,79.07286071777344,0.284383624792099,0.0,400.0,-0.25881904510252157,0.9659258262890681,0.5355544724765435,1.1879368984690017e-28,1.0,1.8125205752792706e-07,0.0,0.0,956,239.0,rule_based
15.976033210754395,648.2760620117188,79.29740142822266,0.30000001192092896,0.0,400.0,-0.19509032201612872,0.9807852804032303,0.5549617958042341,1.1720825154487412e-28,1.0,2.7410824064526237e-07,0.0,0.0,957,239.25,rule_based
15.904850006103516,648.27490234375,79.65349578857422,0.30000001192092896,0.0,400.0,-0.13052619222005168,0.9914448613738104,0.7060689636258607,1.1722100679184644e-28,1.0,5.281997645015523e-07,0.0,0.0,958,239.5,rule_based
15.926017761230469,648.4559936523438,79.48834228515625,0.30000001192092896,0.0,400.0,-0.0654031292301428,0.9978589232386035,0.6640514371711149,1.1528176413493937e-28,1.0,3.8965040774545034e-07,0.0,0.0,959,239.75,rule_based
15.986559867858887,648.6998901367188,79.24040222167969,0.30000001192092896,0.0,400.0,0.0,1.0,0.9999999999991165,0.9999112931310368,1.0,8.83569650778071e-09,0.0,0.0,960,240.0,rule_based
16.26367950439453,1046.689208984375,78.14160919189453,0.3517613112926483,0.0,400.0,0.06540312923014306,0.9978589232386035,0.9999999999886573,1.3565460505348618e-12,1.0,3.260490251231165e-08,1.0,1.0,961,240.25,rule_based
17.138031005859375,990.2836303710938,84.94859313964844,0.4268152415752411,0.0,400.0,0.13052619222005157,0.9914448613738104,0.9999999643447813,2.447121210895526e-10,1.0,0.0003564251147080144,1.0,1.0,962,240.5,rule_based
18.052635192871094,942.3192749023438,85.67735290527344,0.5018691420555115,0.0,400.0,0.19509032201612825,0.9807852804032304,0.9998376421930523,2.028747017638666e-08,1.0,0.03365186360455472,1.0,1.0,963,240.75,rule_based
18.109294891357422,831.5963134765625,85.82315063476562,0.5770596265792847,0.0,400.0,0.25881904510252074,0.9659258262890683,0.9997264359230167,0.0005443912686383359,1.0,0.0435684650829153,1.0,1.0,964,241.0,rule_based
18.145063400268555,728.1158447265625,85.54557800292969,0.5826743245124817,0.0,400.0,0.3214394653031616,0.9469301294951057,0.9996197344663962,0.8824255442953423,1.0,0.026592488398018345,1.0,1.0,965,241.25,rule_based
18.555038452148438,995.3726196289062,84.9520034790039,0.5576563477516174,0.0,400.0,0.3826834323650898,0.9238795325112867,0.9836692610092351,1.5314163592187547e-10,1.0,0.009070688943819825,1.0,1.0,966,241.5,rule_based
19.137371063232422,911.109619140625,84.9635238647461,0.5326383709907532,0.0,400.0,0.44228869021900125,0.8968727415326884,0.22007291033676762,3.5943213766775414e-07,1.0,0.009263537958320817,1.0,1.0,967,241.75,rule_based
19.036422729492188,840.990478515625,86.79893493652344,0.5075646638870239,0.0,400.0,0.49999999999999994,0.8660254037844387,0.4169100817151394,0.00022923558135173422,1.0,0.21561362527609085,1.0,1.0,968,242.0,rule_based
16.700908660888672,688.4934692382812,87.64713287353516,0.5,0.0,400.0,0.5555702330196022,0.8314696123025452,0.9999999993637345,0.9965466872009111,1.0,6.3626148194551035e-06,1.0,1.0,969,242.25,rule_based
17.885183334350586,1040.892822265625,85.72337341308594,0.5,0.0,400.0,0.6087614290087207,0.7933533402912352,0.9999652692172557,2.3136015674416927e-12,1.0,0.03652130319185042,1.0,1.0,970,242.5,rule_based
17.914411544799805,908.0809326171875,85.72747802734375,0.5,0.0,400.0,0.6593458151000688,0.7518398074789774,0.9999545404553665,4.7507593794147063e-07,1.0,0.0367883765322343,1.0,1.0,971,242.75,rule_based
18.04441261291504,793.2993774414062,85.44088745117188,0.5,0.0,400.0,0.7071067811865476,0.7071067811865476,0.9998494843714524,0.01819900943745981,1.0,0.02203128789389827,1.0,1.0,972,243.0,rule_based
18.4797420501709,720.7943115234375,85.29381561279297,0.5349388718605042,0.0,400.0,0.7518398074789774,0.6593458151000688,0.991770450268104,0.9364304569714074,1.0,0.01689108392074494,1.0,1.0,973,243.25,rule_based
18.93885040283203,1023.05224609375,84.94256591796875,0.5849748253822327,0.0,400.0,0.7933533402912352,0.6087614290087207,0.6371944906996477,1.1964910560456913e-11,1.0,0.008915929146415565,1.0,1.0,974,243.5,rule_based
19.213319778442383,937.067138671875,85.6917724609375,0.6350107789039612,0.0,400.0,0.8314696123025451,0.5555702330196024,0.12295366656431053,3.2908953749782e-08,1.0,0.03452653573113415,1.0,1.0,975,243.75,rule_based
18.47210121154785,824.7239379882812,87.55650329589844,0.6852047443389893,0.0,400.0,0.8660254037844386,0.5000000000000001,0.9923252835713764,0.0010247023765497028,1.0,0.5259969513173779,1.0,1.0,976,244.0,rule_based
16.049102783203125,662.3165283203125,86.7783432006836,0.699999988079071,0.0,400.0,0.8968727415326884,0.44228869021900125,0.9999999999984281,0.9996891663285836,1.0,1.5718385260043988e-08,1.0,0.9998674064990335,977,244.25,rule_based
17.888221740722656,1019.018310546875,84.6187744140625,0.699999988079071,0.0,400.0,0.9238795325112867,0.38268343236508984,0.9999642831682162,1.734873205314072e-11,1.0,0.0049303173392977835,1.0,0.9563082445241751,978,244.5,rule_based
18.744455337524414,955.1525268554688,85.1895751953125,0.699999988079071,0.0,400.0,0.9469301294951056,0.3214394653031617,0.9132235825578411,6.221546185321109e-09,1.0,0.013981074430432582,1.0,0.5884565754055646,979,244.75,rule_based
19.15311622619629,874.307373046875,85.48655700683594,0.699999988079071,0.0,400.0,0.9659258262890683,0.25881904510252074,0.19619288166243204,1.0658607703460365e-05,1.0,0.02391819814408527,1.0,0.08543014350033373,980,245.0,rule_based
19.003700256347656,784.558837890625,87.0799560546875,0.7880661487579346,0.4892563223838806,400.0,0.9807852804032304,0.19509032201612833,0.4914818141032183,0.039810993262625084,0.9999999999999956,0.31566964589150104,1.0,0.005726109310231209,981,245.25,rule_based
17.135509490966797,656.6185913085938,87.93218231201172,0.9131560325622559,1.1842000484466553,400.0,0.9914448613738104,0.1305261922200517,0.9999999651632231,0.9998160650781713,0.9999999999999858,0.0003482464626177739,1.0,0.0,982,245.5,rule_based
18.54422950744629,1014.3687133789062,85.69440460205078,1.0382459163665771,1.8791437149047852,400.0,0.9978589232386035,0.06540312923014327,0.9851938504944404,2.6622693740507482e-11,0.9999999999999549,0.03468891045083518,1.0,0.0,983,245.75,rule_based
18.972814559936523,901.6171875,85.89904022216797,1.1633356809616089,2.571685314178467,400.0,1.0,6.123233995736766e-17,0.5622698000641903,8.616099676573477e-07,0.9999999999998574,0.04977971859943485,1.0,0.0,984,246.0,rule_based
19.02617073059082,788.669677734375,86.68817901611328,1.2884255647659302,7.690310955047607,400.0,0.9978589232386035,-0.06540312923014314,0.4400310503726799,0.027609140538735314,0.999999999999549,0.18310839279341468,1.0,0.0,985,246.25,rule_based
18.05763053894043,670.0520629882812,87.55712127685547,1.4135154485702515,14.639747619628906,400.0,0.9914448613738104,-0.1305261922200516,0.9998300004036995,0.9993664105068077,0.9999999999985729,0.5262810160181843,1.0,0.0,986,246.5,rule_based
17.255237579345703,911.1748657226562,85.93551635742188,1.5386053323745728,21.589183807373047,400.0,0.9807852804032304,-0.1950903220161282,0.999999895058289,3.572779800148115e-07,0.9999999999954836,0.0010483170974096012,1.0,0.0,987,246.75,rule_based
19.319189071655273,843.4415283203125,84.62430572509766,1.663695216178894,28.54451560974121,400.0,0.9659258262890683,-0.25881904510252063,0.05021921144682455,0.0001829184447209824,0.9999999999857065,0.0049805385582149505,1.0,0.0,988,247.0,rule_based
19.983949661254883,795.502685546875,87.48899841308594,1.7887850999832153,34.00830841064453,400.0,0.9469301294951057,-0.3214394653031616,0.00011591817575075795,0.014906297606838946,0.9999999999547624,0.4949348883288663,1.0,0.0,989,247.25,rule_based
17.643367767333984,646.89697265625,89.71383666992188,1.913874864578247,38.8729133605957,400.0,0.9238795325112868,-0.3826834323650895,0.9999962548376731,0.9999248642185399,0.9999999998568276,0.03609976371799761,1.0,0.0,990,247.5,rule_based
18.78411293029785,969.4558715820312,87.34912109375,2.0389647483825684,43.737518310546875,400.0,0.8968727415326884,-0.44228869021900113,0.8795732267406575,1.6663436530303158e-09,0.99999999954656,0.43096076716665366,1.0,0.0,991,247.75,rule_based
17.950773239135742,764.7897338867188,87.02651977539062,2.1641299724578857,48.59181213378906,400.0,0.8660254037844387,-0.4999999999999998,0.999936457546701,0.2038851911061939,0.999999998783079,0.2947996944392688,1.0,0.0,992,248.0,rule_based
18.31868553161621,708.47314453125,85.6500244140625,2.271315574645996,57.923954010009766,400.0,0.8314696123025451,-0.5555702330196023,0.9981209991810398,0.978642477429187,0.9999999969412079,0.03205334569940522,1.0,0.0,993,248.25,rule_based
20.270566940307617,1018.0750732421875,84.7005844116211,2.371387481689453,69.04305267333984,400.0,0.7933533402912352,-0.6087614290087207,8.27418943962801e-06,1.892337800504189e-11,0.9999999923115724,0.005727531534728614,1.0,0.0,994,248.5,rule_based
21.41206932067871,942.864501953125,87.27621459960938,2.47145938873291,80.16215515136719,400.0,0.7518398074789774,-0.6593458151000688,2.2476017682841133e-10,1.929392326499688e-08,0.9999999807250494,0.3983742040214779,1.0,0.0,995,248.75,rule_based
19.338603973388672,741.4963989257812,89.81946563720703,2.5712482929229736,91.26521301269531,400.0,0.7071067811865476,-0.7071067811865475,0.042344292571915576,0.6863723547178714,0.999999845959568,0.9862465879548228,1.0,0.0,996,249.0,rule_based
18.031044006347656,833.8659057617188,89.27880859375,2.7969086170196533,107.37279510498047,400.0,0.659345815100069,-0.7518398074789773,0.9998669194200566,0.00044174576217499977,0.9999980572149657,0.5709964289144469,1.0,0.0,997,249.25,rule_based
18.367849349975586,666.9420166015625,87.29676818847656,3.07210636138916,125.44132995605469,400.0,0.6087614290087209,-0.793353340291235,0.9970480174835437,0.9995241449370079,0.9999754977622402,0.40748648492499484,1.0,0.0,998,249.5,rule_based
19.328487396240234,913.8046875,85.59706115722656,3.347304105758667,143.50987243652344,400.0,0.5555702330196025,-0.831469612302545,0.046287887083392945,2.804210062397328e-07,0.9996895079311198,0.02916065381201147,1.0,0.0,999,249.75,rule_based
21.51799964904785,802.0396728515625,87.26473236083984,3.623046398162842,161.5604705810547,400.0,0.49999999999999994,-0.8660254037844387,8.472367170414711e-11,0.008219181151546061,0.9982993883041558,0.3933205584126865,1.0,0.0,1000,250.0,rule_based
20.503141403198242,641.4310913085938,89.6422119140625,3.8078360557556152,184.14010620117188,400.0,0.4422886902190017,-0.8968727415326881,9.71483145852252e-07,0.9999545823340754,0.9932572440322888,0.9810367102706596,1.0,0.0,1001,250.25,rule_based
19.475858688354492,858.736083984375,89.18453216552734,3.957943916320801,208.463134765625,400.0,0.3826834323650899,-0.9238795325112867,0.012336016234829364,4.472366715412169e-05,0.9736600824781355,0.9570172276953323,1.0,0.0,1002,250.5,rule_based
18.11365509033203,604.71142578125,87.94585418701172,4.108051776885986,232.78616333007812,400.0,0.32143946530316175,-0.9469301294951056,0.9997152276152207,0.999998456672943,0.9029861427946705,0.6945100405226663,1.0,0.0,1003,250.75,rule_based
15.296968460083008,662.8252563476562,80.79312896728516,4.257788181304932,257.1428527832031,400.0,0.258819045102521,-0.9659258262890682,0.9999999999999984,0.9996742618346113,0.4620004762291896,1.5412560117056273e-11,1.0,0.0,1004,251.0,rule_based
20.66250228881836,981.5962524414062,82.52597045898438,4.516534805297852,275.9186096191406,400.0,0.19509032201612816,-0.9807852804032304,2.2386603489489782e-07,5.446925438850499e-10,0.05130105101998658,0.00010488848435546293,1.0,0.0,1005,251.25,rule_based
23.31929588317871,896.9854736328125,86.18001556396484,4.816750526428223,292.5972595214844,400.0,0.130526192220052,-0.9914448613738104,5.2821858430884125e-18,1.3200176186167052e-06,0.0033935857892263195,0.08080097330566938,1.0,0.0,1006,251.5,rule_based
20.668350219726562,632.6179809570312,88.24896240234375,5.116966247558594,309.2759094238281,400.0,0.06540312923014312,-0.9978589232386035,2.1212971809582655e-07,0.9999798297929234,0.0002096050276766058,0.7989342238392926,1.0,0.0,1007,251.75,rule_based
11.273448944091797,493.7706298828125,67.21209716796875,5.419626712799072,326.09039306640625,400.0000305175781,1.2246467991473532e-16,-1.0,1.0,0.9999999999436588,0.00013959538925873091,0.0,1.0,0.0,1008,252.0,rule_based
19.543848037719727,823.2904663085938,78.09849548339844,5.463767051696777,306.4002685546875,400.0000305175781,-0.06540312923014287,-0.9978589232386035,0.0066331598019592685,0.001169156458942097,0.00022129895630904666,1.1062346348340448e-07,1.0,0.0,1009,252.25,rule_based
21.97637176513672,747.4155883789062,87.076171875,5.413731098175049,273.04296875,400.0,-0.13052619222005177,-0.9914448613738104,1.2431125789029322e-12,0.5592287127181471,0.0003508058983989982,0.31416245685997307,1.0,0.0,1010,252.5,rule_based
13.93514633178711,534.9319458007812,80.85041809082031,5.36369514465332,239.68568420410156,400.0,-0.19509032201612792,-0.9807852804032305,1.0,0.999999997503805,0.0005583409885871904,0.0,1.0,0.0,1011,252.75,rule_based
18.93690299987793,873.9281005859375,84.77177429199219,5.313214302062988,206.03187561035156,400.0,-0.2588190451025208,-0.9659258262890683,0.6413302499040072,1.1037486659824397e-05,0.0001181447803596927,0.006524971651401448,1.0,0.0,1012,253.0,rule_based
20.763944625854492,790.8628540039062,87.51581573486328,5.481883525848389,199.74838256835938,400.0,-0.32143946530316153,-0.9469301294951057,8.79477463248214e-08,0.022673860071969434,1.1796191698185785e-05,0.5072869694594286,1.0,0.0,1013,253.25,rule_based
12.098221778869629,417.8956604003906,74.47271728515625,5.732063293457031,203.2230987548828,400.0,-0.38268343236508967,-0.9238795325112868,1.0,0.999999999999948,1.1776806134719126e-06,0.0,1.0,0.0,1014,253.5,rule_based
18.45368003845215,763.307373046875,82.53253936767578,5.982243061065674,206.69781494140625,400.0,-0.44228869021900147,-0.8968727415326883,0.9935152106576445,0.22694246578364205,1.1498625968069969e-07,0.0001061660804260933,1.0,0.0,1015,253.75,rule_based
21.44587516784668,790.9524536132812,85.86255645751953,6.234838485717773,210.20608520507812,400.0,-0.4999999999999997,-0.8660254037844388,1.6462723770215284e-10,0.02249160299450826,4.012828327177206e-07,0.046696036951316765,1.0,0.0,1016,254.0,rule_based
20.13089370727539,638.0592651367188,87.9397964477539,6.099137306213379,197.92315673828125,400.0,-0.555570233019602,-0.8314696123025455,2.9950971846315872e-05,0.9999667066496923,5.061035164745421e-06,0.6921373518796486,1.0,0.0,1017,254.25,rule_based
10.450834274291992,497.2967224121094,68.93856048583984,5.823939800262451,179.8546142578125,400.0,-0.6087614290087207,-0.7933533402912352,1.0,0.9999999999220406,6.382702910512034e-05,0.0,1.0,0.0,1018,254.5,rule_based
16.633060455322266,842.8895874023438,81.15354919433594,5.548741817474365,161.7860870361328,400.0,-0.6593458151000688,-0.7518398074789774,0.9999999996594047,0.00019245650705190665,0.0008091456327323136,3.405940592671186e-06,1.0,0.0,1019,254.75,rule_based
18.763996124267578,787.8390502929688,85.36506652832031,5.272905349731445,143.7310333251953,400.0,-0.7071067811865471,-0.7071067811865479,0.8978606382488162,0.02973904974595669,0.005141161504011529,0.019214263490858016,1.0,0.0,1020,255.0,rule_based
18.649152755737305,693.8898315429688,86.13783264160156,5.071674823760986,123.61210632324219,400.0,-0.7518398074789773,-0.6593458151000691,0.9619999599061935,0.9943359699932895,0.025274657386203624,0.07521522174736135,1.0,0.0,1021,255.25,rule_based
16.41720962524414,823.6614379882812,83.65604400634766,4.896549224853516,102.76380157470703,400.0,-0.7933533402912349,-0.6087614290087209,0.9999999999533511,0.0011299288826198673,0.11512934815542748,4.664891828376483e-07,1.0,0.0,1022,255.5,rule_based
18.57571792602539,782.6537475585938,84.10713958740234,4.721423625946045,81.91548919677734,400.0,-0.8314696123025452,-0.5555702330196022,0.9803105335601896,0.04708736416208527,0.39671878144299694,0.0019269564920984525,1.0,0.0,1023,255.75,rule_based
19.194087982177734,758.3414916992188,85.36029815673828,4.545509338378906,61.00851821899414,400.0,-0.8660254037844385,-0.5000000000000004,0.14336490073096958,0.31685168872535124,0.6244599394069867,0.019049497719535968,1.0,0.0,1024,256.0,rule_based
18.413516998291016,796.5691528320312,86.93950653076172,4.444787979125977,46.35354232788086,399.9999694824219,-0.8968727415326883,-0.44228869021900136,0.9955113509465605,0.013530618076424996,0.768488163535301,0.26260389109724763,1.0,0.0,1025,256.25,rule_based
13.664867401123047,501.51971435546875,82.09896087646484,4.369733810424805,33.84455490112305,400.0,-0.9238795325112868,-0.3826834323650895,1.0,0.999999999884976,0.8688770605356371,0.0,1.0,0.0,1026,256.5,rule_based
17.20849609375,873.4878540039062,82.43722534179688,4.294680118560791,21.335569381713867,400.0,-0.9469301294951056,-0.3214394653031618,0.9999999317686663,1.149422075228749e-05,0.9298252989675673,8.907249374093265e-05,1.0,0.0,1027,256.75,rule_based
18.927722930908203,847.28564453125,84.50687408447266,4.219444751739502,8.705673217773438,400.0,-0.9659258262890683,-0.25881904510252063,0.6605386452383658,0.00012838570167635999,0.9570344629914267,0.004015618490073702,1.0,0.0,1028,257.0,rule_based
19.876222610473633,812.8973388671875,86.06226348876953,4.163048267364502,4.529115676879883,400.0,-0.9807852804032303,-0.19509032201612866,0.00031259056180033424,0.0030393621923717053,0.980596609174235,0.06608812657757358,1.0,0.008438469271451865,1029,257.25,rule_based
19.441490173339844,714.5336303710938,88.35157012939453,4.113012313842773,3.139228343963623,400.0,-0.9914448613738104,-0.13052619222005163,0.01685231426006484,0.9632640997062966,0.9999999751817261,0.8275917028806488,1.0,0.11163426268095444,1030,257.5,rule_based
17.666139602661133,937.5272827148438,89.07252502441406,4.062976360321045,1.7493410110473633,400.0,-0.9978589232386035,-0.06540312923014273,0.9999953809039107,3.1543492050662025e-08,0.9999999999999454,0.04415175294095075,1.0,0.6571734574564255,1031,257.75,rule_based
18.491384506225586,833.79541015625,87.87623596191406,4.013263702392578,0.34148523211479187,400.0,-1.0,-1.8369701987210297e-16,0.9908473166509923,0.0004446201725597608,1.0,0.6666419988844443,0.0,0.0,1032,258.0,rule_based
17.19907569885254,720.0907592773438,81.27825164794922,3.8887131214141846,0.0,400.0,-0.9978589232386036,0.06540312923014237,0.9999374433629706,1.5717012578798641e-07,1.0,1.0534154841210269e-05,0.0,0.0,1033,258.25,rule_based
18.484764099121094,719.6612548828125,77.08641052246094,3.738605260848999,0.0,400.0,-0.9914448613738105,0.13052619222005127,0.00011505265188544487,1.6351140779276418e-15,0.9999999999999999,3.0532559821308894e-07,0.0,0.0,1034,258.5,rule_based
18.5526065826416,735.6317138671875,79.41382598876953,3.5884974002838135,0.0,400.0,-0.9807852804032304,0.1950903220161283,6.159936923959564e-08,3.756052443643529e-24,0.9999999999998377,2.0072665865311053e-06,0.0,0.0,1035,258.75,rule_based
18.001577377319336,749.4424438476562,83.09451293945312,3.436319589614868,0.0,400.0,-0.9659258262890684,0.2588190451025203,9.855847208457424e-09,1.0526923180921208e-32,0.9999999999989854,0.00029886990051356937,0.0,0.0,1036,259.0,rule_based
17.402124404907227,758.8292236328125,85.62841033935547,3.4744787216186523,0.0,400.0,-0.9469301294951057,0.3214394653031615,2.4631917142280194e-06,4.434368132315917e-33,0.9999999999999959,0.0308406812861321,0.0,0.0,1037,259.25,rule_based
16.592180252075195,735.3909301757812,86.9856185913086,3.5745506286621094,0.0,400.0,-0.923879532511287,0.38268343236508917,0.004260167014684258,3.8402676147789003e-32,1.0,0.2793829066106326,0.0,0.0,1038,259.5,rule_based
15.1636962890625,663.1702270507812,86.69242095947266,3.6746225357055664,0.0,400.0,-0.8968727415326884,0.442288690219001,0.9995485722972302,2.972966353716022e-29,1.0,0.18428008123835485,0.0,0.0,1039,259.75,rule_based
15.070643424987793,616.2997436523438,83.584228515625,3.77518367767334,0.0,400.0,-0.8660254037844386,0.5000000000000001,0.9998083582081955,2.2284922906139254e-27,1.0,0.0007363115901711004,0.0,0.0,1040,260.0,rule_based
16.144620895385742,613.096435546875,81.25021362304688,3.837383270263672,0.0,400.0,-0.8314696123025455,0.5555702330196018,0.20882602311085774,2.9932449717434148e-27,1.0,1.0003746221777176e-05,0.0,0.0,1041,260.25,rule_based
16.5341796875,618.8645629882812,82.53816986083984,3.8874192237854004,0.0,400.0,-0.7933533402912357,0.6087614290087199,0.007246379857634753,1.75961960939772e-27,1.0,0.00010727294563245563,0.0,0.0,1042,260.5,rule_based
16.366376876831055,623.55859375,85.07677459716797,3.937455177307129,0.0,400.0,-0.7518398074789772,0.6593458151000691,0.03310333979641641,1.1419733942128313e-27,1.0,0.01138789520944339,0.0,0.0,1043,260.75,rule_based
15.954984664916992,620.0628662109375,86.90499877929688,3.988269567489624,0.0,400.0,-0.7071067811865477,0.7071067811865474,0.6021919217886391,1.5757447331106718e-27,1.0,0.25048561263072555,0.0,0.0,1044,261.0,rule_based
15.03342342376709,578.20703125,85.37364959716797,3.9437096118927,0.0,400.0,-0.6593458151000687,0.7518398074789775,0.999863970384202,7.442468580002323e-26,1.0,0.019514711064753727,0.0,0.0,1045,261.25,rule_based
15.716118812561035,568.8777465820312,82.83753967285156,3.8686556816101074,0.0,400.0,-0.608761429008721,0.7933533402912349,0.9317981220968065,1.7574832212134013e-25,1.0,0.00018618729869412272,0.0,0.0,1046,261.5,rule_based
16.52423095703125,572.7163696289062,81.58717346191406,3.7936017513275146,0.0,400.0,-0.555570233019603,0.8314696123025447,0.00793623539518333,1.2340851937495178e-25,1.0,1.8609396865713674e-05,0.0,0.0,1047,261.75,rule_based
16.62455177307129,577.9676513671875,83.37976837158203,3.7183008193969727,0.0,400.0,-0.5000000000000004,0.8660254037844384,0.0031653065932482653,7.608423256476057e-26,1.0,0.0005053511743825459,0.0,0.0,1048,262.0,rule_based
16.264795303344727,582.0189819335938,85.87870025634766,3.6623291969299316,0.0,400.0,-0.4422886902190014,0.8968727415326883,0.08025772733978494,5.2388980211086e-26,1.0,0.04803788568944127,0.0,0.0,1049,262.25,rule_based
15.542963981628418,567.576171875,87.02429962158203,3.612293243408203,0.0,400.0,-0.38268343236508956,0.9238795325112868,0.9853630181948888,1.981307318906838e-25,1.0,0.29395056223954197,0.0,0.0,1050,262.5,rule_based
14.859125137329102,536.0903930664062,84.17335510253906,3.5622572898864746,0.0,400.0,-0.32143946530316186,0.9469301294951056,0.9999726796112363,3.600675288502882e-24,1.0,0.002176390864207597,0.0,0.0,1051,262.75,rule_based
15.885249137878418,535.7144165039062,81.38603973388672,3.5119316577911377,0.0,400.0,-0.25881904510252157,0.9659258262890681,0.742096461882679,3.727540568539604e-24,1.0,1.2847732175001001e-05,0.0,0.0,1052,263.0,rule_based
16.57592010498047,541.90625,81.10138702392578,3.481092691421509,0.0,400.0,-0.19509032201612872,0.9807852804032303,0.004945043643527462,2.1074174286620467e-24,1.0,7.605186214960088e-06,0.0,0.0,1053,263.25,rule_based
16.5666561126709,547.1871337890625,83.31359100341797,3.4560747146606445,0.0,400.0,-0.13052619222005168,0.9914448613738104,0.005383126512214575,1.2957338139070027e-24,1.0,0.00044738626183360176,0.0,0.0,1054,263.5,rule_based
16.16672134399414,551.4429931640625,85.85884094238281,3.4310567378997803,0.0,400.0,-0.0654031292301428,0.9978589232386035,0.17718082971262272,8.75547283959522e-25,1.0,0.04639144662808174,0.0,0.0,1055,263.75,rule_based
15.489749908447266,540.9339599609375,86.83057403564453,3.4062676429748535,0.0,400.0,0.0,1.0,0.9999999999999909,0.9999999956613117,1.0,9.099165865222858e-11,0.0,0.0,1056,264.0,rule_based
15.804130554199219,942.5221557617188,84.97098541259766,3.34306263923645,0.0,400.0,0.06540312923014306,0.9978589232386035,0.9999999999998355,1.991189367326533e-08,1.0,1.6463470586813855e-09,1.0,1.0,1057,264.25,rule_based
17.120738983154297,896.8197631835938,88.14373016357422,3.2680087089538574,0.0,400.0,0.13052619222005157,0.9914448613738104,0.9999999695942183,1.3403257129528163e-06,1.0,0.00030396540155619434,1.0,1.0,1058,264.5,rule_based
18.28414535522461,861.2122802734375,88.23820495605469,3.1929547786712646,0.0,400.0,0.19509032201612825,0.9807852804032304,0.9986323106146292,3.560371087945562e-05,1.0,0.7957306593976224,1.0,1.0,1059,264.75,rule_based
16.67820930480957,695.42333984375,87.70482635498047,3.116457223892212,0.0,400.0,0.25881904510252074,0.9659258262890683,0.9999999994837789,0.9934823069619927,1.0,5.162183062790149e-06,1.0,1.0,1060,265.0,rule_based
18.576156616210938,1050.0389404296875,86.00320434570312,3.119050979614258,0.0,400.0,0.3214394653031616,0.9469301294951057,0.9802324385559777,9.964259178009396e-13,1.0,0.05968108529940378,1.0,1.0,1061,265.25,rule_based
19.10635757446289,929.402099609375,86.44432830810547,3.144068956375122,0.0,400.0,0.3826834323650898,0.9238795325112867,0.2729715646072711,6.666741596522141e-08,1.0,0.12514011400239575,1.0,1.0,1062,265.5,rule_based
18.619199752807617,794.7266235351562,87.88284301757812,3.1690869331359863,0.0,400.0,0.44228869021900125,0.8968727415326884,0.97089462187742,0.01599309994132656,1.0,0.6693448694241845,1.0,1.0,1063,265.75,rule_based
17.17938804626465,660.1055297851562,87.29188537597656,3.1946096420288086,0.0,400.0,0.49999999999999994,0.8660254037844387,0.9999999478145126,0.9997464216900432,1.0,0.0005215827107313276,1.0,1.0,1064,266.0,rule_based
19.054349899291992,1022.6410522460938,85.7820053100586,3.200000047683716,0.0,400.0,0.5555702330196022,0.8314696123025452,0.37740249162858147,1.2426777477012166e-11,1.0,0.040517381905057895,1.0,1.0,1065,266.25,rule_based
19.362274169921875,921.7937622070312,87.54630279541016,3.200000047683716,0.0,400.0,0.6087614290087207,0.7933533402912352,0.034334279661430496,1.343535010545772e-07,1.0,0.5213086941856513,1.0,1.0,1066,266.5,rule_based
17.213680267333984,744.2706909179688,89.22364807128906,3.200000047683716,0.0,400.0,0.6593458151000688,0.7518398074789774,0.9999999284311474,0.6289443310377858,1.0,0.0007151767340545234,1.0,1.0,1067,266.75,rule_based
18.554025650024414,949.8860473632812,87.67745208740234,3.200000047683716,0.0,400.0,0.7071067811865476,0.7071067811865476,0.9838185121809273,1.0105515434280559e-08,1.0,0.5810013043017981,1.0,1.0,1068,267.0,rule_based
17.21863555908203,765.6210327148438,87.36322784423828,3.238389730453491,0.0,400.0,0.7518398074789774,0.6593458151000688,0.9999999250900026,0.19173907215772307,1.0,0.0007485393011628094,1.0,1.0,1069,267.25,rule_based
19.016565322875977,795.0552368164062,86.2431411743164,3.2884256839752197,0.0,400.0,0.7933533402912352,0.6087614290087207,0.46193288430790574,0.015523765359592472,1.0,0.0898716698205603,1.0,1.0,1070,267.5,rule_based
18.948497772216797,710.8016357421875,87.7759780883789,3.3384616374969482,0.0,400.0,0.8314696123025451,0.5555702330196024,0.616413970001751,0.9736683600962249,1.0,0.6244243527946486,1.0,1.0,1071,267.75,rule_based
17.35287857055664,944.7579956054688,87.6005859375,3.389601707458496,0.0,400.0,0.8660254037844386,0.5000000000000001,0.999999742060781,1.620616509036569e-08,1.0,0.0025727567040796373,1.0,1.0,1072,268.0,rule_based
18.996156692504883,878.7000732421875,86.44026947021484,3.4000000953674316,0.0,400.0,0.8968727415326884,0.44228869021900125,0.5088482441097405,7.1120179255335015e-06,1.0,0.1243255476129012,1.0,0.9989707529239841,1073,268.25,rule_based
18.62261199951172,758.941650390625,87.71514892578125,3.4000000953674316,0.0,400.0,0.9238795325112867,0.38268343236508984,0.969993538784619,0.30500955404139235,1.0,0.5978038602785171,1.0,0.9475743169356657,1074,268.5,rule_based
17.362192153930664,739.218505859375,86.78863525390625,3.4000000953674316,0.0,400.0,0.9469301294951056,0.3214394653031617,0.9999997189598969,0.729681988129385,0.9999999999999982,0.0028025255979822195,1.0,0.5422339679779761,1075,268.75,rule_based
19.236488342285156,982.7966918945312,85.35824584960938,3.4000000953674316,0.0,400.0,0.9659258262890683,0.25881904510252074,0.101730832962224,4.87677919991275e-10,0.9999999986962478,0.0189791251498799,1.0,0.07202880067560047,1076,269.0,rule_based
19.70060920715332,903.6998901367188,87.60770416259766,3.4966931343078613,1.0743669271469116,400.0,0.9807852804032304,0.19509032201612833,0.00157355509047965,7.112226579672169e-07,0.9996930990348769,0.5494380669823714,1.0,0.003875708453212501,1077,269.25,rule_based
17.644609451293945,722.310546875,89.34909057617188,3.6217827796936035,2.464254379272461,400.0,0.9914448613738104,0.1305261922200517,0.9999962117653398,0.9275932148642173,0.9990293352584398,0.036499787278376106,1.0,0.0,1078,269.5,rule_based
18.48670768737793,1008.7416381835938,87.60231018066406,3.746872663497925,3.8541417121887207,400.0,0.9978589232386035,0.06540312923014327,0.991229941553683,4.470297489393919e-11,0.9969343890092073,0.5469793565448141,1.0,0.0,1079,269.75,rule_based
17.652301788330078,793.7573852539062,86.47770690917969,3.871962547302246,5.222817897796631,400.0,1.0,6.123233995736766e-17,0.9999959336347777,0.01746046285889191,0.9903616270815045,0.03907488363719014,1.0,0.0,1080,270.0,rule_based
18.913917541503906,710.3800048828125,85.78150939941406,3.9970524311065674,10.40817928314209,400.0,0.9978589232386035,-0.06540312923014314,0.6884411916649964,0.9746460238625595,0.9701190495631592,0.04048136051218119,1.0,0.0,1081,270.25,rule_based
19.178150177001953,993.5618896484375,86.21363830566406,4.122142314910889,16.66267204284668,400.0,0.9914448613738104,-0.1305261922200516,0.16235291378652944,1.809360653081301e-10,0.9111758558596461,0.08552305098629452,1.0,0.0,1082,270.5,rule_based
17.193603515625,755.3490600585938,87.05998992919922,4.247232437133789,22.917165756225586,400.0,0.9807852804032304,-0.1950903220161282,0.9999999405138336,0.37926678338138,0.7629233046049548,0.0005945080503467759,1.0,0.0,1083,270.75,rule_based
17.923736572265625,861.3607177734375,86.55352783203125,4.373102188110352,29.1236629486084,400.0,0.9659258262890683,-0.25881904510252063,0.9999504632094467,3.512009237438805e-05,0.5945279527758536,0.14887171015967626,1.0,0.0,1084,271.0,rule_based
14.631362915039062,578.9457397460938,83.21188354492188,4.458446979522705,39.75557327270508,399.9999694824219,0.9469301294951057,-0.3214394653031616,1.0,0.9999998561759802,0.4234671602890513,3.352873534367973e-14,1.0,0.0,1085,271.25,rule_based
17.487255096435547,937.6728515625,83.36273193359375,4.533501148223877,51.56961441040039,400.0,0.9238795325112868,-0.3826834323650895,0.9999991107602486,3.112324271021196e-08,0.2689751483432738,0.0004897488387855766,1.0,0.0,1086,271.5,rule_based
18.9137020111084,893.6348876953125,84.50835418701172,4.608554840087891,63.3836555480957,400.0,0.8968727415326884,-0.44228869021900113,0.688868710305192,1.797234913322602e-06,0.15596752260687163,0.004026560770744431,1.0,0.0,1087,271.75,rule_based
19.596601486206055,836.242919921875,85.58930969238281,4.68333101272583,75.36457824707031,400.0,0.8660254037844387,-0.4999999999999998,0.004090838674212786,0.0003549191814578125,0.07159290894365296,0.028758942198944457,1.0,0.0,1088,272.0,rule_based
18.478160858154297,718.4879760742188,87.30175018310547,4.778217315673828,80.49365234375,400.0,0.8314696123025451,-0.5555702330196023,0.9918883914791369,0.9479630249398918,0.02976600061729596,0.40970259135069764,1.0,0.0,1089,272.25,rule_based
11.234403610229492,562.6041870117188,76.12818908691406,4.878289222717285,83.96836853027344,400.0,0.7933533402912352,-0.6087614290087207,1.0,0.9999999680722974,0.012058345716466102,0.0,1.0,0.0,1090,272.5,rule_based
16.571237564086914,917.5711669921875,80.9222183227539,4.978361129760742,87.44308471679688,400.0,0.7518398074789774,-0.6593458151000688,0.999999999807268,1.9822278163558895e-07,0.004832424624391707,1.9273160196675576e-06,1.0,0.0,1091,272.75,rule_based
18.67755699157715,870.7559814453125,83.8961410522461,5.078432559967041,90.86691284179688,400.0,0.7071067811865476,-0.7071067811865475,0.9511913581553466,1.4782741616463485e-05,0.001928160184809205,0.0013071996096659414,1.0,0.0,1092,273.0,rule_based
19.894315719604492,816.593505859375,84.97225189208984,5.178504467010498,100.93457794189453,399.9999694824219,0.659345815100069,-0.7518398074789773,0.0002646192189654251,0.002164308072712473,0.000767997984122915,0.009412267789720777,1.0,0.0,1093,273.25,rule_based
19.879030227661133,738.5209350585938,87.09944152832031,5.278576374053955,112.74861907958984,400.0,0.6087614290087209,-0.793353340291235,0.0003046101931356963,0.7421665525541067,0.0003056844910025437,0.3234721709197913,1.0,0.0,1094,273.5,rule_based
12.126256942749023,548.6961669921875,77.8311996459961,5.378648281097412,124.56266784667969,400.0,0.5555702330196025,-0.831469612302545,1.0,0.9999999911315921,0.00012198385045864082,0.0,1.0,0.0,1095,273.75,rule_based
17.270275115966797,895.9590454101562,82.72250366210938,5.4784111976623535,136.291015625,400.0,0.49999999999999994,-0.8660254037844387,0.9999998794676696,1.4509056484651042e-06,4.036651806763141e-05,0.0001506383699192296,1.0,0.0,1096,274.0,rule_based
19.70372200012207,836.829833984375,85.02069091796875,5.598490238189697,154.75677490234375,400.0,0.4422886902190017,-0.8968727415326881,0.0015291412302952086,0.0003362499030480965,1.275480513618055e-05,0.010281755825300325,1.0,0.0,1097,274.25,rule_based
20.190595626831055,738.5936889648438,87.35647583007812,5.723580360412598,174.91014099121094,400.0,0.3826834323650899,-0.9238795325112867,1.7282609908588113e-05,0.7408824645080179,4.030121722997575e-06,0.434284812797572,1.0,0.0,1098,274.5,rule_based
11.148065567016602,489.5973205566406,71.1167221069336,5.84867000579834,195.06350708007812,400.0,0.32143946530316175,-0.9469301294951056,1.0,0.9999999999616389,1.2772263264369024e-06,0.0,1.0,0.0,1099,274.75,rule_based
17.69105339050293,826.0822143554688,81.05752563476562,5.973433017730713,215.4571533203125,400.0,0.258819045102521,-0.9659258262890682,0.9999941894944994,0.0009043158284149461,3.353675684824185e-07,7.014764500520606e-06,1.0,0.0,1100,275.0,rule_based
20.616308212280273,755.6875,84.79035949707031,6.118619918823242,226.034423828125,400.0,0.19509032201612816,-0.9807852804032304,3.425853091769073e-07,0.37195578673722857,8.415691887550672e-08,0.0067506925750095426,1.0,0.0,1101,275.25,rule_based
21.546323776245117,803.8512573242188,87.25444793701172,6.2687273025512695,234.37374877929688,400.0,0.130526192220052,-0.9914448613738104,6.526814539385898e-11,0.006964890241868441,2.1118278353359938e-08,0.38880539830458943,1.0,0.0,1102,275.5,rule_based
12.361028671264648,410.1341857910156,70.6521987915039,6.418835163116455,242.71307373046875,400.0,0.06540312923014312,-0.9978589232386035,1.0,0.9999999999999745,5.086228288602606e-09,0.0,1.0,0.0,1103,275.75,rule_based
18.93451499938965,747.5654296875,81.38143157958984,6.573400974273682,251.0170135498047,400.0,1.2246467991473532e-16,-1.0,0.6463733435050577,0.5558239087155511,5.7376588282504516e-09,1.2739090200637154e-05,1.0,0.0,1104,276.0,rule_based
21.869903564453125,890.5645751953125,85.28684997558594,6.56031608581543,261.59637451171875,400.0,-0.06540312923014287,-0.9978589232386035,3.3142617643284503e-12,2.384613499481755e-06,9.096587486925685e-09,0.016679051282245883,1.0,0.0,1105,276.25,rule_based
22.131145477294922,744.861083984375,87.72882843017578,6.510280609130859,272.7154846191406,400.0,-0.13052619222005177,-0.9914448613738104,2.988232460833648e-13,0.6161676835606625,1.4421893357826479e-08,0.6038458389153267,1.0,0.0,1106,276.5,rule_based
11.463814735412598,455.45697021484375,67.08294677734375,6.460244655609131,283.8345642089844,400.0,-0.19509032201612792,-0.9807852804032305,1.0,0.9999999999983469,2.27268060997423e-08,0.0,1.0,0.0,1107,276.75,rule_based
19.27973175048828,785.4249877929688,78.86429595947266,6.410865306854248,295.2942810058594,400.0,-0.2588190451025208,-0.9659258262890683,0.07067162532180793,0.0368711333010841,6.28455592491396e-08,1.234351132929941e-07,1.0,0.0,1108,277.0,rule_based
21.724117279052734,722.18994140625,86.6783447265625,6.300431251525879,273.4363708496094,400.0,-0.32143946530316153,-0.9469301294951057,1.269197936434925e-11,0.9283356123747823,1.9889963668097973e-07,0.18041419876380255,1.0,0.0,1109,277.25,rule_based
15.52481460571289,649.051513671875,82.85509490966797,6.175341606140137,243.55380249023438,400.0,-0.38268343236508967,-0.9238795325112868,0.9999999999999873,0.9999083732624063,6.294964082111027e-07,1.256779125213825e-10,1.0,0.0,1110,277.5,rule_based
19.69584083557129,979.2479858398438,85.13839721679688,6.050251483917236,213.6712188720703,400.0,-0.44228869021900147,-0.8968727415326883,0.0016440730873809918,6.76209094614771e-10,2.0235796470890036e-06,0.012739346341190227,1.0,0.0,1111,277.75,rule_based
20.12625503540039,858.9004516601562,88.65108489990234,5.923469543457031,183.402099609375,400.0,-0.4999999999999997,-0.8660254037844388,3.125855466858623e-05,4.4051528636070616e-05,3.6298058683077716e-06,0.8928673146296207,1.0,0.0,1112,278.0,rule_based
9.585512161254883,399.4425048828125,71.94876098632812,5.8600287437438965,167.78497314453125,400.0,-0.555570233019602,-0.8314696123025455,1.0,0.9999999999999905,5.7547472893616255e-06,0.0,1.0,0.0,1113,278.25,rule_based
16.1365909576416,750.7535400390625,82.30155181884766,5.809992790222168,155.27598571777344,400.0,-0.6087614290087207,-0.7933533402912352,0.9999999999964815,0.4826568940651142,9.123649134161148e-06,3.518538738145338e-08,1.0,0.0,1114,278.5,rule_based
18.707426071166992,888.1085815429688,86.1491928100586,5.7599568367004395,142.76699829101562,400.0,-0.6593458151000688,-0.7518398074789774,0.9367139100541714,2.9898899490853206e-06,1.4344931206840884e-05,0.076684371317417,1.0,0.0,1115,278.75,rule_based
16.983797073364258,641.6011962890625,85.52322387695312,5.710824012756348,130.29864501953125,400.0,-0.7071067811865471,-0.7071067811865479,0.9999999913863694,0.9999538654097936,5.775442562675892e-05,8.612888722892009e-05,1.0,0.0,1116,279.0,rule_based
19.33740997314453,988.025146484375,85.25736999511719,5.559597492218018,115.5204086303711,400.0,-0.7518398074789773,-0.6593458151000691,0.04279246157717203,3.012969413401486e-10,0.00028972618153079156,0.015811570467653257,1.0,0.0,1117,279.25,rule_based
18.97075843811035,870.305908203125,87.5573501586914,5.384471416473389,100.23165130615234,400.0,-0.7933533402912349,-0.6087614290087209,0.5669291320145057,1.5408383019818524e-05,0.0014520639410791597,0.5263860623409768,1.0,0.0,1118,279.5,rule_based
10.225895881652832,414.7917175292969,76.5516586303711,5.209345817565918,84.94288635253906,400.0,-0.8314696123025452,-0.5555702330196022,1.0,0.9999999999999609,0.0072437373177608455,0.0,1.0,0.0,1119,279.75,rule_based
15.54183578491211,777.9741821289062,82.03618621826172,5.034220218658447,69.64225769042969,400.0,-0.8660254037844385,-0.5000000000000004,0.9999999999999853,0.0706650899719105,0.03531889163834141,1.470084054489007e-10,1.0,0.0,1120,280.0,rule_based
17.324607849121094,770.7880249023438,85.02820587158203,4.859094142913818,54.92451477050781,400.0,-0.8968727415326883,-0.44228869021900136,0.9999998011940456,0.12845916585369357,0.15519659338853317,0.001984115397680397,1.0,0.0,1121,280.25,rule_based
17.987224578857422,781.5362548828125,85.85012817382812,4.683968544006348,40.33069610595703,400.0,-0.9238795325112868,-0.3826834323650895,0.999911107970683,0.05192690991804965,0.4796505016220741,0.04568662098499412,1.0,0.0,1122,280.5,rule_based
16.648284912109375,667.3504028320312,85.34130859375,4.508842468261719,25.736879348754883,400.0,-0.9469301294951056,-0.3214394653031618,0.9999999996081341,0.9995059148276018,0.8282111552138213,3.918643018185897e-06,1.0,0.0,1123,280.75,rule_based
18.191450119018555,1033.78759765625,84.45681762695312,4.329213619232178,10.767788887023926,400.0,-0.9659258262890683,-0.25881904510252063,0.9994171667107709,4.451406570222366e-12,0.8837189388761333,0.0036631968518858566,1.0,0.0,1124,281.0,rule_based
18.96234130859375,984.7828979492188,84.83975982666016,4.27979850769043,6.649892330169678,400.0,-0.9807852804032303,-0.19509032201612866,0.5858531175879793,4.0614970816899016e-10,0.9694071524153324,0.007388947222932198,1.0,0.01017836359434754,1125,281.25,rule_based
20.100370407104492,933.0696411132812,85.7558822631836,4.2547807693481445,4.565061092376709,400.0,-0.9914448613738104,-0.13052619222005163,3.967361062990215e-05,4.755691737597214e-08,0.9999999515301677,0.03868712724279988,1.0,0.13238423552827305,1126,281.5,rule_based
20.147228240966797,842.3372192382812,88.38505554199219,4.229762554168701,2.4802300930023193,400.0,-0.9978589232386035,-0.06540312923014273,2.576759477407816e-05,0.00020249967630068353,0.999999999999865,0.8362140675753585,1.0,0.6985950784514678,1127,281.75,rule_based
17.56525230407715,682.785888671875,89.90444946289062,4.205514907836914,0.3220768868923187,400.0,-1.0,-1.8369701987210297e-16,0.9999981760572186,0.9979556898621572,1.0,0.017912742314196595,0.0,0.0,1128,282.0,rule_based
17.994749069213867,1065.04833984375,83.26143646240234,3.895902156829834,0.0,400.0,-0.9978589232386036,0.06540312923014237,0.9130098208246122,2.500729966938734e-21,1.0,0.0004064168135042839,0.0,0.0,1129,282.25,rule_based
18.414592742919922,1059.6790771484375,80.88056182861328,3.520632743835449,0.0,400.0,-0.9914448613738105,0.13052619222005127,0.00021955148711294678,4.100499820580942e-29,1.0,5.063481601857369e-06,0.0,0.0,1130,282.5,rule_based
18.096508026123047,1069.0491943359375,82.2332992553711,3.1453630924224854,0.0,400.0,-0.9807852804032304,0.1950903220161283,4.111149456415696e-06,1.7299503821449674e-37,0.9999999999999976,6.117985681375358e-05,0.0,0.0,1131,282.75,rule_based
17.343536376953125,1077.739990234375,84.53374481201172,2.7565693855285645,0.0,400.0,-0.9659258262890684,0.2588190451025203,4.225222240486184e-06,7.769624830860355e-46,0.9999999999999977,0.004218486385673114,0.0,0.0,1132,283.0,rule_based
16.64166831970215,1075.45556640625,86.01676177978516,2.9034507274627686,0.0,400.0,-0.9469301294951057,0.3214394653031615,0.00270489913787316,9.589057050770968e-46,1.0,0.06109814035331279,0.0,0.0,1133,283.25,rule_based
15.713275909423828,992.5903930664062,86.71073913574219,3.153630495071411,0.0,400.0,-0.923879532511287,0.38268343236508917,0.9334433986641898,1.9787219903087134e-42,1.0,0.18940763306934943,0.0,0.0,1134,283.5,rule_based
15.201431274414062,872.556396484375,84.2878189086914,3.4038102626800537,0.0,400.0,-0.8968727415326884,0.442288690219001,0.9993610808244324,1.2524087198255891e-37,1.0,0.002685903079926673,0.0,0.0,1135,283.75,rule_based
16.20162010192871,851.5120239257812,81.49310302734375,3.663219451904297,0.0,400.0,-0.8660254037844386,0.5000000000000001,0.1350533202288664,8.699971838747348e-37,1.0,1.5648446933325184e-05,0.0,0.0,1136,284.0,rule_based
16.513896942138672,853.728515625,82.79060363769531,3.6795830726623535,0.0,400.0,-0.8314696123025455,0.5555702330196018,0.008721887888402216,7.093461417925146e-37,1.0,0.00017077026139248068,0.0,0.0,1137,284.25,rule_based
16.27978515625,855.5025634765625,85.29569244384766,3.6545650959014893,0.0,400.0,-0.7933533402912357,0.6087614290087199,0.07063945214453914,6.024152332798469e-37,1.0,0.016948611173573533,0.0,0.0,1138,284.5,rule_based
15.812149047851562,834.043701171875,86.91967010498047,3.629547119140625,0.0,400.0,-0.7518398074789772,0.6593458151000691,0.849434570126572,4.347622036801077e-36,1.0,0.2555911549403439,0.0,0.0,1139,284.75,rule_based
15.035225868225098,741.0695190429688,85.25971221923828,3.605095386505127,0.0,400.0,-0.7071067811865477,0.7071067811865474,0.9998616937995768,2.2762345337785086e-32,1.0,0.0158789291004961,0.0,0.0,1140,285.0,rule_based
15.883934020996094,716.96728515625,82.2025375366211,3.5180444717407227,0.0,400.0,-0.6593458151000687,0.7518398074789775,0.7444077055405478,2.0956025381167037e-31,1.0,5.781056517719033e-05,0.0,0.0,1141,285.25,rule_based
16.586946487426758,717.7899780273438,81.53179931640625,3.4179725646972656,0.0,400.0,-0.608761429008721,0.7933533402912349,0.0044696100201658704,1.9426776963040013e-31,1.0,1.680468043397731e-05,0.0,0.0,1142,285.5,rule_based
16.604429244995117,721.9879760742188,83.58356475830078,3.3179008960723877,0.0,400.0,-0.555570233019603,0.8314696123025447,0.003807354798753303,1.3197215592496546e-31,1.0,0.0007354056992234236,0.0,0.0,1143,285.75,rule_based
16.230571746826172,724.8638305664062,86.06563568115234,3.2139716148376465,0.0,400.0,-0.5000000000000004,0.8660254037844384,0.10681964371169667,1.0126192337886017e-31,1.0,0.06647080807033928,0.0,0.0,1144,286.0,rule_based
15.459821701049805,688.9097900390625,87.21730041503906,3.3028037548065186,0.0,400.0,-0.4422886902190014,0.8968727415326883,0.9931404076295518,2.7772150566737943e-30,1.0,0.37267669570821627,0.0,0.0,1145,286.25,rule_based
14.76549243927002,625.4876708984375,84.74254608154297,3.42789363861084,0.0,400.0,-0.38268343236508956,0.9238795325112868,0.9999884664202027,9.560752381398998e-28,1.0,0.0061850614621391424,0.0,0.0,1146,286.5,rule_based
15.851531982421875,616.7784423828125,81.50748443603516,3.552983522415161,0.0,400.0,-0.32143946530316186,0.9469301294951056,0.7969659924412869,2.1323666470410376e-27,1.0,1.60686656127956e-05,0.0,0.0,1147,286.75,rule_based
16.619218826293945,621.3178100585938,81.0138168334961,3.682994842529297,0.0,400.0,-0.25881904510252157,0.9659258262890681,0.0033241267735097313,1.4037424540698198e-27,1.0,6.472089895008826e-06,0.0,0.0,1148,287.0,rule_based
16.65472984313965,625.7669067382812,83.23442077636719,3.700000047683716,0.0,400.0,-0.19509032201612872,0.9807852804032303,0.0023990389275100263,9.318026389246647e-28,1.0,0.00038669458952813517,0.0,0.0,1149,287.25,rule_based
16.264902114868164,628.9693603515625,85.91043090820312,3.700000047683716,0.0,400.0,-0.13052619222005168,0.9914448613738104,0.08018493583867352,6.93788825084874e-28,1.0,0.05078237776293995,0.0,0.0,1150,287.5,rule_based
15.536373138427734,607.927001953125,87.29489135742188,3.700000047683716,0.0,400.0,-0.0654031292301428,0.9978589232386035,0.9862131514864871,4.818580331645845e-27,1.0,0.4066510326489362,0.0,0.0,1151,287.75,rule_based
14.763309478759766,563.4970703125,84.99134826660156,3.700000047683716,0.0,400.0,0.0,1.0,1.0,0.9999999653357453,1.0,1.1302070390684094e-13,0.0,0.0,1152,288.0,rule_based
15.849348068237305,961.4226684570312,81.68425750732422,3.47225022315979,0.0,400.0,0.06540312923014306,0.9978589232386035,0.9999999999997504,3.4921650953084665e-09,1.0,2.496849837996251e-09,1.0,1.0,1153,288.25,rule_based
17.318910598754883,916.552001953125,87.02892303466797,3.197052478790283,0.0,400.0,0.13052619222005157,0.9914448613738104,0.99999981135638,2.177304859834755e-07,1.0,0.001882884613561675,1.0,1.0,1154,288.5,rule_based
18.588951110839844,879.635498046875,87.54449462890625,2.9218547344207764,0.0,400.0,0.19509032201612825,0.9807852804032304,0.9778148763224898,6.524941217952376e-06,1.0,0.520479855857363,1.0,1.0,1155,288.75,rule_based
17.20249366760254,717.4934692382812,87.5730972290039,2.635408401489258,0.0,400.0,0.25881904510252074,0.9659258262890683,0.9999999354387639,0.9523007329597898,1.0,0.0006451958566784377,1.0,1.0,1156,289.0,rule_based
18.91578483581543,1054.6146240234375,85.87046813964844,2.5999999046325684,0.0,400.0,0.3214394653031616,0.9469301294951057,0.6847401615628813,6.537580465128896e-13,1.0,0.04734822283972457,1.0,1.0,1157,289.25,rule_based
19.165470123291016,941.6776123046875,86.90291595458984,2.5999999046325684,0.0,400.0,0.3826834323650898,0.9238795325112867,0.1788673868068474,2.1522608466355725e-08,1.0,0.2497642883529716,1.0,1.0,1158,289.5,rule_based
17.631452560424805,774.962646484375,88.44074249267578,2.5999999046325684,0.0,400.0,0.44228869021900125,0.8968727415326884,0.9999966441134459,0.0911938616968912,1.0,0.032469340280420256,1.0,1.0,1159,289.75,rule_based
18.2429141998291,735.6995849609375,87.30575561523438,2.5999999046325684,0.0,400.0,0.49999999999999994,0.8660254037844387,0.9990640633481996,0.7887013512290952,1.0,0.41149179255755625,1.0,1.0,1160,290.0,rule_based
17.193450927734375,902.01025390625,86.64317321777344,2.766786575317383,0.0,400.0,0.5555702330196022,0.8314696123025452,0.9999999405978186,8.309784521058181e-07,1.0,0.0005936691972903141,1.0,1.0,1161,290.25,rule_based
18.926116943359375,842.7811889648438,85.6169204711914,2.9669301509857178,0.0,400.0,0.6087614290087207,0.7933533402912352,0.6638490241359145,0.0001943878173549815,1.0,0.03021443883252057,1.0,1.0,1162,290.5,rule_based
19.514074325561523,775.9677124023438,86.93334197998047,3.167073965072632,0.0,400.0,0.6593458151000688,0.7518398074789774,0.008707676455425932,0.08380664427632112,1.0,0.26041301615068635,1.0,1.0,1163,290.75,rule_based
18.088850021362305,689.1368408203125,88.9286117553711,3.3756866455078125,0.0,400.0,0.7071067811865476,0.7071067811865476,0.9997733783411517,0.9963366426453377,1.0,0.6938835120448044,1.0,1.0,1164,291.0,rule_based
16.913667678833008,937.6260986328125,87.39849853515625,3.3372395038604736,0.0,400.0,0.7518398074789774,0.6593458151000688,0.9999999954848637,3.125764666271222e-08,1.0,4.514932327304155e-05,1.0,1.0,1165,291.25,rule_based
18.761857986450195,875.5087280273438,86.1568832397461,3.262185573577881,0.0,400.0,0.7933533402912352,0.6087614290087207,0.8996530551494121,9.54218709010484e-06,1.0,0.07769407376975297,1.0,1.0,1166,291.5,rule_based
18.96605682373047,772.4026489257812,86.87995147705078,3.187131643295288,0.0,400.0,0.8314696123025451,0.5555702330196024,0.5775267410901582,0.11270948859239605,1.0,0.24192075470488678,1.0,1.0,1167,291.75,rule_based
18.0440616607666,695.3698120117188,87.3424072265625,3.114424467086792,0.0,400.0,0.8660254037844386,0.5000000000000001,0.9998499688180288,0.9935141594862403,1.0,0.42793241342388083,1.0,1.0,1168,292.0,rule_based
17.245223999023438,945.6053466796875,86.03752136230469,2.7011501789093018,0.0,400.0,0.8968727415326884,0.44228869021900125,0.9999999043032004,1.4989511592062802e-08,1.0,0.0009560531738079803,1.0,0.9974734285875168,1169,292.25,rule_based
18.964313507080078,881.349853515625,85.22464752197266,2.22580885887146,0.0,400.0,0.9238795325112867,0.38268343236508984,0.5814398388130394,5.571908455065625e-06,1.0,0.014900398761974885,1.0,0.9370313108505712,1170,292.5,rule_based
19.42317008972168,822.7449340820312,86.7527847290039,1.750467300415039,0.0,400.0,0.9469301294951056,0.3214394653031617,0.019888249241476023,0.0012293320929946732,1.0,0.20158457657779763,1.0,0.4940271220362614,1171,292.75,rule_based
17.6894474029541,689.3756713867188,88.70079803466797,1.254378080368042,0.0,400.0000305175781,0.9659258262890683,0.25881904510252074,0.9999942748383325,0.9962554517901294,0.9999999999999996,0.054151656804609205,1.0,0.06020858260284312,1172,293.0,rule_based
18.287487030029297,998.2706298828125,86.80728149414062,1.789791464805603,4.680884838104248,400.0,0.9807852804032304,0.19509032201612833,0.9985896171238814,1.1726687012655792e-10,0.999999990855099,0.21822525099375206,1.0,0.0021173965250885773,1173,293.25,rule_based
18.14826011657715,814.3887329101562,86.38621520996094,2.4902946949005127,10.240434646606445,400.0,0.9914448613738104,0.1305261922200517,0.9996083782135264,0.0026503266062214005,0.9999942031851304,0.11388532424977295,1.0,0.0,1174,293.5,rule_based
18.943037033081055,700.6310424804688,85.73368072509766,3.190798044204712,15.799983978271484,400.0,0.9978589232386035,0.06540312923014327,0.6282358296633804,0.9895127106752388,0.9958554662747472,0.03719499331780375,1.0,0.0,1175,293.75,rule_based
19.989952087402344,1016.3152465820312,85.99388122558594,3.9048197269439697,21.284622192382812,400.0000305175781,1.0,6.123233995736766e-17,0.00010968395490804048,2.2253029332350347e-11,0.921565914690801,0.05872440896438787,1.0,0.0,1176,294.0,rule_based
18.248247146606445,811.0912475585938,88.40319061279297,4.232494831085205,31.02883529663086,400.0,0.9978589232386035,-0.06540312923014314,0.9990169761264064,0.0035874805823742743,0.4822952121945457,0.8407378297122801,1.0,0.0,1177,294.25,rule_based
9.376249313354492,408.870361328125,83.73889923095703,4.507692337036133,41.4529914855957,400.0,0.9914448613738104,-0.1305261922200516,1.0,0.9999999999999774,0.06878443845291618,0.0,1.0,0.0,1178,294.5,rule_based
15.25735092163086,773.0506591796875,81.51010131835938,4.7828898429870605,51.87714767456055,400.0,0.9807852804032304,-0.1950903220161282,0.9999999999999989,0.10687696372594183,0.005719520602699846,1.0700551555942184e-11,1.0,0.0,1179,294.75,rule_based
17.510129928588867,776.777099609375,84.19666290283203,5.060037136077881,62.16767120361328,400.0,0.9659258262890683,-0.25881904510252063,0.999998902210154,0.07825777756342657,0.0008336607224683712,0.0022716629867449182,1.0,0.0,1180,295.0,rule_based
18.844884872436523,757.4630126953125,85.09736633300781,5.269661903381348,79.79470825195312,400.0,0.9469301294951057,-0.3214394653031616,0.8066915933476662,0.33461977360053285,0.00013204412104272722,0.011822861829095473,1.0,0.0,1181,295.25,rule_based
19.32072639465332,804.3993530273438,85.58267211914062,5.469805717468262,98.55818939208984,400.0,0.9238795325112868,-0.3826834323650895,0.0495477493415405,0.006624282470079503,2.0902210458923794e-05,0.028419692263287045,1.0,0.0,1182,295.5,rule_based
18.65220069885254,676.0681762695312,87.16275787353516,5.669949531555176,117.32167053222656,400.0,0.8968727415326884,-0.44228869021900113,0.9609603842656722,0.9988978314285397,3.2691044935473182e-06,0.3495034228427591,1.0,0.0,1183,295.75,rule_based
12.151605606079102,552.2640380859375,82.71183013916016,5.871392250061035,136.11793518066406,400.0,0.8660254037844387,-0.4999999999999998,1.0,0.9999999876813969,7.749754505062941e-07,0.0,1.0,0.0,1184,296.0,rule_based
18.17654037475586,896.6068725585938,81.4148941040039,6.0276780128479,153.6664276123047,400.0,0.8314696123025451,-0.5555702330196023,0.9994919096385492,1.3668620551578424e-06,1.9447189807364657e-07,1.3548990979227016e-05,1.0,0.0,1185,296.25,rule_based
20.631696701049805,832.1698608398438,83.74673461914062,6.177785873413086,171.04002380371094,400.0,0.7933533402912352,-0.6087614290087207,2.973112577933822e-07,0.00051639384522933,4.880064609864915e-08,0.0009930156850079981,1.0,0.0,1186,296.5,rule_based
21.590131759643555,759.3281860351562,86.58726501464844,6.3278937339782715,188.41360473632812,400.0,0.7518398074789774,-0.6593458151000688,4.3598602589807886e-11,0.29751557360488967,1.2091346793045178e-08,0.15692115953088215,1.0,0.0,1187,296.75,rule_based
15.442033767700195,521.7821655273438,84.68582916259766,6.479381561279297,206.58575439453125,400.0,0.7071067811865476,-0.7071067811865475,0.9999999999999942,0.999999999256491,4.553813786916662e-09,5.863221019808407e-11,1.0,0.0,1188,297.0,rule_based
19.797212600708008,857.1964721679688,84.35804748535156,6.585406303405762,204.181640625,400.0,0.659345815100069,-0.7518398074789773,0.0006469454262622897,5.15371046022366e-05,1.8117059302263338e-09,0.003055685332121204,1.0,0.0,1189,297.25,rule_based
20.907669067382812,772.7738037109375,87.6714859008789,6.685478210449219,199.31703186035156,400.0,0.6087614290087209,-0.793353340291235,2.3405691538771478e-08,0.10933573745581342,7.207757114767881e-10,0.5783202668474847,1.0,0.0,1190,297.5,rule_based
10.983920097351074,409.0655212402344,80.0567855834961,6.785550117492676,194.4524383544922,400.0,0.5555702330196025,-0.831469612302545,1.0,0.9999999999999769,2.850071479701698e-10,0.0,1.0,0.0,1191,297.75,rule_based
17.651485443115234,754.4011840820312,83.0884017944336,6.88628625869751,189.36181640625,400.0,0.49999999999999994,-0.8660254037844387,0.9999959641284761,0.4000237755350714,1.3896926591344453e-10,0.0002955261419824978,1.0,0.0,1192,298.0,rule_based
20.623062133789062,841.6076049804688,85.3772201538086,6.964270114898682,216.85836791992188,400.0,0.4422886902190017,-0.8968727415326881,3.219214833096079e-07,0.00021657127339900925,6.961504228506291e-11,0.019640757585464266,1.0,0.0,1193,298.25,rule_based
20.937541961669922,689.73583984375,87.41522216796875,7.0393242835998535,249.52072143554688,400.0,0.3826834323650899,-0.9238795325112867,1.777582535050403e-08,0.9961296613606357,3.487284818216765e-11,0.4610371666411109,1.0,0.0,1194,298.5,rule_based
12.087786674499512,493.48541259765625,74.2995834350586,7.114377975463867,282.1830749511719,400.0,0.32143946530316175,-0.9469301294951056,1.0,0.9999999999451197,1.69115911549632e-11,0.0,1.0,0.0,1195,298.75,rule_based
19.93307876586914,816.14892578125,79.90553283691406,7.192954063415527,316.3780822753906,400.0,0.258819045102521,-0.9659258262890682,0.00018518503418576005,0.0022545703642934288,2.3548465747563517e-11,8.402879852531978e-07,1.0,0.0,1196,299.0,rule_based
22.43303871154785,725.989990234375,85.97270965576172,7.157009124755859,317.6531677246094,400.0,0.19509032201612816,-0.9807852804032304,1.8528714174273825e-14,0.9012685843581112,3.7334161194361485e-11,0.05660576703610105,1.0,0.0,1197,299.25,rule_based
19.518728256225586,771.0604248046875,86.28437805175781,7.106973171234131,315.5683288574219,400.0,0.130526192220052,-0.9914448613738104,0.008345450551521643,0.12567689873607094,5.919025073725589e-11,0.09628028259205565,1.0,0.0,1198,299.5,rule_based
16.958843231201172,513.2617797851562,83.08568572998047,7.056937217712402,313.4834899902344,400.0,0.06540312923014312,-0.9978589232386035,0.9999999931550378,0.999999999660788,9.316118488418597e-11,6.844493578594957e-05,1.0,0.0,1199,299.75,rule_based
21.181140899658203,829.8129272460938,84.9122314453125,7.007691383361816,311.4716491699219,400.0000305175781,1.2246467991473532e-16,-1.0,1.8855561800904024e-09,0.0006415109348651289,2.2134794032834308e-10,0.008435482642867767,1.0,0.0,1200,300.0,rule_based
21.836257934570312,702.4773559570312,87.88219451904297,6.913731098175049,299.12933349609375,400.0,-0.06540312923014287,-0.9978589232386035,4.518265406266731e-12,0.9875928182382414,5.563691590241593e-10,0.6690838606852225,1.0,0.0,1201,300.25,rule_based
10.589195251464844,464.0276184082031,71.89595031738281,6.813659191131592,285.2304382324219,400.0,-0.13052619222005177,-0.9914448613738104,1.0,0.99999999999636,1.3984618085766314e-09,0.0,1.0,0.0,1202,300.5,rule_based
18.349472045898438,794.052978515625,80.5639877319336,6.713587284088135,271.3315734863281,400.0,-0.19509032201612792,-0.9807852804032305,0.9975065356228322,0.016999424891324416,3.515103948222004e-09,2.826125783678294e-06,1.0,0.0,1203,300.75,rule_based
21.07440185546875,723.4954833984375,85.47712707519531,6.613515377044678,257.6611328125,400.0,-0.2588190451025208,-0.9659258262890683,5.0395558824951136e-09,0.9199123480685967,8.835390177590693e-09,0.023515950762700542,1.0,0.0,1204,301.0,rule_based
20.217741012573242,902.1864624023438,87.73387908935547,6.513443470001221,230.9110107421875,400.0,-0.32143946530316153,-0.9469301294951057,1.34596306715214e-05,8.176012677304595e-07,2.2208196432160824e-08,0.606073495714947,1.0,0.0,1205,301.25,rule_based
10.268768310546875,398.9633483886719,76.74388122558594,6.413371562957764,202.41831970214844,400.0,-0.38268343236508967,-0.9238795325112868,1.0,0.9999999999999909,5.5821414660069324e-08,0.0,1.0,0.0,1206,301.5,rule_based
16.843048095703125,746.2594604492188,82.57179260253906,6.313299655914307,173.92562866210938,400.0,-0.44228869021900147,-0.8968727415326883,0.9999999976438876,0.5852874188668795,1.4120117103314806e-07,2.3560569359037942e-05,1.0,0.0,1207,301.75,rule_based
18.836580276489258,916.4276733398438,85.79064178466797,6.212540626525879,144.72247314453125,400.0,-0.4999999999999997,-0.8660254037844388,0.8183415678381539,2.202380068221011e-07,2.887565643952939e-07,0.04114013391991837,1.0,0.0,1208,302.0,rule_based
17.47840118408203,685.4552001953125,85.73577117919922,6.134867191314697,133.8265838623047,400.0,-0.555570233019602,-0.8314696123025455,0.9999991803983875,0.99738740849192,5.764311120611922e-07,0.008129394142355806,1.0,0.0,1209,302.25,rule_based
18.893070220947266,983.2650756835938,84.837646484375,6.059813022613525,124.79231262207031,400.0,-0.6087614290087207,-0.7933533402912352,0.7280699175432441,4.670862799900468e-10,1.1507019153648829e-06,0.0073604066441820305,1.0,0.0,1210,302.5,rule_based
19.310861587524414,877.6024169921875,85.51333618164062,5.984759330749512,115.75804901123047,400.0,-0.6593458151000688,-0.7518398074789774,0.05400635146689284,7.868617200939127e-06,2.2779567252785206e-06,0.0250976357168858,1.0,0.0,1211,302.75,rule_based
17.998126983642578,715.5748901367188,86.8367919921875,5.910613536834717,106.87681579589844,400.0,-0.7071067811865471,-0.7071067811865479,0.9999017203379839,0.9597155611438635,6.849436211493076e-06,0.22764259773081083,1.0,0.0,1212,303.0,rule_based
12.032978057861328,576.0040893554688,79.59175872802734,5.791085720062256,89.21839141845703,400.0,-0.7518398074789773,-0.6593458151000691,1.0,0.9999998903108607,2.1677432335688086e-05,0.0,1.0,0.0,1213,303.25,rule_based
16.494552612304688,929.3443603515625,81.85391998291016,5.6659955978393555,70.45491027832031,400.0,-0.7933533402912349,-0.6087614290087209,0.9999999999048941,6.702299169777957e-08,6.860360097064252e-05,9.510594126682648e-07,1.0,0.0,1214,303.5,rule_based
17.73931884765625,883.2860717773438,84.21466827392578,5.540905952453613,51.691429138183594,400.0,-0.8314696123025452,-0.5555702330196022,0.9999909369807726,4.661818549966441e-06,0.0002296084000945497,0.0023480846603342277,1.0,0.0,1215,303.75,rule_based
17.94883155822754,829.4281616210938,84.9034194946289,5.409728050231934,32.50838088989258,400.0,-0.8660254037844385,-0.5000000000000004,0.9999375838456801,0.0006646364410375733,0.0002511255632614607,0.008300705031376412,1.0,0.0,1216,304.0,rule_based
17.76375389099121,757.7693481445312,84.72266387939453,5.400000095367432,24.484783172607422,400.0,-0.8968727415326883,-0.44228869021900136,0.999988649544826,0.328366443186231,0.0002511255632614607,0.005963915572443324,1.0,0.0,1217,304.25,rule_based
17.88175392150879,827.9478759765625,84.32764434814453,5.400000095367432,17.53534698486328,400.0,-0.9238795325112868,-0.3826834323650895,0.9999663489594643,0.0007616517060925817,0.0002511255632614607,0.002889737783577696,1.0,0.0,1218,304.5,rule_based
18.093647003173828,782.6705932617188,84.2824935913086,5.400000095367432,10.585909843444824,400.0,-0.9469301294951056,-0.3214394653031618,0.9997631442925017,0.04701780602413553,0.0002511255632614607,0.0026597153817076165,1.0,0.0,1219,304.75,rule_based
18.17845344543457,761.0191040039062,84.32437133789062,5.400000095367432,3.358469009399414,400.0,-0.9659258262890683,-0.25881904510252063,0.9994828868347161,0.26602253679375126,0.0005630955888047383,0.0028724757934148297,1.0,0.0,1220,305.0,rule_based
18.218843460083008,823.7740478515625,84.15450286865234,5.312293529510498,2.168703556060791,400.0,-0.9807852804032303,-0.19509032201612866,0.9992500260205283,0.0011182871837978516,0.013861508704019223,0.0021022798796399714,1.0,0.012126614565026173,1221,305.25,rule_based
18.264141082763672,784.2571411132812,84.11328125,5.212221622467041,1.4737598896026611,400.0,-0.9914448613738104,-0.13052619222005163,0.9988621927418806,0.04088702763741074,0.9999310486623142,0.0019488598739424508,1.0,0.1561524392631667,1222,305.5,rule_based
20.818387985229492,774.6710815429688,83.98924255371094,5.112149715423584,0.7788162231445312,400.0,-0.9978589232386035,-0.06540312923014273,5.3265696860650985e-08,0.09344407662622664,0.9999999999087623,0.0015513625952862623,1.0,0.7377851416315924,1223,305.75,rule_based
21.161592483520508,779.1906127929688,87.57423400878906,5.007166385650635,0.04976793751120567,400.0,-1.0,-1.8369701987210297e-16,2.257497993365499e-09,0.06365217442706252,0.9999999999955703,0.5341316238607392,0.0,0.0,1224,306.0,rule_based
18.278461456298828,697.0464477539062,84.55876159667969,5.065995693206787,0.0,400.0,-0.9978589232386036,0.06540312923014237,0.43483957387179,1.3126284603792222e-06,1.0,0.004416646389047451,0.0,0.0,1225,306.25,rule_based
18.42181968688965,688.2263793945312,82.4212417602539,5.141049385070801,0.0,400.0,-0.9914448613738105,0.13052619222005127,0.00020541328231110442,2.957640244221231e-14,1.0,8.648719642986504e-05,0.0,0.0,1226,306.5,rule_based
18.10073471069336,698.107421875,84.1019058227539,5.216103553771973,0.0,400.0,-0.9807852804032304,0.1950903220161283,3.954214207734431e-06,1.1904278327547035e-22,0.9999999999999974,0.001908520206595115,0.0,0.0,1227,306.75,rule_based
17.53641700744629,706.1422119140625,86.13959503173828,5.294850826263428,0.0,400.0,-0.9659258262890684,0.2588190451025203,7.150447921311819e-07,5.679535299311803e-31,0.999999999999986,0.07544159660663761,0.0,0.0,1228,307.0,rule_based
16.418615341186523,666.0393676757812,86.85122680664062,5.255858898162842,0.0,400.0,-0.9469301294951057,0.3214394653031615,0.020722568837099588,2.2825833017075112e-29,1.0,0.23234978807427847,0.0,0.0,1229,307.25,rule_based
15.329312324523926,618.456787109375,86.03308868408203,5.205822944641113,0.0,400.0,-0.923879532511287,0.38268343236508917,0.9979282037714258,1.8269546601898106e-27,1.0,0.06284692017740483,0.0,0.0,1230,307.5,rule_based
15.537518501281738,598.0031127929688,83.81053161621094,5.155786991119385,0.0,400.0,-0.8968727415326884,0.442288690219001,0.9860690401506371,1.2019171532739816e-26,1.0,0.001116714845431067,0.0,0.0,1231,307.75,rule_based
16.4320125579834,602.4487915039062,82.04635620117188,5.104928970336914,0.0,400.0,-0.8660254037844386,0.5000000000000001,0.01836122344090496,7.980836632878227e-27,1.0,4.3357975143768195e-05,0.0,0.0,1232,308.0,rule_based
16.61032485961914,609.30908203125,83.64280700683594,5.077857494354248,0.0,400.0,-0.8314696123025455,0.5555702330196018,0.003606880672573032,4.242649203231133e-27,1.0,0.0008201466968464327,0.0,0.0,1233,308.25,rule_based
16.30300521850586,612.7332763671875,86.02428436279297,5.052839756011963,0.0,400.0,-0.7933533402912357,0.6087614290087199,0.05782411787722417,3.0950592522922594e-27,1.0,0.06189796778326045,0.0,0.0,1234,308.5,rule_based
15.531909942626953,585.9129028320312,87.01848602294922,5.0278215408325195,0.0,400.0,-0.7518398074789772,0.6593458151000691,0.9867611363548042,3.660023990208485e-26,1.0,0.2917331061403848,0.0,0.0,1235,308.75,rule_based
15.056720733642578,549.2387084960938,84.28971862792969,5.0015692710876465,0.0,400.0,-0.7071067811865477,0.7071067811865474,0.9998314183310482,1.0726310682666547e-24,1.0,0.002695267449482455,0.0,0.0,1236,309.0,rule_based
16.070842742919922,547.0639038085938,81.73249053955078,5.0,0.0,400.0,-0.6593458151000687,0.7518398074789775,0.3424280809612037,1.3105183110753779e-24,1.0,2.4320857375311383e-05,0.0,0.0,1237,309.25,rule_based
16.513761520385742,552.0321655273438,82.5084228515625,5.0,0.0,400.0,-0.608761429008721,0.7933533402912349,0.008732589803696256,8.29305457012759e-25,1.0,0.00010155250882220389,0.0,0.0,1238,309.5,rule_based
16.375818252563477,556.4435424804688,84.87287902832031,5.0,0.0,400.0,-0.555570233019603,0.8314696123025447,0.030430335799841685,5.524058417808965e-25,1.0,0.007850131125715648,0.0,0.0,1239,309.75,rule_based
15.976613998413086,555.7298583984375,86.79920196533203,5.0,0.0,400.0,-0.5000000000000004,0.8660254037844384,0.5536414135530024,5.89938473081049e-25,1.0,0.21569784643140466,0.0,0.0,1240,310.0,rule_based
15.149866104125977,528.393798828125,85.757568359375,4.933141708374023,0.0,400.0,-0.4422886902190014,0.8968727415326883,0.9996025429752388,7.315576303952882e-24,1.0,0.03880329464604465,0.0,0.0,1241,310.25,rule_based
15.669122695922852,519.0188598632812,83.21063995361328,4.858087539672852,0.0,400.0,-0.38268343236508956,0.9238795325112868,0.9546742620075267,1.7347857070626132e-23,1.0,0.0003701287613366711,0.0,0.0,1242,310.5,rule_based
16.528114318847656,522.2294921875,81.71065521240234,4.783033847808838,0.0,400.0,-0.32143946530316186,0.9469301294951056,0.007659507458063623,1.2906861186856017e-23,1.0,2.3361901592896182e-05,0.0,0.0,1243,310.75,rule_based
16.66105079650879,527.418701171875,83.5221176147461,4.704281330108643,0.0,400.0,-0.25881904510252157,0.9659258262890681,0.0022636475200483734,8.002978037441963e-24,1.0,0.000656754503748752,0.0,0.0,1244,311.0,rule_based
16.335840225219727,531.4428100585938,86.08377075195312,4.8117899894714355,0.0,400.0,-0.19509032201612872,0.9807852804032303,0.04338821126222176,5.5244372474558504e-24,1.0,0.06857397649588662,0.0,0.0,1245,311.25,rule_based
15.53601360321045,517.8986206054688,87.23812866210938,4.936880111694336,0.0,400.0,-0.13052619222005168,0.9914448613738104,0.9862582045319196,1.9233426388616975e-23,1.0,0.381690587378866,0.0,0.0,1246,311.5,rule_based
14.999462127685547,497.14190673828125,84.2433853149414,5.061969757080078,0.0,400.0,-0.0654031292301428,0.9978589232386035,0.999900503708504,1.3011379840501706e-22,1.0,0.0024753309990574943,0.0,0.0,1247,311.75,rule_based
16.080591201782227,498.861083984375,81.87113189697266,5.187743186950684,0.0,400.0,0.0,1.0,0.9999999999978992,0.9999999999099585,1.0,2.100696905316113e-08,0.0,0.0,1248,312.0,rule_based
17.00520133972168,906.2960815429688,81.01695251464844,5.289719581604004,0.0,400.0,0.06540312923014306,0.9978589232386035,0.9999999895093526,5.599607996700544e-07,1.0,6.509708064819184e-06,1.0,1.0,1249,312.25,rule_based
18.396665573120117,859.2581176757812,86.9727554321289,5.389791488647461,0.0,400.0,0.13052619222005157,0.9914448613738104,0.9961541584722627,4.2624366086755444e-05,1.0,0.2746353527941159,1.0,1.0,1250,312.5,rule_based
18.15397834777832,718.7482299804688,86.91815185546875,5.489863395690918,0.0,400.0,0.19509032201612825,0.9807852804032304,0.9995872082001759,0.9467681841546707,0.9999999999999998,0.2550609031640817,1.0,1.0,1251,312.75,rule_based
18.396406173706055,966.72705078125,85.84076690673828,5.591569900512695,0.0,400.0,0.25881904510252074,0.9659258262890683,0.9961633089632492,2.142493871010835e-09,0.9999999999999996,0.04494088643087729,1.0,1.0,1252,313.0,rule_based
19.542964935302734,851.769775390625,85.94609832763672,5.645003795623779,0.0,400.0,0.3214394653031616,0.9469301294951057,0.00668693054549154,8.495162725908214e-05,0.9999999999999993,0.05404453726624288,1.0,1.0,1253,313.25,rule_based
19.536407470703125,750.8442993164062,88.31759643554688,5.695039749145508,0.0,400.0,0.3826834323650898,0.9238795325112867,0.007100276184134227,0.48056904368954967,0.9999999999999991,0.8184777394824495,1.0,1.0,1254,313.5,rule_based
17.445587158203125,792.2382202148438,89.4113998413086,5.745075702667236,0.0,400.0,0.44228869021900125,0.8968727415326884,0.9999993941738852,0.02003011284204613,0.9999999999999984,0.006021783260351077,1.0,1.0,1255,313.75,rule_based
18.64694595336914,737.223388671875,88.47834014892578,5.797552585601807,0.0,400.0,0.49999999999999994,0.8660254037844387,0.9627360918627434,0.7643656547712498,0.9999999999999987,0.8584138447447568,1.0,1.0,1256,314.0,rule_based
17.516565322875977,886.5311889648438,87.42604064941406,5.777426242828369,0.0,400.0,0.5555702330196022,0.8314696123025452,0.999998835164842,3.4574089171907757e-06,0.9999999999999989,0.011514243040164462,1.0,1.0,1257,314.25,rule_based
19.10074234008789,805.9607543945312,86.67765808105469,5.752408504486084,0.0,400.0,0.6087614290087207,0.7933533402912352,0.28335542308811684,0.005742069359329045,0.9999999999999991,0.18022626904870864,1.0,1.0,1258,314.5,rule_based
18.44563865661621,684.9594116210938,88.08086395263672,5.727390289306641,0.0,400.0,0.6593458151000688,0.7518398074789774,0.9939754226525738,0.9975037379683631,0.9999999999999993,0.7445965116859068,1.0,1.0,1259,314.75,rule_based
17.61498260498047,935.5701904296875,86.94041442871094,5.7023725509643555,0.0,400.0,0.7071067811865476,0.7071067811865476,0.9999971164333749,3.777405196202748e-08,0.9999999999999996,0.02802755388125633,1.0,1.0,1260,315.0,rule_based
19.069643020629883,830.4254150390625,86.25409698486328,5.677354335784912,0.0,400.0,0.7518398074789774,0.6593458151000688,0.3449210123648154,0.0006063456625378071,0.9999999999999996,0.09153420146220297,1.0,1.0,1261,315.25,rule_based
18.96845817565918,716.528076171875,87.87010192871094,5.652336597442627,0.0,400.0,0.7933533402912352,0.6087614290087207,0.5721202013139834,0.9561809305549006,0.9999999999999998,0.6641291924069709,1.0,1.0,1262,315.5,rule_based
17.70719337463379,941.3805541992188,87.80523681640625,5.627318382263184,0.0,400.0,0.8314696123025451,0.5555702330196024,0.9999932582679011,2.2119644603823075e-08,0.9999999999999998,0.06315968971981933,1.0,1.0,1263,315.75,rule_based
18.647558212280273,812.6476440429688,86.85304260253906,5.602702617645264,0.0,400.0,0.8660254037844386,0.5000000000000001,0.9625330999910742,0.003109874799538486,0.9999999999999998,0.23294813808158465,1.0,1.0,1264,316.0,rule_based
18.42598533630371,683.8253173828125,86.74151611328125,5.554564952850342,0.0,399.9999694824219,0.8968727415326884,0.44228869021900125,0.9949678721516173,0.9977507656012904,1.0,0.1982642077694244,1.0,0.995665476198064,1265,316.25,rule_based
18.620956420898438,957.5145874023438,85.84789276123047,5.504528999328613,0.0,400.0,0.9238795325112867,0.38268343236508984,0.9704340353457681,5.005158958335825e-09,0.9999999999939417,0.04550747362977374,1.0,0.9248092276122777,1266,316.5,rule_based
19.63948631286621,833.8505249023438,85.73924255371094,5.454493045806885,0.0,400.0,0.9469301294951056,0.3214394653031617,0.0027596602059563303,0.0004423708014798776,0.9999989257418217,0.037563399183419506,1.0,0.44609924824270053,1267,316.75,rule_based
19.84044647216797,738.7282104492188,87.92211151123047,5.402065277099609,0.0,400.0,0.9659258262890683,0.25881904510252074,0.00043453589965190663,0.7384963801791744,0.7279841041055005,0.6851539367166467,1.0,0.05009949062543051,1268,317.0,rule_based
10.399637222290039,509.9183349609375,82.52752685546875,5.422789573669434,2.532151222229004,400.0,0.9807852804032304,0.19509032201612833,1.0,0.9999999997506936,0.00016169643281335587,0.0,1.0,0.0007412162342843587,1269,317.25,rule_based
14.307522773742676,868.8892822265625,83.22400665283203,5.447807312011719,5.311925888061523,400.0,0.9914448613738104,0.1305261922200517,1.0,1.7555833641927723e-05,0.0001284230561550782,1.7763568394002505e-15,1.0,0.0,1270,317.5,rule_based
15.858329772949219,834.6246337890625,85.09626770019531,5.472825527191162,8.091700553894043,400.0,0.9978589232386035,0.06540312923014327,0.9999999999997289,0.00041194076574793724,0.00010279393220385063,2.712172708640992e-09,1.0,0.0,1271,317.75,rule_based
16.784358978271484,800.0481567382812,85.66285705566406,5.496996879577637,10.801779747009277,400.0,1.0,6.123233995736766e-17,0.9999999986277395,0.009857599171988288,2.8269472254253688e-05,1.3722415976302749e-05,1.0,0.0,1272,318.0,rule_based
17.540369033813477,768.106201171875,85.69764709472656,5.637167453765869,19.366561889648438,400.0,0.9978589232386035,-0.06540312923014314,0.9999985496430145,0.15873861270027553,7.094071366174259e-06,0.014296244016535842,1.0,0.0,1273,318.25,rule_based
17.585264205932617,750.2039794921875,85.4997787475586,5.787275314331055,28.40083122253418,400.0,0.9914448613738104,-0.1305261922200516,0.9999978068979518,0.4953029700589621,1.780190653718798e-06,0.02146041866533588,1.0,0.0,1274,318.5,rule_based
17.654733657836914,834.590576171875,84.84794616699219,5.93738317489624,37.43510055541992,400.0,0.9807852804032304,-0.1950903220161282,0.9999958415676198,0.0004132349642839809,4.4895181303858936e-07,0.00750053671254845,1.0,0.0,1275,318.75,rule_based
18.555761337280273,768.327880859375,84.64076232910156,6.086949825286865,46.261878967285156,400.0,0.9659258262890683,-0.25881904510252063,0.9835619666597077,0.15603156698670567,9.075529965947335e-08,0.005132979364119182,1.0,0.0,1276,319.0,rule_based
19.53960609436035,769.638671875,84.694091796875,6.260531902313232,71.42942810058594,400.0,0.9469301294951057,-0.3214394653031616,0.006895581376832608,0.14078465467115756,1.808709382997824e-08,0.005659875763665505,1.0,0.0,1277,319.25,rule_based
19.945573806762695,757.3707275390625,86.63127136230469,6.435657978057861,97.83728790283203,400.0,0.9238795325112868,-0.3826834323650895,0.0001650563399794463,0.3365137103466394,3.604670420419525e-09,0.16794639948440646,1.0,0.0,1278,319.5,rule_based
14.791679382324219,545.2822265625,84.83338928222656,6.610783576965332,124.24514770507812,400.0,0.8968727415326884,-0.44228869021900113,1.0,0.9999999935242796,6.972580471388216e-10,1.467714838554457e-13,1.0,0.0,1279,319.75,rule_based
18.95914649963379,888.593994140625,84.4676513671875,6.789151668548584,150.97894287109375,400.0,0.8660254037844387,-0.4999999999999998,0.592975550905589,2.859177220433518e-06,3.3414857366164404e-10,0.0037367960521878284,1.0,0.0,1280,320.0,rule_based
20.524539947509766,808.2810668945312,86.35938262939453,6.869015216827393,166.83641052246094,400.0,0.8314696123025451,-0.5555702330196023,7.976971898269055e-07,0.0046423303808384355,1.6738785323741965e-10,0.10898955682266663,1.0,0.0,1281,320.25,rule_based
16.50952911376953,517.4662475585938,85.91266632080078,6.944068908691406,182.1251678466797,400.0,0.7933533402912352,-0.6087614290087207,0.9999999998908258,0.9999999995003692,8.385100406698428e-11,1.0917400989907122e-06,1.0,0.0,1282,320.5,rule_based
20.084537506103516,852.9950561523438,85.27967834472656,7.019123077392578,197.41392517089844,400.0,0.7518398074789774,-0.6593458151000688,4.5901929382002184e-05,7.58865477733612e-05,4.27685243321164e-11,0.01646395305497143,1.0,0.0,1283,320.75,rule_based
20.284954071044922,711.04248046875,87.55684661865234,7.09221887588501,212.49220275878906,400.0,0.7071067811865476,-0.7071067811865475,7.2474291217537275e-06,0.9730936513490627,3.8425133462418825e-12,0.5261546596615099,1.0,0.0,1284,321.0,rule_based
11.534865379333496,481.2291259765625,75.69015502929688,7.353846073150635,240.1709442138672,400.0,0.659345815100069,-0.7518398074789773,1.0,0.9999999999822513,3.046664180572212e-13,0.0,1.0,0.0,1285,321.25,rule_based
19.035980224609375,810.8899536132812,81.11210632324219,7.629044055938721,268.66363525390625,400.0,0.6087614290087209,-0.793353340291235,0.4179025002129476,0.003654377096048766,2.4156487675584026e-14,7.756750861351912e-06,1.0,0.0,1286,321.5,rule_based
22.15889549255371,727.454833984375,85.51423645019531,7.904241561889648,297.15631103515625,400.0,0.5555702330196025,-0.831469612302545,2.314311632936196e-13,0.8885967374912153,1.709056424553953e-15,0.025138068449806844,1.0,0.0,1287,321.75,rule_based
22.169139862060547,875.6439208984375,86.66697692871094,8.191810607910156,326.929931640625,400.0,0.49999999999999994,-0.8660254037844387,2.1059100644463737e-13,9.424105012141313e-06,7.049637513173878e-15,0.1773375896180852,1.0,0.0,1288,322.0,rule_based
15.989500045776367,448.1459045410156,80.47146606445312,8.037958145141602,314.9173278808594,400.0,0.4422886902190017,-0.8968727415326881,0.9999999999990923,0.9999999999991569,3.537284748486959e-14,9.078185203570399e-09,1.0,0.0,1289,322.25,rule_based
21.073810577392578,773.1233520507812,84.18439483642578,7.862832546234131,301.0184631347656,400.0,0.3826834323650899,-0.9238795325112867,5.067059175782908e-09,0.1062394533037901,1.7748974140122917e-13,0.00222101528329634,1.0,0.0,1290,322.5,rule_based
22.41739273071289,719.5347900390625,87.87661743164062,7.687706470489502,287.11956787109375,400.0,0.32143946530316175,-0.9469301294951056,2.1400697070251752e-14,0.9429965875288011,8.905872877829395e-13,0.6668008768308895,1.0,0.0,1291,322.75,rule_based
11.048178672790527,459.35565185546875,74.1548080444336,7.512580871582031,273.34356689453125,400.0,0.258819045102521,-0.9659258262890682,1.0,0.9999999999976328,4.46868484282706e-12,0.0,1.0,0.0,1292,323.0,rule_based
18.400558471679688,791.390380859375,81.42131805419922,7.3374552726745605,252.8716278076172,400.0,0.19509032201612816,-0.9807852804032304,0.9960143649294612,0.021621730716023784,2.242244471503446e-11,1.3710470169128327e-05,1.0,0.0,1293,323.25,rule_based
20.77342987060547,725.24609375,85.82550811767578,7.162329196929932,232.02333068847656,400.0,0.130526192220052,-0.9914448613738104,8.058971943365307e-08,0.9072001169067948,1.1250872340427778e-10,0.043749429036817826,1.0,0.0,1294,323.5,rule_based
18.601449966430664,816.26806640625,86.98351287841797,6.987203598022461,211.17501831054688,400.0,0.06540312923014312,-0.9978589232386035,0.9751755081390342,0.0022300066159098354,6.054328952900886e-10,0.2786045974595113,1.0,0.0,1295,323.75,rule_based
12.483328819274902,413.6632995605469,78.94091033935547,6.804483413696289,189.42263793945312,400.0,1.2246467991473532e-16,-1.0,1.0,0.9999999999999647,1.405423893898028e-10,0.0,1.0,0.0,1296,324.0,rule_based
18.584583282470703,757.3778076171875,82.0131607055664,6.963047981262207,194.0650177001953,400.0,-0.06540312923014287,-0.9978589232386035,0.9786709056621641,0.3363683795616442,2.8009418833763428e-11,4.0785625434664315e-05,1.0,0.0,1297,324.25,rule_based
20.937297821044922,820.351318359375,84.50489044189453,7.138174057006836,199.62457275390625,400.0,-0.13052619222005177,-0.9914448613738104,1.781585973593786e-08,0.0015320800854310016,5.582141777576121e-12,0.004001026741047348,1.0,0.0,1298,324.5,rule_based
21.49185562133789,728.1882934570312,87.08973693847656,7.313299655914307,205.18411254882812,399.9999694824219,-0.19509032201612792,-0.9807852804032305,1.0779022846463728e-10,0.8817313058905315,1.0388428894066853e-12,0.3195754150357446,1.0,0.0,1299,324.75,rule_based
12.703267097473145,504.2909240722656,76.26506805419922,7.4958624839782715,210.60202026367188,400.0,-0.2588190451025208,-0.9659258262890683,1.0,0.9999999998515305,1.2401035305402766e-12,0.0,1.0,0.0,1300,325.0,rule_based
19.064069747924805,836.447509765625,81.70198059082031,7.476635456085205,231.87954711914062,400.0,-0.32143946530316153,-0.9469301294951057,0.35660982389393187,0.0003482950233357411,1.5614563013704767e-12,2.299154785874105e-05,1.0,0.0,1301,325.25,rule_based
21.4797306060791,755.32470703125,85.66133880615234,7.45161771774292,254.11773681640625,400.0,-0.38268343236508967,-0.9238795325112868,1.2052560913208225e-10,0.3797948772374229,1.9660824447678773e-12,0.03270665433189307,1.0,0.0,1302,325.5,rule_based
20.30046844482422,697.1624145507812,86.98817443847656,7.426599502563477,276.3559265136719,400.0,-0.44228869021900147,-0.8968727415326883,6.282328920015608e-06,0.9923587557911893,2.4578702788737798e-12,0.2803286688028124,1.0,0.0,1303,325.75,rule_based
13.478283882141113,526.118896484375,75.51642608642578,7.402360439300537,299.5169982910156,400.0,-0.4999999999999997,-0.8660254037844388,1.0,0.9999999988914485,1.1381999122831953e-11,0.0,1.0,0.0,1304,326.0,rule_based
19.439058303833008,851.0955810546875,82.24616241455078,7.235945224761963,265.4964599609375,400.0,-0.555570233019602,-0.8314696123025455,0.017227386126221635,9.039340298957852e-05,5.71112654052645e-11,6.264732135251958e-05,1.0,0.0,1305,326.25,rule_based
20.774961471557617,770.9750366210938,87.61710357666016,7.060819625854492,228.6644287109375,400.0,-0.6087614290087207,-0.7933533402912352,7.94606386699527e-08,0.12654329179153548,2.865662350165266e-10,0.5537204516672987,1.0,0.0,1306,326.5,rule_based
10.467838287353516,407.9578552246094,76.57479858398438,6.885693550109863,191.83241271972656,400.0,-0.6593458151000688,-0.7518398074789774,1.0,0.9999999999999791,1.475928737599818e-09,0.0,1.0,0.0,1307,326.75,rule_based
16.5140323638916,756.3343505859375,83.17616271972656,6.707733631134033,154.79208374023438,400.0,-0.7071067811865471,-0.7071067811865479,0.9999999998862035,0.35814630363255984,3.0345843090609437e-09,1.1379640378894607e-06,1.0,0.0,1308,327.0,rule_based
18.387582778930664,840.9609375,86.28228759765625,6.629475116729736,126.65747833251953,400.0,-0.7518398074789773,-0.6593458151000691,0.9964617078696133,0.00022985858097030655,6.057799272894477e-09,0.09594468389799567,1.0,0.0,1309,327.25,rule_based
14.973366737365723,531.0101318359375,84.15360260009766,6.554421424865723,98.85973358154297,400.0,-0.7933533402912349,-0.6087614290087209,1.0,0.9999999982605747,1.209290241518557e-08,7.824851877558103e-13,1.0,0.0,1310,327.5,rule_based
17.7030029296875,885.460693359375,84.31873321533203,6.479367256164551,71.0619888305664,400.0,-0.8314696123025452,-0.5555702330196022,0.9999935135485072,3.815660893247054e-06,2.4140497457284652e-08,0.0028428483663624246,1.0,0.0,1311,327.75,rule_based
18.238651275634766,827.9871215820312,85.42607116699219,6.404313564300537,42.737571716308594,400.0,-0.8660254037844385,-0.5000000000000004,0.9991000587190212,0.0007589010195273513,4.819054933895373e-08,0.02145063317680507,1.0,0.0,1312,328.0,rule_based
17.505435943603516,706.867919921875,85.15923309326172,6.329259395599365,32.496604919433594,400.0,-0.8968727415326883,-0.44228869021900136,0.9999989486573522,0.9815236130489992,9.620054408806152e-08,0.010404055147340108,1.0,0.0,1313,328.25,rule_based
17.815601348876953,1003.4439086914062,84.24278259277344,6.254205703735352,22.767393112182617,400.0000305175781,-0.9238795325112868,-0.3826834323650895,0.9999817021918391,7.281861599637876e-11,1.9204064629145795e-07,0.002472578967024024,1.0,0.0,1314,328.5,rule_based
18.232479095458984,945.46533203125,84.1960220336914,6.17915153503418,13.038182258605957,400.0,-0.9469301294951056,-0.3214394653031618,0.9991497420649701,1.5183988374282378e-08,3.8191953782503527e-07,0.0022689394681919706,1.0,0.0,1315,328.75,rule_based
18.288360595703125,894.0655517578125,84.37757873535156,6.104506969451904,2.9871530532836914,400.0,-0.9659258262890683,-0.25881904510252063,0.9985782406422905,1.7273438466716927e-06,9.51551654934136e-07,0.0031672666470043587,1.0,0.0,1316,329.0,rule_based
18.322195053100586,842.8341064453125,84.32070922851562,6.005391597747803,2.120776414871216,400.0,-0.9807852804032303,-0.19509032201612866,0.9980594138353783,0.0001934418832080085,7.37518131033326e-05,0.0028531900077621466,1.0,0.014400327134813096,1317,329.25,rule_based
18.387075424194336,797.8060302734375,84.29402160644531,5.905319690704346,1.425832748413086,400.0,-0.9914448613738104,-0.13052619222005163,0.9964781614470822,0.012091350117712245,0.9831293704117363,0.0027166576042520546,1.0,0.1823879276811049,1318,329.5,rule_based
20.73431968688965,772.6276245117188,84.2066650390625,5.805248260498047,0.7308890223503113,400.0,-0.9978589232386035,-0.06540312923014273,1.1553739945321458e-07,0.11065353632756025,0.9999999762443849,0.0023138030901610593,1.0,0.7731983380036584,1319,329.75,rule_based
21.265371322631836,783.7816772460938,87.64915466308594,5.70517635345459,0.010296722874045372,400.0,-1.0,-1.8369701987210297e-16,8.67985949625171e-10,0.04263913311017826,0.9999999999884791,0.5682571274351036,0.0,0.0,1320,330.0,rule_based
18.53062629699707,694.5424194335938,85.16674041748047,5.605104446411133,0.0,400.0,-0.9978589232386036,0.06540312923014237,0.07013207740210148,1.653115308560661e-06,1.0,0.013413050536817779,0.0,0.0,1321,330.25,rule_based
18.37482261657715,679.3731079101562,83.91613006591797,5.505032539367676,0.0,400.0,-0.9914448613738105,0.13052619222005127,0.0003166463484206304,6.684592976957117e-14,1.0,0.0013561784296569914,0.0,0.0,1322,330.5,rule_based
17.95652198791504,686.9979248046875,85.63358306884766,5.404960632324219,0.0,400.0,-0.9807852804032304,0.1950903220161283,1.4924605755624746e-05,3.3119464577135543e-22,0.9999999999999993,0.031126577333929744,0.0,0.0,1323,330.75,rule_based
17.178611755371094,673.4912109375,87.07115936279297,5.303701877593994,0.0,400.0,-0.9659258262890684,0.2588190451025203,1.9299564274179678e-05,1.1490823526123041e-29,0.9999999999999994,0.312181429738149,0.0,0.0,1324,331.0,rule_based
15.783393859863281,623.1615600585938,86.88572692871094,5.252408504486084,0.0,400.0,-0.9469301294951057,0.3214394653031615,0.8802732548021865,1.1845094077845075e-27,1.0,0.24387974612082983,0.0,0.0,1325,331.25,rule_based
15.536151885986328,590.89208984375,84.14073944091797,5.2023725509643555,0.0,400.0,-0.923879532511287,0.38268343236508917,0.9862408570104508,2.3137572848614376e-26,1.0,0.0020497362901953178,0.0,0.0,1326,331.5,rule_based
16.549474716186523,598.854736328125,81.93008422851562,5.152336597442627,0.0,400.0,-0.8968727415326884,0.442288690219001,0.006300188883734574,1.1112505532162127e-26,1.0,3.4998694266788386e-05,0.0,0.0,1327,331.75,rule_based
16.787242889404297,614.465087890625,83.66620635986328,5.102870464324951,0.0,400.0,-0.8660254037844386,0.5000000000000001,0.0007091198361012199,2.63874223790533e-27,1.0,0.0008562325434249094,0.0,0.0,1328,332.0,rule_based
16.517858505249023,625.5719604492188,86.1905746459961,5.004528999328613,0.0,400.0,-0.8314696123025455,0.5555702330196018,0.00841192739668728,9.486856086895502e-28,1.0,0.08225728232626782,0.0,0.0,1329,332.25,rule_based
15.693592071533203,599.6309204101562,87.4544677734375,4.904457092285156,0.0,400.0,-0.7933533402912357,0.6087614290087199,0.9438595896879537,1.0345775203796584e-26,1.0,0.4790428720841979,0.0,0.0,1330,332.5,rule_based
15.049812316894531,559.04833984375,84.95325469970703,4.804385185241699,0.0,400.0,-0.7518398074789772,0.6593458151000691,0.9998418090494838,4.345777781051363e-25,1.0,0.009091584367213384,0.0,0.0,1331,332.75,rule_based
16.109956741333008,555.6836547851562,82.03382110595703,4.702352046966553,0.0,400.0,-0.7071067811865477,0.7071067811865474,0.26644372622878276,5.924545932897199e-25,1.0,4.236776076250631e-05,0.0,0.0,1332,333.0,rule_based
16.56638526916504,561.168701171875,82.96070098876953,4.676060199737549,0.0,400.0,-0.6593458151000687,0.7518398074789775,0.00539646072534679,3.5748030681202075e-25,1.0,0.00023359305440445488,0.0,0.0,1333,333.25,rule_based
16.4296875,566.6152954101562,85.38606262207031,4.651042461395264,0.0,400.0,-0.608761429008721,0.7933533402912349,0.01875134206405047,2.1646512981523785e-25,1.0,0.019957126698126947,0.0,0.0,1334,333.5,rule_based
15.954776763916016,561.6870727539062,87.2203140258789,4.62602424621582,0.0,400.0,-0.555570233019603,0.8314696123025447,0.60265033692043,3.4081434784760656e-25,1.0,0.37397376824754747,0.0,0.0,1335,333.75,rule_based
14.990845680236816,530.1831665039062,86.08594512939453,4.600228309631348,0.0,400.0,-0.5000000000000004,0.8660254037844384,0.9999080938826707,6.2040392504624215e-24,1.0,0.06883101227240444,0.0,0.0,1336,334.0,rule_based
15.583477020263672,518.8240356445312,83.1131362915039,4.672034740447998,0.0,400.0000305175781,-0.4422886902190014,0.8968727415326883,0.978882664666645,1.7661973303023876e-23,1.0,0.000309292758446051,0.0,0.0,1337,334.25,rule_based
16.589797973632812,522.503662109375,81.49481201171875,4.747088432312012,0.0,400.0,-0.38268343236508956,0.9238795325112868,0.0043542368130959925,1.2585036993180908e-23,1.0,1.569804111622907e-05,0.0,0.0,1338,334.5,rule_based
16.821306228637695,528.85888671875,83.46656799316406,4.822142124176025,0.0,399.9999694824219,-0.32143946530316186,0.9469301294951056,0.0005182655261830753,7.008788747938388e-24,1.0,0.0005929227614772809,0.0,0.0,1339,334.75,rule_based
16.555904388427734,534.2079467773438,86.2354507446289,4.898301124572754,0.0,400.0,-0.25881904510252157,0.9659258262890681,0.005940154905563573,4.2823548424486834e-24,1.0,0.08871932826903917,0.0,0.0,1340,335.0,rule_based
15.710040092468262,520.568603515625,87.80751037597656,4.924083232879639,0.0,400.0,-0.19509032201612872,0.9807852804032303,0.9352708863492241,1.5040261011960797e-23,1.0,0.6379440770586884,0.0,0.0,1341,335.25,rule_based
14.968886375427246,497.7171325683594,85.51754760742188,4.949101448059082,0.0,400.0,-0.13052619222005168,0.9914448613738104,0.9999249222035655,1.2339984786029357e-22,1.0,0.025287987790240257,0.0,0.0,1342,335.5,rule_based
15.942414283752441,495.4693603515625,82.32093048095703,4.974119186401367,0.0,400.0,-0.0654031292301428,0.9978589232386035,0.6295728111311647,1.51783681078664e-22,1.0,7.189762941607906e-05,0.0,0.0,1343,335.75,rule_based
