step,time_h,controller,solver_failures,t_in,co2,rh,T_out,rad,co2_out,sin_h,cos_h,uBoil,uCO2,uThScr,uVent,uLamp,uBlScr
0,0.0,physics_sindy_mpc,0,16.5,417.73931884765625,90.0,4.199999809265137,0.0,400.0,0.0,1.0,1.0,0.9923879661994369,0.6999570949038736,0.0,0.0,0.5409853072979143
1,0.25,physics_sindy_mpc,0,12.921545028686523,796.1763305664062,93.88450622558594,4.199999809265137,0.0,400.0,0.06540312923014306,0.9978589232386035,1.0,0.2663298722823633,1.0,0.20815653905995268,0.0,0.1494078002410557
2,0.5,physics_sindy_mpc,0,12.775345802307129,809.9374389648438,88.56334686279297,4.199999809265137,0.0,400.0,0.13052619222005157,0.9914448613738104,1.0,0.0,1.0,0.16529400056554766,0.0,1.0
3,0.75,physics_sindy_mpc,0,12.807289123535156,726.0346069335938,85.90597534179688,4.199999809265137,0.0,400.0,0.19509032201612825,0.9807852804032304,1.0,0.06533531956215369,1.0,0.03407287029487383,0.0,1.0
4,1.0,physics_sindy_mpc,0,13.606478691101074,707.5640258789062,83.77681732177734,4.199999809265137,0.0,400.0,0.25881904510252074,0.9659258262890683,1.0,0.08205804532289226,1.0,0.0,0.0,1.0
5,1.25,physics_sindy_mpc,0,14.541213035583496,728.2017822265625,82.64646911621094,4.200001239776611,0.0,400.0,0.3214394653031616,0.9469301294951057,0.9618198964888277,0.035066472537448934,1.0,0.0,0.0,1.0
6,1.5,physics_sindy_mpc,0,15.236869812011719,738.3837280273438,82.2952880859375,4.225090026855469,0.0,400.0,0.3826834323650898,0.9238795325112867,0.9004602985061809,0.016644647654237805,1.0,0.0,0.0,1.0
7,1.75,physics_sindy_mpc,0,15.776010513305664,741.1471557617188,82.10578155517578,4.250107765197754,0.0,400.0,0.44228869021900125,0.8968727415326884,0.8476006858630366,0.016269298627428867,1.0,0.0,0.0,1.0
8,2.0,physics_sindy_mpc,0,16.15749740600586,743.4317016601562,82.15482330322266,4.275125980377197,0.0,400.0,0.49999999999999994,0.8660254037844387,0.823179294046969,0.015076920675664547,1.0,0.0,0.0,1.0
9,2.25,physics_sindy_mpc,0,16.419076919555664,744.8727416992188,82.31034088134766,4.299985408782959,0.0,400.0,0.5555702330196022,0.8314696123025452,0.8085221370887999,0.02148669836720218,1.0,0.006945300058073791,0.0,1.0
10,2.5,physics_sindy_mpc,0,16.499805450439453,735.7002563476562,82.51011657714844,4.224514961242676,0.0,400.0,0.6087614290087207,0.7933533402912352,0.8129428287403253,0.05298177106315807,1.0,0.01361183423548662,0.0,1.0
11,2.75,physics_sindy_mpc,0,16.509851455688477,728.9231567382812,82.48062896728516,4.149460792541504,0.0,400.0,0.6593458151000688,0.7518398074789774,0.8091481014302232,0.07255627689262271,1.0,0.013273284582632147,0.0,1.0
12,3.0,physics_sindy_mpc,0,16.566001892089844,730.4750366210938,82.31151580810547,4.07440710067749,0.0,400.0,0.7071067811865476,0.7071067811865476,0.7846449597846755,0.0702620497010979,1.0,0.012267042250966156,0.0,1.0
13,3.25,physics_sindy_mpc,0,16.62428855895996,733.2449340820312,82.26675415039062,3.999115228652954,0.0,400.0,0.7518398074789774,0.6593458151000688,0.7684761197064661,0.06665678083909782,1.0,0.013532779726368563,0.0,1.0
14,3.5,physics_sindy_mpc,0,16.61281967163086,733.7284545898438,82.36042785644531,3.8485982418060303,0.0,400.0,0.7933533402912352,0.6087614290087207,0.7802750040262363,0.06767224478974455,1.0,0.012756228893134748,0.0,1.0
15,3.75,physics_sindy_mpc,0,16.604299545288086,735.7193603515625,82.36774444580078,3.6984903812408447,0.0,400.0,0.8314696123025451,0.5555702330196024,0.7916905683552856,0.06291060237441604,1.0,0.009569526486597486,0.0,1.0
16,4.0,physics_sindy_mpc,0,16.637609481811523,739.976806640625,82.30095672607422,3.548382520675659,0.0,400.0,0.8660254037844386,0.5000000000000001,0.789598259934268,0.05228713053542816,1.0,0.006621396528087077,0.0,1.0
17,4.25,physics_sindy_mpc,0,16.687625885009766,744.7388916015625,82.26592254638672,3.400038957595825,0.0,400.0,0.8968727415326884,0.44228869021900125,0.779408416957217,0.043160510320332815,1.0,0.00631748911459984,0.0,1.0
18,4.5,physics_sindy_mpc,0,16.72812271118164,747.0653076171875,82.29838562011719,3.450611114501953,0.0,400.0,0.9238795325112867,0.38268343236508984,0.7661719716733488,0.0449350504748775,1.0,0.011044000077640066,0.0,1.0
19,4.75,physics_sindy_mpc,0,16.692636489868164,744.0006103515625,82.40235137939453,3.5006470680236816,0.0,400.0,0.9469301294951056,0.3214394653031617,0.769248817885927,0.0591785213277601,1.0,0.014197573100563105,0.0,1.0
20,5.0,physics_sindy_mpc,0,16.646108627319336,742.1038208007812,82.4121322631836,3.55068302154541,0.0,400.0,0.9659258262890683,0.25881904510252074,0.7693880379630639,0.06850561020935277,1.0,0.014771500156606682,0.0,1.0
21,5.25,physics_sindy_mpc,0,16.625505447387695,742.8375244140625,82.37229919433594,3.600998878479004,0.000842801877297461,400.0,0.9807852804032304,0.19509032201612833,0.7597255340048336,0.07158996107684881,1.0,0.01570271897145279,0.0,1.0
22,5.5,physics_sindy_mpc,0,16.638864517211914,744.4598388671875,82.38005065917969,3.701509714126587,0.7049285173416138,400.0,0.9914448613738104,0.1305261922200517,0.7457630236721426,0.07594519170792381,1.0,0.020423782546387763,0.0,1.0
23,5.75,physics_sindy_mpc,0,16.62036895751953,744.1270141601562,82.49420928955078,3.801581621170044,1.3998721837997437,400.0,0.9978589232386035,0.06540312923014327,0.7453134329822998,0.08617539418007661,1.0,0.025974417168266883,0.0,1.0
24,6.0,physics_sindy_mpc,0,16.587289810180664,743.9030151367188,82.5882339477539,3.901653528213501,2.094815969467163,400.0,1.0,6.123233995736766e-17,0.7474597534400158,0.09542895026656274,1.0,0.030332221094685287,0.0,1.0
25,6.25,physics_sindy_mpc,0,16.568452835083008,744.8638305664062,82.63362884521484,4.0011210441589355,2.8262176513671875,400.0,0.9978589232386035,-0.06540312923014314,0.7382387377206341,0.10508093984062639,1.0,0.03645166071105975,0.0,1.0
26,6.5,physics_sindy_mpc,0,16.510839462280273,744.5835571289062,82.92198181152344,4.050898551940918,19.037063598632812,400.0,0.9914448613738104,-0.1305261922200516,0.743954315757752,0.1315585103470976,1.0,0.05708796784932573,0.0,1.0
27,6.75,physics_sindy_mpc,0,16.354116439819336,743.722412109375,83.0642318725586,4.1009345054626465,35.02076721191406,400.0,0.9807852804032304,-0.1950903220161282,0.7428121241204447,0.15370424996178972,1.0,0.07294715780887229,0.0,1.0
28,7.0,physics_sindy_mpc,0,16.213708877563477,744.6536865234375,83.04889678955078,4.150970458984375,51.00447463989258,400.0,0.9659258262890683,-0.25881904510252063,0.7025003285970185,0.1681571174663082,1.0,0.08820047467229898,0.0,1.0
29,7.25,physics_sindy_mpc,0,16.07705307006836,745.8176879882812,83.120361328125,4.202070236206055,67.16813659667969,400.0,0.9469301294951057,-0.3214394653031616,0.6349130865925899,0.19233357202079285,1.0,0.1139551551204852,0.0,1.0
30,7.5,physics_sindy_mpc,0,16.199434280395508,751.7224731445312,83.3167495727539,4.455212116241455,107.78416442871094,400.0,0.9238795325112868,-0.3826834323650895,0.5097616746529909,0.23393537269596637,1.0,0.1740834872024843,0.0,1.0
31,7.75,physics_sindy_mpc,0,16.243200302124023,763.8777465820312,83.78736877441406,4.705391883850098,148.0908966064453,400.0,0.8968727415326884,-0.44228869021900113,0.4120002265242938,0.269980328582704,1.0,0.24141781516817473,0.0,1.0
32,8.0,physics_sindy_mpc,0,16.22407341003418,780.5745239257812,84.44713592529297,4.95557165145874,188.3976287841797,400.0,0.8660254037844387,-0.4999999999999998,0.35300682722373605,0.29965571374459266,1.0,0.3125758538119517,0.0,1.0
33,8.25,physics_sindy_mpc,0,16.232013702392578,800.3837890625,85.05877685546875,5.204198360443115,228.46957397460938,400.0,0.8314696123025451,-0.5555702330196023,0.32194704987812023,0.3168093910050724,1.0,0.37608576510282093,0.0,1.0
34,8.5,physics_sindy_mpc,0,16.217700958251953,819.4285278320312,85.6978759765625,5.353558540344238,253.37088012695312,400.0,0.7933533402912352,-0.6087614290087207,0.3435571560991729,0.3124992311994907,1.0,0.4000000099245018,0.0,0.945167301844214
35,8.75,physics_sindy_mpc,0,16.267717361450195,828.9686889648438,88.20032501220703,5.503666400909424,278.38885498046875,400.0,0.7518398074789774,-0.6593458151000688,0.5973493686373084,0.37378349873307726,1.0,0.4000000098697684,0.0,0.4626467036388806
36,9.0,physics_sindy_mpc,0,17.432403564453125,827.8056030273438,87.79371643066406,5.653774261474609,303.4068298339844,400.0,0.7071067811865476,-0.7071067811865475,0.3805957866110986,0.42966826656510737,0.9991950155876044,0.4000000098137496,0.0,0.29585339203859257
37,9.25,physics_sindy_mpc,0,18.39200782775879,830.7838134765625,87.94038391113281,5.803028583526611,327.77508544921875,400.0,0.659345815100069,-0.7518398074789773,0.15501280809927526,0.48981861367262175,0.9911689126798303,0.4000000098052646,0.0,0.10408105992999668
38,9.5,physics_sindy_mpc,0,18.75718879699707,828.1939697265625,88.62879180908203,5.902659893035889,327.0648498535156,400.0,0.6087614290087209,-0.793353340291235,0.10189942180086169,0.5319500433295347,0.9766834151733057,0.40000000995090257,0.0,0.0
39,9.75,physics_sindy_mpc,0,18.275646209716797,795.3577880859375,88.93717956542969,6.002731800079346,326.3699035644531,400.0,0.5555702330196025,-0.831469612302545,0.24743526942614713,0.5841660896317252,0.9487924369277504,0.4000000099703364,0.0,0.0
40,10.0,physics_sindy_mpc,0,16.68699836730957,714.88818359375,87.84529876708984,6.102803707122803,325.67498779296875,400.0,0.49999999999999994,-0.8660254037844387,0.49678564283694476,0.6907450560407753,0.9493169063155303,0.40000000991737233,0.0,0.06174994918143804
41,10.25,physics_sindy_mpc,0,16.44491958618164,721.72900390625,86.7866439819336,6.199169158935547,324.8922119140625,400.0,0.4422886902190017,-0.8968727415326881,0.49598783267859564,0.6478053325721272,0.95525077538588,0.4000000097610705,0.0,0.2951487547998524
42,10.5,physics_sindy_mpc,0,16.209585189819336,739.50830078125,87.07070922851562,6.01984167098999,308.5570068359375,400.0,0.3826834323650899,-0.9238795325112867,0.6274662920917851,0.592179099768757,0.9708515571455582,0.4000000097958905,0.0,0.4230780823512786
43,10.75,physics_sindy_mpc,0,16.5889835357666,782.2149658203125,87.45465087890625,5.8447160720825195,292.57330322265625,400.0,0.32143946530316175,-0.9469301294951056,0.6875343493910844,0.5062503377736884,0.9890685640681673,0.4000000098219275,0.0,0.5047160800591188
44,11.0,physics_sindy_mpc,0,17.282821655273438,833.4913940429688,87.98030090332031,5.669589996337891,276.5895690917969,400.0,0.258819045102521,-0.9659258262890682,0.6824011154855574,0.4135803645237219,1.0,0.40000000984851974,0.0,0.5262009049809114
45,11.25,physics_sindy_mpc,0,17.703777313232422,852.5364990234375,88.26580047607422,5.495506286621094,260.97259521484375,400.0000305175781,0.19509032201612816,-0.9807852804032304,0.6859326610953597,0.3749920142697687,1.0,0.4000000098537703,0.0,0.5577849222226647
46,11.5,physics_sindy_mpc,0,17.895978927612305,851.002197265625,88.09085083007812,5.370955944061279,258.24346923828125,400.0,0.130526192220052,-0.9914448613738104,0.6701838802401097,0.373264461999611,1.0,0.4000000098515346,0.0,0.6004092329860478
47,11.75,physics_sindy_mpc,0,17.95988655090332,850.1607055664062,87.86283111572266,5.245866298675537,255.4636993408203,400.0,0.06540312923014312,-0.9978589232386035,0.6574194450721421,0.3671214208186824,1.0,0.40000000985089124,0.0,0.6634688612159141
48,12.0,physics_sindy_mpc,0,17.923160552978516,850.0052490234375,87.66329193115234,5.120776653289795,252.6839141845703,400.0,1.2246467991473532e-16,-1.0,0.6604083393642011,0.35592936244469575,1.0,0.4000000098518552,0.0,0.7348768374211598
49,12.25,physics_sindy_mpc,0,17.828712463378906,849.4780883789062,87.44970703125,5.0016937255859375,249.8690185546875,400.0,-0.06540312923014287,-0.9978589232386035,0.666915324895531,0.34361755121638576,1.0,0.4000000098504371,0.0,0.8119543595032106
50,12.5,physics_sindy_mpc,0,17.763126373291016,849.3522338867188,87.29157257080078,5.2588067054748535,244.9676513671875,400.0,-0.13052619222005177,-0.9914448613738104,0.6613845479935344,0.33750451866099657,1.0,0.40000000985150663,0.0,0.8487974788745022
51,12.75,physics_sindy_mpc,0,17.753889083862305,849.4676513671875,87.1565933227539,5.508986473083496,240.10304260253906,400.0,-0.19509032201612792,-0.9807852804032305,0.6473999758357588,0.334001100174204,1.0,0.4000000098512481,0.0,0.8735982098306159
52,13.0,physics_sindy_mpc,0,17.766321182250977,849.9323120117188,87.0953369140625,5.759166240692139,235.23843383789062,400.0,-0.2588190451025208,-0.9659258262890683,0.6322275089402147,0.3298916491994805,1.0,0.40000000985144035,0.0,0.8834366885314732
53,13.25,physics_sindy_mpc,0,17.789859771728516,849.6279296875,87.11664581298828,5.998416900634766,230.19432067871094,400.0,-0.32143946530316153,-0.9469301294951057,0.6432578196438046,0.3243354884297985,1.0,0.40000000985558126,0.0,0.8902994581683353
54,13.5,physics_sindy_mpc,0,17.625322341918945,847.1035766601562,87.13741302490234,5.792379379272461,212.53294372558594,400.0,-0.38268343236508967,-0.9238795325112868,0.7122936629917956,0.2955083018625367,1.0,0.40000000989865686,0.0,1.0
55,13.75,physics_sindy_mpc,0,17.49883460998535,839.7719116210938,84.0298080444336,5.592235565185547,195.15936279296875,400.0,-0.44228869021900147,-0.8968727415326883,0.4920307040251703,0.2140934044998203,1.0,0.28161103713147,0.0,1.0
56,14.0,physics_sindy_mpc,0,17.346567153930664,811.4151000976562,83.76933288574219,5.392092227935791,177.7857666015625,400.0,-0.4999999999999997,-0.8660254037844388,0.5036892532003747,0.23017876016361483,1.0,0.24895831600221785,0.0,1.0
57,14.25,physics_sindy_mpc,0,17.087587356567383,799.2029418945312,84.0008544921875,5.195919513702393,160.6844940185547,400.0,-0.555570233019602,-0.8314696123025455,0.6142832420806258,0.22767923427905837,1.0,0.22709229197452263,0.0,1.0
58,14.5,physics_sindy_mpc,0,16.909229278564453,791.2803344726562,83.9651107788086,5.121926784515381,152.43629455566406,400.0,-0.6087614290087207,-0.7933533402912352,0.6980875870872284,0.2191318689291742,1.0,0.2056926618471518,0.0,1.0
59,14.75,physics_sindy_mpc,0,16.833593368530273,784.0625610351562,83.67572784423828,5.046872615814209,144.0969696044922,400.0,-0.6593458151000688,-0.7518398074789774,0.7354250655653995,0.20793230407188737,1.0,0.1810710331750527,0.0,1.0
60,15.0,physics_sindy_mpc,0,16.842056274414062,776.7667846679688,83.3285903930664,4.971818923950195,135.7576446533203,400.0,-0.7071067811865471,-0.7071067811865479,0.7471257322506282,0.1991502266090649,1.0,0.15870271058199742,0.0,1.0
61,15.25,physics_sindy_mpc,0,16.874404907226562,770.0341796875,83.06074523925781,4.894740104675293,127.17105102539062,400.0,-0.7518398074789773,-0.6593458151000691,0.7656097760793796,0.18804148787896904,1.0,0.1373295153501951,0.0,1.0
62,15.5,physics_sindy_mpc,0,16.88506507873535,763.6362915039062,82.81559753417969,4.717325687408447,106.03083038330078,400.0,-0.7933533402912349,-0.6087614290087209,0.8045664519520497,0.16541555790738202,1.0,0.10454391862159836,0.0,1.0
63,15.75,physics_sindy_mpc,0,16.971189498901367,756.1121826171875,82.55703735351562,4.542200088500977,85.18252563476562,400.0,-0.8314696123025452,-0.5555702330196022,0.8405792590140452,0.145767668958896,1.0,0.07327352522875345,0.0,1.0
64,16.0,physics_sindy_mpc,0,17.12936782836914,750.5634765625,82.39116668701172,4.367074012756348,64.33421325683594,400.0,-0.8660254037844385,-0.5000000000000004,0.8747598968687373,0.12651628060827877,1.0,0.0475134234474794,0.0,1.0
65,16.25,physics_sindy_mpc,0,17.353862762451172,748.4418334960938,82.09872436523438,4.190608978271484,43.846473693847656,400.0,-0.8968727415326883,-0.44228869021900136,0.8869574994715247,0.10202903093239263,1.0,0.02487258222806246,0.0,1.0
66,16.5,physics_sindy_mpc,0,17.613065719604492,750.0031127929688,81.7659912109375,3.9644858837127686,33.541019439697266,400.0,-0.9238795325112868,-0.3826834323650895,0.8820458223032486,0.07599860380874021,1.0,0.011113104194358915,0.0,1.0
67,16.75,physics_sindy_mpc,0,17.80906867980957,754.8236083984375,81.46134185791016,3.7393243312835693,23.116863250732422,400.0,-0.9469301294951056,-0.3214394653031618,0.877244305044751,0.030538076386724584,1.0,0.0,0.0,1.0
68,17.0,physics_sindy_mpc,0,17.94610595703125,759.5697631835938,81.11174774169922,3.514162540435791,12.692707061767578,400.0,-0.9659258262890683,-0.25881904510252063,0.8668966914669445,0.0,1.0,0.0,0.0,1.0
69,17.25,physics_sindy_mpc,0,17.871021270751953,756.7291259765625,80.80401611328125,3.2937421798706055,2.722198486328125,400.0,-0.9807852804032303,-0.19509032201612866,0.8722210287460441,0.0,1.0,0.0,0.0,1.0
70,17.5,physics_sindy_mpc,0,17.79786491394043,754.8008422851562,80.42925262451172,3.1950395107269287,2.0488855838775635,400.0,-0.9914448613738104,-0.13052619222005163,0.8633555486734211,0.0,1.0,0.0,0.0,1.0
71,17.75,physics_sindy_mpc,0,17.710386276245117,753.5028686523438,80.11102294921875,3.0949676036834717,1.3539420366287231,400.0,-0.9978589232386035,-0.06540312923014273,0.8562506961188113,0.0,1.0,0.0,0.0,1.0
72,18.0,physics_sindy_mpc,0,17.600494384765625,752.7957763671875,79.85369873046875,2.9948956966400146,0.6589983105659485,400.0,-1.0,-1.8369701987210297e-16,0.853954166539578,0.0,1.0,0.0,0.0,1.0
73,18.25,physics_sindy_mpc,0,17.474979400634766,752.6637573242188,79.62010955810547,2.8957221508026123,0.0,400.0,-0.9978589232386036,0.06540312923014237,0.8546881560537531,0.0,1.0,0.0,0.0,1.0
74,18.5,physics_sindy_mpc,0,17.43533706665039,752.8819580078125,79.34270477294922,2.821063995361328,0.0,400.0,-0.9914448613738105,0.13052619222005127,0.8456321643527045,0.0,1.0,0.0,0.0,1.0
75,18.75,physics_sindy_mpc,0,17.43046760559082,753.1702880859375,79.21431732177734,2.7460100650787354,0.0,400.0,-0.9807852804032304,0.1950903220161283,0.8365986941647051,0.0,1.0,0.0,0.0,1.0
76,19.0,physics_sindy_mpc,0,17.437713623046875,753.4702758789062,79.22285461425781,2.6709561347961426,0.0,400.0,-0.9659258262890684,0.2588190451025203,0.8321329536329335,0.0,1.0,0.0,0.0,1.0
77,19.25,physics_sindy_mpc,0,17.449325561523438,753.76220703125,79.31006622314453,2.598156690597534,0.0,400.0,-0.9469301294951057,0.3214394653031615,0.8302659685603933,0.0,1.0,0.0,0.0,1.0
78,19.5,physics_sindy_mpc,0,17.337587356567383,753.6893310546875,79.50702667236328,2.5736160278320312,0.0,400.0,-0.923879532511287,0.38268343236508917,0.8458419018063361,0.0,1.0,0.0,0.0,1.0
79,19.75,physics_sindy_mpc,0,17.18438148498535,753.48876953125,79.498291015625,2.548598051071167,0.0,400.0,-0.8968727415326884,0.442288690219001,0.8627372157115786,0.0,1.0,0.0,0.0,1.0
80,20.0,physics_sindy_mpc,0,17.025917053222656,753.2537231445312,79.28619384765625,2.5235800743103027,0.0,400.0,-0.8660254037844386,0.5000000000000001,0.8730973858794276,0.0,1.0,0.0,0.0,1.0
81,20.25,physics_sindy_mpc,0,16.872241973876953,753.0111083984375,78.95791625976562,2.493208169937134,0.0,400.0,-0.8314696123025455,0.5555702330196018,0.8946010112109727,0.0,1.0,0.0,0.0,1.0
82,20.5,physics_sindy_mpc,0,16.76367950439453,752.8765869140625,78.52523803710938,2.208986282348633,0.0,400.0,-0.7933533402912357,0.6087614290087199,0.9368542982046772,0.0,1.0,0.0,0.0,1.0
83,20.75,physics_sindy_mpc,0,16.702848434448242,752.85205078125,78.0022964477539,1.9337886571884155,0.0,400.0,-0.7518398074789772,0.6593458151000691,0.9950953951485371,0.0,1.0,0.0,0.0,1.0
84,21.0,physics_sindy_mpc,0,16.702638626098633,752.9703369140625,77.3367691040039,1.6585909128189087,0.0,400.0,-0.7071067811865477,0.7071067811865474,1.0,0.0,1.0,0.0,0.0,1.0
85,21.25,physics_sindy_mpc,0,16.72743034362793,753.1459350585938,76.69758605957031,1.3814704418182373,0.0,400.0,-0.6593458151000687,0.7518398074789775,1.0,0.0,1.0,0.0,0.0,1.0
86,21.5,physics_sindy_mpc,0,16.742998123168945,753.5634155273438,76.18144226074219,1.0551401376724243,0.0,400.0,-0.608761429008721,0.7933533402912349,1.0,0.0,1.0,0.0,0.0,1.0
87,21.75,physics_sindy_mpc,0,16.742290496826172,754.2600708007812,75.76667785644531,0.7299065589904785,0.0,400.0,-0.555570233019603,0.8314696123025447,1.0,0.0,1.0,0.0,0.006044967248493809,1.0
88,22.0,physics_sindy_mpc,0,16.56268310546875,754.5603637695312,77.94048309326172,0.40467289090156555,0.0,400.0,-0.5000000000000004,0.8660254037844384,1.0,0.0,1.0,0.0,0.0,1.0
89,22.25,physics_sindy_mpc,0,16.695247650146484,756.2255249023438,75.93980407714844,0.10489039123058319,0.0,400.0,-0.4422886902190014,0.8968727415326883,1.0,0.0,1.0,0.0,0.040428783673327404,1.0
90,22.5,physics_sindy_mpc,0,16.366926193237305,755.0394897460938,81.97172546386719,0.3393961191177368,0.0,400.0,-0.38268343236508956,0.9238795325112868,1.0,0.0,1.0,0.0,0.0,1.0
91,22.75,physics_sindy_mpc,0,16.853384017944336,757.6820678710938,76.87371063232422,0.5645578503608704,0.0,400.0,-0.32143946530316186,0.9469301294951056,0.9947356492711712,0.0,1.0,0.0,1.290589002010629e-07,1.0
92,23.0,physics_sindy_mpc,0,16.97278594970703,759.3124389648438,75.62577819824219,0.7897196412086487,0.0,400.0,-0.25881904510252157,0.9659258262890681,0.9229144369059487,0.0,1.0,0.0,0.030577583806802817,1.0
93,23.25,physics_sindy_mpc,0,16.612255096435547,758.3794555664062,81.66724395751953,0.9976357221603394,0.0,399.9999694824219,-0.19509032201612872,0.9807852804032303,1.0,0.0,1.0,0.0,0.0,1.0
94,23.5,physics_sindy_mpc,0,16.979503631591797,760.3387451171875,77.21544647216797,0.8933141827583313,0.0,400.0,-0.13052619222005168,0.9914448613738104,0.938156662672103,0.0,1.0,0.0,1.822360512982956e-05,1.0
95,23.75,physics_sindy_mpc,0,16.962020874023438,760.9078979492188,76.20039367675781,0.7932422757148743,0.0,400.0,-0.0654031292301428,0.9978589232386035,0.8916707874393826,0.0,1.0,0.0,0.034358956149357474,1.0
96,24.0,physics_sindy_mpc,0,16.46442985534668,758.4390869140625,82.20697021484375,0.6931703686714172,0.0,400.0,0.0,1.0,1.0,0.0,1.0,0.0,0.0,1.0
97,24.25,physics_sindy_mpc,0,16.76390838623047,759.201904296875,77.49119567871094,0.5909495949745178,0.0,400.0,0.06540312923014306,0.9978589232386035,0.9815486061602973,0.0,1.0,0.0,3.080270686865352e-08,1.0
98,24.5,physics_sindy_mpc,0,16.786287307739258,759.4368896484375,76.1545181274414,0.43953990936279297,0.0,400.0,0.13052619222005157,0.9914448613738104,0.9496031760473294,0.0,1.0,0.0,0.031944674239915496,1.0
99,24.75,physics_sindy_mpc,0,16.395998001098633,757.5966186523438,81.80390167236328,0.2894320487976074,0.0,400.0,0.19509032201612825,0.9807852804032304,1.0,0.0,1.0,0.0,0.0,1.0
100,25.0,physics_sindy_mpc,0,16.778926849365234,759.4656372070312,77.1370620727539,0.13932423293590546,0.0,400.0,0.25881904510252074,0.9659258262890683,0.9587289421033008,0.0,1.0,0.0,1.928832201293542e-08,1.0
101,25.25,physics_sindy_mpc,0,16.8303165435791,760.7734985351562,75.972412109375,0.004841497167944908,0.0,400.0,0.3214394653031616,0.9469301294951057,0.886961894724665,0.0,1.0,0.0,2.8476814703782508e-08,1.0
102,25.5,physics_sindy_mpc,0,16.976911544799805,762.6761474609375,75.69034576416016,0.18770667910575867,0.0,400.0,0.3826834323650898,0.9238795325112867,0.7903414681042177,0.0,1.0,0.0,0.0,1.0
103,25.75,physics_sindy_mpc,0,17.132156372070312,764.9241943359375,76.25650787353516,0.3628324866294861,0.0,400.0,0.44228869021900125,0.8968727415326884,0.7110015194222769,0.0,1.0,0.0,0.0,1.0
104,26.0,physics_sindy_mpc,0,17.27544593811035,767.4674682617188,77.40470886230469,0.5379583239555359,0.0,400.0,0.49999999999999994,0.8660254037844387,0.6575744380434352,0.0,1.0,0.0,0.0,1.0
105,26.25,physics_sindy_mpc,0,17.414581298828125,770.3062133789062,78.83234405517578,0.7143534421920776,0.0,400.0,0.5555702330196022,0.8314696123025452,0.6414141277677201,0.0,1.0,0.0,0.0,1.0
106,26.5,physics_sindy_mpc,0,17.329133987426758,772.5632934570312,80.38792419433594,0.9150970578193665,0.0,400.0,0.6087614290087207,0.7933533402912352,0.6974946814434037,0.0,1.0,0.0,0.0,1.0
107,26.75,physics_sindy_mpc,0,17.203744888305664,774.6818237304688,81.30099487304688,1.1152408123016357,0.0,400.0,0.6593458151000688,0.7518398074789774,0.7546743971464318,0.0,1.0,0.0,0.0,1.0
108,27.0,physics_sindy_mpc,0,17.12347412109375,776.8854370117188,81.5748062133789,1.3153846263885498,0.0,400.0,0.7071067811865476,0.7071067811865476,0.7821643334262915,0.0,1.0,0.0,0.0,1.0
109,27.25,physics_sindy_mpc,0,17.085697174072266,779.1597290039062,81.51174926757812,1.4856191873550415,0.0,400.0,0.7518398074789774,0.6593458151000688,0.7955574349121665,0.0,1.0,0.0,0.0,1.0
110,27.5,physics_sindy_mpc,0,17.016923904418945,781.0184326171875,81.35916900634766,1.014737606048584,0.0,400.0,0.7933533402912352,0.6087614290087207,0.829763974660973,0.0,1.0,0.0,0.0,1.0
111,27.75,physics_sindy_mpc,0,16.94788932800293,782.4826049804688,81.03805541992188,0.5644140839576721,0.0,400.0,0.8314696123025451,0.5555702330196024,0.8637279421005546,0.0,1.0,0.0,0.0,1.0
112,28.0,physics_sindy_mpc,0,16.895206451416016,783.601806640625,80.56932067871094,0.11409058421850204,0.0,400.0,0.8660254037844386,0.5000000000000001,0.8828186978932661,0.0,1.0,0.0,0.0,1.0
113,28.25,physics_sindy_mpc,0,16.861373901367188,784.4213256835938,80.03541564941406,-0.2931599020957947,0.0,400.0,0.8968727415326884,0.44228869021900125,0.8732133538671444,0.0,1.0,0.0,0.0,1.0
114,28.5,physics_sindy_mpc,0,16.975696563720703,785.8726196289062,79.4832992553711,-0.08375269919633865,0.0,400.0,0.9238795325112867,0.38268343236508984,0.81402522087715,0.0,1.0,0.0,0.0,1.0
115,28.75,physics_sindy_mpc,0,17.10906982421875,787.7217407226562,79.38800048828125,0.11639108508825302,0.0,400.0,0.9469301294951056,0.3214394653031617,0.7563008078888486,0.0,1.0,0.0,0.0,1.0
116,29.0,physics_sindy_mpc,0,17.20619773864746,789.8220825195312,79.72848510742188,0.3165348768234253,0.0,400.0,0.9659258262890683,0.25881904510252074,0.7255288008131587,0.0,1.0,0.0,0.0,1.0
117,29.25,physics_sindy_mpc,0,17.271467208862305,792.16259765625,80.28790283203125,0.5117766261100769,0.07605629414319992,400.0,0.9807852804032304,0.19509032201612833,0.7222007696821794,0.0,1.0,0.0,0.0,1.0
118,29.5,physics_sindy_mpc,0,17.297100067138672,794.4381103515625,80.92699432373047,0.6355140209197998,2.2585670948028564,400.0,0.9914448613738104,0.1305261922200517,0.7406051450688835,0.0,1.0,0.0,0.0,1.0
119,29.75,physics_sindy_mpc,0,17.3336238861084,796.714599609375,81.3955078125,0.7606039047241211,4.343398094177246,400.0,0.9978589232386035,0.06540312923014327,0.7575401677133367,0.0,1.0,0.0,0.0,1.0
120,30.0,physics_sindy_mpc,0,17.400588989257812,799.0443115234375,81.68876647949219,0.8856937289237976,6.428228855133057,400.0,1.0,6.123233995736766e-17,0.75698226778812,0.0,1.0,0.0,0.0,1.0
121,30.25,physics_sindy_mpc,0,17.49480628967285,801.4197998046875,81.9134521484375,1.0267666578292847,8.815274238586426,400.0,0.9978589232386035,-0.06540312923014314,0.7450652913588457,0.0,1.0,0.001466822367982243,0.0,1.0
122,30.5,physics_sindy_mpc,0,17.70062828063965,802.1131591796875,82.22953033447266,1.4891444444656372,17.391565322875977,400.0,0.9914448613738104,-0.1305261922200516,0.7062668707550502,0.0,1.0,0.026154746406050318,0.0,1.0
123,30.75,physics_sindy_mpc,0,17.667165756225586,776.9778442382812,82.9141616821289,1.9394680261611938,25.73088836669922,400.0,0.9807852804032304,-0.1950903220161282,0.7316213400797025,0.044331353882202745,1.0,0.04999375115712853,0.0,1.0
124,31.0,physics_sindy_mpc,0,17.603914260864258,753.807861328125,83.18173217773438,2.389791488647461,34.070213317871094,400.0,0.9659258262890683,-0.25881904510252063,0.7308989196226431,0.12720720763363527,1.0,0.07174000931317545,0.0,1.0
125,31.25,physics_sindy_mpc,0,17.58985137939453,756.9849243164062,83.2900390625,2.8145229816436768,43.23124694824219,399.9999694824219,0.9469301294951057,-0.3214394653031616,0.6937071838124061,0.15346318807473133,1.0,0.09515561551121757,0.0,1.0
126,31.5,physics_sindy_mpc,0,17.693117141723633,763.4303588867188,83.58626556396484,2.9362330436706543,67.39955139160156,400.0,0.9238795325112868,-0.3826834323650895,0.6476376256956667,0.18254870683024452,1.0,0.13218916446565107,0.0,1.0
127,31.75,physics_sindy_mpc,0,17.773191452026367,772.2727661132812,83.74769592285156,3.0613226890563965,91.02764129638672,400.0,0.8968727415326884,-0.44228869021900113,0.5785207128520317,0.2042143559154575,1.0,0.16622490957167696,0.0,1.0
128,32.0,physics_sindy_mpc,0,17.81267547607422,782.0786743164062,84.10741424560547,3.1864125728607178,114.65572357177734,399.9999694824219,0.8660254037844387,-0.4999999999999998,0.505514627283453,0.22763324490065018,1.0,0.2054238754518968,0.0,1.0
129,32.25,physics_sindy_mpc,0,17.81214714050293,793.8180541992188,84.61176300048828,3.321648597717285,139.15084838867188,400.0,0.8314696123025451,-0.5555702330196023,0.427900391962656,0.2558619619273354,1.0,0.25329766522407604,0.0,1.0
130,32.5,physics_sindy_mpc,0,17.858251571655273,808.8201904296875,85.18926239013672,3.627821683883667,177.0888214111328,400.0,0.7933533402912352,-0.6087614290087207,0.3337358534255163,0.2949881614644062,1.0,0.31907124220841493,0.0,1.0
131,32.75,physics_sindy_mpc,0,17.85772132873535,829.4705200195312,85.92103576660156,3.928037405014038,214.61578369140625,400.0,0.7518398074789774,-0.6593458151000688,0.27448756530260465,0.31790383736914324,1.0,0.38358978323237314,0.0,1.0
132,33.0,physics_sindy_mpc,0,17.87040138244629,849.67333984375,86.63391876220703,4.22825288772583,252.1427459716797,400.0,0.7071067811865476,-0.7071067811865475,0.24964891471952924,0.3218614810558981,0.98988137519424,0.40000000982890455,0.0,0.849492582417703
133,33.25,physics_sindy_mpc,0,17.899568557739258,840.5215454101562,89.30451965332031,4.550054550170898,288.4368591308594,400.0,0.659345815100069,-0.7518398074789773,0.47724687955854667,0.4257077724447341,0.9604670501354189,0.4000000098754471,0.0,0.25632125215396884
134,33.5,physics_sindy_mpc,0,17.976089477539062,759.1773681640625,87.99591064453125,5.212149620056152,309.697265625,400.0,0.6087614290087209,-0.793353340291235,0.3475137026574401,0.5974996501778281,0.922206206908155,0.4000000097674547,0.0,0.19427054613672223
135,33.75,physics_sindy_mpc,0,17.196617126464844,696.8243408203125,86.33732604980469,5.862617015838623,331.2405090332031,400.0,0.5555702330196025,-0.831469612302545,0.2296749690756461,0.7042816289034715,0.8779454399642668,0.4000000096885071,0.0,0.25917593229234037
136,34.0,physics_sindy_mpc,0,16.542118072509766,664.1696166992188,83.28561401367188,6.5130839347839355,352.7837829589844,400.0,0.49999999999999994,-0.8660254037844387,0.0,0.7114109518623206,0.8366068557406099,0.4000000057819135,0.0,0.5912050925304271
137,34.25,physics_sindy_mpc,0,16.09507179260254,650.0839233398438,80.41085052490234,7.10698127746582,374.67156982421875,400.0,0.4422886902190017,-0.8968727415326881,0.0,0.7052990588670885,0.7976220727437091,0.36682276921104545,0.0,0.7903763398085889
138,34.5,physics_sindy_mpc,0,15.328057289123535,632.371337890625,78.28815460205078,7.154924392700195,401.2101745605469,399.9999694824219,0.3826834323650899,-0.9238795325112867,0.0,0.7174529838015079,0.7562150520867199,0.3509004003343424,0.0,0.8301158055213891
139,34.75,physics_sindy_mpc,0,15.131349563598633,639.6228637695312,77.48466491699219,7.204960346221924,427.6180114746094,400.0000305175781,0.32143946530316175,-0.9469301294951056,0.0,0.7259683882487561,0.7211346439358486,0.34702316492006696,0.0,0.7510408940446651
140,35.0,physics_sindy_mpc,0,14.276935577392578,595.1539916992188,74.65208435058594,7.254996299743652,454.02587890625,400.0,0.258819045102521,-0.9659258262890682,0.0,0.7890109324380652,0.6959485980673132,0.33591929042179586,0.0,0.7886107627995914
141,35.25,physics_sindy_mpc,0,14.174302101135254,607.99951171875,73.47742462158203,7.290969371795654,478.34576416015625,400.0,0.19509032201612816,-0.9807852804032304,0.0,0.7833535779479581,0.6867286968924975,0.33328354131677934,0.0,0.751194615962823
142,35.5,physics_sindy_mpc,0,13.74337387084961,591.4942626953125,72.26148986816406,7.1072611808776855,482.3667907714844,400.0,0.130526192220052,-0.9914448613738104,0.0,0.7798895659710305,0.6829512286906104,0.3212061774847315,0.0,0.8273832613641704
143,35.75,physics_sindy_mpc,0,14.03414535522461,624.415771484375,73.65623474121094,6.932135105133057,486.5364685058594,400.0,0.06540312923014312,-0.9978589232386035,0.0,0.7300072927448195,0.6848531425572585,0.3251476672089721,0.0,0.7703562885975127
144,36.0,physics_sindy_mpc,0,13.460357666015625,586.5687866210938,71.85110473632812,6.757009506225586,490.70611572265625,400.0,1.2246467991473532e-16,-1.0,0.0,0.7556827599802882,0.6878492497889633,0.31446596643218044,0.0,0.8959368746738636
145,36.25,physics_sindy_mpc,0,14.40605640411377,673.3694458007812,76.20735931396484,6.590759754180908,493.3882751464844,400.0,-0.06540312923014287,-0.9978589232386035,0.0,0.6415071479064121,0.6989044892483626,0.3377867631482378,0.0,0.7300770321705699
146,36.5,physics_sindy_mpc,0,12.708902359008789,555.545654296875,71.65142822265625,6.517181873321533,472.97308349609375,400.0,-0.13052619222005177,-0.9914448613738104,0.0,0.7114320372365542,0.6992679369935427,0.28448095535240314,0.0,1.0
147,36.75,physics_sindy_mpc,0,15.769104957580566,812.2664794921875,79.71774291992188,6.4421281814575195,453.5146484375,400.0,-0.19509032201612792,-0.9807852804032305,0.0,0.4054821888163179,0.7183889587646489,0.34006061884963246,0.0,0.758791205360102
148,37.0,physics_sindy_mpc,0,12.385430335998535,538.010498046875,74.58027648925781,6.367074012756348,434.0562438964844,400.0,-0.2588190451025208,-0.9659258262890683,0.0,0.6416079260252606,0.7223745422280777,0.2566502429552492,0.0,1.0
149,37.25,physics_sindy_mpc,0,15.21119499206543,770.7167358398438,81.60292053222656,6.28483247756958,413.4068908691406,400.0,-0.32143946530316153,-0.9469301294951057,0.0,0.42979041701289816,0.7388980617359419,0.3764348237281063,0.0,0.9275867178058624
150,37.5,physics_sindy_mpc,0,13.609715461730957,680.4578857421875,83.75719451904297,6.106254577636719,377.4562683105469,400.0,-0.38268343236508967,-0.9238795325112868,0.620267091095473,0.5939935959935492,0.7559645824452222,0.40000000980470596,0.0,0.946796962994081
151,37.75,physics_sindy_mpc,0,13.615036964416504,731.6949462890625,84.35272216796875,5.93112850189209,342.0141296386719,400.0,-0.44228869021900147,-0.8968727415326883,0.8242771930974901,0.48933609731097855,0.7927481604343742,0.3627255683665633,0.0,1.0
152,38.0,physics_sindy_mpc,0,15.059089660644531,850.7133178710938,85.51190948486328,5.756002902984619,306.572021484375,400.0,-0.4999999999999997,-0.8660254037844388,0.8369355037317754,0.2684113656986812,0.8575900397820069,0.34973318752646637,0.0,1.0
153,38.25,physics_sindy_mpc,0,15.638212203979492,850.6890258789062,85.86726379394531,5.590323448181152,272.186767578125,400.0,-0.555570233019602,-0.8314696123025455,0.8598734820809528,0.2376519835473281,0.9294983302029585,0.3385677967457559,0.0,1.0
154,38.5,physics_sindy_mpc,0,16.038354873657227,835.205322265625,85.109375,5.516750335693359,248.79183959960938,400.0,-0.6087614290087207,-0.7933533402912352,0.7887843567442102,0.22681818143523436,0.9842628869599063,0.3050537078945513,0.0,1.0
155,38.75,physics_sindy_mpc,0,16.318767547607422,818.2435302734375,84.35578155517578,5.441696643829346,225.16375732421875,400.0,-0.6593458151000688,-0.7518398074789774,0.719290798942829,0.2227819677766919,1.0,0.26884477873994206,0.0,1.0
156,39.0,physics_sindy_mpc,0,16.484088897705078,804.0953979492188,83.84296417236328,5.366642475128174,201.53565979003906,400.0,-0.7071067811865471,-0.7071067811865479,0.691931046652395,0.21638256850091425,1.0,0.23470950039324603,0.0,1.0
157,39.25,physics_sindy_mpc,0,16.553068161010742,792.0726318359375,83.48724365234375,5.273581504821777,177.78709411621094,400.0,-0.7518398074789773,-0.6593458151000691,0.7104115982677254,0.2025032075791716,1.0,0.19902839223450658,0.0,1.0
158,39.5,physics_sindy_mpc,0,16.499635696411133,779.5896606445312,83.1780776977539,4.938317775726318,152.7338409423828,400.0,-0.7933533402912349,-0.6087614290087209,0.7733306298109451,0.18000165664862983,1.0,0.15330753967032948,0.0,1.0
159,39.75,physics_sindy_mpc,0,16.471782684326172,766.1162719726562,82.73320770263672,4.613084316253662,127.71587371826172,400.0,-0.8314696123025452,-0.5555702330196022,0.8354588239132559,0.1560817922447711,1.0,0.10318338909774012,0.0,1.0
160,40.0,physics_sindy_mpc,0,16.511646270751953,753.9909057617188,82.33705139160156,4.287850379943848,102.6978988647461,400.0,-0.8660254037844385,-0.5000000000000004,0.9013329453294716,0.1333202488457578,1.0,0.0561275738103885,0.0,1.0
161,40.25,physics_sindy_mpc,0,16.661239624023438,748.1249389648438,82.06450653076172,3.960380792617798,78.19903564453125,400.0000305175781,-0.8968727415326883,-0.44228869021900136,0.9806046859919563,0.10667324605222984,1.0,0.016874819027781717,0.0,1.0
162,40.5,physics_sindy_mpc,0,17.054426193237305,756.9548950195312,81.44184875488281,3.609489679336548,58.860530853271484,400.0,-0.9238795325112868,-0.3826834323650895,0.9999999160383954,0.05130738268769989,1.0,0.0,0.0,1.0
163,40.75,physics_sindy_mpc,0,17.385814666748047,768.6126098632812,80.76100158691406,3.2592380046844482,39.40210723876953,400.0,-0.9469301294951056,-0.3214394653031618,0.9832644119566755,0.0,1.0,0.0,0.0,1.0
164,41.0,physics_sindy_mpc,0,17.43474006652832,766.0670776367188,79.96912384033203,2.9089863300323486,19.94368553161621,400.0,-0.9659258262890683,-0.25881904510252063,0.9698887626348951,0.0,1.0,0.0,0.0,1.0
165,41.25,physics_sindy_mpc,0,17.328144073486328,764.0484008789062,78.85888671875,2.57106351852417,2.6640613079071045,400.0,-0.9807852804032303,-0.19509032201612866,0.9651724494022133,0.0,1.0,0.0,0.0,1.0
166,41.5,physics_sindy_mpc,0,17.32308006286621,762.97119140625,77.86254119873047,2.3483104705810547,2.0009584426879883,400.0,-0.9914448613738104,-0.13052619222005163,0.9387499707383636,0.0,1.0,0.0,0.0,1.0
167,41.75,physics_sindy_mpc,0,17.335363388061523,762.6221313476562,77.22927856445312,2.1231489181518555,1.306014895439148,400.0,-0.9978589232386035,-0.06540312923014273,0.9281077990551948,0.0,1.0,0.0,0.0,1.0
168,42.0,physics_sindy_mpc,0,17.340145111083984,762.92236328125,76.87212371826172,1.8979870080947876,0.6110711693763733,400.0,-1.0,-1.8369701987210297e-16,0.9368328335235757,0.0,1.0,0.0,0.0,1.0
169,42.25,physics_sindy_mpc,0,17.346214294433594,763.8350219726562,76.62590789794922,1.675266981124878,0.0,400.0,-0.9978589232386036,0.06540312923014237,0.9552319574058878,0.0,1.0,0.0,0.0,1.0
170,42.5,physics_sindy_mpc,0,17.313297271728516,764.7344360351562,76.42503356933594,1.4757009744644165,0.0,400.0,-0.9914448613738105,0.13052619222005127,0.9999999966462476,0.0,1.0,0.0,0.0,1.0
171,42.75,physics_sindy_mpc,0,17.294939041137695,765.6491088867188,76.04523468017578,1.2755571603775024,0.0,400.0,-0.9807852804032304,0.1950903220161283,1.0,0.0,1.0,0.0,0.0,1.0
172,43.0,physics_sindy_mpc,0,17.280780792236328,766.5504760742188,75.61107635498047,1.0754133462905884,0.0,400.0,-0.9659258262890684,0.2588190451025203,1.0,0.0,1.0,0.0,0.0,1.0
173,43.25,physics_sindy_mpc,0,17.253618240356445,767.3955688476562,75.2190933227539,0.8728258609771729,0.0,400.0,-0.9469301294951057,0.3214394653031615,1.0,0.0,1.0,0.0,0.00977366246586367,1.0
174,43.5,physics_sindy_mpc,0,16.986967086791992,767.186279296875,78.54708862304688,0.6470165252685547,0.0,400.0,-0.923879532511287,0.38268343236508917,1.0,0.0,1.0,0.0,0.0,1.0
175,43.75,physics_sindy_mpc,0,17.188840866088867,768.6087036132812,75.7847671508789,0.42185479402542114,0.0,400.0,-0.8968727415326884,0.442288690219001,1.0,0.0,1.0,0.0,0.06339941322964353,1.0
176,44.0,physics_sindy_mpc,0,16.742422103881836,765.6431884765625,82.58089447021484,0.1966930329799652,0.0,400.0,-0.8660254037844386,0.5000000000000001,1.0,0.0,1.0,0.0,0.0,1.0
177,44.25,physics_sindy_mpc,0,17.15386199951172,767.66552734375,76.74063110351562,0.0,0.0,400.0,-0.8314696123025455,0.5555702330196018,1.0,0.0,1.0,0.0,0.06289066655106519,1.0
178,44.5,physics_sindy_mpc,0,16.74890899658203,764.8467407226562,82.59664154052734,0.0,0.0,400.0,-0.7933533402912357,0.6087614290087199,1.0,0.0,1.0,0.0,0.0,1.0
179,44.75,physics_sindy_mpc,0,17.166980743408203,766.8955688476562,76.69989013671875,0.0,0.0,400.0,-0.7518398074789772,0.6593458151000691,1.0,0.0,1.0,0.0,0.07722553924443286,1.0
180,45.0,physics_sindy_mpc,0,16.759859085083008,763.4793701171875,82.86448669433594,0.0,0.0,400.0,-0.7071067811865477,0.7071067811865474,1.0,0.0,1.0,0.0,0.0,1.0
181,45.25,physics_sindy_mpc,0,17.18723487854004,765.5806884765625,76.7544174194336,-0.01619386300444603,0.0,400.0,-0.6593458151000687,0.7518398074789775,1.0,0.0,1.0,0.0,0.08726710707464873,1.0
182,45.5,physics_sindy_mpc,0,16.74357032775879,761.6697387695312,82.99223327636719,-0.22602444887161255,0.0,400.0,-0.608761429008721,0.7933533402912349,1.0,0.0,1.0,0.0,0.0,1.0
183,45.75,physics_sindy_mpc,0,17.11524772644043,763.6595458984375,76.75272369384766,-0.4261682331562042,0.0,400.0,-0.555570233019603,0.8314696123025447,1.0,0.0,1.0,0.0,0.10281856168280933,1.0
184,46.0,physics_sindy_mpc,0,16.649885177612305,759.0816650390625,83.05583190917969,-0.6263120174407959,0.0,400.0,-0.5000000000000004,0.8660254037844384,1.0,0.0,1.0,0.0,0.0,1.0
185,46.25,physics_sindy_mpc,0,17.00397491455078,761.0807495117188,76.64361572265625,-0.8080576658248901,0.0,400.0,-0.4422886902190014,0.8968727415326883,1.0,0.0,1.0,0.0,0.10588944257260573,1.0
186,46.5,physics_sindy_mpc,0,16.54914665222168,756.455322265625,82.97386932373047,-0.8566498756408691,0.0,400.0,-0.38268343236508956,0.9238795325112868,1.0,0.0,1.0,0.0,0.0,1.0
187,46.75,physics_sindy_mpc,0,16.928924560546875,758.5645141601562,76.5139389038086,-0.9066858291625977,0.0,400.0,-0.32143946530316186,0.9469301294951056,1.0,0.0,1.0,0.0,0.09638118609309555,1.0
188,47.0,physics_sindy_mpc,0,16.476747512817383,754.388916015625,82.84080505371094,-0.9567217826843262,0.0,400.0,-0.25881904510252157,0.9659258262890681,1.0,0.0,1.0,0.0,0.0,1.0
189,47.25,physics_sindy_mpc,0,16.864585876464844,756.5633544921875,76.4111099243164,-1.014335036277771,0.0,400.0,-0.19509032201612872,0.9807852804032303,1.0,0.0,1.0,0.0,0.08929975608054305,1.0
190,47.5,physics_sindy_mpc,0,16.41359519958496,753.0319213867188,82.72635650634766,-1.141984224319458,0.0,400.0,-0.13052619222005168,0.9914448613738104,1.0,0.0,1.0,0.0,0.0,1.0
191,47.75,physics_sindy_mpc,0,16.80970001220703,755.8712158203125,76.32707214355469,-1.2670739889144897,0.0,400.0,-0.0654031292301428,0.9978589232386035,1.0,0.0,1.0,0.0,0.09467693569249891,1.0
192,48.0,physics_sindy_mpc,0,16.367490768432617,752.8263549804688,82.74335479736328,-1.392163872718811,0.0,400.0,0.0,1.0,1.0,0.0,1.0,0.0,0.0,1.0
193,48.25,physics_sindy_mpc,0,16.77278709411621,756.3817749023438,76.29295349121094,-1.5143295526504517,0.0,400.0,0.06540312923014306,0.9978589232386035,1.0,0.0,1.0,0.0,0.09583515462751488,1.0
194,48.5,physics_sindy_mpc,0,16.34016990661621,753.9923706054688,82.72638702392578,-1.613874912261963,0.0,400.0,0.13052619222005157,0.9914448613738104,1.0,0.0,1.0,0.0,0.0,1.0
195,48.75,physics_sindy_mpc,0,16.755126953125,758.2601928710938,76.28571319580078,-1.71394681930542,0.0,400.0,0.19509032201612825,0.9807852804032304,1.0,0.0,1.0,0.0,0.10618838245856399,1.0
196,49.0,physics_sindy_mpc,0,16.34038543701172,756.1622924804688,82.79537963867188,-1.814018726348877,0.0,400.0,0.25881904510252074,0.9659258262890683,1.0,0.0,1.0,0.0,0.0,1.0
197,49.25,physics_sindy_mpc,0,16.759719848632812,761.109375,76.34400939941406,-1.892953872680664,0.0,400.0,0.3214394653031616,0.9469301294951057,1.0,0.0,1.0,0.0,0.12836919008145753,1.0
198,49.5,physics_sindy_mpc,0,16.376989364624023,758.5292358398438,82.92942810058594,-1.8143781423568726,0.0,400.0,0.3826834323650898,0.9238795325112867,1.0,0.0,1.0,0.0,0.0,1.0
199,49.75,physics_sindy_mpc,0,16.80367088317871,763.5866088867188,76.43427276611328,-1.7393242120742798,0.0,400.0,0.44228869021900125,0.8968727415326884,1.0,0.0,1.0,0.0,0.12323669386971116,1.0
200,50.0,physics_sindy_mpc,0,16.419889450073242,761.2174682617188,82.95916748046875,-1.664270281791687,0.0,400.0,0.49999999999999994,0.8660254037844387,1.0,0.0,1.0,0.0,0.0,1.0
201,50.25,physics_sindy_mpc,0,16.85955810546875,766.3121337890625,76.48443603515625,-1.6437791585922241,0.0,400.0,0.5555702330196022,0.8314696123025452,1.0,0.0,1.0,0.0,0.1338650315014266,1.0
202,50.5,physics_sindy_mpc,0,16.58424949645996,763.7892456054688,83.05033874511719,-2.115025043487549,0.0,400.0,0.6087614290087207,0.7933533402912352,1.0,0.0,1.0,0.0,0.0,1.0
203,50.75,physics_sindy_mpc,0,17.17074966430664,769.3082885742188,76.67218780517578,-2.5653486251831055,0.0,400.0,0.6593458151000688,0.7518398074789774,1.0,0.0,1.0,0.0,0.17585684534082247,1.0
204,51.0,physics_sindy_mpc,0,17.029579162597656,765.4166870117188,83.39295959472656,-3.015672206878662,0.0,400.0,0.7071067811865476,0.7071067811865476,1.0,0.0,1.0,0.0,0.0,1.0
205,51.25,physics_sindy_mpc,0,17.641237258911133,771.126220703125,77.26195526123047,-3.3597357273101807,0.0,400.0000305175781,0.7518398074789774,0.6593458151000688,1.0,0.0,1.0,0.0,0.18615081394221247,1.0
206,51.5,physics_sindy_mpc,0,17.353225708007812,766.798583984375,83.74964141845703,-2.941049575805664,0.0,400.0,0.7933533402912352,0.6087614290087207,1.0,0.0,1.0,0.0,0.0,1.0
207,51.75,physics_sindy_mpc,0,17.672529220581055,772.4625244140625,77.68965911865234,-2.540761947631836,0.0,400.0,0.8314696123025451,0.5555702330196024,1.0,0.0,1.0,0.0,0.12006918513274242,1.0
208,52.0,physics_sindy_mpc,0,17.16518783569336,771.0232543945312,83.57555389404297,-2.140474557876587,0.0,400.0,0.8660254037844386,0.5000000000000001,1.0,0.0,1.0,0.0,0.0,1.0
209,52.25,physics_sindy_mpc,0,17.40584945678711,776.804931640625,77.2833023071289,-1.8208136558532715,0.0,400.0,0.8968727415326884,0.44228869021900125,0.9999999999443925,0.0,1.0,0.0,0.10907515873417521,1.0
210,52.5,physics_sindy_mpc,0,16.88416290283203,775.822509765625,83.22259521484375,-2.030050277709961,0.0,400.0,0.9238795325112867,0.38268343236508984,1.0,0.0,1.0,0.0,0.0,1.0
211,52.75,physics_sindy_mpc,0,17.191883087158203,781.759521484375,76.7988052368164,-2.230194091796875,0.0,400.0,0.9469301294951056,0.3214394653031617,1.0,0.0,1.0,0.0,0.1328433264682221,1.0
212,53.0,physics_sindy_mpc,0,16.71622085571289,779.87353515625,83.06369018554688,-2.430337905883789,0.0,400.0,0.9659258262890683,0.25881904510252074,1.0,0.0,1.0,0.0,0.0,1.0
213,53.25,physics_sindy_mpc,0,17.048110961914062,785.89697265625,76.58501434326172,-2.573122978210449,0.6719257831573486,400.0,0.9807852804032304,0.19509032201612833,1.0,0.0,1.0,0.0,0.0,1.0
214,53.5,physics_sindy_mpc,0,17.079309463500977,790.8936157226562,74.97205352783203,-2.311718225479126,7.207045078277588,400.0,0.9914448613738104,0.1305261922200517,0.9234157333442321,0.0,1.0,0.0,0.0,1.0
215,53.75,physics_sindy_mpc,0,17.08747673034668,795.4423828125,74.7347183227539,-2.0615384578704834,13.461538314819336,400.0,0.9978589232386035,0.06540312923014327,0.827511642714208,0.0,1.0,0.0,0.0,1.0
216,54.0,physics_sindy_mpc,0,17.042726516723633,799.3948974609375,75.37108612060547,-1.8113586902618408,19.716032028198242,400.0,1.0,6.123233995736766e-17,0.7614974478706796,0.0,1.0,0.0,0.0,1.0
217,54.25,physics_sindy_mpc,0,17.002914428710938,802.9547119140625,76.48411560058594,-1.5297421216964722,27.496217727661133,400.0,0.9978589232386035,-0.06540312923014314,0.7097404801774875,0.0,1.0,0.0,0.0,1.0
218,54.5,physics_sindy_mpc,0,17.367778778076172,807.5047607421875,77.86592102050781,-1.0219985246658325,46.675052642822266,400.0,0.9914448613738104,-0.1305261922200516,0.6230947824681426,0.0,1.0,0.0,0.0,1.0
219,54.75,physics_sindy_mpc,0,17.934616088867188,812.5517578125,79.86795043945312,-0.5216391086578369,65.43852996826172,400.0,0.9807852804032304,-0.1950903220161282,0.5680835969146086,0.0,1.0,0.01723717867691647,0.0,1.0
220,55.0,physics_sindy_mpc,0,18.370569229125977,797.8258056640625,82.19869995117188,-0.021279655396938324,84.20201110839844,400.0,0.9659258262890683,-0.25881904510252063,0.5891691136324397,0.02221056387411538,1.0,0.06614419207707156,0.0,1.0
221,55.25,physics_sindy_mpc,0,18.40144920349121,759.5596923828125,83.76364135742188,0.5248100161552429,104.86431121826172,400.0,0.9469301294951057,-0.3214394653031616,0.6306541695390018,0.1893248767058976,1.0,0.1374520570750557,0.0,1.0
222,55.5,physics_sindy_mpc,0,18.20608139038086,770.4944458007812,83.52613830566406,1.3850467205047607,138.62928771972656,400.0,0.9238795325112868,-0.3826834323650895,0.47703174567078405,0.23081623339818202,1.0,0.18301022793198568,0.0,1.0
223,55.75,physics_sindy_mpc,0,18.11223602294922,788.2625732421875,83.41650390625,2.2356576919555664,171.98658752441406,399.9999694824219,0.8968727415326884,-0.44228869021900113,0.24707968653393278,0.25794686816143764,1.0,0.23451470883092032,0.0,1.0
224,56.0,physics_sindy_mpc,0,18.00048828125,808.0926513671875,83.97351837158203,3.086268901824951,205.3438720703125,400.0,0.8660254037844387,-0.4999999999999998,0.09531944126225245,0.2795708688555909,1.0,0.29908588132868724,0.0,1.0
225,56.25,physics_sindy_mpc,0,17.867572784423828,828.3602905273438,84.85546875,3.8666443824768066,239.56166076660156,399.9999694824219,0.8314696123025451,-0.5555702330196023,0.0340651272884743,0.3065039846940381,1.0,0.3718983829077621,0.0,1.0
226,56.5,physics_sindy_mpc,0,17.847644805908203,851.8405151367188,85.67171478271484,4.235657691955566,279.3194274902344,400.0,0.7933533402912352,-0.6087614290087207,0.008200442315227702,0.31385723004346555,0.9889849765211621,0.40000000991221996,0.0,0.8598013333090971
227,56.75,physics_sindy_mpc,0,17.855283737182617,846.8364868164062,88.3895034790039,4.610927581787109,318.93121337890625,400.0,0.7518398074789774,-0.6593458151000688,0.23500216073698124,0.42016241612651495,0.9564689114331503,0.4000000099545463,0.0,0.25075183429799636
228,57.0,physics_sindy_mpc,0,17.901296615600586,758.245849609375,85.53376007080078,4.986196994781494,358.54302978515625,400.0,0.7071067811865476,-0.7071067811865475,0.0,0.5800858460382597,0.9299650156583613,0.40000000947498776,0.0,0.38381015178710387
229,57.25,physics_sindy_mpc,0,17.3472900390625,722.2845458984375,82.63709259033203,5.335359573364258,391.94915771484375,399.9999694824219,0.659345815100069,-0.7518398074789773,0.0,0.6006433968197816,0.9129168784142054,0.36503064038485195,0.0,0.588232159988716
230,57.5,physics_sindy_mpc,0,16.741310119628906,715.711181640625,81.33641052246094,5.532926082611084,393.2842102050781,400.0,0.6087614290087209,-0.793353340291235,0.0,0.5723059812905521,0.8942893743183267,0.340885889789817,0.0,0.6754425543859044
231,57.75,physics_sindy_mpc,0,16.285364151000977,702.5692749023438,80.28079223632812,5.733069896697998,394.6741027832031,400.0,0.5555702330196025,-0.831469612302545,0.0,0.5687196200430773,0.8746716875968495,0.32507294711247803,0.0,0.7255787826046849
232,58.0,physics_sindy_mpc,0,15.922712326049805,692.2841186523438,79.50312805175781,5.933213710784912,396.0639953613281,400.0,0.49999999999999994,-0.8660254037844387,0.0,0.5693510823459609,0.8540905204021859,0.31623966072560655,0.0,0.7682041303093139
233,58.25,physics_sindy_mpc,0,15.629467964172363,683.8212280273438,78.75360107421875,6.104979038238525,399.8507995605469,400.0,0.4422886902190017,-0.8968727415326881,0.0,0.5779064617962061,0.8320778190171956,0.313948621781577,0.0,0.8072281725851054
234,58.5,physics_sindy_mpc,0,15.467659950256348,672.5780639648438,77.31429290771484,6.12918758392334,420.7344970703125,400.0,0.3826834323650899,-0.9238795325112867,0.0,0.6172668874821593,0.8112730091138145,0.31544334162298837,0.0,0.8059850430030713
235,58.75,physics_sindy_mpc,0,15.343207359313965,665.6302490234375,75.98080444335938,6.154205799102783,440.8878479003906,400.0,0.32143946530316175,-0.9469301294951056,0.0,0.6522463476025671,0.7960215766227894,0.3167773482726083,0.0,0.7924390579409669
236,59.0,physics_sindy_mpc,0,15.280855178833008,660.493408203125,74.82093048095703,6.179223537445068,461.0412292480469,400.0,0.258819045102521,-0.9659258262890682,0.0,0.6838910487288701,0.7914298150681831,0.31857066334816553,0.0,0.7685409079804535
237,59.25,physics_sindy_mpc,0,15.24043083190918,657.5344848632812,74.06417083740234,6.207801342010498,476.8836364746094,400.0,0.19509032201612816,-0.9807852804032304,0.0,0.7019354695834005,0.7934373882904775,0.3199197118311745,0.0,0.7534158940281342
238,59.5,physics_sindy_mpc,0,14.995135307312012,655.1361694335938,73.96307373046875,6.258519172668457,469.650146484375,400.0,0.130526192220052,-0.9914448613738104,0.0,0.6799784947363549,0.7961024057604555,0.3158023686890294,0.0,0.8239338386458698
239,59.75,physics_sindy_mpc,0,14.92538833618164,663.5606689453125,74.45777893066406,6.3085551261901855,462.70068359375,400.0,0.06540312923014312,-0.9978589232386035,0.0,0.6474078734373353,0.8004592777301276,0.31755780645194664,0.0,0.8715396995714387
240,60.0,physics_sindy_mpc,0,15.068044662475586,684.9697265625,76.12709045410156,6.358591079711914,455.7512512207031,400.0,1.2246467991473532e-16,-1.0,0.0,0.6036923810162689,0.8087078698999669,0.33013022220200694,0.0,0.8799710073286698
241,60.25,physics_sindy_mpc,0,14.87407112121582,679.8453369140625,76.77891540527344,6.393380641937256,444.1920471191406,400.0,-0.06540312923014287,-0.9978589232386035,0.0,0.5753865138865877,0.8210980160351619,0.33772748375028744,0.0,0.9948283588879739
242,60.5,physics_sindy_mpc,0,16.382722854614258,854.26904296875,84.8090591430664,6.341337203979492,402.74383544921875,400.0,-0.13052619222005177,-0.9914448613738104,0.057177403476384614,0.38710557670046936,0.8175956869093378,0.400000009813559,0.0,0.5902747974988247
243,60.75,physics_sindy_mpc,0,13.231475830078125,581.5132446289062,76.37088775634766,6.291301250457764,362.4371032714844,400.0,-0.19509032201612792,-0.9807852804032305,0.0,0.5426542941938303,0.8288626491874779,0.21360322109907157,0.0,1.0
244,61.0,physics_sindy_mpc,0,15.471376419067383,775.0179443359375,82.20198822021484,6.241265296936035,322.13037109375,400.0,-0.2588190451025208,-0.9659258262890683,0.18985988168331647,0.3904902384327587,0.8749951670153211,0.3279199555624004,0.0,1.0
245,61.25,physics_sindy_mpc,0,15.613280296325684,853.103515625,87.77633666992188,6.17664098739624,284.7380676269531,400.0,-0.32143946530316153,-0.9469301294951057,0.8595803862649343,0.32542809319542515,0.9292619873406877,0.4000000098373406,0.0,0.8117785354238765
246,61.5,physics_sindy_mpc,0,13.99033260345459,698.5426635742188,83.84874725341797,6.023580074310303,262.75262451171875,400.0,-0.38268343236508967,-0.9238795325112868,0.848194102339844,0.4653776372044041,0.9742871440292282,0.2745031345352368,0.0,1.0
247,61.75,physics_sindy_mpc,0,15.685480117797852,828.3030395507812,83.42721557617188,5.873472213745117,240.51441955566406,400.0,-0.44228869021900147,-0.8968727415326883,0.6297597306076645,0.20546788154615478,1.0,0.2540696190232778,0.0,1.0
248,62.0,physics_sindy_mpc,0,16.334056854248047,825.8615112304688,84.84574890136719,5.723364353179932,218.27621459960938,400.0,-0.4999999999999997,-0.8660254037844388,0.6935309351688936,0.22974141074934282,1.0,0.2889857456927067,0.0,1.0
249,62.25,physics_sindy_mpc,0,16.563865661621094,825.6982421875,85.0445327758789,5.573256492614746,196.2597198486328,400.0,-0.555570233019602,-0.8314696123025455,0.748659192929501,0.21579517470084555,1.0,0.27603898889107314,0.0,1.0
250,62.5,physics_sindy_mpc,0,16.692781448364258,817.177001953125,84.36637115478516,5.4231486320495605,175.4373321533203,400.0,-0.6087614290087207,-0.7933533402912352,0.7382582716494235,0.19084315559268875,1.0,0.23394479350154873,0.0,1.0
251,62.75,physics_sindy_mpc,0,16.81253433227539,801.7626342773438,83.59889221191406,5.273040771484375,154.58901977539062,400.0,-0.6593458151000688,-0.7518398074789774,0.7106592554352484,0.1780784903801789,1.0,0.191041678107498,0.0,1.0
252,63.0,physics_sindy_mpc,0,16.89853858947754,786.8945922851562,83.01699829101562,5.1229329109191895,133.74070739746094,400.0,-0.7071067811865471,-0.7071067811865479,0.7003761710214833,0.16916539854148493,1.0,0.15342944540432044,0.0,1.0
253,63.25,physics_sindy_mpc,0,16.964763641357422,775.0036010742188,82.57393646240234,4.968804359436035,113.11870574951172,400.0,-0.7518398074789773,-0.6593458151000691,0.708561675425643,0.15705618323713347,1.0,0.11922984360986168,0.0,1.0
254,63.5,physics_sindy_mpc,0,17.043498992919922,765.7171630859375,82.28740692138672,4.79317045211792,93.68560028076172,400.0,-0.7933533402912349,-0.6087614290087209,0.7335285261431146,0.14326207792389076,1.0,0.08961651595722327,0.0,1.0
255,63.75,physics_sindy_mpc,0,17.121540069580078,758.3192749023438,82.13275909423828,4.618044376373291,74.2271728515625,400.0,-0.8314696123025452,-0.5555702330196022,0.7736920294004976,0.12782621878487777,1.0,0.06301038526736852,0.0,1.0
256,64.0,physics_sindy_mpc,0,17.221248626708984,753.1570434570312,82.08368682861328,4.44291877746582,54.76875305175781,400.0,-0.8660254037844385,-0.5000000000000004,0.8224326076180413,0.11054265393460903,1.0,0.03975664975259377,0.0,1.0
257,64.25,physics_sindy_mpc,0,17.37507438659668,751.2960815429688,82.22004699707031,4.263684272766113,36.9799690246582,400.0,-0.8968727415326883,-0.44228869021900136,0.8796875318212232,0.09429221899823724,1.0,0.024815431030710905,0.0,1.0
258,64.5,physics_sindy_mpc,0,17.644256591796875,753.039794921875,81.8478775024414,4.063048362731934,27.370397567749023,400.0,-0.9238795325112868,-0.3826834323650895,0.8746244793256472,0.06828267042175552,1.0,0.011826193838977926,0.0,1.0
259,64.75,physics_sindy_mpc,0,17.93671417236328,756.4636840820312,81.41741943359375,3.8629043102264404,17.641185760498047,400.0,-0.9469301294951056,-0.3214394653031618,0.8395033599230192,0.030505268663555834,1.0,0.0007273915281444505,0.0,1.0
260,65.0,physics_sindy_mpc,0,18.19017219543457,760.9755859375,81.14493560791016,3.6627604961395264,7.91197395324707,400.0,-0.9659258262890683,-0.25881904510252063,0.8067127768413153,0.0,1.0,0.0,0.0,1.0
261,65.25,physics_sindy_mpc,0,18.253862380981445,758.6834716796875,81.05157470703125,3.4847519397735596,0.0,400.0,-0.9807852804032303,-0.19509032201612866,0.7984389081458573,0.0,1.0,0.0,0.0,1.0
262,65.5,physics_sindy_mpc,0,18.308977127075195,757.446044921875,80.97587585449219,3.4109272956848145,0.0,400.0,-0.9914448613738104,-0.13052619222005163,0.7855677238953173,0.0,1.0,0.0,0.0,1.0
263,65.75,physics_sindy_mpc,0,18.351314544677734,756.53369140625,80.97190856933594,3.3358733654022217,0.0,400.0,-0.9978589232386035,-0.06540312923014273,0.775243957794566,0.0,1.0,0.0,0.0,1.0
264,66.0,physics_sindy_mpc,0,18.378482818603516,755.9165649414062,81.02790069580078,3.260819435119629,0.0,399.9999694824219,-1.0,-1.8369701987210297e-16,0.7697829296963031,0.0,1.0,0.0,0.0,1.0
265,66.25,physics_sindy_mpc,0,18.36296844482422,755.4251708984375,81.12718963623047,3.1857657432556152,0.0,400.0,-0.9978589232386036,0.06540312923014237,0.7735672986510531,0.0,1.0,0.0,0.0,1.0
266,66.5,physics_sindy_mpc,0,18.158241271972656,754.1868896484375,81.2580795288086,3.1107118129730225,0.0,400.0,-0.9914448613738105,0.13052619222005127,0.8080765053450083,0.0,1.0,0.0,0.0,1.0
267,66.75,physics_sindy_mpc,0,17.90387535095215,752.4968872070312,80.96346282958984,3.0356578826904297,0.0,400.0,-0.9807852804032304,0.1950903220161283,0.8368742199947566,0.0,1.0,0.0,0.0,1.0
268,67.0,physics_sindy_mpc,0,17.649873733520508,750.491943359375,80.36197662353516,2.960603952407837,0.0,400.0,-0.9659258262890684,0.2588190451025203,0.8485021625881067,0.0,1.0,0.0,0.0,1.0
269,67.25,physics_sindy_mpc,0,17.418264389038086,748.3334350585938,79.65081787109375,2.8605098724365234,0.0,400.0,-0.9469301294951057,0.3214394653031615,0.8494626923145895,0.0,1.0,0.0,0.0,1.0
270,67.5,physics_sindy_mpc,0,17.265853881835938,746.6392211914062,78.9409408569336,2.631488084793091,0.0,400.0,-0.923879532511287,0.38268343236508917,0.8429483080512508,0.0,1.0,0.0,0.0,1.0
271,67.75,physics_sindy_mpc,0,17.135089874267578,745.3414306640625,78.40962219238281,2.4063262939453125,0.0,400.0,-0.8968727415326884,0.442288690219001,0.8507303444143542,0.0,1.0,0.0,0.0,1.0
272,68.0,physics_sindy_mpc,0,17.013561248779297,744.4004516601562,77.99405670166016,2.1811647415161133,0.0,400.0,-0.8660254037844386,0.5000000000000001,0.8736093840469384,0.0,1.0,0.0,0.0,1.0
273,68.25,physics_sindy_mpc,0,16.914819717407227,743.7940063476562,77.58097839355469,1.9560028314590454,0.0,400.0,-0.8314696123025455,0.5555702330196018,0.9026652433201469,0.0,1.0,0.0,0.0,1.0
274,68.5,physics_sindy_mpc,0,16.858598709106445,743.3525390625,77.10855102539062,1.7308411598205566,0.0,400.0,-0.7933533402912357,0.6087614290087199,0.9365574272146632,0.0,1.0,0.0,0.0,1.0
275,68.75,physics_sindy_mpc,0,16.841567993164062,743.0111694335938,76.58536529541016,1.5056793689727783,0.0,400.0,-0.7518398074789772,0.6593458151000691,0.9612580434266716,0.0,1.0,0.0,0.0,1.0
276,69.0,physics_sindy_mpc,0,16.854143142700195,742.7452392578125,76.04064178466797,1.280517578125,0.0,400.0,-0.7071067811865477,0.7071067811865474,0.9691496929246641,0.0,1.0,0.0,0.0,1.0
277,69.25,physics_sindy_mpc,0,16.88495635986328,742.5272216796875,75.53636169433594,1.1041477918624878,0.0,400.0,-0.6593458151000687,0.7518398074789775,0.9567350322815158,0.0,1.0,0.0,0.0,1.0
278,69.5,physics_sindy_mpc,0,16.94075584411621,742.3759155273438,75.14578247070312,1.1299784183502197,0.0,400.0,-0.608761429008721,0.7933533402912349,0.9223060515829965,0.0,1.0,0.0,0.0,1.0
279,69.75,physics_sindy_mpc,0,16.971942901611328,742.15966796875,75.00746154785156,1.154996395111084,0.0,400.0,-0.555570233019603,0.8314696123025447,0.8866893992512597,0.0,1.0,0.0,0.0,1.0
280,70.0,physics_sindy_mpc,0,16.958778381347656,741.8294677734375,75.1047592163086,1.1800143718719482,0.0,400.0,-0.5000000000000004,0.8660254037844384,0.8642280489361259,0.0,1.0,0.0,0.0,1.0
281,70.25,physics_sindy_mpc,0,16.908130645751953,741.4462280273438,75.33412170410156,1.1872718334197998,0.0,400.0,-0.4422886902190014,0.8968727415326883,0.8601555037618803,0.0,1.0,0.0,0.0,1.0
282,70.5,physics_sindy_mpc,0,16.83574104309082,741.2809448242188,75.57386016845703,1.109848976135254,0.0,400.0,-0.38268343236508956,0.9238795325112868,0.8729951044663681,0.0,1.0,0.0,0.0,1.0
283,70.75,physics_sindy_mpc,0,16.771947860717773,741.4517211914062,75.71175384521484,1.0347951650619507,0.0,400.0,-0.32143946530316186,0.9469301294951056,0.8915093312716094,0.0,1.0,0.0,0.0,1.0
284,71.0,physics_sindy_mpc,0,16.732486724853516,741.99462890625,75.72459411621094,0.9597411751747131,0.0,400.0,-0.25881904510252157,0.9659258262890681,0.9090839886362998,0.0,1.0,0.0,0.0,1.0
285,71.25,physics_sindy_mpc,0,16.714988708496094,742.8512573242188,75.64134979248047,0.8664162158966064,0.0,400.0,-0.19509032201612872,0.9807852804032303,0.9244071776692581,0.0,1.0,0.0,0.0,1.0
286,71.5,physics_sindy_mpc,0,16.695608139038086,743.7377319335938,75.50206756591797,0.689144492149353,0.0,400.0,-0.13052619222005168,0.9914448613738104,0.9406265976860786,0.0,1.0,0.0,0.0,1.0
287,71.75,physics_sindy_mpc,0,16.68416404724121,744.6295776367188,75.2874984741211,0.514018714427948,0.0,400.0,-0.0654031292301428,0.9978589232386035,0.9523335238453156,0.0,1.0,0.0,0.0,1.0
288,72.0,physics_sindy_mpc,0,16.680227279663086,745.5258178710938,75.02893829345703,0.3388928771018982,0.0,400.0000305175781,0.0,1.0,0.9564934824485911,0.0,1.0,0.0,0.0,1.0
289,72.25,physics_sindy_mpc,0,16.679733276367188,746.4165649414062,74.76964569091797,0.18358004093170166,0.0,400.0,0.06540312923014306,0.9978589232386035,0.9519231825712348,0.0,1.0,0.0,0.0,1.0
290,72.5,physics_sindy_mpc,0,16.68485450744629,747.3082885742188,74.55013275146484,0.10941768437623978,0.0,400.0,0.13052619222005157,0.9914448613738104,0.9404162552235092,0.0,1.0,0.0,3.710754924682486e-09,1.0
291,72.75,physics_sindy_mpc,0,16.677703857421875,748.1535034179688,74.42437744140625,0.0343637652695179,0.0,400.0,0.19509032201612825,0.9807852804032304,0.9288221216105,0.0,1.0,0.0,0.0,1.0
292,73.0,physics_sindy_mpc,0,16.652332305908203,748.937255859375,74.38329315185547,-0.04069015011191368,0.0,400.0,0.25881904510252074,0.9659258262890683,0.9204687378408654,0.0,1.0,0.0,1.7110437009948008e-08,1.0
293,73.25,physics_sindy_mpc,0,16.61874771118164,749.6860961914062,74.38929748535156,-0.10000000149011612,0.0,400.0,0.3214394653031616,0.9469301294951057,0.9128662596457788,0.0,1.0,0.0,1.3816130059049126e-08,1.0
294,73.5,physics_sindy_mpc,0,16.60878562927246,750.4843139648438,74.41438293457031,-0.10000000149011612,0.0,400.0,0.3826834323650898,0.9238795325112867,0.8985925771166202,0.0,1.0,0.0,0.0,1.0
295,73.75,physics_sindy_mpc,0,16.601186752319336,751.27392578125,74.52606201171875,-0.10000000149011612,0.0,400.0,0.44228869021900125,0.8968727415326884,0.8771447686334897,0.0,1.0,0.0,1.7366563480715737e-09,1.0
296,74.0,physics_sindy_mpc,0,16.5824031829834,752.0203247070312,74.73719787597656,-0.10000000149011612,0.0,400.0,0.49999999999999994,0.8660254037844387,0.8543856392108016,0.0,1.0,0.0,0.0,1.0
297,74.25,physics_sindy_mpc,0,16.54916000366211,752.7155151367188,75.03333282470703,-0.08612718433141708,0.0,400.0,0.5555702330196022,0.8314696123025452,0.8327239947520888,0.0,1.0,0.0,0.0,1.0
298,74.5,physics_sindy_mpc,0,16.51117706298828,753.384765625,75.3857421875,-0.008986340835690498,0.0,400.0,0.6087614290087207,0.7933533402912352,0.8127217676814377,0.0,1.0,0.0,0.0,1.0
299,74.75,physics_sindy_mpc,0,16.465646743774414,754.0196533203125,75.78665161132812,0.06606757640838623,0.0,400.0,0.6593458151000688,0.7518398074789774,0.8009312336698292,0.0,1.0,0.0,0.0,1.0
300,75.0,physics_sindy_mpc,0,16.418750762939453,754.6361083984375,76.19282531738281,0.1411214917898178,0.0,400.0,0.7071067811865476,0.7071067811865476,0.8002284523275265,0.0,1.0,0.0,0.0,1.0
301,75.25,physics_sindy_mpc,0,16.362802505493164,755.212158203125,76.56206512451172,0.16223999857902527,0.0,400.0,0.7518398074789774,0.6593458151000688,0.8192702114384787,0.0,1.0,0.0,0.0,1.0
302,75.5,physics_sindy_mpc,0,16.246170043945312,755.6077880859375,76.83163452148438,-0.04327821731567383,0.0,400.0,0.7933533402912352,0.6087614290087207,0.8705909573166831,0.0,1.0,0.0,0.0,1.0
303,75.75,physics_sindy_mpc,0,16.146778106689453,756.0357666015625,76.75507354736328,-0.2434220016002655,0.0,400.0,0.8314696123025451,0.5555702330196024,0.9498958869547934,0.0,1.0,0.0,0.0,1.0
304,76.0,physics_sindy_mpc,0,16.11431312561035,756.6248779296875,76.28433990478516,-0.4435657858848572,0.0,400.0,0.8660254037844386,0.5000000000000001,1.0,0.0,1.0,0.0,0.0,1.0
305,76.25,physics_sindy_mpc,0,16.169574737548828,757.487060546875,75.56312561035156,-0.7623987197875977,0.0,400.0000305175781,0.8968727415326884,0.44228869021900125,1.0,0.0,1.0,0.0,0.0,1.0
306,76.5,physics_sindy_mpc,0,16.364356994628906,759.0173950195312,74.84549713134766,-1.5754133462905884,0.0,400.0,0.9238795325112867,0.38268343236508984,1.0,0.0,1.0,0.0,0.0,1.0
307,76.75,physics_sindy_mpc,0,16.623796463012695,761.0606689453125,74.41205596923828,-2.375988483428955,0.0,400.0,0.9469301294951056,0.3214394653031617,1.0,0.0,1.0,0.0,0.0,1.0
308,77.0,physics_sindy_mpc,0,16.932437896728516,763.5761108398438,74.21443939208984,-3.1765637397766113,0.0,400.0,0.9659258262890683,0.25881904510252074,1.0,0.0,1.0,0.0,0.0,1.0
309,77.25,physics_sindy_mpc,0,17.24534797668457,766.3763427734375,74.27076721191406,-3.63791561126709,1.0914767980575562,400.0000305175781,0.9807852804032304,0.19509032201612833,1.0,0.0,1.0,0.0,0.0,1.0
310,77.5,physics_sindy_mpc,0,17.423906326293945,768.8294677734375,74.69937896728516,-2.7917325496673584,6.789679527282715,400.0,0.9914448613738104,0.1305261922200517,0.8778836576586062,0.0,1.0,0.0,0.0,1.0
311,77.75,physics_sindy_mpc,0,17.4595947265625,770.8678588867188,75.45038604736328,-1.9661394357681274,12.349228858947754,400.0,0.9978589232386035,0.06540312923014327,0.7526409435012068,0.0,1.0,0.0,0.0,1.0
312,78.0,physics_sindy_mpc,0,17.326549530029297,772.4209594726562,76.62205505371094,-1.1405463218688965,17.90877914428711,400.0,1.0,6.123233995736766e-17,0.6526704785275026,0.0,1.0,0.0,0.0,1.0
313,78.25,physics_sindy_mpc,0,17.158353805541992,773.7791137695312,78.10400390625,-0.3362606465816498,28.847843170166016,400.0,0.9978589232386035,-0.06540312923014314,0.6038455697536573,0.0,1.0,0.0,0.0,1.0
314,78.5,physics_sindy_mpc,0,17.352108001708984,775.7288208007812,79.83335876464844,0.3881380259990692,61.354740142822266,400.0,0.9914448613738104,-0.1305261922200516,0.5346343189515588,0.0,1.0,0.0,0.0,1.0
315,78.75,physics_sindy_mpc,0,17.74182891845703,777.7598876953125,81.82378387451172,1.1136592626571655,93.32215118408203,400.0,0.9807852804032304,-0.1950903220161282,0.5080839526732213,0.08092214464998529,1.0,0.07458065605875372,0.0,1.0
316,79.0,physics_sindy_mpc,0,17.432371139526367,756.1439208984375,83.32064056396484,1.8391804695129395,125.28955841064453,400.0,0.9659258262890683,-0.25881904510252063,0.5687228249739781,0.2129612115917148,1.0,0.1508893306279058,0.0,1.0
317,79.25,physics_sindy_mpc,0,17.143404006958008,766.3558349609375,82.87200164794922,2.4710185527801514,156.20404052734375,400.0,0.9469301294951057,-0.3214394653031616,0.4628620804012234,0.22844901091604625,1.0,0.17974297460087518,0.0,1.0
318,79.5,physics_sindy_mpc,0,16.99047088623047,774.7872924804688,82.75103759765625,2.7683680057525635,183.2554473876953,400.0,0.9238795325112868,-0.3826834323650895,0.33889875342910614,0.24473629405232306,1.0,0.2118096654343322,0.0,1.0
319,79.75,physics_sindy_mpc,0,16.81379508972168,782.52880859375,83.15897369384766,3.0685837268829346,210.35826110839844,400.0,0.8968727415326884,-0.44228869021900113,0.2816908301602978,0.2692429633571342,1.0,0.2554757961062276,0.0,1.0
320,80.0,physics_sindy_mpc,0,16.618099212646484,792.7262573242188,83.67471313476562,3.3687994480133057,237.4610595703125,400.0,0.8660254037844387,-0.4999999999999998,0.2670212472005207,0.2883445514640457,1.0,0.30040579835182807,0.0,1.0
321,80.25,physics_sindy_mpc,0,16.479490280151367,804.1929931640625,84.112060546875,3.6356117725372314,262.7220764160156,400.0,0.8314696123025451,-0.5555702330196023,0.26483784009361006,0.29870559904955046,1.0,0.33912766640211645,0.0,1.0
322,80.5,physics_sindy_mpc,0,16.421003341674805,814.992919921875,84.52351379394531,3.7846152782440186,281.4102478027344,400.0,0.7933533402912352,-0.6087614290087207,0.2653676203784577,0.3049357121225987,1.0,0.3705680243378277,0.0,1.0
323,80.75,physics_sindy_mpc,0,16.443012237548828,824.3445434570312,84.89653778076172,3.934723138809204,300.1737365722656,400.0,0.7518398074789774,-0.6593458151000688,0.25729183684644163,0.31561733320126745,0.9885344755960983,0.40000000735774893,0.0,1.0
324,81.0,physics_sindy_mpc,0,16.523889541625977,834.2272338867188,85.24629974365234,4.084831237792969,318.9372253417969,400.0,0.7071067811865476,-0.7071067811865475,0.2582453462217927,0.3165329523445295,0.9621596339453697,0.4000000098339713,0.0,0.9219856253275057
325,81.25,physics_sindy_mpc,0,15.389039039611816,740.2194213867188,85.93257141113281,4.240477561950684,336.4551696777344,400.0,0.659345815100069,-0.7518398074789773,0.5509068906880369,0.5009242978044941,0.9260745133332212,0.40000000983135,0.0,0.7288138539568171
326,81.5,physics_sindy_mpc,0,14.356735229492188,661.7171020507812,81.70130920410156,4.415887832641602,349.610595703125,400.0,0.6087614290087209,-0.793353340291235,0.24377347013385076,0.5302026876062107,0.8900682691066351,0.34482851158799654,0.0,1.0
327,81.75,physics_sindy_mpc,0,16.5096378326416,806.7429809570312,81.57530975341797,4.591013431549072,362.81451416015625,400.0,0.5555702330196025,-0.831469612302545,0.0,0.3162020998463232,0.8706800834861333,0.32772046953906075,0.0,0.9987755521086104
328,82.0,physics_sindy_mpc,0,17.060340881347656,830.4453735351562,85.15991973876953,4.766139507293701,376.0184631347656,400.0,0.49999999999999994,-0.8660254037844387,0.0,0.4036308153455922,0.8363596768667642,0.4000000096320032,0.0,0.6477305159280182
329,82.25,physics_sindy_mpc,0,12.929736137390137,558.9614868164062,76.13072204589844,4.935603141784668,388.1141052246094,400.0,0.4422886902190017,-0.8968727415326881,0.0,0.5576007329082033,0.7981679484668086,0.20958496724370487,0.0,1.0
330,82.5,physics_sindy_mpc,0,16.165620803833008,751.970703125,78.81476593017578,5.08547830581665,396.4154357910156,400.0,0.3826834323650899,-0.9238795325112867,0.0,0.42448575504215214,0.7859561623874183,0.2421439002748553,0.0,0.6539657064332732
331,82.75,physics_sindy_mpc,0,13.158982276916504,568.8953857421875,76.65886688232422,5.235585689544678,404.7547607421875,400.0,0.32143946530316175,-0.9469301294951056,0.0,0.5677938382686131,0.7647531138496038,0.22093824535758327,0.0,0.9847440228261832
332,83.0,physics_sindy_mpc,0,15.571235656738281,745.9764404296875,83.0704345703125,5.385693550109863,413.0940856933594,400.0,0.258819045102521,-0.9659258262890682,0.0,0.5126214408078584,0.7352707874835628,0.36393424320558915,0.0,0.5667896173805153
333,83.25,physics_sindy_mpc,0,11.79874324798584,524.4725341796875,72.12975311279297,5.50631046295166,425.6326599121094,400.0,0.19509032201612816,-0.9807852804032304,0.0,0.618385173597407,0.6947005343423709,0.2078020642631801,0.0,1.0
334,83.5,physics_sindy_mpc,0,15.694198608398438,752.6712036132812,77.14019012451172,5.530984878540039,453.01141357421875,400.0,0.130526192220052,-0.9914448613738104,0.0,0.4866112048139651,0.6928772648780105,0.272076945417308,0.0,0.6120530041897074
335,83.75,physics_sindy_mpc,0,12.640463829040527,540.0467529296875,71.43953704833984,5.556003093719482,480.1142272949219,400.0,0.06540312923014312,-0.9978589232386035,0.0,0.7140938416480422,0.6815244961663605,0.25629691623381373,0.0,0.950901421799796
336,84.0,physics_sindy_mpc,0,15.071659088134766,724.0823364257812,78.86852264404297,5.581020832061768,507.217041015625,400.0,1.2246467991473532e-16,-1.0,0.0,0.5715014126186629,0.6849717354197928,0.3197394259891105,0.0,0.5225653340690074
337,84.25,physics_sindy_mpc,0,12.612122535705566,530.821533203125,68.16797637939453,5.58325719833374,523.126953125,400.0,-0.06540312923014287,-0.9978589232386035,0.0,0.7901430704349962,0.678768055653543,0.2761265624866195,0.0,0.9999999993948299
338,84.5,physics_sindy_mpc,0,16.013757705688477,820.6060180664062,76.27779388427734,5.506829738616943,501.8971252441406,400.0,-0.13052619222005177,-0.9914448613738104,0.0,0.45126983397267917,0.6891889799861193,0.3355278373911203,0.0,0.7372731218735487
339,84.75,physics_sindy_mpc,0,12.199674606323242,538.0591430664062,70.38871765136719,5.4317755699157715,481.0487976074219,400.0,-0.19509032201612792,-0.9807852804032305,0.0,0.6700160726916721,0.6797447317798083,0.23965260652684747,0.0,1.0
340,85.0,physics_sindy_mpc,0,15.533656120300293,782.0728149414062,77.79370880126953,5.356721878051758,460.20050048828125,400.0,-0.2588190451025208,-0.9659258262890683,0.0,0.41123922615337616,0.6994790949463654,0.3090503439641771,0.0,0.877312994439989
341,85.25,physics_sindy_mpc,0,13.13731861114502,614.0213012695312,77.33209228515625,5.287604808807373,436.91473388671875,400.0,-0.32143946530316153,-0.9469301294951057,0.0,0.5246734133858831,0.7012159223229398,0.27686732025927535,0.0,1.0
342,85.5,physics_sindy_mpc,0,15.18664264678955,779.578369140625,82.73146057128906,5.2377424240112305,405.5335998535156,400.0,-0.38268343236508967,-0.9238795325112868,0.20096008299244872,0.4439793526881371,0.6915364127020616,0.3910271663101677,0.0,1.0
343,85.75,physics_sindy_mpc,0,15.412910461425781,860.9663696289062,87.19987487792969,5.187706470489502,374.2611083984375,400.0,-0.44228869021900147,-0.8968727415326883,0.7825499191522812,0.3545060475919859,0.7081006706254052,0.4000000098955755,0.0,0.7228021271148812
344,86.0,physics_sindy_mpc,0,10.625964164733887,506.9327087402344,69.80239868164062,5.137670516967773,342.9886474609375,400.0,-0.4999999999999997,-0.8660254037844388,0.00014449483048902618,0.426408015886881,0.7030768595085413,0.042525875187350216,0.0,1.0
345,86.25,physics_sindy_mpc,0,14.766255378723145,678.6150512695312,75.54181671142578,5.052515983581543,314.8996276855469,400.0,-0.555570233019602,-0.8314696123025455,0.0,0.34846918328339826,0.7773712814282654,0.1195658501007425,0.0,1.0
346,86.5,physics_sindy_mpc,0,15.171274185180664,767.2921142578125,84.79801940917969,4.850395202636719,296.91070556640625,400.0,-0.6087614290087207,-0.7933533402912352,0.715179395222728,0.38014729165101063,0.8519378547227325,0.31279893710700557,0.0,1.0
347,86.75,physics_sindy_mpc,0,14.9504976272583,825.8472900390625,86.66893768310547,4.650251388549805,278.8421630859375,400.0,-0.6593458151000688,-0.7518398074789774,1.0,0.27636136885720375,0.9240837478696889,0.33542702586438927,0.0,1.0
348,87.0,physics_sindy_mpc,0,15.145761489868164,828.3491821289062,85.02684020996094,4.450108051300049,260.77362060546875,400.0,-0.7071067811865471,-0.7071067811865479,1.0,0.18717637450121796,0.9775849991921042,0.2468184970176219,0.0,1.0
349,87.25,physics_sindy_mpc,0,15.583568572998047,800.1307373046875,83.3443603515625,4.21989631652832,238.04483032226562,400.0,-0.7518398074789773,-0.6593458151000691,0.8929805143169796,0.16837029022348451,1.0,0.17841266923463434,0.0,1.0
350,87.5,physics_sindy_mpc,0,15.912470817565918,775.3219604492188,82.31587982177734,3.8934578895568848,200.3135223388672,400.0000305175781,-0.7933533402912349,-0.6087614290087209,0.8413765874098705,0.15653367017017575,1.0,0.11851013401447766,0.0,1.0
351,87.75,physics_sindy_mpc,0,16.17675018310547,758.81884765625,81.7545394897461,3.5682241916656494,162.78656005859375,400.0,-0.8314696123025452,-0.5555702330196022,0.8618532668637497,0.1380840638354949,1.0,0.06727373530906318,0.0,1.0
352,88.0,physics_sindy_mpc,0,16.40656852722168,749.75,81.67874908447266,3.242990732192993,125.25960540771484,400.0,-0.8660254037844385,-0.5000000000000004,0.966256730405756,0.11631622534443471,1.0,0.02311437612037982,0.0,1.0
353,88.25,physics_sindy_mpc,0,16.798782348632812,755.780029296875,81.71849822998047,2.9239072799682617,91.34185028076172,400.0,-0.8968727415326883,-0.44228869021900136,1.0,0.0804165530638125,1.0,0.0006116515684523807,0.0,1.0
354,88.5,physics_sindy_mpc,0,17.29195213317871,776.3681030273438,81.2755126953125,2.6238677501678467,68.48989868164062,400.0,-0.9238795325112868,-0.3826834323650895,1.0,0.0,1.0,0.0,0.0,1.0
355,88.75,physics_sindy_mpc,0,17.467193603515625,772.7927856445312,80.62008666992188,2.3236520290374756,45.55675506591797,400.0,-0.9469301294951056,-0.3214394653031618,1.0,0.0,1.0,0.0,0.0,1.0
356,89.0,physics_sindy_mpc,0,17.435054779052734,770.2009887695312,79.48631286621094,2.0234363079071045,22.623611450195312,400.0,-0.9659258262890683,-0.25881904510252063,1.0,0.0,1.0,0.0,0.0,1.0
357,89.25,physics_sindy_mpc,0,17.320358276367188,767.8244018554688,78.02891540527344,1.74826180934906,5.183119773864746,400.0,-0.9807852804032303,-0.19509032201612866,1.0,0.0,1.0,0.0,0.0,1.0
358,89.5,physics_sindy_mpc,0,17.30450439453125,766.0933837890625,76.73384857177734,1.5486700534820557,3.810208559036255,400.0,-0.9914448613738104,-0.13052619222005163,1.0,0.0,1.0,0.0,0.0,1.0
359,89.75,physics_sindy_mpc,0,17.314640045166016,764.78369140625,75.75581359863281,1.3485262393951416,2.420321226119995,400.0,-0.9978589232386035,-0.06540312923014273,1.0,0.0,1.0,0.0,0.0,1.0
360,90.0,physics_sindy_mpc,0,17.32431411743164,763.821533203125,75.01752471923828,1.1483824253082275,1.0304337739944458,400.0,-1.0,-1.8369701987210297e-16,1.0,0.0,1.0,0.0,0.0,1.0
361,90.25,physics_sindy_mpc,0,17.315948486328125,763.1558837890625,74.453857421875,0.879570484161377,0.0,400.0000305175781,-0.9978589232386036,0.06540312923014237,1.0,0.0,1.0,0.0,0.0,1.0
362,90.5,physics_sindy_mpc,0,17.26385498046875,762.714111328125,74.04141998291016,0.4017253816127777,0.0,400.0,-0.9914448613738105,0.13052619222005127,1.0,0.0,1.0,0.0,8.361503151505186e-09,1.0
363,90.75,physics_sindy_mpc,0,17.187746047973633,762.550537109375,73.66899108886719,-0.07361610233783722,0.0,400.0,-0.9807852804032304,0.1950903220161283,1.0,0.0,1.0,0.0,0.0419740019386631,1.0
364,91.0,physics_sindy_mpc,0,16.636613845825195,759.7422485351562,81.03462219238281,-0.5489575862884521,0.0,400.0,-0.9659258262890684,0.2588190451025203,1.0,0.0,1.0,0.0,0.0,1.0
365,91.25,physics_sindy_mpc,0,17.072351455688477,761.6524047851562,75.489990234375,-0.8188828229904175,0.0,400.0,-0.9469301294951057,0.3214394653031615,1.0,0.0,1.0,0.0,0.0,1.0
366,91.5,physics_sindy_mpc,0,17.353595733642578,763.4780883789062,73.7545394897461,-0.4897196292877197,0.0,400.0,-0.923879532511287,0.38268343236508917,1.0,0.0,1.0,0.0,0.10604052378469257,1.0
367,91.75,physics_sindy_mpc,0,17.203880310058594,760.0830078125,82.61734771728516,-0.16448597609996796,0.0,400.0,-0.8968727415326884,0.442288690219001,1.0,0.0,1.0,0.0,0.0,1.0
368,92.0,physics_sindy_mpc,0,18.19759178161621,764.5767822265625,76.45443725585938,0.16074766218662262,0.0,400.0,-0.8660254037844386,0.5000000000000001,0.9656778314099839,0.0,1.0,0.0,0.0564039698841237,1.0
369,92.25,physics_sindy_mpc,0,18.169635772705078,764.0708618164062,82.99520874023438,0.3873352110385895,0.0,400.0,-0.8314696123025455,0.5555702330196018,1.0,0.0,1.0,0.0,0.0,1.0
370,92.5,physics_sindy_mpc,0,18.701126098632812,766.8633422851562,77.89251708984375,0.33673617243766785,0.0,400.0,-0.7933533402912357,0.6087614290087199,0.8963566955489118,0.0,1.0,0.023516879698895866,3.972701947286343e-09,1.0
371,92.75,physics_sindy_mpc,0,18.220558166503906,739.1577758789062,77.0726089477539,0.28670021891593933,0.0,400.0,-0.7518398074789772,0.6593458151000691,0.8967290065171994,0.0,1.0,0.0,0.0,1.0
372,93.0,physics_sindy_mpc,0,18.105913162231445,732.48828125,76.11746978759766,0.23666426539421082,0.0,400.0,-0.7071067811865477,0.7071067811865474,0.8854010524899413,0.0,1.0,0.0,0.0,1.0
373,93.25,physics_sindy_mpc,0,17.857704162597656,731.714111328125,75.87652587890625,0.21927356719970703,0.0,400.0,-0.6593458151000687,0.7518398074789775,0.9140889228763364,0.0,1.0,0.0,0.0,1.0
374,93.5,physics_sindy_mpc,0,17.6488094329834,731.0381469726562,75.56490325927734,0.29511141777038574,0.0,400.0,-0.608761429008721,0.7933533402912349,0.9542918139061471,0.0,1.0,0.0,0.0,1.0
375,93.75,physics_sindy_mpc,0,17.50149917602539,730.5075073242188,75.1177749633789,0.3701653480529785,0.0,400.0,-0.555570233019603,0.8314696123025447,0.9942791807208944,0.0,1.0,0.0,0.0,1.0
376,94.0,physics_sindy_mpc,0,17.415170669555664,730.1205444335938,74.54841613769531,0.4452192783355713,0.0,400.0,-0.5000000000000004,0.8660254037844384,1.0,0.0,1.0,0.0,0.0,1.0
377,94.25,physics_sindy_mpc,0,17.358089447021484,729.8648071289062,73.99163055419922,0.40877389907836914,0.0,400.0000305175781,-0.4422886902190014,0.8968727415326883,1.0,0.0,1.0,0.0,0.0,1.0
378,94.5,physics_sindy_mpc,0,17.301000595092773,729.8742065429688,73.52682495117188,0.055140186101198196,0.0,400.0,-0.38268343236508956,0.9238795325112868,1.0,0.0,1.0,0.0,0.0,1.0
379,94.75,physics_sindy_mpc,0,17.2375545501709,730.173583984375,73.1428451538086,-0.29511141777038574,0.0,400.0,-0.32143946530316186,0.9469301294951056,1.0,0.0,1.0,0.0,0.0,1.0
380,95.0,physics_sindy_mpc,0,17.167009353637695,730.7579345703125,72.81901550292969,-0.6453630328178406,0.0,400.0,-0.25881904510252157,0.9659258262890681,1.0,0.0,1.0,0.0,0.0,1.0
381,95.25,physics_sindy_mpc,0,17.109891891479492,731.6770629882812,72.52760314941406,-0.8867855072021484,0.0,400.0,-0.19509032201612872,0.9807852804032303,1.0,0.0,1.0,0.0,0.0,1.0
382,95.5,physics_sindy_mpc,0,17.108949661254883,733.0360717773438,72.2629623413086,-0.8363048434257507,0.0,400.0,-0.13052619222005168,0.9914448613738104,1.0,0.0,1.0,0.0,0.0,1.0
383,95.75,physics_sindy_mpc,0,17.132556915283203,734.7510986328125,72.109375,-0.7862688899040222,0.0,400.0,-0.0654031292301428,0.9978589232386035,1.0,0.0,1.0,0.0,0.0,1.0
384,96.0,physics_sindy_mpc,0,17.168766021728516,736.7940673828125,72.04341125488281,-0.7362329363822937,0.0,400.0,0.0,1.0,1.0,0.0,1.0,0.0,0.0,1.0
385,96.25,physics_sindy_mpc,0,17.216949462890625,739.1680297851562,72.03215026855469,-0.7937687039375305,0.0,400.0,0.06540312923014306,0.9978589232386035,1.0,0.0,1.0,0.0,4.369905140609232e-08,1.0
386,96.5,physics_sindy_mpc,0,17.288305282592773,741.9104614257812,72.05204010009766,-1.1468727588653564,0.0,400.0,0.13052619222005157,0.9914448613738104,1.0,0.0,1.0,0.0,0.04754068900403423,1.0
387,96.75,physics_sindy_mpc,0,16.850540161132812,741.6881713867188,80.82434844970703,-1.4971243143081665,0.0,400.0,0.19509032201612825,0.9807852804032304,1.0,0.0,1.0,0.0,0.0,1.0
388,97.0,physics_sindy_mpc,0,17.49498176574707,746.5772094726562,75.19110107421875,-1.8473759889602661,0.0,400.0,0.25881904510252074,0.9659258262890683,1.0,0.0,1.0,0.0,0.06501094249561802,1.0
389,97.25,physics_sindy_mpc,0,17.21163558959961,746.5917358398438,82.08406066894531,-2.114225387573242,0.0,400.0,0.3214394653031616,0.9469301294951057,1.0,0.0,1.0,0.0,0.0,1.0
390,97.5,physics_sindy_mpc,0,17.86699867248535,751.8412475585938,76.07341766357422,-2.163982629776001,0.0,400.0,0.3826834323650898,0.9238795325112867,1.0,0.0,1.0,0.0,0.0867426313903749,1.0
391,97.75,physics_sindy_mpc,0,17.614295959472656,751.0709838867188,82.85701751708984,-2.2140185832977295,0.0,400.0,0.44228869021900125,0.8968727415326884,1.0,0.0,1.0,0.0,0.0,1.0
392,98.0,physics_sindy_mpc,0,18.284337997436523,756.3934326171875,76.74555969238281,-2.264054536819458,0.0,400.0,0.49999999999999994,0.8660254037844387,1.0,0.0,1.0,0.0005362427198673627,0.1060855604414426,1.0
393,98.25,physics_sindy_mpc,0,17.96356964111328,753.96337890625,83.3608169555664,-2.4381515979766846,0.0,400.0,0.5555702330196022,0.8314696123025452,1.0,0.0,1.0,0.0,0.0,1.0
394,98.5,physics_sindy_mpc,0,18.22882652282715,758.0508422851562,77.34342193603516,-2.941265344619751,0.0,400.0,0.6087614290087207,0.7933533402912352,1.0,0.0,1.0,0.0,0.12389339323424686,1.0
395,98.75,physics_sindy_mpc,0,17.506908416748047,754.5272216796875,83.28076934814453,-3.441624641418457,0.0,400.0,0.6593458151000688,0.7518398074789774,1.0,0.0,1.0,0.0,0.0,1.0
396,99.0,physics_sindy_mpc,0,17.497943878173828,758.1467895507812,76.55775451660156,-3.941984176635742,0.0,400.0,0.7071067811865476,0.7071067811865476,1.0,0.0,1.0,0.0,0.03662280597121692,1.0
397,99.25,physics_sindy_mpc,0,16.735210418701172,758.1563110351562,80.81952667236328,-4.153722286224365,0.0,400.0,0.7518398074789774,0.6593458151000688,1.0,0.0,1.0,0.0,0.0,1.0
398,99.5,physics_sindy_mpc,0,17.10950469970703,762.6920776367188,74.77083587646484,-3.625161647796631,0.0,400.0,0.7933533402912352,0.6087614290087207,1.0,0.0,1.0,0.0,0.09916108254904842,1.0
399,99.75,physics_sindy_mpc,0,16.83909034729004,761.3433227539062,82.0436019897461,-3.0997843742370605,0.0,400.0,0.8314696123025451,0.5555702330196024,1.0,0.0,1.0,0.0,0.0,1.0
400,100.0,physics_sindy_mpc,0,17.664302825927734,767.12109375,75.35162353515625,-2.574406862258911,0.0,400.0,0.8660254037844386,0.5000000000000001,0.91408537468045,0.0,1.0,0.0,0.08667130757899806,1.0
401,100.25,physics_sindy_mpc,0,17.501476287841797,766.495361328125,82.7513198852539,-2.1132874488830566,0.0,400.0,0.8968727415326884,0.44228869021900125,1.0,0.0,1.0,0.0,0.0,1.0
402,100.5,physics_sindy_mpc,0,18.236845016479492,771.6475219726562,76.78360748291016,-1.8135154247283936,0.0,400.0,0.9238795325112867,0.38268343236508984,0.756257158853833,0.0,1.0,0.0,0.0,1.0
403,100.75,physics_sindy_mpc,0,18.344316482543945,774.6935424804688,76.05421447753906,-1.513299822807312,0.0,400.0,0.9469301294951056,0.3214394653031617,0.5831172718852848,0.0,1.0,0.0,0.0,1.0
404,101.0,physics_sindy_mpc,0,18.149995803833008,776.5575561523438,77.15836334228516,-1.213084101676941,0.0,400.0,0.9659258262890683,0.25881904510252074,0.5481497629953246,0.0,1.0,0.0,0.0,1.0
405,101.25,physics_sindy_mpc,0,17.85894203186035,777.7747192382812,78.71180725097656,-0.9128684401512146,1.3884741067886353,400.0,0.9807852804032304,0.19509032201612833,0.6187120577315195,0.0,1.0,0.0,0.0,1.0
406,101.5,physics_sindy_mpc,0,17.63102149963379,778.7571411132812,79.9281997680664,-0.6126527786254883,6.276459693908691,400.0,0.9914448613738104,0.1305261922200517,0.7057089677034236,0.0,1.0,0.0,0.0,1.0
407,101.75,physics_sindy_mpc,0,17.550243377685547,779.7333984375,80.52183532714844,-0.3124370872974396,11.14106559753418,400.0,0.9978589232386035,0.06540312923014327,0.7509395761487686,0.0,1.0,0.0,0.0,1.0
408,102.0,physics_sindy_mpc,0,17.594623565673828,780.648681640625,80.75811767578125,-0.012221422977745533,16.00567054748535,400.0,1.0,6.123233995736766e-17,0.7494306952507973,0.0,1.0,0.0,0.0,1.0
409,102.25,physics_sindy_mpc,0,17.708038330078125,781.4428100585938,80.95286560058594,0.2952721416950226,20.465343475341797,400.0,0.9978589232386035,-0.06540312923014314,0.7201372845371828,0.0,1.0,0.0,0.0,1.0
410,102.5,physics_sindy_mpc,0,17.847623825073242,782.2308959960938,81.27254486083984,0.6205607652664185,23.93761444091797,400.0,0.9914448613738104,-0.1305261922200516,0.6830458751875865,0.0,1.0,0.0,0.0,1.0
411,102.75,physics_sindy_mpc,0,17.976879119873047,782.9710083007812,81.78062438964844,0.945794403553009,27.41233253479004,400.0,0.9807852804032304,-0.1950903220161282,0.6749683001533261,0.0,1.0,0.01635033977925128,0.0,1.0
412,103.0,physics_sindy_mpc,0,17.867183685302734,763.4931030273438,82.39183807373047,1.2710280418395996,30.887052536010742,400.0,0.9659258262890683,-0.25881904510252063,0.7091313975502608,0.06092754225406497,1.0,0.03313314264451238,0.0,1.0
413,103.25,physics_sindy_mpc,0,17.786840438842773,752.9840087890625,82.53524780273438,1.6550453901290894,41.684566497802734,400.0,0.9469301294951057,-0.3214394653031616,0.6791647041555325,0.11945438920054055,1.0,0.05476343502885324,0.0,1.0
414,103.5,physics_sindy_mpc,0,17.848487854003906,754.0101928710938,82.7260971069336,2.1808769702911377,70.25920867919922,400.0,0.9238795325112868,-0.3826834323650895,0.5839379381376913,0.17488312889471863,1.0,0.10090674886585714,0.0,1.0
415,103.75,physics_sindy_mpc,0,17.767353057861328,760.3922119140625,82.53922271728516,2.706254482269287,98.75189971923828,400.0,0.8968727415326884,-0.44228869021900113,0.4377248780302833,0.20917636143110133,1.0,0.13792058208528418,0.0,1.0
416,104.0,physics_sindy_mpc,0,17.64571762084961,770.5341186523438,82.60639190673828,3.2316319942474365,127.24459075927734,400.0,0.8660254037844387,-0.4999999999999998,0.29451411608394934,0.23665268653470153,1.0,0.18045084964820762,0.0,1.0
417,104.25,physics_sindy_mpc,0,17.427030563354492,782.677734375,83.1302490234375,3.7048940658569336,155.11740112304688,400.0,0.8314696123025451,-0.5555702330196023,0.2216558116980958,0.262547310536444,1.0,0.23166201844138715,0.0,1.0
418,104.5,physics_sindy_mpc,0,17.187227249145508,797.6150512695312,83.81884002685547,4.054924488067627,181.52207946777344,400.0,0.7933533402912352,-0.6087614290087207,0.20774182584782205,0.27691875081731293,1.0,0.2824290587599125,0.0,1.0
419,104.75,physics_sindy_mpc,0,17.032611846923828,812.2526245117188,84.39348602294922,4.405176162719727,207.92994689941406,400.0,0.7518398074789774,-0.6593458151000688,0.1935895734149456,0.28386658737257553,1.0,0.3287027139309039,0.0,1.0
420,105.0,physics_sindy_mpc,0,16.9865779876709,825.0907592773438,84.88790893554688,4.755427837371826,234.33779907226562,400.0,0.7071067811865476,-0.7071067811865475,0.171628625536231,0.2974824498175342,1.0,0.37368719106489595,0.0,1.0
421,105.25,physics_sindy_mpc,0,17.024831771850586,838.6250610351562,85.31111145019531,5.037901401519775,266.3753662109375,400.0,0.659345815100069,-0.7518398074789773,0.13697228253199123,0.30611691158081744,1.0,0.4000000097535032,0.0,0.9403596056027417
422,105.5,physics_sindy_mpc,0,17.092832565307617,845.7488403320312,87.88574981689453,5.162832260131836,311.5783996582031,400.0,0.6087614290087209,-0.793353340291235,0.35393229082075006,0.390162762034837,0.9851458205668704,0.4000000098772982,0.0,0.3629259234563285
423,105.75,physics_sindy_mpc,0,18.016124725341797,808.369384765625,86.39945220947266,5.287922382354736,356.7497253417969,400.0,0.5555702330196025,-0.831469612302545,0.06671492665846658,0.5077377382177306,0.9684653591244498,0.40000000970962724,0.0,0.2957967231677747
424,106.0,physics_sindy_mpc,0,17.91364288330078,763.6671752929688,84.95069122314453,5.4130120277404785,401.92108154296875,400.0,0.49999999999999994,-0.8660254037844387,0.0,0.6064554628760823,0.9578448573933959,0.4000000092726144,0.0,0.298764224598873
425,106.25,physics_sindy_mpc,0,17.36589813232422,741.2553100585938,83.7927017211914,5.4546122550964355,421.56610107421875,400.0,0.4422886902190017,-0.8968727415326881,0.0,0.6210160366409532,0.9521046413287857,0.4000000089987966,0.0,0.43040629366759553
426,106.5,physics_sindy_mpc,0,16.242454528808594,732.9367065429688,84.32847595214844,5.304169654846191,382.5625,400.0,0.3826834323650899,-0.9238795325112867,0.1809571607740285,0.5977621483545981,0.9360709728087635,0.4000000098115232,0.0,0.5819165095260491
427,106.75,physics_sindy_mpc,0,14.788063049316406,699.1109619140625,82.94917297363281,5.154061794281006,343.6456604003906,400.0,0.32143946530316175,-0.9469301294951056,0.38052847226674463,0.551351381932775,0.9433269990472872,0.3821950525016913,0.0,1.0
428,107.0,physics_sindy_mpc,0,15.82907772064209,843.3821411132812,84.37696838378906,5.00395393371582,304.72882080078125,400.0,0.258819045102521,-0.9659258262890682,0.4443900838372284,0.2957099563793132,0.9729002702726542,0.36531115355051136,0.0,1.0
429,107.25,physics_sindy_mpc,0,15.967521667480469,849.788818359375,85.5766830444336,4.9152936935424805,270.92913818359375,400.0000305175781,0.19509032201612816,-0.9807852804032304,0.6216404081181848,0.27037062288928615,1.0,0.3689047140223546,0.0,1.0
430,107.5,physics_sindy_mpc,0,16.066646575927734,842.818359375,85.1957015991211,4.965420722961426,248.7019805908203,400.0,0.130526192220052,-0.9914448613738104,0.6429563124838427,0.24417779629262756,1.0,0.3329691051578122,0.0,1.0
431,107.75,physics_sindy_mpc,0,16.21522331237793,828.46630859375,84.47856140136719,5.015456676483154,226.46377563476562,400.0,0.06540312923014312,-0.9978589232386035,0.6095826341228862,0.23483411381086047,1.0,0.29219483395758394,0.0,1.0
432,108.0,physics_sindy_mpc,0,16.342342376708984,815.4811401367188,83.91925811767578,5.065492630004883,204.22557067871094,400.0,1.2246467991473532e-16,-1.0,0.5836024533183785,0.2283220299525217,1.0,0.25732814416084315,0.0,1.0
433,108.25,physics_sindy_mpc,0,16.395977020263672,804.054931640625,83.5732421875,4.9918084144592285,185.43276977539062,400.0,-0.06540312923014287,-0.9978589232386035,0.595447890811617,0.22194445615361386,1.0,0.22665714895906158,0.0,1.0
434,108.5,physics_sindy_mpc,0,16.368772506713867,792.8016967773438,83.36385345458984,4.641049385070801,174.31903076171875,400.0,-0.13052619222005177,-0.9914448613738104,0.6472403076733408,0.21535355291929256,1.0,0.19647661905447847,0.0,1.0
435,108.75,physics_sindy_mpc,0,16.347017288208008,782.4949951171875,83.04875183105469,4.290798187255859,163.19993591308594,400.0,-0.19509032201612792,-0.9807852804032305,0.6980002897897228,0.20381167398192965,1.0,0.1624961705696598,0.0,1.0
436,109.0,physics_sindy_mpc,0,16.380329132080078,772.3287963867188,82.66377258300781,3.9405462741851807,152.08084106445312,400.0,-0.2588190451025208,-0.9659258262890683,0.7348043253281566,0.19187531440614222,1.0,0.12857219261086716,0.0,1.0
437,109.25,physics_sindy_mpc,0,16.479612350463867,763.3222045898438,82.29755401611328,3.652916431427002,138.7898406982422,400.0,-0.32143946530316153,-0.9469301294951057,0.7594125394288449,0.17983038076056793,1.0,0.09787122476316404,0.0,1.0
438,109.5,physics_sindy_mpc,0,16.60996437072754,755.7382202148438,82.03447723388672,3.502875566482544,120.71651458740234,400.0,-0.38268343236508967,-0.9238795325112868,0.7834808281564878,0.16767953248428658,1.0,0.07096625250683346,0.0,1.0
439,109.75,physics_sindy_mpc,0,16.763710021972656,750.1251831054688,81.87857055664062,3.3527677059173584,102.6479721069336,400.0,-0.44228869021900147,-0.8968727415326883,0.8123663512239976,0.15432835142191115,1.0,0.04801861776167822,0.0,1.0
440,110.0,physics_sindy_mpc,0,16.947153091430664,747.1024169921875,81.86128234863281,3.202659845352173,84.57943725585938,400.0,-0.4999999999999997,-0.8660254037844388,0.845657463944381,0.1400082034847388,1.0,0.03043797574405785,0.0,1.0
441,110.25,physics_sindy_mpc,0,17.211545944213867,748.096923828125,81.58548736572266,3.0999999046325684,68.9249267578125,400.0,-0.555570233019602,-0.8314696123025455,0.8349200202564563,0.1180808860594424,1.0,0.016546133116789815,0.0,1.0
442,110.5,physics_sindy_mpc,0,17.575927734375,753.4080810546875,81.29850006103516,3.0999999046325684,58.503074645996094,400.0,-0.6087614290087207,-0.7933533402912352,0.7869819083920896,0.09567943890985163,1.0,0.01432294727070263,0.0,1.0
443,110.75,physics_sindy_mpc,0,17.75032615661621,753.3258666992188,81.33043670654297,3.0999999046325684,48.07891845703125,400.0,-0.6593458151000688,-0.7518398074789774,0.7790257823850267,0.08771375256174617,1.0,0.011810767222794085,0.0,1.0
444,111.0,physics_sindy_mpc,0,17.834115982055664,753.9827880859375,81.27815246582031,3.0999999046325684,37.65476608276367,400.0,-0.7071067811865471,-0.7071067811865479,0.7834686759676521,0.07355866691966494,1.0,0.00421172009144,0.0,1.0
445,111.25,physics_sindy_mpc,0,17.97709846496582,761.8159790039062,81.06272888183594,3.123896598815918,28.559690475463867,400.0,-0.7518398074789773,-0.6593458151000691,0.7640200745882675,0.04436609577695749,1.0,0.0,0.0,1.0
446,111.5,physics_sindy_mpc,0,18.082008361816406,769.3501586914062,80.99969482421875,3.198993444442749,22.306095123291016,400.0,-0.7933533402912349,-0.6087614290087209,0.7515139822375402,0.02017426272578961,1.0,0.0,0.0,1.0
447,111.75,physics_sindy_mpc,0,18.074119567871094,769.2627563476562,81.02288818359375,3.274047374725342,16.05160140991211,400.0,-0.8314696123025452,-0.5555702330196022,0.7606476608782236,0.01491492270016545,1.0,0.0,0.0,1.0
448,112.0,physics_sindy_mpc,0,18.025390625,766.8616333007812,80.88389587402344,3.3491013050079346,9.79710865020752,400.0,-0.8660254037844385,-0.5000000000000004,0.7698940246956282,0.015347039633666418,1.0,0.0,0.0,1.0
449,112.25,physics_sindy_mpc,0,17.994537353515625,764.6629638671875,80.612548828125,3.4724245071411133,5.107910633087158,400.0,-0.8968727415326883,-0.44228869021900136,0.7598886287653249,0.015995184526464635,1.0,0.0,0.0,1.0
450,112.5,physics_sindy_mpc,0,18.021604537963867,763.1747436523438,80.39754486083984,3.697627544403076,3.7183480262756348,400.0,-0.9238795325112868,-0.3826834323650895,0.7283487085997603,0.01638841296932218,1.0,0.0,0.0,1.0
451,112.75,physics_sindy_mpc,0,18.050235748291016,762.1875,80.40754699707031,3.9227893352508545,2.328460693359375,400.0,-0.9469301294951056,-0.3214394653031618,0.69912585426243,0.017455351136028342,1.0,0.0,0.0,1.0
452,113.0,physics_sindy_mpc,0,18.060283660888672,761.9067993164062,80.60840606689453,4.147951126098633,0.9385733604431152,400.0,-0.9659258262890683,-0.25881904510252063,0.6829352339258733,0.0179893396926713,1.0,0.0,0.0,1.0
453,113.25,physics_sindy_mpc,0,18.05145835876465,762.0084838867188,80.90968322753906,4.340625762939453,0.0,400.0,-0.9807852804032303,-0.19509032201612866,0.6808088409539008,0.017753693276242776,1.0,0.0,0.0,1.0
454,113.5,physics_sindy_mpc,0,18.030351638793945,762.0059814453125,81.22300720214844,4.465708255767822,0.0,400.0,-0.9914448613738104,-0.13052619222005163,0.6993186985355183,0.021255189480648504,1.0,0.005185955239080318,0.0,1.0
455,113.75,physics_sindy_mpc,0,17.9371337890625,751.8159790039062,81.46176147460938,4.5907979011535645,0.0,400.0,-0.9978589232386035,-0.06540312923014273,0.730968517363515,0.045982340780652074,1.0,0.0077569200400697405,0.0,1.0
456,114.0,physics_sindy_mpc,0,17.891990661621094,745.249267578125,81.39686584472656,4.715888023376465,0.0,400.0,-1.0,-1.8369701987210297e-16,0.733261227481358,0.05858293717355755,1.0,0.006818743610433602,0.0,1.0
457,114.25,physics_sindy_mpc,0,17.912973403930664,744.6962890625,81.24156951904297,4.800000190734863,0.0,400.0,-0.9978589232386036,0.06540312923014237,0.7122736858573764,0.056422972666615195,1.0,0.0065174985530127,0.0,1.0
458,114.5,physics_sindy_mpc,0,17.907304763793945,743.5633544921875,81.24822235107422,4.800000190734863,0.0,400.0,-0.9914448613738105,0.13052619222005127,0.705933156813692,0.056298988357194574,1.0,0.006958027978734455,0.0,1.0
459,114.75,physics_sindy_mpc,0,17.87272071838379,741.2926635742188,81.31646728515625,4.800000190734863,0.0,400.0,-0.9807852804032304,0.1950903220161283,0.714102381942414,0.05891775999846592,1.0,0.007201637378871114,0.0,1.0
460,115.0,physics_sindy_mpc,0,17.837181091308594,739.2060546875,81.33817291259766,4.800000190734863,0.0,400.0,-0.9659258262890684,0.2588190451025203,0.7261689025154507,0.05835428556580699,1.0,0.005905996931832602,0.0,1.0
461,115.25,physics_sindy_mpc,0,17.829254150390625,738.9425659179688,81.27716064453125,4.733864784240723,0.0,400.0,-0.9469301294951057,0.3214394653031615,0.7345529387760659,0.03957514959941604,1.0,0.0019000762777362779,0.0,1.0
462,115.5,physics_sindy_mpc,0,17.870681762695312,739.6698608398438,81.16873168945312,4.533716678619385,0.0,400.0,-0.923879532511287,0.38268343236508917,0.7323455245697335,0.017493755452598007,1.0,0.0,0.0,1.0
463,115.75,physics_sindy_mpc,0,17.89714241027832,738.3187866210938,81.14236450195312,4.333572864532471,0.0,400.0,-0.8968727415326884,0.442288690219001,0.7377144731643909,0.004746207568355834,1.0,0.0,0.0,1.0
464,116.0,physics_sindy_mpc,0,17.88667106628418,733.6151123046875,81.13067626953125,4.133429050445557,0.0,400.0,-0.8660254037844386,0.5000000000000001,0.7509148354998286,0.0030944349257586256,1.0,0.0,0.0,1.0
465,116.25,physics_sindy_mpc,0,17.88553810119629,728.900634765625,81.02471923828125,3.9916605949401855,0.0,400.0,-0.8314696123025455,0.5555702330196018,0.7539034173428211,0.0037674481012006144,1.0,0.0,0.0,1.0
466,116.5,physics_sindy_mpc,0,17.920406341552734,725.2379760742188,80.8807144165039,3.9666426181793213,0.0,400.0,-0.7933533402912357,0.6087614290087199,0.7405352361965046,0.0029675350075274933,1.0,0.0,0.0,1.0
467,116.75,physics_sindy_mpc,0,17.95929527282715,721.9249267578125,80.83311462402344,3.941624641418457,0.0,400.0,-0.7518398074789772,0.6593458151000691,0.7261471799249266,0.0008065243013857509,1.0,0.0,0.0,1.0
468,117.0,physics_sindy_mpc,0,17.988571166992188,718.3751220703125,80.89047241210938,3.9166066646575928,0.0,399.9999694824219,-0.7071067811865477,0.7071067811865474,0.7212002087416624,2.4296662008916597e-09,1.0,0.0,0.0,1.0
469,117.25,physics_sindy_mpc,0,17.990446090698242,715.0203247070312,81.00666809082031,3.799065351486206,0.0,400.0,-0.6593458151000687,0.7518398074789775,0.7341472500077878,0.0,1.0,0.0,0.0,1.0
470,117.5,physics_sindy_mpc,0,17.94895362854004,711.9671630859375,81.07862091064453,3.498849630355835,0.0,400.0,-0.608761429008721,0.7933533402912349,0.7646395288152587,0.0,1.0,0.0,0.0,1.0
471,117.75,physics_sindy_mpc,0,17.911991119384766,709.2798461914062,80.95806121826172,3.198634147644043,0.0,400.0,-0.555570233019603,0.8314696123025447,0.7900536069956299,0.0,1.0,0.0,0.0,1.0
472,118.0,physics_sindy_mpc,0,17.894367218017578,706.9810791015625,80.68179321289062,2.898418426513672,0.0,400.0,-0.5000000000000004,0.8660254037844384,0.7978841212507369,0.0,1.0,0.0,0.0,1.0
473,118.25,physics_sindy_mpc,0,17.89598274230957,704.844970703125,80.35384368896484,2.742415428161621,0.0,400.0,-0.4422886902190014,0.8968727415326883,0.781193001926877,0.0,1.0,0.0,0.0,1.0
474,118.5,physics_sindy_mpc,0,17.908164978027344,702.3754272460938,80.10665130615234,2.8675053119659424,0.0,400.0,-0.38268343236508956,0.9238795325112868,0.7412985062806122,0.01341660352467226,1.0,0.0,0.0,1.0
475,118.75,physics_sindy_mpc,0,17.891611099243164,704.7549438476562,80.07380676269531,2.9925951957702637,0.0,400.0,-0.32143946530316186,0.9469301294951056,0.7041805769229627,0.017474412764377154,1.0,0.0,0.0,1.0
476,119.0,physics_sindy_mpc,0,17.834102630615234,707.97802734375,80.23566436767578,3.117685079574585,0.0,400.0,-0.25881904510252157,0.9659258262890681,0.6841162933676972,0.01731524598093475,1.0,0.0,0.0,1.0
477,119.25,physics_sindy_mpc,0,17.749614715576172,710.5596313476562,80.48091888427734,3.200000047683716,0.0,400.0,-0.19509032201612872,0.9807852804032303,0.6820875506664731,0.015539748283587472,1.0,0.0,0.0,1.0
478,119.5,physics_sindy_mpc,0,17.66045570373535,712.2578735351562,80.69623565673828,3.200000047683716,0.0,400.0,-0.13052619222005168,0.9914448613738104,0.6899165999036865,0.012985462419569292,1.0,0.0,0.0,1.0
479,119.75,physics_sindy_mpc,0,17.582738876342773,712.9151611328125,80.83331298828125,3.200000047683716,0.0,400.0,-0.0654031292301428,0.9978589232386035,0.6977076258985864,0.010460908948342704,1.0,0.0,0.0,1.0
480,120.0,physics_sindy_mpc,0,17.52277374267578,712.5958251953125,80.8914566040039,3.200000047683716,0.0,400.0,0.0,1.0,0.7040169439276035,0.007351041228724405,1.0,0.0,0.0,1.0
481,120.25,physics_sindy_mpc,0,17.435251235961914,710.9005126953125,80.91883087158203,3.1223580837249756,0.0,400.0,0.06540312923014306,0.9978589232386035,0.7190703311946663,0.0045674297861115435,1.0,0.0,0.0,1.0
482,120.5,physics_sindy_mpc,0,17.26674461364746,707.7115478515625,80.86520385742188,2.8971962928771973,0.0,400.0,0.13052619222005157,0.9914448613738104,0.7468624697556184,0.0033443645369758725,1.0,0.0,0.0,1.0
483,120.75,physics_sindy_mpc,0,17.084423065185547,703.85498046875,80.55427551269531,2.672034502029419,0.0,400.0,0.19509032201612825,0.9807852804032304,0.7653813505257338,0.0037184181455508364,1.0,0.0,0.0,1.0
484,121.0,physics_sindy_mpc,0,16.90608024597168,700.0280151367188,80.07521057128906,2.4468727111816406,0.0,400.0,0.25881904510252074,0.9659258262890683,0.7677439147175101,0.005671079907455488,1.0,0.0,0.0,1.0
485,121.25,physics_sindy_mpc,0,16.77987289428711,697.0580444335938,79.52838897705078,2.265204906463623,0.0,400.0,0.3214394653031616,0.9469301294951057,0.7518786089294407,0.008652342104218258,1.0,0.0,0.0,1.0
486,121.5,physics_sindy_mpc,0,16.757596969604492,695.6089477539062,79.08700561523438,2.165132999420166,0.0,400.0,0.3826834323650898,0.9238795325112867,0.7246777191094917,0.012738556752733225,1.0,0.0,0.0,1.0
487,121.75,physics_sindy_mpc,0,16.75640106201172,695.875244140625,78.97642517089844,2.065061092376709,0.0,400.0,0.44228869021900125,0.8968727415326884,0.7076621097928025,0.017341479715270978,1.0,0.0,0.0,1.0
488,122.0,physics_sindy_mpc,0,16.75669288635254,697.95263671875,79.09268951416016,1.964989185333252,0.0,400.0,0.49999999999999994,0.8660254037844387,0.7035879400397009,0.020632753836944857,1.0,0.0,0.0,1.0
489,122.25,physics_sindy_mpc,0,16.75271224975586,701.3004150390625,79.30500793457031,1.899999976158142,0.0,400.0,0.5555702330196022,0.8314696123025452,0.7060668615224538,0.0219419158779541,1.0,0.0,0.0,1.0
490,122.5,physics_sindy_mpc,0,16.736074447631836,705.2081298828125,79.5222396850586,1.899999976158142,0.0,400.0,0.6087614290087207,0.7933533402912352,0.7098860374319533,0.020554425816184118,1.0,0.0,0.0,1.0
491,122.75,physics_sindy_mpc,0,16.72344398498535,708.6783447265625,79.67947387695312,1.899999976158142,0.0,400.0,0.6593458151000688,0.7518398074789774,0.7126770176565221,0.017321153541179534,1.0,0.0,0.0,1.0
492,123.0,physics_sindy_mpc,0,16.718170166015625,711.0244750976562,79.79052734375,1.899999976158142,0.0,400.0,0.7071067811865476,0.7071067811865476,0.7166992995148971,0.013622300521476262,1.0,0.0,0.0,1.0
493,123.25,physics_sindy_mpc,0,16.693363189697266,711.8214111328125,79.87690734863281,1.8292595148086548,0.0,400.0,0.7518398074789774,0.6593458151000688,0.7283759488127924,0.010601803177625957,1.0,0.0,0.0,1.0
494,123.5,physics_sindy_mpc,0,16.618946075439453,710.860595703125,79.89141845703125,1.6291157007217407,0.0,400.0,0.7933533402912352,0.6087614290087207,0.7476486959730272,0.009662188561609828,1.0,0.0,0.0,1.0
495,123.75,physics_sindy_mpc,0,16.53606605529785,709.03857421875,79.73527526855469,1.4289720058441162,0.0,400.0,0.8314696123025451,0.5555702330196024,0.7616648225298361,0.01007677287374198,1.0,0.0,0.0,1.0
496,124.0,physics_sindy_mpc,0,16.455778121948242,706.9453125,79.46187591552734,1.2288281917572021,0.0,400.0,0.8660254037844386,0.5000000000000001,0.7673138161913512,0.011379564922356361,1.0,0.0,0.0,1.0
497,124.25,physics_sindy_mpc,0,16.384105682373047,705.1060180664062,79.1458511352539,1.0375988483428955,0.0,400.0,0.8968727415326884,0.44228869021900125,0.7665976850398223,0.0133506551965567,1.0,0.0,0.0,1.0
498,124.5,physics_sindy_mpc,0,16.32622718811035,704.0823974609375,78.85396575927734,0.8624730706214905,0.0,400.0,0.9238795325112867,0.38268343236508984,0.7636023777332563,0.01563688747676541,1.0,0.0,0.0,1.0
499,124.75,physics_sindy_mpc,0,16.266218185424805,703.9833984375,78.63055419921875,0.6873472332954407,0.0,400.0,0.9469301294951056,0.3214394653031617,0.7626610697506614,0.018698940366859755,1.0,0.0,0.0,1.0
500,125.0,physics_sindy_mpc,0,16.20098304748535,705.0719604492188,78.45512390136719,0.5122213959693909,0.0,400.0,0.9659258262890683,0.25881904510252074,0.7632408195072911,0.022384683899396476,1.0,0.0,0.0,1.0
501,125.25,physics_sindy_mpc,0,16.119707107543945,707.5777587890625,78.34160614013672,0.3640546500682831,0.9984822869300842,400.0,0.9807852804032304,0.19509032201612833,0.7650670817533217,0.026135598243024704,1.0,0.0,0.0,1.0
502,125.5,physics_sindy_mpc,0,16.011295318603516,711.5712890625,78.29901123046875,0.26398274302482605,3.778257131576538,400.0,0.9914448613738104,0.1305261922200517,0.7696722379714301,0.02903116524481166,1.0,0.0,0.0,1.0
503,125.75,physics_sindy_mpc,0,15.896199226379395,716.7484741210938,78.23162078857422,0.1639108508825302,6.5580315589904785,400.0,0.9978589232386035,0.06540312923014327,0.7688765471148464,0.032903435926009014,1.0,0.0,0.0,1.0
504,126.0,physics_sindy_mpc,0,15.776626586914062,723.4691162109375,78.15685272216797,0.06383896619081497,9.337806701660156,400.0,1.0,6.123233995736766e-17,0.7655813911453114,0.033408031351963484,1.0,0.0,0.0,1.0
505,126.25,physics_sindy_mpc,0,15.742862701416016,730.5828247070312,78.26094818115234,0.018116462975740433,19.666107177734375,399.9999694824219,0.9978589232386035,-0.06540312923014314,0.752514203251329,0.04183397127984741,1.0,0.0,0.0,1.0
506,126.5,physics_sindy_mpc,0,15.91136360168457,741.553466796875,78.79502868652344,0.06815240532159805,43.294193267822266,400.0,0.9914448613738104,-0.1305261922200516,0.7418788612890723,0.04391820806055983,1.0,0.0,0.0,1.0
507,126.75,physics_sindy_mpc,0,16.18599510192871,753.462158203125,79.6383056640625,0.11818835139274597,66.92227935791016,400.0,0.9807852804032304,-0.1950903220161282,0.7315367076351741,0.032169054152727965,1.0,0.0,0.0,1.0
508,127.0,physics_sindy_mpc,0,16.530961990356445,760.7631225585938,80.55020141601562,0.1682243049144745,90.55036163330078,400.0,0.9659258262890683,-0.25881904510252063,0.7038869684825398,0.03149155072606598,1.0,0.0,0.0,1.0
509,127.25,physics_sindy_mpc,0,17.001033782958984,768.1761474609375,81.45930480957031,0.2730409801006317,120.77242279052734,400.0,0.9469301294951057,-0.3214394653031616,0.6736393013032538,0.07157630838663934,1.0,0.04064455315286319,0.0,1.0
510,127.5,physics_sindy_mpc,0,16.88990020751953,739.180908203125,81.98075103759766,0.4731847643852234,162.4690399169922,400.0,0.9238795325112868,-0.3826834323650895,0.6541653818503753,0.1995203331457761,1.0,0.0915967741405864,0.0,1.0
511,127.75,physics_sindy_mpc,0,16.64718246459961,740.7208251953125,81.25164794921875,0.6733285188674927,204.16566467285156,400.0,0.8968727415326884,-0.44228869021900113,0.5229624694558659,0.23073505782275613,1.0,0.11547598822439915,0.0,1.0
512,128.0,physics_sindy_mpc,0,16.61993408203125,748.7619018554688,80.90347290039062,0.8734723329544067,245.86228942871094,400.0,0.8660254037844387,-0.4999999999999998,0.3687655221666912,0.2568592448308244,1.0,0.1527174036308844,0.0,1.0
513,128.25,physics_sindy_mpc,0,16.46128273010254,758.0062255859375,81.24456787109375,1.0184040069580078,284.4915771484375,400.0,0.8314696123025451,-0.5555702330196023,0.28988069825624546,0.2810592701447572,0.9828239009621591,0.197042180823633,0.0,1.0
514,128.5,physics_sindy_mpc,0,16.226667404174805,768.3998413085938,81.73946380615234,1.0684399604797363,317.848876953125,400.0,0.7933533402912352,-0.6087614290087207,0.26184449673904514,0.2963373002750772,0.9462756456292398,0.23621663870540274,0.0,1.0
515,128.75,physics_sindy_mpc,0,16.07354164123535,778.5882568359375,82.12708282470703,1.1184759140014648,351.2061767578125,400.0,0.7518398074789774,-0.6593458151000688,0.22451228918110103,0.3124331624694234,0.8946726747565708,0.27373966366194025,0.0,1.0
516,129.0,physics_sindy_mpc,0,16.00620460510254,789.5487060546875,82.48270416259766,1.1685118675231934,384.5634765625,400.0,0.7071067811865476,-0.7071067811865475,0.16762412155613418,0.3255152921096676,0.8344265144258525,0.3124943647756926,0.0,1.0
517,129.25,physics_sindy_mpc,0,15.958064079284668,799.9159545898438,82.83212280273438,1.2185478210449219,414.056640625,400.0,0.659345815100069,-0.7518398074789773,0.11437647280511606,0.3401861400966952,0.7694323919203936,0.34880801488959745,0.0,1.0
518,129.5,physics_sindy_mpc,0,15.888191223144531,810.6859130859375,83.09970092773438,1.2685837745666504,436.9897766113281,400.0,0.6087614290087209,-0.793353340291235,0.0618774549581469,0.34761885532302556,0.7058444752441752,0.37851325032293937,0.0,1.0
519,129.75,physics_sindy_mpc,0,15.842514991760254,819.8798217773438,83.30243682861328,1.318619728088379,459.92291259765625,400.0,0.5555702330196025,-0.831469612302545,0.0204988373638042,0.3534324043220423,0.6443978635817784,0.4000000098677722,0.0,1.0
520,130.0,physics_sindy_mpc,0,15.837129592895508,827.9223022460938,83.46609497070312,1.3686556816101074,482.8560485839844,400.0,0.49999999999999994,-0.8660254037844387,0.0,0.3592395229688509,0.5875588592680174,0.4000000098103795,0.0,0.9056353399863364
521,130.25,physics_sindy_mpc,0,11.933741569519043,598.07763671875,75.62619018554688,1.4560747146606445,502.15472412109375,400.0,0.4422886902190017,-0.8968727415326881,0.0,0.47283791555921423,0.5512153803771642,0.27321051424363757,0.0,1.0
522,130.5,physics_sindy_mpc,0,15.156375885009766,733.424072265625,77.41120147705078,1.60618257522583,515.358642578125,400.0,0.3826834323650899,-0.9238795325112867,0.0,0.4590015476205937,0.5455915374302868,0.2847474441498101,0.0,0.8794279441673024
523,130.75,physics_sindy_mpc,0,12.062861442565918,593.1131591796875,74.85736083984375,1.7562904357910156,528.5625610351562,400.0,0.32143946530316175,-0.9469301294951056,0.0,0.5354300833025328,0.533504403084798,0.2836207471726636,0.0,0.9449562725011951
524,131.0,physics_sindy_mpc,0,13.444618225097656,658.02734375,77.97198486328125,1.9063982963562012,541.7665405273438,400.0,0.258819045102521,-0.9659258262890682,0.0,0.5367776692841363,0.529116223020343,0.312957017033292,0.0,0.7809794820734315
525,131.25,physics_sindy_mpc,0,10.584508895874023,533.4863891601562,70.6856689453125,2.0,549.2152099609375,400.0,0.19509032201612816,-0.9807852804032304,0.0,0.593064468634276,0.5090396385685066,0.28760685041890277,0.0,1.0
526,131.5,physics_sindy_mpc,0,14.733216285705566,733.8167724609375,75.32674407958984,2.0,547.13037109375,400.0,0.130526192220052,-0.9914448613738104,0.0,0.5032316536939863,0.5100114805437405,0.3194347121573955,0.0,0.9483066547284122
527,131.75,physics_sindy_mpc,0,13.678567886352539,708.8043212890625,81.01920318603516,2.0,545.0455322265625,400.0,0.06540312923014312,-0.9978589232386035,0.0,0.5343176639757852,0.4844867031437724,0.4000000096389846,0.0,0.569914687303914
528,132.0,physics_sindy_mpc,0,8.70714282989502,479.046630859375,66.88997650146484,2.0,542.960693359375,400.0,1.2246467991473532e-16,-1.0,0.0,0.5779376699587659,0.4420629818053665,0.27552604309386974,0.0,1.0
529,132.25,physics_sindy_mpc,0,14.094804763793945,691.9719848632812,72.31356811523438,2.028468608856201,536.3946533203125,400.0,-0.06540312923014287,-0.9978589232386035,0.0,0.5364185964516427,0.46158408512828736,0.28761633189855057,0.0,1.0
530,132.5,physics_sindy_mpc,0,15.159692764282227,823.517822265625,81.84249114990234,2.103522539138794,522.4957885742188,400.0,-0.13052619222005177,-0.9914448613738104,0.0,0.36736867207343826,0.4676298490579387,0.3941906872252453,0.0,0.9525045832933718
531,132.75,physics_sindy_mpc,0,13.471647262573242,711.076171875,83.59407806396484,2.1785764694213867,508.596923828125,400.0,-0.19509032201612792,-0.9807852804032305,0.45994588112844226,0.5976512177847961,0.4326315008910858,0.4000000098919971,0.0,0.4740802125517469
532,133.0,physics_sindy_mpc,0,8.464043617248535,479.82574462890625,66.71426391601562,2.2536303997039795,494.69805908203125,400.0,-0.2588190451025208,-0.9659258262890683,0.0,0.5066200196681611,0.41266068857598415,0.21827348061716179,0.0,1.0
533,133.25,physics_sindy_mpc,0,13.888678550720215,670.3983764648438,71.94034576416016,2.271315574645996,468.316162109375,400.0,-0.32143946530316153,-0.9469301294951057,0.0,0.45437217766399396,0.48189519072672504,0.19765247165396058,0.0,1.0
534,133.5,physics_sindy_mpc,0,14.71840763092041,785.4176025390625,82.20999908447266,2.1962616443634033,421.75494384765625,400.0,-0.38268343236508967,-0.9238795325112868,0.41555972912769484,0.3499507329951518,0.5396353279975599,0.2975707829061461,0.0,1.0
535,133.75,physics_sindy_mpc,0,14.599565505981445,819.2103271484375,85.98633575439453,2.1212077140808105,375.1936950683594,400.0,-0.44228869021900147,-0.8968727415326883,1.0,0.32079715486726346,0.6179413913609033,0.3317408620727318,0.0,1.0
536,134.0,physics_sindy_mpc,0,14.637724876403809,829.4607543945312,85.06143951416016,2.0461537837982178,328.6324768066406,400.0,-0.4999999999999997,-0.8660254037844388,1.0,0.2164914526687227,0.7120638696834665,0.2467437273673498,0.0,1.0
537,134.25,physics_sindy_mpc,0,15.065908432006836,804.0847778320312,83.26505279541016,1.9903666973114014,292.7749938964844,400.0,-0.555570233019602,-0.8314696123025455,0.9942881405950862,0.17206833790236645,0.8077270421714736,0.1497655536790189,0.0,1.0
538,134.5,physics_sindy_mpc,0,15.823241233825684,779.1052856445312,81.97359466552734,1.965348720550537,274.0115051269531,400.0,-0.6087614290087207,-0.7933533402912352,0.8464359973598593,0.18162318110886208,0.8916568526400241,0.12061549081921824,0.0,1.0
539,134.75,physics_sindy_mpc,0,16.368480682373047,766.76513671875,81.54145050048828,1.9403307437896729,255.24801635742188,400.0,-0.6593458151000688,-0.7518398074789774,0.7485349720939797,0.19348439651636534,0.9582159649268952,0.11762406036820712,0.0,1.0
540,135.0,physics_sindy_mpc,0,16.599811553955078,760.99609375,81.38847351074219,1.9153127670288086,236.4845428466797,400.0,-0.7071067811865471,-0.7071067811865479,0.740155864323722,0.18766561319955927,0.9999998506273037,0.10799179267322373,0.0,1.0
541,135.25,physics_sindy_mpc,0,16.654190063476562,755.4521484375,81.18211364746094,1.8029475212097168,210.98130798339844,400.0,-0.7518398074789773,-0.6593458151000691,0.8199716455421394,0.1632167845505515,1.0,0.07374065086478805,0.0,1.0
542,135.5,physics_sindy_mpc,0,16.72658348083496,749.5577392578125,81.00077819824219,1.5527677536010742,174.84423828125,400.0,-0.7933533402912349,-0.6087614290087209,0.9762906031612772,0.1377804728771657,1.0,0.03313892855992189,0.0,1.0
543,135.75,physics_sindy_mpc,0,17.041536331176758,752.6570434570312,81.04579162597656,1.3025881052017212,138.70716857910156,400.0,-0.8314696123025452,-0.5555702330196022,1.0,0.1035693124090978,1.0,0.005994076141249822,0.0,1.0
544,136.0,physics_sindy_mpc,0,17.474365234375,769.9457397460938,80.62360382080078,1.0524083375930786,102.5700912475586,400.0,-0.8660254037844385,-0.5000000000000004,1.0,0.02352481168648641,1.0,0.0,0.0,1.0
545,136.25,physics_sindy_mpc,0,17.65522003173828,771.0418090820312,80.016845703125,0.8511143326759338,73.4942855834961,400.0,-0.8968727415326883,-0.44228869021900136,1.0,0.0,1.0,0.0,0.0,1.0
546,136.5,physics_sindy_mpc,0,17.70579719543457,766.5123901367188,79.12313079833984,0.7260244488716125,55.42575454711914,400.0,-0.9238795325112868,-0.3826834323650895,1.0,0.0,1.0,0.0,0.0,1.0
547,136.75,physics_sindy_mpc,0,17.65996742248535,762.3902587890625,78.01851654052734,0.6009345650672913,37.357215881347656,400.0,-0.9469301294951056,-0.3214394653031618,1.0,0.0,1.0,0.0,0.0,1.0
548,137.0,physics_sindy_mpc,0,17.540042877197266,758.517822265625,76.67752075195312,0.47584471106529236,19.288681030273438,400.0,-0.9659258262890683,-0.25881904510252063,1.0,0.0,1.0,0.0,0.0,1.0
549,137.25,physics_sindy_mpc,0,17.414953231811523,755.0546264648438,75.25973510742188,0.3409058153629303,7.512580871582031,400.0,-0.9807852804032303,-0.19509032201612866,1.0,0.0,1.0,0.0,0.0,1.0
550,137.5,physics_sindy_mpc,0,17.350576400756836,752.1409912109375,74.1336441040039,0.19079798460006714,5.4277496337890625,400.0,-0.9914448613738104,-0.13052619222005163,1.0,0.0,1.0,0.0,0.0,1.0
551,137.75,physics_sindy_mpc,0,17.3043155670166,749.6439819335938,73.28754425048828,0.04069015011191368,3.342918872833252,400.0,-0.9978589232386035,-0.06540312923014273,1.0,0.0,1.0,0.0,0.0,1.0
552,138.0,physics_sindy_mpc,0,17.26004409790039,747.5120239257812,72.6317367553711,-0.10941768437623978,1.2580877542495728,400.0,-1.0,-1.8369701987210297e-16,1.0,0.0,1.0,0.0,0.0,1.0
553,138.25,physics_sindy_mpc,0,17.242748260498047,745.7025146484375,72.11148071289062,-0.20992091298103333,0.0,400.0,-0.9978589232386036,0.06540312923014237,1.0,0.0,1.0,0.0,0.0,1.0
554,138.5,physics_sindy_mpc,0,17.280107498168945,744.0980834960938,71.74746704101562,-0.23493888974189758,0.0,400.0,-0.9914448613738105,0.13052619222005127,1.0,0.0,1.0,0.0,0.0,1.0
555,138.75,physics_sindy_mpc,0,17.341739654541016,742.5800170898438,71.55550384521484,-0.25995686650276184,0.0,400.0,-0.9807852804032304,0.1950903220161283,1.0,0.0,1.0,0.0,0.0,1.0
556,139.0,physics_sindy_mpc,0,17.416187286376953,741.1190795898438,71.48309326171875,-0.2849748432636261,0.0,400.0,-0.9659258262890684,0.2588190451025203,1.0,0.0,1.0,0.0,0.0,1.0
557,139.25,physics_sindy_mpc,0,17.47110366821289,739.6302490234375,71.50016784667969,-0.35995686054229736,0.0,400.0,-0.9469301294951057,0.3214394653031615,1.0,0.0,1.0,0.0,0.0,1.0
558,139.5,physics_sindy_mpc,0,17.477344512939453,738.039794921875,71.55024719238281,-0.5100647211074829,0.0,400.0,-0.923879532511287,0.38268343236508917,1.0,0.0,1.0,0.0,0.0,1.0
559,139.75,physics_sindy_mpc,0,17.46190071105957,736.4236450195312,71.5468521118164,-0.6601725220680237,0.0,400.0,-0.8968727415326884,0.442288690219001,1.0,0.0,1.0,0.0,0.0,1.0
560,140.0,physics_sindy_mpc,0,17.43445587158203,734.8065795898438,71.49738311767578,-0.8102803826332092,0.0,400.0,-0.8660254037844386,0.5000000000000001,1.0,0.0,1.0,0.0,0.0,1.0
561,140.25,physics_sindy_mpc,0,17.382061004638672,733.1529541015625,71.4280014038086,-0.9503235220909119,0.0,400.0,-0.8314696123025455,0.5555702330196018,1.0,0.0,1.0,0.0,0.0,1.0
562,140.5,physics_sindy_mpc,0,17.29174041748047,731.4287719726562,71.33479309082031,-1.0754133462905884,0.0,400.0,-0.7933533402912357,0.6087614290087199,1.0,0.0,1.0,0.0,0.0,1.0
563,140.75,physics_sindy_mpc,0,17.182512283325195,729.6851806640625,71.18586730957031,-1.2005032300949097,0.0,400.0,-0.7518398074789772,0.6593458151000691,1.0,0.0,1.0,0.0,0.0,1.0
564,141.0,physics_sindy_mpc,0,17.061864852905273,727.9407958984375,70.99900817871094,-1.325593113899231,0.0,400.0,-0.7071067811865477,0.7071067811865474,1.0,0.0,1.0,0.0,0.0,1.0
565,141.25,physics_sindy_mpc,0,16.952571868896484,726.2546997070312,70.78150939941406,-1.4405463933944702,0.0,400.0,-0.6593458151000687,0.7518398074789775,1.0,0.0,1.0,0.0,0.0,1.0
566,141.5,physics_sindy_mpc,0,16.873737335205078,724.6748657226562,70.56470489501953,-1.5406183004379272,0.0,400.0,-0.608761429008721,0.7933533402912349,1.0,0.0,1.0,0.0,0.0,1.0
567,141.75,physics_sindy_mpc,0,16.80644416809082,723.1497802734375,70.40235900878906,-1.6406902074813843,0.0,400.0,-0.555570233019603,0.8314696123025447,1.0,0.0,1.0,0.0,0.0,1.0
568,142.0,physics_sindy_mpc,0,16.744203567504883,721.6627197265625,70.28450012207031,-1.7407619953155518,0.0,400.0,-0.5000000000000004,0.8660254037844384,1.0,0.0,1.0,0.0,0.0,1.0
569,142.25,physics_sindy_mpc,0,16.699975967407227,720.3428344726562,70.18731689453125,-1.789791464805603,0.0,400.0,-0.4422886902190014,0.8968727415326883,1.0,0.0,1.0,0.0,0.0,1.0
570,142.5,physics_sindy_mpc,0,16.686260223388672,719.377197265625,70.11457061767578,-1.7647734880447388,0.0,400.0,-0.38268343236508956,0.9238795325112868,1.0,0.0,1.0,0.0,0.0,1.0
571,142.75,physics_sindy_mpc,0,16.687131881713867,718.7489013671875,70.09473419189453,-1.739755630493164,0.0,400.0,-0.32143946530316186,0.9469301294951056,1.0,0.0,1.0,0.0,0.0,1.0
572,143.0,physics_sindy_mpc,0,16.696807861328125,718.4383544921875,70.11337280273438,-1.7147376537322998,0.0,400.0,-0.25881904510252157,0.9659258262890681,1.0,0.0,1.0,0.0,0.0,1.0
573,143.25,physics_sindy_mpc,0,16.6878662109375,718.1768798828125,70.16801452636719,-1.7616822719573975,0.0,400.0,-0.19509032201612872,0.9807852804032303,1.0,0.0,1.0,0.0,0.0,1.0
574,143.5,physics_sindy_mpc,0,16.63646125793457,717.58203125,70.22438049316406,-1.911790132522583,0.0,400.0,-0.13052619222005168,0.9914448613738104,1.0,0.0,1.0,0.0,0.0,1.0
575,143.75,physics_sindy_mpc,0,16.566303253173828,716.660400390625,70.2196273803711,-2.0618979930877686,0.0,400.0,-0.0654031292301428,0.9978589232386035,1.0,0.0,1.0,0.0,0.0,1.0
576,144.0,physics_sindy_mpc,0,16.486480712890625,715.4419555664062,70.16478729248047,-2.212005853652954,0.0,400.0,0.0,1.0,1.0,0.0,1.0,0.0,0.0,1.0
577,144.25,physics_sindy_mpc,0,16.41104507446289,714.1637573242188,70.07440948486328,-2.3621134757995605,0.0,400.0,0.06540312923014306,0.9978589232386035,1.0,0.0,1.0,0.0,0.0,1.0
578,144.5,physics_sindy_mpc,0,16.350852966308594,713.1683349609375,69.97386932373047,-2.512221336364746,0.0,400.0,0.13052619222005157,0.9914448613738104,1.0,0.0,1.0,0.0,0.0,1.0
579,144.75,physics_sindy_mpc,0,16.29682159423828,712.4864501953125,69.8944320678711,-2.6623291969299316,0.0,400.0,0.19509032201612825,0.9807852804032304,1.0,0.0,1.0,0.0,0.0,1.0
580,145.0,physics_sindy_mpc,0,16.246150970458984,712.1050415039062,69.83407592773438,-2.812437057495117,0.0,400.0,0.25881904510252074,0.9659258262890683,1.0,0.0,1.0,0.0,0.0,1.0
581,145.25,physics_sindy_mpc,0,16.19597816467285,712.0125732421875,69.78878021240234,-2.9729690551757812,0.0,400.0,0.3214394653031616,0.9469301294951057,1.0,0.0,1.0,0.0,0.0,1.0
582,145.5,physics_sindy_mpc,0,16.144418716430664,712.200439453125,69.75249481201172,-3.148094892501831,0.0,400.0,0.3826834323650898,0.9238795325112867,1.0,0.0,1.0,0.0,0.0,1.0
583,145.75,physics_sindy_mpc,0,16.093372344970703,712.67041015625,69.71770477294922,-3.323220729827881,0.0,400.0,0.44228869021900125,0.8968727415326884,1.0,0.0,1.0,0.0,0.0,1.0
584,146.0,physics_sindy_mpc,0,16.043581008911133,713.422119140625,69.68402862548828,-3.4983465671539307,0.0,400.0,0.49999999999999994,0.8660254037844387,1.0,0.0,1.0,0.0,0.0,1.0
585,146.25,physics_sindy_mpc,0,15.99947738647461,714.3638916015625,69.64877319335938,-3.6104960441589355,0.0,400.0,0.5555702330196022,0.8314696123025452,1.0,0.0,1.0,0.0,0.0,1.0
586,146.5,physics_sindy_mpc,0,15.964055061340332,715.3411254882812,69.61578369140625,-3.6355140209198,0.0,400.0,0.6087614290087207,0.7933533402912352,1.0,0.0,1.0,0.0,0.0,1.0
587,146.75,physics_sindy_mpc,0,15.932819366455078,716.3101806640625,69.59590911865234,-3.660531997680664,0.0,400.0,0.6593458151000688,0.7518398074789774,1.0,0.0,1.0,0.0,0.0,1.0
588,147.0,physics_sindy_mpc,0,15.904000282287598,717.2669067382812,69.58613586425781,-3.6855499744415283,0.0,400.0,0.7071067811865476,0.7071067811865476,1.0,0.0,1.0,0.0,0.0,1.0
589,147.25,physics_sindy_mpc,0,15.863555908203125,718.0745239257812,69.58965301513672,-3.742271661758423,0.0,400.0,0.7518398074789774,0.6593458151000688,1.0,0.0,1.0,0.0,0.0,1.0
590,147.5,physics_sindy_mpc,0,15.800361633300781,718.544677734375,69.59014129638672,-3.84234356880188,0.0,400.0,0.7933533402912352,0.6087614290087207,1.0,0.0,1.0,0.0,0.0,1.0
591,147.75,physics_sindy_mpc,0,15.727245330810547,718.68408203125,69.55674743652344,-3.942415475845337,0.0,400.0,0.8314696123025451,0.5555702330196024,1.0,0.0,1.0,0.0,0.0,1.0
592,148.0,physics_sindy_mpc,0,15.649030685424805,718.5093994140625,69.49781799316406,-4.042487621307373,0.0,400.0,0.8660254037844386,0.5000000000000001,1.0,0.0,1.0,0.0,0.0,1.0
593,148.25,physics_sindy_mpc,0,15.576855659484863,718.2586059570312,69.42024993896484,-4.163838863372803,0.0,400.0,0.8968727415326884,0.44228869021900125,1.0,0.0,1.0,0.0,0.0,1.0
594,148.5,physics_sindy_mpc,0,15.518994331359863,718.2738037109375,69.34196472167969,-4.313946723937988,0.0,400.0,0.9238795325112867,0.38268343236508984,1.0,0.0,1.0,0.0,0.0,1.0
595,148.75,physics_sindy_mpc,0,15.467613220214844,718.5917358398438,69.28619384765625,-4.464054584503174,0.0,400.0,0.9469301294951056,0.3214394653031617,1.0,0.0,1.0,0.0,0.0,1.0
596,149.0,physics_sindy_mpc,0,15.420402526855469,719.2051391601562,69.24883270263672,-4.614162445068359,0.0,400.0,0.9659258262890683,0.25881904510252074,1.0,0.0,1.0,0.0,0.0,1.0
597,149.25,physics_sindy_mpc,0,15.41599178314209,720.1006469726562,69.28131103515625,-4.614306449890137,1.7852863073349,400.0,0.9807852804032304,0.19509032201612833,1.0,0.0,1.0,0.0,0.0,1.0
598,149.5,physics_sindy_mpc,0,15.486913681030273,721.189453125,69.47662353515625,-4.414162635803223,5.954948425292969,400.0,0.9914448613738104,0.1305261922200517,1.0,0.0,1.0,0.0,0.0,1.0
599,149.75,physics_sindy_mpc,0,15.598373413085938,722.3502197265625,69.83304595947266,-4.214018821716309,10.124610900878906,400.0,0.9978589232386035,0.06540312923014327,1.0,0.0,1.0,0.0,0.0,1.0
600,150.0,physics_sindy_mpc,0,15.73574447631836,723.5476684570312,70.28596496582031,-4.0138750076293945,14.294272422790527,400.0,1.0,6.123233995736766e-17,1.0,0.0,1.0,0.0,0.0,1.0
601,150.25,physics_sindy_mpc,0,16.063987731933594,725.1774291992188,71.1234359741211,-3.6304097175598145,30.745267868041992,400.0,0.9978589232386035,-0.06540312923014314,0.8865245515263527,0.0,1.0,0.0,0.0,1.0
602,150.5,physics_sindy_mpc,0,16.653053283691406,727.3859252929688,72.88939666748047,-3.004960536956787,63.40761947631836,400.0,0.9914448613738104,-0.1305261922200516,0.724484248544313,0.013751234710343535,1.0,0.0,0.0,1.0
603,150.75,physics_sindy_mpc,0,17.275833129882812,735.0997924804688,75.54302215576172,-2.3795111179351807,96.06997680664062,400.0,0.9807852804032304,-0.1950903220161282,0.575296691977274,0.04832312778825802,1.0,0.0,0.0,1.0
604,151.0,physics_sindy_mpc,0,17.8690128326416,756.3994140625,78.5738296508789,-1.7540618181228638,128.73233032226562,400.0,0.9659258262890683,-0.25881904510252063,0.4906585274317666,0.04565380086291757,1.0,0.007771113708601028,0.0,1.0
605,151.25,physics_sindy_mpc,0,18.30827522277832,765.3619384765625,81.44470977783203,-1.2263120412826538,163.8070068359375,400.0,0.9469301294951057,-0.3214394653031616,0.49214398777625407,0.13596838882851472,1.0,0.08873272016158407,0.0,1.0
606,151.5,physics_sindy_mpc,0,17.6943416595459,754.4553833007812,82.43414306640625,-0.8260244131088257,202.02891540527344,400.0,0.9238795325112868,-0.3826834323650895,0.5708581642946263,0.22007166511246026,1.0,0.13920605958503718,0.0,1.0
607,151.75,physics_sindy_mpc,0,17.343088150024414,762.7814331054688,81.48087310791016,-0.4257368743419647,240.25082397460938,400.0,0.8968727415326884,-0.44228869021900113,0.44914126790654674,0.22596019084254287,1.0,0.15039243674740166,0.0,1.0
608,152.0,physics_sindy_mpc,0,17.351306915283203,769.9495849609375,81.1496353149414,-0.025449316948652267,278.47271728515625,400.0,0.8660254037844387,-0.4999999999999998,0.2735958654034836,0.25882263979574566,0.986431574701942,0.1852529130099864,0.0,1.0
609,152.25,physics_sindy_mpc,0,17.204805374145508,781.221435546875,81.5268783569336,0.2874191105365753,314.5698547363281,400.0,0.8314696123025451,-0.5555702330196023,0.1613131780964087,0.2855212881915531,0.9545366562478482,0.22987087692241542,0.0,1.0
610,152.5,physics_sindy_mpc,0,16.882097244262695,792.3366088867188,82.01248931884766,0.487562894821167,347.9271545410156,400.0,0.7933533402912352,-0.6087614290087207,0.11483256944753924,0.29711858080685927,0.9108932869204682,0.26871483193512163,0.0,1.0
611,152.75,physics_sindy_mpc,0,16.595972061157227,800.3048095703125,82.3285903930664,0.687706708908081,381.2844543457031,400.0,0.7518398074789774,-0.6593458151000688,0.06946635715829104,0.30864358938403513,0.8605267050977518,0.30411848607059905,0.0,1.0
612,153.0,physics_sindy_mpc,0,16.39041519165039,807.1036987304688,82.57136535644531,0.8878504633903503,414.6417541503906,400.0,0.7071067811865476,-0.7071067811865475,0.016600463505147985,0.32518226541645767,0.8061032067400583,0.33964398662863776,0.0,1.0
613,153.25,physics_sindy_mpc,0,16.273666381835938,816.4502563476562,82.86054992675781,1.0769950151443481,441.8883361816406,400.0,0.659345815100069,-0.7518398074789773,0.0,0.3346930594608996,0.7540671397862683,0.3695891256413496,0.0,1.0
614,153.5,physics_sindy_mpc,0,16.276203155517578,827.2199096679688,83.18683624267578,1.2521207332611084,461.34674072265625,400.0,0.6087614290087209,-0.793353340291235,0.0,0.34225617840624095,0.7051267230246356,0.39293198111459177,0.0,1.0
615,153.75,physics_sindy_mpc,0,16.381736755371094,838.6299438476562,83.48126220703125,1.4272465705871582,480.80517578125,400.0,0.5555702330196025,-0.831469612302545,0.0,0.3452571505601421,0.6625898091956604,0.4000000095599239,0.0,0.9569810081801581
616,154.0,physics_sindy_mpc,0,14.865829467773438,733.4413452148438,81.4113540649414,1.602372407913208,500.26361083984375,400.0,0.49999999999999994,-0.8660254037844387,0.0,0.46865456049431853,0.6281588100505616,0.4000000094991728,0.0,0.9651745618591441
617,154.25,physics_sindy_mpc,0,15.068093299865723,747.471435546875,80.5538558959961,1.7885693311691284,516.0316162109375,400.0,0.4422886902190017,-0.8968727415326881,0.0,0.45361848365364893,0.6132988466496799,0.3767028549317053,0.0,1.0
618,154.5,physics_sindy_mpc,0,16.504167556762695,833.82080078125,81.64521789550781,1.9887131452560425,527.1507568359375,400.0,0.3826834323650899,-0.9238795325112867,0.0,0.38675104254491643,0.6059959193434618,0.36866856963215494,0.0,0.893662110373247
619,154.75,physics_sindy_mpc,0,13.547525405883789,631.0050659179688,73.84697723388672,2.188856840133667,538.2698364257812,400.0,0.32143946530316175,-0.9469301294951056,0.0,0.5952077884695277,0.5895781307475185,0.30667878119086284,0.0,1.0
620,155.0,physics_sindy_mpc,0,16.540525436401367,811.9600830078125,76.33979034423828,2.389000654220581,549.388916015625,400.0,0.258819045102521,-0.9659258262890682,0.0,0.4799990149039975,0.5854300166590232,0.3296563991787762,0.0,0.7727936117473998
621,155.25,physics_sindy_mpc,0,12.575882911682129,575.89013671875,67.91814422607422,2.5222861766815186,555.5555419921875,400.0,0.19509032201612816,-0.9807852804032304,0.0,0.675906734169532,0.565575736119341,0.2617669720443598,0.0,1.0
622,155.5,physics_sindy_mpc,0,16.50395393371582,807.3836669921875,72.13673400878906,2.572322130203247,555.5555419921875,400.0,0.130526192220052,-0.9914448613738104,0.0,0.5061398079803056,0.5654714894503624,0.3070342737237882,0.0,0.7831417200038296
623,155.75,physics_sindy_mpc,0,12.861148834228516,593.7754516601562,68.68778991699219,2.6223580837249756,555.5555419921875,400.0,0.06540312923014312,-0.9978589232386035,0.0,0.6649091068188792,0.5541702928920067,0.2713984280795361,0.0,1.0
624,156.0,physics_sindy_mpc,0,16.503780364990234,816.86328125,73.28724670410156,2.672394037246704,555.5555419921875,400.0,1.2246467991473532e-16,-1.0,0.0,0.48928143859534273,0.5589615323683327,0.3227962586341923,0.0,0.8498055275887307
625,156.25,physics_sindy_mpc,0,13.320389747619629,624.9917602539062,71.32695007324219,2.711215019226074,548.0789184570312,400.0,-0.06540312923014287,-0.9978589232386035,0.0,0.6215196837898959,0.555489051787278,0.29202604237935037,0.0,1.0
626,156.5,physics_sindy_mpc,0,16.269317626953125,821.4987182617188,76.10016632080078,2.7362329959869385,531.4002685546875,400.0,-0.13052619222005177,-0.9914448613738104,0.0,0.4266760400859034,0.5653915861905364,0.337663143944549,0.0,0.998753873975505
627,156.75,physics_sindy_mpc,0,16.67457389831543,881.6712036132812,83.43848419189453,2.7612509727478027,514.7216186523438,400.0,-0.19509032201612792,-0.9807852804032305,0.0,0.3255053097512862,0.5654384540027865,0.39890982250597107,0.0,0.9438850145669803
628,157.0,physics_sindy_mpc,0,14.617242813110352,721.7971801757812,81.35133361816406,2.786268949508667,498.04296875,400.0,-0.2588190451025208,-0.9659258262890683,0.02327314641627361,0.5186521419092074,0.5421764362117449,0.4000000098120423,0.0,0.913230670353032
629,157.25,physics_sindy_mpc,0,13.155289649963379,657.8283081054688,76.2474594116211,2.799999952316284,477.28851318359375,400.0,-0.32143946530316153,-0.9469301294951057,0.0,0.4591774239465927,0.5463961865687591,0.2693253387572838,0.0,1.0
630,157.5,physics_sindy_mpc,0,15.492624282836914,785.4769287109375,79.732421875,2.799999952316284,451.5755920410156,400.0,-0.38268343236508967,-0.9238795325112868,0.0,0.33733756021041567,0.5728395539093161,0.2744536402529776,0.0,1.0
631,157.75,physics_sindy_mpc,0,15.848755836486816,827.8984985351562,84.90070343017578,2.799999952316284,425.8627014160156,400.0,-0.44228869021900147,-0.8968727415326883,0.45503510302574424,0.39059128205562466,0.5861978479490957,0.3995816722422657,0.0,1.0
632,158.0,physics_sindy_mpc,0,15.660646438598633,866.2428588867188,85.9533920288086,2.799999952316284,400.1497802734375,400.0,-0.4999999999999997,-0.8660254037844388,0.7323721837547615,0.29649801741539844,0.6380383432672978,0.390509353963647,0.0,1.0
633,158.25,physics_sindy_mpc,0,15.684608459472656,859.5427856445312,84.9020767211914,2.7318475246429443,371.2816467285156,400.0,-0.555570233019602,-0.8314696123025455,0.7848721077867773,0.22996260956394765,0.7090627356306533,0.3159447563504393,0.0,1.0
634,158.5,physics_sindy_mpc,0,15.877021789550781,833.5241088867188,83.5830307006836,2.581739664077759,338.6192932128906,400.0,-0.6087614290087207,-0.7933533402912352,0.7521931305300935,0.20207918994491356,0.7891627958082303,0.24489051071395318,0.0,1.0
635,158.75,physics_sindy_mpc,0,16.110668182373047,807.9584350585938,82.59209442138672,2.4316318035125732,305.9569396972656,400.0,-0.6593458151000688,-0.7518398074789774,0.7158172858292602,0.19174169742348426,0.8691857489196954,0.1932202118016748,0.0,1.0
636,159.0,physics_sindy_mpc,0,16.289134979248047,788.6766357421875,81.96165466308594,2.281524181365967,273.2945861816406,400.0,-0.7071067811865471,-0.7071067811865479,0.7145082746319537,0.17905188844437836,0.9400815198775475,0.15234358331800238,0.0,1.0
637,159.25,physics_sindy_mpc,0,16.3953914642334,773.0840454101562,81.51111602783203,2.085693836212158,239.36216735839844,400.0,-0.7518398074789773,-0.6593458151000691,0.7625936910025197,0.15872239503934873,0.9912132057349903,0.10915785535179182,0.0,1.0
638,159.5,physics_sindy_mpc,0,16.532684326171875,759.694580078125,81.11338806152344,1.8355140686035156,203.9200439453125,400.0,-0.7933533402912349,-0.6087614290087209,0.8605307604967595,0.13753213219301033,1.0,0.06120965637111073,0.0,1.0
639,159.75,physics_sindy_mpc,0,16.824888229370117,752.95654296875,81.00822448730469,1.585334300994873,168.47792053222656,400.0,-0.8314696123025452,-0.5555702330196022,0.9999999993833544,0.12382999591177454,1.0,0.031051791089868667,0.0,1.0
640,160.0,physics_sindy_mpc,0,17.205068588256836,755.9251098632812,81.16178894042969,1.3351545333862305,133.03578186035156,400.0,-0.8660254037844385,-0.5000000000000004,1.0,0.09575235285370143,1.0,0.010407117796902574,0.0,1.0
641,160.25,physics_sindy_mpc,0,17.667911529541016,767.21728515625,80.67320251464844,1.0964773893356323,101.74734497070312,400.0,-0.8968727415326883,-0.44228869021900136,1.0,0.00046729612779179415,1.0,0.0,0.0,1.0
642,160.5,physics_sindy_mpc,0,17.984403610229492,759.5147705078125,80.06941223144531,0.871315598487854,75.33948516845703,400.0,-0.9238795325112868,-0.3826834323650895,1.0,0.0,1.0,0.0,0.0,1.0
643,160.75,physics_sindy_mpc,0,17.97954559326172,756.7678833007812,79.16165161132812,0.6461538672447205,48.93162536621094,400.0,-0.9469301294951056,-0.3214394653031618,1.0,0.0,1.0,0.0,0.0,1.0
644,161.0,physics_sindy_mpc,0,17.780994415283203,754.0343017578125,77.68746948242188,0.4209921061992645,22.52376365661621,400.0,-0.9659258262890683,-0.25881904510252063,1.0,0.0,1.0,0.0,0.0,1.0
645,161.25,physics_sindy_mpc,0,17.578489303588867,751.6990356445312,75.8991470336914,0.1958303451538086,7.368799209594727,400.0,-0.9807852804032303,-0.19509032201612866,1.0,0.0,1.0,0.0,0.0,1.0
646,161.5,physics_sindy_mpc,0,17.48647117614746,750.0187377929688,74.36238098144531,-0.02933141589164734,5.283968448638916,400.0,-0.9914448613738104,-0.13052619222005163,1.0,0.0,1.0,0.0,0.0,1.0
647,161.75,physics_sindy_mpc,0,17.426851272583008,748.7650756835938,73.20712280273438,-0.25449317693710327,3.1991372108459473,400.0,-0.9978589232386035,-0.06540312923014273,1.0,0.0,1.0,0.0,0.0,1.0
648,162.0,physics_sindy_mpc,0,17.372352600097656,747.8621826171875,72.32818603515625,-0.4796549379825592,1.1143062114715576,400.0,-1.0,-1.8369701987210297e-16,1.0,0.0,1.0,0.0,0.0,1.0
649,162.25,physics_sindy_mpc,0,17.3366641998291,747.2166137695312,71.653564453125,-0.6000000238418579,0.0,400.0,-0.9978589232386036,0.06540312923014237,1.0,0.0,1.0,0.0,0.0,1.0
650,162.5,physics_sindy_mpc,0,17.33140754699707,746.68310546875,71.1769027709961,-0.6000000238418579,0.0,400.0,-0.9914448613738105,0.13052619222005127,1.0,0.0,1.0,0.0,0.0,1.0
651,162.75,physics_sindy_mpc,0,17.336761474609375,746.1749877929688,70.8636245727539,-0.6000000238418579,0.0,400.0,-0.9807852804032304,0.1950903220161283,1.0,0.0,1.0,0.0,0.0,1.0
652,163.0,physics_sindy_mpc,0,17.345565795898438,745.6748046875,70.66079711914062,-0.6000000238418579,0.0,400.0,-0.9659258262890684,0.2588190451025203,1.0,0.0,1.0,0.0,7.457424810452203e-09,1.0
653,163.25,physics_sindy_mpc,0,17.388696670532227,745.2680053710938,70.51029968261719,-0.6468727588653564,0.0,400.0,-0.9469301294951057,0.3214394653031615,1.0,0.0,1.0,0.0,9.796854667463459e-08,1.0
654,163.5,physics_sindy_mpc,0,17.486520767211914,745.0101318359375,70.4306640625,-0.7469446659088135,0.0,400.0,-0.923879532511287,0.38268343236508917,1.0,0.0,1.0,0.0,0.020672085603635506,1.0
655,163.75,physics_sindy_mpc,0,17.162458419799805,742.8450317382812,77.2885971069336,-0.8470165133476257,0.0,400.0,-0.8968727415326884,0.442288690219001,1.0,0.0,1.0,0.0,0.0,1.0
656,164.0,physics_sindy_mpc,0,17.728178024291992,743.820068359375,73.11956024169922,-0.9470884203910828,0.0,400.0,-0.8660254037844386,0.5000000000000001,1.0,0.0,1.0,0.0,0.007363708865182899,1.0
657,164.25,physics_sindy_mpc,0,17.63841438293457,742.9286499023438,75.23919677734375,-1.0825304985046387,0.0,400.0,-0.8314696123025455,0.5555702330196018,1.0,0.0,1.0,0.0,0.0,1.0
658,164.5,physics_sindy_mpc,0,17.77119255065918,743.1876220703125,72.914306640625,-1.2576563358306885,0.0,400.0,-0.7933533402912357,0.6087614290087199,1.0,0.0,1.0,0.0,0.048778944382663475,1.0
659,164.75,physics_sindy_mpc,0,17.145837783813477,739.838623046875,80.52120971679688,-1.4327821731567383,0.0,400.0,-0.7518398074789772,0.6593458151000691,1.0,0.0,1.0,0.0,0.0,1.0
660,165.0,physics_sindy_mpc,0,17.48731231689453,741.323486328125,74.44800567626953,-1.607908010482788,0.0,400.0,-0.7071067811865477,0.7071067811865474,1.0,0.0,1.0,0.0,0.0,1.0
661,165.25,physics_sindy_mpc,0,17.41502571105957,742.0436401367188,72.4129409790039,-1.8067576885223389,0.0,400.0,-0.6593458151000687,0.7518398074789775,1.0,0.0,1.0,0.0,0.04767139040633047,1.0
662,165.5,physics_sindy_mpc,0,16.833580017089844,739.830322265625,80.04939270019531,-2.031919479370117,0.0,400.0,-0.608761429008721,0.7933533402912349,1.0,0.0,1.0,0.0,0.0,1.0
663,165.75,physics_sindy_mpc,0,17.343952178955078,742.7214965820312,73.84337615966797,-2.2570812702178955,0.0,400.0,-0.555570233019603,0.8314696123025447,1.0,0.0,1.0,0.0,7.159374304624561e-08,1.0
664,166.0,physics_sindy_mpc,0,17.429378509521484,744.8085327148438,71.96028137207031,-2.482243061065674,0.0,400.0,-0.5000000000000004,0.8660254037844384,1.0,0.0,1.0,0.0,0.10729246778618207,1.0
665,166.25,physics_sindy_mpc,0,16.8778076171875,741.1604614257812,81.34070587158203,-2.611933946609497,0.0,400.0,-0.4422886902190014,0.8968727415326883,1.0,0.0,1.0,0.0,0.0,1.0
666,166.5,physics_sindy_mpc,0,17.40209197998047,745.1177368164062,74.4637680053711,-2.6369519233703613,0.0,400.0,-0.38268343236508956,0.9238795325112868,1.0,0.0,1.0,0.0,0.03241479905188436,1.0
667,166.75,physics_sindy_mpc,0,16.94623374938965,745.462646484375,79.60253143310547,-2.6619699001312256,0.0,400.0,-0.32143946530316186,0.9469301294951056,1.0,0.0,1.0,0.0,0.0,1.0
668,167.0,physics_sindy_mpc,0,17.29351043701172,749.55517578125,73.98677825927734,-2.68698787689209,0.0,400.0,-0.25881904510252157,0.9659258262890681,1.0,0.0,1.0,0.0,0.09525746678386512,1.0
669,167.25,physics_sindy_mpc,0,16.859947204589844,747.8712158203125,81.44426727294922,-2.663982629776001,0.0,400.0,-0.19509032201612872,0.9807852804032303,1.0,0.0,1.0,0.0,0.0,1.0
670,167.5,physics_sindy_mpc,0,17.631591796875,753.3704223632812,74.42554473876953,-2.5889289379119873,0.0,400.0,-0.13052619222005168,0.9914448613738104,1.0,0.0,1.0,0.0,0.19948368492393367,1.0
671,167.75,physics_sindy_mpc,0,17.61151695251465,748.5393676757812,82.27879333496094,-2.5138750076293945,0.0,400.0,-0.0654031292301428,0.9978589232386035,1.0,0.0,1.0,0.0,0.0,1.0
672,168.0,physics_sindy_mpc,0,18.55974578857422,754.655517578125,75.61796569824219,-2.4388210773468018,0.0,400.0,0.0,1.0,1.0,0.0,1.0,0.0007735915008569851,0.2164101160873057,1.0
673,168.25,physics_sindy_mpc,0,18.546390533447266,748.1358642578125,83.16080474853516,-2.4000000953674316,0.0,400.0,0.06540312923014306,0.9978589232386035,1.0,0.0,1.0,0.0,0.0,1.0
674,168.5,physics_sindy_mpc,0,19.17892837524414,752.799072265625,77.0754165649414,-2.4000000953674316,0.0,400.0,0.13052619222005157,0.9914448613738104,0.967434605524631,0.0,1.0,0.034819105910963724,0.05044315949024666,1.0
675,168.75,physics_sindy_mpc,0,18.200180053710938,718.9854736328125,82.42030334472656,-2.4000000953674316,0.0,400.0,0.19509032201612825,0.9807852804032304,1.0,0.0,1.0,0.0,0.0,1.0
676,169.0,physics_sindy_mpc,0,18.904489517211914,715.6630249023438,76.09522247314453,-2.4000000953674316,0.0,400.0,0.25881904510252074,0.9659258262890683,0.9299690150989639,0.0,1.0,9.349741707988017e-09,0.0,1.0
677,169.25,physics_sindy_mpc,0,19.008403778076172,718.3618774414062,74.6827392578125,-2.387850522994995,0.0,400.0,0.3214394653031616,0.9469301294951057,0.8139617898491377,0.0,1.0,0.005563447104124489,0.0,1.0
678,169.5,physics_sindy_mpc,0,18.783855438232422,713.950439453125,74.7271499633789,-2.362832546234131,0.0,400.0,0.3826834323650898,0.9238795325112867,0.7839357962143136,0.0,1.0,0.0,0.0,1.0
679,169.75,physics_sindy_mpc,0,18.637462615966797,714.3209838867188,75.00236511230469,-2.3378145694732666,0.0,400.0,0.44228869021900125,0.8968727415326884,0.7823759943444522,0.0,1.0,0.0,0.0,1.0
680,170.0,physics_sindy_mpc,0,18.452030181884766,716.3493041992188,75.50000762939453,-2.3127965927124023,0.0,400.0,0.49999999999999994,0.8660254037844387,0.8025148110352917,0.0,1.0,0.0,0.0,1.0
681,170.25,physics_sindy_mpc,0,18.321556091308594,718.6278686523438,75.83758544921875,-2.2388927936553955,0.0,400.0,0.5555702330196022,0.8314696123025452,0.8097369091282695,0.0,1.0,0.0,0.0,1.0
682,170.5,physics_sindy_mpc,0,18.273412704467773,721.3477172851562,76.04605865478516,-2.113802909851074,0.0,400.0,0.6087614290087207,0.7933533402912352,0.786149912678285,0.0,1.0,0.0,0.0,1.0
683,170.75,physics_sindy_mpc,0,18.258121490478516,724.4241943359375,76.3331069946289,-1.9887131452560425,0.0,400.0,0.6593458151000688,0.7518398074789774,0.7441263653066459,0.0,1.0,0.0,0.0,1.0
684,171.0,physics_sindy_mpc,0,18.235897064208984,727.7670288085938,76.80442810058594,-1.8636232614517212,0.0,400.0,0.7071067811865476,0.7071067811865476,0.7058053410557996,0.0,1.0,0.0,0.0,1.0
685,171.25,physics_sindy_mpc,0,18.174396514892578,731.1801147460938,77.44649505615234,-1.71394681930542,0.0,400.0,0.7518398074789774,0.6593458151000688,0.6977873641532071,0.0,1.0,0.0,0.0,1.0
686,171.5,physics_sindy_mpc,0,18.08316421508789,734.5303344726562,78.08404541015625,-1.5388209819793701,0.0,400.0,0.7933533402912352,0.6087614290087207,0.7083856447501153,0.0,1.0,0.0,0.0,1.0
687,171.75,physics_sindy_mpc,0,18.003843307495117,737.8877563476562,78.5542221069336,-1.3636951446533203,0.0,400.0,0.8314696123025451,0.5555702330196024,0.7244284456089515,0.0,1.0,0.0,0.0,1.0
688,172.0,physics_sindy_mpc,0,17.955352783203125,741.3003540039062,78.84168243408203,-1.18856942653656,0.0,400.0,0.8660254037844386,0.5000000000000001,0.7354490219785577,0.0,1.0,0.0,0.0,1.0
689,172.25,physics_sindy_mpc,0,17.914403915405273,744.5792236328125,79.01216125488281,-1.0258088111877441,0.0,400.0,0.8968727415326884,0.44228869021900125,0.7393910250782473,0.0,1.0,0.0,0.0,1.0
690,172.5,physics_sindy_mpc,0,17.860322952270508,747.5067749023438,79.11247253417969,-0.8757009506225586,0.0,400.0,0.9238795325112867,0.38268343236508984,0.7400859403053902,0.0,1.0,0.0,0.0,1.0
691,172.75,physics_sindy_mpc,0,17.80348777770996,750.0671997070312,79.13981628417969,-0.725593090057373,0.0,400.0000305175781,0.9469301294951056,0.3214394653031617,0.7366003900862108,0.0,1.0,0.0,0.0,1.0
692,173.0,physics_sindy_mpc,0,17.744943618774414,752.26123046875,79.13890075683594,-0.5754852890968323,0.0,400.0,0.9659258262890683,0.25881904510252074,0.729764033198969,0.0,1.0,0.0,0.0,1.0
693,173.25,physics_sindy_mpc,0,17.70849609375,754.2815551757812,79.1402587890625,-0.4005032479763031,0.34547486901283264,400.0,0.9807852804032304,0.19509032201612833,0.7175339245326035,0.0,1.0,0.0,0.0,1.0
694,173.5,physics_sindy_mpc,0,17.702011108398438,756.318603515625,79.21212005615234,-0.20035944879055023,1.0404185056686401,400.0,0.9914448613738104,0.1305261922200517,0.7026498603575713,0.0,1.0,0.0,0.0,1.0
695,173.75,physics_sindy_mpc,0,17.703428268432617,758.35107421875,79.39967346191406,-0.00021567217481788248,1.7353622913360596,400.0,0.9978589232386035,0.06540312923014327,0.6921028456515386,0.0,1.0,0.0,0.0,1.0
696,174.0,physics_sindy_mpc,0,17.70731544494629,760.3663330078125,79.6622314453125,0.19992810487747192,2.4303059577941895,400.0,1.0,6.123233995736766e-17,0.6860191268117326,0.0,1.0,0.0,0.0,1.0
697,174.25,physics_sindy_mpc,0,17.720840454101562,762.24560546875,79.99313354492188,0.4125808775424957,4.862608909606934,400.0,0.9978589232386035,-0.06540312923014314,0.6807438642212227,0.0,1.0,0.0,0.0,1.0
698,174.5,physics_sindy_mpc,0,17.750835418701172,763.8313598632812,80.38214874267578,0.6377426385879517,9.032271385192871,400.0,0.9914448613738104,-0.1305261922200516,0.673211208627014,0.0007262798377330095,1.0,0.0,0.0,1.0
699,174.75,physics_sindy_mpc,0,17.79438018798828,765.3704833984375,80.79499053955078,0.8629043698310852,13.201932907104492,400.0,0.9807852804032304,-0.1950903220161282,0.6575775463131257,0.006262321148746821,1.0,0.0,0.0,1.0
700,175.0,physics_sindy_mpc,0,17.84239387512207,768.7686157226562,81.24112701416016,1.0880661010742188,17.37159538269043,400.0,0.9659258262890683,-0.25881904510252063,0.637744726994838,0.009014728630677466,1.0,0.0,0.0,1.0
701,175.25,physics_sindy_mpc,0,17.93744468688965,772.9535522460938,81.76300811767578,1.413874864578247,24.68647575378418,400.0000305175781,0.9469301294951057,-0.3214394653031616,0.6262365283563464,0.03111107554135359,1.0,0.02260436256645432,0.0,1.0
702,175.5,physics_sindy_mpc,0,17.797117233276367,759.718994140625,82.49958038330078,1.8391804695129395,35.11063003540039,400.0,0.9238795325112868,-0.3826834323650895,0.6599720563522601,0.09912071135095764,1.0,0.051120697137799286,0.0,1.0
703,175.75,physics_sindy_mpc,0,17.583715438842773,752.0693359375,82.63470458984375,2.264486074447632,45.534786224365234,399.9999694824219,0.8968727415326884,-0.44228869021900113,0.662671656783528,0.14115217606314306,1.0,0.0671631931463409,0.0,1.0
704,176.0,physics_sindy_mpc,0,17.5006046295166,753.5769653320312,82.50733947753906,2.689791440963745,55.95894241333008,400.0,0.8660254037844387,-0.4999999999999998,0.6210315633095825,0.1577394861257658,1.0,0.08106424245039598,0.0,1.0
705,176.25,physics_sindy_mpc,0,17.44131088256836,756.3255004882812,82.55923461914062,2.975916624069214,63.92283630371094,400.0,0.8314696123025451,-0.5555702330196023,0.5943581583301139,0.16914908104638365,1.0,0.09446960459037294,0.0,1.0
706,176.5,physics_sindy_mpc,0,17.360774993896484,759.4003295898438,82.6635971069336,3.1260244846343994,69.48238372802734,400.0,0.7933533402912352,-0.6087614290087207,0.5887594804555858,0.17491558613188404,1.0,0.10349329845090371,0.0,1.0
707,176.75,physics_sindy_mpc,0,17.31153678894043,762.3359375,82.7358627319336,3.276132345199585,75.04193878173828,400.0,0.7518398074789774,-0.6593458151000688,0.5843602201370559,0.17998998168645353,1.0,0.11185271133672536,0.0,1.0
708,177.0,physics_sindy_mpc,0,17.286516189575195,765.263916015625,82.84134674072266,3.4262402057647705,80.60148620605469,400.0,0.7071067811865476,-0.7071067811865475,0.5844790019695894,0.18511215152900354,1.0,0.12083867016257867,0.0,1.0
709,177.25,physics_sindy_mpc,0,17.2254695892334,767.3788452148438,82.96324157714844,3.5381739139556885,83.33333587646484,400.0,0.659345815100069,-0.7518398074789773,0.5997403849051994,0.18698390241050206,1.0,0.12549012948392801,0.0,1.0
710,177.5,physics_sindy_mpc,0,17.141155242919922,767.9520263671875,83.0152587890625,3.6132278442382812,83.33333587646484,400.0,0.6087614290087209,-0.793353340291235,0.6214184700681881,0.18624644019873524,1.0,0.12424062736551807,0.0,1.0
711,177.75,physics_sindy_mpc,0,17.098773956298828,767.6275024414062,82.97830963134766,3.688281774520874,83.33333587646484,400.0000305175781,0.5555702330196025,-0.831469612302545,0.6325450513542591,0.18615890630219137,1.0,0.12149270299996968,0.0,1.0
712,178.0,physics_sindy_mpc,0,17.090543746948242,767.120849609375,82.93729400634766,3.763335704803467,83.33333587646484,400.0,0.49999999999999994,-0.8660254037844387,0.6363111250710155,0.18767748451206995,1.0,0.11983384219248987,0.0,1.0
713,178.25,physics_sindy_mpc,0,17.112178802490234,767.353515625,82.90438842773438,3.8511862754821777,83.33333587646484,400.0,0.4422886902190017,-0.8968727415326881,0.6343029403187302,0.1891876459124273,1.0,0.11977521446447209,0.0,1.0
714,178.5,physics_sindy_mpc,0,17.154956817626953,768.33154296875,82.89445495605469,3.9512581825256348,83.33333587646484,400.0,0.3826834323650899,-0.9238795325112867,0.6293590939363143,0.19033352858839733,1.0,0.12125673470456436,0.0,1.0
715,178.75,physics_sindy_mpc,0,17.193185806274414,769.3901977539062,82.92572784423828,4.051330089569092,83.33333587646484,400.0,0.32143946530316175,-0.9469301294951056,0.6259917845850357,0.1919038132752628,1.0,0.12369754963463721,0.0,1.0
716,179.0,physics_sindy_mpc,0,17.222829818725586,770.489013671875,82.97019958496094,4.151401996612549,83.33333587646484,400.0,0.258819045102521,-0.9659258262890682,0.6182405084497669,0.1957717101062475,1.0,0.12769627472761555,0.0,1.0
717,179.25,physics_sindy_mpc,0,17.307891845703125,772.61572265625,83.01614379882812,4.290079116821289,90.83992004394531,400.0,0.19509032201612816,-0.9807852804032304,0.5883495137999158,0.20787006516805975,1.0,0.1412576162972998,0.0,1.0
718,179.5,physics_sindy_mpc,0,17.417396545410156,777.1415405273438,83.15013122558594,4.46520471572876,105.4337387084961,400.0,0.130526192220052,-0.9914448613738104,0.5470067599460585,0.22475331272156296,1.0,0.1646416257574993,0.0,1.0
719,179.75,physics_sindy_mpc,0,17.468589782714844,783.7164306640625,83.40605926513672,4.640330791473389,120.02755737304688,400.0,0.06540312923014312,-0.9978589232386035,0.5197571962720621,0.23882831671098503,1.0,0.19018908976295035,0.0,1.0
720,180.0,physics_sindy_mpc,0,17.49273109436035,791.1283569335938,83.66517639160156,4.815456390380859,134.62136840820312,400.0,1.2246467991473532e-16,-1.0,0.5011288565279284,0.2488997928827381,1.0,0.21450464939749633,0.0,1.0
721,180.25,physics_sindy_mpc,0,17.510568618774414,798.5389404296875,83.86892700195312,5.016462802886963,145.98011779785156,400.0,-0.06540312923014287,-0.9978589232386035,0.4827825076632728,0.254463401229846,1.0,0.2346875246794123,0.0,1.0
722,180.5,physics_sindy_mpc,0,17.52941131591797,805.110595703125,84.0322494506836,5.24162483215332,154.31942749023438,400.0,-0.13052619222005177,-0.9914448613738104,0.4625343180993761,0.25873562327850524,1.0,0.2518026134378236,0.0,1.0
723,180.75,physics_sindy_mpc,0,17.560379028320312,811.1207275390625,84.19214630126953,5.4667863845825195,162.65875244140625,400.0,-0.19509032201612792,-0.9807852804032305,0.4414597086617552,0.2641840788627739,1.0,0.26889609204723536,0.0,1.0
724,181.0,physics_sindy_mpc,0,17.597253799438477,817.2863159179688,84.36764526367188,5.691948413848877,170.99807739257812,400.0,-0.2588190451025208,-0.9659258262890683,0.4255755893569342,0.2691446723733742,1.0,0.2860218484401691,0.0,1.0
725,181.25,physics_sindy_mpc,0,17.574731826782227,822.0009765625,84.46925354003906,5.682889938354492,183.67481994628906,400.0,-0.32143946530316153,-0.9469301294951057,0.42405016548198454,0.2710935225544887,1.0,0.2980091798727625,0.0,1.0
726,181.5,physics_sindy_mpc,0,17.49071502685547,823.7728271484375,84.3801040649414,5.457728385925293,200.3534698486328,400.0,-0.38268343236508967,-0.9238795325112868,0.42621393379626193,0.2710661176449626,1.0,0.30168575191783475,0.0,1.0
727,181.75,physics_sindy_mpc,0,17.412006378173828,823.4928588867188,84.15011596679688,5.2325663566589355,217.0321044921875,400.0,-0.44228869021900147,-0.8968727415326883,0.42031050056579483,0.2713492616642551,1.0,0.30079286526435545,0.0,1.0
728,182.0,physics_sindy_mpc,0,17.347820281982422,822.1468505859375,83.87313079833984,5.007404804229736,233.71075439453125,400.0,-0.4999999999999997,-0.8660254037844388,0.42028425933939667,0.2670051668512865,1.0,0.2957634346614369,0.0,1.0
729,182.25,physics_sindy_mpc,0,17.17804527282715,818.5237426757812,83.73849487304688,4.808411121368408,230.39979553222656,400.0,-0.555570233019602,-0.8314696123025455,0.477160584831489,0.24636567762894448,1.0,0.2755739349839484,0.0,1.0
730,182.5,physics_sindy_mpc,0,16.932435989379883,808.8367919921875,83.55006408691406,4.6332855224609375,208.85653686523438,400.0,-0.6087614290087207,-0.7933533402912352,0.5725458662571407,0.21886918576713107,1.0,0.2367589507921337,0.0,1.0
731,182.75,physics_sindy_mpc,0,16.769790649414062,794.2601928710938,83.0753173828125,4.458159446716309,187.3132781982422,400.0,-0.6593458151000688,-0.7518398074789774,0.6410032552790235,0.19684200820697087,1.0,0.18993052645879482,0.0,1.0
732,183.0,physics_sindy_mpc,0,16.714672088623047,779.336181640625,82.49596405029297,4.283033847808838,165.77003479003906,400.0,-0.7071067811865471,-0.7071067811865479,0.6731829968033932,0.18032762654430673,1.0,0.14511145027457223,0.0,1.0
733,183.25,physics_sindy_mpc,0,16.78765296936035,767.2921752929688,81.99974060058594,4.094751834869385,150.4393310546875,400.0,-0.7518398074789773,-0.6593458151000691,0.6774793908040534,0.17143385134845068,1.0,0.1132800986482985,0.0,1.0
734,183.5,physics_sindy_mpc,0,16.895702362060547,759.1856079101562,81.76171112060547,3.89460825920105,140.71011352539062,400.0,-0.7933533402912349,-0.6087614290087209,0.6877652711702325,0.1666471629981177,1.0,0.09437329618526544,0.0,1.0
735,183.75,physics_sindy_mpc,0,16.958581924438477,754.00927734375,81.6733627319336,3.6944644451141357,130.9809112548828,400.0,-0.8314696123025452,-0.5555702330196022,0.7247968436245698,0.15777221631914967,1.0,0.07773851575204593,0.0,1.0
736,184.0,physics_sindy_mpc,0,17.01445198059082,749.9512939453125,81.57879638671875,3.4943206310272217,121.25169372558594,400.0,-0.8660254037844385,-0.5000000000000004,0.7919098595393075,0.1427025629942006,1.0,0.05767562429999062,0.0,1.0
737,184.25,physics_sindy_mpc,0,17.119142532348633,747.7322387695312,81.53255462646484,3.254493236541748,102.3364486694336,400.0,-0.8968727415326883,-0.44228869021900136,0.9009084578552108,0.11747675642727012,1.0,0.029574609125914912,0.0,1.0
738,184.5,physics_sindy_mpc,0,17.430553436279297,752.0375366210938,80.9350357055664,2.979295492172241,75.233642578125,400.0,-0.9238795325112868,-0.3826834323650895,0.970943437455485,0.04869809266055692,1.0,0.0055653129703184335,0.0,1.0
739,184.75,physics_sindy_mpc,0,17.87769317626953,753.6259765625,79.99150085449219,2.7040977478027344,48.13084030151367,400.0,-0.9469301294951056,-0.3214394653031618,0.9502745362647365,0.0,1.0,0.00019935660070923797,0.0,1.0
740,185.0,physics_sindy_mpc,0,18.105466842651367,749.6113891601562,79.04827880859375,2.4289000034332275,21.028038024902344,400.0,-0.9659258262890683,-0.25881904510252063,0.9235807693792631,0.0,1.0,0.0,0.0,1.0
741,185.25,physics_sindy_mpc,0,18.117446899414062,748.748779296875,78.14138793945312,2.0872035026550293,7.22501802444458,400.0,-0.9807852804032303,-0.19509032201612866,0.9197430084088146,0.0,1.0,0.0,0.0,1.0
742,185.5,physics_sindy_mpc,0,18.010570526123047,747.8263549804688,77.34233856201172,1.6869158744812012,5.140186786651611,400.0,-0.9914448613738104,-0.13052619222005163,0.9334541115650721,0.0,1.0,0.0,0.0,1.0
743,185.75,physics_sindy_mpc,0,17.843578338623047,746.778564453125,76.46295166015625,1.2866283655166626,3.0553557872772217,400.0,-0.9978589232386035,-0.06540312923014273,0.9730499946173381,0.0,1.0,0.0,0.0,1.0
744,186.0,physics_sindy_mpc,0,17.661596298217773,745.715576171875,75.41229248046875,0.8863407373428345,0.970524787902832,400.0,-1.0,-1.8369701987210297e-16,1.0,0.0,1.0,0.0,0.0,1.0
745,186.25,physics_sindy_mpc,0,17.561887741088867,744.8906860351562,74.22209930419922,0.6331416368484497,0.0,400.0,-0.9978589232386036,0.06540312923014237,1.0,0.0,1.0,0.0,0.0,1.0
746,186.5,physics_sindy_mpc,0,17.552934646606445,744.3178100585938,73.16619110107422,0.5080517530441284,0.0,400.0,-0.9914448613738105,0.13052619222005127,1.0,0.0,1.0,0.0,0.0,1.0
747,186.75,physics_sindy_mpc,0,17.566869735717773,743.8137817382812,72.39500427246094,0.3829618990421295,0.0,400.0,-0.9807852804032304,0.1950903220161283,1.0,0.0,1.0,0.0,0.0,1.0
748,187.0,physics_sindy_mpc,0,17.5821533203125,743.3237915039062,71.84468078613281,0.2578720450401306,0.0,400.0,-0.9659258262890684,0.2588190451025203,1.0,0.0,1.0,0.0,0.0,1.0
749,187.25,physics_sindy_mpc,0,17.590850830078125,742.6889038085938,71.4437026977539,0.15966930985450745,0.0,400.0,-0.9469301294951057,0.3214394653031615,1.0,0.0,1.0,0.0,0.0,1.0
750,187.5,physics_sindy_mpc,0,17.590606689453125,741.7553100585938,71.13903045654297,0.08461538702249527,0.0,400.0,-0.923879532511287,0.38268343236508917,1.0,0.0,1.0,0.0,0.0,1.0
751,187.75,physics_sindy_mpc,0,17.581924438476562,740.50390625,70.8963851928711,0.009561466984450817,0.0,400.0,-0.8968727415326884,0.442288690219001,1.0,0.0,1.0,0.0,0.0,1.0
752,188.0,physics_sindy_mpc,0,17.56563949584961,738.94677734375,70.69519805908203,-0.06549245119094849,0.0,400.0,-0.8660254037844386,0.5000000000000001,1.0,0.0,1.0,0.0,0.0,1.0
753,188.25,physics_sindy_mpc,0,17.5290470123291,737.1975708007812,70.53231811523438,-0.23515456914901733,0.0,400.0,-0.8314696123025455,0.5555702330196018,1.0,0.0,1.0,0.0,0.0,1.0
754,188.5,physics_sindy_mpc,0,17.469703674316406,735.4020385742188,70.37981414794922,-0.48533427715301514,0.0,400.0,-0.7933533402912357,0.6087614290087199,1.0,0.0,1.0,0.0,0.0,1.0
755,188.75,physics_sindy_mpc,0,17.39667320251465,733.6121826171875,70.2168960571289,-0.7355140447616577,0.0,400.0,-0.7518398074789772,0.6593458151000691,1.0,0.0,1.0,0.0,7.993245192252616e-09,1.0
756,189.0,physics_sindy_mpc,0,17.314531326293945,731.8387451171875,70.04474639892578,-0.9856937527656555,0.0,400.0,-0.7071067811865477,0.7071067811865474,1.0,0.0,1.0,0.0,5.519566352083194e-09,1.0
757,189.25,physics_sindy_mpc,0,17.244441986083984,730.1342163085938,69.85863494873047,-1.1407620906829834,0.0,400.0,-0.6593458151000687,0.7518398074789775,1.0,0.0,1.0,0.0,4.951350590198705e-08,1.0
758,189.5,physics_sindy_mpc,0,17.193077087402344,728.5115966796875,69.68757629394531,-1.2158159017562866,0.0,400.0,-0.608761429008721,0.7933533402912349,1.0,0.0,1.0,0.0,3.73530230514418e-08,1.0
759,189.75,physics_sindy_mpc,0,17.148395538330078,726.93701171875,69.55890655517578,-1.2908698320388794,0.0,400.0,-0.555570233019603,0.8314696123025447,1.0,0.0,1.0,0.0,1.2965551310595968e-08,1.0
760,190.0,physics_sindy_mpc,0,17.10637664794922,725.399658203125,69.46321105957031,-1.3659237623214722,0.0,400.0,-0.5000000000000004,0.8660254037844384,1.0,0.0,1.0,0.0,9.644670864533838e-09,1.0
761,190.25,physics_sindy_mpc,0,17.071094512939453,723.908935546875,69.38612365722656,-1.4136592149734497,0.0,400.0,-0.4422886902190014,0.8968727415326883,1.0,0.0,1.0,0.0,3.3835193701973126e-10,1.0
762,190.5,physics_sindy_mpc,0,17.043354034423828,722.46533203125,69.32672119140625,-1.438677191734314,0.0,400.0,-0.38268343236508956,0.9238795325112868,1.0,0.0,1.0,0.0,0.0,1.0
763,190.75,physics_sindy_mpc,0,17.019121170043945,721.0574340820312,69.28691101074219,-1.4636951684951782,0.0,400.0,-0.32143946530316186,0.9469301294951056,1.0,0.0,1.0,0.0,0.0,1.0
764,191.0,physics_sindy_mpc,0,16.996858596801758,719.6806030273438,69.26055908203125,-1.4887131452560425,0.0,400.0,-0.25881904510252157,0.9659258262890681,1.0,0.0,1.0,0.0,0.0,1.0
765,191.25,physics_sindy_mpc,0,16.971576690673828,718.451904296875,69.24616241455078,-1.5686556100845337,0.0,400.0,-0.19509032201612872,0.9807852804032303,1.0,0.0,1.0,0.0,0.0,1.0
766,191.5,physics_sindy_mpc,0,16.94228172302246,717.5006713867188,69.23479461669922,-1.693745493888855,0.0,400.0,-0.13052619222005168,0.9914448613738104,1.0,0.0,1.0,0.0,0.0,1.0
767,191.75,physics_sindy_mpc,0,16.912029266357422,716.8523559570312,69.21849822998047,-1.8188353776931763,0.0,400.0,-0.0654031292301428,0.9978589232386035,1.0,0.0,1.0,0.0,0.0,1.0
768,192.0,physics_sindy_mpc,0,16.8819637298584,716.5040283203125,69.19865417480469,-1.9439252614974976,0.0,400.0,0.0,1.0,1.0,0.0,1.0,0.0,0.0,1.0
769,192.25,physics_sindy_mpc,0,16.863216400146484,716.477783203125,69.17186737060547,-2.013803005218506,0.0,400.0,0.06540312923014306,0.9978589232386035,1.0,0.0,1.0,0.0,0.0,1.0
770,192.5,physics_sindy_mpc,0,16.85861587524414,716.7764892578125,69.15386962890625,-2.03882098197937,0.0,400.0,0.13052619222005157,0.9914448613738104,1.0,0.0,1.0,0.0,0.0,1.0
771,192.75,physics_sindy_mpc,0,16.861297607421875,717.3784790039062,69.1584701538086,-2.0638389587402344,0.0,400.0,0.19509032201612825,0.9807852804032304,1.0,0.0,1.0,0.0,0.0,1.0
772,193.0,physics_sindy_mpc,0,16.868867874145508,718.2756958007812,69.18012237548828,-2.0888569355010986,0.0,400.0,0.25881904510252074,0.9659258262890683,1.0,0.0,1.0,0.0,0.0,1.0
773,193.25,physics_sindy_mpc,0,16.86354637145996,719.289306640625,69.2211685180664,-2.1554996967315674,0.0,400.0,0.3214394653031616,0.9469301294951057,1.0,0.0,1.0,0.0,0.0,1.0
774,193.5,physics_sindy_mpc,0,16.839887619018555,720.2672729492188,69.25577545166016,-2.2555716037750244,0.0,400.0,0.3826834323650898,0.9238795325112867,1.0,0.0,1.0,0.0,0.0,1.0
775,193.75,physics_sindy_mpc,0,16.807981491088867,721.2109375,69.26053619384766,-2.3556435108184814,0.0,400.0,0.44228869021900125,0.8968727415326884,1.0,0.0,1.0,0.0,0.0,1.0
776,194.0,physics_sindy_mpc,0,16.771507263183594,722.1290893554688,69.24214935302734,-2.4557154178619385,0.0,400.0,0.49999999999999994,0.8660254037844387,1.0,0.0,1.0,0.0,0.0,1.0
777,194.25,physics_sindy_mpc,0,16.74675941467285,723.199951171875,69.2016372680664,-2.527893543243408,0.0,400.0,0.5555702330196022,0.8314696123025452,1.0,0.0,1.0,0.0,0.0,1.0
778,194.5,physics_sindy_mpc,0,16.738744735717773,724.5753173828125,69.16455078125,-2.5779294967651367,0.0,400.0,0.6087614290087207,0.7933533402912352,1.0,0.0,1.0,0.0,0.0,1.0
779,194.75,physics_sindy_mpc,0,16.739131927490234,726.259521484375,69.15272521972656,-2.6279654502868652,0.0,400.0,0.6593458151000688,0.7518398074789774,1.0,0.0,1.0,0.0,0.0,1.0
780,195.0,physics_sindy_mpc,0,16.745119094848633,728.2473754882812,69.16142272949219,-2.6780014038085938,0.0,400.0,0.7071067811865476,0.7071067811865476,1.0,0.0,1.0,0.0,0.0,1.0
781,195.25,physics_sindy_mpc,0,16.741558074951172,730.2186279296875,69.191162109375,-2.7700934410095215,0.0,400.0,0.7518398074789774,0.6593458151000688,1.0,0.0,1.0,0.0,0.0,1.0
782,195.5,physics_sindy_mpc,0,16.722869873046875,731.870849609375,69.21953582763672,-2.8951833248138428,0.0,400.0,0.7933533402912352,0.6087614290087207,1.0,0.0,1.0,0.0,0.0,1.0
783,195.75,physics_sindy_mpc,0,16.696617126464844,733.1729125976562,69.22543334960938,-3.020273208618164,0.0,400.0,0.8314696123025451,0.5555702330196024,1.0,0.0,1.0,0.0,0.0,1.0
784,196.0,physics_sindy_mpc,0,16.665573120117188,734.1334838867188,69.21241760253906,-3.1453630924224854,0.0,400.0,0.8660254037844386,0.5000000000000001,1.0,0.0,1.0,0.0,0.0,1.0
785,196.25,physics_sindy_mpc,0,16.6278133392334,734.8926391601562,69.1883316040039,-3.1859095096588135,0.0,400.0,0.8968727415326884,0.44228869021900125,1.0,0.0,1.0,0.0,0.0,1.0
786,196.5,physics_sindy_mpc,0,16.583721160888672,735.5950927734375,69.1530990600586,-3.160891532897949,0.0,400.0,0.9238795325112867,0.38268343236508984,1.0,0.0,1.0,0.0,0.0,1.0
787,196.75,physics_sindy_mpc,0,16.536088943481445,736.2739868164062,69.10639953613281,-3.135873556137085,0.0,400.0,0.9469301294951056,0.3214394653031617,1.0,0.0,1.0,0.0,0.0,1.0
788,197.0,physics_sindy_mpc,0,16.486169815063477,736.9326782226562,69.05258178710938,-3.1108555793762207,0.0,400.0,0.9659258262890683,0.25881904510252074,1.0,0.0,1.0,0.0,0.0,1.0
789,197.25,physics_sindy_mpc,0,16.503978729248047,738.0376586914062,69.13742065429688,-3.1566498279571533,4.327422142028809,400.0,0.9807852804032304,0.19509032201612833,1.0,0.0,1.0,0.0,0.0,1.0
790,197.5,physics_sindy_mpc,0,16.61882781982422,739.9483032226562,69.4715347290039,-3.2567217350006104,11.971802711486816,400.0,0.9914448613738104,0.1305261922200517,1.0,0.0,1.0,0.0,0.0,1.0
791,197.75,physics_sindy_mpc,0,16.80076026916504,742.6437377929688,70.00983428955078,-3.3567936420440674,19.61618423461914,400.0,0.9978589232386035,0.06540312923014327,0.9595765175038231,0.0,1.0,0.0,0.0,1.0
792,198.0,physics_sindy_mpc,0,17.010499954223633,746.0364379882812,70.79045867919922,-3.4568655490875244,27.26056480407715,400.0,1.0,6.123233995736766e-17,0.8169546103420584,0.0,1.0,0.0,0.0,1.0
793,198.25,physics_sindy_mpc,0,17.4988956451416,750.59814453125,72.47215270996094,-2.9306254386901855,54.67489242553711,400.0,0.9978589232386035,-0.06540312923014314,0.5939202082358481,0.0,1.0,0.0,0.0,1.0
794,198.5,physics_sindy_mpc,0,18.27886390686035,756.193359375,75.50623321533203,-1.9299064874649048,97.06645965576172,400.0,0.9914448613738104,-0.1305261922200516,0.33163969846194713,0.005844590327884349,1.0,0.0,0.0,1.0
795,198.75,physics_sindy_mpc,0,19.130651473999023,764.6046752929688,79.59720611572266,-0.9291876554489136,139.45802307128906,400.0,0.9807852804032304,-0.1950903220161282,0.1945305466225398,0.14089532410754685,1.0,0.0888694366515086,0.0,1.0
796,199.0,physics_sindy_mpc,0,18.78719139099121,770.1559448242188,83.62012481689453,0.0715312734246254,181.84959411621094,400.0,0.9659258262890683,-0.25881904510252063,0.3620803985468786,0.2612573091883798,1.0,0.20814563727069427,0.0,1.0
797,199.25,physics_sindy_mpc,0,18.236083984375,792.7925415039062,83.97767639160156,0.6716750264167786,218.28021240234375,400.0,0.9469301294951057,-0.3214394653031616,0.4019391149151633,0.2628157557339046,1.0,0.25352340999441986,0.0,1.0
798,199.5,physics_sindy_mpc,0,18.18505096435547,808.2394409179688,83.40682220458984,0.9718907475471497,250.24761962890625,400.0,0.9238795325112868,-0.3826834323650895,0.25495992131253337,0.26521562664370174,1.0,0.2719779015966382,0.0,1.0
799,199.75,physics_sindy_mpc,0,18.384241104125977,822.0261840820312,83.42113494873047,1.272106409072876,282.21502685546875,400.0,0.8968727415326884,-0.44228869021900113,0.06565462121940302,0.2878907591387602,1.0,0.3095224702468638,0.0,1.0
800,200.0,physics_sindy_mpc,0,18.49836540222168,839.3176879882812,84.10765075683594,1.5723220109939575,314.18243408203125,400.0,0.8660254037844387,-0.4999999999999998,0.0,0.3072298655730932,0.9833272022823025,0.35729927816503215,0.0,1.0
801,200.25,physics_sindy_mpc,0,18.384872436523438,855.8514404296875,85.05965423583984,1.8437814712524414,338.1619873046875,400.0,0.8314696123025451,-0.5555702330196023,0.0,0.3229624543452149,0.9489299441154798,0.40000000985169126,0.0,1.0
802,200.5,physics_sindy_mpc,0,18.171552658081055,870.8944091796875,85.75740814208984,2.093961238861084,356.23052978515625,400.0,0.7933533402912352,-0.6087614290087207,0.036361490405839775,0.31639166297918786,0.9051127771672359,0.40000000984772194,0.0,0.876917921483953
803,200.75,physics_sindy_mpc,0,15.374807357788086,680.8646850585938,81.21589660644531,2.3441410064697266,374.299072265625,400.0,0.7518398074789774,-0.6593458151000688,0.016559593983637357,0.504768096983387,0.8636984205792702,0.33304143527173913,0.0,1.0
804,201.0,physics_sindy_mpc,0,17.505874633789062,824.451904296875,80.85529327392578,2.59432053565979,392.36761474609375,400.0,0.7071067811865476,-0.7071067811865475,0.0,0.3133521626714003,0.8503055246387293,0.3142669755014215,0.0,0.9685173148826005
805,201.25,physics_sindy_mpc,0,17.233203887939453,791.8621215820312,84.36920166015625,2.801150321960449,415.6542053222656,400.0,0.659345815100069,-0.7518398074789773,0.0,0.46023869227773967,0.8126045186394625,0.40000000630587196,0.0,0.7739247460679639
806,201.5,physics_sindy_mpc,0,13.791789054870605,605.7354125976562,76.72486114501953,2.976276159286499,442.75701904296875,400.0,0.6087614290087209,-0.793353340291235,0.0,0.5437573598342648,0.7757006189386091,0.24846674061562557,0.0,1.0
807,201.75,physics_sindy_mpc,0,17.29572296142578,788.00146484375,77.21692657470703,3.1514017581939697,469.85980224609375,400.0,0.5555702330196025,-0.831469612302545,0.0,0.4766828466189469,0.7599280302548551,0.2855578169656787,0.0,0.5889232593508139
808,202.0,physics_sindy_mpc,0,14.146438598632812,599.6729736328125,76.4983139038086,3.3265275955200195,496.9626159667969,400.0,0.49999999999999994,-0.8660254037844387,0.0,0.6511586479222804,0.7362477539567337,0.2700005058467297,0.0,0.7932980344058755
809,202.25,physics_sindy_mpc,0,14.065055847167969,616.74072265625,74.10401916503906,3.472609519958496,515.19091796875,400.0,0.4422886902190017,-0.8968727415326881,0.0,0.6535079837636416,0.7187660390927535,0.27094461618956733,0.0,0.8100538731500562
810,202.5,physics_sindy_mpc,0,14.079233169555664,625.0252075195312,73.20008087158203,3.5976994037628174,527.0049438476562,400.0,0.3826834323650899,-0.9238795325112867,0.0,0.6601202262468425,0.7104659309792853,0.2765983964043809,0.0,0.8031897908373071
811,202.75,physics_sindy_mpc,0,13.9271240234375,620.5621337890625,72.11384582519531,3.7227892875671387,538.8189697265625,400.0,0.32143946530316175,-0.9469301294951056,0.0,0.6800659037152945,0.6985003626312529,0.27870160153256235,0.0,0.8017839023547249
812,203.0,physics_sindy_mpc,0,13.849042892456055,619.35791015625,70.99955749511719,3.84787917137146,550.633056640625,400.0,0.258819045102521,-0.9659258262890682,0.0,0.6986968163749183,0.6852983531069043,0.2793084754358656,0.0,0.7878183949299918
813,203.25,physics_sindy_mpc,0,13.857236862182617,619.1939086914062,69.90345764160156,4.016750335693359,554.3394165039062,400.0,0.19509032201612816,-0.9807852804032304,0.0,0.7128777741509531,0.6745608111903699,0.27731501350063054,0.0,0.7907439753300819
814,203.5,physics_sindy_mpc,0,14.110551834106445,629.7135009765625,69.4023208618164,4.216894149780273,552.2545776367188,400.0,0.130526192220052,-0.9914448613738104,0.0,0.7170317073456354,0.6675246490400373,0.27736874601317085,0.0,0.7775382481271249
815,203.75,physics_sindy_mpc,0,14.29320240020752,633.8331909179688,68.75879669189453,4.4170379638671875,550.1697387695312,400.0,0.06540312923014312,-0.9978589232386035,0.0,0.7281087605345027,0.6633747834666143,0.2785969177103591,0.0,0.7846905104591281
816,204.0,physics_sindy_mpc,0,14.577966690063477,645.4004516601562,68.39270782470703,4.617181777954102,548.0848999023438,400.0,1.2246467991473532e-16,-1.0,0.0,0.7300701680088659,0.6626268011349381,0.2852824825985931,0.0,0.8019270799515287
817,204.25,physics_sindy_mpc,0,14.747987747192383,658.81494140625,68.90052795410156,4.699999809265137,539.0745849609375,400.0,-0.06540312923014287,-0.9978589232386035,0.0,0.7051855338546639,0.6641780818800671,0.29322833342791843,0.0,0.8587370401431181
818,204.5,physics_sindy_mpc,0,15.126997947692871,690.6073608398438,71.18314361572266,4.699999809265137,525.1757202148438,400.0,-0.13052619222005177,-0.9914448613738104,0.0,0.6469911761697594,0.6690508023369842,0.3086165721631275,0.0,0.8883161101649324
819,204.75,physics_sindy_mpc,0,15.395216941833496,710.0018920898438,73.42760467529297,4.699999809265137,511.27685546875,400.0,-0.19509032201612792,-0.9807852804032305,0.0,0.6032345399547235,0.6772284854478161,0.3243283009614869,0.0,0.9300842344399165
820,205.0,physics_sindy_mpc,0,15.991186141967773,757.4302978515625,76.94981384277344,4.699999809265137,497.37799072265625,400.0,-0.2588190451025208,-0.9659258262890683,0.0,0.5267245705368476,0.6891188861052558,0.3479284975526645,0.0,0.9185011910050027
821,205.25,physics_sindy_mpc,0,15.548049926757812,728.4581298828125,77.6209487915039,4.699999809265137,476.9290771484375,400.0,-0.32143946530316153,-0.9469301294951057,0.0,0.5171442791412375,0.7032288534326092,0.3399799863009156,0.0,1.0
822,205.5,physics_sindy_mpc,0,17.067094802856445,867.6478271484375,81.9102783203125,4.699999809265137,451.9111022949219,400.0,-0.38268343236508967,-0.9238795325112868,0.0,0.321986021442487,0.7228622298779684,0.37292178835702217,0.0,0.9999999840350202
823,205.75,physics_sindy_mpc,0,17.145910263061523,888.0010375976562,86.444091796875,4.699999809265137,426.89312744140625,400.0,-0.44228869021900147,-0.8968727415326883,0.27575351453154073,0.3676008355247967,0.6897424052862302,0.40000000988879464,0.0,0.6255672258570115
824,206.0,physics_sindy_mpc,0,12.215511322021484,547.7682495117188,72.23693084716797,4.699999809265137,401.8751525878906,400.0,-0.4999999999999997,-0.8660254037844388,0.0,0.5294000779370026,0.6957631332560861,0.14940216560439334,0.0,1.0
825,206.25,physics_sindy_mpc,0,15.785797119140625,745.727783203125,75.85933685302734,4.67038106918335,370.2751770019531,400.0,-0.555570233019602,-0.8314696123025455,0.0,0.34111883477483007,0.7593392978839744,0.2036958491768745,0.0,1.0
826,206.5,physics_sindy_mpc,0,16.07780647277832,815.52783203125,84.03594970703125,4.620345115661621,334.13812255859375,400.0,-0.6087614290087207,-0.7933533402912352,0.4367296730010439,0.3275887895118964,0.8241828544121996,0.33592332135996394,0.0,1.0
827,206.75,physics_sindy_mpc,0,15.751842498779297,848.5680541992188,86.83425903320312,4.570309162139893,298.00103759765625,400.0,-0.6593458151000688,-0.7518398074789774,0.9089148962582211,0.2687726356598082,0.8998049784176849,0.37263348651366474,0.0,1.0
828,207.0,physics_sindy_mpc,0,15.702495574951172,848.1302490234375,85.60736846923828,4.520273208618164,261.86395263671875,400.0,-0.7071067811865471,-0.7071067811865479,0.9722206741124007,0.17975361706266488,0.965774603648464,0.28365758061707436,0.0,1.0
829,207.25,physics_sindy_mpc,0,15.9545259475708,818.091796875,83.76716613769531,4.261898040771484,226.14027404785156,400.0,-0.7518398074789773,-0.6593458151000691,0.8882841100804838,0.1439669629367175,1.0,0.194269378929058,0.0,1.0
830,207.5,physics_sindy_mpc,0,16.281291961669922,787.0967407226562,82.44850158691406,3.8616104125976562,190.69813537597656,400.0,-0.7933533402912349,-0.6087614290087209,0.8245868555361799,0.13580305801503958,1.0,0.12603703347195697,0.0,1.0
831,207.75,physics_sindy_mpc,0,16.554962158203125,766.9349365234375,81.79520416259766,3.461322784423828,155.25601196289062,400.0,-0.8314696123025452,-0.5555702330196022,0.8382982197887755,0.1228899041845513,1.0,0.07362358438588067,0.0,1.0
832,208.0,physics_sindy_mpc,0,16.762788772583008,755.8765258789062,81.73721313476562,3.06103515625,119.81388092041016,400.0,-0.8660254037844385,-0.5000000000000004,0.9434421764701874,0.10594288306464668,1.0,0.031438480175791,0.0,1.0
833,208.25,physics_sindy_mpc,0,17.138309478759766,757.936767578125,81.35509490966797,2.750467300415039,91.01765441894531,400.0,-0.8968727415326883,-0.44228869021900136,1.0,0.06784152450345521,1.0,0.0051383308924719765,0.0,1.0
834,208.5,physics_sindy_mpc,0,17.61005210876465,769.5171508789062,80.48829650878906,2.5002875328063965,66.69462585449219,400.0,-0.9238795325112868,-0.3826834323650895,0.9917414371850986,0.0,1.0,0.0021246901314932627,0.0,1.0
835,208.75,physics_sindy_mpc,0,17.79831886291504,763.0757446289062,79.53316497802734,2.250107765197754,42.3715934753418,400.0,-0.9469301294951056,-0.3214394653031618,0.9523082367303933,0.0,1.0,0.0,0.0,1.0
836,209.0,physics_sindy_mpc,0,17.76922607421875,761.3134155273438,78.23828887939453,1.9999281167984009,18.048566818237305,400.0,-0.9659258262890683,-0.25881904510252063,0.923334351372819,0.0,1.0,0.0,0.0,1.0
837,209.25,physics_sindy_mpc,0,17.69115447998047,760.5003051757812,76.8906021118164,1.8248741626739502,7.081236362457275,400.0,-0.9807852804032303,-0.19509032201612866,0.8795573782093695,0.0,1.0,0.0,0.0,1.0
838,209.5,physics_sindy_mpc,0,17.627779006958008,759.7381591796875,75.91569519042969,1.699784278869629,4.996405601501465,400.0,-0.9914448613738104,-0.13052619222005163,0.8507096415358805,0.0,1.0,0.0,0.0,1.0
839,209.75,physics_sindy_mpc,0,17.53447723388672,758.89013671875,75.32833862304688,1.5746945142745972,2.911574363708496,400.0,-0.9978589232386035,-0.06540312923014273,0.8457960337357558,0.0,1.0,0.0,0.0,1.0
840,210.0,physics_sindy_mpc,0,17.4213924407959,757.9853515625,74.9305419921875,1.4496046304702759,0.8267433643341064,400.0,-1.0,-1.8369701987210297e-16,0.8587949971911519,0.0,1.0,0.0,0.0,1.0
841,210.25,physics_sindy_mpc,0,17.329723358154297,757.1315307617188,74.5916976928711,1.3547087907791138,0.0,400.0,-0.9978589232386036,0.06540312923014237,0.8815311306139059,0.0,1.0,0.0,0.0,1.0
842,210.5,physics_sindy_mpc,0,17.27948570251465,756.3790893554688,74.26054382324219,1.2796549797058105,0.0,400.0,-0.9914448613738105,0.13052619222005127,0.9072239990098403,0.0,1.0,0.0,0.0,1.0
843,210.75,physics_sindy_mpc,0,17.268339157104492,755.7218017578125,73.90840148925781,1.2046010494232178,0.0,400.0,-0.9807852804032304,0.1950903220161283,0.9285860526699736,0.0,1.0,0.0,0.0,1.0
844,211.0,physics_sindy_mpc,0,17.288728713989258,755.1414794921875,73.53857421875,1.129547119140625,0.0,400.0,-0.9659258262890684,0.2588190451025203,0.941614250555577,0.0,1.0,0.0,0.0,1.0
845,211.25,physics_sindy_mpc,0,17.330577850341797,754.6138916015625,73.1790771484375,1.069662094116211,0.0,400.0,-0.9469301294951057,0.3214394653031615,0.9454771771286382,0.0,1.0,0.0,0.0,1.0
846,211.5,physics_sindy_mpc,0,17.379777908325195,754.1038818359375,72.868896484375,1.0196261405944824,0.0,400.0,-0.923879532511287,0.38268343236508917,0.9451391034472716,0.0,1.0,0.0,0.0,1.0
847,211.75,physics_sindy_mpc,0,17.424259185791016,753.5813598632812,72.6280288696289,0.9695902466773987,0.0,400.0,-0.8968727415326884,0.442288690219001,0.9463790631378693,0.0,1.0,0.0,0.0,1.0
848,212.0,physics_sindy_mpc,0,17.46137237548828,753.0409545898438,72.44063568115234,0.9195542931556702,0.0,400.0,-0.8660254037844386,0.5000000000000001,0.9525086238057487,0.0,1.0,0.0,0.0,1.0
849,212.25,physics_sindy_mpc,0,17.47472381591797,752.2789306640625,72.2828140258789,0.7933141589164734,0.0,400.0,-0.8314696123025455,0.5555702330196018,0.9699729012543055,0.0,1.0,0.0,2.2743965070603836e-09,1.0
850,212.5,physics_sindy_mpc,0,17.473169326782227,751.1835327148438,72.07228088378906,0.6181883811950684,0.0,400.0,-0.7933533402912357,0.6087614290087199,0.9945746667007622,0.0,1.0,0.0,3.9891121545843925e-09,1.0
851,212.75,physics_sindy_mpc,0,17.47923469543457,749.7992553710938,71.75032806396484,0.44306254386901855,0.0,400.0,-0.7518398074789772,0.6593458151000691,1.0,0.0,1.0,0.0,0.008483096949366043,1.0
852,213.0,physics_sindy_mpc,0,17.244935989379883,747.1640625,74.96915435791016,0.26793673634529114,0.0,400.0,-0.7071067811865477,0.7071067811865474,1.0,0.0,1.0,0.0,0.0,1.0
853,213.25,physics_sindy_mpc,0,17.485246658325195,746.1235961914062,72.38919067382812,0.1387491077184677,0.0,400.0,-0.6593458151000687,0.7518398074789775,1.0,0.0,1.0,0.0,0.0009618662549931308,1.0
854,213.5,physics_sindy_mpc,0,17.510334014892578,744.7875366210938,71.8927993774414,0.03867721185088158,0.0,400.0,-0.608761429008721,0.7933533402912349,1.0,0.0,1.0,0.0,0.011534048511080626,1.0
855,213.75,physics_sindy_mpc,0,17.26116943359375,742.6715698242188,75.58661651611328,-0.06139468029141426,0.0,400.0,-0.555570233019603,0.8314696123025447,1.0,0.0,1.0,0.0,0.0,1.0
856,214.0,physics_sindy_mpc,0,17.561676025390625,742.7623901367188,72.366455078125,-0.1614665687084198,0.0,400.0,-0.5000000000000004,0.8660254037844384,1.0,0.0,1.0,0.0,0.006429124615247687,1.0
857,214.25,physics_sindy_mpc,0,17.419580459594727,741.6290283203125,74.09400177001953,-0.23076923191547394,0.0,400.0,-0.4422886902190014,0.8968727415326883,1.0,0.0,1.0,0.0,1.0053775953815952e-09,1.0
858,214.5,physics_sindy_mpc,0,17.601287841796875,741.6143798828125,71.78900909423828,-0.28080517053604126,0.0,400.0,-0.38268343236508956,0.9238795325112868,1.0,0.0,1.0,0.0,0.009416501089870173,1.0
859,214.75,physics_sindy_mpc,0,17.35895538330078,740.1465454101562,74.81228637695312,-0.3308411240577698,0.0,400.0,-0.32143946530316186,0.9469301294951056,1.0,0.0,1.0,0.0,0.0,1.0
860,215.0,physics_sindy_mpc,0,17.594743728637695,740.2869262695312,71.9475326538086,-0.3808770775794983,0.0,400.0,-0.25881904510252157,0.9659258262890681,1.0,0.0,1.0,0.0,0.005976511494300156,1.0
861,215.25,physics_sindy_mpc,0,17.40781593322754,739.1143188476562,73.64035034179688,-0.5700215697288513,0.0,400.0,-0.19509032201612872,0.9807852804032303,1.0,0.0,1.0,0.0,2.1051855095538592e-08,1.0
862,215.5,physics_sindy_mpc,0,17.50847625732422,738.926025390625,71.4618148803711,-0.8452192544937134,0.0,400.0,-0.13052619222005168,0.9914448613738104,1.0,0.0,1.0,0.0,0.04719338727440767,1.0
863,215.75,physics_sindy_mpc,0,16.895666122436523,735.0265502929688,79.5361557006836,-1.1204169988632202,0.0,400.0,-0.0654031292301428,0.9978589232386035,1.0,0.0,1.0,0.0,0.0,1.0
864,216.0,physics_sindy_mpc,0,17.33308982849121,735.7696533203125,73.34298706054688,-1.3956146240234375,0.0,400.0,0.0,1.0,1.0,0.0,1.0,0.0,0.012437007168562837,1.0
865,216.25,physics_sindy_mpc,0,17.024465560913086,734.109619140625,75.96742248535156,-1.4689432382583618,0.0,400.0,0.06540312923014306,0.9978589232386035,1.0,0.0,1.0,0.0,0.0,1.0
866,216.5,physics_sindy_mpc,0,17.273212432861328,734.3775024414062,72.07481384277344,-1.4189072847366333,0.0,400.0,0.13052619222005157,0.9914448613738104,1.0,0.0,1.0,0.0,2.3537102659545705e-09,1.0
867,216.75,physics_sindy_mpc,0,17.288881301879883,734.0505981445312,70.63983917236328,-1.3688713312149048,0.0,400.0,0.19509032201612825,0.9807852804032304,1.0,0.0,1.0,0.0,6.424955342620986e-08,1.0
868,217.0,physics_sindy_mpc,0,17.272235870361328,733.6453857421875,69.96382904052734,-1.3188353776931763,0.0,400.0,0.25881904510252074,0.9659258262890683,0.9930227302171986,0.0,1.0,0.0,4.080512544397206e-09,1.0
869,217.25,physics_sindy_mpc,0,17.252933502197266,733.3923950195312,69.63026428222656,-1.3312005996704102,0.0,400.0,0.3214394653031616,0.9469301294951057,0.9676476555043747,0.0,1.0,0.0,1.5590524210431251e-09,1.0
870,217.5,physics_sindy_mpc,0,17.21737289428711,733.3844604492188,69.5449447631836,-1.3812365531921387,0.0,400.0,0.3826834323650898,0.9238795325112867,0.9414855873588874,0.0,1.0,0.0,1.5646255261506472e-08,1.0
871,217.75,physics_sindy_mpc,0,17.15627670288086,733.6192016601562,69.65522003173828,-1.4312725067138672,0.0,400.0,0.44228869021900125,0.8968727415326884,0.923386658638495,0.0,1.0,0.0,7.249529043790423e-09,1.0
872,218.0,physics_sindy_mpc,0,17.075639724731445,734.1080932617188,69.88042449951172,-1.4813084602355957,0.0,400.0,0.49999999999999994,0.8660254037844387,0.9145110451230891,0.0,1.0,0.0,3.418992363224784e-09,1.0
873,218.25,physics_sindy_mpc,0,16.986976623535156,734.7177734375,70.140625,-1.484327793121338,0.0,400.0,0.5555702330196022,0.8314696123025452,0.9085875656521829,0.0,1.0,0.0,0.0,1.0
874,218.5,physics_sindy_mpc,0,16.899614334106445,735.33740234375,70.38836669921875,-1.4593098163604736,0.0,400.0,0.6087614290087207,0.7933533402912352,0.9021263767686932,0.0,1.0,0.0,0.0,1.0
875,218.75,physics_sindy_mpc,0,16.816190719604492,735.9515991210938,70.61643981933594,-1.4342918395996094,0.0,400.0,0.6593458151000688,0.7518398074789774,0.894499270611715,0.0,1.0,0.0,0.0,1.0
876,219.0,physics_sindy_mpc,0,16.73552703857422,736.5571899414062,70.8333511352539,-1.4092738628387451,0.0,400.0,0.7071067811865476,0.7071067811865476,0.8892324871839425,0.0,1.0,0.0,0.0,1.0
877,219.25,physics_sindy_mpc,0,16.655649185180664,737.1484375,71.03675079345703,-1.399999976158142,0.0,400.0,0.7518398074789774,0.6593458151000688,0.8867229947208511,0.0,1.0,0.0,0.0,1.0
878,219.5,physics_sindy_mpc,0,16.579082489013672,737.7322387695312,71.21452331542969,-1.399999976158142,0.0,400.0,0.7933533402912352,0.6087614290087207,0.8818603849620026,0.0,1.0,0.0,0.0,1.0
879,219.75,physics_sindy_mpc,0,16.50581932067871,738.3095092773438,71.37366485595703,-1.399999976158142,0.0,400.0,0.8314696123025451,0.5555702330196024,0.8778663018445393,0.0,1.0,0.0,0.0,1.0
880,220.0,physics_sindy_mpc,0,16.43543815612793,738.8792724609375,71.51985168457031,-1.399999976158142,0.0,400.0,0.8660254037844386,0.5000000000000001,0.8730442600308999,0.0,1.0,0.0,0.0,1.0
881,220.25,physics_sindy_mpc,0,16.376773834228516,739.3033447265625,71.65396881103516,-1.3841840028762817,0.0,400.0,0.8968727415326884,0.44228869021900125,0.8653399431241253,0.0,1.0,0.0,0.0,1.0
882,220.5,physics_sindy_mpc,0,16.328004837036133,739.4454345703125,71.80149841308594,-1.3591660261154175,0.0,400.0,0.9238795325112867,0.38268343236508984,0.851582202369922,0.0,1.0,0.0,0.0,1.0
883,220.75,physics_sindy_mpc,0,16.277956008911133,739.2588500976562,71.99443817138672,-1.3341480493545532,0.0,400.0,0.9469301294951056,0.3214394653031617,0.8278294431182031,0.0,1.0,0.0,0.0,1.0
884,221.0,physics_sindy_mpc,0,16.214601516723633,738.719970703125,72.26215362548828,-1.309130072593689,0.0,400.0,0.9659258262890683,0.25881904510252074,0.7851217966112782,0.0,1.0,0.0,0.0,1.0
885,221.25,physics_sindy_mpc,0,16.25977325439453,738.3148803710938,72.7271499633789,-1.1252336502075195,3.5306334495544434,400.0,0.9807852804032304,0.19509032201612833,0.7171429567324192,0.0,1.0,0.0,0.0,1.0
886,221.5,physics_sindy_mpc,0,16.400232315063477,738.1332397460938,73.66909790039062,-0.8500359654426575,9.09018325805664,400.0,0.9914448613738104,0.1305261922200517,0.6524763736281387,0.0,1.0,0.0,0.0,1.0
887,221.75,physics_sindy_mpc,0,16.56468963623047,738.009033203125,75.09404754638672,-0.5748382210731506,14.64973258972168,400.0,0.9978589232386035,0.06540312923014327,0.6084412340923979,0.0,1.0,0.0,0.0,1.0
888,222.0,physics_sindy_mpc,0,16.75069808959961,737.9382934570312,76.75748443603516,-0.2996405363082886,20.20928192138672,400.0,1.0,6.123233995736766e-17,0.606005041088031,0.0036075314751291827,1.0,0.0,0.0,1.0
889,222.25,physics_sindy_mpc,0,16.924163818359375,738.939697265625,78.52708435058594,-0.10424154996871948,31.532072067260742,400.0,0.9978589232386035,-0.06540312923014314,0.6490700151181392,0.04018577617650651,1.0,0.0,0.0,1.0
890,222.5,physics_sindy_mpc,0,17.125930786132812,754.01318359375,79.98249816894531,0.045866284519433975,46.12588882446289,400.0,0.9914448613738104,-0.1305261922200516,0.6835153268962636,0.02841794147340877,1.0,0.0,0.0,1.0
891,222.75,physics_sindy_mpc,0,17.39240074157715,763.3394165039062,80.99421691894531,0.19597412645816803,60.71970748901367,400.0,0.9807852804032304,-0.1950903220161282,0.6830226941652745,0.020913232665830964,1.0,0.0,0.0,1.0
892,223.0,physics_sindy_mpc,0,17.69582748413086,768.988037109375,81.77959442138672,0.34608194231987,75.31352233886719,400.0,0.9659258262890683,-0.25881904510252063,0.6896155323401996,0.04924902857821934,1.0,0.03168507971159956,0.0,1.0
893,223.25,physics_sindy_mpc,0,17.45807456970215,743.8501586914062,82.32859802246094,0.48015815019607544,95.69654083251953,400.0,0.9469301294951057,-0.3214394653031616,0.7390697661429175,0.14071844205733436,1.0,0.05518836147444284,0.0,1.0
894,223.5,physics_sindy_mpc,0,17.25359535217285,738.7963256835938,81.88214874267578,0.6052480340003967,119.32462310791016,400.0,0.9238795325112868,-0.3826834323650895,0.6949689312697008,0.1703106207595594,1.0,0.0628815044488562,0.0,1.0
895,223.75,physics_sindy_mpc,0,17.2559814453125,741.2693481445312,81.26012420654297,0.7303378582000732,142.9527130126953,400.0,0.8968727415326884,-0.44228869021900113,0.5683447623674228,0.18394194787509138,1.0,0.07518328372960581,0.0,1.0
896,224.0,physics_sindy_mpc,0,17.182008743286133,742.656494140625,81.15737915039062,0.8554277420043945,166.58079528808594,400.0,0.8660254037844387,-0.4999999999999998,0.439768194384203,0.21890705485091094,1.0,0.10346781756671367,0.0,1.0
897,224.25,physics_sindy_mpc,0,17.082801818847656,749.1742553710938,81.37261199951172,1.10934579372406,213.02220153808594,400.0,0.8314696123025451,-0.5555702330196023,0.29233952030351007,0.2647919549255818,1.0,0.15975908571745465,0.0,1.0
898,224.5,physics_sindy_mpc,0,16.916044235229492,761.6174926757812,81.84878540039062,1.4345794916152954,272.0924072265625,400.0,0.7933533402912352,-0.6087614290087207,0.16239456326051915,0.30319036019842965,0.9954801526237922,0.23111020305582564,0.0,1.0
899,224.75,physics_sindy_mpc,0,16.772397994995117,778.1386108398438,82.47972869873047,1.7598130702972412,331.1626281738281,400.0,0.7518398074789774,-0.6593458151000688,0.06375456490164193,0.3363310862271646,0.9646603039897441,0.30581720765507536,0.0,1.0
900,225.0,physics_sindy_mpc,0,16.73272132873535,798.0986328125,83.16273498535156,2.0850467681884766,390.23284912109375,400.0,0.7071067811865476,-0.7071067811865475,0.0,0.36707691297193984,0.919340770103174,0.37846676273785385,0.0,1.0
901,225.25,physics_sindy_mpc,0,16.654754638671875,820.4852905273438,83.95500183105469,2.410280466079712,425.9385681152344,400.0,0.659345815100069,-0.7518398074789773,0.0,0.37413254414977815,0.8628319042728774,0.4000000097318085,0.0,0.8602452270008625
902,225.5,physics_sindy_mpc,0,11.900748252868652,552.5953979492188,77.91837310791016,2.735513925552368,448.8717041015625,400.0,0.6087614290087209,-0.793353340291235,0.0,0.571191668623228,0.7614632585637097,0.32288087475118293,0.0,1.0
903,225.75,physics_sindy_mpc,0,15.679118156433105,737.4555053710938,77.19620513916016,3.0607476234436035,471.80487060546875,400.0,0.5555702330196025,-0.831469612302545,0.0,0.4747483586515887,0.7390870528476767,0.3080518549554203,0.0,0.9438420959786622
904,226.0,physics_sindy_mpc,0,14.698599815368652,695.9934692382812,81.6109619140625,3.385981321334839,494.7380065917969,400.0,0.49999999999999994,-0.8660254037844387,0.0,0.5674228329093726,0.699832974777956,0.3903114173712721,0.0,0.6646724457076985
905,226.25,physics_sindy_mpc,0,10.608261108398438,506.01043701171875,72.93156433105469,3.353774309158325,499.61859130859375,400.0,0.4422886902190017,-0.8968727415326881,0.0,0.5930653401784243,0.6420340235871314,0.26053170817783156,0.0,1.0
906,226.5,physics_sindy_mpc,0,15.440272331237793,718.1528930664062,73.88616180419922,3.128612518310547,494.75396728515625,400.0,0.3826834323650899,-0.9238795325112867,0.0,0.5291699213277693,0.6321573594643454,0.275609390248175,0.0,0.864095021392582
907,226.75,physics_sindy_mpc,0,12.769874572753906,606.6448364257812,77.05264282226562,2.9034507274627686,489.8893737792969,400.0,0.32143946530316175,-0.9469301294951056,0.0,0.5360857367148526,0.6126328760535897,0.2907624426515636,0.0,0.9574852164405927
908,227.0,physics_sindy_mpc,0,14.379962921142578,694.992431640625,80.7461166381836,2.6782889366149902,485.0247497558594,400.0,0.258819045102521,-0.9659258262890682,0.0,0.5293996086818348,0.5834901466303778,0.3743669560618608,0.0,0.8553038345435147
909,227.25,physics_sindy_mpc,0,11.936126708984375,575.2227172851562,75.90318298339844,2.6652767658233643,504.1856384277344,400.0000305175781,0.19509032201612816,-0.9807852804032304,0.0,0.5655210610752324,0.5561354484782715,0.3087460530656733,0.0,1.0
910,227.5,physics_sindy_mpc,0,15.71509838104248,758.4702758789062,77.41305541992188,2.7653486728668213,536.153076171875,399.9999694824219,0.130526192220052,-0.9914448613738104,0.0,0.5279954974756564,0.5558085898540878,0.3367205054156357,0.0,0.8398752433225237
911,227.75,physics_sindy_mpc,0,12.567168235778809,582.4115600585938,75.19725036621094,2.8654205799102783,568.1204833984375,400.0,0.06540312923014312,-0.9978589232386035,0.0,0.6905435707736617,0.5529915562851669,0.3491852774610528,0.0,0.8254583018436948
912,228.0,physics_sindy_mpc,0,12.333251953125,575.9778442382812,72.72106170654297,2.9654924869537354,600.087890625,400.0000305175781,1.2246467991473532e-16,-1.0,0.0,0.7397750836642288,0.5573118434163938,0.3602857313052746,0.0,0.8512595469794438
913,228.25,physics_sindy_mpc,0,12.34925651550293,599.2821044921875,73.62677001953125,2.8852624893188477,583.3373413085938,400.0,-0.06540312923014287,-0.9978589232386035,0.0,0.667133255228488,0.56562857411961,0.36872704695161984,0.0,0.9952278612690089
914,228.5,physics_sindy_mpc,0,15.377243995666504,806.7451171875,79.89590454101562,2.710136651992798,540.9457397460938,400.0,-0.13052619222005177,-0.9914448613738104,0.0,0.41666281407469696,0.5849742048724388,0.38131686759684935,0.0,1.0
915,228.75,physics_sindy_mpc,0,15.912562370300293,859.4002685546875,85.37738037109375,2.535010814666748,498.55419921875,400.0,-0.19509032201612792,-0.9807852804032305,0.3364797351874603,0.4025096203619983,0.5485981791917257,0.40000000989835116,0.0,0.668281188056141
916,229.0,physics_sindy_mpc,0,9.762210845947266,494.72845458984375,74.82927703857422,2.3598849773406982,456.1626281738281,400.0,-0.2588190451025208,-0.9659258262890683,0.18108785408219039,0.5878669126710028,0.4967138009452565,0.24785558116988732,0.0,1.0
917,229.25,physics_sindy_mpc,0,14.270071983337402,709.07470703125,75.79834747314453,2.2012221813201904,412.8564453125,400.0,-0.32143946530316153,-0.9469301294951057,1.6427692189984237e-08,0.3443256771775178,0.5631971329503992,0.16885666415167927,0.0,1.0
918,229.5,physics_sindy_mpc,0,15.034597396850586,776.7951049804688,83.65652465820312,2.051114320755005,369.07501220703125,400.0,-0.38268343236508967,-0.9238795325112868,0.663753444685651,0.34839022202656195,0.6478549167532008,0.27288756161700767,0.0,1.0
919,229.75,physics_sindy_mpc,0,14.770374298095703,812.2036743164062,86.2537612915039,1.9010064601898193,325.2935485839844,400.0,-0.44228869021900147,-0.8968727415326883,1.0,0.28820086718056864,0.7495305636190269,0.2959956044550668,0.0,1.0
920,230.0,physics_sindy_mpc,0,14.716100692749023,811.9547729492188,84.88166809082031,1.7508985996246338,281.5121154785156,400.0,-0.4999999999999997,-0.8660254037844388,1.0,0.18966831104924056,0.8600196495529504,0.197382087710066,0.0,1.0
921,230.25,physics_sindy_mpc,0,15.053324699401855,782.966796875,82.98514556884766,1.6173256635665894,234.51553344726562,400.0,-0.555570233019602,-0.8314696123025455,1.0,0.1435504548604969,0.9565140928312879,0.08998365433272026,0.0,1.0
922,230.5,physics_sindy_mpc,0,15.784709930419922,761.1967163085938,81.70867156982422,1.492235779762268,185.86947631835938,400.0,-0.6087614290087207,-0.7933533402912352,1.0,0.11881842451382402,1.0,0.023018665313721768,0.0,1.0
923,230.75,physics_sindy_mpc,0,16.78653907775879,763.1072387695312,81.500244140625,1.3671458959579468,137.22341918945312,400.0,-0.6593458151000688,-0.7518398074789774,1.0,0.08302882821383155,1.0,0.003937688109247306,0.0,1.0
924,231.0,physics_sindy_mpc,0,17.464069366455078,775.1489868164062,81.2403335571289,1.242056131362915,88.57736206054688,400.0,-0.7071067811865471,-0.7071067811865479,1.0,0.032064359360549306,1.0,0.0,0.0,1.0
925,231.25,physics_sindy_mpc,0,17.90516471862793,779.7183227539062,80.61650848388672,1.2498202323913574,62.996246337890625,400.0,-0.7518398074789773,-0.6593458151000691,1.0,0.0,1.0,0.0,0.0,1.0
926,231.5,physics_sindy_mpc,0,18.22294807434082,773.9509887695312,79.75631713867188,1.3248741626739502,49.09737014770508,400.0,-0.7933533402912349,-0.6087614290087209,0.9763621945889247,0.0,1.0,0.0,0.0,1.0
927,231.75,physics_sindy_mpc,0,18.42913055419922,768.3211669921875,78.81932067871094,1.399928092956543,35.1984977722168,400.0,-0.8314696123025452,-0.5555702330196022,0.8905360817351213,0.0,1.0,0.0010662244416816038,0.0,1.0
928,232.0,physics_sindy_mpc,0,18.461936950683594,759.8506469726562,78.06324005126953,1.4749820232391357,21.299625396728516,400.0,-0.8660254037844385,-0.5000000000000004,0.8318252038538636,0.0,1.0,0.0,0.0,1.0
929,232.25,physics_sindy_mpc,0,18.44893455505371,753.3804931640625,77.55097961425781,1.5667146444320679,13.886892318725586,400.0,-0.8968727415326883,-0.44228869021900136,0.78973511482391,0.0,1.0,0.0,0.0,1.0
930,232.5,physics_sindy_mpc,0,18.37924575805664,747.6595458984375,77.35914611816406,1.6667864322662354,9.717229843139648,400.0,-0.9238795325112868,-0.3826834323650895,0.7725763512608272,0.0,1.0,0.0,0.0,1.0
931,232.75,physics_sindy_mpc,0,18.27600860595703,742.028564453125,77.2945785522461,1.7668583393096924,5.547567844390869,400.0,-0.9469301294951056,-0.3214394653031618,0.7753147746421911,0.0,1.0,0.0,0.0,1.0
932,233.0,physics_sindy_mpc,0,18.169164657592773,736.5482177734375,77.20245361328125,1.8669309616088867,1.3778194189071655,400.0,-0.9659258262890683,-0.25881904510252063,0.7831012756841891,0.0,1.0,0.0,0.0,1.0
933,233.25,physics_sindy_mpc,0,18.10063934326172,731.4725952148438,77.1037368774414,1.933501124382019,0.0,400.0,-0.9807852804032303,-0.19509032201612866,0.784563247259095,0.0,1.0,0.0,0.0,1.0
934,233.5,physics_sindy_mpc,0,18.0697078704834,726.891845703125,77.06199645996094,1.9835370779037476,0.0,399.9999694824219,-0.9914448613738104,-0.13052619222005163,0.7814707563648295,0.0,1.0,0.0,0.0,1.0
935,233.75,physics_sindy_mpc,0,18.05854606628418,722.7589721679688,77.08979797363281,2.0335729122161865,0.0,400.0,-0.9978589232386035,-0.06540312923014273,0.7801476394854397,0.0,1.0,0.0,0.0,1.0
936,234.0,physics_sindy_mpc,0,18.059782028198242,719.040283203125,77.16619110107422,2.083613395690918,0.0,400.0,-1.0,-1.8369701987210297e-16,0.784323428126388,0.0,1.0,0.0,0.0,1.0
937,234.25,physics_sindy_mpc,0,18.037595748901367,715.4790649414062,77.26614379882812,1.9990653991699219,0.0,400.0000305175781,-0.9978589232386036,0.06540312923014237,0.802644514843861,0.0,1.0,0.0,0.0,1.0
938,234.5,physics_sindy_mpc,0,18.0046329498291,711.9977416992188,77.26793670654297,1.8489575386047363,0.0,400.0,-0.9914448613738105,0.13052619222005127,0.8251231743489731,0.0,1.0,0.0,0.0,1.0
939,234.75,physics_sindy_mpc,0,17.984933853149414,708.6390991210938,77.1220474243164,1.6988497972488403,0.0,400.0,-0.9807852804032304,0.1950903220161283,0.839183701686324,0.0,1.0,0.0,0.0,1.0
940,235.0,physics_sindy_mpc,0,17.97907066345215,705.4019165039062,76.88207244873047,1.5487419366836548,0.0,400.0,-0.9659258262890684,0.2588190451025203,0.8449160621458781,0.0,1.0,0.0,0.0,1.0
941,235.25,physics_sindy_mpc,0,17.977136611938477,702.2606201171875,76.62140655517578,1.3986340761184692,0.0,400.0,-0.9469301294951057,0.3214394653031615,0.8471599531326562,0.0,1.0,0.0,0.0,1.0
942,235.5,physics_sindy_mpc,0,17.97193717956543,699.1968383789062,76.37659454345703,1.2485262155532837,0.0,400.0,-0.923879532511287,0.38268343236508917,0.8488522086064423,0.0,1.0,0.0,0.0,1.0
943,235.75,physics_sindy_mpc,0,17.96075439453125,696.2027587890625,76.15457916259766,1.0984183549880981,0.0,400.0,-0.8968727415326884,0.442288690219001,0.851957224610825,0.0,1.0,0.0,0.0,1.0
944,236.0,physics_sindy_mpc,0,17.944467544555664,693.2791748046875,75.94690704345703,0.9483105540275574,0.0,400.0,-0.8660254037844386,0.5000000000000001,0.8570171291925467,0.0,1.0,0.0,0.0,1.0
945,236.25,physics_sindy_mpc,0,17.92555046081543,690.4301147460938,75.74072265625,0.7982027530670166,0.0,400.0,-0.8314696123025455,0.5555702330196018,0.8662387308018921,0.0,1.0,0.0,0.0,1.0
946,236.5,physics_sindy_mpc,0,17.908443450927734,687.6641845703125,75.51873016357422,0.648094892501831,0.0,400.0,-0.7933533402912357,0.6087614290087199,0.8786696649652297,0.0,1.0,0.0,0.0,1.0
947,236.75,physics_sindy_mpc,0,17.89771842956543,684.9898681640625,75.26688385009766,0.4979870617389679,0.0,400.0,-0.7518398074789772,0.6593458151000691,0.8866566561579643,0.0,1.0,0.0,0.0,1.0
948,237.0,physics_sindy_mpc,0,17.89167594909668,682.4013061523438,74.9994888305664,0.3478361666202545,0.0,400.0,-0.7071067811865477,0.7071067811865474,0.8870241136034681,0.0,1.0,0.0,0.0,1.0
949,237.25,physics_sindy_mpc,0,17.883817672729492,679.7493286132812,74.7509765625,0.26592379808425903,0.0,400.0,-0.6593458151000687,0.7518398074789775,0.8763456457745203,0.0,1.0,0.0,0.0,1.0
950,237.5,physics_sindy_mpc,0,17.862607955932617,676.91943359375,74.5676498413086,0.21588784456253052,0.0,399.9999694824219,-0.608761429008721,0.7933533402912349,0.8605237978154554,0.0,1.0,0.0,0.0,1.0
951,237.75,physics_sindy_mpc,0,17.818763732910156,673.8872680664062,74.47473907470703,0.1658519059419632,0.0,400.0,-0.555570233019603,0.8314696123025447,0.8448729820072061,0.0,1.0,0.0,0.0,1.0
952,238.0,physics_sindy_mpc,0,17.75143051147461,670.6621704101562,74.46127319335938,0.11577475070953369,0.0,400.0,-0.5000000000000004,0.8660254037844384,0.8306299603023017,0.0,1.0,0.0,0.0,1.0
953,238.25,physics_sindy_mpc,0,17.700607299804688,667.6017456054688,74.48702239990234,0.13421998918056488,0.0,400.0,-0.4422886902190014,0.8968727415326883,0.810883834704259,0.0,1.0,0.0,0.0,1.0
954,238.5,physics_sindy_mpc,0,17.661388397216797,664.8556518554688,74.61046600341797,0.1842559278011322,0.0,400.0,-0.38268343236508956,0.9238795325112868,0.7952589003529124,0.0,1.0,0.0,0.0,1.0
955,238.75,physics_sindy_mpc,0,17.619815826416016,662.4039916992188,74.838134765625,0.23429188132286072,0.0,400.0,-0.32143946530316186,0.9469301294951056,0.785428879113377,0.0,1.0,0.0,0.0,1.0
956,239.0,physics_sindy_mpc,0,17.57854652404785,660.2398071289062,75.1144790649414,0.284383624792099,0.0,400.0,-0.25881904510252157,0.9659258262890681,0.7806908261310133,0.0,1.0,0.0,0.0,1.0
957,239.25,physics_sindy_mpc,0,17.524316787719727,658.1983642578125,75.40198516845703,0.30000001192092896,0.0,400.0,-0.19509032201612872,0.9807852804032303,0.7830917895929334,0.0,1.0,0.0,0.0,1.0
958,239.5,physics_sindy_mpc,0,17.466257095336914,656.2179565429688,75.62815856933594,0.30000001192092896,0.0,400.0,-0.13052619222005168,0.9914448613738104,0.7894947688147862,0.0,1.0,0.0,0.0,1.0
959,239.75,physics_sindy_mpc,0,17.417749404907227,654.3074951171875,75.77278900146484,0.30000001192092896,0.0,400.0,-0.0654031292301428,0.9978589232386035,0.7933787380279277,0.0,1.0,0.0,0.0,1.0
960,240.0,physics_sindy_mpc,0,17.380434036254883,652.4712524414062,75.85371398925781,0.30000001192092896,0.0,400.0,0.0,1.0,0.7899805514437246,0.0,1.0,0.0,0.0,1.0
961,240.25,physics_sindy_mpc,0,17.35757827758789,650.7119140625,75.91146087646484,0.3517613112926483,0.0,400.0,0.06540312923014306,0.9978589232386035,0.7764875783855927,0.0,1.0,0.0,0.0,1.0
962,240.5,physics_sindy_mpc,0,17.337074279785156,649.0025024414062,76.01248168945312,0.4268152415752411,0.0,400.0,0.13052619222005157,0.9914448613738104,0.7579777863158156,0.0,1.0,0.0,0.0,1.0
963,240.75,physics_sindy_mpc,0,17.30582046508789,647.3124389648438,76.19010162353516,0.5018691420555115,0.0,400.0,0.19509032201612825,0.9807852804032304,0.7411979865411861,0.0,1.0,0.0,0.0,1.0
964,241.0,physics_sindy_mpc,0,17.26120948791504,645.635009765625,76.43030548095703,0.5770596265792847,0.0,400.0,0.25881904510252074,0.9659258262890683,0.7310819423439612,0.0,1.0,0.0,0.0,1.0
965,241.25,physics_sindy_mpc,0,17.195575714111328,643.9541625976562,76.69540405273438,0.5826743245124817,0.0,400.0,0.3214394653031616,0.9469301294951057,0.7304936081257067,0.002409581877760418,1.0,0.0,0.0,1.0
966,241.5,physics_sindy_mpc,0,17.122119903564453,643.2568359375,76.91983795166016,0.5576563477516174,0.0,400.0,0.3826834323650898,0.9238795325112867,0.7324123085315972,0.016039742014753566,1.0,0.0,0.0,1.0
967,241.75,physics_sindy_mpc,0,17.052860260009766,648.0043334960938,77.07402038574219,0.5326383709907532,0.0,400.0,0.44228869021900125,0.8968727415326884,0.734651336696727,0.015686133172294548,1.0,0.0,0.0,1.0
968,242.0,physics_sindy_mpc,0,16.99150848388672,652.3954467773438,77.17057800292969,0.5075646638870239,0.0,400.0,0.49999999999999994,0.8660254037844387,0.7352106341230628,0.016219166085463685,1.0,0.0,0.0,1.0
969,242.25,physics_sindy_mpc,0,16.929380416870117,656.7479858398438,77.234619140625,0.5,0.0,400.0,0.5555702330196022,0.8314696123025452,0.7332451877511734,0.01735278749226412,1.0,0.0,0.0,1.0
970,242.5,physics_sindy_mpc,0,16.864700317382812,661.2081909179688,77.27641296386719,0.5,0.0,400.0,0.6087614290087207,0.7933533402912352,0.7289126249156948,0.018938911841419995,1.0,0.0,0.0,1.0
971,242.75,physics_sindy_mpc,0,16.797943115234375,665.9285888671875,77.30841064453125,0.5,0.0,400.0,0.6593458151000688,0.7518398074789774,0.722246256717757,0.02095406465165932,1.0,0.0,0.0,1.0
972,243.0,physics_sindy_mpc,0,16.727293014526367,671.0567626953125,77.34724426269531,0.5,0.0,400.0,0.7071067811865476,0.7071067811865476,0.7142449234682942,0.022556893165418902,1.0,0.0,0.0,1.0
973,243.25,physics_sindy_mpc,0,16.678659439086914,676.7242431640625,77.39137268066406,0.5349388718605042,0.0,400.0,0.7518398074789774,0.6593458151000688,0.7037470239075423,0.023538339085269182,1.0,0.0,0.0,1.0
974,243.5,physics_sindy_mpc,0,16.645708084106445,682.8305053710938,77.4955062866211,0.5849748253822327,0.0,400.0,0.7933533402912352,0.6087614290087207,0.694533084748065,0.023963669575909476,1.0,0.0,0.0,1.0
975,243.75,physics_sindy_mpc,0,16.617212295532227,689.1560668945312,77.66436004638672,0.6350107789039612,0.0,400.0,0.8314696123025451,0.5555702330196024,0.6897901470652072,0.02387169803211259,1.0,0.0,0.0,1.0
976,244.0,physics_sindy_mpc,0,16.593257904052734,695.5059814453125,77.86151885986328,0.6852047443389893,0.0,400.0,0.8660254037844386,0.5000000000000001,0.68994493908048,0.023349518395810037,1.0,0.0,0.0,1.0
977,244.25,physics_sindy_mpc,0,16.559988021850586,701.544921875,78.05810546875,0.699999988079071,0.0,400.0,0.8968727415326884,0.44228869021900125,0.6949778826417351,0.0230113744624611,1.0,0.0,0.0,1.0
978,244.5,physics_sindy_mpc,0,16.5242977142334,707.2742309570312,78.19805908203125,0.699999988079071,0.0,400.0,0.9238795325112867,0.38268343236508984,0.7005076686984065,0.023129785687584174,1.0,0.0,0.0,1.0
979,244.75,physics_sindy_mpc,0,16.495464324951172,712.8968505859375,78.27342224121094,0.699999988079071,0.0,400.0,0.9469301294951056,0.3214394653031617,0.7025376886506836,0.023705405304282858,1.0,0.0,0.0,1.0
980,245.0,physics_sindy_mpc,0,16.47234535217285,718.6011352539062,78.31414031982422,0.699999988079071,0.0,400.0,0.9659258262890683,0.25881904510252074,0.6991318325855683,0.024443557661826897,1.0,0.0,0.0,1.0
981,245.25,physics_sindy_mpc,0,16.49304962158203,724.8688354492188,78.34957122802734,0.7880661487579346,0.4892563223838806,400.0,0.9807852804032304,0.19509032201612833,0.688004463376752,0.024142045419712946,1.0,0.0,0.0,1.0
982,245.5,physics_sindy_mpc,0,16.54543685913086,731.4514770507812,78.48218536376953,0.9131560325622559,1.1842000484466553,400.0,0.9914448613738104,0.1305261922200517,0.6762358899625264,0.02294954454532014,1.0,0.0,0.0,1.0
983,245.75,physics_sindy_mpc,0,16.60851287841797,738.0023193359375,78.73168182373047,1.0382459163665771,1.8791437149047852,400.0,0.9978589232386035,0.06540312923014327,0.6685944500175517,0.02358020002552424,1.0,0.0,0.0,1.0
984,246.0,physics_sindy_mpc,0,16.67940902709961,745.284912109375,79.04994201660156,1.1633356809616089,2.571685314178467,400.0,1.0,6.123233995736766e-17,0.6621405574071277,0.019621643644732494,1.0,0.0,0.0,1.0
985,246.25,physics_sindy_mpc,0,16.775466918945312,751.1565551757812,79.50352478027344,1.2884255647659302,7.690310955047607,400.0,0.9978589232386035,-0.06540312923014314,0.6570245334353046,0.022495281941638644,1.0,0.0,0.0,1.0
986,246.5,physics_sindy_mpc,0,16.898855209350586,758.1906127929688,80.05225372314453,1.4135154485702515,14.639747619628906,400.0,0.9914448613738104,-0.1305261922200516,0.6509065752283978,0.015856347840673326,1.0,0.0,0.0,1.0
987,246.75,physics_sindy_mpc,0,17.042930603027344,762.4520263671875,80.63194274902344,1.5386053323745728,21.589183807373047,400.0,0.9807852804032304,-0.1950903220161282,0.644503264534387,0.015638409567064943,1.0,0.0,0.0,1.0
988,247.0,physics_sindy_mpc,0,17.2021427154541,766.6229248046875,81.2127685546875,1.663695216178894,28.54451560974121,400.0,0.9659258262890683,-0.25881904510252063,0.653899442183745,0.016096674891074095,1.0,0.0,0.0,1.0
989,247.25,physics_sindy_mpc,0,17.383447647094727,771.13671875,81.71268463134766,1.7887850999832153,34.00830841064453,400.0,0.9469301294951057,-0.3214394653031616,0.6692388717423067,0.029960959453663977,1.0,0.017458937333756943,0.0,1.0
990,247.5,physics_sindy_mpc,0,17.327905654907227,758.0980224609375,82.18099212646484,1.913874864578247,38.8729133605957,400.0,0.9238795325112868,-0.3826834323650895,0.711627392004876,0.07996306333730764,1.0,0.030474703368563158,0.0,1.0
991,247.75,physics_sindy_mpc,0,17.299577713012695,752.2429809570312,82.07332611083984,2.0389647483825684,43.737518310546875,400.0,0.8968727415326884,-0.44228869021900113,0.7039208784652111,0.10324361517116824,1.0,0.03379696616147002,0.0,1.0
992,248.0,physics_sindy_mpc,0,17.398971557617188,753.968994140625,81.8411636352539,2.1641299724578857,48.59181213378906,400.0,0.8660254037844387,-0.4999999999999998,0.6516566549651541,0.11101671450851262,1.0,0.04032000975483086,0.0,1.0
993,248.25,physics_sindy_mpc,0,17.513545989990234,755.8180541992188,81.97061157226562,2.271315574645996,57.923954010009766,400.0,0.8314696123025451,-0.5555702330196023,0.6141522099426316,0.13021995556136687,1.0,0.05813482518307684,0.0,1.0
994,248.5,physics_sindy_mpc,0,17.51669692993164,757.4320678710938,82.36558532714844,2.371387481689453,69.04305267333984,400.0,0.7933533402912352,-0.6087614290087207,0.6177215431859763,0.1531936240883592,1.0,0.07936043336569577,0.0,1.0
995,248.75,physics_sindy_mpc,0,17.495882034301758,761.0816040039062,82.37025451660156,2.47145938873291,80.16215515136719,400.0,0.7518398074789774,-0.6593458151000688,0.5980078695548748,0.16188204341489076,1.0,0.09130100989037733,0.0,1.0
996,249.0,physics_sindy_mpc,0,17.547561645507812,765.3095092773438,82.27804565429688,2.5712482929229736,91.26521301269531,400.0,0.7071067811865476,-0.7071067811865475,0.547321053831782,0.17142992654817357,1.0,0.10424904036823647,0.0,1.0
997,249.25,physics_sindy_mpc,0,17.64275360107422,770.2708129882812,82.35549926757812,2.7969086170196533,107.37279510498047,400.0,0.659345815100069,-0.7518398074789773,0.48427414861215345,0.19238102542596283,1.0,0.12903391977240491,0.0,1.0
998,249.5,physics_sindy_mpc,0,17.666200637817383,777.5983276367188,82.66280364990234,3.07210636138916,125.44132995605469,400.0,0.6087614290087209,-0.793353340291235,0.4413101832910825,0.21424979650674875,1.0,0.16035050965314604,0.0,1.0
999,249.75,physics_sindy_mpc,0,17.61711883544922,786.649169921875,83.0467758178711,3.347304105758667,143.50987243652344,400.0,0.5555702330196025,-0.831469612302545,0.41653839760715555,0.23108794907785615,1.0,0.19207246336057734,0.0,1.0
1000,250.0,physics_sindy_mpc,0,17.588165283203125,796.620361328125,83.34070587158203,3.623046398162842,161.5604705810547,400.0,0.49999999999999994,-0.8660254037844387,0.37794671511398215,0.24539100443531378,1.0,0.22278918769774705,0.0,1.0
1001,250.25,physics_sindy_mpc,0,17.60679817199707,807.2577514648438,83.60297393798828,3.8078360557556152,184.14010620117188,400.0,0.4422886902190017,-0.8968727415326881,0.3224581851472241,0.26416819381472395,1.0,0.25668691493718654,0.0,1.0
1002,250.5,physics_sindy_mpc,0,17.637155532836914,820.1173095703125,83.93095397949219,3.957943916320801,208.463134765625,400.0,0.3826834323650899,-0.9238795325112867,0.2597427400768289,0.2790422258453405,1.0,0.2933183596214688,0.0,1.0
1003,250.75,physics_sindy_mpc,0,17.65983009338379,833.3746337890625,84.33876037597656,4.108051776885986,232.78616333007812,400.0,0.32143946530316175,-0.9469301294951056,0.21523897832958053,0.2926312999623738,1.0,0.33008511282540676,0.0,1.0
1004,251.0,physics_sindy_mpc,0,17.68834114074707,846.902099609375,84.75609588623047,4.257788181304932,257.1428527832031,400.0,0.258819045102521,-0.9659258262890682,0.17993586460861694,0.3014859086469903,1.0,0.36514345913890883,0.0,1.0
1005,251.25,physics_sindy_mpc,0,17.675844192504883,858.4424438476562,85.1865234375,4.516534805297852,275.9186096191406,400.0,0.19509032201612816,-0.9807852804032304,0.16599189393092284,0.310834436129684,1.0,0.39792296274575045,0.0,1.0
1006,251.5,physics_sindy_mpc,0,17.656139373779297,868.9633178710938,85.52281188964844,4.816750526428223,292.5972595214844,400.0,0.130526192220052,-0.9914448613738104,0.18443174227389847,0.3061444595237499,1.0,0.4000000098497523,0.0,0.9377367623166546
1007,251.75,physics_sindy_mpc,0,17.679405212402344,871.4288940429688,87.91314697265625,5.116966247558594,309.2759094238281,400.0,0.06540312923014312,-0.9978589232386035,0.47069167749143836,0.36623212183035164,0.9953024343500053,0.400000009890189,0.0,0.48613378647874067
1008,252.0,physics_sindy_mpc,0,18.56340980529785,857.5202026367188,87.17276000976562,5.419626712799072,326.09039306640625,400.0000305175781,1.2246467991473532e-16,-1.0,0.3290913661772469,0.4276716172809088,0.9919560378612988,0.40000000984954637,0.0,0.43923483398821594
1009,252.25,physics_sindy_mpc,0,18.700105667114258,857.640869140625,87.57177734375,5.463767051696777,306.4002685546875,400.0000305175781,-0.06540312923014287,-0.9978589232386035,0.36879383798849863,0.42900255989401087,0.9953841999598487,0.4000000098644486,0.0,0.43943604178786466
1010,252.5,physics_sindy_mpc,0,18.581645965576172,867.6026611328125,88.12406158447266,5.413731098175049,273.04296875,400.0,-0.13052619222005177,-0.9914448613738104,0.505559334792568,0.3762242131676307,1.0,0.40000000995284646,0.0,0.51831878191635
1011,252.75,physics_sindy_mpc,0,18.324378967285156,868.4265747070312,88.31352996826172,5.36369514465332,239.68568420410156,400.0,-0.19509032201612792,-0.9807852804032305,0.6571768624070151,0.3238815916617269,1.0,0.4000000098651262,0.0,0.6779671606431492
1012,253.0,physics_sindy_mpc,0,17.943113327026367,860.3521728515625,88.01531982421875,5.313214302062988,206.03187561035156,400.0,-0.2588190451025208,-0.9659258262890683,0.7647344058644473,0.2845220713262532,1.0,0.40000000984725825,0.0,0.9156998205457862
1013,253.25,physics_sindy_mpc,0,17.814516067504883,853.3847045898438,86.67955780029297,5.481883525848389,199.74838256835938,400.0,-0.32143946530316153,-0.9469301294951057,0.6583675437633713,0.27136459976889943,1.0,0.37951463868475105,0.0,1.0
1014,253.5,physics_sindy_mpc,0,18.139060974121094,849.751953125,82.86972045898438,5.732063293457031,203.2230987548828,400.0,-0.38268343236508967,-0.9238795325112868,0.21455511699440935,0.22444820695326823,1.0,0.28525324935940827,0.0,1.0
1015,253.75,physics_sindy_mpc,0,18.334190368652344,836.4887084960938,82.76799774169922,5.982243061065674,206.69781494140625,400.0,-0.44228869021900147,-0.8968727415326883,0.030668721351447013,0.2679352508284552,1.0,0.28634904826700963,0.0,1.0
1016,254.0,physics_sindy_mpc,0,18.17807960510254,843.2647705078125,84.08866119384766,6.234838485717773,210.20608520507812,400.0,-0.4999999999999997,-0.8660254037844388,0.1292764094660754,0.28290583671731556,1.0,0.3278952156591258,0.0,1.0
1017,254.25,physics_sindy_mpc,0,17.612384796142578,848.1953735351562,85.17488098144531,6.099137306213379,197.92315673828125,400.0,-0.555570233019602,-0.8314696123025455,0.39301686329793223,0.24810479901682544,1.0,0.33488333000754644,0.0,1.0
1018,254.5,physics_sindy_mpc,0,17.087665557861328,836.3718872070312,84.96807861328125,5.823939800262451,179.8546142578125,400.0,-0.6087614290087207,-0.7933533402912352,0.5898585958294968,0.2082191264478841,1.0,0.28811266489422527,0.0,1.0
1019,254.75,physics_sindy_mpc,0,16.82048797607422,814.0404663085938,84.00264739990234,5.548741817474365,161.7860870361328,400.0,-0.6593458151000688,-0.7518398074789774,0.6626602279821603,0.18371029408908618,1.0,0.22249919400642548,0.0,1.0
1020,255.0,physics_sindy_mpc,0,16.74741554260254,790.89794921875,82.9522705078125,5.272905349731445,143.7310333251953,400.0,-0.7071067811865471,-0.7071067811865479,0.6676345533482115,0.1707046095804903,1.0,0.16334639016754138,0.0,1.0
1021,255.25,physics_sindy_mpc,0,16.864572525024414,774.4589233398438,82.1294937133789,5.071674823760986,123.61210632324219,400.0,-0.7518398074789773,-0.6593458151000691,0.6463277110200087,0.15900775520434118,1.0,0.11935741475085158,0.0,1.0
1022,255.5,physics_sindy_mpc,0,17.049985885620117,764.1571655273438,81.72499084472656,4.896549224853516,102.76380157470703,400.0,-0.7933533402912349,-0.6087614290087209,0.6433513635990199,0.14770197407093238,1.0,0.08979718344579819,0.0,1.0
1023,255.75,physics_sindy_mpc,0,17.191072463989258,757.656982421875,81.72505187988281,4.721423625946045,81.91548919677734,400.0,-0.8314696123025452,-0.5555702330196022,0.682829525641618,0.13566334176576775,1.0,0.06845751941849526,0.0,1.0
1024,256.0,physics_sindy_mpc,0,17.30103302001953,753.6513671875,81.81531524658203,4.545509338378906,61.00851821899414,400.0,-0.8660254037844385,-0.5000000000000004,0.737949295611664,0.12029855400294731,1.0,0.049012787549936654,0.0,1.0
1025,256.25,physics_sindy_mpc,0,17.491649627685547,752.0887451171875,81.88166809082031,4.444787979125977,46.35354232788086,399.9999694824219,-0.8968727415326883,-0.44228869021900136,0.7734052855567438,0.10739261035161714,1.0,0.03861396935219043,0.0,1.0
1026,256.5,physics_sindy_mpc,0,17.712451934814453,751.7052612304688,81.55001068115234,4.369733810424805,33.84455490112305,400.0,-0.9238795325112868,-0.3826834323650895,0.7584452182667969,0.08766769411441058,1.0,0.025598625913855512,0.0,1.0
1027,256.75,physics_sindy_mpc,0,17.942440032958984,752.3259887695312,81.11646270751953,4.294680118560791,21.335569381713867,400.0,-0.9469301294951056,-0.3214394653031618,0.7176016883800814,0.06552671415252954,1.0,0.013219505240938383,0.0,1.0
1028,257.0,physics_sindy_mpc,0,18.123279571533203,755.5399169921875,80.8331069946289,4.219444751739502,8.705673217773438,400.0,-0.9659258262890683,-0.25881904510252063,0.6891244915845626,0.044471556816056634,1.0,0.007215638254746197,0.0,1.0
1029,257.25,physics_sindy_mpc,0,18.244277954101562,758.6513061523438,80.82815551757812,4.163048267364502,4.529115676879883,400.0,-0.9807852804032303,-0.19509032201612866,0.6764297240725476,0.03186321147301994,1.0,0.007155869848761424,0.0,1.0
1030,257.5,physics_sindy_mpc,0,18.280460357666016,758.2225341796875,80.96807098388672,4.113012313842773,3.139228343963623,400.0,-0.9914448613738104,-0.13052619222005163,0.6842192751394471,0.026462599192037195,1.0,0.0058880284907813435,0.0,1.0
1031,257.75,physics_sindy_mpc,0,18.30036735534668,757.1870727539062,81.0186996459961,4.062976360321045,1.7493410110473633,400.0,-0.9978589232386035,-0.06540312923014273,0.6951808652296175,0.010040165872683826,1.0,0.0029958956653517587,0.0,1.0
1032,258.0,physics_sindy_mpc,0,18.341590881347656,753.7221069335938,80.97129821777344,4.013263702392578,0.34148523211479187,400.0,-1.0,-1.8369701987210297e-16,0.7016442994984957,1.6699387886969952e-09,1.0,0.0006501581509085531,0.0,1.0
1033,258.25,physics_sindy_mpc,0,18.401132583618164,751.0087280273438,80.91815185546875,3.8887131214141846,0.0,400.0,-0.9978589232386036,0.06540312923014237,0.7033922317243295,0.0,1.0,0.0008392191555036737,0.0,1.0
1034,258.5,physics_sindy_mpc,0,18.440828323364258,749.5591430664062,80.90106964111328,3.738605260848999,0.0,400.0,-0.9914448613738105,0.13052619222005127,0.7068684590354973,0.0,1.0,0.000771600084147461,0.0,1.0
1035,258.75,physics_sindy_mpc,0,18.476669311523438,748.5217895507812,80.86254119873047,3.5884974002838135,0.0,400.0,-0.9807852804032304,0.1950903220161283,0.7080222169465111,0.0,1.0,0.00016071252419089805,0.0,1.0
1036,259.0,physics_sindy_mpc,0,18.51784896850586,748.6902465820312,80.81389617919922,3.436319589614868,0.0,400.0,-0.9659258262890684,0.2588190451025203,0.7011752762263732,0.0,1.0,0.0001702734366934922,0.0,1.0
1037,259.25,physics_sindy_mpc,0,18.559526443481445,749.2719116210938,80.79669952392578,3.4744787216186523,0.0,400.0,-0.9469301294951057,0.3214394653031615,0.6847772764889253,0.0,1.0,0.0033935492181251087,0.0,1.0
1038,259.5,physics_sindy_mpc,0,18.551057815551758,745.7654418945312,80.86682891845703,3.5745506286621094,0.0,400.0,-0.923879532511287,0.38268343236508917,0.6759636952239461,0.0,1.0,0.003352372975699912,0.0,1.0
1039,259.75,physics_sindy_mpc,0,18.553037643432617,741.1683959960938,80.92352294921875,3.6746225357055664,0.0,400.0,-0.8968727415326884,0.442288690219001,0.6687603465290113,0.0,1.0,0.002997441352332139,0.0,1.0
1040,260.0,physics_sindy_mpc,0,18.559829711914062,737.109130859375,81.01786804199219,3.77518367767334,0.0,400.0,-0.8660254037844386,0.5000000000000001,0.6600257983408119,0.012201897189498741,1.0,0.005889865993768764,0.0,1.0
1041,260.25,physics_sindy_mpc,0,18.51917839050293,734.951904296875,81.16376495361328,3.837383270263672,0.0,400.0,-0.8314696123025455,0.5555702330196018,0.6634442993433395,0.01970914346518832,1.0,0.008904266716788534,0.0,1.0
1042,260.5,physics_sindy_mpc,0,18.45830726623535,731.88916015625,81.23353576660156,3.8874192237854004,0.0,400.0,-0.7933533402912357,0.6087614290087199,0.6685422758055455,0.02616464051416391,1.0,0.010008799970558634,0.0,1.0
1043,260.75,physics_sindy_mpc,0,18.416528701782227,729.745361328125,81.20726776123047,3.937455177307129,0.0,400.0,-0.7518398074789772,0.6593458151000691,0.6634776597465741,0.02847343202304588,1.0,0.010081460293947266,0.0,1.0
1044,261.0,physics_sindy_mpc,0,18.39252471923828,728.3180541992188,81.17733764648438,3.988269567489624,0.0,400.0,-0.7071067811865477,0.7071067811865474,0.654963840794843,0.028201020603192732,1.0,0.01054006119895208,0.0,1.0
1045,261.25,physics_sindy_mpc,0,18.349842071533203,726.3726806640625,81.20985412597656,3.9437096118927,0.0,400.0,-0.6593458151000687,0.7518398074789775,0.6585208487240048,0.027276752857877406,1.0,0.009664323951433238,0.0,1.0
1046,261.5,physics_sindy_mpc,0,18.312318801879883,724.8211059570312,81.224609375,3.8686556816101074,0.0,400.0,-0.608761429008721,0.7933533402912349,0.6643396317598426,0.025281935385568267,1.0,0.007978634280790198,0.0,1.0
1047,261.75,physics_sindy_mpc,0,18.293996810913086,724.309814453125,81.21058654785156,3.7936017513275146,0.0,400.0,-0.555570233019603,0.8314696123025447,0.6647629148327101,0.022389078164321768,1.0,0.006616013509867692,0.0,1.0
1048,262.0,physics_sindy_mpc,0,18.283279418945312,724.38671875,81.20387268066406,3.7183008193969727,0.0,400.0,-0.5000000000000004,0.8660254037844384,0.6619176577486855,0.020256907190762473,1.0,0.006018809029667729,0.0,1.0
1049,262.25,physics_sindy_mpc,0,18.269689559936523,724.5653076171875,81.21961212158203,3.6623291969299316,0.0,400.0,-0.4422886902190014,0.8968727415326883,0.6588132364176992,0.019963686802956356,1.0,0.006329075028477794,0.0,1.0
1050,262.5,physics_sindy_mpc,0,18.243375778198242,724.474853515625,81.25064849853516,3.612293243408203,0.0,400.0,-0.38268343236508956,0.9238795325112868,0.6579617596306828,0.021311309191409455,1.0,0.006712378527756657,0.0,1.0
1051,262.75,physics_sindy_mpc,0,18.210237503051758,724.4482421875,81.2693862915039,3.5622572898864746,0.0,400.0,-0.32143946530316186,0.9469301294951056,0.6570257123423416,0.023040709763999617,1.0,0.006715187631441404,0.0,1.0
1052,263.0,physics_sindy_mpc,0,18.178321838378906,724.9900512695312,81.27243041992188,3.5119316577911377,0.0,400.0,-0.25881904510252157,0.9659258262890681,0.6534554025187196,0.024270480755067693,1.0,0.006672608076133523,0.0,1.0
1053,263.25,physics_sindy_mpc,0,18.147994995117188,726.0304565429688,81.27605438232422,3.481092691421509,0.0,400.0,-0.19509032201612872,0.9807852804032303,0.64743423035965,0.025469983335813583,1.0,0.007230992900266344,0.0,1.0
1054,263.5,physics_sindy_mpc,0,18.108074188232422,726.9515380859375,81.30089569091797,3.4560747146606445,0.0,400.0,-0.13052619222005168,0.9914448613738104,0.6434538959309856,0.027325476901943365,1.0,0.008041624084867784,0.0,1.0
1055,263.75,physics_sindy_mpc,0,18.058517456054688,727.6209106445312,81.3313217163086,3.4310567378997803,0.0,400.0,-0.0654031292301428,0.9978589232386035,0.642245268102862,0.02933478894416274,1.0,0.008581843916785549,0.0,1.0
1056,264.0,physics_sindy_mpc,0,18.008041381835938,728.3284912109375,81.34839630126953,3.4062676429748535,0.0,400.0,0.0,1.0,0.6420373115142767,0.030470854295530286,1.0,0.008637820959871574,0.0,1.0
1057,264.25,physics_sindy_mpc,0,17.95779037475586,729.2373657226562,81.35456848144531,3.34306263923645,0.0,400.0,0.06540312923014306,0.9978589232386035,0.6434159551197822,0.030227332314805084,1.0,0.0076999065183141905,0.0,1.0
1058,264.5,physics_sindy_mpc,0,17.919401168823242,730.87109375,81.34268188476562,3.2680087089538574,0.0,400.0,0.13052619222005157,0.9914448613738104,0.6426198059737032,0.028634264233631957,1.0,0.0066035694264480966,0.0,1.0
1059,264.75,physics_sindy_mpc,0,17.8891544342041,733.1058959960938,81.33722686767578,3.1929547786712646,0.0,400.0,0.19509032201612825,0.9807852804032304,0.64011428382977,0.026654630034489965,1.0,0.005989696601403457,0.0,1.0
1060,265.0,physics_sindy_mpc,0,17.856182098388672,735.3661499023438,81.35113525390625,3.116457223892212,0.0,400.0,0.25881904510252074,0.9659258262890683,0.6372255302729724,0.025404654299924573,1.0,0.005923987889756208,0.0,1.0
1061,265.25,physics_sindy_mpc,0,17.827823638916016,737.3182983398438,81.36769104003906,3.119050979614258,0.0,400.0,0.3214394653031616,0.9469301294951057,0.6297679776127778,0.02600253568339023,1.0,0.007562899604958862,0.0,1.0
1062,265.5,physics_sindy_mpc,0,17.781721115112305,737.77783203125,81.41663360595703,3.144068956375122,0.0,400.0,0.3826834323650898,0.9238795325112867,0.625682483832332,0.030809262602859253,1.0,0.009632110490453824,0.0,1.0
1063,265.75,physics_sindy_mpc,0,17.72124481201172,737.66650390625,81.46161651611328,3.1690869331359863,0.0,400.0,0.44228869021900125,0.8968727415326884,0.6245301217453603,0.03521635238367851,1.0,0.011026959788704662,0.0,1.0
1064,266.0,physics_sindy_mpc,0,17.66311264038086,737.510986328125,81.47817993164062,3.1946096420288086,0.0,400.0,0.49999999999999994,0.8660254037844387,0.6224228416523099,0.03848317099798182,1.0,0.011748549293665228,0.0,1.0
1065,266.25,physics_sindy_mpc,0,17.61004066467285,737.6974487304688,81.48526763916016,3.200000047683716,0.0,400.0,0.5555702330196022,0.8314696123025452,0.620069564232303,0.0405433018007505,1.0,0.011999433558649594,0.0,1.0
1066,266.5,physics_sindy_mpc,0,17.56309700012207,738.314453125,81.49546813964844,3.200000047683716,0.0,400.0,0.6087614290087207,0.7933533402912352,0.6176963332333054,0.04177833862678113,1.0,0.012345482437665848,0.0,1.0
1067,266.75,physics_sindy_mpc,0,17.51788902282715,739.0324096679688,81.51688385009766,3.200000047683716,0.0,400.0,0.6593458151000688,0.7518398074789774,0.6160917220451447,0.04313472304943913,1.0,0.012911744901473246,0.0,1.0
1068,267.0,physics_sindy_mpc,0,17.471969604492188,739.6876831054688,81.543212890625,3.200000047683716,0.0,400.0,0.7071067811865476,0.7071067811865476,0.614415819571667,0.045070078103936935,1.0,0.013655463887692598,0.0,1.0
1069,267.25,physics_sindy_mpc,0,17.431264877319336,740.3606567382812,81.56388092041016,3.238389730453491,0.0,400.0,0.7518398074789774,0.6593458151000688,0.6097622109200581,0.04795063683595988,1.0,0.015226550756542986,0.0,1.0
1070,267.5,physics_sindy_mpc,0,17.3851261138916,740.7090454101562,81.59890747070312,3.2884256839752197,0.0,400.0,0.7933533402912352,0.6087614290087207,0.6062517724624781,0.05212187474679502,1.0,0.017136811117777682,0.0,1.0
1071,267.75,physics_sindy_mpc,0,17.332578659057617,740.9042358398438,81.63626861572266,3.3384616374969482,0.0,400.0,0.8314696123025451,0.5555702330196024,0.6051273443645139,0.056513101069841615,1.0,0.018771639146424365,0.0,1.0
1072,268.0,physics_sindy_mpc,0,17.28150749206543,741.2937622070312,81.6596450805664,3.389601707458496,0.0,400.0,0.8660254037844386,0.5000000000000001,0.6052044099244582,0.05985373626230545,1.0,0.01985135141795048,0.0,1.0
1073,268.25,physics_sindy_mpc,0,17.211271286010742,741.3192138671875,81.6750717163086,3.4000000953674316,0.0,400.0,0.8968727415326884,0.44228869021900125,0.6105986139330218,0.06215848561404656,1.0,0.019046773452364534,0.0,1.0
1074,268.5,physics_sindy_mpc,0,17.148231506347656,741.8565673828125,81.6266098022461,3.4000000953674316,0.0,400.0,0.9238795325112867,0.38268343236508984,0.6119357673814689,0.06160313061430899,1.0,0.01671564465854848,0.0,1.0
1075,268.75,physics_sindy_mpc,0,17.106637954711914,743.2488403320312,81.55194091796875,3.4000000953674316,0.0,400.0,0.9469301294951056,0.3214394653031617,0.6064605287853694,0.059148906411042215,1.0,0.01458653718947668,0.0,1.0
1076,269.0,physics_sindy_mpc,0,17.07062530517578,744.9130859375,81.51724243164062,3.4000000953674316,0.0,400.0,0.9659258262890683,0.25881904510252074,0.5988643527671144,0.05814759520076758,1.0,0.014112013687155641,0.0,1.0
1077,269.25,physics_sindy_mpc,0,17.043941497802734,746.1621704101562,81.5412368774414,3.4966931343078613,1.0743669271469116,400.0,0.9807852804032304,0.19509032201612833,0.589087802619675,0.06270815129496636,1.0,0.017905777713858418,0.0,1.0
1078,269.5,physics_sindy_mpc,0,16.97890853881836,745.06640625,81.63078308105469,3.6217827796936035,2.464254379272461,400.0,0.9914448613738104,0.1305261922200517,0.5887319040040216,0.07389926981056465,1.0,0.022528520087274895,0.0,1.0
1079,269.75,physics_sindy_mpc,0,16.891651153564453,743.3526611328125,81.66900634765625,3.746872663497925,3.8541417121887207,400.0,0.9978589232386035,0.06540312923014327,0.589165314264028,0.08468486320276034,1.0,0.0252582042780728,0.0,1.0
1080,270.0,physics_sindy_mpc,0,16.81763458251953,742.6793212890625,81.63463592529297,3.871962547302246,5.222817897796631,400.0,1.0,6.123233995736766e-17,0.5797829120212868,0.0927079961947028,1.0,0.027505275677941934,0.0,1.0
1081,270.25,physics_sindy_mpc,0,16.819515228271484,744.0952758789062,81.67877197265625,3.9970524311065674,10.40817928314209,400.0,0.9978589232386035,-0.06540312923014314,0.5619039441636542,0.10329868970081256,1.0,0.03685594660350593,0.0,1.0
1082,270.5,physics_sindy_mpc,0,16.800830841064453,744.8829345703125,81.91358184814453,4.122142314910889,16.66267204284668,400.0,0.9914448613738104,-0.1305261922200516,0.5608586943334887,0.12010393920266907,1.0,0.05068935462952255,0.0,1.0
1083,270.75,physics_sindy_mpc,0,16.753633499145508,746.2453002929688,82.14481353759766,4.247232437133789,22.917165756225586,400.0,0.9807852804032304,-0.1950903220161282,0.5672519841380106,0.13454769677213538,1.0,0.06366522188077058,0.0,1.0
1084,271.0,physics_sindy_mpc,0,16.73878288269043,749.09521484375,82.10306549072266,4.373102188110352,29.1236629486084,400.0,0.9659258262890683,-0.25881904510252063,0.544918036645654,0.14116671173281278,1.0,0.07235334929523816,0.0,1.0
1085,271.25,physics_sindy_mpc,0,16.77582550048828,751.7969970703125,82.03683471679688,4.458446979522705,39.75557327270508,399.9999694824219,0.9469301294951057,-0.3214394653031616,0.5047614701534353,0.15189560334542687,1.0,0.08480764241901048,0.0,1.0
1086,271.5,physics_sindy_mpc,0,16.79106903076172,755.0765991210938,82.16032409667969,4.533501148223877,51.56961441040039,400.0,0.9238795325112868,-0.3826834323650895,0.4794955159640386,0.1662332729254126,1.0,0.10191702792441623,0.0,1.0
1087,271.75,physics_sindy_mpc,0,16.767507553100586,759.5924682617188,82.37033081054688,4.608554840087891,63.3836555480957,400.0,0.8968727415326884,-0.44228869021900113,0.4722929104903697,0.1782108859619411,1.0,0.11973425868661593,0.0,1.0
1088,272.0,physics_sindy_mpc,0,16.740440368652344,764.7385864257812,82.56306457519531,4.68333101272583,75.36457824707031,400.0,0.8660254037844387,-0.4999999999999998,0.47318819110587784,0.18583090998196472,1.0,0.13562331655561632,0.0,1.0
1089,272.25,physics_sindy_mpc,0,16.653472900390625,768.4454956054688,82.70926666259766,4.778217315673828,80.49365234375,400.0,0.8314696123025451,-0.5555702330196023,0.48713898654562754,0.18774587077225474,1.0,0.14337865953744716,0.0,1.0
1090,272.5,physics_sindy_mpc,0,16.57984161376953,770.3232421875,82.70260620117188,4.878289222717285,83.96836853027344,400.0,0.7933533402912352,-0.6087614290087207,0.49192756950042793,0.18827517311627745,1.0,0.14561554062297952,0.0,1.0
1091,272.75,physics_sindy_mpc,0,16.544130325317383,771.2024536132812,82.63485717773438,4.978361129760742,87.44308471679688,400.0,0.7518398074789774,-0.6593458151000688,0.4823158180482847,0.19077237692756757,1.0,0.1473573350033023,0.0,1.0
1092,273.0,physics_sindy_mpc,0,16.520000457763672,772.039794921875,82.61467742919922,5.078432559967041,90.86691284179688,400.0,0.7071067811865476,-0.7071067811865475,0.4645826310332531,0.1971164075479068,1.0,0.15228199817836285,0.0,1.0
1093,273.25,physics_sindy_mpc,0,16.559982299804688,774.86279296875,82.65493774414062,5.178504467010498,100.93457794189453,399.9999694824219,0.659345815100069,-0.7518398074789773,0.4280848188555232,0.20838824489159596,1.0,0.16652041073377302,0.0,1.0
1094,273.5,physics_sindy_mpc,0,16.584331512451172,779.7413330078125,82.8800048828125,5.278576374053955,112.74861907958984,400.0,0.6087614290087209,-0.793353340291235,0.4001494370284191,0.2207368540958883,1.0,0.18746340300885767,0.0,1.0
1095,273.75,physics_sindy_mpc,0,16.582181930541992,786.1109008789062,83.16896057128906,5.378648281097412,124.56266784667969,400.0,0.5555702330196025,-0.831469612302545,0.3749184306209734,0.2296774689056552,1.0,0.2104112398772915,0.0,1.0
1096,274.0,physics_sindy_mpc,0,16.5706844329834,792.5927124023438,83.45480346679688,5.4784111976623535,136.291015625,400.0,0.49999999999999994,-0.8660254037844387,0.3505274185510844,0.2405165198545234,1.0,0.23439642615016515,0.0,1.0
1097,274.25,physics_sindy_mpc,0,16.558795928955078,798.9130859375,83.70867156982422,5.598490238189697,154.75677490234375,400.0,0.4422886902190017,-0.8968727415326881,0.32182584785847007,0.257854755107204,1.0,0.2635462955335364,0.0,1.0
1098,274.5,physics_sindy_mpc,0,16.53759765625,807.1295776367188,83.94448852539062,5.723580360412598,174.91014099121094,400.0,0.3826834323650899,-0.9238795325112867,0.2937188496582668,0.26829685513431273,1.0,0.29132859716284804,0.0,1.0
1099,274.75,physics_sindy_mpc,0,16.522659301757812,814.7618408203125,84.16180419921875,5.84867000579834,195.06350708007812,400.0,0.32143946530316175,-0.9469301294951056,0.26941660531367106,0.2789331173540839,1.0,0.31786881277664664,0.0,1.0
1100,275.0,physics_sindy_mpc,0,16.519214630126953,822.3753662109375,84.3685073852539,5.973433017730713,215.4571533203125,400.0,0.258819045102521,-0.9659258262890682,0.2517128553030092,0.28738410097290906,1.0,0.3429451176242668,0.0,1.0
1101,275.25,physics_sindy_mpc,0,16.54234504699707,831.1917114257812,84.61678314208984,6.118619918823242,226.034423828125,400.0,0.19509032201612816,-0.9807852804032304,0.2451210617412262,0.28910563034658554,1.0,0.36193758608686627,0.0,1.0
1102,275.5,physics_sindy_mpc,0,16.60075569152832,839.2408447265625,84.8731918334961,6.2687273025512695,234.37374877929688,400.0,0.130526192220052,-0.9914448613738104,0.24185300543216445,0.29167630013375184,1.0,0.37935040656056185,0.0,1.0
1103,275.75,physics_sindy_mpc,0,16.685876846313477,847.0501708984375,85.12430572509766,6.418835163116455,242.71307373046875,400.0,0.06540312923014312,-0.9978589232386035,0.23867058830479726,0.2960672249772221,1.0,0.39665987268010133,0.0,1.0
1104,276.0,physics_sindy_mpc,0,16.79647445678711,855.3817138671875,85.34967041015625,6.573400974273682,251.0170135498047,400.0,1.2246467991473532e-16,-1.0,0.2525414990747107,0.28830133225001353,1.0,0.4000000099355348,0.0,1.0
1105,276.25,physics_sindy_mpc,0,16.8922061920166,858.5302734375,85.55992126464844,6.56031608581543,261.59637451171875,400.0,-0.06540312923014287,-0.9978589232386035,0.27646600781970243,0.29650903603310147,1.0,0.4000000099459218,0.0,0.9458643436381738
1106,276.5,physics_sindy_mpc,0,16.93329620361328,860.2200927734375,87.85015106201172,6.510280609130859,272.7154846191406,400.0,-0.13052619222005177,-0.9914448613738104,0.5774642189620047,0.3481650721805636,1.0,0.40000000988442125,0.0,0.5755295907229231
1107,276.75,physics_sindy_mpc,0,17.736011505126953,856.365966796875,87.41962432861328,6.460244655609131,283.8345642089844,400.0,-0.19509032201612792,-0.9807852804032305,0.49724218124927716,0.3824929778954576,1.0,0.40000000984829864,0.0,0.5394626300944713
1108,277.0,physics_sindy_mpc,0,18.301759719848633,858.9016723632812,87.23883819580078,6.410865306854248,295.2942810058594,400.0,-0.2588190451025208,-0.9659258262890683,0.40391120567359073,0.4032252685278294,1.0,0.40000000994789076,0.0,0.4996332674000414
1109,277.25,physics_sindy_mpc,0,18.437986373901367,865.43359375,87.54802703857422,6.300431251525879,273.4363708496094,400.0,-0.32143946530316153,-0.9469301294951057,0.4395207947828075,0.3798165979759946,1.0,0.40000000986392364,0.0,0.5510799420259591
1110,277.5,physics_sindy_mpc,0,18.236074447631836,866.6732788085938,87.86937713623047,6.175341606140137,243.55380249023438,400.0,-0.38268343236508967,-0.9238795325112868,0.5708392558839356,0.33802447785169665,1.0,0.400000009866023,0.0,0.6643376516069489
1111,277.75,physics_sindy_mpc,0,17.917293548583984,861.1126708984375,87.7492446899414,6.050251483917236,213.6712188720703,400.0,-0.44228869021900147,-0.8968727415326883,0.7007694527269052,0.2886634285511393,1.0,0.4000000099418031,0.0,0.8814002163528395
1112,278.0,physics_sindy_mpc,0,17.53716278076172,851.1231079101562,87.04580688476562,5.923469543457031,183.402099609375,400.0,-0.4999999999999997,-0.8660254037844388,0.7642148338103362,0.25297543563211006,1.0,0.37228889884308275,0.0,1.0
1113,278.25,physics_sindy_mpc,0,17.603668212890625,837.708251953125,82.9853744506836,5.8600287437438965,167.78497314453125,400.0,-0.555570233019602,-0.8314696123025455,0.43123795508543855,0.1694021122328548,1.0,0.23557271774935218,0.0,1.0
1114,278.5,physics_sindy_mpc,0,17.724397659301758,805.8746337890625,82.32718658447266,5.809992790222168,155.27598571777344,400.0,-0.6087614290087207,-0.7933533402912352,0.31336635359247306,0.2064310117319615,1.0,0.20731026703234806,0.0,1.0
1115,278.75,physics_sindy_mpc,0,17.56827735900879,797.4584350585938,83.02557373046875,5.7599568367004395,142.76699829101562,400.0,-0.6593458151000688,-0.7518398074789774,0.4059113397704528,0.21903542410769097,1.0,0.2098515015284019,0.0,1.0
1116,279.0,physics_sindy_mpc,0,17.311748504638672,795.3912353515625,83.49822998046875,5.710824012756348,130.29864501953125,400.0,-0.7071067811865471,-0.7071067811865479,0.5503355000100153,0.20216135535326848,1.0,0.19919223718825194,0.0,1.0
1117,279.25,physics_sindy_mpc,0,17.131786346435547,788.46826171875,83.30355834960938,5.559597492218018,115.5204086303711,400.0,-0.7518398074789773,-0.6593458151000691,0.645524332230876,0.17737935606600638,1.0,0.16644167031436055,0.0,1.0
1118,279.5,physics_sindy_mpc,0,17.12332534790039,777.5866088867188,82.688720703125,5.384471416473389,100.23165130615234,400.0,-0.7933533402912349,-0.6087614290087209,0.6694896828312836,0.15755615135650092,1.0,0.12768653916807177,0.0,1.0
1119,279.75,physics_sindy_mpc,0,17.22200584411621,766.708740234375,82.10208129882812,5.209345817565918,84.94288635253906,400.0,-0.8314696123025452,-0.5555702330196022,0.6629383259795774,0.1444552028231179,1.0,0.09543000444319953,0.0,1.0
1120,280.0,physics_sindy_mpc,0,17.33286476135254,758.4536743164062,81.8121337890625,5.034220218658447,69.64225769042969,400.0,-0.8660254037844385,-0.5000000000000004,0.6715036301430548,0.1343912055914258,1.0,0.072023367395312,0.0,1.0
1121,280.25,physics_sindy_mpc,0,17.41901397705078,753.1432495117188,81.7751693725586,4.859094142913818,54.92451477050781,400.0,-0.8968727415326883,-0.44228869021900136,0.7080031331327841,0.12292710945817167,1.0,0.05404607651336003,0.0,1.0
1122,280.5,physics_sindy_mpc,0,17.494937896728516,749.8232421875,81.8298110961914,4.683968544006348,40.33069610595703,400.0,-0.9238795325112868,-0.3826834323650895,0.7600238041820737,0.10779398435048348,1.0,0.03751471652281104,0.0,1.0
1123,280.75,physics_sindy_mpc,0,17.628816604614258,748.5291137695312,81.38202667236328,4.508842468261719,25.736879348754883,400.0,-0.9469301294951056,-0.3214394653031618,0.7596626001474319,0.0793171234409658,1.0,0.014206230944827617,0.0,1.0
1124,281.0,physics_sindy_mpc,0,17.86258316040039,752.74169921875,80.75785064697266,4.329213619232178,10.767788887023926,400.0,-0.9659258262890683,-0.25881904510252063,0.7152359537487373,0.045581654292770994,1.0,0.0,0.0,1.0
1125,281.25,physics_sindy_mpc,0,18.15754508972168,763.856689453125,80.55419158935547,4.27979850769043,6.649892330169678,400.0,-0.9807852804032303,-0.19509032201612866,0.6655292096692762,0.01874526641412041,1.0,0.00702086812487844,0.0,1.0
1126,281.5,physics_sindy_mpc,0,18.1895751953125,759.4133911132812,80.87251281738281,4.2547807693481445,4.565061092376709,400.0,-0.9914448613738104,-0.13052619222005163,0.6718521256869909,0.022550822560266713,1.0,0.005576794773427316,0.0,1.0
1127,281.75,physics_sindy_mpc,0,18.22112274169922,756.53662109375,80.98841094970703,4.229762554168701,2.4802300930023193,400.0,-0.9978589232386035,-0.06540312923014273,0.6894322090239372,0.004299516076761915,1.0,0.0028925604156564374,0.0,1.0
1128,282.0,physics_sindy_mpc,0,18.281421661376953,750.9381713867188,80.97567749023438,4.205514907836914,0.3220768868923187,400.0,-1.0,-1.8369701987210297e-16,0.7071597815095617,0.0,1.0,0.002574232761625434,0.0,1.0
1129,282.25,physics_sindy_mpc,0,18.27064323425293,745.65283203125,80.96292877197266,3.895902156829834,0.0,400.0,-0.9978589232386036,0.06540312923014237,0.739426228511156,0.0,1.0,0.0,0.0,1.0
1130,282.5,physics_sindy_mpc,0,18.259780883789062,744.4690551757812,80.7365951538086,3.520632743835449,0.0,400.0,-0.9914448613738105,0.13052619222005127,0.7612704592306258,0.0,1.0,0.0,0.0,1.0
1131,282.75,physics_sindy_mpc,0,18.2254581451416,744.7511596679688,80.37478637695312,3.1453630924224854,0.0,400.0,-0.9807852804032304,0.1950903220161283,0.7723016554221771,0.0,1.0,0.0,0.0,1.0
1132,283.0,physics_sindy_mpc,0,18.17375946044922,745.3432006835938,79.91895294189453,2.7565693855285645,0.0,400.0,-0.9659258262890684,0.2588190451025203,0.7676878606087664,0.0,1.0,0.0,0.0,1.0
1133,283.25,physics_sindy_mpc,0,18.242069244384766,746.3614501953125,79.39041137695312,2.9034507274627686,0.0,400.0,-0.9469301294951057,0.3214394653031615,0.7103775747558619,0.0,1.0,0.0,0.0,1.0
1134,283.5,physics_sindy_mpc,0,18.347558975219727,747.4713134765625,79.25025177001953,3.153630495071411,0.0,400.0,-0.923879532511287,0.38268343236508917,0.6427128940373068,0.0,1.0,0.0,0.0,1.0
1135,283.75,physics_sindy_mpc,0,18.417787551879883,748.473388671875,79.59980010986328,3.4038102626800537,0.0,400.0,-0.8968727415326884,0.442288690219001,0.6015518988132296,0.0,1.0,0.0,0.0,1.0
1136,284.0,physics_sindy_mpc,0,18.455537796020508,749.3765258789062,80.24153137207031,3.663219451904297,0.0,400.0,-0.8660254037844386,0.5000000000000001,0.5996731675385392,0.0,1.0,0.005814462878748219,0.0,1.0
1137,284.25,physics_sindy_mpc,0,18.34589958190918,742.959716796875,80.9736328125,3.6795830726623535,0.0,400.0,-0.8314696123025455,0.5555702330196018,0.6496575607538491,0.0,1.0,0.0013340284958723765,0.0,1.0
1138,284.5,physics_sindy_mpc,0,18.329177856445312,739.8512573242188,81.23030090332031,3.6545650959014893,0.0,400.0,-0.7933533402912357,0.6087614290087199,0.6885597713849743,0.0,1.0,0.003570923988893107,0.0,1.0
1139,284.75,physics_sindy_mpc,0,18.312908172607422,735.8543090820312,81.27252197265625,3.629547119140625,0.0,400.0,-0.7518398074789772,0.6593458151000691,0.7051273445194418,0.0,1.0,0.002793517134312821,0.0,1.0
1140,285.0,physics_sindy_mpc,0,18.344467163085938,732.1486206054688,81.11824798583984,3.605095386505127,0.0,400.0,-0.7071067811865477,0.7071067811865474,0.6924505884795469,0.0,1.0,0.0005719692811688125,0.0,1.0
1141,285.25,physics_sindy_mpc,0,18.41000747680664,731.6373901367188,80.99545288085938,3.5180444717407227,0.0,400.0,-0.6593458151000687,0.7518398074789775,0.6717157188915994,0.0,1.0,0.001388347404786219,0.0,1.0
1142,285.5,physics_sindy_mpc,0,18.437301635742188,731.3350219726562,81.04395294189453,3.4179725646972656,0.0,400.0,-0.608761429008721,0.7933533402912349,0.6640123932026784,0.0,1.0,0.0015528182908179082,0.0,1.0
1143,285.75,physics_sindy_mpc,0,18.44952392578125,730.8914184570312,81.1401596069336,3.3179008960723877,0.0,400.0,-0.555570233019603,0.8314696123025447,0.6688306250245036,0.0,1.0,0.0024273216534256427,0.0,1.0
1144,286.0,physics_sindy_mpc,0,18.454326629638672,729.8573608398438,81.22127532958984,3.2139716148376465,0.0,400.0,-0.5000000000000004,0.8660254037844384,0.673870918534633,0.0,1.0,0.00266753660020935,0.0,1.0
1145,286.25,physics_sindy_mpc,0,18.452312469482422,728.1472778320312,81.26005554199219,3.3028037548065186,0.0,400.0,-0.4422886902190014,0.8968727415326883,0.6631759170978554,0.011423275332128013,1.0,0.0063366858314860535,0.0,1.0
1146,286.5,physics_sindy_mpc,0,18.398130416870117,726.8189086914062,81.31257629394531,3.42789363861084,0.0,400.0,-0.38268343236508956,0.9238795325112868,0.6501130558167645,0.027710922693212202,1.0,0.010623685891691256,0.0,1.0
1147,286.75,physics_sindy_mpc,0,18.30282974243164,726.4024047851562,81.3415756225586,3.552983522415161,0.0,400.0,-0.32143946530316186,0.9469301294951056,0.6402215718608453,0.03748021796408714,1.0,0.013185411270457317,0.0,1.0
1148,287.0,physics_sindy_mpc,0,18.201183319091797,725.9786376953125,81.33113861083984,3.682994842529297,0.0,400.0,-0.25881904510252157,0.9659258262890681,0.6318761264981066,0.04247151674202583,1.0,0.014216080968421122,0.0,1.0
1149,287.25,physics_sindy_mpc,0,18.111425399780273,726.0037841796875,81.31553649902344,3.700000047683716,0.0,400.0,-0.19509032201612872,0.9807852804032303,0.6277929778992353,0.042077666915168906,1.0,0.013236148355562605,0.0,1.0
1150,287.5,physics_sindy_mpc,0,18.047494888305664,726.4788818359375,81.31460571289062,3.700000047683716,0.0,400.0,-0.13052619222005168,0.9914448613738104,0.6241844773555052,0.03933821531803012,1.0,0.012854552461283262,0.0,1.0
1151,287.75,physics_sindy_mpc,0,17.990280151367188,726.3519287109375,81.35983276367188,3.700000047683716,0.0,400.0,-0.0654031292301428,0.9978589232386035,0.6265385468242637,0.03621820979636105,1.0,0.013326654944221309,0.0,1.0
1152,288.0,physics_sindy_mpc,0,17.93313980102539,724.7179565429688,81.41392517089844,3.700000047683716,0.0,400.0,0.0,1.0,0.6388233989847406,0.032722105465343806,1.0,0.01271494823819102,0.0,1.0
1153,288.25,physics_sindy_mpc,0,17.88160514831543,722.6219482421875,81.41703796386719,3.47225022315979,0.0,400.0,0.06540312923014306,0.9978589232386035,0.661126649572892,0.025163781532604547,1.0,0.006541757958444812,0.0,1.0
1154,288.5,physics_sindy_mpc,0,17.90873146057129,723.6380004882812,81.2933120727539,3.197052478790283,0.0,400.0,0.13052619222005157,0.9914448613738104,0.6660402731374945,0.013241441238688029,1.0,5.201357392536199e-08,0.0,1.0
1155,288.75,physics_sindy_mpc,0,17.989349365234375,728.3794555664062,81.2049560546875,2.9218547344207764,0.0,400.0,0.19509032201612825,0.9807852804032304,0.6549824572045857,0.0027942132752826706,1.0,0.0,0.0,1.0
1156,289.0,physics_sindy_mpc,0,18.01685333251953,731.474365234375,81.2757339477539,2.635408401489258,0.0,400.0,0.25881904510252074,0.9659258262890683,0.6564055544471611,0.0021489658025278194,1.0,0.0,0.0,1.0
1157,289.25,physics_sindy_mpc,0,17.94498634338379,733.8886108398438,81.36477661132812,2.5999999046325684,0.0,400.0,0.3214394653031616,0.9469301294951057,0.6651623419522269,0.00493006384642728,1.0,0.0,0.0,1.0
1158,289.5,physics_sindy_mpc,0,17.821266174316406,736.6723022460938,81.28375244140625,2.5999999046325684,0.0,400.0,0.3826834323650898,0.9238795325112867,0.6607439293865625,0.0050747267658110265,1.0,0.0,0.0,1.0
1159,289.75,physics_sindy_mpc,0,17.67320442199707,738.7501220703125,81.07434844970703,2.5999999046325684,0.0,400.0,0.44228869021900125,0.8968727415326884,0.648093740691673,0.00505234382436185,1.0,0.0,0.0,1.0
1160,290.0,physics_sindy_mpc,0,17.50124740600586,740.061279296875,80.83908081054688,2.5999999046325684,0.0,400.0,0.49999999999999994,0.8660254037844387,0.6332141140265092,0.006299130916261486,1.0,0.0,0.0,1.0
1161,290.25,physics_sindy_mpc,0,17.45515251159668,742.1844482421875,80.55753326416016,2.766786575317383,0.0,400.0,0.5555702330196022,0.8314696123025452,0.5923734189709395,0.007186812943562712,1.0,0.0,0.0,1.0
1162,290.5,physics_sindy_mpc,0,17.46632194519043,745.0499877929688,80.60214233398438,2.9669301509857178,0.0,400.0,0.6087614290087207,0.7933533402912352,0.5504325407098263,0.007028926596440619,1.0,0.0,0.0,1.0
1163,290.75,physics_sindy_mpc,0,17.483844757080078,748.1373901367188,80.99414825439453,3.167073965072632,0.0,400.0,0.6593458151000688,0.7518398074789774,0.5472680048837588,0.009901941869898295,1.0,0.0039715647173580735,0.0,1.0
1164,291.0,physics_sindy_mpc,0,17.478864669799805,747.8565063476562,81.52715301513672,3.3756866455078125,0.0,400.0,0.7071067811865476,0.7071067811865476,0.5775504651913006,0.02966309928810193,1.0,0.018942918791360654,0.0,1.0
1165,291.25,physics_sindy_mpc,0,17.271038055419922,738.9716186523438,82.00132751464844,3.3372395038604736,0.0,400.0,0.7518398074789774,0.6593458151000688,0.6530312416755469,0.05648889977537743,1.0,0.020940308576051284,0.0,1.0
1166,291.5,physics_sindy_mpc,0,17.14923858642578,736.0947265625,81.77588653564453,3.262185573577881,0.0,400.0,0.7933533402912352,0.6087614290087207,0.668567127113073,0.05607303138883437,1.0,0.010527823342942576,0.0,1.0
1167,291.75,physics_sindy_mpc,0,17.204294204711914,740.80126953125,81.28846740722656,3.187131643295288,0.0,400.0,0.8314696123025451,0.5555702330196024,0.6251308632731969,0.037724575537317014,1.0,0.0023497114226251623,0.0,1.0
1168,292.0,physics_sindy_mpc,0,17.2844295501709,748.2410278320312,81.14968872070312,3.114424467086792,0.0,400.0,0.8660254037844386,0.5000000000000001,0.6047487519839534,0.019503849749202298,1.0,0.0011628404156487076,0.0,1.0
1169,292.25,physics_sindy_mpc,0,17.218324661254883,752.0943603515625,81.34496307373047,2.7011501789093018,0.0,400.0,0.8968727415326884,0.44228869021900125,0.6498577725436906,0.01014854671235378,1.0,0.0,0.0,1.0
1170,292.5,physics_sindy_mpc,0,17.109172821044922,754.3854370117188,81.307373046875,2.22580885887146,0.0,400.0,0.9238795325112867,0.38268343236508984,0.6992434856958559,0.0,1.0,0.0,0.0,1.0
1171,292.75,physics_sindy_mpc,0,17.00297737121582,753.232666015625,80.93952178955078,1.750467300415039,0.0,400.0,0.9469301294951056,0.3214394653031617,0.7346855166401354,0.0,1.0,0.0,0.0,1.0
1172,293.0,physics_sindy_mpc,0,16.909757614135742,752.2273559570312,80.34095764160156,1.254378080368042,0.0,400.0000305175781,0.9659258262890683,0.25881904510252074,0.7174748606889659,0.003179175099004327,1.0,0.0,0.0,1.0
1173,293.25,physics_sindy_mpc,0,17.043067932128906,753.1229858398438,79.75818634033203,1.789791464805603,4.680884838104248,400.0,0.9807852804032304,0.19509032201612833,0.6072545953718342,0.009389156956299395,1.0,0.0,0.0,1.0
1174,293.5,physics_sindy_mpc,0,17.234556198120117,756.6123046875,79.9637680053711,2.4902946949005127,10.240434646606445,400.0,0.9914448613738104,0.1305261922200517,0.4842552829710751,0.013790633629381358,1.0,0.0,0.0,1.0
1175,293.75,physics_sindy_mpc,0,17.36814308166504,761.6077270507812,80.99203491210938,3.190798044204712,15.799983978271484,400.0,0.9978589232386035,0.06540312923014327,0.4390232081442977,0.0469464943694196,1.0,0.029165388896242345,0.0,1.0
1176,294.0,physics_sindy_mpc,0,17.16401481628418,749.2505493164062,82.46983337402344,3.9048197269439697,21.284622192382812,400.0000305175781,1.0,6.123233995736766e-17,0.5322410782174323,0.12987276070158685,1.0,0.0757107749859549,0.0,1.0
1177,294.25,physics_sindy_mpc,0,16.83666229248047,745.3704223632812,83.18963623046875,4.232494831085205,31.02883529663086,400.0,0.9978589232386035,-0.06540312923014314,0.6236700460069151,0.16912210331596694,1.0,0.10058786781990252,0.0,1.0
1178,294.5,physics_sindy_mpc,0,16.741178512573242,749.9668579101562,82.99091339111328,4.507692337036133,41.4529914855957,400.0,0.9914448613738104,-0.1305261922200516,0.5945004416211277,0.17351337899092378,1.0,0.11056676370174061,0.0,1.0
1179,294.75,physics_sindy_mpc,0,16.812196731567383,753.3368530273438,82.73126220703125,4.7828898429870605,51.87714767456055,400.0,0.9807852804032304,-0.1950903220161282,0.4959088442399411,0.18495074776792225,1.0,0.12648164684173005,0.0,1.0
1180,295.0,physics_sindy_mpc,0,16.848440170288086,757.4161987304688,82.92151641845703,5.060037136077881,62.16767120361328,400.0,0.9659258262890683,-0.25881904510252063,0.4167197550694183,0.20694814701055875,1.0,0.15513573059952215,0.0,1.0
1181,295.25,physics_sindy_mpc,0,16.792953491210938,764.5125122070312,83.48150634765625,5.269661903381348,79.79470825195312,400.0,0.9469301294951057,-0.3214394653031616,0.38358694942195154,0.23136729690685695,1.0,0.19606592237039827,0.0,1.0
1182,295.5,physics_sindy_mpc,0,16.678251266479492,774.4083251953125,84.0413589477539,5.469805717468262,98.55818939208984,400.0,0.9238795325112868,-0.3826834323650895,0.3749498613530771,0.24830870304870506,1.0,0.23673203904214193,0.0,1.0
1183,295.75,physics_sindy_mpc,0,16.586627960205078,784.9269409179688,84.45519256591797,5.669949531555176,117.32167053222656,400.0,0.8968727415326884,-0.44228869021900113,0.3608595555994292,0.2608138950227483,1.0,0.27354829778806117,0.0,1.0
1184,296.0,physics_sindy_mpc,0,16.551633834838867,795.4896850585938,84.79153442382812,5.871392250061035,136.11793518066406,400.0,0.8660254037844387,-0.4999999999999998,0.337853985402246,0.2727967691978057,1.0,0.30844546779739845,0.0,1.0
1185,296.25,physics_sindy_mpc,0,16.545085906982422,806.2635498046875,85.04638671875,6.0276780128479,153.6664276123047,400.0,0.8314696123025451,-0.5555702330196023,0.31128678319184167,0.2775332245957575,1.0,0.336553104496943,0.0,1.0
1186,296.5,physics_sindy_mpc,0,16.563461303710938,815.1069946289062,85.2823486328125,6.177785873413086,171.04002380371094,400.0,0.7933533402912352,-0.6087614290087207,0.2841899866077941,0.2851061396801455,1.0,0.36338799943475886,0.0,1.0
1187,296.75,physics_sindy_mpc,0,16.595314025878906,823.7146606445312,85.52484893798828,6.3278937339782715,188.41360473632812,400.0,0.7518398074789774,-0.6593458151000688,0.26353837707048644,0.29624184056760966,1.0,0.3903020767115211,0.0,1.0
1188,297.0,physics_sindy_mpc,0,16.643434524536133,833.546142578125,85.744873046875,6.479381561279297,206.58575439453125,400.0,0.7071067811865476,-0.7071067811865475,0.26936194957520043,0.29221395677268897,1.0,0.40000000982087297,0.0,0.994059201425118
1189,297.25,physics_sindy_mpc,0,16.561906814575195,839.2042846679688,87.04308319091797,6.585406303405762,204.181640625,400.0,0.659345815100069,-0.7518398074789773,0.44677202004097927,0.30990763835457574,1.0,0.4000000099515406,0.0,0.8256926445031996
1190,297.5,physics_sindy_mpc,0,16.69696617126465,843.0970458984375,88.76770782470703,6.685478210449219,199.31703186035156,400.0,0.6087614290087209,-0.793353340291235,0.6734012349572583,0.33842319149344197,1.0,0.40000000995174917,0.0,0.5824795589158076
1191,297.75,physics_sindy_mpc,0,17.242618560791016,845.7360229492188,88.33433532714844,6.785550117492676,194.4524383544922,400.0,0.5555702330196025,-0.831469612302545,0.5844939848660886,0.3381893095187237,1.0,0.40000000983802797,0.0,0.620735186423154
1192,298.0,physics_sindy_mpc,0,17.538034439086914,847.0856323242188,88.28277587890625,6.88628625869751,189.36181640625,400.0,0.49999999999999994,-0.8660254037844387,0.49026192394369017,0.3484785116728672,1.0,0.4000000098357324,0.0,0.6006370318213319
1193,298.25,physics_sindy_mpc,0,17.96205711364746,847.7210083007812,87.8626937866211,6.964270114898682,216.85836791992188,400.0,0.4422886902190017,-0.8968727415326881,0.29978525481184637,0.3751262448144685,1.0,0.4000000098159205,0.0,0.5098226836595273
1194,298.5,physics_sindy_mpc,0,18.436798095703125,849.4883422851562,87.69622039794922,7.0393242835998535,249.52072143554688,400.0,0.3826834323650899,-0.9238795325112867,0.11422763431501055,0.41814163646582947,1.0,0.40000000992737145,0.0,0.37038632172568736
1195,298.75,physics_sindy_mpc,0,18.92020034790039,855.30419921875,87.78553771972656,7.114377975463867,282.1830749511719,400.0,0.32143946530316175,-0.9469301294951056,0.0,0.4574214080208945,1.0,0.4000000097666586,0.0,0.21634302077930917
1196,299.0,physics_sindy_mpc,0,19.44406509399414,861.865966796875,87.86664581298828,7.192954063415527,316.3780822753906,400.0,0.258819045102521,-0.9659258262890682,0.0,0.4808920061002932,0.9965888618319035,0.4000000096027562,0.0,0.08550245792430715
1197,299.25,physics_sindy_mpc,0,19.606853485107422,863.8047485351562,88.34172821044922,7.157009124755859,317.6531677246094,400.0,0.19509032201612816,-0.9807852804032304,0.0,0.4962486644691314,0.9936415882877229,0.4000000096821673,0.0,0.01764182077114004
1198,299.5,physics_sindy_mpc,0,19.5307559967041,861.822509765625,88.65177154541016,7.106973171234131,315.5683288574219,400.0,0.130526192220052,-0.9914448613738104,0.0,0.5071079984305451,0.9886731852969632,0.40000000980866324,0.0,0.0
1199,299.75,physics_sindy_mpc,0,19.21179962158203,851.179443359375,88.63876342773438,7.056937217712402,313.4834899902344,400.0,0.06540312923014312,-0.9978589232386035,0.0,0.5266414630353684,0.9868994138762468,0.40000000993921503,0.0,0.0
1200,300.0,physics_sindy_mpc,0,18.91176986694336,847.31591796875,88.47583770751953,7.007691383361816,311.4716491699219,400.0000305175781,1.2246467991473532e-16,-1.0,0.07483839164637547,0.5218313647746149,0.9901595263439052,0.4000000098354563,0.0,0.03829569158408262
1201,300.25,physics_sindy_mpc,0,18.73797035217285,857.8502807617188,89.0126724243164,6.913731098175049,299.12933349609375,400.0,-0.06540312923014287,-0.9978589232386035,0.25688111827890414,0.4929768136843595,0.9958108001122677,0.40000000986204753,0.0,0.04759333004453066
1202,300.5,physics_sindy_mpc,0,18.77836036682129,871.3048706054688,89.41427612304688,6.813659191131592,285.2304382324219,400.0,-0.13052619222005177,-0.9914448613738104,0.40638184086460843,0.4507817772510246,1.0,0.4000000098653656,0.0,0.083262562350944
1203,300.75,physics_sindy_mpc,0,18.814210891723633,873.6961669921875,89.54517364501953,6.713587284088135,271.3315734863281,400.0,-0.19509032201612792,-0.9807852804032305,0.5182501792876335,0.42643285512782925,1.0,0.4000000099505345,0.0,0.14469358823541728
1204,301.0,physics_sindy_mpc,0,18.809478759765625,870.4224853515625,89.36463165283203,6.613515377044678,257.6611328125,400.0,-0.2588190451025208,-0.9659258262890683,0.5799353035563617,0.40549031641345185,1.0,0.40000000986003176,0.0,0.24901733238772886
1205,301.25,physics_sindy_mpc,0,18.599164962768555,866.8895263671875,89.01631164550781,6.513443470001221,230.9110107421875,400.0,-0.32143946530316153,-0.9469301294951057,0.6490187210090897,0.365921031535716,1.0,0.40000000985549594,0.0,0.44692806781923283
1206,301.5,physics_sindy_mpc,0,18.20871353149414,859.9498901367188,88.51781463623047,6.413371562957764,202.41831970214844,400.0,-0.38268343236508967,-0.9238795325112868,0.7367527999762239,0.31764193235658844,1.0,0.4000000098352648,0.0,0.7101212617561858
1207,301.75,physics_sindy_mpc,0,17.738414764404297,848.8944091796875,87.74996948242188,6.313299655914307,173.92562866210938,400.0,-0.44228869021900147,-0.8968727415326883,0.8059805792107348,0.27673415666840046,1.0,0.40000000885579096,0.0,1.0
1208,302.0,physics_sindy_mpc,0,17.48880386352539,836.2938232421875,83.2455062866211,6.212540626525879,144.72247314453125,400.0,-0.4999999999999997,-0.8660254037844388,0.4729444103981009,0.1647473621951638,1.0,0.22982618492324336,0.0,1.0
1209,302.25,physics_sindy_mpc,0,17.515840530395508,795.3878784179688,82.10198211669922,6.134867191314697,133.8265838623047,400.0,-0.555570233019602,-0.8314696123025455,0.33497296468580234,0.20588399636652832,1.0,0.18816286902283244,0.0,1.0
1210,302.5,physics_sindy_mpc,0,17.372543334960938,783.1381225585938,82.45250701904297,6.059813022613525,124.79231262207031,400.0,-0.6087614290087207,-0.7933533402912352,0.38553220668368204,0.2233864973050589,1.0,0.183694797174247,0.0,1.0
1211,302.75,physics_sindy_mpc,0,17.130605697631836,780.7578125,82.87615966796875,5.984759330749512,115.75804901123047,400.0,-0.6593458151000688,-0.7518398074789774,0.50418795486084,0.21255265059339343,1.0,0.17517588707206408,0.0,1.0
1212,303.0,physics_sindy_mpc,0,16.974973678588867,776.1300659179688,82.78556060791016,5.910613536834717,106.87681579589844,400.0,-0.7071067811865471,-0.7071067811865479,0.5891075329163924,0.1927957352322901,1.0,0.1519234554330771,0.0,1.0
1213,303.25,physics_sindy_mpc,0,16.89942169189453,767.808349609375,82.3526382446289,5.791085720062256,89.21839141845703,400.0,-0.7518398074789773,-0.6593458151000691,0.6346850442596979,0.16919538321363042,1.0,0.11507687082796299,0.0,1.0
1214,303.5,physics_sindy_mpc,0,16.928611755371094,757.4349365234375,81.76043701171875,5.6659955978393555,70.45491027832031,400.0,-0.7933533402912349,-0.6087614290087209,0.6444827802126264,0.1497172356064906,1.0,0.07775435376714698,0.0,1.0
1215,303.75,physics_sindy_mpc,0,17.026647567749023,748.9151000976562,81.3131332397461,5.540905952453613,51.691429138183594,400.0,-0.8314696123025452,-0.5555702330196022,0.6454153656154236,0.13329848370119313,1.0,0.04768400697330894,0.0,1.0
1216,304.0,physics_sindy_mpc,0,17.13724708557129,744.6906127929688,81.25466918945312,5.409728050231934,32.50838088989258,400.0,-0.8660254037844385,-0.5000000000000004,0.66533404458104,0.1206090462658961,1.0,0.029057103153193056,0.0,1.0
1217,304.25,physics_sindy_mpc,0,17.358570098876953,746.7767944335938,81.2071304321289,5.400000095367432,24.484783172607422,400.0,-0.8968727415326883,-0.44228869021900136,0.657965403831854,0.10839046350174959,1.0,0.026249606177366932,0.0,1.0
1218,304.5,physics_sindy_mpc,0,17.485557556152344,746.9029541015625,81.19158935546875,5.400000095367432,17.53534698486328,400.0,-0.9238795325112868,-0.3826834323650895,0.6540165276421754,0.10056111209299151,1.0,0.023521434491976027,0.0,1.0
1219,304.75,physics_sindy_mpc,0,17.562252044677734,746.5531616210938,81.07353973388672,5.400000095367432,10.585909843444824,400.0,-0.9469301294951056,-0.3214394653031618,0.6475725678821022,0.0900808087505105,1.0,0.017240897959359507,0.0,1.0
1220,305.0,physics_sindy_mpc,0,17.644874572753906,748.2041015625,80.90026092529297,5.400000095367432,3.358469009399414,400.0,-0.9659258262890683,-0.25881904510252063,0.6334002484614801,0.07467874736417468,1.0,0.010654234599096552,0.0,1.0
1221,305.25,physics_sindy_mpc,0,17.74228286743164,751.4065551757812,80.93468475341797,5.312293529510498,2.168703556060791,400.0,-0.9807852804032303,-0.19509032201612866,0.6318400277894536,0.0630509765552929,1.0,0.011213959330784319,0.0,1.0
1222,305.5,physics_sindy_mpc,0,17.755626678466797,750.2767944335938,81.08455657958984,5.212221622467041,1.4737598896026611,400.0,-0.9914448613738104,-0.13052619222005163,0.6551014661030493,0.06113734163072572,1.0,0.010980818875886958,0.0,1.0
1223,305.75,physics_sindy_mpc,0,17.76078987121582,748.5863647460938,81.07838439941406,5.112149715423584,0.7788162231445312,400.0,-0.9978589232386035,-0.06540312923014273,0.6706496354352696,0.057123157996864425,1.0,0.007355158648930453,0.0,1.0
1224,306.0,physics_sindy_mpc,0,17.81854820251465,750.17529296875,80.94866943359375,5.007166385650635,0.04976793751120567,400.0,-1.0,-1.8369701987210297e-16,0.6595255057318569,0.04630095138936016,1.0,0.004507552821369282,0.0,1.0
1225,306.25,physics_sindy_mpc,0,17.91478157043457,752.7523193359375,80.88946533203125,5.065995693206787,0.0,400.0,-0.9978589232386036,0.06540312923014237,0.6313854371940928,0.0404723771345918,1.0,0.008528470711525524,0.0,1.0
1226,306.5,physics_sindy_mpc,0,17.908973693847656,747.8511962890625,81.02146911621094,5.141049385070801,0.0,400.0,-0.9914448613738105,0.13052619222005127,0.6285977555932293,0.05381632507842558,1.0,0.012914215734584376,0.0,1.0
1227,306.75,physics_sindy_mpc,0,17.8529052734375,741.859375,81.10089111328125,5.216103553771973,0.0,400.0,-0.9807852804032304,0.1950903220161283,0.6357277959563206,0.06733470670387867,1.0,0.01440302004560535,0.0,1.0
1228,307.0,physics_sindy_mpc,0,17.82168960571289,739.203369140625,81.06607818603516,5.294850826263428,0.0,400.0,-0.9659258262890684,0.2588190451025203,0.6342975215943142,0.07069085688481855,1.0,0.014320251950045096,0.0,1.0
1229,307.25,physics_sindy_mpc,0,17.7955322265625,737.8741455078125,81.04054260253906,5.255858898162842,0.0,400.0,-0.9469301294951057,0.3214394653031615,0.6357439985898705,0.06872353786329845,1.0,0.012533341576813845,0.0,1.0
1230,307.5,physics_sindy_mpc,0,17.790943145751953,737.7938232421875,81.02420043945312,5.205822944641113,0.0,400.0,-0.923879532511287,0.38268343236508917,0.6357655408455478,0.06431431063007131,1.0,0.011471957271920867,0.0,1.0
1231,307.75,physics_sindy_mpc,0,17.78738021850586,737.4944458007812,81.0429458618164,5.155786991119385,0.0,400.0,-0.8968727415326884,0.442288690219001,0.637547899735545,0.06132633012314737,1.0,0.011233446587739495,0.0,1.0
1232,308.0,physics_sindy_mpc,0,17.775741577148438,736.5260620117188,81.06858825683594,5.104928970336914,0.0,400.0,-0.8660254037844386,0.5000000000000001,0.6403625538775849,0.06022652869809107,1.0,0.011009822599763283,0.0,1.0
1233,308.25,physics_sindy_mpc,0,17.765844345092773,735.9728393554688,81.07376098632812,5.077857494354248,0.0,400.0,-0.8314696123025455,0.5555702330196018,0.6394996905763796,0.05863861398694889,1.0,0.011080013451764176,0.0,1.0
1234,308.5,physics_sindy_mpc,0,17.75215721130371,735.4089965820312,81.07564544677734,5.052839756011963,0.0,400.0,-0.7933533402912357,0.6087614290087199,0.6370351079959851,0.057264929505058564,1.0,0.011187700136625024,0.0,1.0
1235,308.75,physics_sindy_mpc,0,17.733612060546875,734.8302001953125,81.080810546875,5.0278215408325195,0.0,400.0,-0.7518398074789772,0.6593458151000691,0.6342075263691513,0.05615208886070669,1.0,0.011325989407292111,0.0,1.0
1236,309.0,physics_sindy_mpc,0,17.708837509155273,734.3087158203125,81.09237670898438,5.0015692710876465,0.0,400.0,-0.7071067811865477,0.7071067811865474,0.63132030663067,0.05526860105028776,1.0,0.011571419903595144,0.0,1.0
1237,309.25,physics_sindy_mpc,0,17.698579788208008,733.9121704101562,81.09302520751953,5.0,0.0,400.0,-0.6593458151000687,0.7518398074789775,0.6236877362576336,0.055177855833562536,1.0,0.012735641603945767,0.0,1.0
1238,309.5,physics_sindy_mpc,0,17.68109703063965,732.9658813476562,81.13694763183594,5.0,0.0,400.0,-0.608761429008721,0.7933533402912349,0.6190788176196644,0.057509521420725754,1.0,0.01467984430476396,0.0,1.0
1239,309.75,physics_sindy_mpc,0,17.650596618652344,731.6358642578125,81.20042419433594,5.0,0.0,400.0,-0.555570233019603,0.8314696123025447,0.6191834818623496,0.060968866865089885,1.0,0.016578279216219228,0.0,1.0
1240,310.0,physics_sindy_mpc,0,17.619165420532227,730.5485229492188,81.24469757080078,5.0,0.0,400.0,-0.5000000000000004,0.8660254037844384,0.6209111660561127,0.06313979315350159,1.0,0.017792368952797313,0.0,1.0
1241,310.25,physics_sindy_mpc,0,17.584741592407227,729.2429809570312,81.26939392089844,4.933141708374023,0.0,400.0,-0.4422886902190014,0.8968727415326883,0.6253465461443409,0.06408049448214696,1.0,0.01714845444961916,0.0,1.0
1242,310.5,physics_sindy_mpc,0,17.571887969970703,728.8141479492188,81.25850677490234,4.858087539672852,0.0,400.0,-0.38268343236508956,0.9238795325112868,0.624553811582576,0.06287109880696662,1.0,0.0163338996266943,0.0,1.0
1243,310.75,physics_sindy_mpc,0,17.57109260559082,728.7437133789062,81.26295471191406,4.783033847808838,0.0,400.0,-0.32143946530316186,0.9469301294951056,0.6199824350319367,0.06196944414888185,1.0,0.01643353982973461,0.0,1.0
1244,311.0,physics_sindy_mpc,0,17.563344955444336,728.3677368164062,81.30386352539062,4.704281330108643,0.0,400.0,-0.25881904510252157,0.9659258262890681,0.6127873713730727,0.06405526842303966,1.0,0.017941297019291404,0.0,1.0
1245,311.25,physics_sindy_mpc,0,17.55193519592285,727.6635131835938,81.35615539550781,4.8117899894714355,0.0,400.0,-0.19509032201612872,0.9807852804032303,0.5965905609287893,0.07126119679935039,1.0,0.023454471016075902,0.0,1.0
1246,311.5,physics_sindy_mpc,0,17.49078369140625,725.5405883789062,81.4533920288086,4.936880111694336,0.0,400.0,-0.13052619222005168,0.9914448613738104,0.5872914141544552,0.08221041140511122,1.0,0.029001404381370156,0.0,1.0
1247,311.75,physics_sindy_mpc,0,17.406005859375,723.8119506835938,81.51515197753906,5.061969757080078,0.0,400.0,-0.0654031292301428,0.9978589232386035,0.5798210484730814,0.09089153492384112,1.0,0.03313674784738607,0.0,1.0
1248,312.0,physics_sindy_mpc,0,17.32416343688965,723.0073852539062,81.54025268554688,5.187743186950684,0.0,400.0,0.0,1.0,0.5696740300968697,0.09654263722756405,1.0,0.03658104402025059,0.0,1.0
1249,312.25,physics_sindy_mpc,0,17.258729934692383,723.3152465820312,81.56925964355469,5.289719581604004,0.0,400.0,0.06540312923014306,0.9978589232386035,0.5579107820689801,0.09989078537568671,1.0,0.04030739354630346,0.0,1.0
1250,312.5,physics_sindy_mpc,0,17.196273803710938,723.9561157226562,81.64629364013672,5.389791488647461,0.0,400.0,0.13052619222005157,0.9914448613738104,0.5497839130786565,0.1036619237557475,1.0,0.04517597120622243,0.0,1.0
1251,312.75,physics_sindy_mpc,0,17.128053665161133,724.7599487304688,81.75215148925781,5.489863395690918,0.0,400.0,0.19509032201612825,0.9807852804032304,0.5464391265262061,0.10761588686545535,1.0,0.050505305829290824,0.0,1.0
1252,313.0,physics_sindy_mpc,0,17.06183624267578,725.855712890625,81.844970703125,5.591569900512695,0.0,400.0,0.25881904510252074,0.9659258262890683,0.5443159558682004,0.11047231629697167,1.0,0.05541957263192914,0.0,1.0
1253,313.25,physics_sindy_mpc,0,16.920875549316406,723.7974853515625,81.94613647460938,5.645003795623779,0.0,400.0,0.3214394653031616,0.9469301294951057,0.5564221410439595,0.11705172192889862,1.0,0.05695077351425247,0.0,1.0
1254,313.5,physics_sindy_mpc,0,16.78258514404297,721.5760498046875,81.8788833618164,5.695039749145508,0.0,400.0,0.3826834323650898,0.9238795325112867,0.5572861227739838,0.12024507599863682,1.0,0.05444658888072942,0.0,1.0
1255,313.75,physics_sindy_mpc,0,16.680442810058594,719.645263671875,81.74476623535156,5.745075702667236,0.0,400.0,0.44228869021900125,0.8968727415326884,0.5455322127074445,0.122510756461166,1.0,0.05163715990622229,0.0,1.0
1256,314.0,physics_sindy_mpc,0,16.59048080444336,717.90673828125,81.67936706542969,5.797552585601807,0.0,400.0,0.49999999999999994,0.8660254037844387,0.5374379378289593,0.12608975106060902,1.0,0.05053490097504061,0.0,1.0
1257,314.25,physics_sindy_mpc,0,16.520627975463867,718.1775512695312,81.7010498046875,5.777426242828369,0.0,400.0,0.5555702330196022,0.8314696123025452,0.5389356760909911,0.1266583956097783,1.0,0.050377380462742476,0.0,1.0
1258,314.5,physics_sindy_mpc,0,16.45745277404785,718.7759399414062,81.7747573852539,5.752408504486084,0.0,400.0,0.6087614290087207,0.7933533402912352,0.5475400421016425,0.12760695224909968,1.0,0.05109803623470207,0.0,1.0
1259,314.75,physics_sindy_mpc,0,16.4024715423584,719.4569702148438,81.830810546875,5.727390289306641,0.0,400.0,0.6593458151000688,0.7518398074789774,0.5556988429642167,0.12832528800827417,1.0,0.05150991667473054,0.0,1.0
1260,315.0,physics_sindy_mpc,0,16.360998153686523,720.1966552734375,81.85224151611328,5.7023725509643555,0.0,400.0,0.7071067811865476,0.7071067811865476,0.559288365406908,0.1287049104666013,1.0,0.05154154003799823,0.0,1.0
1261,315.25,physics_sindy_mpc,0,16.33203125,720.9700317382812,81.85928344726562,5.677354335784912,0.0,400.0,0.7518398074789774,0.6593458151000688,0.5592533627879488,0.12927133768843832,1.0,0.051675202254092265,0.0,1.0
1262,315.5,physics_sindy_mpc,0,16.307580947875977,721.7908935546875,81.87641143798828,5.652336597442627,0.0,400.0,0.7933533402912352,0.6087614290087207,0.5591412854268779,0.1302767572373251,1.0,0.05215811660683667,0.0,1.0
1263,315.75,physics_sindy_mpc,0,16.282882690429688,722.6785888671875,81.90390014648438,5.627318382263184,0.0,400.0,0.8314696123025451,0.5555702330196024,0.5607580329697511,0.13143182653645066,1.0,0.052731937463054476,0.0,1.0
1264,316.0,physics_sindy_mpc,0,16.258630752563477,723.647705078125,81.93174743652344,5.602702617645264,0.0,400.0,0.8660254037844386,0.5000000000000001,0.5641640995657003,0.1322674148335205,1.0,0.0530053408872526,0.0,1.0
1265,316.25,physics_sindy_mpc,0,16.23141860961914,724.6155395507812,81.93856048583984,5.554564952850342,0.0,399.9999694824219,0.8968727415326884,0.44228869021900125,0.5683726061768353,0.13200700974241164,1.0,0.051996237898717775,0.0,1.0
1266,316.5,physics_sindy_mpc,0,16.213809967041016,725.6165771484375,81.9161148071289,5.504528999328613,0.0,400.0,0.9238795325112867,0.38268343236508984,0.5697619159011766,0.13108111450430301,1.0,0.0503399050547126,0.0,1.0
1267,316.75,physics_sindy_mpc,0,16.204540252685547,726.6497802734375,81.89364624023438,5.454493045806885,0.0,400.0,0.9469301294951056,0.3214394653031617,0.5691895536375335,0.13038708286755593,1.0,0.04888406741698521,0.0,1.0
1268,317.0,physics_sindy_mpc,0,16.195646286010742,727.7448120117188,81.88941192626953,5.402065277099609,0.0,400.0,0.9659258262890683,0.25881904510252074,0.5673376253237813,0.1311924568328576,1.0,0.04853841152911828,0.0,1.0
1269,317.25,physics_sindy_mpc,0,16.227954864501953,729.89794921875,81.93238830566406,5.422789573669434,2.532151222229004,400.0,0.9807852804032304,0.19509032201612833,0.5600126411999686,0.13540812175873312,1.0,0.05392486358024444,0.0,1.0
1270,317.5,physics_sindy_mpc,0,16.240135192871094,732.15625,82.08602142333984,5.447807312011719,5.311925888061523,400.0,0.9914448613738104,0.1305261922200517,0.563623795046031,0.14196866916030595,1.0,0.061625745477751244,0.0,1.0
1271,317.75,physics_sindy_mpc,0,16.238433837890625,734.722900390625,82.23046112060547,5.472825527191162,8.091700553894043,400.0,0.9978589232386035,0.06540312923014327,0.5684585277873895,0.14729847738201676,1.0,0.06870041168788718,0.0,1.0
1272,318.0,physics_sindy_mpc,0,16.245513916015625,737.5897827148438,82.32027435302734,5.496996879577637,10.801779747009277,400.0,1.0,6.123233995736766e-17,0.5572911252401661,0.1533711012173408,1.0,0.07681832807720447,0.0,1.0
1273,318.25,physics_sindy_mpc,0,16.304506301879883,740.6724243164062,82.40827178955078,5.637167453765869,19.366561889648438,400.0,0.9978589232386035,-0.06540312923014314,0.5164303116296249,0.16721682274067848,1.0,0.09485915221665225,0.0,1.0
1274,318.5,physics_sindy_mpc,0,16.326059341430664,744.8795166015625,82.55764770507812,5.787275314331055,28.40083122253418,400.0,0.9914448613738104,-0.1305261922200516,0.47189094091528,0.18023538280830362,1.0,0.11564641534189744,0.0,1.0
1275,318.75,physics_sindy_mpc,0,16.30158042907715,749.9146118164062,82.83399963378906,5.93738317489624,37.43510055541992,400.0,0.9807852804032304,-0.1950903220161282,0.4283357347778811,0.1914713567244345,1.0,0.14010319896583595,0.0,1.0
1276,319.0,physics_sindy_mpc,0,16.235004425048828,755.2472534179688,83.21153259277344,6.086949825286865,46.261878967285156,400.0,0.9659258262890683,-0.25881904510252063,0.39587257268794923,0.2079660038756727,1.0,0.16922718734668588,0.0,1.0
1277,319.25,physics_sindy_mpc,0,16.270702362060547,763.695556640625,83.65105438232422,6.260531902313232,71.42942810058594,400.0,0.9469301294951057,-0.3214394653031616,0.3538552721020765,0.2328570725957066,1.0,0.21400288661021755,0.0,1.0
1278,319.5,physics_sindy_mpc,0,16.307756423950195,776.3316650390625,84.27238464355469,6.435657978057861,97.83728790283203,400.0,0.9238795325112868,-0.3826834323650895,0.3264735263413822,0.2561121947115342,1.0,0.26642353551724146,0.0,1.0
1279,319.75,physics_sindy_mpc,0,16.372724533081055,792.1675415039062,84.83780670166016,6.610783576965332,124.24514770507812,400.0,0.8968727415326884,-0.44228869021900113,0.29737919636494614,0.2710717869736558,1.0,0.31744511426955596,0.0,1.0
1280,320.0,physics_sindy_mpc,0,16.478443145751953,808.1665649414062,85.33649444580078,6.789151668548584,150.97894287109375,400.0,0.8660254037844387,-0.4999999999999998,0.2711534831455638,0.28503332110462154,1.0,0.36462474142793144,0.0,1.0
1281,320.25,physics_sindy_mpc,0,16.465147018432617,822.2547607421875,85.84699249267578,6.869015216827393,166.83641052246094,400.0,0.8314696123025451,-0.5555702330196023,0.2862004107273713,0.29020829917871865,1.0,0.3977413052679231,0.0,1.0
1282,320.5,physics_sindy_mpc,0,16.453550338745117,832.9210815429688,86.11998748779297,6.944068908691406,182.1251678466797,400.0,0.7933533402912352,-0.6087614290087207,0.3105426459883596,0.2784821084473445,1.0,0.4000000098292376,0.0,0.9747187013269225
1283,320.75,physics_sindy_mpc,0,16.412796020507812,835.24365234375,88.20413970947266,7.019123077392578,197.41392517089844,400.0,0.7518398074789774,-0.6593458151000688,0.5482498460430104,0.3316134364480612,1.0,0.400000009868507,0.0,0.605295990664473
1284,321.0,physics_sindy_mpc,0,17.04695701599121,838.430908203125,88.30465698242188,7.09221887588501,212.49220275878906,400.0,0.7071067811865476,-0.7071067811865475,0.4735863876987138,0.36295072640600373,1.0,0.40000000983311434,0.0,0.4650255019632218
1285,321.25,physics_sindy_mpc,0,17.862003326416016,841.8118286132812,87.8688735961914,7.353846073150635,240.1709442138672,400.0,0.659345815100069,-0.7518398074789773,0.22846280494292912,0.4033891126083352,1.0,0.40000000992526413,0.0,0.3315855530618025
1286,321.5,physics_sindy_mpc,0,18.615068435668945,847.8211669921875,87.92322540283203,7.629044055938721,268.66363525390625,400.0,0.6087614290087209,-0.793353340291235,0.0,0.4572929974689856,0.999999854283903,0.4000000097410116,0.0,0.14804260214859696
1287,321.75,physics_sindy_mpc,0,19.340457916259766,859.09814453125,88.19784545898438,7.904241561889648,297.15631103515625,400.0,0.5555702330196025,-0.831469612302545,0.0,0.49492935388583464,0.9893982759911301,0.4000000096654091,0.0,0.0
1288,322.0,physics_sindy_mpc,0,19.803524017333984,850.6348266601562,88.01559448242188,8.191810607910156,326.929931640625,400.0,0.49999999999999994,-0.8660254037844387,0.0,0.537315860808463,0.9520098377360747,0.40000000987287837,0.0,0.0
1289,322.25,physics_sindy_mpc,0,17.856359481811523,738.6473999023438,86.708251953125,8.037958145141602,314.9173278808594,400.0,0.4422886902190017,-0.8968727415326881,0.0,0.6808621788492478,0.9538159520216436,0.40000000959292054,0.0,0.011809006483655052
1290,322.5,physics_sindy_mpc,0,17.20223045349121,745.3353271484375,86.13362884521484,7.862832546234131,301.0184631347656,400.0,0.3826834323650899,-0.9238795325112867,0.03985205761694982,0.6266149829684865,0.9620115178688353,0.40000000973507577,0.0,0.2081235815606183
1291,322.75,physics_sindy_mpc,0,16.871559143066406,766.59814453125,87.16976928710938,7.687706470489502,287.11956787109375,400.0,0.32143946530316175,-0.9469301294951056,0.26050904746825526,0.579319284102548,0.9820107986781728,0.40000000982538975,0.0,0.19603387126949076
1292,323.0,physics_sindy_mpc,0,17.44554901123047,824.2947387695312,88.30430603027344,7.512580871582031,273.34356689453125,400.0,0.258819045102521,-0.9659258262890682,0.37018064847170384,0.4901242608898131,0.9986396400217692,0.4000000098511664,0.0,0.1721332046692851
1293,323.25,physics_sindy_mpc,0,18.009838104248047,867.8860473632812,89.32123565673828,7.3374552726745605,252.8716278076172,400.0,0.19509032201612816,-0.9807852804032304,0.459618707614329,0.41477599813453175,1.0,0.4000000099506707,0.0,0.1666848103613463
1294,323.5,physics_sindy_mpc,0,18.140335083007812,870.5210571289062,89.61317443847656,7.162329196929932,232.02333068847656,400.0,0.130526192220052,-0.9914448613738104,0.5576565191799017,0.3907930897059366,1.0,0.4000000098606202,0.0,0.23667906223803867
1295,323.75,physics_sindy_mpc,0,18.058063507080078,866.5548706054688,89.42975616455078,6.987203598022461,211.17501831054688,400.0,0.06540312923014312,-0.9978589232386035,0.628558748270901,0.36544685134577365,1.0,0.4000000098550851,0.0,0.3872118553067927
1296,324.0,physics_sindy_mpc,0,17.82465362548828,860.7366943359375,89.01219940185547,6.804483413696289,189.42263793945312,400.0,1.2246467991473532e-16,-1.0,0.667430740242068,0.33981702528951485,1.0,0.40000000984415723,0.0,0.5782712470805031
1297,324.25,physics_sindy_mpc,0,17.81928825378418,854.70947265625,88.14044189453125,6.963047981262207,194.0650177001953,400.0,-0.06540312923014287,-0.9978589232386035,0.5689463952452101,0.33823605548688335,1.0,0.40000000994124507,0.0,0.6874996651214004
1298,324.5,physics_sindy_mpc,0,17.89834976196289,853.710693359375,87.60250091552734,7.138174057006836,199.62457275390625,400.0,-0.13052619222005177,-0.9914448613738104,0.45502135340532207,0.3418917804060026,1.0,0.4000000098410376,0.0,0.7273790591637576
1299,324.75,physics_sindy_mpc,0,17.990365982055664,855.578369140625,87.44493865966797,7.313299655914307,205.18411254882812,399.9999694824219,-0.19509032201612792,-0.9807852804032305,0.37626163922675854,0.3475875517111471,1.0,0.4000000098477193,0.0,0.7091682730456681
1300,325.0,physics_sindy_mpc,0,18.099672317504883,858.1829833984375,87.51420593261719,7.4958624839782715,210.60202026367188,400.0,-0.2588190451025208,-0.9659258262890683,0.32733540660427096,0.3570276435644194,1.0,0.4000000098501783,0.0,0.6530419151142987
1301,325.25,physics_sindy_mpc,0,18.29142951965332,859.0607299804688,87.59688568115234,7.476635456085205,231.87954711914062,400.0,-0.32143946530316153,-0.9469301294951057,0.27683510177956877,0.3784637922339692,1.0,0.40000000984931605,0.0,0.5506542958802801
1302,325.5,physics_sindy_mpc,0,18.580951690673828,860.2781372070312,87.66594696044922,7.45161771774292,254.11773681640625,400.0,-0.38268343236508967,-0.9238795325112868,0.21433058229824453,0.40613115682654766,1.0,0.4000000099436886,0.0,0.4435136977779583
1303,325.75,physics_sindy_mpc,0,18.91393280029297,863.1771240234375,87.7889404296875,7.426599502563477,276.3559265136719,400.0,-0.44228869021900147,-0.8968727415326883,0.1765429437148934,0.4395803220651743,1.0,0.4000000098496657,0.0,0.33396257642314836
1304,326.0,physics_sindy_mpc,0,19.29234504699707,868.7950439453125,87.87645721435547,7.402360439300537,299.5169982910156,400.0,-0.4999999999999997,-0.8660254037844388,0.15191607675046723,0.4599442662128858,0.9994927860998317,0.4000000098648594,0.0,0.25152004327988
1305,326.25,physics_sindy_mpc,0,19.1102294921875,878.0829467773438,88.7717514038086,7.235945224761963,265.4964599609375,400.0,-0.555570233019602,-0.8314696123025455,0.34373680670675116,0.41035948417788765,1.0,0.400000009875938,0.0,0.27832089079570127
1306,326.5,physics_sindy_mpc,0,18.676326751708984,872.6276245117188,89.19605255126953,7.060819625854492,228.6644287109375,400.0,-0.6087614290087207,-0.7933533402912352,0.5934241523907604,0.3591397813254407,1.0,0.4000000098705369,0.0,0.4038055115824546
1307,326.75,physics_sindy_mpc,0,18.177661895751953,859.753662109375,88.8992691040039,6.885693550109863,191.83241271972656,400.0,-0.6593458151000688,-0.7518398074789774,0.7917439822513848,0.30605206344273445,1.0,0.40000000982293693,0.0,0.6792676650501009
1308,327.0,physics_sindy_mpc,0,17.623743057250977,843.9856567382812,88.09950256347656,6.707733631134033,154.79208374023438,400.0,-0.7071067811865471,-0.7071067811865479,0.9120382847230273,0.2633741034282837,1.0,0.3963591795643118,0.0,1.0
1309,327.25,physics_sindy_mpc,0,17.450773239135742,828.6134643554688,83.31501770019531,6.629475116729736,126.65747833251953,400.0,-0.7518398074789773,-0.6593458151000691,0.5690295750635034,0.14654124182388203,1.0,0.2143979909012366,0.0,1.0
1310,327.5,physics_sindy_mpc,0,17.492429733276367,784.1277465820312,81.85603332519531,6.554421424865723,98.85973358154297,400.0,-0.7933533402912349,-0.6087614290087209,0.4259058494018418,0.1704087664469774,1.0,0.1501885520780788,0.0,1.0
1311,327.75,physics_sindy_mpc,0,17.380924224853516,765.7848510742188,81.80062866210938,6.479367256164551,71.0619888305664,400.0,-0.8314696123025452,-0.5555702330196022,0.46231586614953696,0.17290152726593278,1.0,0.11846135947569657,0.0,1.0
1312,328.0,physics_sindy_mpc,0,17.156375885009766,757.0589599609375,81.9664535522461,6.404313564300537,42.737571716308594,400.0,-0.8660254037844385,-0.5000000000000004,0.5671946578981629,0.1555385896282043,1.0,0.08733649372361665,0.0,1.0
1313,328.25,physics_sindy_mpc,0,17.102209091186523,749.6484375,81.82332611083984,6.329259395599365,32.496604919433594,400.0,-0.8968727415326883,-0.44228869021900136,0.6245397012662065,0.14544108538595904,1.0,0.06554504326861327,0.0,1.0
1314,328.5,physics_sindy_mpc,0,17.14177131652832,745.1588134765625,81.61874389648438,6.254205703735352,22.767393112182617,400.0000305175781,-0.9238795325112868,-0.3826834323650895,0.6474305972367859,0.13351662812887055,1.0,0.04806728999898793,0.0,1.0
1315,328.75,physics_sindy_mpc,0,17.229820251464844,742.54150390625,81.45146179199219,6.17915153503418,13.038182258605957,400.0,-0.9469301294951056,-0.3214394653031618,0.6547757228652168,0.12104531134624562,1.0,0.03457647765395673,0.0,1.0
1316,329.0,physics_sindy_mpc,0,17.334087371826172,741.6609497070312,81.14241027832031,6.104506969451904,2.9871530532836914,400.0,-0.9659258262890683,-0.25881904510252063,0.6368956029483288,0.1050951405557207,1.0,0.021297340438211642,0.0,1.0
1317,329.25,physics_sindy_mpc,0,17.511966705322266,744.2744750976562,81.0246353149414,6.005391597747803,2.120776414871216,400.0,-0.9807852804032303,-0.19509032201612866,0.6113043224342398,0.0943748548452067,1.0,0.021279775888815574,0.0,1.0
1318,329.5,physics_sindy_mpc,0,17.574443817138672,743.8057250976562,81.21337127685547,5.905319690704346,1.425832748413086,400.0,-0.9914448613738104,-0.13052619222005163,0.6241097711524648,0.09438826145509853,1.0,0.0240271790498062,0.0,1.0
1319,329.75,physics_sindy_mpc,0,17.570205688476562,741.7264404296875,81.32662200927734,5.805248260498047,0.7308890223503113,400.0,-0.9978589232386035,-0.06540312923014273,0.649218330847879,0.09397323814873765,1.0,0.02259565144843109,0.0,1.0
1320,330.0,physics_sindy_mpc,0,17.600605010986328,741.171630859375,81.22476959228516,5.70517635345459,0.010296722874045372,400.0,-1.0,-1.8369701987210297e-16,0.6531451742580442,0.0866108978974931,1.0,0.01822720888273039,0.0,1.0
1321,330.25,physics_sindy_mpc,0,17.696378707885742,742.789306640625,81.09102630615234,5.605104446411133,0.0,400.0,-0.9978589232386036,0.06540312923014237,0.6381471458516814,0.07659198931084729,1.0,0.01660941411575068,0.0,1.0
1322,330.5,physics_sindy_mpc,0,17.77762222290039,743.649658203125,81.11399841308594,5.505032539367676,0.0,400.0,-0.9914448613738105,0.13052619222005127,0.6326052030718246,0.07168457837406132,1.0,0.017928977427354834,0.0,1.0
1323,330.75,physics_sindy_mpc,0,17.816295623779297,742.9891357421875,81.21688842773438,5.404960632324219,0.0,400.0,-0.9807852804032304,0.1950903220161283,0.6413800763457812,0.0707484078133342,1.0,0.019284210715996862,0.0,1.0
1324,331.0,physics_sindy_mpc,0,17.84807586669922,742.2864379882812,81.26957702636719,5.303701877593994,0.0,400.0,-0.9659258262890684,0.2588190451025203,0.648589360248766,0.06902532098847305,1.0,0.019585001241791588,0.0,1.0
1325,331.25,physics_sindy_mpc,0,17.867176055908203,740.7130737304688,81.27429962158203,5.252408504486084,0.0,400.0,-0.9469301294951057,0.3214394653031615,0.6499022072900537,0.06903876743872676,1.0,0.019533010351496807,0.0,1.0
1326,331.5,physics_sindy_mpc,0,17.882545471191406,739.2463989257812,81.23968505859375,5.2023725509643555,0.0,400.0,-0.923879532511287,0.38268343236508917,0.6457406179977054,0.06842365403491771,1.0,0.018893916438296087,0.0,1.0
1327,331.75,physics_sindy_mpc,0,17.895620346069336,738.1428833007812,81.20853424072266,5.152336597442627,0.0,400.0,-0.8968727415326884,0.442288690219001,0.6403662992353347,0.06724925241642887,1.0,0.018422847554046575,0.0,1.0
1328,332.0,physics_sindy_mpc,0,17.899024963378906,737.0968017578125,81.20774841308594,5.102870464324951,0.0,400.0,-0.8660254037844386,0.5000000000000001,0.6394526882040911,0.06608246371539486,1.0,0.01810150387631734,0.0,1.0
1329,332.25,physics_sindy_mpc,0,17.902694702148438,736.6281127929688,81.21573638916016,5.004528999328613,0.0,400.0,-0.8314696123025455,0.5555702330196018,0.6423441641347193,0.0629210995326357,1.0,0.01709453738789443,0.0,1.0
1330,332.5,physics_sindy_mpc,0,17.916494369506836,736.5899047851562,81.21990203857422,4.904457092285156,0.0,400.0,-0.7933533402912357,0.6087614290087199,0.6441392068018009,0.058980252138478656,1.0,0.016335378231563186,0.0,1.0
1331,332.75,physics_sindy_mpc,0,17.934600830078125,736.5464477539062,81.23148345947266,4.804385185241699,0.0,400.0,-0.7518398074789772,0.6593458151000691,0.6445053862000457,0.05566012728563749,1.0,0.016004359453639164,0.0,1.0
1332,333.0,physics_sindy_mpc,0,17.95175552368164,736.3828735351562,81.25160217285156,4.702352046966553,0.0,400.0,-0.7071067811865477,0.7071067811865474,0.6427817832512889,0.05367227111730106,1.0,0.01622218453562856,0.0,1.0
1333,333.25,physics_sindy_mpc,0,17.95441246032715,735.436279296875,81.27972412109375,4.676060199737549,0.0,400.0,-0.6593458151000687,0.7518398074789775,0.639184679170607,0.055075203188392326,1.0,0.017600930248716663,0.0,1.0
1334,333.5,physics_sindy_mpc,0,17.935718536376953,733.9391479492188,81.30604553222656,4.651042461395264,0.0,400.0,-0.608761429008721,0.7933533402912349,0.637111822772866,0.05757798166415858,1.0,0.01838526547808438,0.0,1.0
1335,333.75,physics_sindy_mpc,0,17.910886764526367,732.7068481445312,81.30809020996094,4.62602424621582,0.0,400.0,-0.555570233019603,0.8314696123025447,0.6326898291008393,0.05912004108397497,1.0,0.018581146361732408,0.0,1.0
1336,334.0,physics_sindy_mpc,0,17.885190963745117,731.8994140625,81.30584716796875,4.600228309631348,0.0,400.0,-0.5000000000000004,0.8660254037844384,0.623927234135856,0.060556034838043456,1.0,0.019197459969066917,0.0,1.0
1337,334.25,physics_sindy_mpc,0,17.888071060180664,732.0364990234375,81.31973266601562,4.672034740447998,0.0,400.0000305175781,-0.4422886902190014,0.8968727415326883,0.6059693258424327,0.06349255318532449,1.0,0.02323494204195434,0.0,1.0
1338,334.5,physics_sindy_mpc,0,17.863317489624023,731.3135375976562,81.45339965820312,4.747088432312012,0.0,400.0,-0.38268343236508956,0.9238795325112868,0.5991258125516451,0.07066818159600344,1.0,0.029079360469469965,0.0,1.0
1339,334.75,physics_sindy_mpc,0,17.812103271484375,730.3629150390625,81.61587524414062,4.822142124176025,0.0,399.9999694824219,-0.32143946530316186,0.9469301294951056,0.6016859983424269,0.07824040157741764,1.0,0.03465761798671894,0.0,1.0
1340,335.0,physics_sindy_mpc,0,17.763626098632812,730.007568359375,81.72490692138672,4.898301124572754,0.0,400.0,-0.25881904510252157,0.9659258262890681,0.602768494395229,0.0831274517604943,1.0,0.03909041848015611,0.0,1.0
1341,335.25,physics_sindy_mpc,0,17.64824676513672,727.4088745117188,81.82296752929688,4.924083232879639,0.0,400.0,-0.19509032201612872,0.9807852804032303,0.6142019445035476,0.08964201565150194,1.0,0.03997189906858252,0.0,1.0
1342,335.5,physics_sindy_mpc,0,17.539871215820312,725.153564453125,81.74839782714844,4.949101448059082,0.0,400.0,-0.13052619222005168,0.9914448613738104,0.6122861768752599,0.09200367255760462,1.0,0.03732920646266059,0.0,1.0
1343,335.75,physics_sindy_mpc,0,17.463134765625,723.5645751953125,81.60350799560547,4.974119186401367,0.0,400.0,-0.0654031292301428,0.9978589232386035,0.5975380173435215,0.09252193571036853,1.0,0.03439480303368457,0.0,1.0
