step,time_h,controller,solver_failures,t_in,co2,rh,T_out,rad,co2_out,sin_h,cos_h,uBoil,uCO2,uThScr,uVent,uLamp,uBlScr
0,0.0,raw_sindy_mpc,0,16.5,417.73931884765625,90.0,4.199999809265137,0.0,400.0,0.0,1.0,1.0,0.8497418039880031,0.5976260041419382,0.0,0.0,0.6246739282683054
1,0.25,raw_sindy_mpc,0,12.818973541259766,741.4481201171875,93.92646026611328,4.199999809265137,0.0,400.0,0.06540312923014306,0.9978589232386035,1.0,0.22260514157450284,1.0,0.2243076131049367,0.0,0.0
2,0.5,raw_sindy_mpc,0,12.770437240600586,751.0525512695312,88.3604507446289,4.199999809265137,0.0,400.0,0.13052619222005157,0.9914448613738104,1.0,0.08033110321921219,1.0,0.1959357461825695,0.0,0.4250542667467179
3,0.75,raw_sindy_mpc,0,12.931598663330078,706.8924560546875,85.30982971191406,4.199999809265137,0.0,400.0,0.19509032201612825,0.9807852804032304,1.0,0.1204990331510349,1.0,0.16328156659744725,0.0,0.6692371011394451
4,1.0,raw_sindy_mpc,0,13.291892051696777,690.0868530273438,83.45745849609375,4.199999809265137,0.0,400.0,0.25881904510252074,0.9659258262890683,1.0,0.12853985939541188,1.0,0.13658809678427963,0.0,0.8227173798459136
5,1.25,raw_sindy_mpc,0,13.737418174743652,681.7357177734375,82.24473571777344,4.200001239776611,0.0,400.0,0.3214394653031616,0.9469301294951057,1.0,0.13189385608900145,1.0,0.11198601033155996,0.0,0.9224963222743797
6,1.5,raw_sindy_mpc,0,14.21306037902832,678.1248168945312,81.35596466064453,4.225090026855469,0.0,400.0,0.3826834323650898,0.9238795325112867,1.0,0.12955262302199866,1.0,0.08897532980055792,0.0,0.9915063828598148
7,1.75,raw_sindy_mpc,0,14.696455001831055,676.70361328125,80.66764068603516,4.250107765197754,0.0,400.0,0.44228869021900125,0.8968727415326884,1.0,0.11964480949395093,1.0,0.05403843633521826,0.0,1.0
8,2.0,raw_sindy_mpc,0,15.283860206604004,678.4644775390625,79.9822769165039,4.275125980377197,0.0,400.0,0.49999999999999994,0.8660254037844387,1.0,0.09991410545726831,1.0,0.011358232915805741,0.0,1.0
9,2.25,raw_sindy_mpc,0,16.100723266601562,693.551025390625,79.3852310180664,4.299985408782959,0.0,400.0,0.5555702330196022,0.8314696123025452,0.8799163951323302,0.08906889868946041,1.0,0.0,0.0,1.0
10,2.5,raw_sindy_mpc,0,16.678396224975586,721.8258056640625,79.83906555175781,4.224514961242676,0.0,400.0,0.6087614290087207,0.7933533402912352,0.8254540288569531,0.051340485573716226,1.0,0.0,0.0,1.0
11,2.75,raw_sindy_mpc,0,16.954782485961914,738.8255615234375,80.72057342529297,4.149460792541504,0.0,400.0,0.6593458151000688,0.7518398074789774,0.869003330586219,0.02859061128127198,1.0,0.0,0.0,0.9782520111255975
12,3.0,raw_sindy_mpc,0,17.14510154724121,746.9378051757812,81.20658111572266,4.07440710067749,0.0,400.0,0.7071067811865476,0.7071067811865476,0.8979492880300238,0.02317857115251178,1.0,0.0,0.0,0.9556000858456937
13,3.25,raw_sindy_mpc,0,17.327312469482422,753.3841552734375,81.30611419677734,3.999115228652954,0.0,400.0,0.7518398074789774,0.6593458151000688,0.8938795413638808,0.019991534320229522,1.0,0.0,0.0,0.9514899560049545
14,3.5,raw_sindy_mpc,0,17.4648380279541,758.6649169921875,81.31346893310547,3.8485982418060303,0.0,400.0,0.7933533402912352,0.6087614290087207,0.8842939204115441,0.01805910827639336,1.0,0.0,0.0,0.9578895991313616
15,3.75,raw_sindy_mpc,0,17.5609073638916,763.260986328125,81.3072738647461,3.6984903812408447,0.0,400.0,0.8314696123025451,0.5555702330196024,0.8790517873997002,0.016803376284289285,1.0,0.0,0.0,0.9632371204717509
16,4.0,raw_sindy_mpc,0,17.6269474029541,767.4843139648438,81.2906494140625,3.548382520675659,0.0,400.0,0.8660254037844386,0.5000000000000001,0.8778374882536697,0.015730779671079543,1.0,0.0,0.0,0.9684015390099905
17,4.25,raw_sindy_mpc,0,17.673919677734375,771.4468383789062,81.25576782226562,3.400038957595825,0.0,400.0,0.8968727415326884,0.44228869021900125,0.8756709682674779,0.015253854884730293,1.0,0.0,0.0,0.97173125115896
18,4.5,raw_sindy_mpc,0,17.729888916015625,775.2216186523438,81.1971435546875,3.450611114501953,0.0,400.0,0.9238795325112867,0.38268343236508984,0.863653286323228,0.016781233088633263,1.0,0.0,0.0,0.9469593277351082
19,4.75,raw_sindy_mpc,0,17.785621643066406,779.5079345703125,81.15459442138672,3.5006470680236816,0.0,400.0,0.9469301294951056,0.3214394653031617,0.8505288803403195,0.01771337152485968,1.0,0.0,0.0,0.9196961900770734
20,5.0,raw_sindy_mpc,0,17.82863998413086,784.0086669921875,81.16566467285156,3.55068302154541,0.0,400.0,0.9659258262890683,0.25881904510252074,0.8434798180094015,0.018233511979320896,1.0,0.0,0.0,0.8894325011972858
21,5.25,raw_sindy_mpc,0,17.861957550048828,788.5651245117188,81.1988525390625,3.600998878479004,0.000842801877297461,400.0,0.9807852804032304,0.19509032201612833,0.8402075865754923,0.018565977485852213,1.0,0.0,0.0,0.8582442025594627
22,5.5,raw_sindy_mpc,0,17.893877029418945,793.3888549804688,81.63321685791016,3.701509714126587,0.7049285173416138,400.0,0.9914448613738104,0.1305261922200517,0.8696553827426591,0.021360873268743124,1.0,0.0,0.0,0.798609848335163
23,5.75,raw_sindy_mpc,0,17.95647621154785,799.5967407226562,82.26024627685547,3.801581621170044,1.3998721837997437,400.0,0.9978589232386035,0.06540312923014327,0.9184100868202244,0.022547804554864232,1.0,0.0,0.0,0.7350026173581745
24,6.0,raw_sindy_mpc,0,18.0791015625,806.573486328125,82.86731719970703,3.901653528213501,2.094815969467163,400.0,1.0,6.123233995736766e-17,0.9577285541054094,0.023216501653635074,1.0,0.0,0.0,0.6758889245340658
25,6.25,raw_sindy_mpc,0,18.263782501220703,814.1098022460938,83.38509368896484,4.0011210441589355,2.8262176513671875,400.0,0.9978589232386035,-0.06540312923014314,0.96470831937776,0.02645839218026035,1.0,0.0017364047037822044,0.0,0.6190337053384372
26,6.5,raw_sindy_mpc,0,18.321367263793945,817.2891235351562,85.9949722290039,4.050898551940918,19.037063598632812,400.0,0.9914448613738104,-0.1305261922200516,1.0,0.07393878140594112,1.0,0.019541590844587595,0.0,0.3755020563714971
27,6.75,raw_sindy_mpc,0,18.459365844726562,807.486328125,86.09740447998047,4.1009345054626465,35.02076721191406,400.0,0.9807852804032304,-0.1950903220161282,1.0,0.11998665715650342,1.0,0.030888731804043546,0.0,0.3607863517787512
28,7.0,raw_sindy_mpc,0,18.56568717956543,797.6741943359375,85.92171478271484,4.150970458984375,51.00447463989258,400.0,0.9659258262890683,-0.25881904510252063,0.999930535040573,0.16266235055341352,1.0,0.046219051329149316,0.0,0.3866277680250153
29,7.25,raw_sindy_mpc,0,18.613506317138672,790.73095703125,85.68489074707031,4.202070236206055,67.16813659667969,400.0,0.9469301294951057,-0.3214394653031616,0.8881751638456744,0.21160720855977824,1.0,0.07005232866623679,0.0,0.3648535870347678
30,7.5,raw_sindy_mpc,0,18.916484832763672,786.2513427734375,85.49736022949219,4.455212116241455,107.78416442871094,400.0,0.9238795325112868,-0.3826834323650895,0.6434019100100745,0.28163793380155194,1.0,0.10435893130743013,0.0,0.2535437113691871
31,7.75,raw_sindy_mpc,0,19.19580078125,789.0289306640625,85.83096313476562,4.705391883850098,148.0908966064453,400.0,0.8968727415326884,-0.44228869021900113,0.3928382601592044,0.34754339653862854,1.0,0.14785369825555242,0.0,0.10672228421828613
32,8.0,raw_sindy_mpc,0,19.397159576416016,795.4878540039062,86.4640884399414,4.95557165145874,188.3976287841797,400.0,0.8660254037844387,-0.4999999999999998,0.1924502708278239,0.40807222952790306,1.0,0.20792353963345817,0.0,0.0
33,8.25,raw_sindy_mpc,0,19.501859664916992,804.998291015625,87.20221710205078,5.204198360443115,228.46957397460938,400.0,0.8314696123025451,-0.5555702330196023,0.06520556323647217,0.4580406360075563,1.0,0.2903874908359002,0.0,0.0
34,8.5,raw_sindy_mpc,0,19.31681251525879,821.2708129882812,88.26322937011719,5.353558540344238,253.37088012695312,400.0,0.7933533402912352,-0.6087614290087207,0.07048146373575162,0.4773241213084621,1.0,0.36294261686087076,0.0,0.0
35,8.75,raw_sindy_mpc,0,19.180988311767578,834.6549072265625,88.94147491455078,5.503666400909424,278.38885498046875,400.0,0.7518398074789774,-0.6593458151000688,0.09981188235601772,0.475660895328143,1.0,0.40000000981864164,0.0,0.0
36,9.0,raw_sindy_mpc,0,19.210601806640625,840.4688720703125,89.32194519042969,5.653774261474609,303.4068298339844,400.0,0.7071067811865476,-0.7071067811865475,0.1261494787086808,0.47354925878040854,0.9733456045933077,0.4000000099307459,0.0,0.0
37,9.25,raw_sindy_mpc,0,18.22577476501465,773.5068969726562,88.89480590820312,5.803028583526611,327.77508544921875,400.0,0.659345815100069,-0.7518398074789773,0.2391525331928731,0.6056695334396218,0.9397180515190384,0.4000000099803616,0.0,0.0
38,9.5,raw_sindy_mpc,0,16.249223709106445,692.1951904296875,86.92884826660156,5.902659893035889,327.0648498535156,400.0,0.6087614290087209,-0.793353340291235,0.3828721698079666,0.7381522094907312,0.9434892704545637,0.4000000099757491,0.0,0.0
39,9.75,raw_sindy_mpc,0,16.091093063354492,711.9188842773438,85.85529327392578,6.002731800079346,326.3699035644531,400.0,0.5555702330196025,-0.831469612302545,0.3201131119021459,0.6950447875534044,0.951365865698331,0.40000000991090146,0.0,0.0
40,10.0,raw_sindy_mpc,0,16.433303833007812,727.364990234375,86.14037322998047,6.102803707122803,325.67498779296875,400.0,0.49999999999999994,-0.8660254037844387,0.2951384251295547,0.6701820375669779,0.9514637341524422,0.40000000997181184,0.0,0.0
41,10.25,raw_sindy_mpc,0,16.554838180541992,726.0811157226562,86.54270935058594,6.199169158935547,324.8922119140625,400.0,0.4422886902190017,-0.8968727415326881,0.3369903592783159,0.6750971463187936,0.9563388789340709,0.4000000099275702,0.0,0.0
42,10.5,raw_sindy_mpc,0,16.56847381591797,740.5859375,87.09834289550781,6.01984167098999,308.5570068359375,400.0,0.3826834323650899,-0.9238795325112867,0.42720402683064224,0.6402422471444108,0.9848745502465424,0.4000000099053651,0.0,0.0
43,10.75,raw_sindy_mpc,0,17.72455596923828,820.4205932617188,88.21630096435547,5.8447160720825195,292.57330322265625,400.0,0.32143946530316175,-0.9469301294951056,0.4037507483611557,0.4915920681518615,1.0,0.4000000097216442,0.0,0.0
44,11.0,raw_sindy_mpc,0,18.396833419799805,848.2977905273438,89.3478012084961,5.669589996337891,276.5895690917969,400.0,0.258819045102521,-0.9659258262890682,0.45133543997364106,0.43655479402696157,1.0,0.39155406885554,0.0,0.0
45,11.25,raw_sindy_mpc,0,18.519058227539062,846.2794189453125,89.85301971435547,5.495506286621094,260.97259521484375,400.0000305175781,0.19509032201612816,-0.9807852804032304,0.5458202804586338,0.4242645257554979,1.0,0.3652637572240469,0.0,0.0
46,11.5,raw_sindy_mpc,0,18.68021583557129,841.193603515625,89.52629089355469,5.370955944061279,258.24346923828125,400.0,0.130526192220052,-0.9914448613738104,0.5430022050932579,0.41920698384197375,1.0,0.3352988054549575,0.0,0.0
47,11.75,raw_sindy_mpc,0,18.84219741821289,837.0106811523438,89.17328643798828,5.245866298675537,255.4636993408203,400.0,0.06540312923014312,-0.9978589232386035,0.5144139640250066,0.4148820423230623,1.0,0.30881678688462977,0.0,0.0
48,12.0,raw_sindy_mpc,0,18.974374771118164,833.946533203125,88.94158935546875,5.120776653289795,252.6839141845703,400.0,1.2246467991473532e-16,-1.0,0.4898899337607184,0.4101884314440089,1.0,0.28678449005578627,0.0,0.0
49,12.25,raw_sindy_mpc,0,19.069107055664062,831.723388671875,88.81745910644531,5.0016937255859375,249.8690185546875,400.0,-0.06540312923014287,-0.9978589232386035,0.473643388455502,0.4053559087675305,1.0,0.268856775685393,0.0,0.0
50,12.5,raw_sindy_mpc,0,19.180767059326172,830.4618530273438,88.8236083984375,5.2588067054748535,244.9676513671875,400.0,-0.13052619222005177,-0.9914448613738104,0.46282343429628897,0.40631937210905505,1.0,0.26804452557624037,0.0,0.0
51,12.75,raw_sindy_mpc,0,19.251829147338867,830.4890747070312,88.90000915527344,5.508986473083496,240.10304260253906,400.0,-0.19509032201612792,-0.9807852804032305,0.45996581780661094,0.40542414820419254,1.0,0.2702429439968491,0.0,0.0
52,13.0,raw_sindy_mpc,0,19.29926300048828,830.6780395507812,88.9748306274414,5.759166240692139,235.23843383789062,400.0,-0.2588190451025208,-0.9659258262890683,0.4684969248366821,0.4004948649524746,1.0,0.26985967476671124,0.0,0.0
53,13.25,raw_sindy_mpc,0,19.342491149902344,829.8847045898438,89.02519989013672,5.998416900634766,230.19432067871094,400.0,-0.32143946530316153,-0.9469301294951057,0.49488096823729577,0.39305393803625277,1.0,0.26511278869893146,0.0,0.0
54,13.5,raw_sindy_mpc,0,19.160921096801758,829.0914916992188,89.19090270996094,5.792379379272461,212.53294372558594,400.0,-0.38268343236508967,-0.9238795325112868,0.6021509680871093,0.36199138700378347,1.0,0.23188894660577805,0.0,0.0
55,13.75,raw_sindy_mpc,0,19.02634620666504,823.1273193359375,88.99697875976562,5.592235565185547,195.15936279296875,400.0,-0.44228869021900147,-0.8968727415326883,0.6949717210876143,0.3317394304816376,1.0,0.18452858438232908,0.0,1.4004999778313477e-09
56,14.0,raw_sindy_mpc,0,19.01519203186035,816.2196044921875,88.63964080810547,5.392092227935791,177.7857666015625,400.0,-0.4999999999999997,-0.8660254037844388,0.7529142421309298,0.30616430255018257,1.0,0.14001989494032796,0.0,0.02528185174012983
57,14.25,raw_sindy_mpc,0,19.089998245239258,812.2160034179688,88.32139587402344,5.195919513702393,160.6844940185547,400.0,-0.555570233019602,-0.8314696123025455,0.7808522960085776,0.28135824105070917,1.0,0.10185900051147598,0.0,0.05594078089209936
58,14.5,raw_sindy_mpc,0,19.294231414794922,809.7293701171875,88.10064697265625,5.121926784515381,152.43629455566406,400.0,-0.6087614290087207,-0.7933533402912352,0.767202802735694,0.2650392785344196,1.0,0.07150266003051502,0.0,0.05985955984924729
59,14.75,raw_sindy_mpc,0,19.56075668334961,811.8418579101562,88.11749267578125,5.046872615814209,144.0969696044922,400.0,-0.6593458151000688,-0.7518398074789774,0.7528693230704546,0.24540917901352796,1.0,0.047962795893882325,0.0,0.06519981987155316
60,15.0,raw_sindy_mpc,0,19.83678436279297,818.2061767578125,88.13880920410156,4.971818923950195,135.7576446533203,400.0,-0.7071067811865471,-0.7071067811865479,0.7405597990307434,0.2179879751049229,1.0,0.03050904991652104,0.0,0.08943855880820231
61,15.25,raw_sindy_mpc,0,20.06073760986328,827.1455078125,88.25154113769531,4.894740104675293,127.17105102539062,400.0,-0.7518398074789773,-0.6593458151000691,0.7587937414160678,0.18330664788872253,1.0,0.019070105341716298,0.0,0.13517839204975393
62,15.5,raw_sindy_mpc,0,20.14809226989746,838.8377685546875,88.44707489013672,4.717325687408447,106.03083038330078,400.0,-0.7933533402912349,-0.6087614290087209,0.8401005343337042,0.1339281259827708,1.0,0.011558097691067276,0.0,0.23716826498033075
63,15.75,raw_sindy_mpc,0,20.160289764404297,846.9178466796875,88.41000366210938,4.542200088500977,85.18252563476562,400.0,-0.8314696123025452,-0.5555702330196022,0.9287002273636266,0.08813237830364767,1.0,0.007564134769301109,0.0,0.36855337004360494
64,16.0,raw_sindy_mpc,0,20.130338668823242,849.6312255859375,88.09208679199219,4.367074012756348,64.33421325683594,400.0,-0.8660254037844385,-0.5000000000000004,0.9999999705262355,0.05185349382715745,1.0,0.004748940511504172,0.0,0.5168734314340976
65,16.25,raw_sindy_mpc,0,20.095731735229492,848.6004638671875,87.50191497802734,4.190608978271484,43.846473693847656,400.0,-0.8968727415326883,-0.44228869021900136,1.0,0.027428064281025906,1.0,0.0026737283182677726,0.0,0.6502193456989243
66,16.5,raw_sindy_mpc,0,20.029605865478516,844.970703125,86.93401336669922,3.9644858837127686,33.541019439697266,400.0,-0.9238795325112868,-0.3826834323650895,1.0,0.011729689177290973,1.0,0.0009432800048055516,0.0,0.7685240457247425
67,16.75,raw_sindy_mpc,0,19.93169403076172,841.2540283203125,86.1160659790039,3.7393243312835693,23.116863250732422,400.0,-0.9469301294951056,-0.3214394653031618,1.0,0.0,1.0,7.016192034437873e-08,0.0,0.9124017057516562
68,17.0,raw_sindy_mpc,0,19.885099411010742,837.214599609375,83.6278305053711,3.514162540435791,12.692707061767578,400.0,-0.9659258262890683,-0.25881904510252063,0.7872323320151446,0.0,1.0,0.0,0.0,1.0
69,17.25,raw_sindy_mpc,0,19.67683219909668,833.6136474609375,80.82014465332031,3.2937421798706055,2.722198486328125,400.0,-0.9807852804032303,-0.19509032201612866,0.5930449599214365,0.0,1.0,0.0,0.0,1.0
70,17.5,raw_sindy_mpc,0,19.142276763916016,829.6922607421875,80.84529113769531,3.1950395107269287,2.0488855838775635,400.0,-0.9914448613738104,-0.13052619222005163,0.5681801584219732,0.0,1.0,0.0,0.0,1.0
71,17.75,raw_sindy_mpc,0,18.528242111206055,826.2779541015625,81.3940658569336,3.0949676036834717,1.3539420366287231,400.0,-0.9978589232386035,-0.06540312923014273,0.6282694160422302,0.0,1.0,0.0,0.0,1.0
72,18.0,raw_sindy_mpc,0,17.995637893676758,823.8132934570312,81.58121490478516,2.9948956966400146,0.6589983105659485,400.0,-1.0,-1.8369701987210297e-16,0.6885600137949488,0.0,1.0,0.0,0.0,1.0
73,18.25,raw_sindy_mpc,0,17.579029083251953,822.3638305664062,81.401123046875,2.8957221508026123,0.0,400.0,-0.9978589232386036,0.06540312923014237,0.7236145222498135,0.0,1.0,0.0,0.0,1.0
74,18.5,raw_sindy_mpc,0,17.341535568237305,821.53125,81.08111572265625,2.821063995361328,0.0,400.0,-0.9914448613738105,0.13052619222005127,0.7291512638476997,0.0,1.0,0.0,0.07690226013879148,1.0
75,18.75,raw_sindy_mpc,0,16.938386917114258,816.9262084960938,86.40443420410156,2.7460100650787354,0.0,400.0,-0.9807852804032304,0.1950903220161283,1.0,0.0,1.0,0.07394107031154352,0.0,1.0
76,19.0,raw_sindy_mpc,0,16.751970291137695,753.9402465820312,80.94774627685547,2.6709561347961426,0.0,400.0,-0.9659258262890684,0.2588190451025203,0.8242279505185188,0.0,1.0,0.0,0.0,1.0
77,19.25,raw_sindy_mpc,0,17.184629440307617,741.8540649414062,79.04645538330078,2.598156690597534,0.0,400.0,-0.9469301294951057,0.3214394653031615,0.625287761662754,0.0,1.0,0.0,0.0,1.0
78,19.5,raw_sindy_mpc,0,17.09218978881836,742.3217163085938,79.7113265991211,2.5736160278320312,0.0,400.0,-0.923879532511287,0.38268343236508917,0.598250448660862,0.0,1.0,0.0,0.0,1.0
79,19.75,raw_sindy_mpc,0,16.777864456176758,742.428955078125,80.63288116455078,2.548598051071167,0.0,400.0,-0.8968727415326884,0.442288690219001,0.6562444123333444,0.0,1.0,0.0,0.0,1.0
80,20.0,raw_sindy_mpc,0,16.45147705078125,742.451904296875,80.9748306274414,2.5235800743103027,0.0,400.0,-0.8660254037844386,0.5000000000000001,0.7378604222084723,0.0,1.0,0.0,0.0,1.0
81,20.25,raw_sindy_mpc,0,16.19434928894043,742.59423828125,80.75274658203125,2.493208169937134,0.0,400.0,-0.8314696123025455,0.5555702330196018,0.7495676797250544,0.0,1.0,0.0,0.0,1.0
82,20.5,raw_sindy_mpc,0,16.01230812072754,742.885986328125,80.36503601074219,2.208986282348633,0.0,400.0,-0.7933533402912357,0.6087614290087199,0.7304122248529452,0.0,1.0,0.0,0.08942764989059579,1.0
83,20.75,raw_sindy_mpc,0,15.592156410217285,738.805419921875,86.01637268066406,1.9337886571884155,0.0,400.0,-0.7518398074789772,0.6593458151000691,1.0,0.0,1.0,0.04151975953946479,0.0,1.0
84,21.0,raw_sindy_mpc,0,15.610265731811523,702.4506225585938,80.28962707519531,1.6585909128189087,0.0,400.0,-0.7071067811865477,0.7071067811865474,0.7860914158717252,0.005290367640596317,1.0,0.0,0.040750251358732004,1.0
85,21.25,raw_sindy_mpc,0,15.463777542114258,694.873046875,84.12440490722656,1.3814704418182373,0.0,400.0,-0.6593458151000687,0.7518398074789775,1.0,0.0,1.0,0.0,0.0,1.0
86,21.5,raw_sindy_mpc,0,15.860074996948242,697.3583374023438,79.19908142089844,1.0551401376724243,0.0,400.0,-0.608761429008721,0.7933533402912349,0.7484846643811625,0.06628793447134933,1.0,0.0,0.28693358975250094,1.0
87,21.75,raw_sindy_mpc,0,15.725003242492676,713.6237182617188,85.39568328857422,0.7299065589904785,0.0,400.0,-0.555570233019603,0.8314696123025447,1.0,0.0,1.0,0.0,0.0,1.0
88,22.0,raw_sindy_mpc,0,15.980517387390137,716.0648193359375,79.52633666992188,0.40467289090156555,0.0,400.0,-0.5000000000000004,0.8660254037844384,0.7832127228111095,0.041934774772020726,1.0,0.0,0.5194010314521681,1.0
89,22.25,raw_sindy_mpc,0,16.043495178222656,714.3177490234375,85.2187271118164,0.10489039123058319,0.0,400.0,-0.4422886902190014,0.8968727415326883,1.0,0.0,1.0,0.0,0.0,1.0
90,22.5,raw_sindy_mpc,0,16.186994552612305,717.4949340820312,79.56089782714844,0.3393961191177368,0.0,400.0,-0.38268343236508956,0.9238795325112868,0.7513783178522653,0.006881734208661364,1.0,0.0,0.4548411254060694,1.0
91,22.75,raw_sindy_mpc,0,16.178115844726562,704.557373046875,85.31202697753906,0.5645578503608704,0.0,400.0,-0.32143946530316186,0.9469301294951056,1.0,0.0,1.0,0.0,0.0,1.0
92,23.0,raw_sindy_mpc,0,16.359329223632812,708.4445190429688,79.67671966552734,0.7897196412086487,0.0,400.0,-0.25881904510252157,0.9659258262890681,0.7146865784369757,0.0,1.0,0.0,0.24700812842542327,1.0
93,23.25,raw_sindy_mpc,0,16.094423294067383,700.7384643554688,85.47959899902344,0.9976357221603394,0.0,399.9999694824219,-0.19509032201612872,0.9807852804032303,1.0,0.0,1.0,0.0,0.0,1.0
94,23.5,raw_sindy_mpc,0,16.323951721191406,704.3992919921875,79.6856918334961,0.8933141827583313,0.0,400.0,-0.13052619222005168,0.9914448613738104,0.7054892799595128,0.0,1.0,0.0,0.16339011208458692,1.0
95,23.75,raw_sindy_mpc,0,15.916961669921875,699.2005004882812,85.37602996826172,0.7932422757148743,0.0,400.0,-0.0654031292301428,0.9978589232386035,1.0,0.0,1.0,0.0,0.0,1.0
96,24.0,raw_sindy_mpc,0,16.156681060791016,702.1364135742188,79.52883911132812,0.6931703686714172,0.0,400.0,0.0,1.0,0.7137931412274761,0.006762491070421327,1.0,0.0,0.17181337302852942,1.0
97,24.25,raw_sindy_mpc,0,15.76952075958252,698.7239379882812,85.27934265136719,0.5909495949745178,0.0,400.0,0.06540312923014306,0.9978589232386035,1.0,0.0,1.0,0.0,0.0,1.0
98,24.5,raw_sindy_mpc,0,16.043285369873047,701.54248046875,79.38627624511719,0.43953990936279297,0.0,400.0,0.13052619222005157,0.9914448613738104,0.7260596244177989,0.01748445215297208,1.0,0.0,0.2028340068931587,1.0
99,24.75,raw_sindy_mpc,0,15.741511344909668,701.74658203125,85.24604034423828,0.2894320487976074,0.0,400.0,0.19509032201612825,0.9807852804032304,1.0,0.0,1.0,0.0,0.0,1.0
100,25.0,raw_sindy_mpc,0,16.03215217590332,705.0432739257812,79.3858642578125,0.13932423293590546,0.0,400.0,0.25881904510252074,0.9659258262890683,0.7383074630988365,0.01065080550201948,1.0,0.0,0.23469305932305715,1.0
101,25.25,raw_sindy_mpc,0,15.791358947753906,701.8775634765625,85.28483581542969,0.004841497167944908,0.0,400.0,0.3214394653031616,0.9469301294951057,1.0,0.0,1.0,0.0,0.0,1.0
102,25.5,raw_sindy_mpc,0,16.27720069885254,706.3252563476562,79.48719024658203,0.18770667910575867,0.0,400.0,0.3826834323650898,0.9238795325112867,0.719480084929918,0.018322930906154833,1.0,0.0,0.05997551538743859,1.0
103,25.75,raw_sindy_mpc,0,16.161466598510742,714.1929321289062,84.80780792236328,0.3628324866294861,0.0,400.0,0.44228869021900125,0.8968727415326884,1.0,0.00944563192911292,1.0,0.0,0.0,1.0
104,26.0,raw_sindy_mpc,0,16.9014835357666,723.1552734375,79.86985778808594,0.5379583239555359,0.0,400.0,0.49999999999999994,0.8660254037844387,0.7129051032114617,0.03532415038233866,1.0,0.0,0.0,1.0
105,26.25,raw_sindy_mpc,0,17.29584312438965,741.8274536132812,79.40721130371094,0.7143534421920776,0.0,400.0,0.5555702330196022,0.8314696123025452,0.586801825672048,0.023048969973462476,1.0,0.0,0.0,1.0
106,26.5,raw_sindy_mpc,0,17.242094039916992,754.0449829101562,80.7056884765625,0.9150970578193665,0.0,400.0,0.6087614290087207,0.7933533402912352,0.640134330453104,0.0076271002912339445,1.0,0.0,0.0,1.0
107,26.75,raw_sindy_mpc,0,17.064956665039062,759.67431640625,81.78685760498047,1.1152408123016357,0.0,400.0,0.6593458151000688,0.7518398074789774,0.7845718617480164,0.0015397179545667554,1.0,0.0,0.0,1.0
108,27.0,raw_sindy_mpc,0,16.98320770263672,763.1221923828125,81.94557189941406,1.3153846263885498,0.0,400.0,0.7071067811865476,0.7071067811865476,0.8666829193641015,0.0026116124548985495,1.0,0.0,0.0,1.0
109,27.25,raw_sindy_mpc,0,17.022092819213867,767.276123046875,81.5132064819336,1.4856191873550415,0.0,400.0,0.7518398074789774,0.6593458151000688,0.8461238255430591,0.0051614110747903634,1.0,0.0,0.0,1.0
110,27.5,raw_sindy_mpc,0,17.03888702392578,772.0166015625,81.11058044433594,1.014737606048584,0.0,400.0,0.7933533402912352,0.6087614290087207,0.8180663521596683,0.007341481370403933,1.0,0.0,0.0,1.0
111,27.75,raw_sindy_mpc,0,16.997026443481445,777.01708984375,80.85408020019531,0.5644140839576721,0.0,400.0,0.8314696123025451,0.5555702330196024,0.8432535699515107,0.006367655355177368,1.0,0.0,0.0,1.0
112,28.0,raw_sindy_mpc,0,16.92864227294922,781.0942993164062,80.56437683105469,0.11409058421850204,0.0,400.0,0.8660254037844386,0.5000000000000001,0.9212247041163176,0.006726168916570439,1.0,0.0,0.0,1.0
113,28.25,raw_sindy_mpc,0,16.908000946044922,785.0444946289062,80.00125885009766,-0.2931599020957947,0.0,400.0,0.8968727415326884,0.44228869021900125,0.956331509454789,0.007218382332611194,1.0,0.0,0.0,1.0
114,28.5,raw_sindy_mpc,0,17.093341827392578,789.9223022460938,79.18888092041016,-0.08375269919633865,0.0,400.0,0.9238795325112867,0.38268343236508984,0.9087112179342158,0.004314138221216056,1.0,0.0,0.0,1.0
115,28.75,raw_sindy_mpc,0,17.329524993896484,794.0691528320312,78.78007507324219,0.11639108508825302,0.0,400.0,0.9469301294951056,0.3214394653031617,0.8549884165986423,0.004729995383445053,1.0,0.0,0.0,1.0
116,29.0,raw_sindy_mpc,0,17.538188934326172,798.65478515625,78.84332275390625,0.3165348768234253,0.0,400.0,0.9659258262890683,0.25881904510252074,0.8294131309560059,0.0035675422219086923,1.0,0.0,0.0,1.0
117,29.25,raw_sindy_mpc,0,17.711776733398438,802.9796142578125,79.18785858154297,0.5117766261100769,0.07605629414319992,400.0,0.9807852804032304,0.19509032201612833,0.8240021301859897,0.0021053097454199407,1.0,0.0,0.0,1.0
118,29.5,raw_sindy_mpc,0,17.83327293395996,806.603515625,79.68982696533203,0.6355140209197998,2.2585670948028564,400.0,0.9914448613738104,0.1305261922200517,0.8252102268543178,0.0016067230343201045,1.0,0.0,0.0,1.0
119,29.75,raw_sindy_mpc,0,17.941322326660156,809.9564208984375,80.12650299072266,0.7606039047241211,4.343398094177246,400.0,0.9978589232386035,0.06540312923014327,0.8268816411251653,0.0013187132321221017,1.0,0.0,0.0,1.0
120,30.0,raw_sindy_mpc,0,18.050901412963867,813.158203125,80.47870635986328,0.8856937289237976,6.428228855133057,400.0,1.0,6.123233995736766e-17,0.8282889389191195,0.001303892841066205,1.0,0.0,0.0,1.0
121,30.25,raw_sindy_mpc,0,18.171178817749023,816.3447875976562,80.7756576538086,1.0267666578292847,8.815274238586426,400.0,0.9978589232386035,-0.06540312923014314,0.8140940266141791,0.0021458515432653865,1.0,0.0,0.0,1.0
122,30.5,raw_sindy_mpc,0,18.41135597229004,820.1658935546875,81.16156768798828,1.4891444444656372,17.391565322875977,400.0,0.9914448613738104,-0.1305261922200516,0.7822512591568436,0.0025136157352820022,1.0,0.0,0.0,1.0
123,30.75,raw_sindy_mpc,0,18.695938110351562,824.2001342773438,81.80323028564453,1.9394680261611938,25.73088836669922,400.0,0.9807852804032304,-0.1950903220161282,0.7835592309820013,0.012873856219693888,1.0,0.0,0.0,0.9287065454461271
124,31.0,raw_sindy_mpc,0,18.799348831176758,831.2952270507812,85.76314544677734,2.389791488647461,34.070213317871094,400.0,0.9659258262890683,-0.25881904510252063,1.0,0.05251582205517581,1.0,0.010771569344679134,0.0,0.6040757665713784
125,31.25,raw_sindy_mpc,0,19.216917037963867,837.8547973632812,86.94645690917969,2.8145229816436768,43.23124694824219,399.9999694824219,0.9469301294951057,-0.3214394653031616,1.0,0.07883090189759372,1.0,0.018370959833439362,0.0,0.4631427749444408
126,31.5,raw_sindy_mpc,0,19.938823699951172,839.3726196289062,86.86422729492188,2.9362330436706543,67.39955139160156,400.0,0.9238795325112868,-0.3826834323650895,0.8903573835939173,0.11290479729013725,1.0,0.02494809994117435,0.0,0.44307927633254357
127,31.75,raw_sindy_mpc,0,20.650999069213867,843.4955444335938,87.07518768310547,3.0613226890563965,91.02764129638672,400.0,0.8968727415326884,-0.44228869021900113,0.7005292091401792,0.15522343914802422,1.0,0.040714331005604266,0.0,0.37069131169527164
128,32.0,raw_sindy_mpc,0,21.138221740722656,845.9915161132812,87.65702056884766,3.1864125728607178,114.65572357177734,399.9999694824219,0.8660254037844387,-0.4999999999999998,0.545003618968815,0.20393424441664304,1.0,0.0643788283729038,0.0,0.27442893815458025
129,32.25,raw_sindy_mpc,0,21.36310386657715,845.951416015625,88.34769439697266,3.321648597717285,139.15084838867188,400.0,0.8314696123025451,-0.5555702330196023,0.4128652400983921,0.2588644474784824,1.0,0.09523470231533512,0.0,0.16463062582914648
130,32.5,raw_sindy_mpc,0,21.49688148498535,843.5736083984375,88.89131927490234,3.627821683883667,177.0888214111328,400.0,0.7933533402912352,-0.6087614290087207,0.23383901570928417,0.3270266648564439,1.0,0.1348637226546062,0.0,0.012036434746269718
131,32.75,raw_sindy_mpc,0,21.55413055419922,843.6280517578125,89.44413757324219,3.928037405014038,214.61578369140625,400.0,0.7518398074789774,-0.6593458151000688,0.07731198080140583,0.397105095439234,0.9994778114280392,0.21414807932218574,0.0,0.0
132,33.0,raw_sindy_mpc,0,21.29422378540039,847.0916748046875,90.10291290283203,4.22825288772583,252.1427459716797,400.0,0.7071067811865476,-0.7071067811865475,0.006576790449740782,0.4547859812972058,0.9783780363284981,0.29629438301957506,0.0,0.0
133,33.25,raw_sindy_mpc,0,20.296390533447266,813.9485473632812,90.51839447021484,4.550054550170898,288.4368591308594,400.0,0.659345815100069,-0.7518398074789773,0.07331501741205673,0.566699416694606,0.9600475417137934,0.3731187055097702,0.0,0.0
134,33.5,raw_sindy_mpc,0,19.059186935424805,778.3821411132812,89.7456283569336,5.212149620056152,309.697265625,400.0,0.6087614290087209,-0.793353340291235,0.16294199079999144,0.6419882375408753,0.9167722302448938,0.4000000098221431,0.0,0.0
135,33.75,raw_sindy_mpc,0,17.401954650878906,703.4505615234375,87.42443084716797,5.862617015838623,331.2405090332031,400.0,0.5555702330196025,-0.831469612302545,0.1860417547793375,0.7756860163525535,0.853701474283111,0.4000000098762388,0.0,0.0
136,34.0,raw_sindy_mpc,0,16.343753814697266,660.0685424804688,83.590087890625,6.5130839347839355,352.7837829589844,400.0,0.49999999999999994,-0.8660254037844387,0.0,0.8540790308394534,0.797884297668012,0.3941314436860062,0.0,0.0
137,34.25,raw_sindy_mpc,0,16.014766693115234,644.6658935546875,80.69963836669922,7.10698127746582,374.67156982421875,400.0,0.4422886902190017,-0.8968727415326881,0.0,0.8688298752398498,0.7120474713740863,0.3803813936841173,0.0,0.16329123627638745
138,34.5,raw_sindy_mpc,0,15.063199996948242,612.318359375,78.17898559570312,7.154924392700195,401.2101745605469,399.9999694824219,0.3826834323650899,-0.9238795325112867,0.0,0.925838793353066,0.6312525360606118,0.374221895037465,0.0,0.20556642006339562
139,34.75,raw_sindy_mpc,0,14.330488204956055,591.2501220703125,75.3246078491211,7.204960346221924,427.6180114746094,400.0000305175781,0.32143946530316175,-0.9469301294951056,0.0,0.9689473256898483,0.5604508483485818,0.3711994335906427,0.0,0.22212044088573157
140,35.0,raw_sindy_mpc,0,13.786161422729492,573.9246215820312,72.40699005126953,7.254996299743652,454.02587890625,400.0,0.258819045102521,-0.9659258262890682,0.0,1.0,0.5067385180641293,0.3678534516828564,0.0,0.20970895079348453
141,35.25,raw_sindy_mpc,0,13.41367244720459,559.89892578125,69.58187866210938,7.290969371795654,478.34576416015625,400.0,0.19509032201612816,-0.9807852804032304,0.0,1.0,0.47921326065406944,0.35803160544591944,0.0,0.17124657263066725
142,35.5,raw_sindy_mpc,0,13.205918312072754,554.3189086914062,68.74058532714844,7.1072611808776855,482.3667907714844,400.0,0.130526192220052,-0.9914448613738104,0.0,1.0,0.4715826746112446,0.34980817005681625,0.0,0.200896391050527
143,35.75,raw_sindy_mpc,0,13.003052711486816,552.7622680664062,68.11631774902344,6.932135105133057,486.5364685058594,400.0,0.06540312923014312,-0.9978589232386035,0.0,1.0,0.47938119960022435,0.34762360082919336,0.0,0.22241306680968
144,36.0,raw_sindy_mpc,0,12.793109893798828,550.850830078125,67.4441146850586,6.757009506225586,490.70611572265625,400.0,1.2246467991473532e-16,-1.0,0.0,1.0,0.5030350307930616,0.3487023270604298,0.0,0.23358590634632992
145,36.25,raw_sindy_mpc,0,12.598034858703613,549.5700073242188,66.9521713256836,6.590759754180908,493.3882751464844,400.0,-0.06540312923014287,-0.9978589232386035,0.0,1.0,0.5457946925893328,0.3526919077284883,0.0,0.23827097394597718
146,36.5,raw_sindy_mpc,0,12.315963745117188,553.3279418945312,68.3159408569336,6.517181873321533,472.97308349609375,400.0,-0.13052619222005177,-0.9914448613738104,0.0,0.9773987925882944,0.5970424200055673,0.3543965200009102,0.0,0.2995732106508137
147,36.75,raw_sindy_mpc,0,12.062548637390137,558.43115234375,69.82677459716797,6.4421281814575195,453.5146484375,400.0,-0.19509032201612792,-0.9807852804032305,0.0,0.9317275705265623,0.6508615570796104,0.34787546753351645,0.0,0.34053984383179514
148,37.0,raw_sindy_mpc,0,11.911978721618652,563.528564453125,71.51445770263672,6.367074012756348,434.0562438964844,400.0,-0.2588190451025208,-0.9659258262890683,0.0,0.885266159424696,0.7065591177615972,0.3341321898150561,0.0,0.3540452426663327
149,37.25,raw_sindy_mpc,0,11.870525360107422,571.9383544921875,73.43440246582031,6.28483247756958,413.4068908691406,400.0,-0.32143946530316153,-0.9469301294951057,0.0,0.8276418288932735,0.767197676332147,0.3089953670682659,0.0,0.334203319438403
150,37.5,raw_sindy_mpc,0,11.881950378417969,586.314697265625,76.00569915771484,6.106254577636719,377.4562683105469,400.0,-0.38268343236508967,-0.9238795325112868,0.0,0.7855135791013177,0.8572307914972366,0.2893685425208614,0.0,0.07616946981567904
151,37.75,raw_sindy_mpc,0,12.504932403564453,619.834716796875,79.66580963134766,5.93112850189209,342.0141296386719,400.0,-0.44228869021900147,-0.8968727415326883,0.28864058587044816,0.7223852134755344,0.9668983872291967,0.30607222340845575,0.0,0.0
152,38.0,raw_sindy_mpc,0,14.614107131958008,752.2552490234375,86.53244018554688,5.756002902984619,306.572021484375,400.0,-0.4999999999999997,-0.8660254037844388,0.7541820356945784,0.49234083538483137,1.0,0.3358473641124637,0.0,0.0
153,38.25,raw_sindy_mpc,0,16.130126953125,819.088623046875,89.52305603027344,5.590323448181152,272.186767578125,400.0,-0.555570233019602,-0.8314696123025455,0.9711704877149218,0.34587907538449947,1.0,0.3024921244974132,0.0,0.0
154,38.5,raw_sindy_mpc,0,16.967056274414062,812.061767578125,89.55789947509766,5.516750335693359,248.79183959960938,400.0,-0.6087614290087207,-0.7933533402912352,0.9726023861235451,0.3308007542193789,1.0,0.24615145690838305,0.0,0.013389764878945623
155,38.75,raw_sindy_mpc,0,17.57227897644043,805.024169921875,88.85250091552734,5.441696643829346,225.16375732421875,400.0,-0.6593458151000688,-0.7518398074789774,0.900318891432965,0.31634703485897436,1.0,0.19509440526189295,0.0,0.05017868899572619
156,39.0,raw_sindy_mpc,0,18.003812789916992,800.9955444335938,88.26902770996094,5.366642475128174,201.53565979003906,400.0,-0.7071067811865471,-0.7071067811865479,0.8484368273768181,0.2950138542267996,1.0,0.15118062042149627,0.0,0.08514156518524023
157,39.25,raw_sindy_mpc,0,18.29502296447754,797.7905883789062,87.93846130371094,5.273581504821777,177.78709411621094,400.0,-0.7518398074789773,-0.6593458151000691,0.8498586637581069,0.2701145978467898,1.0,0.11366162188729842,0.0,0.13018776983583338
158,39.5,raw_sindy_mpc,0,18.39316749572754,795.2923583984375,87.88361358642578,4.938317775726318,152.7338409423828,400.0,-0.7933533402912349,-0.6087614290087209,0.9269382177905805,0.23849242663936523,1.0,0.08100336536522168,0.0,0.21605400071321731
159,39.75,raw_sindy_mpc,0,18.425233840942383,794.20068359375,87.77986907958984,4.613084316253662,127.71587371826172,400.0,-0.8314696123025452,-0.5555702330196022,1.0,0.20429635446009356,1.0,0.05475421839138705,0.0,0.31310757909683506
160,40.0,raw_sindy_mpc,0,18.467018127441406,795.4290161132812,87.32460021972656,4.287850379943848,102.6978988647461,400.0,-0.8660254037844385,-0.5000000000000004,1.0,0.16858624234780076,1.0,0.03501684008520163,0.0,0.4205669810575918
161,40.25,raw_sindy_mpc,0,18.46088218688965,799.03564453125,86.88760375976562,3.960380792617798,78.19903564453125,400.0000305175781,-0.8968727415326883,-0.44228869021900136,1.0,0.13024269877570696,1.0,0.021519238809574872,0.0,0.5355736199478666
162,40.5,raw_sindy_mpc,0,18.458646774291992,803.3683471679688,86.4161376953125,3.609489679336548,58.860530853271484,400.0,-0.9238795325112868,-0.3826834323650895,1.0,0.09202005564177004,1.0,0.011330730402276758,0.0,0.6584767792366992
163,40.75,raw_sindy_mpc,0,18.404747009277344,808.7055053710938,85.91423797607422,3.2592380046844482,39.40210723876953,400.0,-0.9469301294951056,-0.3214394653031618,1.0,0.05191735947147678,1.0,0.005295778691685849,0.0,0.7893021088039681
164,41.0,raw_sindy_mpc,0,18.28828239440918,811.402587890625,84.81647491455078,2.9089863300323486,19.94368553161621,400.0,-0.9659258262890683,-0.25881904510252063,1.0,0.00866553592502711,1.0,9.35821125716301e-10,0.0,0.985715929593355
165,41.25,raw_sindy_mpc,0,18.379457473754883,810.670166015625,79.64852905273438,2.57106351852417,2.6640613079071045,400.0,-0.9807852804032303,-0.19509032201612866,0.6830211732079613,0.007400864199258171,1.0,0.0,0.0,1.0
166,41.5,raw_sindy_mpc,0,18.07941246032715,812.0062866210938,78.7972640991211,2.3483104705810547,2.0009584426879883,400.0,-0.9914448613738104,-0.13052619222005163,0.5511871481764655,0.0,1.0,0.0,0.0,1.0
167,41.75,raw_sindy_mpc,0,17.58906364440918,810.4461059570312,79.37562561035156,2.1231489181518555,1.306014895439148,400.0,-0.9978589232386035,-0.06540312923014273,0.5654345050412181,0.0,1.0,0.0,0.0,1.0
168,42.0,raw_sindy_mpc,0,17.093021392822266,809.5650634765625,80.05647277832031,1.8979870080947876,0.6110711693763733,400.0,-1.0,-1.8369701987210297e-16,0.6298541081530162,0.0,1.0,0.0,0.0,1.0
169,42.25,raw_sindy_mpc,0,16.692569732666016,809.5377197265625,80.3511962890625,1.675266981124878,0.0,400.0,-0.9978589232386036,0.06540312923014237,0.6823258304433744,0.0,1.0,0.0,0.002429949591364312,1.0
170,42.5,raw_sindy_mpc,0,16.30252456665039,809.46337890625,81.1506576538086,1.4757009744644165,0.0,400.0,-0.9914448613738105,0.13052619222005127,0.8100052778423524,0.0,1.0,0.0,0.084953813857385,1.0
171,42.75,raw_sindy_mpc,0,15.882866859436035,805.72802734375,85.89228057861328,1.2755571603775024,0.0,400.0,-0.9807852804032304,0.1950903220161283,1.0,0.0,1.0,0.03787153371439442,0.0,1.0
172,43.0,raw_sindy_mpc,0,15.898871421813965,766.8824462890625,79.90140533447266,1.0754133462905884,0.0,400.0,-0.9659258262890684,0.2588190451025203,0.7925571399699076,0.0,1.0,0.0,0.15577800353011478,1.0
173,43.25,raw_sindy_mpc,0,15.75259017944336,751.5908203125,85.17494201660156,0.8728258609771729,0.0,400.0,-0.9469301294951057,0.3214394653031615,1.0,0.0,1.0,0.0,0.0,1.0
174,43.5,raw_sindy_mpc,0,16.160734176635742,754.3538818359375,79.18574523925781,0.6470165252685547,0.0,400.0,-0.923879532511287,0.38268343236508917,0.738007334266235,0.03433183403228251,1.0,0.0,0.29977567071919614,1.0
175,43.75,raw_sindy_mpc,0,15.991945266723633,756.8799438476562,85.28921508789062,0.42185479402542114,0.0,400.0,-0.8968727415326884,0.442288690219001,1.0,0.0,1.0,0.0,0.0,1.0
176,44.0,raw_sindy_mpc,0,16.230085372924805,759.2977905273438,79.30840301513672,0.1966930329799652,0.0,400.0,-0.8660254037844386,0.5000000000000001,0.7632016853694049,0.04075699438936688,1.0,0.0,0.5135917940354933,1.0
177,44.25,raw_sindy_mpc,0,16.249927520751953,756.4342041015625,85.1445541381836,0.0,0.0,400.0,-0.8314696123025455,0.5555702330196018,1.0,0.0,1.0,0.0,0.0,1.0
178,44.5,raw_sindy_mpc,0,16.3558406829834,759.0320434570312,79.36214447021484,0.0,0.0,400.0,-0.7933533402912357,0.6087614290087199,0.7600899035425316,0.03909802958383539,1.0,0.0,0.5931340651128878,1.0
179,44.75,raw_sindy_mpc,0,16.44157600402832,753.0311889648438,85.06867218017578,0.0,0.0,400.0,-0.7518398074789772,0.6593458151000691,1.0,0.0,1.0,0.0,0.016329086568236943,1.0
180,45.0,raw_sindy_mpc,0,16.285911560058594,754.8956909179688,82.65397644042969,0.0,0.0,400.0,-0.7071067811865477,0.7071067811865474,0.9452609057364284,0.0070845538051259385,1.0,0.0,0.44944607536171854,1.0
181,45.25,raw_sindy_mpc,0,16.511232376098633,742.6318359375,84.97283935546875,-0.01619386300444603,0.0,400.0,-0.6593458151000687,0.7518398074789775,1.0,0.0,1.0,0.0,0.04181788800790786,1.0
182,45.5,raw_sindy_mpc,0,16.371694564819336,743.8823852539062,83.82029724121094,-0.22602444887161255,0.0,400.0,-0.608761429008721,0.7933533402912349,1.0,0.010301416885956446,1.0,0.0,0.31614483602527155,1.0
183,45.75,raw_sindy_mpc,0,16.53570556640625,738.3246459960938,84.69581604003906,-0.4261682331562042,0.0,400.0,-0.555570233019603,0.8314696123025447,1.0,0.00833163753848001,1.0,0.0,0.2088489095523321,1.0
184,46.0,raw_sindy_mpc,0,16.56122398376465,736.3623657226562,84.6294937133789,-0.6263120174407959,0.0,400.0,-0.5000000000000004,0.8660254037844384,1.0,0.019011478566649212,1.0,0.0,0.27978727838939693,1.0
185,46.25,raw_sindy_mpc,0,16.66642951965332,735.981201171875,84.57308197021484,-0.8080576658248901,0.0,400.0,-0.4422886902190014,0.8968727415326883,1.0,0.03429515229358012,1.0,0.0,0.3876752963527668,1.0
186,46.5,raw_sindy_mpc,0,16.870223999023438,737.8267822265625,84.54520416259766,-0.8566498756408691,0.0,400.0,-0.38268343236508956,0.9238795325112868,1.0,0.05265576878122347,1.0,0.0,0.4949420895192258,1.0
187,46.75,raw_sindy_mpc,0,17.122913360595703,743.2771606445312,84.53536987304688,-0.9066858291625977,0.0,400.0,-0.32143946530316186,0.9469301294951056,1.0,0.06736877793368584,1.0,0.0,0.6131855800609077,1.0
188,47.0,raw_sindy_mpc,0,17.413738250732422,750.6221313476562,84.5218505859375,-0.9567217826843262,0.0,400.0,-0.25881904510252157,0.9659258262890681,0.9894225066251143,0.07979885603143294,1.0,0.0,0.7263952705950052,1.0
189,47.25,raw_sindy_mpc,0,17.71392059326172,759.3351440429688,84.52955627441406,-1.014335036277771,0.0,400.0,-0.19509032201612872,0.9807852804032303,0.9504143701040288,0.08291861615774322,1.0,0.0,0.787285683294969,1.0
190,47.5,raw_sindy_mpc,0,17.940147399902344,767.7800903320312,84.66073608398438,-1.141984224319458,0.0,400.0,-0.13052619222005168,0.9914448613738104,0.9240477906790326,0.07752996784360201,1.0,0.0,0.8120685442159564,1.0
191,47.75,raw_sindy_mpc,0,18.072778701782227,773.79150390625,84.84708404541016,-1.2670739889144897,0.0,400.0,-0.0654031292301428,0.9978589232386035,0.9164027890629775,0.07060307695283094,1.0,0.0,0.8076238140479497,1.0
192,48.0,raw_sindy_mpc,0,18.124862670898438,777.7353515625,85.01290893554688,-1.392163872718811,0.0,400.0,0.0,1.0,0.921649019441025,0.06439250497846571,1.0,0.0,0.7929116324235432,1.0
193,48.25,raw_sindy_mpc,0,18.135093688964844,780.2055053710938,85.11166381835938,-1.5143295526504517,0.0,400.0,0.06540312923014306,0.9978589232386035,0.9293025521268332,0.06089703806653964,1.0,0.0,0.7798191766022622,1.0
194,48.5,raw_sindy_mpc,0,18.1381893157959,782.19189453125,85.14798736572266,-1.613874912261963,0.0,400.0,0.13052619222005157,0.9914448613738104,0.9323457391639942,0.059374464083752646,1.0,0.0,0.7663635469524196,1.0
195,48.75,raw_sindy_mpc,0,18.14181900024414,784.4445190429688,85.16012573242188,-1.71394681930542,0.0,400.0,0.19509032201612825,0.9807852804032304,0.9309794738901814,0.05727046498604589,1.0,0.0,0.7509974356592977,1.0
196,49.0,raw_sindy_mpc,0,18.143890380859375,786.7392578125,85.17301177978516,-1.814018726348877,0.0,400.0,0.25881904510252074,0.9659258262890683,0.9258520476959008,0.05366947877945112,1.0,0.0,0.7262530594774322,1.0
197,49.25,raw_sindy_mpc,0,18.13094139099121,788.7280883789062,85.2048568725586,-1.892953872680664,0.0,400.0,0.3214394653031616,0.9469301294951057,0.9180247753385807,0.0470770153464173,1.0,0.0,0.6722556932351247,1.0
198,49.5,raw_sindy_mpc,0,18.068174362182617,789.9114379882812,85.27477264404297,-1.8143781423568726,0.0,400.0,0.3826834323650898,0.9238795325112867,0.9147377568104512,0.035165407926194686,1.0,0.0,0.5477065133788921,1.0
199,49.75,raw_sindy_mpc,0,17.892345428466797,790.5165405273438,85.3767318725586,-1.7393242120742798,0.0,400.0,0.44228869021900125,0.8968727415326884,0.9329081921426196,0.020859743194537848,1.0,0.0,0.39626992110957265,1.0
200,50.0,raw_sindy_mpc,0,17.638029098510742,790.5322265625,85.35193634033203,-1.664270281791687,0.0,400.0,0.49999999999999994,0.8660254037844387,0.9668643640250453,0.01111796292109777,1.0,0.0,0.2657432256260882,1.0
201,50.25,raw_sindy_mpc,0,17.39553451538086,791.1265869140625,85.09675598144531,-1.6437791585922241,0.0,400.0,0.5555702330196022,0.8314696123025452,1.0,0.010403573884847467,1.0,0.0,0.22812903683434227,1.0
202,50.5,raw_sindy_mpc,0,17.358217239379883,792.7616577148438,84.7616958618164,-2.115025043487549,0.0,400.0,0.6087614290087207,0.7933533402912352,1.0,0.025267322862067673,1.0,0.0,0.36254110137163786,1.0
203,50.75,raw_sindy_mpc,0,17.623046875,795.29443359375,84.6874008178711,-2.5653486251831055,0.0,400.0,0.6593458151000688,0.7518398074789774,1.0,0.05206098689758957,1.0,0.0,0.5493714633210619,1.0
204,51.0,raw_sindy_mpc,0,18.127452850341797,801.9464111328125,84.69011688232422,-3.015672206878662,0.0,400.0,0.7071067811865476,0.7071067811865476,1.0,0.0757990733826662,1.0,0.0,0.6997999909440948,1.0
205,51.25,raw_sindy_mpc,0,18.714122772216797,813.0817260742188,84.75733184814453,-3.3597357273101807,0.0,400.0000305175781,0.7518398074789774,0.6593458151000688,1.0,0.08089313486491755,1.0,0.0,0.7519048078041767,1.0
206,51.5,raw_sindy_mpc,0,19.074092864990234,824.6345825195312,84.93024444580078,-2.941049575805664,0.0,400.0,0.7933533402912352,0.6087614290087207,0.9974689455386166,0.05138369462412424,1.0,0.0,0.5682142607788617,1.0
207,51.75,raw_sindy_mpc,0,19.018709182739258,831.1106567382812,85.21704864501953,-2.540761947631836,0.0,400.0,0.8314696123025451,0.5555702330196024,0.9948764381420506,0.011947771686124662,1.0,0.0,0.28659259070105636,1.0
208,52.0,raw_sindy_mpc,0,18.61720085144043,832.062255859375,85.26792907714844,-2.140474557876587,0.0,400.0,0.8660254037844386,0.5000000000000001,1.0,0.0,1.0,0.0,0.028479432036804395,1.0
209,52.25,raw_sindy_mpc,0,18.157068252563477,837.88037109375,83.21101379394531,-1.8208136558532715,0.0,400.0,0.8968727415326884,0.44228869021900125,1.0,0.0,1.0,0.0,0.02903655854413814,1.0
210,52.5,raw_sindy_mpc,0,17.784988403320312,842.754150390625,82.5194091796875,-2.030050277709961,0.0,400.0,0.9238795325112867,0.38268343236508984,1.0,0.0,1.0,0.0,0.07343207127420903,1.0
211,52.75,raw_sindy_mpc,0,17.479074478149414,845.3618774414062,83.57734680175781,-2.230194091796875,0.0,400.0,0.9469301294951056,0.3214394653031617,1.0,0.0,1.0,0.0,0.0,1.0
212,53.0,raw_sindy_mpc,0,17.680402755737305,852.3124389648438,77.09615325927734,-2.430337905883789,0.0,400.0,0.9659258262890683,0.25881904510252074,0.8466082597390444,0.0,1.0,0.0,0.2973756152372503,1.0
213,53.25,raw_sindy_mpc,0,17.225624084472656,844.4821166992188,83.79222106933594,-2.573122978210449,0.6719257831573486,400.0,0.9807852804032304,0.19509032201612833,1.0,0.0,1.0,0.0,0.0,1.0
214,53.5,raw_sindy_mpc,0,17.471006393432617,851.610595703125,77.61193084716797,-2.311718225479126,7.207045078277588,400.0,0.9914448613738104,0.1305261922200517,0.8168063614142678,0.0,1.0,0.0,0.1303966777526019,1.0
215,53.75,raw_sindy_mpc,0,17.030715942382812,850.2669677734375,83.8306884765625,-2.0615384578704834,13.461538314819336,400.0,0.9978589232386035,0.06540312923014327,1.0,0.0,1.0,0.0,0.0,1.0
216,54.0,raw_sindy_mpc,0,17.430505752563477,856.55126953125,78.18598937988281,-1.8113586902618408,19.716032028198242,400.0,1.0,6.123233995736766e-17,0.7789228038527778,0.0,1.0,0.0,0.0,1.0
217,54.25,raw_sindy_mpc,0,17.45274543762207,861.0045776367188,77.67754364013672,-1.5297421216964722,27.496217727661133,400.0,0.9978589232386035,-0.06540312923014314,0.6441769498983547,0.0,1.0,0.0,0.0,1.0
218,54.5,raw_sindy_mpc,0,17.7421875,866.0016479492188,78.69206237792969,-1.0219985246658325,46.675052642822266,400.0,0.9914448613738104,-0.1305261922200516,0.6356821021052633,0.0,1.0,0.0,0.0,1.0
219,54.75,raw_sindy_mpc,0,18.248781204223633,871.4978637695312,80.47541809082031,-0.5216391086578369,65.43852996826172,400.0,0.9807852804032304,-0.1950903220161282,0.649604374241007,0.0,1.0,0.0,0.0,1.0
220,55.0,raw_sindy_mpc,0,18.989347457885742,877.5796508789062,82.26937866210938,-0.021279655396938324,84.20201110839844,400.0,0.9659258262890683,-0.25881904510252063,0.6395261061065576,0.0,1.0,0.017071710273834258,0.0,1.0
221,55.25,raw_sindy_mpc,0,19.579181671142578,861.0167236328125,84.11723327636719,0.5248100161552429,104.86431121826172,400.0,0.9469301294951057,-0.3214394653031616,0.6124668400768603,0.03653252105975864,1.0,0.03833541878234714,0.0,0.8285320520511321
222,55.5,raw_sindy_mpc,0,19.795806884765625,830.684814453125,88.22842407226562,1.3850467205047607,138.62928771972656,400.0,0.9238795325112868,-0.3826834323650895,0.7552445151554967,0.1914468821696162,1.0,0.0734029059604369,0.0,0.43176660372004283
223,55.75,raw_sindy_mpc,0,20.30832862854004,828.6215209960938,88.0966796875,2.2356576919555664,171.98658752441406,399.9999694824219,0.8968727415326884,-0.44228869021900113,0.5114907356913054,0.2662381518624046,1.0,0.10548539219658848,0.0,0.26086996833360787
224,56.0,raw_sindy_mpc,0,20.72313690185547,832.4857177734375,88.01107025146484,3.086268901824951,205.3438720703125,400.0,0.8660254037844387,-0.4999999999999998,0.1908319491663213,0.3309119314264284,1.0,0.14730601204113694,0.0,0.05907918674791848
225,56.25,raw_sindy_mpc,0,20.996397018432617,836.7264404296875,88.27523803710938,3.8666443824768066,239.56166076660156,399.9999694824219,0.8314696123025451,-0.5555702330196023,0.0,0.39326324344682356,0.9842695647434008,0.2165008259155866,0.0,0.0
226,56.5,raw_sindy_mpc,0,20.67884635925293,821.8817138671875,88.4269027709961,4.235657691955566,279.3194274902344,400.0,0.7933533402912352,-0.6087614290087207,0.0,0.4712181956995525,0.9522762153170237,0.27038900679862043,0.0,0.0
227,56.75,raw_sindy_mpc,0,19.31725311279297,764.921630859375,87.41211700439453,4.610927581787109,318.93121337890625,400.0,0.7518398074789774,-0.6593458151000688,0.0,0.6152955930062006,0.9245579434556682,0.3266118047210653,0.0,0.0
228,57.0,raw_sindy_mpc,0,18.115873336791992,726.8958740234375,84.5859603881836,4.986196994781494,358.54302978515625,400.0,0.7071067811865476,-0.7071067811865475,0.0,0.6845682083874842,0.8836226373523002,0.3394326429853364,0.0,0.08037096187734734
229,57.25,raw_sindy_mpc,0,17.24758529663086,692.5946044921875,80.4300537109375,5.335359573364258,391.94915771484375,399.9999694824219,0.659345815100069,-0.7518398074789773,0.0,0.7577510521207235,0.8405123426802659,0.34798159762721487,0.0,0.06872485922866803
230,57.5,raw_sindy_mpc,0,16.32469367980957,675.8719482421875,78.44054412841797,5.532926082611084,393.2842102050781,400.0,0.6087614290087209,-0.793353340291235,0.0,0.772378213330247,0.8015942807470127,0.3479831984738322,0.0,0.13369401645504897
231,57.75,raw_sindy_mpc,0,15.711316108703613,666.25341796875,77.3134536743164,5.733069896697998,394.6741027832031,400.0,0.5555702330196025,-0.831469612302545,0.0,0.7779484350035419,0.7646697178264703,0.3462974196412569,0.0,0.17863402689971142
232,58.0,raw_sindy_mpc,0,15.300382614135742,660.125244140625,76.7476806640625,5.933213710784912,396.0639953613281,400.0,0.49999999999999994,-0.8660254037844387,0.0,0.7830593853800972,0.7292503005329142,0.3456235220908961,0.0,0.21312089493072037
233,58.25,raw_sindy_mpc,0,15.014046669006348,655.1994018554688,76.32098388671875,6.104979038238525,399.8507995605469,400.0,0.4422886902190017,-0.8968727415326881,0.0,0.7945524953700507,0.6938601026138859,0.3501776159567759,0.0,0.24758700109473764
234,58.5,raw_sindy_mpc,0,14.84585952758789,643.6072387695312,75.0067367553711,6.12918758392334,420.7344970703125,400.0,0.3826834323650899,-0.9238795325112867,0.0,0.8348430341561881,0.6585868296541039,0.3581725696066279,0.0,0.24469381247123156
235,58.75,raw_sindy_mpc,0,14.707170486450195,634.4752197265625,73.55318450927734,6.154205799102783,440.8878479003906,400.0,0.32143946530316175,-0.9469301294951056,0.0,0.8709069412722116,0.626694061937664,0.36539980675442485,0.0,0.2324935741369671
236,59.0,raw_sindy_mpc,0,14.613393783569336,625.6974487304688,72.07674407958984,6.179223537445068,461.0412292480469,400.0,0.258819045102521,-0.9659258262890682,0.0,0.9048006727122243,0.6040324633504732,0.3699919912789683,0.0,0.19991350988414017
237,59.25,raw_sindy_mpc,0,14.540367126464844,618.170654296875,70.8157730102539,6.207801342010498,476.8836364746094,400.0,0.19509032201612816,-0.9807852804032304,0.0,0.9303677966313044,0.5987866933383491,0.37294444241674723,0.0,0.16539255183499535
238,59.5,raw_sindy_mpc,0,14.27091121673584,613.4601440429688,70.34239959716797,6.258519172668457,469.650146484375,400.0,0.130526192220052,-0.9914448613738104,0.0,0.926311130259912,0.608659148608611,0.3721691177244361,0.0,0.19817896523950618
239,59.75,raw_sindy_mpc,0,14.021831512451172,609.4511108398438,70.07921600341797,6.3085551261901855,462.70068359375,400.0,0.06540312923014312,-0.9978589232386035,0.0,0.9184050383036658,0.6317544211068143,0.37170505541959525,0.0,0.21664310319662916
240,60.0,raw_sindy_mpc,0,13.813117980957031,606.0287475585938,69.96392059326172,6.358591079711914,455.7512512207031,400.0,1.2246467991473532e-16,-1.0,0.0,0.9090916346776668,0.6708632155248481,0.3718659944143895,0.0,0.21671247983703565
241,60.25,raw_sindy_mpc,0,13.62209701538086,604.9028930664062,70.26410675048828,6.393380641937256,444.1920471191406,400.0,-0.06540312923014287,-0.9978589232386035,0.0,0.8835684581656442,0.7239514976653297,0.36062068118667007,0.0,0.197644941865449
242,60.5,raw_sindy_mpc,0,13.29625415802002,610.4132690429688,72.22184753417969,6.341337203979492,402.74383544921875,400.0,-0.13052619222005177,-0.9914448613738104,0.0,0.8119433861839364,0.7834079023721233,0.33227665445695376,0.0,0.25827252976689047
243,60.75,raw_sindy_mpc,0,13.151598930358887,622.2844848632812,74.79666900634766,6.291301250457764,362.4371032714844,400.0,-0.19509032201612792,-0.9807852804032305,0.0,0.7275254397125254,0.844442117934442,0.29790531979270085,0.0,0.290670178513899
244,61.0,raw_sindy_mpc,0,13.23298454284668,642.5615844726562,78.00660705566406,6.241265296936035,322.13037109375,400.0,-0.2588190451025208,-0.9659258262890683,0.0723178556923057,0.6834431292680785,0.9455324705812868,0.2953209113200944,0.0,0.042284531834752906
245,61.25,raw_sindy_mpc,0,14.565503120422363,729.7908935546875,84.29798889160156,6.17664098739624,284.7380676269531,400.0,-0.32143946530316153,-0.9469301294951057,0.5581758119746933,0.536184495550072,1.0,0.32725169962992284,0.0,0.0
246,61.5,raw_sindy_mpc,0,16.375646591186523,830.1602172851562,89.07118225097656,6.023580074310303,262.75262451171875,400.0,-0.38268343236508967,-0.9238795325112868,0.8672430100559844,0.357135863772712,1.0,0.33238418113120227,0.0,0.0
247,61.75,raw_sindy_mpc,0,17.248659133911133,833.8302001953125,89.7329330444336,5.873472213745117,240.51441955566406,400.0,-0.44228869021900147,-0.8968727415326883,0.9308962111199957,0.32428804729522287,1.0,0.28075348750962176,0.0,0.0
248,62.0,raw_sindy_mpc,0,17.88953971862793,827.63671875,89.20113372802734,5.723364353179932,218.27621459960938,400.0,-0.4999999999999997,-0.8660254037844388,0.8815887351911806,0.3074906321953152,1.0,0.224825058953177,0.0,0.027466236978886442
249,62.25,raw_sindy_mpc,0,18.37775993347168,823.876708984375,88.62902069091797,5.573256492614746,196.2597198486328,400.0,-0.555570233019602,-0.8314696123025455,0.8251181550420001,0.2859538677776448,1.0,0.17568953095963039,0.0,0.05706918315819674
250,62.5,raw_sindy_mpc,0,18.73305320739746,819.8967895507812,88.22978210449219,5.4231486320495605,175.4373321533203,400.0,-0.6087614290087207,-0.7933533402912352,0.7986732315646176,0.26514390222259393,1.0,0.13324091238665414,0.0,0.08766400209109398
251,62.75,raw_sindy_mpc,0,18.984790802001953,817.0352783203125,88.04317474365234,5.273040771484375,154.58901977539062,400.0,-0.6593458151000688,-0.7518398074789774,0.8122517394633332,0.24210008793069981,1.0,0.09724539124006998,0.0,0.12593756842628503
252,63.0,raw_sindy_mpc,0,19.18057632446289,815.6854248046875,87.99588775634766,5.1229329109191895,133.74070739746094,400.0,-0.7071067811865471,-0.7071067811865479,0.8547194956666664,0.21628346375639945,1.0,0.06738944420938241,0.0,0.17775214269785578
253,63.25,raw_sindy_mpc,0,19.37137794494629,816.662841796875,88.0492172241211,4.968804359436035,113.11870574951172,400.0,-0.7518398074789773,-0.6593458151000691,0.9119713813079928,0.1872643538398276,1.0,0.04363380849429733,0.0,0.24489821203473636
254,63.5,raw_sindy_mpc,0,19.618310928344727,821.2874145507812,88.06100463867188,4.79317045211792,93.68560028076172,400.0,-0.7933533402912349,-0.6087614290087209,0.9590967669141852,0.15307552855504195,1.0,0.02572515644732649,0.0,0.33443531741356664
255,63.75,raw_sindy_mpc,0,19.894548416137695,829.1141357421875,87.82408905029297,4.618044376373291,74.2271728515625,400.0,-0.8314696123025452,-0.5555702330196022,0.9781503508441324,0.11257561848100024,1.0,0.013221794477653438,0.0,0.4511528471251604
256,64.0,raw_sindy_mpc,0,20.120994567871094,837.9915161132812,87.55108642578125,4.44291877746582,54.76875305175781,400.0,-0.8660254037844385,-0.5000000000000004,0.9920135764062119,0.07085225441312534,1.0,0.0065969305782924295,0.0,0.5785194336974309
257,64.25,raw_sindy_mpc,0,20.254005432128906,843.8082275390625,87.15792846679688,4.263684272766113,36.9799690246582,400.0,-0.8968727415326883,-0.44228869021900136,0.998453956769019,0.03518694833860137,1.0,0.0025878797784187595,0.0,0.7067799435946786
258,64.5,raw_sindy_mpc,0,20.361286163330078,845.6978149414062,86.7425537109375,4.063048362731934,27.370397567749023,400.0,-0.9238795325112868,-0.3826834323650895,0.9871173275404648,0.011804992351383388,1.0,0.00033804884569767435,0.0,0.8183005240259812
259,64.75,raw_sindy_mpc,0,20.451784133911133,845.5783081054688,85.65666961669922,3.8629043102264404,17.641185760498047,400.0,-0.9469301294951056,-0.3214394653031618,0.9034091795474897,0.0,1.0,0.0,0.0,0.9580629060337764
260,65.0,raw_sindy_mpc,0,20.54135513305664,843.4515991210938,82.62728881835938,3.6627604961395264,7.91197395324707,400.0,-0.9659258262890683,-0.25881904510252063,0.6598855013644159,0.0,1.0,0.0,0.0,1.0
261,65.25,raw_sindy_mpc,0,20.26470947265625,840.6171875,81.4664077758789,3.4847519397735596,0.0,400.0,-0.9807852804032303,-0.19509032201612866,0.5456420618277447,0.0,1.0,0.0,0.0,1.0
262,65.5,raw_sindy_mpc,0,19.804061889648438,837.5481567382812,81.93231964111328,3.4109272956848145,0.0,400.0,-0.9914448613738104,-0.13052619222005163,0.5609594078418837,0.0,1.0,0.0,0.0,1.0
263,65.75,raw_sindy_mpc,0,19.353586196899414,834.8516845703125,82.55040740966797,3.3358733654022217,0.0,400.0,-0.9978589232386035,-0.06540312923014273,0.6222479495351142,0.0,1.0,0.0,0.0,1.0
264,66.0,raw_sindy_mpc,0,19.014381408691406,832.8162231445312,82.81417083740234,3.260819435119629,0.0,399.9999694824219,-1.0,-1.8369701987210297e-16,0.6728241943914739,0.0,1.0,0.0,0.0,1.0
265,66.25,raw_sindy_mpc,0,18.760835647583008,831.2576293945312,82.79438781738281,3.1857657432556152,0.0,400.0,-0.9978589232386036,0.06540312923014237,0.6982442451811451,0.0,1.0,0.0,0.0,1.0
266,66.5,raw_sindy_mpc,0,18.41438102722168,829.0776977539062,82.58806610107422,3.1107118129730225,0.0,400.0,-0.9914448613738105,0.13052619222005127,0.7156479429786206,0.0,1.0,0.0,0.0,1.0
267,66.75,raw_sindy_mpc,0,18.043054580688477,826.4002685546875,82.12247467041016,3.0356578826904297,0.0,400.0,-0.9807852804032304,0.1950903220161283,0.7078955047976722,0.0,1.0,0.0,1.1690944249465395e-07,1.0
268,67.0,raw_sindy_mpc,0,17.66202735900879,823.2899169921875,81.58277130126953,2.960603952407837,0.0,400.0,-0.9659258262890684,0.2588190451025203,0.7152149008821103,0.0,1.0,0.0,0.1094705998498065,1.0
269,67.25,raw_sindy_mpc,0,17.060527801513672,814.6582641601562,86.75637817382812,2.8605098724365234,0.0,400.0,-0.9469301294951057,0.3214394653031615,1.0,0.0,1.0,0.07750118498042877,0.0,1.0
270,67.5,raw_sindy_mpc,0,16.645870208740234,744.9326782226562,80.43516540527344,2.631488084793091,0.0,400.0,-0.923879532511287,0.38268343236508917,0.7797673015302706,0.0,1.0,0.0,0.0,1.0
271,67.75,raw_sindy_mpc,0,16.887489318847656,731.1878662109375,78.37486267089844,2.4063262939453125,0.0,400.0,-0.8968727415326884,0.442288690219001,0.5697744296094244,0.00028095582801665746,1.0,0.0,0.0,1.0
272,68.0,raw_sindy_mpc,0,16.70441436767578,730.9485473632812,78.85231018066406,2.1811647415161133,0.0,400.0,-0.8660254037844386,0.5000000000000001,0.5298189036687732,0.0,1.0,0.0,0.0,1.0
273,68.25,raw_sindy_mpc,0,16.341976165771484,730.5866088867188,79.76087188720703,1.9560028314590454,0.0,400.0,-0.8314696123025455,0.5555702330196018,0.5798345810598754,0.0,1.0,0.0,4.47245425821885e-11,1.0
274,68.5,raw_sindy_mpc,0,15.997199058532715,730.2919311523438,80.23695373535156,1.7308411598205566,0.0,400.0,-0.7933533402912357,0.6087614290087199,0.657071266836187,0.0,1.0,0.0,0.07086860493025832,1.0
275,68.75,raw_sindy_mpc,0,15.4732666015625,726.572509765625,86.04826354980469,1.5056793689727783,0.0,400.0,-0.7518398074789772,0.6593458151000691,1.0,0.0,1.0,0.027832864229459162,0.0,1.0
276,69.0,raw_sindy_mpc,0,15.574457168579102,699.72509765625,80.20895385742188,1.280517578125,0.0,400.0,-0.7071067811865477,0.7071067811865474,0.7980207727434556,0.015429047411443986,1.0,0.0,0.183894912369377,1.0
277,69.25,raw_sindy_mpc,0,15.529579162597656,692.1990356445312,85.51197052001953,1.1041477918624878,0.0,400.0,-0.6593458151000687,0.7518398074789775,1.0,0.0,1.0,0.0,0.0,1.0
278,69.5,raw_sindy_mpc,0,16.026872634887695,694.4905395507812,79.4255599975586,1.1299784183502197,0.0,400.0,-0.608761429008721,0.7933533402912349,0.7289923613206767,0.03416598559609115,1.0,0.0,0.21609176636544689,1.0
279,69.75,raw_sindy_mpc,0,15.88029956817627,700.06396484375,85.48163604736328,1.154996395111084,0.0,400.0,-0.555570233019603,0.8314696123025447,1.0,0.0,1.0,0.0,0.0,1.0
280,70.0,raw_sindy_mpc,0,16.290117263793945,702.0946044921875,79.46354675292969,1.1800143718719482,0.0,400.0,-0.5000000000000004,0.8660254037844384,0.7014786343056698,0.010040902168720682,1.0,0.0,0.1726810885105084,1.0
281,70.25,raw_sindy_mpc,0,16.023273468017578,699.5012817382812,85.43072509765625,1.1872718334197998,0.0,400.0,-0.4422886902190014,0.8968727415326883,1.0,0.0,1.0,0.0,0.0,1.0
282,70.5,raw_sindy_mpc,0,16.39528465270996,701.899658203125,79.4511489868164,1.109848976135254,0.0,400.0,-0.38268343236508956,0.9238795325112868,0.6890733524823663,0.01223162509953249,1.0,0.0,0.16880987137757436,1.0
283,70.75,raw_sindy_mpc,0,16.08216667175293,700.7803955078125,85.42079162597656,1.0347951650619507,0.0,400.0,-0.32143946530316186,0.9469301294951056,1.0,0.0,1.0,0.0,0.0,1.0
284,71.0,raw_sindy_mpc,0,16.43007469177246,703.6755981445312,79.44271850585938,0.9597411751747131,0.0,400.0,-0.25881904510252157,0.9659258262890681,0.685557800291254,0.015127595638030646,1.0,0.0,0.1775498293595635,1.0
285,71.25,raw_sindy_mpc,0,16.10381317138672,703.8345947265625,85.41924285888672,0.8664162158966064,0.0,400.0,-0.19509032201612872,0.9807852804032303,1.0,0.0,1.0,0.0,0.0,1.0
286,71.5,raw_sindy_mpc,0,16.406517028808594,706.8822631835938,79.4299545288086,0.689144492149353,0.0,400.0,-0.13052619222005168,0.9914448613738104,0.6940673420534405,0.023165232824092875,1.0,0.0,0.22893916815485832,1.0
287,71.75,raw_sindy_mpc,0,16.095048904418945,708.2222290039062,85.42074584960938,0.514018714427948,0.0,400.0,-0.0654031292301428,0.9978589232386035,1.0,0.0,1.0,0.0,0.0,1.0
288,72.0,raw_sindy_mpc,0,16.347728729248047,711.147216796875,79.35443878173828,0.3388928771018982,0.0,400.0000305175781,0.0,1.0,0.7057606336908234,0.026340926652455802,1.0,0.0,0.29469337982544536,1.0
289,72.25,raw_sindy_mpc,0,16.087678909301758,711.2343139648438,85.37674713134766,0.18358004093170166,0.0,400.0,0.06540312923014306,0.9978589232386035,1.0,0.0,1.0,0.0,0.0,1.0
290,72.5,raw_sindy_mpc,0,16.310928344726562,714.204833984375,79.26229858398438,0.10941768437623978,0.0,400.0,0.13052619222005157,0.9914448613738104,0.7084472927956718,0.02269457124787361,1.0,0.0,0.29771229660896775,1.0
291,72.75,raw_sindy_mpc,0,16.04828453063965,712.7784423828125,85.30630493164062,0.0343637652695179,0.0,400.0,0.19509032201612825,0.9807852804032304,1.0,0.0,1.0,0.0,0.0,1.0
292,73.0,raw_sindy_mpc,0,16.26625633239746,715.8565063476562,79.17137145996094,-0.04069015011191368,0.0,400.0,0.25881904510252074,0.9659258262890683,0.7088350168841325,0.01751846092837257,1.0,0.0,0.2684712513588033,1.0
293,73.25,raw_sindy_mpc,0,15.971126556396484,713.5253295898438,85.22227478027344,-0.10000000149011612,0.0,400.0,0.3214394653031616,0.9469301294951057,1.0,0.0,1.0,0.0,0.0,1.0
294,73.5,raw_sindy_mpc,0,16.238893508911133,716.7868041992188,79.087890625,-0.10000000149011612,0.0,400.0,0.3826834323650898,0.9238795325112867,0.7008322219028458,0.01665529931473465,1.0,0.0,0.1818156312493035,1.0
295,73.75,raw_sindy_mpc,0,15.896349906921387,717.5010375976562,85.11804962158203,-0.10000000149011612,0.0,400.0,0.44228869021900125,0.8968727415326884,1.0,0.004230289790466585,1.0,0.0,0.0,1.0
296,74.0,raw_sindy_mpc,0,16.235322952270508,722.4492797851562,79.04961395263672,-0.10000000149011612,0.0,400.0,0.49999999999999994,0.8660254037844387,0.7054730676539235,0.03192802151318214,1.0,0.0,0.06342892203113704,1.0
297,74.25,raw_sindy_mpc,0,15.834763526916504,733.7512817382812,84.45169830322266,-0.08612718433141708,0.0,400.0,0.5555702330196022,0.8314696123025452,1.0,0.003616465193127189,1.0,0.0,0.0,1.0
298,74.5,raw_sindy_mpc,0,16.238788604736328,738.0497436523438,78.86602020263672,-0.008986340835690498,0.0,400.0,0.6087614290087207,0.7933533402912352,0.7225059032454224,0.026560804211207,1.0,0.0,0.0,1.0
299,74.75,raw_sindy_mpc,0,16.231090545654297,750.4826049804688,77.9812240600586,0.06606757640838623,0.0,400.0,0.6593458151000688,0.7518398074789774,0.6108120944411642,0.012475853785927329,1.0,0.0,0.0,1.0
300,75.0,raw_sindy_mpc,0,16.03266716003418,756.4097900390625,78.46307373046875,0.1411214917898178,0.0,400.0,0.7071067811865476,0.7071067811865476,0.6372843227821907,0.004416718575521195,1.0,0.0,0.0,1.0
301,75.25,raw_sindy_mpc,0,15.797755241394043,758.9766845703125,79.08699035644531,0.16223999857902527,0.0,400.0,0.7518398074789774,0.6593458151000688,0.7218600916205546,0.0015764388724144461,1.0,0.0,0.0,1.0
302,75.5,raw_sindy_mpc,0,15.572113037109375,760.3867797851562,79.3147201538086,-0.04327821731567383,0.0,400.0,0.7933533402912352,0.6087614290087207,0.8060599373846965,0.0010103637305653539,1.0,0.0,0.0,1.0
303,75.75,raw_sindy_mpc,0,15.43018913269043,761.7376708984375,79.01970672607422,-0.2434220016002655,0.0,400.0,0.8314696123025451,0.5555702330196024,0.8420964059113568,0.0030484342523023383,1.0,0.0,0.0,1.0
304,76.0,raw_sindy_mpc,0,15.351963996887207,764.0059204101562,78.50883483886719,-0.4435657858848572,0.0,400.0,0.8660254037844386,0.5000000000000001,0.8298283672405444,0.0036285661385237894,1.0,0.0,0.0,1.0
305,76.25,raw_sindy_mpc,0,15.30660629272461,766.5669555664062,78.05392456054688,-0.7623987197875977,0.0,400.0000305175781,0.8968727415326884,0.44228869021900125,0.8542908241001171,0.007289152105336511,1.0,0.0,0.0,1.0
306,76.5,raw_sindy_mpc,0,15.390386581420898,771.1817626953125,77.59454345703125,-1.5754133462905884,0.0,400.0,0.9238795325112867,0.38268343236508984,0.9313769339228353,0.024177465636043453,1.0,0.0,0.10965614279184677,1.0
307,76.75,raw_sindy_mpc,0,15.289374351501465,777.6626586914062,84.54778289794922,-2.375988483428955,0.0,400.0,0.9469301294951056,0.3214394653031617,1.0,0.017638286336060873,1.0,0.0,0.0,1.0
308,77.0,raw_sindy_mpc,0,16.03470802307129,788.7442016601562,78.67451477050781,-3.1765637397766113,0.0,400.0,0.9659258262890683,0.25881904510252074,1.0,0.054433095034831805,1.0,0.0,0.3271957298613848,1.0
309,77.25,raw_sindy_mpc,0,16.36085319519043,799.859619140625,84.71532440185547,-3.63791561126709,1.0914767980575562,400.0000305175781,0.9807852804032304,0.19509032201612833,1.0,0.029346987936548323,1.0,0.0,0.0,1.0
310,77.5,raw_sindy_mpc,0,16.904430389404297,815.3987426757812,79.2279281616211,-2.7917325496673584,6.789679527282715,400.0,0.9914448613738104,0.1305261922200517,0.9719672909900003,0.00964194726486437,1.0,0.0,0.09337852932929101,1.0
311,77.75,raw_sindy_mpc,0,16.740358352661133,816.8624267578125,84.4215316772461,-1.9661394357681274,12.349228858947754,400.0,0.9978589232386035,0.06540312923014327,1.0,0.0,1.0,0.0,0.0,1.0
312,78.0,raw_sindy_mpc,0,17.232322692871094,820.4940795898438,79.1179428100586,-1.1405463218688965,17.90877914428711,400.0,1.0,6.123233995736766e-17,0.8259743348719051,0.0,1.0,0.0,0.0,1.0
313,78.25,raw_sindy_mpc,0,17.329557418823242,822.8711547851562,78.64451599121094,-0.3362606465816498,28.847843170166016,400.0,0.9978589232386035,-0.06540312923014314,0.7525409417238819,0.0,1.0,0.0,0.0,1.0
314,78.5,raw_sindy_mpc,0,17.69826889038086,825.5736083984375,79.54339599609375,0.3881380259990692,61.354740142822266,400.0,0.9914448613738104,-0.1305261922200516,0.623641051166401,0.0,1.0,0.0,0.0,1.0
315,78.75,raw_sindy_mpc,0,18.189739227294922,828.1036376953125,81.30970001220703,1.1136592626571655,93.32215118408203,400.0,0.9807852804032304,-0.1950903220161282,0.581461849614389,0.028467852000209272,1.0,0.011682676493537478,0.0,0.8240135953754056
316,79.0,raw_sindy_mpc,0,18.421863555908203,819.3974609375,86.75929260253906,1.8391804695129395,125.28955841064453,400.0,0.9659258262890683,-0.25881904510252063,0.8611139985097072,0.13778562567062458,1.0,0.041632680587957,0.0,0.3784009931597142
317,79.25,raw_sindy_mpc,0,19.129379272460938,808.50927734375,86.80811309814453,2.4710185527801514,156.20404052734375,400.0,0.9469301294951057,-0.3214394653031616,0.6937255483467208,0.22116309534887893,1.0,0.06038243940801135,0.0,0.256377840569104
318,79.5,raw_sindy_mpc,0,19.681495666503906,807.373046875,86.86306762695312,2.7683680057525635,183.2554473876953,400.0,0.9238795325112868,-0.3826834323650895,0.4527010607131829,0.2853270839878493,1.0,0.08620834405178067,0.0,0.14376569888772148
319,79.75,raw_sindy_mpc,0,19.96120834350586,809.0348510742188,87.30464935302734,3.0685837268829346,210.35826110839844,400.0,0.8968727415326884,-0.44228869021900113,0.2604320459668522,0.3436123133887685,1.0,0.12287638969762317,0.0,0.017047354103090766
320,80.0,raw_sindy_mpc,0,20.010095596313477,810.329833984375,87.87583923339844,3.3687994480133057,237.4610595703125,400.0,0.8660254037844387,-0.4999999999999998,0.14533533489431424,0.4013922456475037,1.0,0.1900589625514676,0.0,0.0
321,80.25,raw_sindy_mpc,0,19.761911392211914,814.54638671875,88.2586669921875,3.6356117725372314,262.7220764160156,400.0,0.8314696123025451,-0.5555702330196023,0.09717947714948615,0.43868965734956833,1.0,0.25479382007944207,0.0,0.0
322,80.5,raw_sindy_mpc,0,19.46871566772461,821.60009765625,88.6416015625,3.7846152782440186,281.4102478027344,400.0,0.7933533402912352,-0.6087614290087207,0.09532818456786428,0.45777654056832884,1.0,0.3052743054061395,0.0,0.0
323,80.75,raw_sindy_mpc,0,19.30526351928711,827.46630859375,88.8888168334961,3.934723138809204,300.1737365722656,400.0,0.7518398074789774,-0.6593458151000688,0.07917505663343191,0.47525326474785573,1.0,0.34670082984645273,0.0,0.0
324,81.0,raw_sindy_mpc,0,19.28256607055664,833.306884765625,89.08356475830078,4.084831237792969,318.9372253417969,400.0,0.7071067811865476,-0.7071067811865475,0.03616996418222402,0.4938939037834779,1.0,0.38443974375191764,0.0,0.0
325,81.25,raw_sindy_mpc,0,19.32598876953125,840.0255737304688,89.31570434570312,4.240477561950684,336.4551696777344,400.0,0.659345815100069,-0.7518398074789773,0.01487146158295378,0.49917293823749026,0.9839656589524702,0.4000000097571665,0.0,0.0
326,81.5,raw_sindy_mpc,0,18.781721115112305,810.1370849609375,88.9766616821289,4.415887832641602,349.610595703125,400.0,0.6087614290087209,-0.793353340291235,0.05540632429326962,0.559833586865629,0.9538551421894538,0.4000000098707812,0.0,0.0
327,81.75,raw_sindy_mpc,0,17.044532775878906,725.4439697265625,86.4818344116211,4.591013431549072,362.81451416015625,400.0,0.5555702330196025,-0.831469612302545,0.068720510398214,0.7072578183523491,0.9380966721246728,0.4000000097865329,0.0,0.0
328,82.0,raw_sindy_mpc,0,16.03803825378418,700.54296875,83.66294860839844,4.766139507293701,376.0184631347656,400.0,0.49999999999999994,-0.8660254037844387,0.0,0.7330028715571825,0.9301724718689358,0.3848687515833298,0.0,0.0
329,82.25,raw_sindy_mpc,0,15.628724098205566,687.3822631835938,81.97990417480469,4.935603141784668,388.1141052246094,400.0,0.4422886902190017,-0.8968727415326881,0.0,0.7385991926286574,0.9059750478928017,0.3674794707207142,0.0,0.05649281275779398
330,82.5,raw_sindy_mpc,0,14.732332229614258,651.4795532226562,79.80276489257812,5.08547830581665,396.4154357910156,400.0,0.3826834323650899,-0.9238795325112867,0.0,0.7813403824837463,0.8719699231651433,0.35484245416260213,0.0,0.1404034985190365
331,82.75,raw_sindy_mpc,0,13.758613586425781,621.6504516601562,77.17182922363281,5.235585689544678,404.7547607421875,400.0,0.32143946530316175,-0.9469301294951056,0.0,0.8059905566889775,0.8270660773723135,0.343399813735122,0.0,0.2758552150194254
332,83.0,raw_sindy_mpc,0,12.867897033691406,597.4686279296875,74.75088500976562,5.385693550109863,413.0940856933594,400.0,0.258819045102521,-0.9659258262890682,0.0,0.8329959354255277,0.7804584124838839,0.33910111331946924,0.0,0.34907508159120954
333,83.25,raw_sindy_mpc,0,12.293843269348145,581.1170043945312,72.72463989257812,5.50631046295166,425.6326599121094,400.0,0.19509032201612816,-0.9807852804032304,0.0,0.8633237003719799,0.7334677894321732,0.34284348925938296,0.0,0.39359281286004777
334,83.5,raw_sindy_mpc,0,12.062019348144531,570.5732421875,70.61721801757812,5.530984878540039,453.01141357421875,400.0,0.130526192220052,-0.9914448613738104,0.0,0.9032495412997732,0.6885122981494076,0.3525807383792896,0.0,0.38781895535973787
335,83.75,raw_sindy_mpc,0,11.967230796813965,562.6959838867188,68.62346649169922,5.556003093719482,480.1142272949219,400.0,0.06540312923014312,-0.9978589232386035,0.0,0.9401108896099495,0.6499682774349442,0.35887312415161365,0.0,0.3510783641138343
336,84.0,raw_sindy_mpc,0,12.02108383178711,557.2144165039062,66.75989532470703,5.581020832061768,507.217041015625,400.0,1.2246467991473532e-16,-1.0,0.0,0.9740122774962184,0.6318477605036162,0.3642702900499823,0.0,0.28191736818247587
337,84.25,raw_sindy_mpc,0,12.105679512023926,554.8526611328125,65.58441925048828,5.58325719833374,523.126953125,400.0,-0.06540312923014287,-0.9978589232386035,0.0,0.9896492206814723,0.6461761205708282,0.36785850497075817,0.0,0.22884515528702706
338,84.5,raw_sindy_mpc,0,11.922314643859863,557.39599609375,66.5495834350586,5.506829738616943,501.8971252441406,400.0,-0.13052619222005177,-0.9914448613738104,0.0,0.957958633596725,0.6815220198520001,0.3650972359553198,0.0,0.30478686610715144
339,84.75,raw_sindy_mpc,0,11.756753921508789,563.0692749023438,68.08441925048828,5.4317755699157715,481.0487976074219,400.0,-0.19509032201612792,-0.9807852804032305,0.0,0.9112596211875624,0.7201392382786328,0.3523313023317205,0.0,0.3495074644850563
340,85.0,raw_sindy_mpc,0,11.713017463684082,570.0322265625,69.85841369628906,5.356721878051758,460.20050048828125,400.0,-0.2588190451025208,-0.9659258262890683,0.0,0.8620884619124154,0.7610508847777028,0.3325918134641218,0.0,0.3657064877254
341,85.25,raw_sindy_mpc,0,11.767122268676758,579.9793701171875,71.78763580322266,5.287604808807373,436.91473388671875,400.0,-0.32143946530316153,-0.9469301294951057,0.0,0.8044554206101172,0.804067714291389,0.30573950974942554,0.0,0.36394001694619643
342,85.5,raw_sindy_mpc,0,11.87602424621582,594.2083129882812,73.79560089111328,5.2377424240112305,405.5335998535156,400.0,-0.38268343236508967,-0.9238795325112868,0.0,0.7366851270066878,0.8510971007804812,0.27553390776468367,0.0,0.3410260223317768
343,85.75,raw_sindy_mpc,0,12.163528442382812,614.8646240234375,76.4771499633789,5.187706470489502,374.2611083984375,400.0,-0.44228869021900147,-0.8968727415326883,0.0,0.6969776827752074,0.9261068534155654,0.26111616147442385,0.0,0.06784627201021648
344,86.0,raw_sindy_mpc,0,13.408191680908203,673.0899658203125,81.5118179321289,5.137670516967773,342.9886474609375,400.0,-0.4999999999999997,-0.8660254037844388,0.309282160470503,0.6147857979488214,0.9999999700408605,0.2933494905656782,0.0,0.0
345,86.25,raw_sindy_mpc,0,15.678825378417969,802.2589721679688,88.1534652709961,5.052515983581543,314.8996276855469,400.0,-0.555570233019602,-0.8314696123025455,0.7164679174290429,0.40147495778870834,1.0,0.32072402192541305,0.0,0.0
346,86.5,raw_sindy_mpc,0,16.5554256439209,809.6394653320312,89.64579772949219,4.850395202636719,296.91070556640625,400.0,-0.6087614290087207,-0.7933533402912352,0.8647086812228069,0.3674061353977501,1.0,0.28130115859537974,0.0,0.0
347,86.75,raw_sindy_mpc,0,17.1237850189209,802.6658325195312,89.30392456054688,4.650251388549805,278.8421630859375,400.0,-0.6593458151000688,-0.7518398074789774,0.8477906025438529,0.3521865142947198,1.0,0.227395439967187,0.0,0.022786174161424998
348,87.0,raw_sindy_mpc,0,17.562713623046875,796.9651489257812,88.63677978515625,4.450108051300049,260.77362060546875,400.0,-0.7071067811865471,-0.7071067811865479,0.7977624945213138,0.33235690570250914,1.0,0.17926703915127398,0.0,0.06515508436400502
349,87.25,raw_sindy_mpc,0,17.831703186035156,793.6034545898438,88.21253967285156,4.21989631652832,238.04483032226562,400.0,-0.7518398074789773,-0.6593458151000691,0.8129730975088933,0.30218517239494314,1.0,0.13713323145829165,0.0,0.1302489560870458
350,87.5,raw_sindy_mpc,0,17.83205795288086,793.072021484375,88.04780578613281,3.8934578895568848,200.3135223388672,400.0000305175781,-0.7933533402912349,-0.6087614290087209,0.940141366737646,0.2530428496155051,1.0,0.099556833171888,0.0,0.25171751097111245
351,87.75,raw_sindy_mpc,0,17.75446891784668,791.5089111328125,87.71988677978516,3.5682241916656494,162.78656005859375,400.0,-0.8314696123025452,-0.5555702330196022,1.0,0.2102660411696761,1.0,0.0695519449374604,0.0,0.36033492654931987
352,88.0,raw_sindy_mpc,0,17.686492919921875,791.2953491210938,87.3617935180664,3.242990732192993,125.25960540771484,400.0,-0.8660254037844385,-0.5000000000000004,1.0,0.17343576854954162,1.0,0.0472655429526549,0.0,0.45601734174269015
353,88.25,raw_sindy_mpc,0,17.63915252685547,792.7860717773438,86.8194808959961,2.9239072799682617,91.34185028076172,400.0,-0.8968727415326883,-0.44228869021900136,1.0,0.1348658643816931,1.0,0.030108356615867925,0.0,0.5791008033481827
354,88.5,raw_sindy_mpc,0,17.65532112121582,794.03173828125,86.28079986572266,2.6238677501678467,68.48989868164062,400.0,-0.9238795325112868,-0.3826834323650895,1.0,0.10096637113506551,1.0,0.017024269016023625,0.0,0.7025917901297459
355,88.75,raw_sindy_mpc,0,17.649267196655273,797.3361206054688,85.72966003417969,2.3236520290374756,45.55675506591797,400.0,-0.9469301294951056,-0.3214394653031618,1.0,0.0638145437902844,1.0,0.007978770256794186,0.0,0.8351239754089361
356,89.0,raw_sindy_mpc,0,17.607818603515625,800.89794921875,84.43329620361328,2.0234363079071045,22.623611450195312,400.0,-0.9659258262890683,-0.25881904510252063,1.0,0.02300619356005118,1.0,0.0,0.0,1.0
357,89.25,raw_sindy_mpc,0,17.809741973876953,805.6968994140625,79.11539459228516,1.74826180934906,5.183119773864746,400.0,-0.9807852804032303,-0.19509032201612866,0.677370239306887,0.013782990838238933,1.0,0.0,0.0,1.0
358,89.5,raw_sindy_mpc,0,17.5450439453125,809.558837890625,78.3676528930664,1.5486700534820557,3.810208559036255,400.0,-0.9914448613738104,-0.13052619222005163,0.5480432187963921,0.0,1.0,0.0,0.0,1.0
359,89.75,raw_sindy_mpc,0,17.06263542175293,807.4126586914062,78.91104125976562,1.3485262393951416,2.420321226119995,400.0,-0.9978589232386035,-0.06540312923014273,0.5617672002125332,0.0,1.0,0.0,0.0,1.0
360,90.0,raw_sindy_mpc,0,16.55368423461914,805.4781494140625,79.47908782958984,1.1483824253082275,1.0304337739944458,400.0,-1.0,-1.8369701987210297e-16,0.6170417141431404,0.0,1.0,0.0,0.0,1.0
361,90.25,raw_sindy_mpc,0,16.110107421875,803.9607543945312,79.67435455322266,0.879570484161377,0.0,400.0000305175781,-0.9978589232386036,0.06540312923014237,0.666550366061584,0.0,1.0,0.0,0.155513127209732,1.0
362,90.5,raw_sindy_mpc,0,15.525956153869629,795.7882690429688,86.04073333740234,0.4017253816127777,0.0,400.0,-0.9914448613738105,0.13052619222005127,1.0,0.0,1.0,0.020256123203166315,0.0,1.0
363,90.75,raw_sindy_mpc,0,15.519229888916016,770.1206665039062,79.7119140625,-0.07361610233783722,0.0,400.0,-0.9807852804032304,0.1950903220161283,0.8977396793200815,0.049206012247629445,1.0,0.0,0.5398604318266406,1.0
364,91.0,raw_sindy_mpc,0,15.76576042175293,762.7673950195312,84.98812866210938,-0.5489575862884521,0.0,400.0,-0.9659258262890684,0.2588190451025203,1.0,0.0,1.0,0.0,0.0,1.0
365,91.25,raw_sindy_mpc,0,15.99495792388916,765.4619750976562,78.91160583496094,-0.8188828229904175,0.0,400.0,-0.9469301294951057,0.3214394653031615,0.8288611481716052,0.08434082056212182,1.0,0.0,0.8003260044700758,1.0
366,91.5,raw_sindy_mpc,0,16.648130416870117,771.2616577148438,84.68408203125,-0.4897196292877197,0.0,400.0,-0.923879532511287,0.38268343236508917,1.0,0.0,1.0,0.0,0.20075993892007973,1.0
367,91.75,raw_sindy_mpc,0,16.840280532836914,767.212158203125,85.58491516113281,-0.16448597609996796,0.0,400.0,-0.8968727415326884,0.442288690219001,1.0,0.0,1.0,0.0,0.0,1.0
368,92.0,raw_sindy_mpc,0,17.54265594482422,773.132568359375,79.53416442871094,0.16074766218662262,0.0,400.0,-0.8660254037844386,0.5000000000000001,0.6617140022043677,0.029915183118037408,1.0,0.0,0.4151296218565715,1.0
369,92.25,raw_sindy_mpc,0,17.75835418701172,772.3499145507812,85.98157501220703,0.3873352110385895,0.0,400.0,-0.8314696123025455,0.5555702330196018,0.9494781931382679,0.0,1.0,0.0,1.9402038398632135e-06,1.0
370,92.5,raw_sindy_mpc,0,17.926597595214844,776.259521484375,81.16381072998047,0.33673617243766785,0.0,400.0,-0.7933533402912357,0.6087614290087199,0.6737217298755871,0.008240410400986773,1.0,0.0,0.33638862380074036,1.0
371,92.75,raw_sindy_mpc,0,17.579233169555664,767.0684204101562,86.47576904296875,0.28670021891593933,0.0,400.0,-0.7518398074789772,0.6593458151000691,1.0,0.0,1.0,0.0,0.0,1.0
372,93.0,raw_sindy_mpc,0,17.555727005004883,769.0317993164062,80.9040756225586,0.23666426539421082,0.0,400.0,-0.7071067811865477,0.7071067811865474,0.7112804314617576,0.0034382449434666776,1.0,0.0,0.42665742084150743,1.0
373,93.25,raw_sindy_mpc,0,17.264802932739258,753.2554321289062,86.03247833251953,0.21927356719970703,0.0,400.0,-0.6593458151000687,0.7518398074789775,1.0,0.0,1.0,0.0,0.01158528629988621,1.0
374,93.5,raw_sindy_mpc,0,17.0933780670166,754.0903930664062,82.74806213378906,0.29511141777038574,0.0,400.0,-0.608761429008721,0.7933533402912349,0.8163196377117897,0.0,1.0,0.0,0.3886570971718088,1.0
375,93.75,raw_sindy_mpc,0,17.045005798339844,739.3427124023438,85.63697052001953,0.3701653480529785,0.0,400.0,-0.555570233019603,0.8314696123025447,1.0,0.0,1.0,0.0,0.0,1.0
376,94.0,raw_sindy_mpc,0,17.115535736083984,741.4456787109375,79.50807189941406,0.4452192783355713,0.0,400.0,-0.5000000000000004,0.8660254037844384,0.6642670664535895,0.036112901578384975,1.0,0.0,0.3785773035673231,1.0
377,94.25,raw_sindy_mpc,0,16.763336181640625,740.9974365234375,85.47108459472656,0.40877389907836914,0.0,400.0000305175781,-0.4422886902190014,0.8968727415326883,1.0,0.0,1.0,0.0,0.0,1.0
378,94.5,raw_sindy_mpc,0,16.791349411010742,742.9841918945312,79.3829345703125,0.055140186101198196,0.0,400.0,-0.38268343236508956,0.9238795325112868,0.7101400926107875,0.05826823858633562,1.0,0.0,0.5489100893922063,1.0
379,94.75,raw_sindy_mpc,0,16.664575576782227,745.8056640625,85.21007537841797,-0.29511141777038574,0.0,400.0,-0.32143946530316186,0.9469301294951056,1.0,0.0,1.0,0.0,0.13498903001551943,1.0
380,95.0,raw_sindy_mpc,0,16.377408981323242,742.3148193359375,85.29633331298828,-0.6453630328178406,0.0,400.0,-0.25881904510252157,0.9659258262890681,1.0,0.0,1.0,0.0,0.05878092955486702,1.0
381,95.25,raw_sindy_mpc,0,16.276782989501953,742.6212158203125,84.12560272216797,-0.8867855072021484,0.0,400.0,-0.19509032201612872,0.9807852804032303,1.0,0.0,1.0,0.0,0.34293091344782334,1.0
382,95.5,raw_sindy_mpc,0,16.55297088623047,732.4197998046875,84.61529541015625,-0.8363048434257507,0.0,400.0,-0.13052619222005168,0.9914448613738104,1.0,0.01898421456859377,1.0,0.0,0.28099519769482545,1.0
383,95.75,raw_sindy_mpc,0,16.728328704833984,732.9699096679688,84.65316772460938,-0.7862688899040222,0.0,400.0,-0.0654031292301428,0.9978589232386035,1.0,0.03784821324292175,1.0,0.0,0.29400754856761846,1.0
384,96.0,raw_sindy_mpc,0,16.913265228271484,740.8037719726562,84.63236999511719,-0.7362329363822937,0.0,400.0,0.0,1.0,1.0,0.04600587606389797,1.0,0.0,0.3329466071514434,1.0
385,96.25,raw_sindy_mpc,0,17.127540588378906,750.661376953125,84.6380615234375,-0.7937687039375305,0.0,400.0,0.06540312923014306,0.9978589232386035,0.9859336509686051,0.051995490807352336,1.0,0.0,0.38356965530330045,1.0
386,96.5,raw_sindy_mpc,0,17.373716354370117,761.393310546875,84.69825744628906,-1.1468727588653564,0.0,400.0,0.13052619222005157,0.9914448613738104,0.9724691335487324,0.060397461848361686,1.0,0.0,0.502144763243824,1.0
387,96.75,raw_sindy_mpc,0,17.716215133666992,771.6268920898438,84.7745361328125,-1.4971243143081665,0.0,400.0,0.19509032201612825,0.9807852804032304,0.9471314105048648,0.07605719160130557,1.0,0.0,0.6392686690152226,1.0
388,97.0,raw_sindy_mpc,0,18.129179000854492,783.8648681640625,84.9021224975586,-1.8473759889602661,0.0,400.0,0.25881904510252074,0.9659258262890683,0.9139137898781867,0.07979291223479493,1.0,0.0,0.776386676601918,1.0
389,97.25,raw_sindy_mpc,0,18.5795841217041,793.4315185546875,85.09278869628906,-2.114225387573242,0.0,400.0,0.3214394653031616,0.9469301294951057,0.869495144918295,0.08490813489974457,1.0,0.0,0.8612195923273819,1.0
390,97.5,raw_sindy_mpc,0,18.981653213500977,802.6614990234375,85.3951416015625,-2.163982629776001,0.0,400.0,0.3826834323650898,0.9238795325112867,0.832917813544271,0.07838072408838462,1.0,0.0,0.8373846070482179,1.0
391,97.75,raw_sindy_mpc,0,19.216964721679688,810.3896484375,85.85248565673828,-2.2140185832977295,0.0,400.0,0.44228869021900125,0.8968727415326884,0.8387799830678588,0.06619594111779938,1.0,0.0,0.7665408792465547,1.0
392,98.0,raw_sindy_mpc,0,19.329509735107422,815.8894653320312,86.22962188720703,-2.264054536819458,0.0,400.0,0.49999999999999994,0.8660254037844387,0.8753553001736671,0.05575450692497544,1.0,0.0,0.6981275758875337,1.0
393,98.25,raw_sindy_mpc,0,19.324077606201172,819.4913940429688,86.40132141113281,-2.4381515979766846,0.0,400.0,0.5555702330196022,0.8314696123025452,0.9459246535421629,0.05380867069205622,1.0,0.0,0.6943886777068067,1.0
394,98.5,raw_sindy_mpc,0,19.132347106933594,821.7545166015625,86.23245239257812,-2.941265344619751,0.0,400.0,0.6087614290087207,0.7933533402912352,1.0,0.05971772871166057,1.0,0.0,0.7801121661263828,1.0
395,98.75,raw_sindy_mpc,0,18.955459594726562,823.056396484375,85.71166229248047,-3.441624641418457,0.0,400.0,0.6593458151000688,0.7518398074789774,1.0,0.0707447418189941,1.0,0.0,0.8913894509520541,1.0
396,99.0,raw_sindy_mpc,0,18.807056427001953,824.8539428710938,85.17678833007812,-3.941984176635742,0.0,400.0,0.7071067811865476,0.7071067811865476,1.0,0.0809393652972839,1.0,0.0,1.0,1.0
397,99.25,raw_sindy_mpc,0,18.777889251708984,827.4125366210938,84.71643829345703,-4.153722286224365,0.0,400.0,0.7518398074789774,0.6593458151000688,1.0,0.07944111121304023,1.0,0.0,0.9999999890457951,1.0
398,99.5,raw_sindy_mpc,0,18.989322662353516,830.5328979492188,84.51802825927734,-3.625161647796631,0.0,400.0,0.7933533402912352,0.6087614290087207,1.0,0.060970187128726636,1.0,0.0,0.7969748298879955,1.0
399,99.75,raw_sindy_mpc,0,19.120515823364258,833.9093627929688,84.77600860595703,-3.0997843742370605,0.0,400.0,0.8314696123025451,0.5555702330196024,1.0,0.02943304996578066,1.0,0.0,0.4621532995647126,1.0
400,100.0,raw_sindy_mpc,0,19.08092498779297,836.6942138671875,85.12101745605469,-2.574406862258911,0.0,400.0,0.8660254037844386,0.5000000000000001,1.0,0.0,1.0,0.0,0.11396323605013213,1.0
401,100.25,raw_sindy_mpc,0,18.92228889465332,839.9904174804688,85.01072692871094,-2.1132874488830566,0.0,400.0,0.8968727415326884,0.44228869021900125,1.0,0.0,1.0,0.0,0.0,1.0
402,100.5,raw_sindy_mpc,0,19.26222038269043,847.4371948242188,78.75634765625,-1.8135154247283936,0.0,400.0,0.9238795325112867,0.38268343236508984,0.790402896125664,0.0,1.0,0.0,0.0,1.0
403,100.75,raw_sindy_mpc,0,19.159576416015625,851.9938354492188,77.62471008300781,-1.513299822807312,0.0,400.0,0.9469301294951056,0.3214394653031617,0.6606461331515665,0.0,1.0,0.0,0.0,1.0
404,101.0,raw_sindy_mpc,0,18.898386001586914,855.0398559570312,78.07764434814453,-1.213084101676941,0.0,400.0,0.9659258262890683,0.25881904510252074,0.6468697255087477,0.0,1.0,0.0,0.0,1.0
405,101.25,raw_sindy_mpc,0,18.614459991455078,857.1870727539062,79.00749206542969,-0.9128684401512146,1.3884741067886353,400.0,0.9807852804032304,0.19509032201612833,0.6801513454141418,0.0,1.0,0.0,0.0,1.0
406,101.5,raw_sindy_mpc,0,18.393077850341797,858.7938232421875,79.89114379882812,-0.6126527786254883,6.276459693908691,400.0,0.9914448613738104,0.1305261922200517,0.7519434025472285,0.0,1.0,0.0,0.0,1.0
407,101.75,raw_sindy_mpc,0,18.298927307128906,860.1273193359375,80.3910903930664,-0.3124370872974396,11.14106559753418,400.0,0.9978589232386035,0.06540312923014327,0.7897067097236621,0.0,1.0,0.0,0.0,1.0
408,102.0,raw_sindy_mpc,0,18.320241928100586,861.202392578125,80.63130187988281,-0.012221422977745533,16.00567054748535,400.0,1.0,6.123233995736766e-17,0.7942642165473931,0.0,1.0,0.0,0.0,1.0
409,102.25,raw_sindy_mpc,0,18.41423797607422,862.032958984375,80.83045959472656,0.2952721416950226,20.465343475341797,400.0,0.9978589232386035,-0.06540312923014314,0.7938764445378211,0.0,1.0,0.0,0.0,1.0
410,102.5,raw_sindy_mpc,0,18.560558319091797,862.8604736328125,81.0591812133789,0.6205607652664185,23.93761444091797,400.0,0.9914448613738104,-0.1305261922200516,0.7882942745945295,0.0,1.0,0.0,0.0,1.0
411,102.75,raw_sindy_mpc,0,18.733333587646484,863.6898193359375,81.36650085449219,0.945794403553009,27.41233253479004,400.0,0.9807852804032304,-0.1950903220161282,0.7636948062276349,0.0,1.0,0.0,0.0,1.0
412,103.0,raw_sindy_mpc,0,18.908496856689453,864.4644775390625,81.78466033935547,1.2710280418395996,30.887052536010742,400.0,0.9659258262890683,-0.25881904510252063,0.7477206679039249,0.0,1.0,0.009099660415825366,0.0,1.0
413,103.25,raw_sindy_mpc,0,19.012475967407227,850.0505981445312,82.39289855957031,1.6550453901290894,41.684566497802734,400.0,0.9469301294951057,-0.3214394653031616,0.7288496298888706,0.0,1.0,0.016816217768591067,0.0,0.8989115330082701
414,103.5,raw_sindy_mpc,0,19.0560302734375,820.8990478515625,86.87479400634766,2.1808769702911377,70.25920867919922,400.0,0.9238795325112868,-0.3826834323650895,0.9834262674119209,0.13283589099289297,1.0,0.03958598462953323,0.0,0.5322308829099074
415,103.75,raw_sindy_mpc,0,19.611799240112305,817.3270874023438,86.95352935791016,2.706254482269287,98.75189971923828,400.0,0.8968727415326884,-0.44228869021900113,0.8490215771610021,0.19409393462321167,1.0,0.056953699572353224,0.0,0.42468383967827256
416,104.0,raw_sindy_mpc,0,20.210643768310547,818.873291015625,86.7040786743164,3.2316319942474365,127.24459075927734,400.0,0.8660254037844387,-0.4999999999999998,0.5892957536091954,0.24874695056762455,1.0,0.08174885508154091,0.0,0.3060304731121455
417,104.25,raw_sindy_mpc,0,20.578622817993164,821.5799560546875,86.80909729003906,3.7048940658569336,155.11740112304688,400.0,0.8314696123025451,-0.5555702330196023,0.3562400655488558,0.3024545369198405,1.0,0.11446905573393866,0.0,0.1687665383484889
418,104.5,raw_sindy_mpc,0,20.680282592773438,825.093505859375,87.23391723632812,4.054924488067627,181.52207946777344,400.0,0.7933533402912352,-0.6087614290087207,0.18083307025555403,0.35181372982532894,1.0,0.15391724667703505,0.0,0.037862193996216285
419,104.75,raw_sindy_mpc,0,20.633068084716797,829.4466552734375,87.78656005859375,4.405176162719727,207.92994689941406,400.0,0.7518398074789774,-0.6593458151000688,0.06377529233085596,0.3995527107571421,1.0,0.21972591542687872,0.0,0.0
420,105.0,raw_sindy_mpc,0,20.382339477539062,835.6030883789062,88.39229583740234,4.755427837371826,234.33779907226562,400.0,0.7071067811865476,-0.7071067811865475,0.012171609749657603,0.44042421872796006,1.0,0.29739380747720234,0.0,0.0
421,105.25,raw_sindy_mpc,0,20.159574508666992,843.3118286132812,88.68756866455078,5.037901401519775,266.3753662109375,400.0,0.659345815100069,-0.7518398074789773,0.0,0.4639698843186168,0.997635096485391,0.355118738891812,0.0,0.0
422,105.5,raw_sindy_mpc,0,20.147924423217773,844.2454833984375,88.54937744140625,5.162832260131836,311.5783996582031,400.0,0.6087614290087209,-0.793353340291235,0.0,0.49374863770758975,0.9765140987547171,0.38020581691932565,0.0,0.0
423,105.75,raw_sindy_mpc,0,19.41078758239746,793.313720703125,87.22148132324219,5.287922382354736,356.7497253417969,400.0,0.5555702330196025,-0.831469612302545,0.0,0.6070718586330496,0.9426951446274534,0.3875039830156032,0.0,1.2152976948593165e-09
424,106.0,raw_sindy_mpc,0,17.653284072875977,705.5624389648438,83.10462951660156,5.4130120277404785,401.92108154296875,400.0,0.49999999999999994,-0.8660254037844387,0.0,0.7672332910099077,0.9224103603241021,0.3898779774169505,0.0,0.0
425,106.25,raw_sindy_mpc,0,16.473970413208008,677.4502563476562,79.0924072265625,5.4546122550964355,421.56610107421875,400.0,0.4422886902190017,-0.8968727415326881,0.0,0.804053014842541,0.9386391645592257,0.3927583709871268,0.0,0.0
426,106.5,raw_sindy_mpc,0,16.227197647094727,712.1885986328125,81.0868148803711,5.304169654846191,382.5625,400.0,0.3826834323650899,-0.9238795325112867,0.0,0.6792497200444888,0.9636991332711248,0.36030617070437415,0.0,0.0707726967659073
427,106.75,raw_sindy_mpc,0,16.690587997436523,760.2681884765625,85.0114517211914,5.154061794281006,343.6456604003906,400.0,0.32143946530316175,-0.9469301294951056,0.10646422927696143,0.6024764134288807,1.0,0.39195547341905496,0.0,0.0
428,107.0,raw_sindy_mpc,0,17.80814552307129,846.5230102539062,88.52838897705078,5.00395393371582,304.72882080078125,400.0,0.258819045102521,-0.9659258262890682,0.4086902556975685,0.42815266162826526,1.0,0.380251937486462,0.0,0.0
429,107.25,raw_sindy_mpc,0,17.95731544494629,844.093017578125,89.84217071533203,4.9152936935424805,270.92913818359375,400.0000305175781,0.19509032201612816,-0.9807852804032304,0.6640713481906133,0.39872942798325506,1.0,0.34074314951331497,0.0,0.0
430,107.5,raw_sindy_mpc,0,18.1191463470459,836.745361328125,89.47032928466797,4.965420722961426,248.7019805908203,400.0,0.130526192220052,-0.9914448613738104,0.7382346322091058,0.37822813755208706,1.0,0.28977585285633933,0.0,0.0
431,107.75,raw_sindy_mpc,0,18.32086753845215,830.1893920898438,88.78721618652344,5.015456676483154,226.46377563476562,400.0,0.06540312923014312,-0.9978589232386035,0.7392541812842354,0.35831468916468434,1.0,0.2398843941331467,0.0,1.1247678428147447e-10
432,108.0,raw_sindy_mpc,0,18.52616310119629,824.8931884765625,88.20011901855469,5.065492630004883,204.22557067871094,400.0,1.2246467991473532e-16,-1.0,0.7288625685906542,0.3392721205617859,1.0,0.19508353041990062,0.0,1.666578008907562e-09
433,108.25,raw_sindy_mpc,0,18.709148406982422,820.0892944335938,87.81268310546875,4.9918084144592285,185.43276977539062,400.0,-0.06540312923014287,-0.9978589232386035,0.7290440548785407,0.3214403849422343,1.0,0.15230500875921973,0.0,6.9444769824028e-09
434,108.5,raw_sindy_mpc,0,18.88958168029785,814.8150024414062,87.62158203125,4.641049385070801,174.31903076171875,400.0,-0.13052619222005177,-0.9914448613738104,0.7427635203527091,0.3077342983872554,1.0,0.1132457150650983,0.0,0.024537603667407388
435,108.75,raw_sindy_mpc,0,19.062347412109375,813.2337646484375,87.59086608886719,4.290798187255859,163.19993591308594,400.0,-0.19509032201612792,-0.9807852804032305,0.7744051752731118,0.2883123810601217,1.0,0.08049202460124814,0.0,0.061532208133720234
436,109.0,raw_sindy_mpc,0,19.2614803314209,814.6050415039062,87.67170715332031,3.9405462741851807,152.08084106445312,400.0,-0.2588190451025208,-0.9659258262890683,0.8167668263448102,0.2646923048271838,1.0,0.05379370858157124,0.0,0.11465168241646569
437,109.25,raw_sindy_mpc,0,19.488195419311523,819.6883544921875,87.74868774414062,3.652916431427002,138.7898406982422,400.0,-0.32143946530316153,-0.9469301294951057,0.8612304822917844,0.23413940394930152,1.0,0.03320719084449653,0.0,0.18577167096792338
438,109.5,raw_sindy_mpc,0,19.706527709960938,828.3212280273438,87.6811294555664,3.502875566482544,120.71651458740234,400.0,-0.38268343236508967,-0.9238795325112868,0.8998069676647636,0.19495225493436025,1.0,0.01884800308437363,0.0,0.2746047564548265
439,109.75,raw_sindy_mpc,0,19.891992568969727,838.3622436523438,87.54078674316406,3.3527677059173584,102.6479721069336,400.0,-0.44228869021900147,-0.8968727415326883,0.9347149738328349,0.15266391264876017,1.0,0.010016067592324467,0.0,0.3808248899762276
440,110.0,raw_sindy_mpc,0,20.00377655029297,848.1206665039062,87.31827545166016,3.202659845352173,84.57943725585938,400.0,-0.4999999999999997,-0.8660254037844388,0.9695293048123856,0.1100348331603254,1.0,0.005363659145655352,0.0,0.49842231079470745
441,110.25,raw_sindy_mpc,0,20.064477920532227,854.5907592773438,86.96285247802734,3.0999999046325684,68.9249267578125,400.0,-0.555570233019602,-0.8314696123025455,0.9961181109541081,0.07407696704629224,1.0,0.0024199894939180458,0.0,0.6135921919701611
442,110.5,raw_sindy_mpc,0,20.174577713012695,858.9951782226562,86.4920654296875,3.0999999046325684,58.503074645996094,400.0,-0.6087614290087207,-0.7933533402912352,0.9979366973846717,0.04615621915593956,1.0,0.0007034862407336134,0.0,0.7141053330201625
443,110.75,raw_sindy_mpc,0,20.264198303222656,861.3399047851562,86.09516906738281,3.0999999046325684,48.07891845703125,400.0,-0.6593458151000688,-0.7518398074789774,0.9991225064556556,0.02436317523284625,1.0,6.361842101377215e-09,0.0,0.8067679894798204
444,111.0,raw_sindy_mpc,0,20.30571746826172,860.1241455078125,85.7038345336914,3.0999999046325684,37.65476608276367,400.0,-0.7071067811865471,-0.7071067811865479,0.9983283789333035,0.010585675248788,1.0,0.0,0.0,0.89369924417962
445,111.25,raw_sindy_mpc,0,20.357276916503906,855.096923828125,84.51956176757812,3.123896598815918,28.559690475463867,400.0,-0.7518398074789773,-0.6593458151000691,0.9064882415417336,0.0033018901891116296,1.0,0.0,0.0,0.9968943418517727
446,111.5,raw_sindy_mpc,0,20.541656494140625,847.927734375,80.5555191040039,3.198993444442749,22.306095123291016,400.0,-0.7933533402912349,-0.6087614290087209,0.6396908093258376,0.018669591493630434,1.0,0.0,0.0,1.0
447,111.75,raw_sindy_mpc,0,20.24396324157715,845.3739013671875,80.08843994140625,3.274047374725342,16.05160140991211,400.0,-0.8314696123025452,-0.5555702330196022,0.5487023273553846,0.009810210814161398,1.0,0.0,0.0,1.0
448,112.0,raw_sindy_mpc,0,19.739259719848633,838.202880859375,80.67207336425781,3.3491013050079346,9.79710865020752,400.0,-0.8660254037844385,-0.5000000000000004,0.6015468666803839,0.0033605917217793377,1.0,0.0,0.0,1.0
449,112.25,raw_sindy_mpc,0,19.284011840820312,828.647216796875,81.08122253417969,3.4724245071411133,5.107910633087158,400.0,-0.8968727415326883,-0.44228869021900136,0.6756661869417682,0.003031550628416932,1.0,0.0,0.0,1.0
450,112.5,raw_sindy_mpc,0,19.01403045654297,820.068603515625,81.12940216064453,3.697627544403076,3.7183480262756348,400.0,-0.9238795325112868,-0.3826834323650895,0.7112944426285375,0.0052746817028879525,1.0,0.0,0.0,1.0
451,112.75,raw_sindy_mpc,0,18.87917709350586,813.354248046875,81.01587677001953,3.9227893352508545,2.328460693359375,400.0,-0.9469301294951056,-0.3214394653031618,0.7077049264305898,0.007895252253479748,1.0,0.0,0.0,1.0
452,113.0,raw_sindy_mpc,0,18.811996459960938,808.391357421875,80.95435333251953,4.147951126098633,0.9385733604431152,400.0,-0.9659258262890683,-0.25881904510252063,0.6947399398229205,0.008532597814651478,1.0,0.0,0.0,1.0
453,113.25,raw_sindy_mpc,0,18.763959884643555,804.0997314453125,81.03755950927734,4.340625762939453,0.0,400.0,-0.9807852804032303,-0.19509032201612866,0.6864291019902273,0.008482876134476463,1.0,0.0,0.0,1.0
454,113.5,raw_sindy_mpc,0,18.713497161865234,799.929931640625,81.23612213134766,4.465708255767822,0.0,400.0,-0.9914448613738104,-0.13052619222005163,0.6849888046217534,0.008979154148153205,1.0,0.0,0.0,1.0
455,113.75,raw_sindy_mpc,0,18.67095947265625,796.0949096679688,81.44638061523438,4.5907979011535645,0.0,400.0,-0.9978589232386035,-0.06540312923014273,0.6893643623087505,0.00905429478858261,1.0,0.0,0.0,1.0
456,114.0,raw_sindy_mpc,0,18.643184661865234,792.4313354492188,81.62496948242188,4.715888023376465,0.0,400.0,-1.0,-1.8369701987210297e-16,0.7061970658432631,0.008369544842820587,1.0,0.0,0.0,1.0
457,114.25,raw_sindy_mpc,0,18.628047943115234,788.5377197265625,81.73749542236328,4.800000190734863,0.0,400.0,-0.9978589232386036,0.06540312923014237,0.7145209863764916,0.004243864291480881,1.0,0.0,0.0,1.0
458,114.5,raw_sindy_mpc,0,18.606767654418945,782.8051147460938,81.79662322998047,4.800000190734863,0.0,400.0,-0.9914448613738105,0.13052619222005127,0.7104500829858564,0.0,1.0,0.0,0.0,1.0
459,114.75,raw_sindy_mpc,0,18.580982208251953,775.256591796875,81.82384490966797,4.800000190734863,0.0,400.0,-0.9807852804032304,0.1950903220161283,0.7005741031029051,0.0,1.0,0.0,0.0,1.0
460,115.0,raw_sindy_mpc,0,18.5447998046875,767.6635131835938,81.86672973632812,4.800000190734863,0.0,400.0,-0.9659258262890684,0.2588190451025203,0.6943198537049632,0.0,1.0,0.0,0.0,1.0
461,115.25,raw_sindy_mpc,0,18.49176025390625,760.15283203125,81.92547607421875,4.733864784240723,0.0,400.0,-0.9469301294951057,0.3214394653031615,0.6908544455855858,0.0,1.0,0.0,0.0,1.0
462,115.5,raw_sindy_mpc,0,18.415390014648438,753.0626220703125,81.97415161132812,4.533716678619385,0.0,400.0,-0.923879532511287,0.38268343236508917,0.6849113513423198,0.0,1.0,0.0,0.0,1.0
463,115.75,raw_sindy_mpc,0,18.32619285583496,746.4833374023438,81.9942398071289,4.333572864532471,0.0,400.0,-0.8968727415326884,0.442288690219001,0.6763289266850191,0.0,1.0,0.0,0.0,1.0
464,116.0,raw_sindy_mpc,0,18.2260799407959,740.3936767578125,82.00736236572266,4.133429050445557,0.0,400.0,-0.8660254037844386,0.5000000000000001,0.6697476271490836,0.0,1.0,0.0,0.0,1.0
465,116.25,raw_sindy_mpc,0,18.13273811340332,734.8890991210938,82.01618194580078,3.9916605949401855,0.0,400.0,-0.8314696123025455,0.5555702330196018,0.668156659502055,0.0,1.0,0.0,0.0,1.0
466,116.5,raw_sindy_mpc,0,18.074365615844727,730.1830444335938,82.02562713623047,3.9666426181793213,0.0,400.0,-0.7933533402912357,0.6087614290087199,0.6681782712337484,0.0,1.0,0.0,0.0,1.0
467,116.75,raw_sindy_mpc,0,18.03615379333496,726.2198486328125,82.0742416381836,3.941624641418457,0.0,400.0,-0.7518398074789772,0.6593458151000691,0.6703665427274379,0.0,1.0,0.0,0.0,1.0
468,117.0,raw_sindy_mpc,0,18.01422882080078,722.9622192382812,82.14183807373047,3.9166066646575928,0.0,399.9999694824219,-0.7071067811865477,0.7071067811865474,0.6714336315814583,0.0,1.0,0.0,0.0,1.0
469,117.25,raw_sindy_mpc,0,17.984413146972656,720.2432861328125,82.22649383544922,3.799065351486206,0.0,400.0,-0.6593458151000687,0.7518398074789775,0.6679873578246425,0.0,1.0,0.0,0.0,1.0
470,117.5,raw_sindy_mpc,0,17.910371780395508,717.7944946289062,82.31055450439453,3.498849630355835,0.0,400.0,-0.608761429008721,0.7933533402912349,0.6639009739535193,0.0,1.0,0.0,0.0,1.0
471,117.75,raw_sindy_mpc,0,17.814882278442383,715.6306762695312,82.3277816772461,3.198634147644043,0.0,400.0,-0.555570233019603,0.8314696123025447,0.6577143499013955,0.0,1.0,0.0,0.0,1.0
472,118.0,raw_sindy_mpc,0,17.705156326293945,713.7587280273438,82.30802917480469,2.898418426513672,0.0,400.0,-0.5000000000000004,0.8660254037844384,0.6547330341928039,0.0,1.0,0.0,0.0,1.0
473,118.25,raw_sindy_mpc,0,17.59684181213379,711.988525390625,82.26374053955078,2.742415428161621,0.0,400.0,-0.4422886902190014,0.8968727415326883,0.663496625586654,0.0,1.0,0.0,0.0,1.0
474,118.5,raw_sindy_mpc,0,17.51744270324707,709.9013061523438,82.1855239868164,2.8675053119659424,0.0,400.0,-0.38268343236508956,0.9238795325112868,0.6801481051186831,0.0,1.0,0.0,0.0,1.0
475,118.75,raw_sindy_mpc,0,17.467771530151367,707.3935546875,82.07987976074219,2.9925951957702637,0.0,400.0,-0.32143946530316186,0.9469301294951056,0.6907610462181565,0.0,1.0,0.0,0.0,1.0
476,119.0,raw_sindy_mpc,0,17.44329071044922,704.4796142578125,81.9626693725586,3.117685079574585,0.0,400.0,-0.25881904510252157,0.9659258262890681,0.6952317435641576,0.0,1.0,0.0,0.0,1.0
477,119.25,raw_sindy_mpc,0,17.434242248535156,701.3013916015625,81.86137390136719,3.200000047683716,0.0,400.0,-0.19509032201612872,0.9807852804032303,0.6953684433768123,0.0,1.0,0.0,0.0,1.0
478,119.5,raw_sindy_mpc,0,17.429861068725586,698.1575927734375,81.7889404296875,3.200000047683716,0.0,400.0,-0.13052619222005168,0.9914448613738104,0.6944647103605841,0.0,1.0,0.0,0.0,1.0
479,119.75,raw_sindy_mpc,0,17.425521850585938,695.1029052734375,81.74333953857422,3.200000047683716,0.0,400.0,-0.0654031292301428,0.9978589232386035,0.6975537593607827,0.0,1.0,0.0,0.0,1.0
480,120.0,raw_sindy_mpc,0,17.422428131103516,692.13916015625,81.70540618896484,3.200000047683716,0.0,400.0,0.0,1.0,0.7013284435380867,0.0,1.0,0.0,0.0,1.0
481,120.25,raw_sindy_mpc,0,17.379405975341797,689.0810546875,81.6773681640625,3.1223580837249756,0.0,400.0,0.06540312923014306,0.9978589232386035,0.7069067471326625,0.0,1.0,0.0,0.0,1.0
482,120.5,raw_sindy_mpc,0,17.242919921875,685.6591796875,81.58990478515625,2.8971962928771973,0.0,400.0,0.13052619222005157,0.9914448613738104,0.7159346551602453,0.0,1.0,0.0,0.0,1.0
483,120.75,raw_sindy_mpc,0,17.069440841674805,682.0125732421875,81.3160629272461,2.672034502029419,0.0,400.0,0.19509032201612825,0.9807852804032304,0.7120716113909101,0.017567871935579377,1.0,0.0,0.0,1.0
484,121.0,raw_sindy_mpc,0,16.871278762817383,685.1795654296875,80.966796875,2.4468727111816406,0.0,400.0,0.25881904510252074,0.9659258262890683,0.7042281355379973,0.024410611353584157,1.0,0.0,0.0,1.0
485,121.25,raw_sindy_mpc,0,16.703859329223633,690.7413940429688,80.61508178710938,2.265204906463623,0.0,400.0,0.3214394653031616,0.9469301294951057,0.6961846758692579,0.026605483481812593,1.0,0.0,0.0,1.0
486,121.5,raw_sindy_mpc,0,16.639739990234375,697.1663208007812,80.33997344970703,2.165132999420166,0.0,400.0,0.3826834323650898,0.9238795325112867,0.6916098060610539,0.03074172862250721,1.0,0.0,0.0,1.0
487,121.75,raw_sindy_mpc,0,16.61957550048828,705.0989990234375,80.25975036621094,2.065061092376709,0.0,400.0,0.44228869021900125,0.8968727415326884,0.6947973816494385,0.03282426489950301,1.0,0.0,0.0,1.0
488,122.0,raw_sindy_mpc,0,16.627565383911133,713.62646484375,80.29509735107422,1.964989185333252,0.0,400.0,0.49999999999999994,0.8660254037844387,0.7062063082090444,0.03394151948201168,1.0,0.0,0.0,1.0
489,122.25,raw_sindy_mpc,0,16.651872634887695,722.396240234375,80.36871337890625,1.899999976158142,0.0,400.0,0.5555702330196022,0.8314696123025452,0.7236131915121962,0.03358853080618896,1.0,0.0,0.0,1.0
490,122.5,raw_sindy_mpc,0,16.67928123474121,730.9395751953125,80.41857147216797,1.899999976158142,0.0,400.0,0.6087614290087207,0.7933533402912352,0.7412142560896449,0.03228785653585923,1.0,0.0,0.0,1.0
491,122.75,raw_sindy_mpc,0,16.7230167388916,738.9856567382812,80.39395904541016,1.899999976158142,0.0,400.0,0.6593458151000688,0.7518398074789774,0.7533473906164665,0.030905108104984272,1.0,0.0,0.0,1.0
492,123.0,raw_sindy_mpc,0,16.781497955322266,746.5401000976562,80.32687377929688,1.899999976158142,0.0,400.0,0.7071067811865476,0.7071067811865476,0.7575013063461269,0.028389757521976342,1.0,0.0,0.0,1.0
493,123.25,raw_sindy_mpc,0,16.818862915039062,752.8343505859375,80.26985931396484,1.8292595148086548,0.0,400.0,0.7518398074789774,0.6593458151000688,0.7709104576542777,0.02624386934230976,1.0,0.0,0.0,1.0
494,123.5,raw_sindy_mpc,0,16.801170349121094,757.4473876953125,80.1748046875,1.6291157007217407,0.0,400.0,0.7933533402912352,0.6087614290087207,0.7944963866472905,0.024714027960784358,1.0,0.0,0.0,1.0
495,123.75,raw_sindy_mpc,0,16.770963668823242,760.671142578125,79.92459106445312,1.4289720058441162,0.0,400.0,0.8314696123025451,0.5555702330196024,0.8123187975796144,0.02417632202819014,1.0,0.0,0.0,1.0
496,124.0,raw_sindy_mpc,0,16.740385055541992,762.96533203125,79.56527709960938,1.2288281917572021,0.0,400.0,0.8660254037844386,0.5000000000000001,0.8221584626129432,0.025981409042344798,1.0,0.0,0.0,1.0
497,124.25,raw_sindy_mpc,0,16.716413497924805,765.4786376953125,79.16639709472656,1.0375988483428955,0.0,400.0,0.8968727415326884,0.44228869021900125,0.8385257651599817,0.027653682354001438,1.0,0.0,0.0,1.0
498,124.5,raw_sindy_mpc,0,16.713884353637695,768.5269165039062,78.75309753417969,0.8624730706214905,0.0,400.0,0.9238795325112867,0.38268343236508984,0.8469095353615682,0.02873455642486505,1.0,0.0,0.0,1.0
499,124.75,raw_sindy_mpc,0,16.718421936035156,771.8866577148438,78.37543487548828,0.6873472332954407,0.0,400.0,0.9469301294951056,0.3214394653031617,0.8486145419202189,0.02944599769639358,1.0,0.0,0.0,1.0
500,125.0,raw_sindy_mpc,0,16.71845245361328,775.3748168945312,78.05516052246094,0.5122213959693909,0.0,400.0,0.9659258262890683,0.25881904510252074,0.8409392104088912,0.029761073789061183,1.0,0.0,0.0,1.0
501,125.25,raw_sindy_mpc,0,16.691226959228516,778.8493041992188,77.85406494140625,0.3640546500682831,0.9984822869300842,400.0,0.9807852804032304,0.19509032201612833,0.8316583681168354,0.02890159517494363,1.0,0.0,0.0,1.0
502,125.5,raw_sindy_mpc,0,16.618942260742188,781.9678344726562,77.79840087890625,0.26398274302482605,3.778257131576538,400.0,0.9914448613738104,0.1305261922200517,0.8222620718969442,0.02689779338044325,1.0,0.0,0.0,1.0
503,125.75,raw_sindy_mpc,0,16.519176483154297,784.3932495117188,77.78861236572266,0.1639108508825302,6.5580315589904785,400.0,0.9978589232386035,0.06540312923014327,0.8077985165843103,0.02554327621767925,1.0,0.0,0.0,1.0
504,126.0,raw_sindy_mpc,0,16.395788192749023,786.432373046875,77.82056427001953,0.06383896619081497,9.337806701660156,400.0,1.0,6.123233995736766e-17,0.8086552607444722,0.024191623015838767,1.0,0.0,0.0,1.0
505,126.25,raw_sindy_mpc,0,16.352510452270508,788.390869140625,78.03157806396484,0.018116462975740433,19.666107177734375,399.9999694824219,0.9978589232386035,-0.06540312923014314,0.8022811653087847,0.024651430094410717,1.0,0.0,0.0,1.0
506,126.5,raw_sindy_mpc,0,16.516010284423828,791.3409423828125,78.65261840820312,0.06815240532159805,43.294193267822266,400.0,0.9914448613738104,-0.1305261922200516,0.793756372641591,0.029229019281515837,1.0,0.0,0.0,1.0
507,126.75,raw_sindy_mpc,0,16.79336929321289,796.613037109375,79.53801727294922,0.11818835139274597,66.92227935791016,400.0,0.9807852804032304,-0.1950903220161282,0.7708110039654616,0.03380271120786303,1.0,0.0,0.0,1.0
508,127.0,raw_sindy_mpc,0,17.138233184814453,804.0073852539062,80.48042297363281,0.1682243049144745,90.55036163330078,400.0,0.9659258262890683,-0.25881904510252063,0.7919443785562165,0.03675655385545739,1.0,0.0,0.0,0.9919750130863096
509,127.25,raw_sindy_mpc,0,17.541282653808594,812.5044555664062,82.74382019042969,0.2730409801006317,120.77242279052734,400.0,0.9469301294951057,-0.3214394653031616,0.8143337061144615,0.07270370137857984,1.0,0.00519319996036315,0.0,0.7584772847495307
510,127.5,raw_sindy_mpc,0,18.179319381713867,814.1786499023438,85.8228530883789,0.4731847643852234,162.4690399169922,400.0,0.9238795325112868,-0.3826834323650895,0.8295299307453372,0.14787433445217973,1.0,0.01865215146469767,0.0,0.45595267401420225
511,127.75,raw_sindy_mpc,0,19.108577728271484,805.458984375,85.83612823486328,0.6733285188674927,204.16566467285156,400.0,0.8968727415326884,-0.44228869021900113,0.5221167036825146,0.2370650599544457,1.0,0.02957502856291977,0.0,0.3020896595882375
512,128.0,raw_sindy_mpc,0,19.877470016479492,805.6019897460938,86.2198486328125,0.8734723329544067,245.86228942871094,400.0,0.8660254037844387,-0.4999999999999998,0.18651500355609252,0.3143735368629556,1.0,0.05044316446586696,0.0,0.10370388002828797
513,128.25,raw_sindy_mpc,0,20.257936477661133,803.3650512695312,87.09678649902344,1.0184040069580078,284.4915771484375,400.0,0.8314696123025451,-0.5555702330196023,0.0,0.39042117783272406,1.0,0.0984902202116039,0.0,0.0
514,128.5,raw_sindy_mpc,0,19.992725372314453,798.6668090820312,88.15953063964844,1.0684399604797363,317.848876953125,400.0,0.7933533402912352,-0.6087614290087207,0.0,0.45833830587388574,1.0,0.1715214359680316,0.0,0.0
515,128.75,raw_sindy_mpc,0,19.483884811401367,800.5972290039062,88.32047271728516,1.1184759140014648,351.2061767578125,400.0,0.7518398074789774,-0.6593458151000688,0.0,0.4888773762661564,1.0,0.22655451527241333,0.0,0.0
516,129.0,raw_sindy_mpc,0,19.2085018157959,803.1122436523438,88.12380981445312,1.1685118675231934,384.5634765625,400.0,0.7071067811865476,-0.7071067811865475,0.0,0.506003258476271,1.0,0.2580217522166182,0.0,0.0
517,129.25,raw_sindy_mpc,0,19.156064987182617,805.2280883789062,87.918212890625,1.2185478210449219,414.056640625,400.0,0.659345815100069,-0.7518398074789773,0.0,0.5198277709060755,0.9952027209001499,0.27412465909429085,0.0,0.0
518,129.5,raw_sindy_mpc,0,19.086299896240234,802.2886962890625,87.66271209716797,1.2685837745666504,436.9897766113281,400.0,0.6087614290087209,-0.793353340291235,0.0,0.539144133454811,0.9831926858874547,0.28171381323847927,0.0,0.0
519,129.75,raw_sindy_mpc,0,18.551673889160156,775.6924438476562,86.7966079711914,1.318619728088379,459.92291259765625,400.0,0.5555702330196025,-0.831469612302545,0.0,0.5960312739150423,0.9661252258200157,0.28697196340792713,0.0,0.008232077107634649
520,130.0,raw_sindy_mpc,0,17.402729034423828,731.1255493164062,84.6722183227539,1.3686556816101074,482.8560485839844,400.0,0.49999999999999994,-0.8660254037844387,0.0,0.6705327180019767,0.9505966680183527,0.29771360051125506,0.0,0.08770215465548638
521,130.25,raw_sindy_mpc,0,16.12384796142578,698.8850708007812,82.14665985107422,1.4560747146606445,502.15472412109375,400.0,0.4422886902190017,-0.8968727415326881,0.0,0.7145453773734957,0.936399748769693,0.31215643287947265,0.0,0.16929405636338635
522,130.5,raw_sindy_mpc,0,15.032919883728027,673.971435546875,80.17084503173828,1.60618257522583,515.358642578125,400.0,0.3826834323650899,-0.9238795325112867,0.0,0.7490268821396078,0.9242706173372438,0.3286878570703563,0.0,0.22659524980555606
523,130.75,raw_sindy_mpc,0,14.269808769226074,655.844970703125,78.3255386352539,1.7562904357910156,528.5625610351562,400.0,0.32143946530316175,-0.9469301294951056,0.0,0.7800726155237329,0.9136854926882715,0.3453272803792341,0.0,0.26160572043106034
524,131.0,raw_sindy_mpc,0,13.74670696258545,642.5396728515625,76.81922912597656,1.9063982963562012,541.7665405273438,400.0,0.258819045102521,-0.9659258262890682,0.0,0.8063484351140857,0.9080749257247519,0.3585704358685588,0.0,0.2685853784346711
525,131.25,raw_sindy_mpc,0,13.454655647277832,636.6148071289062,76.0767593383789,2.0,549.2152099609375,400.0,0.19509032201612816,-0.9807852804032304,0.0,0.8163529873337252,0.9092532140877718,0.36508459504793006,0.0,0.2701618022438795
526,131.5,raw_sindy_mpc,0,13.332772254943848,638.7546997070312,76.18058776855469,2.0,547.13037109375,400.0,0.130526192220052,-0.9914448613738104,0.0,0.8048719140159349,0.9141774588897548,0.3657631084896244,0.0,0.2934890092679531
527,131.75,raw_sindy_mpc,0,13.361255645751953,645.0553588867188,76.88896179199219,2.0,545.0455322265625,400.0,0.06540312923014312,-0.9978589232386035,0.0,0.7869539345229224,0.9207013133290527,0.3638403236802659,0.0,0.30079806296361694
528,132.0,raw_sindy_mpc,0,13.520963668823242,653.0906982421875,77.85797882080078,2.0,542.960693359375,400.0,1.2246467991473532e-16,-1.0,0.0,0.7676269126929081,0.92880482741039,0.35866922828412057,0.0,0.29070693664818925
529,132.25,raw_sindy_mpc,0,13.811380386352539,664.4823608398438,79.13146209716797,2.028468608856201,536.3946533203125,400.0,-0.06540312923014287,-0.9978589232386035,0.0,0.7406536689326473,0.9385736526724598,0.3491399693263447,0.0,0.27281809743950297
530,132.5,raw_sindy_mpc,0,14.227283477783203,680.26953125,80.85077667236328,2.103522539138794,522.4957885742188,400.0,-0.13052619222005177,-0.9914448613738104,0.0,0.720349693428805,0.9611879043177458,0.3431531601964162,0.0,0.14084718491166748
531,132.75,raw_sindy_mpc,0,15.58708667755127,724.4059448242188,83.04998016357422,2.1785764694213867,508.596923828125,400.0,-0.19509032201612792,-0.9807852804032305,0.0,0.6560572585258547,0.9819305065071056,0.33314629190622375,0.0,0.06147398609866601
532,133.0,raw_sindy_mpc,0,17.17268180847168,775.8350830078125,85.55841064453125,2.2536303997039795,494.69805908203125,400.0,-0.2588190451025208,-0.9659258262890683,0.0,0.5783683756129566,0.9961802165858878,0.32450629582441276,0.0,0.0
533,133.25,raw_sindy_mpc,0,18.22653579711914,808.7970581054688,87.90117645263672,2.271315574645996,468.316162109375,400.0,-0.32143946530316153,-0.9469301294951057,0.0,0.5344417075805171,1.0,0.33788232385241274,0.0,0.0
534,133.5,raw_sindy_mpc,0,18.176185607910156,820.4049072265625,89.81427764892578,2.1962616443634033,421.75494384765625,400.0,-0.38268343236508967,-0.9238795325112868,0.2439203501192517,0.4891930770969713,1.0,0.3241147408001693,0.0,0.0
535,133.75,raw_sindy_mpc,0,17.828018188476562,819.4815673828125,90.44876861572266,2.1212077140808105,375.1936950683594,400.0,-0.44228869021900147,-0.8968727415326883,0.5659450465020986,0.4251156392438583,1.0,0.26732119086433254,0.0,0.023024525262181593
536,134.0,raw_sindy_mpc,0,17.54449462890625,809.47119140625,90.19413757324219,2.0461537837982178,328.6324768066406,400.0,-0.4999999999999997,-0.8660254037844388,0.8011257222731913,0.3760736959951609,1.0,0.21265957235650484,0.0,0.11500834062458616
537,134.25,raw_sindy_mpc,0,17.43458366394043,801.1222534179688,89.31854248046875,1.9903666973114014,292.7749938964844,400.0,-0.555570233019602,-0.8314696123025455,0.8970343742710474,0.3352908074808295,1.0,0.1642164946788886,0.0,0.20609673078530685
538,134.5,raw_sindy_mpc,0,17.644641876220703,794.9552612304688,88.16354370117188,1.965348720550537,274.0115051269531,400.0,-0.6087614290087207,-0.7933533402912352,0.8511893486512415,0.30928283146843394,1.0,0.12318580139589091,0.0,0.26994386852984603
539,134.75,raw_sindy_mpc,0,17.994327545166016,794.4244384765625,87.46292877197266,1.9403307437896729,255.24801635742188,400.0,-0.6593458151000688,-0.7518398074789774,0.7895118480775,0.28368133808585116,1.0,0.08987409206864722,0.0,0.3153262668854299
540,135.0,raw_sindy_mpc,0,18.35287857055664,797.7000732421875,87.3098373413086,1.9153127670288086,236.4845428466797,400.0,-0.7071067811865471,-0.7071067811865479,0.7808071928677883,0.2545567307051933,1.0,0.06368524767787004,0.0,0.3579036233202446
541,135.25,raw_sindy_mpc,0,18.58811378479004,803.541259765625,87.57479858398438,1.8029475212097168,210.98130798339844,400.0,-0.7518398074789773,-0.6593458151000691,0.8694604878983162,0.2141560224389518,1.0,0.0427226605956056,0.0,0.43870626505262844
542,135.5,raw_sindy_mpc,0,18.645673751831055,810.8613891601562,87.51367950439453,1.5527677536010742,174.84423828125,400.0,-0.7933533402912349,-0.6087614290087209,1.0,0.15697881926356316,1.0,0.02474259207502216,0.0,0.5996362465519761
543,135.75,raw_sindy_mpc,0,18.639623641967773,818.541748046875,87.085693359375,1.3025881052017212,138.70716857910156,400.0,-0.8314696123025452,-0.5555702330196022,1.0,0.10613382823237238,1.0,0.014310246211539247,0.0,0.7339327884668153
544,136.0,raw_sindy_mpc,0,18.528972625732422,824.4906005859375,86.4622573852539,1.0524083375930786,102.5700912475586,400.0,-0.8660254037844385,-0.5000000000000004,1.0,0.05757586856662042,1.0,0.0051979853327976154,0.0,0.8856913401484839
545,136.25,raw_sindy_mpc,0,18.424213409423828,830.0700073242188,85.60700988769531,0.8511143326759338,73.4942855834961,400.0,-0.8968727415326883,-0.44228869021900136,1.0,0.017075945527140347,1.0,0.0,0.0,1.0
546,136.5,raw_sindy_mpc,0,18.684295654296875,834.2440795898438,80.38819885253906,0.7260244488716125,55.42575454711914,400.0,-0.9238795325112868,-0.3826834323650895,0.62171375329682,0.009522698010112109,1.0,0.0,0.0,1.0
547,136.75,raw_sindy_mpc,0,18.305625915527344,835.0895385742188,79.65107727050781,0.6009345650672913,37.357215881347656,400.0,-0.9469301294951056,-0.3214394653031618,0.5075444494528143,0.0,1.0,0.0,0.0,1.0
548,137.0,raw_sindy_mpc,0,17.63570785522461,830.6656494140625,79.6913833618164,0.47584471106529236,19.288681030273438,400.0,-0.9659258262890683,-0.25881904510252063,0.5362659323239469,0.0,1.0,0.0,0.0,1.0
549,137.25,raw_sindy_mpc,0,16.950361251831055,826.1612548828125,79.57282257080078,0.3409058153629303,7.512580871582031,400.0,-0.9807852804032303,-0.19509032201612866,0.5980710153250175,0.0,1.0,0.0,3.425205839814718e-08,1.0
550,137.5,raw_sindy_mpc,0,16.42613410949707,822.2236938476562,79.31121826171875,0.19079798460006714,5.4277496337890625,400.0,-0.9914448613738104,-0.13052619222005163,0.6432716308240968,0.0,1.0,0.0,0.15071729237705225,1.0
551,137.75,raw_sindy_mpc,0,15.804903984069824,811.92236328125,85.70115661621094,0.04069015011191368,3.342918872833252,400.0,-0.9978589232386035,-0.06540312923014273,1.0,0.0,1.0,0.0,0.0,1.0
552,138.0,raw_sindy_mpc,0,16.06093406677246,811.06005859375,79.24337005615234,-0.10941768437623978,1.2580877542495728,400.0,-1.0,-1.8369701987210297e-16,0.7870338497709047,0.0,1.0,0.0,0.4034973795078121,1.0
553,138.25,raw_sindy_mpc,0,16.026872634887695,792.7738037109375,85.1048355102539,-0.20992091298103333,0.0,400.0,-0.9978589232386036,0.06540312923014237,1.0,0.0,1.0,0.0,0.0,1.0
554,138.5,raw_sindy_mpc,0,16.3430118560791,793.173583984375,78.64611053466797,-0.23493888974189758,0.0,400.0,-0.9914448613738105,0.13052619222005127,0.7445394436561245,0.029176502926973547,1.0,0.0,0.4970304638864579,1.0
555,138.75,raw_sindy_mpc,0,16.415145874023438,783.773193359375,84.92823028564453,-0.25995686650276184,0.0,400.0,-0.9807852804032304,0.1950903220161283,1.0,0.0,1.0,0.0,0.0,1.0
556,139.0,raw_sindy_mpc,0,16.67059326171875,784.3836059570312,78.75889587402344,-0.2849748432636261,0.0,400.0,-0.9659258262890684,0.2588190451025203,0.7365670031278414,0.05539124958894608,1.0,0.0,0.5811819103204428,1.0
557,139.25,raw_sindy_mpc,0,16.77671241760254,782.7425537109375,84.96992492675781,-0.35995686054229736,0.0,400.0,-0.9469301294951057,0.3214394653031615,1.0,0.0,1.0,0.0,0.04796849816977847,1.0
558,139.5,raw_sindy_mpc,0,16.58985710144043,780.48291015625,84.2917709350586,-0.5100647211074829,0.0,400.0,-0.923879532511287,0.38268343236508917,1.0,4.1436250925106656e-10,1.0,0.0,0.1766450801310394,1.0
559,139.75,raw_sindy_mpc,0,16.66459083557129,773.2465209960938,84.68331146240234,-0.6601725220680237,0.0,400.0,-0.8968727415326884,0.442288690219001,1.0,0.008053698318665536,1.0,0.0,0.17296403867138924,1.0
560,140.0,raw_sindy_mpc,0,16.781879425048828,769.67724609375,84.498291015625,-0.8102803826332092,0.0,400.0,-0.8660254037844386,0.5000000000000001,1.0,0.03554452222472613,1.0,0.0,0.33959624389488297,1.0
561,140.25,raw_sindy_mpc,0,17.04294776916504,770.7149658203125,84.50358581542969,-0.9503235220909119,0.0,400.0,-0.8314696123025455,0.5555702330196018,1.0,0.06008788720592968,1.0,0.0,0.5209510801843908,1.0
562,140.5,raw_sindy_mpc,0,17.372446060180664,774.8402099609375,84.44375610351562,-1.0754133462905884,0.0,400.0,-0.7933533402912357,0.6087614290087199,1.0,0.0867499817287608,1.0,0.0,0.7436543572847699,1.0
563,140.75,raw_sindy_mpc,0,17.776857376098633,781.94287109375,84.31804656982422,-1.2005032300949097,0.0,400.0,-0.7518398074789772,0.6593458151000691,0.9993084953347273,0.10182098835495607,1.0,0.0,0.9736907326818093,1.0
564,141.0,raw_sindy_mpc,0,18.221572875976562,787.7350463867188,84.1904525756836,-1.325593113899231,0.0,400.0,-0.7071067811865477,0.7071067811865474,0.9570742275058013,0.10522568448247928,1.0,0.0,1.0,1.0
565,141.25,raw_sindy_mpc,0,18.43840980529785,794.661865234375,84.37122344970703,-1.4405463933944702,0.0,400.0,-0.6593458151000687,0.7518398074789775,0.9343138393564082,0.09435351256863328,1.0,0.0,1.0,1.0
566,141.5,raw_sindy_mpc,0,18.536121368408203,797.6219482421875,84.52092742919922,-1.5406183004379272,0.0,400.0,-0.608761429008721,0.7933533402912349,0.9183484272174065,0.08735039453935392,1.0,0.0,1.0,1.0
567,141.75,raw_sindy_mpc,0,18.565370559692383,798.0833129882812,84.62837982177734,-1.6406902074813843,0.0,400.0,-0.555570233019603,0.8314696123025447,0.9105852903798961,0.08427017849717446,1.0,0.0,1.0,1.0
568,142.0,raw_sindy_mpc,0,18.555011749267578,797.5211791992188,84.69859313964844,-1.7407619953155518,0.0,400.0,-0.5000000000000004,0.8660254037844384,0.910056946504398,0.08288148707660789,1.0,0.0,1.0,1.0
569,142.25,raw_sindy_mpc,0,18.54172706604004,796.716552734375,84.73350524902344,-1.789791464805603,0.0,400.0,-0.4422886902190014,0.8968727415326883,0.9117629705216399,0.08210452280923079,1.0,0.0,1.0,1.0
570,142.5,raw_sindy_mpc,0,18.553869247436523,796.1231079101562,84.75428009033203,-1.7647734880447388,0.0,400.0,-0.38268343236508956,0.9238795325112868,0.9054181767485662,0.08133882420024928,1.0,0.0,1.0,1.0
571,142.75,raw_sindy_mpc,0,18.578014373779297,795.6964721679688,84.79736328125,-1.739755630493164,0.0,400.0,-0.32143946530316186,0.9469301294951056,0.8964392471562059,0.081056653528705,1.0,0.0,1.0,1.0
572,143.0,raw_sindy_mpc,0,18.605070114135742,795.5807495117188,84.8614501953125,-1.7147376537322998,0.0,400.0,-0.25881904510252157,0.9659258262890681,0.8921725400979142,0.08092423156349747,1.0,0.0,1.0,1.0
573,143.25,raw_sindy_mpc,0,18.60539436340332,795.4850463867188,84.92528533935547,-1.7616822719573975,0.0,400.0,-0.19509032201612872,0.9807852804032303,0.8968534682015648,0.08132565838187338,1.0,0.0,1.0,1.0
574,143.5,raw_sindy_mpc,0,18.556472778320312,795.1439208984375,84.94817352294922,-1.911790132522583,0.0,400.0,-0.13052619222005168,0.9914448613738104,0.9095352547818735,0.08232472963926905,1.0,0.0,1.0,1.0
575,143.75,raw_sindy_mpc,0,18.490095138549805,794.8048095703125,84.89930725097656,-2.0618979930877686,0.0,400.0,-0.0654031292301428,0.9978589232386035,0.9228350849219307,0.08339258440840334,1.0,0.0,1.0,1.0
576,144.0,raw_sindy_mpc,0,18.422319412231445,794.531494140625,84.8059310913086,-2.212005853652954,0.0,400.0,0.0,1.0,0.9342713862155833,0.08479864982639593,1.0,0.0,1.0,1.0
577,144.25,raw_sindy_mpc,0,18.37347984313965,794.7559814453125,84.69264221191406,-2.3621134757995605,0.0,400.0,0.06540312923014306,0.9978589232386035,0.9424105756509185,0.08622975867917997,1.0,0.0,1.0,1.0
578,144.5,raw_sindy_mpc,0,18.35793113708496,795.9100341796875,84.58665466308594,-2.512221336364746,0.0,400.0,0.13052619222005157,0.9914448613738104,0.9461057943417401,0.08632391942706111,1.0,0.0,1.0,1.0
579,144.75,raw_sindy_mpc,0,18.35962677001953,797.469482421875,84.50835418701172,-2.6623291969299316,0.0,400.0,0.19509032201612825,0.9807852804032304,0.94872071475197,0.0860805440688523,1.0,0.0,1.0,1.0
580,145.0,raw_sindy_mpc,0,18.369869232177734,799.2789306640625,84.44961547851562,-2.812437057495117,0.0,400.0,0.25881904510252074,0.9659258262890683,0.9524375077174867,0.08593308431800209,1.0,0.0,1.0,1.0
581,145.25,raw_sindy_mpc,0,18.38373565673828,801.365234375,84.40006256103516,-2.9729690551757812,0.0,400.0,0.3214394653031616,0.9469301294951057,0.9572191591935949,0.08583799376622044,1.0,0.0,1.0,1.0
582,145.5,raw_sindy_mpc,0,18.399089813232422,803.7426147460938,84.35192108154297,-3.148094892501831,0.0,400.0,0.3826834323650898,0.9238795325112867,0.9630346635618422,0.08571407007956713,1.0,0.0,1.0,1.0
583,145.75,raw_sindy_mpc,0,18.418107986450195,806.4046020507812,84.3005599975586,-3.323220729827881,0.0,400.0,0.44228869021900125,0.8968727415326884,0.9685190878713419,0.08545444930943145,1.0,0.0,1.0,1.0
584,146.0,raw_sindy_mpc,0,18.441709518432617,809.3003540039062,84.24829864501953,-3.4983465671539307,0.0,400.0,0.49999999999999994,0.8660254037844387,0.9788513527905056,0.08503062036017589,1.0,0.0,1.0,1.0
585,146.25,raw_sindy_mpc,0,18.472503662109375,812.2412109375,84.18669891357422,-3.6104960441589355,0.0,400.0,0.5555702330196022,0.8314696123025452,0.9938526158631634,0.08405121001403919,1.0,0.0,1.0,1.0
586,146.5,raw_sindy_mpc,0,18.513612747192383,814.8072509765625,84.1077651977539,-3.6355140209198,0.0,400.0,0.6087614290087207,0.7933533402912352,1.0,0.08330641409292522,1.0,0.0,1.0,1.0
587,146.75,raw_sindy_mpc,0,18.560882568359375,817.0524291992188,84.03437805175781,-3.660531997680664,0.0,400.0,0.6593458151000688,0.7518398074789774,1.0,0.08363342098906393,1.0,0.0,1.0,1.0
588,147.0,raw_sindy_mpc,0,18.606853485107422,819.3897705078125,83.98038482666016,-3.6855499744415283,0.0,400.0,0.7071067811865476,0.7071067811865476,1.0,0.08413201234121422,1.0,0.0,1.0,1.0
589,147.25,raw_sindy_mpc,0,18.631441116333008,821.68408203125,83.93994903564453,-3.742271661758423,0.0,400.0,0.7518398074789774,0.6593458151000688,1.0,0.08478995640661309,1.0,0.0,1.0,1.0
590,147.5,raw_sindy_mpc,0,18.61863899230957,823.7320556640625,83.89546203613281,-3.84234356880188,0.0,400.0,0.7933533402912352,0.6087614290087207,1.0,0.08549738582848579,1.0,0.0,1.0,1.0
591,147.75,raw_sindy_mpc,0,18.582571029663086,825.5526733398438,83.83483123779297,-3.942415475845337,0.0,400.0,0.8314696123025451,0.5555702330196024,1.0,0.08616657060717259,1.0,0.0,0.9999992909893068,1.0
592,148.0,raw_sindy_mpc,0,18.531230926513672,827.1535034179688,83.7679214477539,-4.042487621307373,0.0,400.0,0.8660254037844386,0.5000000000000001,1.0,0.08364606712628088,1.0,0.0,0.9479503319338253,1.0
593,148.25,raw_sindy_mpc,0,18.42508888244629,829.33935546875,83.75227355957031,-4.163838863372803,0.0,400.0,0.8968727415326884,0.44228869021900125,1.0,0.07781140414693354,1.0,0.0,0.8865157974242864,1.0
594,148.5,raw_sindy_mpc,0,18.30417251586914,831.5282592773438,83.7251205444336,-4.313946723937988,0.0,400.0,0.9238795325112867,0.38268343236508984,1.0,0.0709850258554687,1.0,0.0,0.8142760715814026,1.0
595,148.75,raw_sindy_mpc,0,18.160263061523438,833.70703125,83.70755767822266,-4.464054584503174,0.0,400.0,0.9469301294951056,0.3214394653031617,1.0,0.06217374448459589,1.0,0.0,0.7243383390631634,1.0
596,149.0,raw_sindy_mpc,0,17.9819278717041,835.6470947265625,83.69412231445312,-4.614162445068359,0.0,400.0,0.9659258262890683,0.25881904510252074,1.0,0.05270441714617243,1.0,0.0,0.640841371938554,1.0
597,149.25,raw_sindy_mpc,0,17.828224182128906,836.8049926757812,83.64312744140625,-4.614306449890137,1.7852863073349,400.0,0.9807852804032304,0.19509032201612833,1.0,0.043449717447252664,1.0,0.0,0.5546677353131401,1.0
598,149.5,raw_sindy_mpc,0,17.729265213012695,837.2504272460938,83.59945678710938,-4.414162635803223,5.954948425292969,400.0,0.9914448613738104,0.1305261922200517,1.0,0.034221723997753285,1.0,0.0,0.44450458360783823,1.0
599,149.75,raw_sindy_mpc,0,17.631919860839844,837.76171875,83.59046173095703,-4.214018821716309,10.124610900878906,400.0,0.9978589232386035,0.06540312923014327,1.0,0.024380265840788687,1.0,0.0,0.31790757420681337,1.0
600,150.0,raw_sindy_mpc,0,17.52176284790039,838.68359375,83.52599334716797,-4.0138750076293945,14.294272422790527,400.0,1.0,6.123233995736766e-17,1.0,0.011091138281190129,1.0,0.0,0.16647742060102333,1.0
601,150.25,raw_sindy_mpc,0,17.571287155151367,840.1536865234375,83.21566772460938,-3.6304097175598145,30.745267868041992,400.0,0.9978589232386035,-0.06540312923014314,0.9803267115039164,1.528076294234689e-08,1.0,0.0,0.025126943291989254,1.0
602,150.5,raw_sindy_mpc,0,18.066043853759766,843.5127563476562,81.12843322753906,-3.004960536956787,63.40761947631836,400.0,0.9914448613738104,-0.1305261922200516,0.7601644772055784,0.0023689120807978384,1.0,0.0,0.0,1.0
603,150.75,raw_sindy_mpc,0,18.782485961914062,848.7125854492188,78.69154357910156,-2.3795111179351807,96.06997680664062,400.0,0.9807852804032304,-0.1950903220161282,0.5096463153125718,0.009572281874225326,1.0,0.0,0.0,1.0
604,151.0,raw_sindy_mpc,0,19.184518814086914,855.3426513671875,80.43768310546875,-1.7540618181228638,128.73233032226562,400.0,0.9659258262890683,-0.25881904510252063,0.3980417644899131,0.008304154641495943,1.0,0.0,0.0,1.0
605,151.25,raw_sindy_mpc,0,19.560497283935547,860.78662109375,82.87798309326172,-1.2263120412826538,163.8070068359375,400.0,0.9469301294951057,-0.3214394653031616,0.3690800033754656,0.032588093310506556,1.0,0.00031363004190370936,0.0,0.8403576379624028
606,151.5,raw_sindy_mpc,0,19.894859313964844,867.2760009765625,87.78421783447266,-0.8260244131088257,202.02891540527344,400.0,0.9238795325112868,-0.3826834323650895,0.5654011778152832,0.10444406200415894,1.0,0.02001227943012162,0.0,0.41876771770403837
607,151.75,raw_sindy_mpc,0,20.56232452392578,849.2892456054688,88.03765869140625,-0.4257368743419647,240.25082397460938,400.0,0.8968727415326884,-0.44228869021900113,0.3475960033239553,0.20677512509361215,1.0,0.030768766627027624,0.0,0.2391095176154998
608,152.0,raw_sindy_mpc,0,21.198232650756836,843.7167358398438,88.26536560058594,-0.025449316948652267,278.47271728515625,400.0,0.8660254037844387,-0.4999999999999998,0.039674654220125026,0.2890232938160395,1.0,0.049721921113337855,0.0,0.03223191198104762
609,152.25,raw_sindy_mpc,0,21.532623291015625,838.3131713867188,88.93983459472656,0.2874191105365753,314.5698547363281,400.0,0.8314696123025451,-0.5555702330196023,0.0,0.35491730396278737,0.9878631018585446,0.08904451873605494,0.0,0.0
610,152.5,raw_sindy_mpc,0,20.931467056274414,815.681640625,89.58045196533203,0.487562894821167,347.9271545410156,400.0,0.7933533402912352,-0.6087614290087207,0.0,0.45442658098845046,0.9770090420093005,0.16336535515670667,0.0,0.0
611,152.75,raw_sindy_mpc,0,19.545366287231445,780.9478149414062,88.63675689697266,0.687706708908081,381.2844543457031,400.0,0.7518398074789774,-0.6593458151000688,0.0,0.54581049281904,0.9778923174459894,0.22369705753414973,0.0,0.0
612,153.0,raw_sindy_mpc,0,18.855762481689453,774.5224609375,86.64917755126953,0.8878504633903503,414.6417541503906,400.0,0.7071067811865476,-0.7071067811865475,0.0,0.5496325286553707,0.967879556648048,0.2259577050194757,0.0,0.026915330072066524
613,153.25,raw_sindy_mpc,0,18.148900985717773,747.96142578125,85.12039184570312,1.0769950151443481,441.8883361816406,400.0,0.659345815100069,-0.7518398074789773,0.0,0.5978560785508074,0.9451799108360013,0.23326347058298702,0.0,0.06786017767851762
614,153.5,raw_sindy_mpc,0,16.871410369873047,706.9580078125,82.97240447998047,1.2521207332611084,461.34674072265625,400.0,0.6087614290087209,-0.793353340291235,0.0,0.6640483975573988,0.9179734927747735,0.24537295525921257,0.0,0.13449011834448185
615,153.75,raw_sindy_mpc,0,15.593099594116211,674.3218383789062,79.97992706298828,1.4272465705871582,480.80517578125,400.0,0.5555702330196025,-0.831469612302545,0.0,0.7138392677885258,0.8877382828499076,0.2603130343763332,0.0,0.20648222921326131
616,154.0,raw_sindy_mpc,0,14.614853858947754,650.6832275390625,76.03816986083984,1.602372407913208,500.26361083984375,400.0,0.49999999999999994,-0.8660254037844387,0.0,0.7559923391184243,0.8573140207930874,0.27627745478903376,0.0,0.24617658056435726
617,154.25,raw_sindy_mpc,0,13.910615921020508,633.69287109375,72.74465942382812,1.7885693311691284,516.0316162109375,400.0,0.4422886902190017,-0.8968727415326881,0.0,0.7900624183020315,0.8289386578119896,0.2910038922950157,0.0,0.2764723852263645
618,154.5,raw_sindy_mpc,0,13.372892379760742,620.8118286132812,70.48361206054688,1.9887131452560425,527.1507568359375,400.0,0.3826834323650899,-0.9238795325112867,0.0,0.8191734030069147,0.8144341437038624,0.3103020120520697,0.0,0.3078154048915605
619,154.75,raw_sindy_mpc,0,13.068551063537598,614.1638793945312,68.99177551269531,2.188856840133667,538.2698364257812,400.0,0.32143946530316175,-0.9469301294951056,0.0,0.8427112790166418,0.8052135408406742,0.3308528557702962,0.0,0.32217023974846243
620,155.0,raw_sindy_mpc,0,12.894801139831543,608.9741821289062,67.88670349121094,2.389000654220581,549.388916015625,400.0,0.258819045102521,-0.9659258262890682,0.0,0.8646207279153557,0.7994844200482095,0.34724347535726086,0.0,0.31521849163450016
621,155.25,raw_sindy_mpc,0,12.764727592468262,605.5505981445312,67.27836608886719,2.5222861766815186,555.5555419921875,400.0,0.19509032201612816,-0.9807852804032304,0.0,0.8763443007635362,0.7986428564450271,0.3564493396635509,0.0,0.31314690420855573
622,155.5,raw_sindy_mpc,0,12.643527030944824,604.6626586914062,67.32331848144531,2.572322130203247,555.5555419921875,400.0,0.130526192220052,-0.9914448613738104,0.0,0.8755692260728672,0.8028893685810289,0.3614222136528398,0.0,0.3316478510615411
623,155.75,raw_sindy_mpc,0,12.596044540405273,605.7859497070312,67.69851684570312,2.6223580837249756,555.5555419921875,400.0,0.06540312923014312,-0.9978589232386035,0.0,0.8706423905278704,0.812195819491402,0.3645047255399996,0.0,0.3358467230304978
624,156.0,raw_sindy_mpc,0,12.64352035522461,608.3297119140625,68.29114532470703,2.672394037246704,555.5555419921875,400.0,1.2246467991473532e-16,-1.0,0.0,0.863418348156658,0.826459722205924,0.36449544191748046,0.0,0.32291701816413204
625,156.25,raw_sindy_mpc,0,12.724175453186035,613.4442749023438,69.27503967285156,2.711215019226074,548.0789184570312,400.0,-0.06540312923014287,-0.9978589232386035,0.0,0.8421204799959991,0.8437868327852959,0.35575161301824004,0.0,0.31307366229273964
626,156.5,raw_sindy_mpc,0,12.825584411621094,621.4130859375,70.80575561523438,2.7362329959869385,531.4002685546875,400.0,-0.13052619222005177,-0.9914448613738104,0.0,0.8064139145192739,0.8633499776047783,0.34118842580298886,0.0,0.322304309175447
627,156.75,raw_sindy_mpc,0,13.016901016235352,632.1893310546875,72.7144546508789,2.7612509727478027,514.7216186523438,400.0,-0.19509032201612792,-0.9807852804032305,0.0,0.7653929706630225,0.8841349683567243,0.3239535200675142,0.0,0.3189636475468433
628,157.0,raw_sindy_mpc,0,13.32602596282959,645.6815795898438,74.93563842773438,2.786268949508667,498.04296875,400.0,-0.2588190451025208,-0.9659258262890683,0.0,0.720028642677108,0.9060982647280957,0.3028854855121693,0.0,0.29785875631565056
629,157.25,raw_sindy_mpc,0,13.752490997314453,663.5338134765625,77.6082992553711,2.799999952316284,477.28851318359375,400.0,-0.32143946530316153,-0.9469301294951057,0.0,0.6637827588694166,0.9294172108131089,0.2767090824365729,0.0,0.27281849116801965
630,157.5,raw_sindy_mpc,0,14.33238697052002,688.2443237304688,80.89612579345703,2.799999952316284,451.5755920410156,400.0,-0.38268343236508967,-0.9238795325112868,0.0,0.628707000563183,0.9752085353928671,0.25985480422010865,0.0,0.004011830649187681
631,157.75,raw_sindy_mpc,0,16.365053176879883,759.0879516601562,85.16610717773438,2.799999952316284,425.8627014160156,400.0,-0.44228869021900147,-0.8968727415326883,0.018489401089261052,0.5476711172015781,1.0,0.29929393162337153,0.0,0.0
632,158.0,raw_sindy_mpc,0,17.533720016479492,814.2479248046875,88.51815795898438,2.799999952316284,400.1497802734375,400.0,-0.4999999999999997,-0.8660254037844388,0.22285856516755911,0.45805198401581176,1.0,0.3088935526839501,0.0,0.0
633,158.25,raw_sindy_mpc,0,17.71139907836914,819.0800170898438,89.90213012695312,2.7318475246429443,371.2816467285156,400.0,-0.555570233019602,-0.8314696123025455,0.49513747942713277,0.4118043047301201,1.0,0.2693327311402331,0.0,0.0
634,158.5,raw_sindy_mpc,0,17.701627731323242,812.8377685546875,90.04247283935547,2.581739664077759,338.6192932128906,400.0,-0.6087614290087207,-0.7933533402912352,0.6801450430242705,0.37249816832520144,1.0,0.21695913121301755,0.0,0.045158035154900016
635,158.75,raw_sindy_mpc,0,17.700151443481445,806.5464477539062,89.57972717285156,2.4316318035125732,305.9569396972656,400.0,-0.6593458151000688,-0.7518398074789774,0.7974051065645922,0.33186366836429443,1.0,0.16902468046319075,0.0,0.1305687900090459
636,159.0,raw_sindy_mpc,0,17.73895835876465,802.33056640625,88.9186782836914,2.281524181365967,273.2945861816406,400.0,-0.7071067811865471,-0.7071067811865479,0.8790286098489957,0.28896445483722144,1.0,0.12673351680295186,0.0,0.23628725668204717
637,159.25,raw_sindy_mpc,0,17.79810333251953,799.8328857421875,88.27861785888672,2.085693836212158,239.36216735839844,400.0,-0.7518398074789773,-0.6593458151000691,0.9587899852395199,0.24395805759778502,1.0,0.08998232963396023,0.0,0.36514218642865137
638,159.5,raw_sindy_mpc,0,17.86894989013672,799.1083374023438,87.74768829345703,1.8355140686035156,203.9200439453125,400.0,-0.7933533402912349,-0.6087614290087209,1.0,0.20163938195660816,1.0,0.06028779982300466,0.0,0.4895833541155998
639,159.75,raw_sindy_mpc,0,17.976154327392578,801.0198974609375,87.43267822265625,1.585334300994873,168.47792053222656,400.0,-0.8314696123025452,-0.5555702330196022,1.0,0.16329546099393244,1.0,0.038447063795857404,0.0,0.5921280860534138
640,160.0,raw_sindy_mpc,0,18.100059509277344,805.6768188476562,86.95330810546875,1.3351545333862305,133.03578186035156,400.0,-0.8660254037844385,-0.5000000000000004,1.0,0.11935699114016624,1.0,0.021227113512821676,0.0,0.7249405556831094
641,160.25,raw_sindy_mpc,0,18.20987892150879,811.7670288085938,86.47393798828125,1.0964773893356323,101.74734497070312,400.0,-0.8968727415326883,-0.44228869021900136,1.0,0.07558898360231944,1.0,0.008724443852443316,0.0,0.87199079529855
642,160.5,raw_sindy_mpc,0,18.292625427246094,818.9593505859375,85.85526275634766,0.871315598487854,75.33948516845703,400.0,-0.9238795325112868,-0.3826834323650895,1.0,0.03372473392363667,1.0,0.0,0.0,1.0
643,160.75,raw_sindy_mpc,0,18.58173179626465,829.07666015625,80.7589340209961,0.6461538672447205,48.93162536621094,400.0,-0.9469301294951056,-0.3214394653031618,0.6363545227665789,0.014569074960526986,1.0,0.0,0.0,1.0
644,161.0,raw_sindy_mpc,0,18.105077743530273,832.97216796875,79.75028228759766,0.4209921061992645,22.52376365661621,400.0,-0.9659258262890683,-0.25881904510252063,0.525957720803066,0.0,1.0,0.0,0.0,1.0
645,161.25,raw_sindy_mpc,0,17.385339736938477,830.1317138671875,79.4674072265625,0.1958303451538086,7.368799209594727,400.0,-0.9807852804032303,-0.19509032201612866,0.5380055305786978,0.0,1.0,0.0,0.0111095866901841,1.0
646,161.5,raw_sindy_mpc,0,16.57471466064453,826.6890258789062,82.28013610839844,-0.02933141589164734,5.283968448638916,400.0,-0.9914448613738104,-0.13052619222005163,0.8358766828271675,0.0,1.0,0.0,2.169419948421524e-08,1.0
647,161.75,raw_sindy_mpc,0,16.40267562866211,825.6701049804688,79.15300750732422,-0.25449317693710327,3.1991372108459473,400.0,-0.9978589232386035,-0.06540312923014273,0.7130476384839395,0.0,1.0,0.0,0.40936322621170035,1.0
648,162.0,raw_sindy_mpc,0,16.16893768310547,807.7149658203125,85.48224639892578,-0.4796549379825592,1.1143062114715576,400.0,-1.0,-1.8369701987210297e-16,1.0,0.0,1.0,0.0,0.0,1.0
649,162.25,raw_sindy_mpc,0,16.334077835083008,809.094482421875,78.98092651367188,-0.6000000238418579,0.0,400.0,-0.9978589232386036,0.06540312923014237,0.7944384857864512,0.011998792225849316,1.0,0.0,0.6108609258611843,1.0
650,162.5,raw_sindy_mpc,0,16.472179412841797,789.8253173828125,84.90631866455078,-0.6000000238418579,0.0,400.0,-0.9914448613738105,0.13052619222005127,1.0,0.0,1.0,0.0,0.0,1.0
651,162.75,raw_sindy_mpc,0,16.59617042541504,791.9961547851562,78.6411361694336,-0.6000000238418579,0.0,400.0,-0.9807852804032304,0.1950903220161283,0.7615506274092132,0.052935809560594155,1.0,0.0,0.6807969869503441,1.0
652,163.0,raw_sindy_mpc,0,16.749263763427734,787.2003784179688,84.75582122802734,-0.6000000238418579,0.0,400.0,-0.9659258262890684,0.2588190451025203,1.0,0.005494324015475547,1.0,0.0,0.12283086458926014,1.0
653,163.25,raw_sindy_mpc,0,16.551136016845703,785.952392578125,85.04454040527344,-0.6468727588653564,0.0,400.0,-0.9469301294951057,0.3214394653031615,1.0,0.0,1.0,0.0,6.776005861968228e-09,1.0
654,163.5,raw_sindy_mpc,0,16.950185775756836,788.68896484375,78.01411437988281,-0.7469446659088135,0.0,400.0,-0.923879532511287,0.38268343236508917,0.7312289215993203,0.07046303645484805,1.0,0.0,0.8525425210857843,1.0
655,163.75,raw_sindy_mpc,0,17.386703491210938,785.3519287109375,84.49066162109375,-0.8470165133476257,0.0,400.0,-0.8968727415326884,0.442288690219001,0.961259291808862,0.06763007776427661,1.0,0.0,0.5726434699766081,1.0
656,164.0,raw_sindy_mpc,0,17.637432098388672,792.8721923828125,85.44060516357422,-0.9470884203910828,0.0,400.0,-0.8660254037844386,0.5000000000000001,1.0,0.047510533044401275,1.0,0.0,0.48699896571577583,1.0
657,164.25,raw_sindy_mpc,0,17.81303596496582,795.7554931640625,85.42774963378906,-1.0825304985046387,0.0,400.0,-0.8314696123025455,0.5555702330196018,1.0,0.05289885997769348,1.0,0.0,0.6115916158917757,1.0
658,164.5,raw_sindy_mpc,0,18.049964904785156,796.5927124023438,85.17230224609375,-1.2576563358306885,0.0,400.0,-0.7933533402912357,0.6087614290087199,1.0,0.07496905898767225,1.0,0.0,0.8603761404764261,1.0
659,164.75,raw_sindy_mpc,0,18.431007385253906,798.1465454101562,84.8386459350586,-1.4327821731567383,0.0,400.0,-0.7518398074789772,0.6593458151000691,0.9904180519423949,0.09499250742873334,1.0,0.0,1.0,1.0
660,165.0,raw_sindy_mpc,0,18.739093780517578,803.7327270507812,84.70975494384766,-1.607908010482788,0.0,400.0,-0.7071067811865477,0.7071067811865474,0.9437884384147116,0.09164360196602607,1.0,0.0,1.0,1.0
661,165.25,raw_sindy_mpc,0,18.882226943969727,808.6897583007812,84.81504821777344,-1.8067576885223389,0.0,400.0,-0.6593458151000687,0.7518398074789775,0.933981469463071,0.08370075507287862,1.0,0.0,1.0,1.0
662,165.5,raw_sindy_mpc,0,19.00874900817871,811.2606811523438,84.88832092285156,-2.031919479370117,0.0,400.0,-0.608761429008721,0.7933533402912349,0.9361270183701554,0.08107268910877506,1.0,0.0,1.0,1.0
663,165.75,raw_sindy_mpc,0,19.135557174682617,813.4802856445312,84.95181274414062,-2.2570812702178955,0.0,400.0,-0.555570233019603,0.8314696123025447,0.9316087411016838,0.07922164746915934,1.0,0.0,1.0,1.0
664,166.0,raw_sindy_mpc,0,19.26676368713379,815.5263671875,85.0198974609375,-2.482243061065674,0.0,400.0,-0.5000000000000004,0.8660254037844384,0.9227620115034401,0.07793589315480444,1.0,0.0,1.0,1.0
665,166.25,raw_sindy_mpc,0,19.3662052154541,817.4568481445312,85.10363006591797,-2.611933946609497,0.0,400.0,-0.4422886902190014,0.8968727415326883,0.9121771054251022,0.07512531997622672,1.0,0.0,1.0,1.0
666,166.5,raw_sindy_mpc,0,19.40471839904785,818.5384521484375,85.18016052246094,-2.6369519233703613,0.0,400.0,-0.38268343236508956,0.9238795325112868,0.9049355168618164,0.07129422785300693,1.0,0.0,1.0,1.0
667,166.75,raw_sindy_mpc,0,19.40436553955078,818.427978515625,85.22510528564453,-2.6619699001312256,0.0,400.0,-0.32143946530316186,0.9469301294951056,0.9038318879069432,0.06933879434710455,1.0,0.0,1.0,1.0
668,167.0,raw_sindy_mpc,0,19.382274627685547,817.9373168945312,85.24017333984375,-2.68698787689209,0.0,400.0,-0.25881904510252157,0.9659258262890681,0.9008302625001188,0.06798625866156331,1.0,0.0,1.0,1.0
669,167.25,raw_sindy_mpc,0,19.454498291015625,817.4632568359375,85.24901580810547,-2.663982629776001,0.0,400.0,-0.19509032201612872,0.9807852804032303,0.883026620422257,0.06963618461889393,1.0,0.0,1.0,1.0
670,167.5,raw_sindy_mpc,0,19.701330184936523,818.2276611328125,85.37142944335938,-2.5889289379119873,0.0,400.0,-0.13052619222005168,0.9914448613738104,0.8514663480120246,0.07431045844664375,1.0,0.0,1.0,1.0
671,167.75,raw_sindy_mpc,0,20.05375099182129,821.1824340820312,85.67516326904297,-2.5138750076293945,0.0,400.0,-0.0654031292301428,0.9978589232386035,0.8131210687186439,0.07744679875957798,1.0,0.0,1.0,1.0
672,168.0,raw_sindy_mpc,0,20.473377227783203,825.5637817382812,86.09095764160156,-2.4388210773468018,0.0,400.0,0.0,1.0,0.7734309112866544,0.07986875940598731,1.0,0.0,1.0,1.0
673,168.25,raw_sindy_mpc,0,20.7913818359375,830.4423217773438,86.57653045654297,-2.4000000953674316,0.0,400.0,0.06540312923014306,0.9978589232386035,0.7456585001510063,0.07860697451346921,1.0,0.0,1.0,1.0
674,168.5,raw_sindy_mpc,0,20.884214401245117,833.7476806640625,86.99756622314453,-2.4000000953674316,0.0,400.0,0.13052619222005157,0.9914448613738104,0.752443408509485,0.07481516511620258,1.0,0.0,0.9999999688863573,1.0
675,168.75,raw_sindy_mpc,0,20.854434967041016,834.7390747070312,87.20973205566406,-2.4000000953674316,0.0,400.0,0.19509032201612825,0.9807852804032304,0.7644267047007954,0.06980729140712906,1.0,0.0,0.9625110491142793,1.0
676,169.0,raw_sindy_mpc,0,20.725162506103516,834.4324340820312,87.3248062133789,-2.4000000953674316,0.0,400.0,0.25881904510252074,0.9659258262890683,0.7737512988685121,0.06287147469799663,1.0,0.0,0.9042258490122693,1.0
677,169.25,raw_sindy_mpc,0,20.55150604248047,833.044677734375,87.36991882324219,-2.387850522994995,0.0,400.0,0.3214394653031616,0.9469301294951057,0.7820366101648576,0.05645369508674334,1.0,0.0,0.8366849657216997,1.0
678,169.5,raw_sindy_mpc,0,20.3795108795166,831.3786010742188,87.36528015136719,-2.362832546234131,0.0,400.0,0.3826834323650898,0.9238795325112867,0.7876419977938071,0.05060352591501479,1.0,0.0,0.7629429281815646,1.0
679,169.75,raw_sindy_mpc,0,20.205997467041016,829.8359375,87.34491729736328,-2.3378145694732666,0.0,400.0,0.44228869021900125,0.8968727415326884,0.7968541441824837,0.04363556182660136,1.0,0.0,0.6706239179131884,1.0
680,170.0,raw_sindy_mpc,0,20.013303756713867,828.5579833984375,87.32083892822266,-2.3127965927124023,0.0,400.0,0.49999999999999994,0.8660254037844387,0.8135673022648084,0.034768620214496844,1.0,0.0,0.5614042438958897,1.0
681,170.25,raw_sindy_mpc,0,19.829166412353516,827.5980224609375,87.26496887207031,-2.2388927936553955,0.0,400.0,0.5555702330196022,0.8314696123025452,0.8312020575301057,0.023896724420717594,1.0,0.0,0.4477284171198212,1.0
682,170.5,raw_sindy_mpc,0,19.68503189086914,826.5747680664062,87.18145751953125,-2.113802909851074,0.0,400.0,0.6087614290087207,0.7933533402912352,0.8428870612110486,0.014529042170502687,1.0,0.0,0.33033241092723553,1.0
683,170.75,raw_sindy_mpc,0,19.56490707397461,826.2685546875,87.0785140991211,-1.9887131452560425,0.0,400.0,0.6593458151000688,0.7518398074789774,0.859905826017385,0.006507848116338789,1.0,0.0,0.2210712564884195,1.0
684,171.0,raw_sindy_mpc,0,19.47583770751953,826.9498291015625,86.89089965820312,-1.8636232614517212,0.0,400.0,0.7071067811865476,0.7071067811865476,0.8922795035054909,0.0,1.0,0.0,0.09658537730977045,1.0
685,171.25,raw_sindy_mpc,0,19.38198471069336,829.6947021484375,86.57256317138672,-1.71394681930542,0.0,400.0,0.7518398074789774,0.6593458151000688,0.9365579987270979,0.0,1.0,0.0,1.6447370501778407e-08,1.0
686,171.5,raw_sindy_mpc,0,19.69706916809082,836.9974365234375,80.8416519165039,-1.5388209819793701,0.0,400.0,0.7933533402912352,0.6087614290087207,0.7008013958071029,0.0,1.0,0.0,0.0,1.0
687,171.75,raw_sindy_mpc,0,19.566814422607422,842.3959350585938,79.89154052734375,-1.3636951446533203,0.0,400.0,0.8314696123025451,0.5555702330196024,0.6119658400843252,0.0,1.0,0.0,0.0,1.0
688,172.0,raw_sindy_mpc,0,19.28754425048828,847.010986328125,80.18225860595703,-1.18856942653656,0.0,400.0,0.8660254037844386,0.5000000000000001,0.6386388547121709,0.0,1.0,0.0,0.0,1.0
689,172.25,raw_sindy_mpc,0,18.985797882080078,851.1332397460938,80.63941955566406,-1.0258088111877441,0.0,400.0,0.8968727415326884,0.44228869021900125,0.7264213850461334,0.0,1.0,0.0,0.0,1.0
690,172.5,raw_sindy_mpc,0,18.756576538085938,854.8824462890625,80.70014190673828,-0.8757009506225586,0.0,400.0,0.9238795325112867,0.38268343236508984,0.8094114167363534,0.0,1.0,0.0,0.0,1.0
691,172.75,raw_sindy_mpc,0,18.645647048950195,858.3800659179688,80.31529235839844,-0.725593090057373,0.0,400.0000305175781,0.9469301294951056,0.3214394653031617,0.8495041929936646,0.0,1.0,0.0,0.0,1.0
692,173.0,raw_sindy_mpc,0,18.62481117248535,861.5708618164062,79.74109649658203,-0.5754852890968323,0.0,400.0,0.9659258262890683,0.25881904510252074,0.850635413165794,0.0,1.0,0.0,0.0,1.0
693,173.25,raw_sindy_mpc,0,18.666894912719727,864.5741577148438,79.22779083251953,-0.4005032479763031,0.34547486901283264,400.0,0.9807852804032304,0.19509032201612833,0.8269896083762616,0.0,1.0,0.0,0.0,1.0
694,173.5,raw_sindy_mpc,0,18.739099502563477,867.5328369140625,78.9590835571289,-0.20035944879055023,1.0404185056686401,400.0,0.9914448613738104,0.1305261922200517,0.7875729428493211,0.0,1.0,0.0,0.0,1.0
695,173.75,raw_sindy_mpc,0,18.7932071685791,870.3644409179688,79.00883483886719,-0.00021567217481788248,1.7353622913360596,400.0,0.9978589232386035,0.06540312923014327,0.7588958285723979,0.0,1.0,0.0,0.0,1.0
696,174.0,raw_sindy_mpc,0,18.81950569152832,873.0487060546875,79.2817611694336,0.19992810487747192,2.4303059577941895,400.0,1.0,6.123233995736766e-17,0.7486635388723021,0.0,1.0,0.0,0.0,1.0
697,174.25,raw_sindy_mpc,0,18.835330963134766,875.4591064453125,79.68620300292969,0.4125808775424957,4.862608909606934,400.0,0.9978589232386035,-0.06540312923014314,0.746075674671772,0.0,1.0,0.0,0.0,1.0
698,174.5,raw_sindy_mpc,0,18.860733032226562,877.4264526367188,80.14359283447266,0.6377426385879517,9.032271385192871,400.0,0.9914448613738104,-0.1305261922200516,0.7367899792680429,0.0,1.0,0.0,0.0,1.0
699,174.75,raw_sindy_mpc,0,18.89717674255371,878.9105224609375,80.60930633544922,0.8629043698310852,13.201932907104492,400.0,0.9807852804032304,-0.1950903220161282,0.7446410502120163,0.0,1.0,0.0,0.0,1.0
700,175.0,raw_sindy_mpc,0,18.95220375061035,879.9400634765625,81.02838897705078,1.0880661010742188,17.37159538269043,400.0,0.9659258262890683,-0.25881904510252063,0.7286233761303268,0.0,1.0,0.0,0.0,1.0
701,175.25,raw_sindy_mpc,0,19.065847396850586,880.6475219726562,81.49161529541016,1.413874864578247,24.68647575378418,400.0000305175781,0.9469301294951057,-0.3214394653031616,0.700097983212616,0.0,1.0,0.01266708607864362,0.0,1.0
702,175.5,raw_sindy_mpc,0,19.049081802368164,859.284423828125,82.179931640625,1.8391804695129395,35.11063003540039,400.0,0.9238795325112868,-0.3826834323650895,0.7256696158838025,0.0,1.0,0.012540247226801847,0.0,0.8804675197270762
703,175.75,raw_sindy_mpc,0,18.93498992919922,832.3577880859375,86.70543670654297,2.264486074447632,45.534786224365234,399.9999694824219,0.8968727415326884,-0.44228869021900113,1.0,0.09090122411270643,1.0,0.01454261805301165,0.0,0.4914129192744441
704,176.0,raw_sindy_mpc,0,19.456008911132812,836.76171875,87.00052642822266,2.689791440963745,55.95894241333008,400.0,0.8660254037844387,-0.4999999999999998,1.0,0.10675872055166262,1.0,0.007459205468243223,0.0,0.41639408989726073
705,176.25,raw_sindy_mpc,0,20.18550682067871,854.0444946289062,86.76181030273438,2.975916624069214,63.92283630371094,400.0,0.8314696123025451,-0.5555702330196023,0.8850755489611678,0.09346137311234128,1.0,0.0031500177559184847,0.0,0.38881460487256897
706,176.5,raw_sindy_mpc,0,20.842899322509766,873.2897338867188,86.87969207763672,3.1260244846343994,69.48238372802734,400.0,0.7933533402912352,-0.6087614290087207,0.7468797253728858,0.07973025330987085,1.0,0.0021192878232127402,0.0,0.33357000732893943
707,176.75,raw_sindy_mpc,0,21.31549072265625,888.5771484375,87.34956359863281,3.276132345199585,75.04193878173828,400.0,0.7518398074789774,-0.6593458151000688,0.6611542157898288,0.0730369307897526,1.0,0.0029422421258009116,0.0,0.25725024530345725
708,177.0,raw_sindy_mpc,0,21.611663818359375,897.5663452148438,87.91822814941406,3.4262402057647705,80.60148620605469,400.0,0.7071067811865476,-0.7071067811865475,0.6270937026502937,0.07500238700525624,1.0,0.004328464288728954,0.0,0.18365427853082975
709,177.25,raw_sindy_mpc,0,21.741960525512695,901.8406372070312,88.42179107666016,3.5381739139556885,83.33333587646484,400.0,0.659345815100069,-0.7518398074789773,0.6352674097624482,0.07963441090845552,1.0,0.005397047594105492,0.0,0.13237135482741194
710,177.5,raw_sindy_mpc,0,21.74852752685547,903.4471435546875,88.75408935546875,3.6132278442382812,83.33333587646484,400.0,0.6087614290087209,-0.793353340291235,0.6647692801323184,0.08290967536086559,1.0,0.005788365634132664,0.0,0.10549807026835605
711,177.75,raw_sindy_mpc,0,21.723655700683594,904.0472412109375,88.87651824951172,3.688281774520874,83.33333587646484,400.0000305175781,0.5555702330196025,-0.831469612302545,0.6867040660811495,0.08493896288807935,1.0,0.0058168221263653385,0.0,0.09279151374819893
712,178.0,raw_sindy_mpc,0,21.704240798950195,904.5122680664062,88.87730407714844,3.763335704803467,83.33333587646484,400.0,0.49999999999999994,-0.8660254037844387,0.6957814786870321,0.08604519242458342,1.0,0.005667450749083336,0.0,0.08675501409461131
713,178.25,raw_sindy_mpc,0,21.71232795715332,905.5067749023438,88.8359146118164,3.8511862754821777,83.33333587646484,400.0,0.4422886902190017,-0.8968727415326881,0.6938927260101391,0.08611343350786528,1.0,0.005541210045024555,0.0,0.08181970782372369
714,178.5,raw_sindy_mpc,0,21.748674392700195,906.9963989257812,88.80876159667969,3.9512581825256348,83.33333587646484,400.0,0.3826834323650899,-0.9238795325112867,0.6861040413672334,0.08557864393584147,1.0,0.005513696395963387,0.0,0.07556624754711534
715,178.75,raw_sindy_mpc,0,21.794719696044922,908.434814453125,88.81930541992188,4.051330089569092,83.33333587646484,400.0,0.32143946530316175,-0.9469301294951056,0.6762458585531074,0.0853766049212027,1.0,0.005454497728168046,0.0,0.06672842117524419
716,179.0,raw_sindy_mpc,0,21.8424015045166,909.8746337890625,88.85890197753906,4.151401996612549,83.33333587646484,400.0,0.258819045102521,-0.9659258262890682,0.6575945734394388,0.08605028786398691,1.0,0.004923538926292539,0.0,0.04912214142770009
717,179.25,raw_sindy_mpc,0,21.99559783935547,911.508544921875,88.86257934570312,4.290079116821289,90.83992004394531,400.0,0.19509032201612816,-0.9807852804032304,0.5932548214756983,0.09408447129658822,1.0,0.007058163299150539,0.0,0.012178359696277528
718,179.5,raw_sindy_mpc,0,22.227764129638672,909.304931640625,88.97657012939453,4.46520471572876,105.4337387084961,400.0,0.130526192220052,-0.9914448613738104,0.5035890172942069,0.1237536746022908,1.0,0.02741120307742527,0.0,0.0
719,179.75,raw_sindy_mpc,0,22.151086807250977,883.4498291015625,89.36434173583984,4.640330791473389,120.02755737304688,400.0,0.06540312923014312,-0.9978589232386035,0.47894929502487105,0.20647708047365604,1.0,0.06085670099382953,0.0,0.0
720,180.0,raw_sindy_mpc,0,21.80792236328125,859.7190551757812,89.60147857666016,4.815456390380859,134.62136840820312,400.0,1.2246467991473532e-16,-1.0,0.49543348539239607,0.27740720508700834,1.0,0.0933166040318061,0.0,0.0
721,180.25,raw_sindy_mpc,0,21.44634246826172,849.9378662109375,89.52299499511719,5.016462802886963,145.98011779785156,400.0,-0.06540312923014287,-0.9978589232386035,0.502590806333569,0.30804670010699803,1.0,0.11732837842309599,0.0,0.0
722,180.5,raw_sindy_mpc,0,21.195838928222656,845.600830078125,89.30289459228516,5.24162483215332,154.31942749023438,400.0,-0.13052619222005177,-0.9914448613738104,0.4849398792975265,0.322141149659878,1.0,0.13507973537894963,0.0,0.0
723,180.75,raw_sindy_mpc,0,21.068540573120117,842.965087890625,89.03840637207031,5.4667863845825195,162.65875244140625,400.0,-0.19509032201612792,-0.9807852804032305,0.44013595188377974,0.33321725432984506,1.0,0.15050092125457543,0.0,0.0
724,181.0,raw_sindy_mpc,0,20.999561309814453,841.55322265625,88.92974853515625,5.691948413848877,170.99807739257812,400.0,-0.2588190451025208,-0.9659258262890683,0.3934585931037646,0.3445850343541435,1.0,0.16831543284509198,0.0,0.0
725,181.25,raw_sindy_mpc,0,20.90037727355957,838.90283203125,88.87834930419922,5.682889938354492,183.67481994628906,400.0,-0.32143946530316153,-0.9469301294951057,0.3513507669275078,0.3562254935639412,1.0,0.18023960249759516,0.0,0.0
726,181.5,raw_sindy_mpc,0,20.7713623046875,835.1054077148438,88.80521392822266,5.457728385925293,200.3534698486328,400.0,-0.38268343236508967,-0.9238795325112868,0.31088074721203984,0.3662430557217744,1.0,0.1841953858479366,0.0,0.0
727,181.75,raw_sindy_mpc,0,20.657970428466797,831.6170043945312,88.73507690429688,5.2325663566589355,217.0321044921875,400.0,-0.44228869021900147,-0.8968727415326883,0.2757418948402569,0.3726475728198235,1.0,0.18461797521632015,0.0,0.0
728,182.0,raw_sindy_mpc,0,20.564159393310547,827.7207641601562,88.68272399902344,5.007404804229736,233.71075439453125,400.0,-0.4999999999999997,-0.8660254037844388,0.26131641447102283,0.3757470285487049,1.0,0.18065403914628672,0.0,0.0
729,182.25,raw_sindy_mpc,0,20.31429100036621,826.5361938476562,88.92591857910156,4.808411121368408,230.39979553222656,400.0,-0.555570233019602,-0.8314696123025455,0.3530248196469479,0.3546813565825498,1.0,0.1626543660993011,0.0,0.0
730,182.5,raw_sindy_mpc,0,19.951231002807617,824.272705078125,89.18638610839844,4.6332855224609375,208.85653686523438,400.0,-0.6087614290087207,-0.7933533402912352,0.5228170887756519,0.31481900173549143,1.0,0.12470678609272304,0.0,4.013180108090975e-08
731,182.75,raw_sindy_mpc,0,19.744956970214844,819.1364135742188,89.12857055664062,4.458159446716309,187.3132781982422,400.0,-0.6593458151000688,-0.7518398074789774,0.6661456978015836,0.28026788612554054,1.0,0.08971990156938285,0.0,0.05381580775100009
732,183.0,raw_sindy_mpc,0,19.659343719482422,816.7943115234375,89.02427673339844,4.283033847808838,165.77003479003906,400.0,-0.7071067811865471,-0.7071067811865479,0.7733739050972811,0.24606490596223934,1.0,0.060580909586927564,0.0,0.12227764801176096
733,183.25,raw_sindy_mpc,0,19.755657196044922,817.7217407226562,88.65668487548828,4.094751834869385,150.4393310546875,400.0,-0.7518398074789773,-0.6593458151000691,0.8038018390937546,0.2136544108126587,1.0,0.03737121412797873,0.0,0.20218059107717318
734,183.5,raw_sindy_mpc,0,19.99831771850586,823.4967041015625,88.30579376220703,3.89460825920105,140.71011352539062,400.0,-0.7933533402912349,-0.6087614290087209,0.7835240456755083,0.1806795286951075,1.0,0.02107912345636664,0.0,0.2796515552033194
735,183.75,raw_sindy_mpc,0,20.247955322265625,834.0455932617188,88.15910339355469,3.6944644451141357,130.9809112548828,400.0,-0.8314696123025452,-0.5555702330196022,0.7700757954105224,0.14167926532554212,1.0,0.011687863925329637,0.0,0.35977431183673886
736,184.0,raw_sindy_mpc,0,20.40439796447754,844.5474243164062,88.1035385131836,3.4943206310272217,121.25169372558594,400.0,-0.8660254037844385,-0.5000000000000004,0.7936054064266502,0.10056080814011663,1.0,0.007856789945566258,0.0,0.45756010733580943
737,184.25,raw_sindy_mpc,0,20.377159118652344,850.4782104492188,88.03239440917969,3.254493236541748,102.3364486694336,400.0,-0.8968727415326883,-0.44228869021900136,0.8795916907711845,0.05919959019226575,1.0,0.0059469221573572525,0.0,0.5976041784840629
738,184.5,raw_sindy_mpc,0,20.218326568603516,850.0608520507812,87.6780776977539,2.979295492172241,75.233642578125,400.0,-0.9238795325112868,-0.3826834323650895,0.9792403617720808,0.022801933884546335,1.0,0.0028581630878940526,0.0,0.775758743092593
739,184.75,raw_sindy_mpc,0,20.06364631652832,846.8323364257812,86.89982604980469,2.7040977478027344,48.13084030151367,400.0,-0.9469301294951056,-0.3214394653031618,1.0,0.0,1.0,0.0,0.0,0.9578623654389596
740,185.0,raw_sindy_mpc,0,20.097347259521484,845.3071899414062,83.33397674560547,2.4289000034332275,21.028038024902344,400.0,-0.9659258262890683,-0.25881904510252063,0.7033018828272811,0.0,1.0,0.0,0.0,1.0
741,185.25,raw_sindy_mpc,0,19.884037017822266,845.29931640625,80.33035278320312,2.0872035026550293,7.22501802444458,400.0,-0.9807852804032303,-0.19509032201612866,0.4655025019097675,0.0,1.0,0.0,0.0,1.0
742,185.5,raw_sindy_mpc,0,19.201229095458984,843.796630859375,80.20427703857422,1.6869158744812012,5.140186786651611,400.0,-0.9914448613738104,-0.13052619222005163,0.42350629318401184,0.0,1.0,0.0,0.0,1.0
743,185.75,raw_sindy_mpc,0,18.374921798706055,841.7069702148438,80.46256256103516,1.2866283655166626,3.0553557872772217,400.0,-0.9978589232386035,-0.06540312923014273,0.47377540735815515,0.0,1.0,0.0,0.0,1.0
744,186.0,raw_sindy_mpc,0,17.577350616455078,839.5648803710938,80.35519409179688,0.8863407373428345,0.970524787902832,400.0,-1.0,-1.8369701987210297e-16,0.5443395719994103,0.0,1.0,0.0,0.1080472961186345,1.0
745,186.25,raw_sindy_mpc,0,16.674142837524414,832.4527587890625,86.32731628417969,0.6331416368484497,0.0,400.0,-0.9978589232386036,0.06540312923014237,1.0,0.0,1.0,0.007463082570590221,0.0,1.0
746,186.5,raw_sindy_mpc,0,16.772891998291016,819.6360473632812,79.67650604248047,0.5080517530441284,0.0,400.0,-0.9914448613738105,0.13052619222005127,0.7427845924860419,0.0,1.0,0.0,0.3895811615703757,1.0
747,186.75,raw_sindy_mpc,0,16.698928833007812,799.9009399414062,85.33892059326172,0.3829618990421295,0.0,400.0,-0.9807852804032304,0.1950903220161283,1.0,0.0,1.0,0.0,0.0,1.0
748,187.0,raw_sindy_mpc,0,16.98501968383789,801.8465576171875,78.74478149414062,0.2578720450401306,0.0,400.0,-0.9659258262890684,0.2588190451025203,0.6687155591500192,0.0,1.0,0.0,0.373582472635332,1.0
749,187.25,raw_sindy_mpc,0,16.78389549255371,786.45556640625,85.1316146850586,0.15966930985450745,0.0,400.0,-0.9469301294951057,0.3214394653031615,1.0,0.0,1.0,0.0,0.0,1.0
750,187.5,raw_sindy_mpc,0,17.01910972595215,788.1997680664062,78.56513977050781,0.08461538702249527,0.0,400.0,-0.923879532511287,0.38268343236508917,0.6630475865220824,0.029085956973774724,1.0,0.0,0.4612535179489088,1.0
751,187.75,raw_sindy_mpc,0,16.872922897338867,780.8386840820312,85.0086669921875,0.009561466984450817,0.0,400.0,-0.8968727415326884,0.442288690219001,1.0,0.0,1.0,0.0,0.06818165029520463,1.0
752,188.0,raw_sindy_mpc,0,16.71683120727539,778.2589111328125,84.51307678222656,-0.06549245119094849,0.0,400.0,-0.8660254037844386,0.5000000000000001,1.0,0.0,1.0,0.0,0.14620543491430799,1.0
753,188.25,raw_sindy_mpc,0,16.78786849975586,772.6181030273438,84.4385986328125,-0.23515456914901733,0.0,400.0,-0.8314696123025455,0.5555702330196018,1.0,0.0013297894534720098,1.0,0.0,0.23872980305394634,1.0
754,188.5,raw_sindy_mpc,0,16.97006607055664,764.157470703125,84.33164978027344,-0.48533427715301514,0.0,400.0,-0.7933533402912357,0.6087614290087199,1.0,0.04878838511928116,1.0,0.0,0.435631126723057,1.0
755,188.75,raw_sindy_mpc,0,17.30044174194336,767.5628662109375,84.29258728027344,-0.7355140447616577,0.0,400.0,-0.7518398074789772,0.6593458151000691,1.0,0.08034050114941771,1.0,0.0,0.6842397365383264,1.0
756,189.0,raw_sindy_mpc,0,17.761165618896484,774.6835327148438,84.1681900024414,-0.9856937527656555,0.0,400.0,-0.7071067811865477,0.7071067811865474,0.9660716269722057,0.10440812280431147,1.0,0.0,0.9113266712051667,1.0
757,189.25,raw_sindy_mpc,0,18.249786376953125,784.1019287109375,84.13887786865234,-1.1407620906829834,0.0,400.0,-0.6593458151000687,0.7518398074789775,0.9167831598160052,0.10554051755267037,1.0,0.0,0.9999999986523816,1.0
758,189.5,raw_sindy_mpc,0,18.57734489440918,791.659912109375,84.34375762939453,-1.2158159017562866,0.0,400.0,-0.608761429008721,0.7933533402912349,0.8792300449219789,0.09671363189257795,1.0,0.0,1.0,1.0
759,189.75,raw_sindy_mpc,0,18.7109432220459,796.1827392578125,84.63233947753906,-1.2908698320388794,0.0,400.0,-0.555570233019603,0.8314696123025447,0.8674120844274441,0.08734505258862411,1.0,0.0,1.0,1.0
760,190.0,raw_sindy_mpc,0,18.749399185180664,797.2582397460938,84.81977081298828,-1.3659237623214722,0.0,400.0,-0.5000000000000004,0.8660254037844384,0.8666205514546892,0.08307213041606087,1.0,0.0,1.0,1.0
761,190.25,raw_sindy_mpc,0,18.747501373291016,796.872802734375,84.92375946044922,-1.4136592149734497,0.0,400.0,-0.4422886902190014,0.8968727415326883,0.8677734343021265,0.0812757037141007,1.0,0.0,1.0,1.0
762,190.5,raw_sindy_mpc,0,18.73260498046875,795.9502563476562,84.97721099853516,-1.438677191734314,0.0,400.0,-0.38268343236508956,0.9238795325112868,0.8682457441481697,0.08071349763713033,1.0,0.0,1.0,1.0
763,190.75,raw_sindy_mpc,0,18.71324348449707,794.9151000976562,85.00763702392578,-1.4636951684951782,0.0,400.0,-0.32143946530316186,0.9469301294951056,0.8695097060421073,0.08090999807662554,1.0,0.0,1.0,1.0
764,191.0,raw_sindy_mpc,0,18.693557739257812,794.0391235351562,85.0228042602539,-1.4887131452560425,0.0,400.0,-0.25881904510252157,0.9659258262890681,0.8729147085084411,0.08142146626193592,1.0,0.0,1.0,1.0
765,191.25,raw_sindy_mpc,0,18.676456451416016,793.5846557617188,85.02399444580078,-1.5686556100845337,0.0,400.0,-0.19509032201612872,0.9807852804032303,0.8782757438645112,0.08224657860302485,1.0,0.0,1.0,1.0
766,191.5,raw_sindy_mpc,0,18.664852142333984,793.8233032226562,85.0114974975586,-1.693745493888855,0.0,400.0,-0.13052619222005168,0.9914448613738104,0.8830189804092774,0.08261527028021154,1.0,0.0,1.0,1.0
767,191.75,raw_sindy_mpc,0,18.66012191772461,794.5838012695312,84.98943328857422,-1.8188353776931763,0.0,400.0,-0.0654031292301428,0.9978589232386035,0.8841615395435619,0.08230125592590587,1.0,0.0,1.0,1.0
768,192.0,raw_sindy_mpc,0,18.65996742248535,795.5718383789062,84.97017669677734,-1.9439252614974976,0.0,400.0,0.0,1.0,0.8808769109796849,0.08176273886213731,1.0,0.0,1.0,1.0
769,192.25,raw_sindy_mpc,0,18.669954299926758,796.7178344726562,84.9638442993164,-2.013803005218506,0.0,400.0,0.06540312923014306,0.9978589232386035,0.8732424525596223,0.08085273900942898,1.0,0.0,1.0,1.0
770,192.5,raw_sindy_mpc,0,18.688627243041992,797.86962890625,84.98452758789062,-2.03882098197937,0.0,400.0,0.13052619222005157,0.9914448613738104,0.8643464968582953,0.08007814658255871,1.0,0.0,1.0,1.0
771,192.75,raw_sindy_mpc,0,18.70793914794922,799.0636596679688,85.03084564208984,-2.0638389587402344,0.0,400.0,0.19509032201612825,0.9807852804032304,0.8580517114076379,0.07968726361634262,1.0,0.0,0.9999990911421376,1.0
772,193.0,raw_sindy_mpc,0,18.726051330566406,800.4522094726562,85.08850860595703,-2.0888569355010986,0.0,400.0,0.25881904510252074,0.9659258262890683,0.8564094278755691,0.076589534892264,1.0,0.0,0.9549019476522786,1.0
773,193.25,raw_sindy_mpc,0,18.673425674438477,802.2135620117188,85.18681335449219,-2.1554996967315674,0.0,400.0,0.3214394653031616,0.9469301294951057,0.8689302777469675,0.07002301609116,1.0,0.0,0.8968598415288097,1.0
774,193.5,raw_sindy_mpc,0,18.564367294311523,803.1668701171875,85.22149658203125,-2.2555716037750244,0.0,400.0,0.3826834323650898,0.9238795325112867,0.8889149033330651,0.06486616603335275,1.0,0.0,0.8516758374163603,1.0
775,193.75,raw_sindy_mpc,0,18.45212745666504,803.4498291015625,85.15911102294922,-2.3556435108184814,0.0,400.0,0.44228869021900125,0.8968727415326884,0.9053909002498094,0.06299944914800124,1.0,0.0,0.8263903083560579,1.0
776,194.0,raw_sindy_mpc,0,18.367399215698242,803.727783203125,85.03868103027344,-2.4557154178619385,0.0,400.0,0.49999999999999994,0.8660254037844387,0.9145888466062722,0.06352057147112884,1.0,0.0,0.8149116338029768,1.0
777,194.25,raw_sindy_mpc,0,18.329788208007812,804.7159423828125,84.91381072998047,-2.527893543243408,0.0,400.0,0.5555702330196022,0.8314696123025452,0.918042097141556,0.06365643769467307,1.0,0.0,0.8037702240733778,1.0
778,194.5,raw_sindy_mpc,0,18.329421997070312,806.4470825195312,84.8296890258789,-2.5779294967651367,0.0,400.0,0.6087614290087207,0.7933533402912352,0.9201905465527719,0.062462650116766105,1.0,0.0,0.7846626774808151,1.0
779,194.75,raw_sindy_mpc,0,18.338298797607422,808.6699829101562,84.79144287109375,-2.6279654502868652,0.0,400.0,0.6593458151000688,0.7518398074789774,0.9356473816313668,0.05927712272479111,1.0,0.0,0.7434264984357356,1.0
780,195.0,raw_sindy_mpc,0,18.33502197265625,811.3543701171875,84.7616195678711,-2.6780014038085938,0.0,400.0,0.7071067811865476,0.7071067811865476,0.9637904952252832,0.054575118774587233,1.0,0.0,0.6945463213424279,1.0
781,195.25,raw_sindy_mpc,0,18.31145668029785,813.7376708984375,84.68221282958984,-2.7700934410095215,0.0,400.0,0.7518398074789774,0.6593458151000688,0.9993208775261101,0.051879531249074254,1.0,0.0,0.6615812428297164,1.0
782,195.5,raw_sindy_mpc,0,18.2956600189209,815.697509765625,84.50880432128906,-2.8951833248138428,0.0,400.0,0.7933533402912352,0.6087614290087207,1.0,0.05100531542224665,1.0,0.0,0.6283911824060846,1.0
783,195.75,raw_sindy_mpc,0,18.273801803588867,817.8937377929688,84.35574340820312,-3.020273208618164,0.0,400.0,0.8314696123025451,0.5555702330196024,1.0,0.047030228476119644,1.0,0.0,0.5611508141374998,1.0
784,196.0,raw_sindy_mpc,0,18.19708824157715,820.2445678710938,84.25439453125,-3.1453630924224854,0.0,400.0,0.8660254037844386,0.5000000000000001,1.0,0.03876226930702131,1.0,0.0,0.4677195964434345,1.0
785,196.25,raw_sindy_mpc,0,18.05691909790039,822.1241455078125,84.1496353149414,-3.1859095096588135,0.0,400.0,0.8968727415326884,0.44228869021900125,1.0,0.02711402622806501,1.0,0.0,0.3569294603587512,1.0
786,196.5,raw_sindy_mpc,0,17.859140396118164,823.0084228515625,83.99384307861328,-3.160891532897949,0.0,400.0,0.9238795325112867,0.38268343236508984,1.0,0.015794144011170935,1.0,0.0,0.24795879119788203,1.0
787,196.75,raw_sindy_mpc,0,17.6291446685791,823.0585327148438,83.7238540649414,-3.135873556137085,0.0,400.0,0.9469301294951056,0.3214394653031617,1.0,0.008468568224274685,1.0,0.0,0.1778107233576744,1.0
788,197.0,raw_sindy_mpc,0,17.41541290283203,822.4810180664062,83.40115356445312,-3.1108555793762207,0.0,400.0,0.9659258262890683,0.25881904510252074,1.0,0.0057090748769991415,1.0,0.0,0.1414196638519883,1.0
789,197.25,raw_sindy_mpc,0,17.314777374267578,822.4852905273438,83.1589584350586,-3.1566498279571533,4.327422142028809,400.0,0.9807852804032304,0.19509032201612833,1.0,0.008956443472818954,1.0,0.0,0.1399857029720262,1.0
790,197.5,raw_sindy_mpc,0,17.377487182617188,824.6532592773438,83.0556411743164,-3.2567217350006104,11.971802711486816,400.0,0.9914448613738104,0.1305261922200517,1.0,0.01581925129247443,1.0,0.0,0.17137798019754744,1.0
791,197.75,raw_sindy_mpc,0,17.575130462646484,829.169189453125,83.12957763671875,-3.3567936420440674,19.61618423461914,400.0,0.9978589232386035,0.06540312923014327,0.9963711283326646,0.018484737905767008,1.0,0.0,0.15044192721868846,1.0
792,198.0,raw_sindy_mpc,0,17.809425354003906,836.3890380859375,83.2496109008789,-3.4568655490875244,27.26056480407715,400.0,1.0,6.123233995736766e-17,0.9401010802621076,0.008512036737239855,1.0,0.0,0.04124780393173002,1.0
793,198.25,raw_sindy_mpc,0,18.384220123291016,845.612060546875,82.30663299560547,-2.9306254386901855,54.67489242553711,400.0,0.9978589232386035,-0.06540312923014314,0.80321886082245,1.0792433383459588e-08,1.0,0.0,0.0,1.0
794,198.5,raw_sindy_mpc,0,19.583227157592773,855.0963745117188,79.06161499023438,-1.9299064874649048,97.06645965576172,400.0,0.9914448613738104,-0.1305261922200516,0.46287616118635105,0.007151683116119154,1.0,0.0,0.0,1.0
795,198.75,raw_sindy_mpc,0,20.537696838378906,866.9639892578125,81.05302429199219,-0.9291876554489136,139.45802307128906,400.0,0.9807852804032304,-0.1950903220161282,0.19802040157552317,0.02147435334011999,1.0,5.5086199458028965e-08,0.0,0.9166202356236707
796,199.0,raw_sindy_mpc,0,21.236122131347656,880.3826293945312,87.70775604248047,0.0715312734246254,181.84959411621094,400.0,0.9659258262890683,-0.25881904510252063,0.32111965045578955,0.09961791653650441,1.0,0.02726902168881685,0.0,0.4061860515314286
797,199.25,raw_sindy_mpc,0,22.04689598083496,867.6268920898438,89.25468444824219,0.6716750264167786,218.28021240234375,400.0,0.9469301294951057,-0.3214394653031616,0.18181413488245604,0.20719391822954716,1.0,0.04517892688066074,0.0,0.1515847939014803
798,199.5,raw_sindy_mpc,0,22.650190353393555,863.1068725585938,90.05610656738281,0.9718907475471497,250.24761962890625,400.0,0.9238795325112868,-0.3826834323650895,0.0,0.284822772974947,1.0,0.07052609500215425,0.0,0.0
799,199.75,raw_sindy_mpc,0,22.963970184326172,862.3671875,90.91300201416016,1.272106409072876,282.21502685546875,400.0,0.8968727415326884,-0.44228869021900113,0.0,0.3418945940357507,0.9774268304239253,0.1147250675782734,0.0,0.0
800,200.0,raw_sindy_mpc,0,22.32158851623535,834.8710327148438,91.38076782226562,1.5723220109939575,314.18243408203125,400.0,0.8660254037844387,-0.4999999999999998,0.0,0.45037114126341327,0.9590426977097015,0.1875042271841567,0.0,0.0
801,200.25,raw_sindy_mpc,0,20.707164764404297,794.3685913085938,90.55690002441406,1.8437814712524414,338.1619873046875,400.0,0.8314696123025451,-0.5555702330196023,0.0,0.5567157401610505,0.9651400684472519,0.26200751113089876,0.0,0.0
802,200.5,raw_sindy_mpc,0,19.843393325805664,794.7392578125,88.79303741455078,2.093961238861084,356.23052978515625,400.0,0.7933533402912352,-0.6087614290087207,0.0,0.5423499011269374,0.9582499145121119,0.26734851305429463,0.0,0.0
803,200.75,raw_sindy_mpc,0,19.24813461303711,775.1024780273438,87.69623565673828,2.3441410064697266,374.299072265625,400.0,0.7518398074789774,-0.6593458151000688,0.0,0.578969146514313,0.9434137606827661,0.27319608030962383,0.0,0.0
804,201.0,raw_sindy_mpc,0,18.528356552124023,748.8721923828125,86.642578125,2.59432053565979,392.36761474609375,400.0,0.7071067811865476,-0.7071067811865475,0.0,0.6340858349560973,0.9236163292262102,0.28388443078098646,0.0,0.0
805,201.25,raw_sindy_mpc,0,17.673234939575195,719.7396850585938,85.20536041259766,2.801150321960449,415.6542053222656,400.0,0.659345815100069,-0.7518398074789773,0.0,0.690862749377698,0.8973571254709793,0.29259418129423237,0.0,0.01941014811862805
806,201.5,raw_sindy_mpc,0,16.764562606811523,689.3364868164062,83.02852630615234,2.976276159286499,442.75701904296875,400.0,0.6087614290087209,-0.793353340291235,0.0,0.7425991208615561,0.8566744358568172,0.304006978549477,0.0,0.13222790888263253
807,201.75,raw_sindy_mpc,0,15.67785358428955,658.6610717773438,80.1424560546875,3.1514017581939697,469.85980224609375,400.0,0.5555702330196025,-0.831469612302545,0.0,0.7995419076987496,0.8116575698418315,0.321307007474647,0.0,0.2016531343246467
808,202.0,raw_sindy_mpc,0,14.721031188964844,632.3287963867188,77.13004302978516,3.3265275955200195,496.9626159667969,400.0,0.49999999999999994,-0.8660254037844387,0.0,0.8540106248591082,0.768269525203885,0.3370484782383497,0.0,0.22588924031211494
809,202.25,raw_sindy_mpc,0,14.017532348632812,614.4619750976562,74.52424621582031,3.472609519958496,515.19091796875,400.0,0.4422886902190017,-0.8968727415326881,0.0,0.8906145345083576,0.7275505510475009,0.34710847349664853,0.0,0.2556678350121048
810,202.5,raw_sindy_mpc,0,13.518509864807129,602.7421875,72.36822509765625,3.5976994037628174,527.0049438476562,400.0,0.3826834323650899,-0.9238795325112867,0.0,0.9147957464061188,0.6896902092244402,0.35399241603190756,0.0,0.29028084485332367
811,202.75,raw_sindy_mpc,0,13.146273612976074,593.1661376953125,70.49244689941406,3.7227892875671387,538.8189697265625,400.0,0.32143946530316175,-0.9469301294951056,0.0,0.9371173232716942,0.6564566933649615,0.35989562946883086,0.0,0.3101186795421931
812,203.0,raw_sindy_mpc,0,12.871095657348633,585.105224609375,68.73889923095703,3.84787917137146,550.633056640625,400.0,0.258819045102521,-0.9659258262890682,0.0,0.9569275136624863,0.6295177116692907,0.36311764879375497,0.0,0.3109038122873798
813,203.25,raw_sindy_mpc,0,12.832661628723145,584.0891723632812,67.50155639648438,4.016750335693359,554.3394165039062,400.0,0.19509032201612816,-0.9807852804032304,0.0,0.9640922129579733,0.6104466776234103,0.3649794136358483,0.0,0.30911327634184427
814,203.5,raw_sindy_mpc,0,12.969788551330566,587.5156860351562,66.73284149169922,4.216894149780273,552.2545776367188,400.0,0.130526192220052,-0.9914448613738104,0.0,0.9632837487580833,0.5990750755848335,0.3663338573016119,0.0,0.30302283214014436
815,203.75,raw_sindy_mpc,0,13.162699699401855,591.2481079101562,66.11607360839844,4.4170379638671875,550.1697387695312,400.0,0.06540312923014312,-0.9978589232386035,0.0,0.9622996753826898,0.5974431018167209,0.36790965464030106,0.0,0.2824371758000686
816,204.0,raw_sindy_mpc,0,13.406577110290527,595.6434936523438,65.55699920654297,4.617181777954102,548.0848999023438,400.0,1.2246467991473532e-16,-1.0,0.0,0.9598458713610788,0.6100772477230318,0.3699834733501942,0.0,0.24746500681883463
817,204.25,raw_sindy_mpc,0,13.554353713989258,601.009521484375,66.01276397705078,4.699999809265137,539.0745849609375,400.0,-0.06540312923014287,-0.9978589232386035,0.0,0.9441510791795278,0.6370452443596266,0.3704801899321004,0.0,0.24568076441284473
818,204.5,raw_sindy_mpc,0,13.622764587402344,608.1105346679688,67.40145111083984,4.699999809265137,525.1757202148438,400.0,-0.13052619222005177,-0.9914448613738104,0.0,0.9154710909491938,0.6723041489337349,0.36910175494637987,0.0,0.2674943085573222
819,204.75,raw_sindy_mpc,0,13.720587730407715,616.45166015625,69.02556610107422,4.699999809265137,511.27685546875,400.0,-0.19509032201612792,-0.9807852804032305,0.0,0.8816916875802913,0.7093139370339464,0.3633240737292634,0.0,0.27366656514033966
820,205.0,raw_sindy_mpc,0,13.888265609741211,625.864013671875,70.80876922607422,4.699999809265137,497.37799072265625,400.0,-0.2588190451025208,-0.9659258262890683,0.0,0.8444621668052475,0.7481453786764729,0.35197990271978136,0.0,0.2601572530423065
821,205.25,raw_sindy_mpc,0,13.884175300598145,630.9661254882812,72.68012237548828,4.699999809265137,476.9290771484375,400.0,-0.32143946530316153,-0.9469301294951057,0.0,0.8027990467823496,0.7891128615966803,0.33370666799192517,0.0,0.26242788491641417
822,205.5,raw_sindy_mpc,0,13.798858642578125,635.9837646484375,74.60800170898438,4.699999809265137,451.9111022949219,400.0,-0.38268343236508967,-0.9238795325112868,0.0,0.7532945103246379,0.8312932573544556,0.3112809481424076,0.0,0.275627553214046
823,205.75,raw_sindy_mpc,0,13.833112716674805,645.587890625,76.73541259765625,4.699999809265137,426.89312744140625,400.0,-0.44228869021900147,-0.8968727415326883,0.0,0.6962464947782425,0.8737482729607311,0.2864321942959153,0.0,0.2750185102139819
824,206.0,raw_sindy_mpc,0,14.061910629272461,661.5352172851562,79.29788208007812,4.699999809265137,401.8751525878906,400.0,-0.4999999999999997,-0.8660254037844388,0.0,0.6562096599430935,0.9330782703089544,0.26602113438840846,0.0,0.060798513888441014
825,206.25,raw_sindy_mpc,0,15.101285934448242,706.9139404296875,83.5279541015625,4.67038106918335,370.2751770019531,400.0,-0.555570233019602,-0.8314696123025455,0.17881884838003836,0.5978382186895006,0.9932679795720635,0.3002680709766655,0.0,0.0
826,206.5,raw_sindy_mpc,0,16.9459171295166,813.550048828125,88.2527847290039,4.620345115661621,334.13812255859375,400.0,-0.6087614290087207,-0.7933533402912352,0.48173446754550925,0.4037759084894445,1.0,0.30332864693047595,0.0,0.0
827,206.75,raw_sindy_mpc,0,17.5194149017334,824.8689575195312,90.09648132324219,4.570309162139893,298.00103759765625,400.0,-0.6593458151000688,-0.7518398074789774,0.7281362426641816,0.3485105712098079,1.0,0.26356437586368486,0.0,0.0
828,207.0,raw_sindy_mpc,0,17.758222579956055,819.1513671875,90.14071655273438,4.520273208618164,261.86395263671875,400.0,-0.7071067811865471,-0.7071067811865479,0.8714544640317738,0.31180993968496773,1.0,0.211347461137607,0.0,0.055384487795997236
829,207.25,raw_sindy_mpc,0,17.86482048034668,812.747802734375,89.56925201416016,4.261898040771484,226.14027404785156,400.0,-0.7518398074789773,-0.6593458151000691,0.9718045745635162,0.27033247710439146,1.0,0.16251048996388845,0.0,0.17331460070795418
830,207.5,raw_sindy_mpc,0,17.903356552124023,807.1670532226562,88.82035064697266,3.8616104125976562,190.69813537597656,400.0,-0.7933533402912349,-0.6087614290087209,1.0,0.23122735888878365,1.0,0.12037467907222824,0.0,0.2942208688164721
831,207.75,raw_sindy_mpc,0,17.925613403320312,802.977294921875,88.15248107910156,3.461322784423828,155.25601196289062,400.0,-0.8314696123025452,-0.5555702330196022,1.0,0.19505835921086617,1.0,0.08558774372213633,0.0,0.40740784514876666
832,208.0,raw_sindy_mpc,0,17.930679321289062,799.6051635742188,87.57760620117188,3.06103515625,119.81388092041016,400.0,-0.8660254037844385,-0.5000000000000004,1.0,0.16204794249265067,1.0,0.057460752484189394,0.0,0.5251125476952431
833,208.25,raw_sindy_mpc,0,17.986289978027344,797.9261474609375,86.92904663085938,2.750467300415039,91.01765441894531,400.0,-0.8968727415326883,-0.44228869021900136,1.0,0.1293865836445414,1.0,0.035198699241454794,0.0,0.6503840121107712
834,208.5,raw_sindy_mpc,0,18.073543548583984,799.2276611328125,86.30351257324219,2.5002875328063965,66.69462585449219,400.0,-0.9238795325112868,-0.3826834323650895,1.0,0.09382837679083476,1.0,0.018656809133721825,0.0,0.778228458641231
835,208.75,raw_sindy_mpc,0,18.118154525756836,803.0957641601562,85.67927551269531,2.250107765197754,42.3715934753418,400.0,-0.9469301294951056,-0.3214394653031618,1.0,0.05385862501442892,1.0,0.006522297400105157,0.0,0.9182528159031208
836,209.0,raw_sindy_mpc,0,18.223867416381836,808.7876586914062,82.85029602050781,1.9999281167984009,18.048566818237305,400.0,-0.9659258262890683,-0.25881904510252063,0.8413655283303392,0.023830525894208216,1.0,0.0,0.0,1.0
837,209.25,raw_sindy_mpc,0,18.339147567749023,816.42236328125,78.89815521240234,1.8248741626739502,7.081236362457275,400.0,-0.9807852804032303,-0.19509032201612866,0.5748919185322504,0.0048446703166376065,1.0,0.0,0.0,1.0
838,209.5,raw_sindy_mpc,0,18.005403518676758,818.0538940429688,78.58867645263672,1.699784278869629,4.996405601501465,400.0,-0.9914448613738104,-0.13052619222005163,0.49366148507978835,0.0,1.0,0.0,0.0,1.0
839,209.75,raw_sindy_mpc,0,17.49916648864746,817.1824951171875,79.18394470214844,1.5746945142745972,2.911574363708496,400.0,-0.9978589232386035,-0.06540312923014273,0.5302779654071613,0.0,1.0,0.0,0.0,1.0
840,210.0,raw_sindy_mpc,0,17.00267791748047,816.2109985351562,79.62362670898438,1.4496046304702759,0.8267433643341064,400.0,-1.0,-1.8369701987210297e-16,0.5951308702471463,0.0,1.0,0.0,1.679575308612241e-09,1.0
841,210.25,raw_sindy_mpc,0,16.61225700378418,815.4094848632812,79.6984634399414,1.3547087907791138,0.0,400.0,-0.9978589232386036,0.06540312923014237,0.6514602415624449,0.0,1.0,0.0,0.19106078468538967,1.0
842,210.5,raw_sindy_mpc,0,16.15546226501465,806.2698364257812,86.24592590332031,1.2796549797058105,0.0,400.0,-0.9914448613738105,0.13052619222005127,1.0,0.0,1.0,0.03920444284766746,0.0,1.0
843,210.75,raw_sindy_mpc,0,16.139787673950195,762.2479248046875,79.78738403320312,1.2046010494232178,0.0,400.0,-0.9807852804032304,0.1950903220161283,0.7818800366849488,0.0,1.0,0.0,0.034053129737562964,1.0
844,211.0,raw_sindy_mpc,0,16.036558151245117,751.1260375976562,83.53724670410156,1.129547119140625,0.0,400.0,-0.9659258262890684,0.2588190451025203,1.0,0.0,1.0,0.0,0.0,1.0
845,211.25,raw_sindy_mpc,0,16.553504943847656,753.4880981445312,78.35980224609375,1.069662094116211,0.0,400.0,-0.9469301294951057,0.3214394653031615,0.6522681517350035,0.008193841303246897,1.0,0.0,0.10744793741281303,1.0
846,211.5,raw_sindy_mpc,0,16.22641372680664,752.5026245117188,85.08256530761719,1.0196261405944824,0.0,400.0,-0.923879532511287,0.38268343236508917,1.0,0.0,1.0,0.0,0.0,1.0
847,211.75,raw_sindy_mpc,0,16.70185089111328,754.8397827148438,78.8445816040039,0.9695902466773987,0.0,400.0,-0.8968727415326884,0.442288690219001,0.658558690875232,0.0014143389369215224,1.0,0.0,0.17570844040058894,1.0
848,212.0,raw_sindy_mpc,0,16.393207550048828,748.3168334960938,85.29747772216797,0.9195542931556702,0.0,400.0,-0.8660254037844386,0.5000000000000001,1.0,0.0,1.0,0.0,0.0,1.0
849,212.25,raw_sindy_mpc,0,16.77129554748535,750.4273681640625,78.9977035522461,0.7933141589164734,0.0,400.0,-0.8314696123025455,0.5555702330196018,0.6703563216648998,0.024997875148824573,1.0,0.0,0.28212016327011885,1.0
850,212.5,raw_sindy_mpc,0,16.50332260131836,748.711181640625,85.4006118774414,0.6181883811950684,0.0,400.0,-0.7933533402912357,0.6087614290087199,1.0,0.0,1.0,0.0,0.0,1.0
851,212.75,raw_sindy_mpc,0,16.768964767456055,749.93798828125,78.99701690673828,0.44306254386901855,0.0,400.0,-0.7518398074789772,0.6593458151000691,0.6899543787626563,0.041232152708124345,1.0,0.0,0.4410574491451237,1.0
852,213.0,raw_sindy_mpc,0,16.62926483154297,748.1456909179688,85.28876495361328,0.26793673634529114,0.0,400.0,-0.7071067811865477,0.7071067811865474,1.0,0.0,1.0,0.0,0.0,1.0
853,213.25,raw_sindy_mpc,0,16.78790855407715,749.0911254882812,78.95195770263672,0.1387491077184677,0.0,400.0,-0.6593458151000687,0.7518398074789775,0.6992849726409397,0.05152715743068213,1.0,0.0,0.5587669074469507,1.0
854,213.5,raw_sindy_mpc,0,16.769058227539062,747.7060546875,85.14306640625,0.03867721185088158,0.0,400.0,-0.608761429008721,0.7933533402912349,1.0,0.0,1.0,0.0,0.1199281116137932,1.0
855,213.75,raw_sindy_mpc,0,16.589265823364258,743.9524536132812,85.22416687011719,-0.06139468029141426,0.0,400.0,-0.555570233019603,0.8314696123025447,1.0,0.0,1.0,0.0,0.031116252639602448,1.0
856,214.0,raw_sindy_mpc,0,16.64023780822754,744.6995849609375,83.05520629882812,-0.1614665687084198,0.0,400.0,-0.5000000000000004,0.8660254037844384,0.9234951467241282,0.025482488976909703,1.0,0.0,0.5069144494030284,1.0
857,214.25,raw_sindy_mpc,0,17.041305541992188,737.3035888671875,84.68870544433594,-0.23076923191547394,0.0,400.0,-0.4422886902190014,0.8968727415326883,0.9948396375964654,0.03862015824874683,1.0,0.0,0.3756290769772997,1.0
858,214.5,raw_sindy_mpc,0,17.209171295166016,740.7337036132812,84.9194564819336,-0.28080517053604126,0.0,400.0,-0.38268343236508956,0.9238795325112868,0.9999998740336307,0.03922367182244263,1.0,0.0,0.3761168115548963,1.0
859,214.75,raw_sindy_mpc,0,17.37590217590332,744.4615478515625,84.8246841430664,-0.3308411240577698,0.0,400.0,-0.32143946530316186,0.9469301294951056,0.9713031719449621,0.046289445858300665,1.0,0.0,0.4202076558354035,1.0
860,215.0,raw_sindy_mpc,0,17.547271728515625,749.4776611328125,84.78693389892578,-0.3808770775794983,0.0,400.0,-0.25881904510252157,0.9659258262890681,0.9442160119660226,0.05110840959368147,1.0,0.0,0.45578463591345597,1.0
861,215.25,raw_sindy_mpc,0,17.658357620239258,755.0603637695312,84.829833984375,-0.5700215697288513,0.0,400.0,-0.19509032201612872,0.9807852804032303,0.9394092889288816,0.05252013525464704,1.0,0.0,0.5137714469359739,1.0
862,215.5,raw_sindy_mpc,0,17.742698669433594,759.0846557617188,84.84174346923828,-0.8452192544937134,0.0,400.0,-0.13052619222005168,0.9914448613738104,0.9442028325280143,0.05904531582366213,1.0,0.0,0.6074622020055622,1.0
863,215.75,raw_sindy_mpc,0,17.856332778930664,762.5375366210938,84.79129791259766,-1.1204169988632202,0.0,400.0,-0.0654031292301428,0.9978589232386035,0.9404356431420333,0.06948062156391611,1.0,0.0,0.7195340131838344,1.0
864,216.0,raw_sindy_mpc,0,18.00278091430664,766.49169921875,84.73247528076172,-1.3956146240234375,0.0,400.0,0.0,1.0,0.9222936297074045,0.0765637184832642,1.0,0.0,0.8178271273290009,1.0
865,216.25,raw_sindy_mpc,0,18.173784255981445,770.2588500976562,84.7314682006836,-1.4689432382583618,0.0,400.0,0.06540312923014306,0.9978589232386035,0.8901509269887699,0.0773444050032719,1.0,0.0,0.8284856827776349,1.0
866,216.5,raw_sindy_mpc,0,18.25992774963379,774.3003540039062,84.89436340332031,-1.4189072847366333,0.0,400.0,0.13052619222005157,0.9914448613738104,0.871921562548149,0.06229787820981191,1.0,0.0,0.7366827278443691,1.0
867,216.75,raw_sindy_mpc,0,18.182682037353516,775.577880859375,85.1372299194336,-1.3688713312149048,0.0,400.0,0.19509032201612825,0.9807852804032304,0.8832420738157346,0.04244328502007487,1.0,0.0,0.5945691070057079,1.0
868,217.0,raw_sindy_mpc,0,17.982526779174805,773.8681640625,85.27168273925781,-1.3188353776931763,0.0,400.0,0.25881904510252074,0.9659258262890683,0.9112439331651259,0.02806422014285498,1.0,0.0,0.45846537608719706,1.0
869,217.25,raw_sindy_mpc,0,17.747053146362305,771.307373046875,85.21951293945312,-1.3312005996704102,0.0,400.0,0.3214394653031616,0.9469301294951057,0.9375455806572867,0.02002138371977102,1.0,0.0,0.3714273484251561,1.0
870,217.5,raw_sindy_mpc,0,17.560354232788086,768.7775268554688,85.02204895019531,-1.3812365531921387,0.0,400.0,0.3826834323650898,0.9238795325112867,0.9485801702871075,0.020574371135073013,1.0,0.0,0.33157591525282937,1.0
871,217.75,raw_sindy_mpc,0,17.449626922607422,768.0309448242188,84.80793762207031,-1.4312725067138672,0.0,400.0,0.44228869021900125,0.8968727415326884,0.9463093861142398,0.022683366085533146,1.0,0.0,0.30659807873811296,1.0
872,218.0,raw_sindy_mpc,0,17.384082794189453,769.1236572265625,84.66228485107422,-1.4813084602355957,0.0,400.0,0.49999999999999994,0.8660254037844387,0.9413166439394727,0.021460427012952393,1.0,0.0,0.2717041905594922,1.0
873,218.25,raw_sindy_mpc,0,17.319671630859375,770.9174194335938,84.5635757446289,-1.484327793121338,0.0,400.0,0.5555702330196022,0.8314696123025452,0.9418834288643646,0.017826537701415037,1.0,0.0,0.213269776519257,1.0
874,218.5,raw_sindy_mpc,0,17.227277755737305,773.2228393554688,84.42900848388672,-1.4593098163604736,0.0,400.0,0.6087614290087207,0.7933533402912352,0.9546472370534369,0.015275914293410924,1.0,0.0,0.15261521974392292,1.0
875,218.75,raw_sindy_mpc,0,17.12333106994629,776.5674438476562,84.23131561279297,-1.4342918395996094,0.0,400.0,0.6593458151000688,0.7518398074789774,0.9830244524886009,0.015699912134376732,1.0,0.0,0.12076458353039402,1.0
876,219.0,raw_sindy_mpc,0,17.059032440185547,781.0846557617188,83.99760437011719,-1.4092738628387451,0.0,400.0,0.7071067811865476,0.7071067811865476,1.0,0.01132264659661663,1.0,0.0,0.06398644606599052,1.0
877,219.25,raw_sindy_mpc,0,17.024404525756836,785.9131469726562,83.25104522705078,-1.399999976158142,0.0,400.0,0.7518398074789774,0.6593458151000688,0.9999999784082736,0.00762962518129823,1.0,0.0,0.05017712739006683,1.0
878,219.5,raw_sindy_mpc,0,17.012468338012695,789.548095703125,82.6793441772461,-1.399999976158142,0.0,400.0,0.7933533402912352,0.6087614290087207,1.0,0.0016901132340779888,1.0,0.0,2.0637824580186366e-07,1.0
879,219.75,raw_sindy_mpc,0,17.376054763793945,793.6796875,76.10536193847656,-1.399999976158142,0.0,400.0,0.8314696123025451,0.5555702330196024,0.7099256028451827,0.01353594175660134,1.0,0.0,0.08130755310927709,1.0
880,220.0,raw_sindy_mpc,0,16.717784881591797,796.1183471679688,83.27923583984375,-1.399999976158142,0.0,400.0,0.8660254037844386,0.5000000000000001,1.0,0.0,1.0,0.0,0.0,1.0
881,220.25,raw_sindy_mpc,0,17.04869270324707,798.9193725585938,76.72380065917969,-1.3841840028762817,0.0,400.0,0.8968727415326884,0.44228869021900125,0.8146878750713905,0.0,1.0,0.0,1.4449596320006444e-07,1.0
882,220.5,raw_sindy_mpc,0,16.94369888305664,800.0493774414062,75.22114562988281,-1.3591660261154175,0.0,400.0,0.9238795325112867,0.38268343236508984,0.7002561712616108,0.0,1.0,0.0,3.107864078571372e-10,1.0
883,220.75,raw_sindy_mpc,0,16.67736053466797,800.2374267578125,75.21053314208984,-1.3341480493545532,0.0,400.0,0.9469301294951056,0.3214394653031617,0.6925285840984589,0.0,1.0,0.0,0.0,1.0
884,221.0,raw_sindy_mpc,0,16.379091262817383,799.8648071289062,75.63032531738281,-1.309130072593689,0.0,400.0,0.9659258262890683,0.25881904510252074,0.7196757298514831,0.0,1.0,0.0,0.0,1.0
885,221.25,raw_sindy_mpc,0,16.27056884765625,799.765625,76.04505157470703,-1.1252336502075195,3.5306334495544434,400.0,0.9807852804032304,0.19509032201612833,0.7398997707887668,0.0,1.0,0.0,0.0,1.0
886,221.5,raw_sindy_mpc,0,16.378122329711914,800.172607421875,76.5926513671875,-0.8500359654426575,9.09018325805664,400.0,0.9914448613738104,0.1305261922200517,0.747355804006874,0.0,1.0,0.0,0.0,1.0
887,221.75,raw_sindy_mpc,0,16.620920181274414,800.8897705078125,77.36393737792969,-0.5748382210731506,14.64973258972168,400.0,0.9978589232386035,0.06540312923014327,0.7369288476886794,0.00030477592251241674,1.0,0.0,0.0,1.0
888,222.0,raw_sindy_mpc,0,16.94983673095703,801.91455078125,78.32047271728516,-0.2996405363082886,20.20928192138672,400.0,1.0,6.123233995736766e-17,0.7440333819658064,0.010314233288419567,1.0,0.0,0.0,1.0
889,222.25,raw_sindy_mpc,0,17.284875869750977,806.5103759765625,79.5025634765625,-0.10424154996871948,31.532072067260742,400.0,0.9978589232386035,-0.06540312923014314,0.7622888052915141,0.014076195025798365,1.0,0.0,0.0,1.0
890,222.5,raw_sindy_mpc,0,17.62093162536621,811.7255859375,80.62654113769531,0.045866284519433975,46.12588882446289,400.0,0.9914448613738104,-0.1305261922200516,0.7789817215004053,0.01747786552325309,1.0,0.0,0.0,1.0
891,222.75,raw_sindy_mpc,0,17.982507705688477,817.4671020507812,81.51097869873047,0.19597412645816803,60.71970748901367,400.0,0.9807852804032304,-0.1950903220161282,0.8021504369052157,0.021284003629132655,1.0,0.0,0.0,1.0
892,223.0,raw_sindy_mpc,0,18.375146865844727,823.9031982421875,82.14714050292969,0.34608194231987,75.31352233886719,400.0,0.9659258262890683,-0.25881904510252063,0.7988680842497109,0.027334786928507906,1.0,0.0,0.0,0.9802099614463025
893,223.25,raw_sindy_mpc,0,18.67486000061035,831.136474609375,84.94493865966797,0.48015815019607544,95.69654083251953,400.0,0.9469301294951057,-0.3214394653031616,0.9229744396160444,0.06181811605077939,1.0,0.009546389642235434,0.0,0.7655772220854944
894,223.5,raw_sindy_mpc,0,19.05624008178711,824.7886962890625,86.6859359741211,0.6052480340003967,119.32462310791016,400.0,0.9238795325112868,-0.3826834323650895,0.9657838930820917,0.12348316235200754,1.0,0.02070139974720095,0.0,0.619706021402766
895,223.75,raw_sindy_mpc,0,19.52969741821289,815.6463623046875,86.48065185546875,0.7303378582000732,142.9527130126953,400.0,0.8968727415326884,-0.44228869021900113,0.7946763210617893,0.18608961003305893,1.0,0.033331634539314786,0.0,0.561083209803606
896,224.0,raw_sindy_mpc,0,19.7879581451416,810.6029663085938,86.4700927734375,0.8554277420043945,166.58079528808594,400.0,0.8660254037844387,-0.4999999999999998,0.5723324752928132,0.24894439646565786,1.0,0.05552723613478806,0.0,0.4500873648348183
897,224.25,raw_sindy_mpc,0,20.002765655517578,804.7086791992188,86.60125732421875,1.10934579372406,213.02220153808594,400.0,0.8314696123025451,-0.5555702330196023,0.2728244899190325,0.33150768709320816,1.0,0.08853745303892264,0.0,0.24979349840576076
898,224.5,raw_sindy_mpc,0,20.278886795043945,801.1511840820312,86.81649017333984,1.4345794916152954,272.0924072265625,400.0,0.7933533402912352,-0.6087614290087207,0.0,0.4108469962238252,0.9990150881581875,0.12752497641947005,0.0,0.05808746270832949
899,224.75,raw_sindy_mpc,0,20.575511932373047,800.668701171875,87.27471160888672,1.7598130702972412,331.1626281738281,400.0,0.7518398074789774,-0.6593458151000688,0.0,0.47070981744680734,0.9660437396466721,0.16509413575830012,0.0,0.034383191439249554
900,225.0,raw_sindy_mpc,0,19.263702392578125,739.4390869140625,87.20484161376953,2.0850467681884766,390.23284912109375,400.0,0.7071067811865476,-0.7071067811865475,0.0,0.6467289164685179,0.9379742802211707,0.24381632407536258,0.0,0.0
901,225.25,raw_sindy_mpc,0,17.080150604248047,683.1111450195312,84.88687133789062,2.410280466079712,425.9385681152344,400.0,0.659345815100069,-0.7518398074789773,0.0,0.7580038380211923,0.9238660921934885,0.292109361595529,0.0,0.0
902,225.5,raw_sindy_mpc,0,15.862666130065918,661.5398559570312,82.29613494873047,2.735513925552368,448.8717041015625,400.0,0.6087614290087209,-0.793353340291235,0.0,0.7860551193662066,0.9035468771804712,0.3150930581478397,0.0,0.10412646285005242
903,225.75,raw_sindy_mpc,0,14.840133666992188,635.7627563476562,80.21342468261719,3.0607476234436035,471.80487060546875,400.0,0.5555702330196025,-0.831469612302545,0.0,0.8281506022142038,0.8762700681092105,0.33992420480660623,0.0,0.205747581786671
904,226.0,raw_sindy_mpc,0,13.89726448059082,611.5159912109375,77.87690734863281,3.385981321334839,494.7380065917969,400.0,0.49999999999999994,-0.8660254037844387,0.0,0.8693262157915916,0.851930492509634,0.35164685686454034,0.0,0.21058180009029567
905,226.25,raw_sindy_mpc,0,13.168314933776855,597.1826171875,76.42584228515625,3.353774309158325,499.61859130859375,400.0,0.4422886902190017,-0.8968727415326881,0.0,0.8761055543723532,0.833610465530578,0.34331823357030533,0.0,0.25102235745890983
906,226.5,raw_sindy_mpc,0,12.629854202270508,591.7974243164062,75.97757720947266,3.128612518310547,494.75396728515625,400.0,0.3826834323650899,-0.9238795325112867,0.0,0.8563909094516465,0.8187662492151877,0.32560625987029107,0.0,0.3237042977218649
907,226.75,raw_sindy_mpc,0,12.278254508972168,590.08935546875,75.90446472167969,2.9034507274627686,489.8893737792969,400.0,0.32143946530316175,-0.9469301294951056,0.0,0.844937835298163,0.8090083921307042,0.31853513791772536,0.0,0.3508747568496476
908,227.0,raw_sindy_mpc,0,12.022289276123047,589.4635009765625,75.86211395263672,2.6782889366149902,485.0247497558594,400.0,0.258819045102521,-0.9659258262890682,0.0,0.8416234272639371,0.8036464580372601,0.31963865726244894,0.0,0.37564467494433107
909,227.25,raw_sindy_mpc,0,12.00395679473877,587.7276611328125,75.60265350341797,2.6652767658233643,504.1856384277344,400.0000305175781,0.19509032201612816,-0.9807852804032304,0.0,0.8538905747750742,0.7871629689290788,0.3271733116376064,0.0,0.4154542507602901
910,227.5,raw_sindy_mpc,0,11.967188835144043,582.1542358398438,74.96206665039062,2.7653486728668213,536.153076171875,399.9999694824219,0.130526192220052,-0.9914448613738104,0.0,0.8870845138192595,0.7628040858969931,0.3442479407057979,0.0,0.4217102251278904
911,227.75,raw_sindy_mpc,0,11.85262680053711,574.2442626953125,74.0177230834961,2.8654205799102783,568.1204833984375,400.0,0.06540312923014312,-0.9978589232386035,0.0,0.9274338930007701,0.7454833930170972,0.3566904095587501,0.0,0.3396356800261602
912,228.0,raw_sindy_mpc,0,11.948101997375488,567.680419921875,73.08064270019531,2.9654924869537354,600.087890625,400.0000305175781,1.2246467991473532e-16,-1.0,0.0,0.9665195542688447,0.7614439694615288,0.36644576514890104,0.0,0.21826604358842513
913,228.25,raw_sindy_mpc,0,11.924530029296875,571.3851928710938,73.69772338867188,2.8852624893188477,583.3373413085938,400.0,-0.06540312923014287,-0.9978589232386035,0.0,0.9365262721927269,0.8017534872839813,0.3541416479182383,0.0,0.23716508770308542
914,228.5,raw_sindy_mpc,0,11.934499740600586,585.9483642578125,75.7742919921875,2.710136651992798,540.9457397460938,400.0,-0.13052619222005177,-0.9914448613738104,0.0,0.8527666324397402,0.8470982443193519,0.31824262775525936,0.0,0.30129668518447833
915,228.75,raw_sindy_mpc,0,12.250797271728516,607.5816040039062,78.41938781738281,2.535010814666748,498.55419921875,400.0,-0.19509032201612792,-0.9807852804032305,0.0,0.7993873983421308,0.9216350416255403,0.2878653092529464,0.0,0.0328233563192151
916,229.0,raw_sindy_mpc,0,13.90941333770752,664.0579833984375,82.49005126953125,2.3598849773406982,456.1626281738281,400.0,-0.2588190451025208,-0.9659258262890683,0.13333942831578582,0.7150061039768209,0.9871953563931185,0.30043409253841835,0.0,0.0
917,229.25,raw_sindy_mpc,0,16.46048355102539,788.3524169921875,87.37264251708984,2.2012221813201904,412.8564453125,400.0,-0.32143946530316153,-0.9469301294951057,0.3619318702559024,0.49218209177701133,1.0,0.28795315839478536,0.0,0.0
918,229.5,raw_sindy_mpc,0,17.256282806396484,810.5029907226562,90.19640350341797,2.051114320755005,369.07501220703125,400.0,-0.38268343236508967,-0.9238795325112868,0.6803721692668404,0.4203550433647022,1.0,0.2489063846362332,0.0,0.0
919,229.75,raw_sindy_mpc,0,17.4239501953125,805.2750854492188,90.71845245361328,1.9010064601898193,325.2935485839844,400.0,-0.44228869021900147,-0.8968727415326883,0.9196008507896023,0.3787315137827955,1.0,0.1970709382554342,0.0,0.07982627942390036
920,230.0,raw_sindy_mpc,0,17.441089630126953,800.4713134765625,90.02415466308594,1.7508985996246338,281.5121154785156,400.0,-0.4999999999999997,-0.8660254037844388,1.0,0.3331312985497592,1.0,0.1505991621612416,0.0,0.18956538954149044
921,230.25,raw_sindy_mpc,0,17.46142578125,798.2115478515625,88.98583221435547,1.6173256635665894,234.51553344726562,400.0,-0.555570233019602,-0.8314696123025455,1.0,0.28461422803551845,1.0,0.10975802180122628,0.0,0.30502105906019533
922,230.5,raw_sindy_mpc,0,17.48442840576172,797.8267211914062,88.13463592529297,1.492235779762268,185.86947631835938,400.0,-0.6087614290087207,-0.7933533402912352,1.0,0.237721156250406,1.0,0.07722163876710242,0.0,0.4252201243652791
923,230.75,raw_sindy_mpc,0,17.47688865661621,799.0126953125,87.57821655273438,1.3671458959579468,137.22341918945312,400.0,-0.6593458151000688,-0.7518398074789774,1.0,0.19602439583053274,1.0,0.05470260582285764,0.0,0.5372388918262265
924,231.0,raw_sindy_mpc,0,17.410737991333008,800.922119140625,86.9369888305664,1.242056131362915,88.57736206054688,400.0,-0.7071067811865471,-0.7071067811865479,1.0,0.15360025205652098,1.0,0.037671155750951285,0.0,0.6646534927177206
925,231.25,raw_sindy_mpc,0,17.505075454711914,799.6632690429688,86.14342498779297,1.2498202323913574,62.996246337890625,400.0,-0.7518398074789773,-0.6593458151000691,1.0,0.1244312342791864,1.0,0.023354820934462117,0.0,0.784377165073078
926,231.5,raw_sindy_mpc,0,17.754901885986328,799.6322631835938,85.55419921875,1.3248741626739502,49.09737014770508,400.0,-0.7933533402912349,-0.6087614290087209,1.0,0.10162187924099306,1.0,0.011951460553381721,0.0,0.8843042928159379
927,231.75,raw_sindy_mpc,0,18.090206146240234,805.2443237304688,84.53679656982422,1.399928092956543,35.1984977722168,400.0,-0.8314696123025452,-0.5555702330196022,1.0,0.0661598361929698,1.0,0.0,0.0,1.0
928,232.0,raw_sindy_mpc,0,18.751720428466797,822.6182250976562,79.61231231689453,1.4749820232391357,21.299625396728516,400.0,-0.8660254037844385,-0.5000000000000004,0.7254208621602881,0.038859543070738856,1.0,0.0,0.0,1.0
929,232.25,raw_sindy_mpc,0,18.77669334411621,832.7652587890625,79.01548767089844,1.5667146444320679,13.886892318725586,400.0,-0.8968727415326883,-0.44228869021900136,0.5943077691169446,0.00830075626381424,1.0,0.0,0.0,1.0
930,232.5,raw_sindy_mpc,0,18.534334182739258,829.487060546875,79.60153198242188,1.6667864322662354,9.717229843139648,400.0,-0.9238795325112868,-0.3826834323650895,0.5917465570749608,2.5503402276446212e-08,1.0,0.0,0.0,1.0
931,232.75,raw_sindy_mpc,0,18.222322463989258,822.7289428710938,80.25028991699219,1.7668583393096924,5.547567844390869,400.0,-0.9469301294951056,-0.3214394653031618,0.6454574005476394,0.0,1.0,0.0,0.0,1.0
932,233.0,raw_sindy_mpc,0,17.958724975585938,816.1829223632812,80.49386596679688,1.8669309616088867,1.3778194189071655,400.0,-0.9659258262890683,-0.25881904510252063,0.6817030981300302,0.0,1.0,0.0,0.0,1.0
933,233.25,raw_sindy_mpc,0,17.790870666503906,810.1554565429688,80.47308349609375,1.933501124382019,0.0,400.0,-0.9807852804032303,-0.19509032201612866,0.6845369689624542,0.0,1.0,0.0,0.0,1.0
934,233.5,raw_sindy_mpc,0,17.689727783203125,804.7149047851562,80.44367980957031,1.9835370779037476,0.0,399.9999694824219,-0.9914448613738104,-0.13052619222005163,0.6730784339571045,0.0012477508471579982,1.0,0.0,0.0,1.0
935,233.75,raw_sindy_mpc,0,17.615808486938477,800.2724609375,80.509033203125,2.0335729122161865,0.0,400.0,-0.9978589232386035,-0.06540312923014273,0.668498019579446,0.002594779883028289,1.0,0.0,0.0,1.0
936,234.0,raw_sindy_mpc,0,17.556846618652344,796.8090209960938,80.64431762695312,2.083613395690918,0.0,400.0,-1.0,-1.8369701987210297e-16,0.6623538781646172,0.002366437775061322,1.0,0.0,0.0,1.0
937,234.25,raw_sindy_mpc,0,17.473522186279297,793.3707885742188,80.82901763916016,1.9990653991699219,0.0,400.0000305175781,-0.9978589232386036,0.06540312923014237,0.6595854163732581,0.0,1.0,0.0,0.0,1.0
938,234.5,raw_sindy_mpc,0,17.36695098876953,788.9921875,80.97677612304688,1.8489575386047363,0.0,400.0,-0.9914448613738105,0.13052619222005127,0.6592163194541002,0.0,1.0,0.0,0.0,1.0
939,234.75,raw_sindy_mpc,0,17.25421142578125,784.6964721679688,81.04945373535156,1.6988497972488403,0.0,400.0,-0.9807852804032304,0.1950903220161283,0.6564356405589623,0.0,1.0,0.0,0.0,1.0
940,235.0,raw_sindy_mpc,0,17.139060974121094,780.4788818359375,81.07611846923828,1.5487419366836548,0.0,400.0,-0.9659258262890684,0.2588190451025203,0.6504239647121219,0.0,1.0,0.0,2.1751557343609797e-09,1.0
941,235.25,raw_sindy_mpc,0,17.020463943481445,776.33837890625,81.09016418457031,1.3986340761184692,0.0,400.0,-0.9469301294951057,0.3214394653031615,0.6459016917771974,0.0,1.0,0.0,0.05247074065995082,1.0
942,235.5,raw_sindy_mpc,0,16.62462043762207,769.3800048828125,86.4004135131836,1.2485262155532837,0.0,400.0,-0.923879532511287,0.38268343236508917,1.0,0.0,1.0,0.0,0.0,1.0
943,235.75,raw_sindy_mpc,0,17.0543270111084,766.947265625,81.25980377197266,1.0984183549880981,0.0,400.0,-0.8968727415326884,0.442288690219001,0.7444838322014395,0.0,1.0,0.0,0.15862069644529042,1.0
944,236.0,raw_sindy_mpc,0,16.91117286682129,756.4528198242188,86.4345474243164,0.9483105540275574,0.0,400.0,-0.8660254037844386,0.5000000000000001,1.0,0.0,1.0,0.0,0.0,1.0
945,236.25,raw_sindy_mpc,0,17.371946334838867,754.56689453125,80.64238739013672,0.7982027530670166,0.0,400.0,-0.8314696123025455,0.5555702330196018,0.6939073011506812,0.023202320016639428,1.0,0.0,0.20688591301643175,1.0
946,236.5,raw_sindy_mpc,0,17.175006866455078,751.642578125,86.21874237060547,0.648094892501831,0.0,400.0,-0.7933533402912357,0.6087614290087199,1.0,0.0,1.0,0.0,0.0,1.0
947,236.75,raw_sindy_mpc,0,17.550125122070312,749.63232421875,80.37615203857422,0.4979870617389679,0.0,400.0,-0.7518398074789772,0.6593458151000691,0.6855689578755996,0.05145085935556901,1.0,0.0,0.34383343607376826,1.0
948,237.0,raw_sindy_mpc,0,17.423782348632812,752.8361206054688,86.13611602783203,0.3478361666202545,0.0,400.0,-0.7071067811865477,0.7071067811865474,1.0,0.0,1.0,0.0,0.0,1.0
949,237.25,raw_sindy_mpc,0,17.681228637695312,750.4353637695312,80.30998992919922,0.26592379808425903,0.0,400.0,-0.6593458151000687,0.7518398074789775,0.6826308105950193,0.052317774984044885,1.0,0.0,0.431964111253221,1.0
950,237.5,raw_sindy_mpc,0,17.582178115844727,750.2810668945312,86.04696655273438,0.21588784456253052,0.0,399.9999694824219,-0.608761429008721,0.7933533402912349,0.986939940852495,0.0,1.0,0.0,0.08251636012673103,1.0
951,237.75,raw_sindy_mpc,0,17.462129592895508,743.3909301757812,85.79918670654297,0.1658519059419632,0.0,400.0,-0.555570233019603,0.8314696123025447,1.0,0.0,1.0,0.0,0.09825966441698633,1.0
952,238.0,raw_sindy_mpc,0,17.52900505065918,736.29296875,85.38874816894531,0.11577475070953369,0.0,400.0,-0.5000000000000004,0.8660254037844384,0.9769885850646521,0.01653530818195265,1.0,0.0,0.20188095503103345,1.0
953,238.25,raw_sindy_mpc,0,17.753568649291992,732.2349243164062,85.35610961914062,0.13421998918056488,0.0,400.0,-0.4422886902190014,0.8968727415326883,0.933174428639433,0.03359136617145137,1.0,0.0,0.226460597321222,1.0
954,238.5,raw_sindy_mpc,0,17.95775604248047,734.4348754882812,85.42572021484375,0.1842559278011322,0.0,400.0,-0.38268343236508956,0.9238795325112868,0.8912384734154506,0.02442600901839907,1.0,0.0,0.19018528874805474,1.0
955,238.75,raw_sindy_mpc,0,18.053585052490234,734.4541625976562,85.53160858154297,0.23429188132286072,0.0,400.0,-0.32143946530316186,0.9469301294951056,0.8649777313045957,0.01342128124777808,1.0,0.0,0.11920113037260609,1.0
956,239.0,raw_sindy_mpc,0,18.043020248413086,733.080078125,85.56746673583984,0.284383624792099,0.0,400.0,-0.25881904510252157,0.9659258262890681,0.8520422528867844,0.003017207698421685,1.0,0.0,0.04499057305952337,1.0
957,239.25,raw_sindy_mpc,0,18.003042221069336,730.63525390625,84.71148681640625,0.30000001192092896,0.0,400.0,-0.19509032201612872,0.9807852804032303,0.7763262166438967,0.008158154688664517,1.0,0.0,0.1039046339212353,1.0
958,239.5,raw_sindy_mpc,0,17.884033203125,727.6165771484375,85.7095718383789,0.30000001192092896,0.0,400.0,-0.13052619222005168,0.9914448613738104,0.8776153410976422,0.0,1.0,0.0,0.0,1.0
959,239.75,raw_sindy_mpc,0,18.14203453063965,726.5446166992188,79.84746551513672,0.30000001192092896,0.0,400.0,-0.0654031292301428,0.9978589232386035,0.5444929277727114,0.03426004504381124,1.0,0.0,0.20645740818195882,1.0
960,240.0,raw_sindy_mpc,0,17.63946533203125,728.8023681640625,86.1430435180664,0.30000001192092896,0.0,400.0,0.0,1.0,0.9481405941421567,0.0,1.0,0.0,0.0,1.0
961,240.25,raw_sindy_mpc,0,17.853832244873047,727.4588012695312,80.42205810546875,0.3517613112926483,0.0,400.0,0.06540312923014306,0.9978589232386035,0.6083132846525936,1.0002399021296853e-07,1.0,0.0,0.12724738374493752,1.0
962,240.5,raw_sindy_mpc,0,17.38697052001953,719.2591552734375,86.1203384399414,0.4268152415752411,0.0,400.0,0.13052619222005157,0.9914448613738104,1.0,0.0,1.0,0.0,0.0,1.0
963,240.75,raw_sindy_mpc,0,17.73874855041504,718.5520629882812,80.23780822753906,0.5018691420555115,0.0,400.0,0.19509032201612825,0.9807852804032304,0.6155283807446761,6.442378208051973e-05,1.0,0.0,0.00433925329259191,1.0
964,241.0,raw_sindy_mpc,0,17.53909683227539,716.202392578125,80.92176055908203,0.5770596265792847,0.0,400.0,0.25881904510252074,0.9659258262890683,0.5476546227659911,0.00031188027256333936,1.0,0.0,0.0,1.0
965,241.25,raw_sindy_mpc,0,17.346275329589844,714.1240844726562,80.2531509399414,0.5826743245124817,0.0,400.0,0.3214394653031616,0.9469301294951057,0.5190666549609193,0.01459781408096061,1.0,0.0,0.0,1.0
966,241.5,raw_sindy_mpc,0,17.014863967895508,717.388671875,80.67066955566406,0.5576563477516174,0.0,400.0,0.3826834323650898,0.9238795325112867,0.5704831072968806,0.015936754677917154,1.0,0.0,0.0,1.0
967,241.75,raw_sindy_mpc,0,16.725669860839844,721.0194091796875,80.97441101074219,0.5326383709907532,0.0,400.0,0.44228869021900125,0.8968727415326884,0.6367387630194735,0.01782868237097239,1.0,0.0,0.0,1.0
968,242.0,raw_sindy_mpc,0,16.533838272094727,725.4556274414062,80.96503448486328,0.5075646638870239,0.0,400.0,0.49999999999999994,0.8660254037844387,0.6835934404679193,0.0209289689821571,1.0,0.0,0.0,1.0
969,242.25,raw_sindy_mpc,0,16.42401695251465,730.9700317382812,80.75779724121094,0.5,0.0,400.0,0.5555702330196022,0.8314696123025452,0.7093730517993259,0.02362064659653057,1.0,0.0,0.0,1.0
970,242.5,raw_sindy_mpc,0,16.367633819580078,737.193115234375,80.48456573486328,0.5,0.0,400.0,0.6087614290087207,0.7933533402912352,0.7329294775097633,0.025191278784239903,1.0,0.0,0.0,1.0
971,242.75,raw_sindy_mpc,0,16.349376678466797,743.603515625,80.18770599365234,0.5,0.0,400.0,0.6593458151000688,0.7518398074789774,0.7517320441137045,0.02538399621170311,1.0,0.0,0.0,1.0
972,243.0,raw_sindy_mpc,0,16.35813331604004,749.6246337890625,79.88758850097656,0.5,0.0,400.0,0.7071067811865476,0.7071067811865476,0.7667318229574752,0.024787438988142275,1.0,0.0,0.0,1.0
973,243.25,raw_sindy_mpc,0,16.410850524902344,755.345947265625,79.58868408203125,0.5349388718605042,0.0,400.0,0.7518398074789774,0.6593458151000688,0.775210916553912,0.023564907702114037,1.0,0.0,0.0,1.0
974,243.5,raw_sindy_mpc,0,16.49443817138672,760.7349243164062,79.3529052734375,0.5849748253822327,0.0,400.0,0.7933533402912352,0.6087614290087207,0.7850729791073034,0.021380022880480454,1.0,0.0,0.0,1.0
975,243.75,raw_sindy_mpc,0,16.59361457824707,765.4317626953125,79.18426513671875,0.6350107789039612,0.0,400.0,0.8314696123025451,0.5555702330196024,0.7995588624674778,0.018940463641647382,1.0,0.0,0.0,1.0
976,244.0,raw_sindy_mpc,0,16.706653594970703,769.3717041015625,79.04170989990234,0.6852047443389893,0.0,400.0,0.8660254037844386,0.5000000000000001,0.8141813095137618,0.01778994567093403,1.0,0.0,0.0,1.0
977,244.25,raw_sindy_mpc,0,16.815250396728516,772.869384765625,78.90886688232422,0.699999988079071,0.0,400.0,0.8968727415326884,0.44228869021900125,0.8287212672069009,0.01824735005841289,1.0,0.0,0.0,1.0
978,244.5,raw_sindy_mpc,0,16.918964385986328,776.4463500976562,78.75188446044922,0.699999988079071,0.0,400.0,0.9238795325112867,0.38268343236508984,0.8434380511383818,0.018819470898485863,1.0,0.0,0.0,1.0
979,244.75,raw_sindy_mpc,0,17.024845123291016,780.1469116210938,78.55937194824219,0.699999988079071,0.0,400.0,0.9469301294951056,0.3214394653031617,0.8498438376607272,0.01934132710370294,1.0,0.0,0.0,1.0
980,245.0,raw_sindy_mpc,0,17.129077911376953,783.9397583007812,78.36276245117188,0.699999988079071,0.0,400.0,0.9659258262890683,0.25881904510252074,0.848665740173927,0.019526279734214853,1.0,0.0,0.0,1.0
981,245.25,raw_sindy_mpc,0,17.268020629882812,788.1809692382812,78.19788360595703,0.7880661487579346,0.4892563223838806,400.0,0.9807852804032304,0.19509032201612833,0.8280233694044332,0.01862278929665256,1.0,0.0,0.0,1.0
982,245.5,raw_sindy_mpc,0,17.421119689941406,792.6290893554688,78.19755554199219,0.9131560325622559,1.1842000484466553,400.0,0.9914448613738104,0.1305261922200517,0.8037427435446777,0.017210300745775627,1.0,0.0,0.0,1.0
983,245.75,raw_sindy_mpc,0,17.560731887817383,797.0697021484375,78.39480590820312,1.0382459163665771,1.8791437149047852,400.0,0.9978589232386035,0.06540312923014327,0.7750059657114328,0.015315374548392177,1.0,0.0,0.0,1.0
984,246.0,raw_sindy_mpc,0,17.67882537841797,801.3175048828125,78.75070190429688,1.1633356809616089,2.571685314178467,400.0,1.0,6.123233995736766e-17,0.7719834805058325,0.013133156732632597,1.0,0.0,0.0,1.0
985,246.25,raw_sindy_mpc,0,17.80394172668457,804.9424438476562,79.27664947509766,1.2884255647659302,7.690310955047607,400.0,0.9978589232386035,-0.06540312923014314,0.7732647573644106,0.013188213369387067,1.0,0.0,0.0,1.0
986,246.5,raw_sindy_mpc,0,17.95488166809082,808.6365356445312,79.86515808105469,1.4135154485702515,14.639747619628906,400.0,0.9914448613738104,-0.1305261922200516,0.7560046503484505,0.015243560998458252,1.0,0.0,0.0,1.0
987,246.75,raw_sindy_mpc,0,18.118453979492188,813.1070556640625,80.49706268310547,1.5386053323745728,21.589183807373047,400.0,0.9807852804032304,-0.1950903220161282,0.7623780916682047,0.015667196787732353,1.0,0.0,0.0,1.0
988,247.0,raw_sindy_mpc,0,18.299070358276367,817.682861328125,81.09429931640625,1.663695216178894,28.54451560974121,400.0,0.9659258262890683,-0.25881904510252063,0.7999869496243078,0.018405371971655492,1.0,0.0,0.0,0.9799934684391208
989,247.25,raw_sindy_mpc,0,18.40622901916504,823.1179809570312,83.28396606445312,1.7887850999832153,34.00830841064453,400.0,0.9469301294951057,-0.3214394653031616,0.9600070165692671,0.034504674158865135,1.0,6.953386475841001e-05,0.0,0.8252866986405739
990,247.5,raw_sindy_mpc,0,18.62877082824707,834.038330078125,86.20210266113281,1.913874864578247,38.8729133605957,400.0,0.9238795325112868,-0.3826834323650895,1.0,0.0645848410448721,1.0,0.006597318632633432,0.0,0.5510734750202362
991,247.75,raw_sindy_mpc,0,19.106176376342773,843.1931762695312,86.31436157226562,2.0389647483825684,43.737518310546875,400.0,0.8968727415326884,-0.44228869021900113,1.0,0.061189944786757884,1.0,0.00334481567833426,0.0,0.5500013045242795
992,248.0,raw_sindy_mpc,0,19.669418334960938,853.2259521484375,86.18592071533203,2.1641299724578857,48.59181213378906,400.0,0.8660254037844387,-0.4999999999999998,1.0,0.05159471738100599,1.0,0.0,0.0,0.5899178410557022
993,248.25,raw_sindy_mpc,0,20.316225051879883,867.3161010742188,86.13976287841797,2.271315574645996,57.923954010009766,400.0,0.8314696123025451,-0.5555702330196023,0.8695247885359283,0.04815746999456409,1.0,4.008120310535958e-09,0.0,0.5574961704419666
994,248.5,raw_sindy_mpc,0,20.897817611694336,880.7601928710938,86.49960327148438,2.371387481689453,69.04305267333984,400.0,0.7933533402912352,-0.6087614290087207,0.7464904558006346,0.050904027694428755,1.0,0.0006036800820617925,0.0,0.47949711637248504
995,248.75,raw_sindy_mpc,0,21.367156982421875,891.9105834960938,87.10455322265625,2.47145938873291,80.16215515136719,400.0,0.7518398074789774,-0.6593458151000688,0.6603116320745269,0.057692953446688885,1.0,0.0018273362418195543,0.0,0.38710383385844543
996,249.0,raw_sindy_mpc,0,21.73821258544922,900.3626708984375,87.7572250366211,2.5712482929229736,91.26521301269531,400.0,0.7071067811865476,-0.7071067811865475,0.5938116141523466,0.06962807200662723,1.0,0.005799620810015381,0.0,0.2979174937859712
997,249.25,raw_sindy_mpc,0,22.049161911010742,901.9061279296875,88.33952331542969,2.7969086170196533,107.37279510498047,400.0,0.659345815100069,-0.7518398074789773,0.5187233107112439,0.10031698108821398,1.0,0.016209278502112897,0.0,0.1987441147536043
998,249.5,raw_sindy_mpc,0,22.228044509887695,893.2471923828125,88.86946105957031,3.07210636138916,125.44132995605469,400.0,0.6087614290087209,-0.793353340291235,0.4519350465818306,0.15418344403307707,1.0,0.032286790830372135,0.0,0.10147139187050039
999,249.75,raw_sindy_mpc,0,22.253564834594727,880.93603515625,89.30760192871094,3.347304105758667,143.50987243652344,400.0,0.5555702330196025,-0.831469612302545,0.4010066594920363,0.21448181033340388,1.0,0.05395136176857715,0.0,0.020947800485156563
1000,250.0,raw_sindy_mpc,0,22.1552791595459,870.5350952148438,89.61529541015625,3.623046398162842,161.5604705810547,400.0,0.49999999999999994,-0.8660254037844387,0.35836601898127945,0.27259104158098807,1.0,0.09362866027441785,0.0,0.0
1001,250.25,raw_sindy_mpc,0,21.86848258972168,859.454833984375,89.76336669921875,3.8078360557556152,184.14010620117188,400.0,0.4422886902190017,-0.8968727415326881,0.31207840302812573,0.3317277357433218,1.0,0.1423549411312503,0.0,0.0
1002,250.5,raw_sindy_mpc,0,21.53865623474121,854.4295043945312,89.49012756347656,3.957943916320801,208.463134765625,400.0,0.3826834323650899,-0.9238795325112867,0.21148148176555498,0.3745974718255717,1.0,0.1890465400689119,0.0,0.0
1003,250.75,raw_sindy_mpc,0,21.241647720336914,853.9027099609375,89.34532165527344,4.108051776885986,232.78616333007812,400.0,0.32143946530316175,-0.9469301294951056,0.10866115043832053,0.4076031854801591,1.0,0.2380102047691441,0.0,0.0
1004,251.0,raw_sindy_mpc,0,21.00819206237793,855.7523803710938,89.3431625366211,4.257788181304932,257.1428527832031,400.0,0.258819045102521,-0.9659258262890682,0.024653722476129757,0.4345880364477403,1.0,0.2854616111335397,0.0,0.0
1005,251.25,raw_sindy_mpc,0,20.784130096435547,859.35302734375,89.5160140991211,4.516534805297852,275.9186096191406,400.0,0.19509032201612816,-0.9807852804032304,0.0,0.4514294620211598,1.0,0.3277437375745186,0.0,0.0
1006,251.5,raw_sindy_mpc,0,20.616724014282227,862.4038696289062,89.666259765625,4.816750526428223,292.5972595214844,400.0,0.130526192220052,-0.9914448613738104,0.0,0.4628537634090959,1.0,0.36102930350419354,0.0,0.0
1007,251.75,raw_sindy_mpc,0,20.55208969116211,864.515625,89.72832489013672,5.116966247558594,309.2759094238281,400.0,0.06540312923014312,-0.9978589232386035,0.0,0.4722241619114639,1.0,0.3847788926526184,0.0,0.0
1008,252.0,raw_sindy_mpc,0,20.59001922607422,865.9995727539062,89.73755645751953,5.419626712799072,326.09039306640625,400.0000305175781,1.2246467991473532e-16,-1.0,0.0,0.4776588724158288,1.0,0.40000000882809716,0.0,0.0
1009,252.25,raw_sindy_mpc,0,20.27092170715332,870.8346557617188,90.42927551269531,5.463767051696777,306.4002685546875,400.0000305175781,-0.06540312923014287,-0.9978589232386035,0.1559467994023396,0.4518730237075105,1.0,0.3965062643697948,0.0,0.0
1010,252.5,raw_sindy_mpc,0,19.787841796875,871.1083374023438,90.88904571533203,5.413731098175049,273.04296875,400.0,-0.13052619222005177,-0.9914448613738104,0.40842887551296764,0.4008020188514355,1.0,0.35661679372824573,0.0,0.0
1011,252.75,raw_sindy_mpc,0,19.41973114013672,862.1199951171875,90.7436294555664,5.36369514465332,239.68568420410156,400.0,-0.19509032201612792,-0.9807852804032305,0.6171199652439605,0.3620604974324365,1.0,0.31037718204600306,0.0,0.04500504025734988
1012,253.0,raw_sindy_mpc,0,19.15822982788086,852.7933959960938,90.2606430053711,5.313214302062988,206.03187561035156,400.0,-0.2588190451025208,-0.9659258262890683,0.7393615344111351,0.332030524751069,1.0,0.26938014868269466,0.0,0.10238885990321452
1013,253.25,raw_sindy_mpc,0,19.320087432861328,842.8485717773438,89.16909790039062,5.481883525848389,199.74838256835938,400.0,-0.32143946530316153,-0.9469301294951057,0.6511422501919704,0.3296507607972166,1.0,0.23623071685200048,0.0,0.09838746528409853
1014,253.5,raw_sindy_mpc,0,19.749223709106445,837.5040893554688,88.3888931274414,5.732063293457031,203.2230987548828,400.0,-0.38268343236508967,-0.9238795325112868,0.474016194391864,0.33947236796762426,1.0,0.21108114773118977,0.0,0.03691617570842843
1015,253.75,raw_sindy_mpc,0,20.202259063720703,836.8651123046875,88.23340606689453,5.982243061065674,206.69781494140625,400.0,-0.44228869021900147,-0.8968727415326883,0.3353771216931957,0.3512463586853592,1.0,0.20597545192810038,0.0,0.0
1016,254.0,raw_sindy_mpc,0,20.493715286254883,839.0480346679688,88.50225067138672,6.234838485717773,210.20608520507812,400.0,-0.4999999999999997,-0.8660254037844388,0.2887205301743994,0.3554684317548031,1.0,0.2151915721024316,0.0,0.0
1017,254.25,raw_sindy_mpc,0,20.283620834350586,839.3008422851562,89.10084533691406,6.099137306213379,197.92315673828125,400.0,-0.555570233019602,-0.8314696123025455,0.4071708500772138,0.33485669107909716,1.0,0.20174271256941848,0.0,0.0
1018,254.5,raw_sindy_mpc,0,19.91419219970703,833.4810180664062,89.26293182373047,5.823939800262451,179.8546142578125,400.0,-0.6087614290087207,-0.7933533402912352,0.5677745112733201,0.30182997341824713,1.0,0.16034148936711762,0.0,1.7782029246862732e-08
1019,254.75,raw_sindy_mpc,0,19.674331665039062,823.9202880859375,89.01567077636719,5.548741817474365,161.7860870361328,400.0,-0.6593458151000688,-0.7518398074789774,0.6931031707573921,0.27455253588204726,1.0,0.12002512702290345,0.0,0.05100232721802258
1020,255.0,raw_sindy_mpc,0,19.54050064086914,816.3101196289062,88.66533660888672,5.272905349731445,143.7310333251953,400.0,-0.7071067811865471,-0.7071067811865479,0.786892931441766,0.2475401513915825,1.0,0.08518779173275455,0.0,0.12346220635016636
1021,255.25,raw_sindy_mpc,0,19.58147430419922,814.765625,88.41852569580078,5.071674823760986,123.61210632324219,400.0,-0.7518398074789773,-0.6593458151000691,0.8570206380507513,0.21476418730937125,1.0,0.056857306110020746,0.0,0.20413792228626942
1022,255.5,raw_sindy_mpc,0,19.77541160583496,818.1005859375,88.28345489501953,4.896549224853516,102.76380157470703,400.0,-0.7933533402912349,-0.6087614290087209,0.9078134976450019,0.17812927714904503,1.0,0.03486702483683033,0.0,0.29576781002025876
1023,255.75,raw_sindy_mpc,0,20.06374168395996,825.66650390625,88.01380157470703,4.721423625946045,81.91548919677734,400.0,-0.8314696123025452,-0.5555702330196022,0.9259370618863665,0.13604568540312256,1.0,0.01868844843224869,0.0,0.40900512795483185
1024,256.0,raw_sindy_mpc,0,20.353212356567383,836.0680541992188,87.77001953125,4.545509338378906,61.00851821899414,400.0,-0.8660254037844385,-0.5000000000000004,0.9301288058274318,0.09156875449468518,1.0,0.008744434296273846,0.0,0.5279523505294311
1025,256.25,raw_sindy_mpc,0,20.639293670654297,846.0336303710938,87.46437072753906,4.444787979125977,46.35354232788086,399.9999694824219,-0.8968727415326883,-0.44228869021900136,0.9091873285302232,0.05285955859759943,1.0,0.0039365237797707895,0.0,0.6319452676394176
1026,256.5,raw_sindy_mpc,0,20.83959197998047,852.719970703125,87.2467269897461,4.369733810424805,33.84455490112305,400.0,-0.9238795325112868,-0.3826834323650895,0.8978255356737923,0.02251782380315369,1.0,0.0017705171974082758,0.0,0.7221021269875485
1027,256.75,raw_sindy_mpc,0,20.942554473876953,854.6500244140625,86.8290023803711,4.294680118560791,21.335569381713867,400.0,-0.9469301294951056,-0.3214394653031618,0.8833165063444312,3.5104000645865317e-09,1.0,1.7057526764613904e-07,0.0,0.8192474324566779
1028,257.0,raw_sindy_mpc,0,21.05205726623535,853.5323486328125,85.00696563720703,4.219444751739502,8.705673217773438,400.0,-0.9659258262890683,-0.25881904510252063,0.7461244713096585,0.0,1.0,0.0014461646207449166,0.0,0.9723851370746791
1029,257.25,raw_sindy_mpc,0,21.084604263305664,850.984619140625,82.39500427246094,4.163048267364502,4.529115676879883,400.0,-0.9807852804032303,-0.19509032201612866,0.5654047438812696,0.0,1.0,0.0,0.0,1.0
1030,257.5,raw_sindy_mpc,0,20.833560943603516,849.5399169921875,81.99860382080078,4.113012313842773,3.139228343963623,400.0,-0.9914448613738104,-0.13052619222005163,0.5003884659091661,0.0,1.0,0.0,0.0,1.0
1031,257.75,raw_sindy_mpc,0,20.424400329589844,848.420654296875,82.5488510131836,4.062976360321045,1.7493410110473633,400.0,-0.9978589232386035,-0.06540312923014273,0.5326779434007956,0.0,1.0,0.0,0.0,1.0
1032,258.0,raw_sindy_mpc,0,20.026872634887695,847.273193359375,82.9857406616211,4.013263702392578,0.34148523211479187,400.0,-1.0,-1.8369701987210297e-16,0.5841430862889867,0.0,1.0,0.0,0.0,1.0
1033,258.25,raw_sindy_mpc,0,19.722625732421875,846.5654907226562,83.1070785522461,3.8887131214141846,0.0,400.0,-0.9978589232386036,0.06540312923014237,0.6098290051775084,0.0,1.0,0.0,0.0,1.0
1034,258.5,raw_sindy_mpc,0,19.506105422973633,846.4409790039062,83.05902862548828,3.738605260848999,0.0,400.0,-0.9914448613738105,0.13052619222005127,0.6137756200905474,0.0,1.0,0.0,0.0,1.0
1035,258.75,raw_sindy_mpc,0,19.343656539916992,846.8385009765625,82.99616241455078,3.5884974002838135,0.0,400.0,-0.9807852804032304,0.1950903220161283,0.6095273189682924,0.0,1.0,0.0,0.0,1.0
1036,259.0,raw_sindy_mpc,0,19.209943771362305,847.6934204101562,82.97923278808594,3.436319589614868,0.0,400.0,-0.9659258262890684,0.2588190451025203,0.6037358030694717,0.0,1.0,0.0,0.0,1.0
1037,259.25,raw_sindy_mpc,0,19.10281753540039,848.7578735351562,83.00830078125,3.4744787216186523,0.0,400.0,-0.9469301294951057,0.3214394653031615,0.6081744437280757,0.0,1.0,0.0013509557908157087,0.02953592751787537,1.0
1038,259.5,raw_sindy_mpc,0,18.76842498779297,845.6541137695312,86.97103118896484,3.5745506286621094,0.0,400.0,-0.923879532511287,0.38268343236508917,1.0,0.0,1.0,0.05815318888045321,0.0,1.0
1039,259.75,raw_sindy_mpc,0,18.645681381225586,791.7046508789062,82.5008316040039,3.6746225357055664,0.0,400.0,-0.8968727415326884,0.442288690219001,0.7495148702396865,0.0,1.0,0.0,0.0,1.0
1040,260.0,raw_sindy_mpc,0,19.141794204711914,781.3139038085938,80.69805145263672,3.77518367767334,0.0,400.0,-0.8660254037844386,0.5000000000000001,0.5315167237652489,0.0,1.0,0.0,0.0,1.0
1041,260.25,raw_sindy_mpc,0,19.210790634155273,783.29248046875,81.38822174072266,3.837383270263672,0.0,400.0,-0.8314696123025455,0.5555702330196018,0.48504064445594114,0.0,1.0,0.0,0.0,1.0
1042,260.5,raw_sindy_mpc,0,19.075519561767578,785.0155029296875,82.55913543701172,3.8874192237854004,0.0,400.0,-0.7933533402912357,0.6087614290087199,0.5196194775393552,0.0,1.0,0.0,0.0,1.0
1043,260.75,raw_sindy_mpc,0,18.916889190673828,786.6397705078125,83.38907623291016,3.937455177307129,0.0,400.0,-0.7518398074789772,0.6593458151000691,0.6335975997005763,0.0,1.0,0.0,0.0,1.0
1044,261.0,raw_sindy_mpc,0,18.84641456604004,788.4534912109375,83.57121276855469,3.988269567489624,0.0,400.0,-0.7071067811865477,0.7071067811865474,0.6749766081244419,0.0,1.0,0.001088592234212909,0.0,1.0
1045,261.25,raw_sindy_mpc,0,18.830760955810547,788.822998046875,83.40165710449219,3.9437096118927,0.0,400.0,-0.6593458151000687,0.7518398074789775,0.6571683336120073,0.0,1.0,0.0,0.0,1.0
1046,261.5,raw_sindy_mpc,0,18.841136932373047,790.2395629882812,83.23175811767578,3.8686556816101074,0.0,400.0,-0.608761429008721,0.7933533402912349,0.6239228934057887,0.0,1.0,0.0,0.0,1.0
1047,261.75,raw_sindy_mpc,0,18.817399978637695,792.0695190429688,83.23542785644531,3.7936017513275146,0.0,400.0,-0.555570233019603,0.8314696123025447,0.6146057731108165,0.0,1.0,0.0,0.0,1.0
1048,262.0,raw_sindy_mpc,0,18.767574310302734,793.8076782226562,83.30680084228516,3.7183008193969727,0.0,400.0,-0.5000000000000004,0.8660254037844384,0.6203266636109933,0.0,1.0,0.0014615481784875013,0.0,1.0
1049,262.25,raw_sindy_mpc,0,18.696775436401367,793.3528442382812,83.34230041503906,3.6623291969299316,0.0,400.0,-0.4422886902190014,0.8968727415326883,0.6309631424920735,0.0,1.0,0.00273336908607864,0.0,1.0
1050,262.5,raw_sindy_mpc,0,18.62877082824707,790.4503173828125,83.29337310791016,3.612293243408203,0.0,400.0,-0.38268343236508956,0.9238795325112868,0.6382741012754697,0.0,1.0,0.001608668973102039,0.0,1.0
1051,262.75,raw_sindy_mpc,0,18.59674835205078,788.6305541992188,83.1988754272461,3.5622572898864746,0.0,400.0,-0.32143946530316186,0.9469301294951056,0.6355994613008616,0.0,1.0,3.0523384396325716e-05,0.0,1.0
1052,263.0,raw_sindy_mpc,0,18.58557891845703,789.606689453125,83.14813232421875,3.5119316577911377,0.0,400.0,-0.25881904510252157,0.9659258262890681,0.629649081214063,0.0,1.0,0.0008646513863492779,0.0,1.0
1053,263.25,raw_sindy_mpc,0,18.55234146118164,790.091552734375,83.16230773925781,3.481092691421509,0.0,400.0,-0.19509032201612872,0.9807852804032303,0.6334704536307608,0.0,1.0,0.003705637817079886,0.0,1.0
1054,263.5,raw_sindy_mpc,0,18.48750114440918,786.2184448242188,83.15342712402344,3.4560747146606445,0.0,400.0,-0.13052619222005168,0.9914448613738104,0.650307434969147,0.0,1.0,0.003099004594396774,0.0,1.0
1055,263.75,raw_sindy_mpc,0,18.46080780029297,782.0936279296875,83.04287719726562,3.4310567378997803,0.0,400.0,-0.0654031292301428,0.9978589232386035,0.6569378832824576,0.0,1.0,0.0,0.0,1.0
1056,264.0,raw_sindy_mpc,0,18.48834991455078,782.5905151367188,82.92800903320312,3.4062676429748535,0.0,400.0,0.0,1.0,0.6477609866287389,0.0,1.0,0.0,0.0,1.0
1057,264.25,raw_sindy_mpc,0,18.490070343017578,784.45263671875,82.92887878417969,3.34306263923645,0.0,400.0,0.06540312923014306,0.9978589232386035,0.652433431102789,0.0,1.0,0.0,0.0,1.0
1058,264.5,raw_sindy_mpc,0,18.479061126708984,786.294189453125,82.92618560791016,3.2680087089538574,0.0,400.0,0.13052619222005157,0.9914448613738104,0.6617118686090017,0.0,1.0,0.0,0.0,1.0
1059,264.75,raw_sindy_mpc,0,18.468599319458008,788.108154296875,82.877197265625,3.1929547786712646,0.0,400.0,0.19509032201612825,0.9807852804032304,0.6675836167507406,0.0,1.0,0.0,0.0,1.0
1060,265.0,raw_sindy_mpc,0,18.46080207824707,789.9000854492188,82.79690551757812,3.116457223892212,0.0,400.0,0.25881904510252074,0.9659258262890683,0.6700913091594559,0.0,1.0,0.0,0.0,1.0
1061,265.25,raw_sindy_mpc,0,18.46559715270996,791.697265625,82.70793151855469,3.119050979614258,0.0,400.0,0.3214394653031616,0.9469301294951057,0.6740678094540054,0.0,1.0,0.0,0.0,1.0
1062,265.5,raw_sindy_mpc,0,18.47980499267578,793.493896484375,82.63004302978516,3.144068956375122,0.0,400.0,0.3826834323650898,0.9238795325112867,0.6800328406888587,0.0,1.0,0.0,0.0,1.0
1063,265.75,raw_sindy_mpc,0,18.501605987548828,795.2825927734375,82.56143188476562,3.1690869331359863,0.0,400.0,0.44228869021900125,0.8968727415326884,0.686973205561278,0.0,1.0,0.0,0.0,1.0
1064,266.0,raw_sindy_mpc,0,18.530715942382812,797.0634765625,82.49250030517578,3.1946096420288086,0.0,400.0,0.49999999999999994,0.8660254037844387,0.6935890084900024,0.0,1.0,0.0,0.0,1.0
1065,266.25,raw_sindy_mpc,0,18.5629940032959,798.8236083984375,82.4232406616211,3.200000047683716,0.0,400.0,0.5555702330196022,0.8314696123025452,0.6992103379175432,0.0,1.0,0.0,0.0,1.0
1066,266.5,raw_sindy_mpc,0,18.597543716430664,800.5637817382812,82.34994506835938,3.200000047683716,0.0,400.0,0.6087614290087207,0.7933533402912352,0.7040816846176132,0.0,1.0,0.0,0.0,1.0
1067,266.75,raw_sindy_mpc,0,18.633930206298828,802.28369140625,82.27430725097656,3.200000047683716,0.0,400.0,0.6593458151000688,0.7518398074789774,0.7086157804312386,0.0,1.0,0.0,0.0,1.0
1068,267.0,raw_sindy_mpc,0,18.671554565429688,803.9823608398438,82.19855499267578,3.200000047683716,0.0,400.0,0.7071067811865476,0.7071067811865476,0.7113502205060386,0.0,1.0,0.0,0.0,1.0
1069,267.25,raw_sindy_mpc,0,18.71523666381836,805.6763916015625,82.12372589111328,3.238389730453491,0.0,400.0,0.7518398074789774,0.6593458151000688,0.7124035954513394,0.0,1.0,0.0007377383662685403,0.0,1.0
1070,267.5,raw_sindy_mpc,0,18.752012252807617,806.2140502929688,82.07158660888672,3.2884256839752197,0.0,400.0,0.7933533402912352,0.6087614290087207,0.713942204007776,0.0,1.0,0.004122526776779536,0.0,1.0
1071,267.75,raw_sindy_mpc,0,18.750022888183594,801.4034423828125,82.03608703613281,3.3384616374969482,0.0,400.0,0.8314696123025451,0.5555702330196024,0.7263261537048166,0.0,1.0,0.006386563711874626,0.0,0.9999999775240955
1072,268.0,raw_sindy_mpc,0,18.750455856323242,792.3471069335938,81.91666412353516,3.389601707458496,0.0,400.0,0.8660254037844386,0.5000000000000001,0.7277819214346969,0.0,1.0,0.0,0.0,0.9718976683526696
1073,268.25,raw_sindy_mpc,0,18.841951370239258,791.140869140625,81.70845031738281,3.4000000953674316,0.0,400.0,0.8968727415326884,0.44228869021900125,0.701643638513647,0.007326699379952847,1.0,0.0,0.0,0.9643241331988295
1074,268.5,raw_sindy_mpc,0,18.860157012939453,795.2145385742188,81.75830078125,3.4000000953674316,0.0,400.0,0.9238795325112867,0.38268343236508984,0.7014597505641486,0.008316004839247462,1.0,0.0,0.0,0.9373059744792515
1075,268.75,raw_sindy_mpc,0,18.846982955932617,799.1842041015625,81.78632354736328,3.4000000953674316,0.0,400.0,0.9469301294951056,0.3214394653031617,0.709738639299339,0.007870796795372425,1.0,0.0,0.0,0.9138909439828284
1076,269.0,raw_sindy_mpc,0,18.8259334564209,802.5062255859375,81.7355728149414,3.4000000953674316,0.0,400.0,0.9659258262890683,0.25881904510252074,0.7120665346442541,0.00833363752687701,1.0,0.0,0.0,0.8941321649745163
1077,269.25,raw_sindy_mpc,0,18.793521881103516,805.5335693359375,82.15026092529297,3.4966931343078613,1.0743669271469116,400.0,0.9807852804032304,0.19509032201612833,0.7481958614633499,0.013627599596724743,1.0,0.0,0.0,0.8319705207550607
1078,269.5,raw_sindy_mpc,0,18.78031349182129,810.2356567382812,83.05615234375,3.6217827796936035,2.464254379272461,400.0,0.9914448613738104,0.1305261922200517,0.8288017317692071,0.018937981699753376,1.0,0.0,0.0,0.7444259695535413
1079,269.75,raw_sindy_mpc,0,18.847976684570312,816.6557006835938,84.0139389038086,3.746872663497925,3.8541417121887207,400.0,0.9978589232386035,0.06540312923014327,0.9109694655997913,0.02207857620626201,1.0,0.0,0.0,0.6628467054311131
1080,270.0,raw_sindy_mpc,0,19.031700134277344,823.9326782226562,84.62078857421875,3.871962547302246,5.222817897796631,400.0,1.0,6.123233995736766e-17,0.9427863230621045,0.024293209268118027,1.0,0.0,0.0,0.6018584407471834
1081,270.25,raw_sindy_mpc,0,19.316225051879883,831.8037109375,85.64158630371094,3.9970524311065674,10.40817928314209,400.0,0.9978589232386035,-0.06540312923014314,0.9741743819917206,0.03307765823301008,1.0,3.739036950277786e-05,0.0,0.5060640592994192
1082,270.5,raw_sindy_mpc,0,19.749839782714844,842.8961181640625,86.13675689697266,4.122142314910889,16.66267204284668,400.0,0.9914448613738104,-0.1305261922200516,0.9360571911690742,0.03572735677713916,1.0,5.869092336795796e-08,0.0,0.4389046508564697
1083,270.75,raw_sindy_mpc,0,20.238826751708984,854.4808959960938,86.2602767944336,4.247232437133789,22.917165756225586,400.0,0.9807852804032304,-0.1950903220161282,0.8412998479663815,0.03712548509093336,1.0,1.1676854712748525e-08,0.0,0.3839394364415763
1084,271.0,raw_sindy_mpc,0,20.672697067260742,865.712646484375,86.513671875,4.373102188110352,29.1236629486084,400.0,0.9659258262890683,-0.25881904510252063,0.7485302904755256,0.040073687500869724,1.0,5.790947046582424e-05,0.0,0.3111616494681306
1085,271.25,raw_sindy_mpc,0,21.03476905822754,875.8868408203125,87.03843688964844,4.458446979522705,39.75557327270508,399.9999694824219,0.9469301294951057,-0.3214394653031616,0.6808916042005805,0.04716508420361719,1.0,0.0011563562748724207,0.0,0.21904668254191792
1086,271.5,raw_sindy_mpc,0,21.331180572509766,883.7322998046875,87.59100341796875,4.533501148223877,51.56961441040039,400.0,0.9238795325112868,-0.3826834323650895,0.6291260471361521,0.05784102026850136,1.0,0.002309064738625754,0.0,0.12631162222629147
1087,271.75,raw_sindy_mpc,0,21.5828857421875,889.649658203125,88.09147644042969,4.608554840087891,63.3836555480957,400.0,0.8968727415326884,-0.44228869021900113,0.5851431857371645,0.07061149051091002,1.0,0.0033193188933047153,0.0,0.03920078346788973
1088,272.0,raw_sindy_mpc,0,21.811168670654297,894.6286010742188,88.54447174072266,4.68333101272583,75.36457824707031,400.0,0.8660254037844387,-0.4999999999999998,0.5542012849134527,0.08610363762115067,1.0,0.015318379463564596,0.0,0.0
1089,272.25,raw_sindy_mpc,0,21.725446701049805,881.738037109375,88.99790954589844,4.778217315673828,80.49365234375,400.0,0.8314696123025451,-0.5555702330196023,0.5884896689509791,0.13474135657463934,1.0,0.03778054548891938,0.0,0.0
1090,272.5,raw_sindy_mpc,0,21.339351654052734,858.4454956054688,89.09669494628906,4.878289222717285,83.96836853027344,400.0,0.7933533402912352,-0.6087614290087207,0.6526497962442527,0.19483560881488712,1.0,0.05479127474170546,0.0,0.0
1091,272.75,raw_sindy_mpc,0,20.96157455444336,846.01318359375,88.7813491821289,4.978361129760742,87.44308471679688,400.0,0.7518398074789774,-0.6593458151000688,0.6840192136182205,0.22479547423193655,1.0,0.06374519452679735,0.0,0.0
1092,273.0,raw_sindy_mpc,0,20.726903915405273,840.6846923828125,88.32858276367188,5.078432559967041,90.86691284179688,400.0,0.7071067811865476,-0.7071067811865475,0.6689104246959054,0.23996827525395636,1.0,0.07043208313789442,0.0,0.0
1093,273.25,raw_sindy_mpc,0,20.687149047851562,837.8765258789062,87.95829010009766,5.178504467010498,100.93457794189453,399.9999694824219,0.659345815100069,-0.7518398074789773,0.6080308870989625,0.25965436723597884,1.0,0.0835502689584612,0.0,0.0
1094,273.5,raw_sindy_mpc,0,20.681610107421875,836.2820434570312,87.78815460205078,5.278576374053955,112.74861907958984,400.0,0.6087614290087209,-0.793353340291235,0.5445657204081471,0.2828315069200393,1.0,0.10355610122890647,0.0,0.0
1095,273.75,raw_sindy_mpc,0,20.626731872558594,835.501953125,87.64643096923828,5.378648281097412,124.56266784667969,400.0,0.5555702330196025,-0.831469612302545,0.4867960950726814,0.3041150359076251,1.0,0.125714585622877,0.0,0.0
1096,274.0,raw_sindy_mpc,0,20.527469635009766,835.4779663085938,87.60763549804688,5.4784111976623535,136.291015625,400.0,0.49999999999999994,-0.8660254037844387,0.43669394250204074,0.3250282120335875,1.0,0.15146491778361795,0.0,0.0
1097,274.25,raw_sindy_mpc,0,20.42580223083496,833.6160888671875,87.51795959472656,5.598490238189697,154.75677490234375,400.0,0.4422886902190017,-0.8968727415326881,0.36331558986719475,0.35516122999331295,1.0,0.18411254064766536,0.0,0.0
1098,274.5,raw_sindy_mpc,0,20.297473907470703,833.2749633789062,87.49677276611328,5.723580360412598,174.91014099121094,400.0,0.3826834323650899,-0.9238795325112867,0.2802804536796715,0.3861201263916994,1.0,0.22307081145592633,0.0,0.0
1099,274.75,raw_sindy_mpc,0,20.140918731689453,835.099609375,87.5870590209961,5.84867000579834,195.06350708007812,400.0,0.32143946530316175,-0.9469301294951056,0.20501906209912937,0.4133276287732562,1.0,0.26533325226433874,0.0,0.0
1100,275.0,raw_sindy_mpc,0,19.997013092041016,838.5634155273438,87.7271499633789,5.973433017730713,215.4571533203125,400.0,0.258819045102521,-0.9659258262890682,0.14489904136275705,0.432660139094079,1.0,0.3041558264883918,0.0,0.0
1101,275.25,raw_sindy_mpc,0,19.85489273071289,845.2850952148438,88.05885314941406,6.118619918823242,226.034423828125,400.0,0.19509032201612816,-0.9807852804032304,0.1304882970761355,0.43765490528584655,1.0,0.3357603284934726,0.0,0.0
1102,275.5,raw_sindy_mpc,0,19.7570743560791,850.8837280273438,88.38334655761719,6.2687273025512695,234.37374877929688,400.0,0.130526192220052,-0.9914448613738104,0.12910372924995833,0.4407657582666303,1.0,0.3612877830195435,0.0,0.0
1103,275.75,raw_sindy_mpc,0,19.719806671142578,855.4378662109375,88.64681243896484,6.418835163116455,242.71307373046875,400.0,0.06540312923014312,-0.9978589232386035,0.11851865173559764,0.44472552960338707,1.0,0.38309274061257603,0.0,0.0
1104,276.0,raw_sindy_mpc,0,19.734804153442383,859.7056274414062,88.87588500976562,6.573400974273682,251.0170135498047,400.0,1.2246467991473532e-16,-1.0,0.1020917943800113,0.44666491385113005,1.0,0.4000000086016002,0.0,0.0
1105,276.25,raw_sindy_mpc,0,19.745281219482422,861.2776489257812,89.12071228027344,6.56031608581543,261.59637451171875,400.0,-0.06540312923014287,-0.9978589232386035,0.11048999813259673,0.44353968785099884,1.0,0.40000000973095967,0.0,0.0
1106,276.5,raw_sindy_mpc,0,19.79042625427246,859.6613159179688,89.3008041381836,6.510280609130859,272.7154846191406,400.0,-0.13052619222005177,-0.9914448613738104,0.10804237568340559,0.4485854013889361,1.0,0.40000000991926943,0.0,0.0
1107,276.75,raw_sindy_mpc,0,19.862977981567383,858.6307983398438,89.44169616699219,6.460244655609131,283.8345642089844,400.0,-0.19509032201612792,-0.9807852804032305,0.10004250155320966,0.4531776372514131,1.0,0.4000000099142322,0.0,0.0
1108,277.0,raw_sindy_mpc,0,19.959144592285156,857.6807861328125,89.55188751220703,6.410865306854248,295.2942810058594,400.0,-0.2588190451025208,-0.9659258262890683,0.12049779631821084,0.45690956501130264,1.0,0.40000000927620394,0.0,0.0
1109,277.25,raw_sindy_mpc,0,19.72694206237793,861.5696411132812,90.1092529296875,6.300431251525879,273.4363708496094,400.0,-0.32143946530316153,-0.9469301294951057,0.2959981436195699,0.41890284535415795,1.0,0.3748126234983849,0.0,0.0
1110,277.5,raw_sindy_mpc,0,19.41952896118164,857.5921630859375,90.28373718261719,6.175341606140137,243.55380249023438,400.0,-0.38268343236508967,-0.9238795325112868,0.49560844247906477,0.37344548805889755,1.0,0.32339292212461423,0.0,0.0
1111,277.75,raw_sindy_mpc,0,19.213411331176758,847.3719482421875,90.01541900634766,6.050251483917236,213.6712188720703,400.0,-0.44228869021900147,-0.8968727415326883,0.6498780523845405,0.3363486036649758,1.0,0.26337414408680243,0.0,0.014021630192473744
1112,278.0,raw_sindy_mpc,0,19.128828048706055,837.2064208984375,89.53828430175781,5.923469543457031,183.402099609375,400.0,-0.4999999999999997,-0.8660254037844388,0.7448166953513659,0.30544726674605416,1.0,0.20862930523827175,0.0,0.04787966735465761
1113,278.25,raw_sindy_mpc,0,19.271215438842773,827.474853515625,88.84126281738281,5.8600287437438965,167.78497314453125,400.0,-0.555570233019602,-0.8314696123025455,0.7375251578765784,0.28888808297998325,1.0,0.16106124797389673,0.0,0.06009796044003003
1114,278.5,raw_sindy_mpc,0,19.552989959716797,822.3782348632812,88.37020111083984,5.809992790222168,155.27598571777344,400.0,-0.6087614290087207,-0.7933533402912352,0.6955594711668476,0.274006532125443,1.0,0.1208578921383412,0.0,0.0586210298701127
1115,278.75,raw_sindy_mpc,0,19.863224029541016,821.6157836914062,88.28116607666016,5.7599568367004395,142.76699829101562,400.0,-0.6593458151000688,-0.7518398074789774,0.6729966494475407,0.2559357683374999,1.0,0.08779885721564451,0.0,0.052645340701026014
1116,279.0,raw_sindy_mpc,0,20.169099807739258,824.1812744140625,88.47744750976562,5.710824012756348,130.29864501953125,400.0,-0.7071067811865471,-0.7071067811865479,0.6830930241987367,0.23324128075665448,1.0,0.06127153624875765,0.0,0.05498945999808149
1117,279.25,raw_sindy_mpc,0,20.426937103271484,829.6194458007812,88.79108428955078,5.559597492218018,115.5204086303711,400.0,-0.7518398074789773,-0.6593458151000691,0.7264714002558726,0.20270914627580264,1.0,0.04003447693443006,0.0,0.09127670593221891
1118,279.5,raw_sindy_mpc,0,20.666915893554688,837.49462890625,88.86767578125,5.384471416473389,100.23165130615234,400.0,-0.7933533402912349,-0.6087614290087209,0.7622490271631249,0.16483129811802696,1.0,0.023910478527467003,0.0,0.1637133425099093
1119,279.75,raw_sindy_mpc,0,20.87541389465332,846.7782592773438,88.85797882080078,5.209345817565918,84.94288635253906,400.0,-0.8314696123025452,-0.5555702330196022,0.7935841256590458,0.12401190122332269,1.0,0.013334469998598773,0.0,0.2542167142913477
1120,280.0,raw_sindy_mpc,0,21.026473999023438,855.7864990234375,88.76175689697266,5.034220218658447,69.64225769042969,400.0,-0.8660254037844385,-0.5000000000000004,0.8247474372094176,0.08363612837404208,1.0,0.00810969566773634,0.0,0.3613035509262922
1121,280.25,raw_sindy_mpc,0,21.087570190429688,860.5911254882812,88.54024505615234,4.859094142913818,54.92451477050781,400.0,-0.8968727415326883,-0.44228869021900136,0.858447561399977,0.050358882411549566,1.0,0.005252030443422141,0.0,0.47747001372921344
1122,280.5,raw_sindy_mpc,0,21.070131301879883,860.680419921875,88.14093017578125,4.683968544006348,40.33069610595703,400.0,-0.9238795325112868,-0.3826834323650895,0.8899389472146285,0.024860176454788645,1.0,0.003129162537039506,0.0,0.6026702667003618
1123,280.75,raw_sindy_mpc,0,20.991779327392578,857.6336059570312,87.67354583740234,4.508842468261719,25.736879348754883,400.0,-0.9469301294951056,-0.3214394653031618,0.9216863082290224,0.005089561064124775,1.0,0.001330880855809354,0.0,0.7281388922940186
1124,281.0,raw_sindy_mpc,0,20.94690704345703,852.9927368164062,86.13373565673828,4.329213619232178,10.767788887023926,400.0,-0.9659258262890683,-0.25881904510252063,0.8426326193174406,0.0,1.0,0.0006254317493207598,0.0,0.8998777897153016
1125,281.25,raw_sindy_mpc,0,21.0174617767334,850.0747680664062,83.60969543457031,4.27979850769043,6.649892330169678,400.0,-0.9807852804032303,-0.19509032201612866,0.6651348046451102,0.0,1.0,0.0034704857758747387,0.0,0.9999996463147841
1126,281.5,raw_sindy_mpc,0,20.926023483276367,842.0425415039062,81.6666488647461,4.2547807693481445,4.565061092376709,400.0,-0.9914448613738104,-0.13052619222005163,0.5106666493239242,0.0,1.0,0.0,0.0,1.0
1127,281.75,raw_sindy_mpc,0,20.63735008239746,839.1182861328125,81.79315948486328,4.229762554168701,2.4802300930023193,400.0,-0.9978589232386035,-0.06540312923014273,0.4849337032200113,0.0,1.0,0.0,0.0,1.0
1128,282.0,raw_sindy_mpc,0,20.253692626953125,838.3657836914062,82.46897888183594,4.205514907836914,0.3220768868923187,400.0,-1.0,-1.8369701987210297e-16,0.5218848890370974,0.0,1.0,0.0,0.0,1.0
1129,282.25,raw_sindy_mpc,0,19.84579086303711,837.8950805664062,82.9664306640625,3.895902156829834,0.0,400.0,-0.9978589232386036,0.06540312923014237,0.5688123809787777,0.0,1.0,0.0,0.0,1.0
1130,282.5,raw_sindy_mpc,0,19.47710418701172,837.8607788085938,83.02336883544922,3.520632743835449,0.0,400.0,-0.9914448613738105,0.13052619222005127,0.592156736728731,0.0,1.0,0.0,0.0,1.0
1131,282.75,raw_sindy_mpc,0,19.151126861572266,838.288818359375,82.82486724853516,3.1453630924224854,0.0,400.0,-0.9807852804032304,0.1950903220161283,0.5948830237851672,0.0,1.0,0.0,0.0,1.0
1132,283.0,raw_sindy_mpc,0,18.845876693725586,839.13671875,82.55443572998047,2.7565693855285645,0.0,400.0,-0.9659258262890684,0.2588190451025203,0.6223709102425832,0.0,1.0,0.0,0.1816725178740022,1.0
1133,283.25,raw_sindy_mpc,0,18.529043197631836,832.3375854492188,87.76334381103516,2.9034507274627686,0.0,400.0,-0.9469301294951057,0.3214394653031615,1.0,0.0,1.0,0.06018308668786055,0.0,1.0
1134,283.5,raw_sindy_mpc,0,18.432483673095703,779.311767578125,82.06405639648438,3.153630495071411,0.0,400.0,-0.923879532511287,0.38268343236508917,0.7443415220017978,0.0,1.0,0.0,0.0,1.0
1135,283.75,raw_sindy_mpc,0,18.97222328186035,769.962890625,79.95556640625,3.4038102626800537,0.0,400.0,-0.8968727415326884,0.442288690219001,0.5112341456949767,0.0,1.0,0.0,0.0,1.0
1136,284.0,raw_sindy_mpc,0,19.110288619995117,772.7269287109375,80.65292358398438,3.663219451904297,0.0,400.0,-0.8660254037844386,0.5000000000000001,0.45439833268807234,0.0,1.0,0.0,0.0,1.0
1137,284.25,raw_sindy_mpc,0,18.98674964904785,775.0249633789062,82.05687713623047,3.6795830726623535,0.0,400.0,-0.8314696123025455,0.5555702330196018,0.510983691553023,0.0,1.0,0.0,0.0,1.0
1138,284.5,raw_sindy_mpc,0,18.82123374938965,777.1499633789062,83.04129028320312,3.6545650959014893,0.0,400.0,-0.7933533402912357,0.6087614290087199,0.6061645113669573,0.0,1.0,0.0,0.0,1.0
1139,284.75,raw_sindy_mpc,0,18.72970962524414,779.4043579101562,83.33109283447266,3.629547119140625,0.0,400.0,-0.7518398074789772,0.6593458151000691,0.6568500009390711,0.0,1.0,0.0,0.0,1.0
1140,285.0,raw_sindy_mpc,0,18.714183807373047,781.7981567382812,83.20845794677734,3.605095386505127,0.0,400.0,-0.7071067811865477,0.7071067811865474,0.6433059799027919,0.0,1.0,0.0,0.0,1.0
1141,285.25,raw_sindy_mpc,0,18.728221893310547,784.4437255859375,83.0595474243164,3.5180444717407227,0.0,400.0,-0.6593458151000687,0.7518398074789775,0.6107685390904651,0.0,1.0,0.0,0.0,1.0
1142,285.5,raw_sindy_mpc,0,18.727676391601562,787.3505859375,83.07262420654297,3.4179725646972656,0.0,400.0,-0.608761429008721,0.7933533402912349,0.6005178653682275,0.0,1.0,0.0,0.014840670256015704,1.0
1143,285.75,raw_sindy_mpc,0,18.53261375427246,789.4351196289062,86.03843688964844,3.3179008960723877,0.0,400.0,-0.555570233019603,0.8314696123025447,0.9260198279965465,0.0,1.0,0.016994604078328344,0.0,1.0
1144,286.0,raw_sindy_mpc,0,18.733964920043945,775.2102661132812,83.0020523071289,3.2139716148376465,0.0,400.0,-0.5000000000000004,0.8660254037844384,0.6877314627202917,0.0,1.0,0.0,0.0605020743552862,1.0
1145,286.25,raw_sindy_mpc,0,18.697669982910156,770.3158569335938,87.1884765625,3.3028037548065186,0.0,400.0,-0.4422886902190014,0.8968727415326883,1.0,0.0,1.0,0.024146055463530217,0.0,1.0
1146,286.5,raw_sindy_mpc,0,19.053333282470703,750.3915405273438,82.34732055664062,3.42789363861084,0.0,400.0,-0.38268343236508956,0.9238795325112868,0.6558684651121987,0.0,1.0,0.0,0.0,1.0
1147,286.75,raw_sindy_mpc,0,19.343204498291016,747.1375732421875,81.16964721679688,3.552983522415161,0.0,400.0,-0.32143946530316186,0.9469301294951056,0.47191896406387207,0.0,1.0,0.0,0.0,1.0
1148,287.0,raw_sindy_mpc,0,19.242876052856445,749.5703125,82.01634216308594,3.682994842529297,0.0,400.0,-0.25881904510252157,0.9659258262890681,0.4552156274133281,0.0,1.0,0.0,0.0,1.0
1149,287.25,raw_sindy_mpc,0,19.001455307006836,751.6621704101562,83.11324310302734,3.700000047683716,0.0,400.0,-0.19509032201612872,0.9807852804032303,0.5579057127499557,0.0,1.0,0.0,0.0,1.0
1150,287.5,raw_sindy_mpc,0,18.81510353088379,753.8359375,83.6141586303711,3.700000047683716,0.0,400.0,-0.13052619222005168,0.9914448613738104,0.6644006910441939,0.0,1.0,0.0,0.0,1.0
1151,287.75,raw_sindy_mpc,0,18.750736236572266,756.2705078125,83.49110412597656,3.700000047683716,0.0,400.0,-0.0654031292301428,0.9978589232386035,0.6829332079958206,0.0,1.0,0.0,0.0,1.0
1152,288.0,raw_sindy_mpc,0,18.761213302612305,758.8483276367188,83.1802978515625,3.700000047683716,0.0,400.0,0.0,1.0,0.6561458890294638,0.0,1.0,0.0,0.0,1.0
1153,288.25,raw_sindy_mpc,0,18.760791778564453,761.5699462890625,83.00669860839844,3.47225022315979,0.0,400.0,0.06540312923014306,0.9978589232386035,0.629892217570262,0.0,1.0,0.0,0.0,1.0
1154,288.5,raw_sindy_mpc,0,18.726957321166992,764.492919921875,82.98711395263672,3.197052478790283,0.0,400.0,0.13052619222005157,0.9914448613738104,0.6257949456744775,0.0,1.0,0.0,0.0,1.0
1155,288.75,raw_sindy_mpc,0,18.674772262573242,767.6777954101562,83.01079559326172,2.9218547344207764,0.0,400.0,0.19509032201612825,0.9807852804032304,0.6340519785283749,0.0,1.0,0.0,0.0,1.0
1156,289.0,raw_sindy_mpc,0,18.624719619750977,771.1917114257812,82.99657440185547,2.635408401489258,0.0,400.0,0.25881904510252074,0.9659258262890683,0.6404298076898829,0.0,1.0,0.0,0.0,1.0
1157,289.25,raw_sindy_mpc,0,18.50623321533203,774.1377563476562,82.9549560546875,2.5999999046325684,0.0,400.0,0.3214394653031616,0.9469301294951057,0.6687944423422297,0.0,1.0,0.0,0.0,1.0
1158,289.5,raw_sindy_mpc,0,18.361572265625,776.2908935546875,82.706298828125,2.5999999046325684,0.0,400.0,0.3826834323650898,0.9238795325112867,0.6847550089433982,0.0,1.0,0.0,0.0,1.0
1159,289.75,raw_sindy_mpc,0,18.217967987060547,777.6860961914062,82.31195068359375,2.5999999046325684,0.0,400.0,0.44228869021900125,0.8968727415326884,0.6832009317944693,0.0,1.0,0.0,0.0,1.0
1160,290.0,raw_sindy_mpc,0,18.069189071655273,778.29345703125,81.90223693847656,2.5999999046325684,0.0,400.0,0.49999999999999994,0.8660254037844387,0.6809717456828331,0.0,1.0,0.0,0.0,1.0
1161,290.25,raw_sindy_mpc,0,18.05860137939453,779.2695922851562,81.48861694335938,2.766786575317383,0.0,400.0,0.5555702330196022,0.8314696123025452,0.6713885997837973,0.0,1.0,0.0,0.0,1.0
1162,290.5,raw_sindy_mpc,0,18.133432388305664,780.7686767578125,81.31453704833984,2.9669301509857178,0.0,400.0,0.6087614290087207,0.7933533402912352,0.6627350371226605,0.0,1.0,0.0,0.0,1.0
1163,290.75,raw_sindy_mpc,0,18.248157501220703,782.7001342773438,81.39437866210938,3.167073965072632,0.0,400.0,0.6593458151000688,0.7518398074789774,0.6683874319944351,0.0,1.0,0.0,0.0,1.0
1164,291.0,raw_sindy_mpc,0,18.400352478027344,785.073974609375,81.60543823242188,3.3756866455078125,0.0,400.0,0.7071067811865476,0.7071067811865476,0.6941307293737663,0.0,1.0,0.0,0.0,1.0
1165,291.25,raw_sindy_mpc,0,18.479907989501953,787.0804443359375,81.86175537109375,3.3372395038604736,0.0,400.0,0.7518398074789774,0.6593458151000688,0.7284186950018072,0.0,1.0,0.0,0.0,1.0
1166,291.5,raw_sindy_mpc,0,18.5341796875,788.6453857421875,81.8846435546875,3.262185573577881,0.0,400.0,0.7933533402912352,0.6087614290087207,0.7404405520159016,0.0,1.0,0.0,0.0,1.0
1167,291.75,raw_sindy_mpc,0,18.580522537231445,789.794921875,81.73670196533203,3.187131643295288,0.0,400.0,0.8314696123025451,0.5555702330196024,0.7323772623279268,0.0,1.0,0.0,0.0,1.0
1168,292.0,raw_sindy_mpc,0,18.605379104614258,790.4869384765625,81.56697845458984,3.114424467086792,0.0,400.0,0.8660254037844386,0.5000000000000001,0.7271691228593385,0.0,1.0,0.0,0.0,1.0
1169,292.25,raw_sindy_mpc,0,18.5494384765625,790.8156127929688,81.44689178466797,2.7011501789093018,0.0,400.0,0.8968727415326884,0.44228869021900125,0.7299005750881313,0.00202218090120399,1.0,0.0,0.0,1.0
1170,292.5,raw_sindy_mpc,0,18.437807083129883,791.7871704101562,81.24828338623047,2.22580885887146,0.0,400.0,0.9238795325112867,0.38268343236508984,0.7383809897135561,0.008892114303708905,1.0,0.0,0.0,1.0
1171,292.75,raw_sindy_mpc,0,18.29812240600586,795.4077758789062,80.93773651123047,1.750467300415039,0.0,400.0,0.9469301294951056,0.3214394653031617,0.7424756669964547,0.009296926568946866,1.0,0.0,0.0,1.0
1172,293.0,raw_sindy_mpc,0,18.135478973388672,799.00537109375,80.55848693847656,1.254378080368042,0.0,400.0000305175781,0.9659258262890683,0.25881904510252074,0.7654787046388465,0.006664108143333372,1.0,0.0,0.0,1.0
1173,293.25,raw_sindy_mpc,0,18.210063934326172,802.1494140625,80.10835266113281,1.789791464805603,4.680884838104248,400.0,0.9807852804032304,0.19509032201612833,0.7122453043833407,0.0019505728704033395,1.0,0.0,0.0,1.0
1174,293.5,raw_sindy_mpc,0,18.402008056640625,803.6723022460938,80.18875885009766,2.4902946949005127,10.240434646606445,400.0,0.9914448613738104,0.1305261922200517,0.6430763969528217,0.0029167774800071657,1.0,0.0,0.0,1.0
1175,293.75,raw_sindy_mpc,0,18.604677200317383,805.6094360351562,80.87379455566406,3.190798044204712,15.799983978271484,400.0,0.9978589232386035,0.06540312923014327,0.6198097238160637,0.024780980684683863,1.0,0.0,0.0,0.8357199575900651
1176,294.0,raw_sindy_mpc,0,18.538150787353516,814.7745971679688,86.27296447753906,3.9048197269439697,21.284622192382812,400.0000305175781,1.0,6.123233995736766e-17,1.0,0.06453395206919116,1.0,0.009145771361007474,0.0,0.40137139938896255
1177,294.25,raw_sindy_mpc,0,19.014421463012695,823.0015258789062,87.04657745361328,4.232494831085205,31.02883529663086,400.0,0.9978589232386035,-0.06540312923014314,1.0,0.07895482006952743,1.0,0.007633928950545582,0.0,0.29102134079820413
1178,294.5,raw_sindy_mpc,0,19.733171463012695,832.419677734375,86.78926086425781,4.507692337036133,41.4529914855957,400.0,0.9914448613738104,-0.1305261922200516,0.8910067467115719,0.08739482501018649,1.0,0.007667831021736129,0.0,0.26772308143560236
1179,294.75,raw_sindy_mpc,0,20.404403686523438,842.4518432617188,86.85456848144531,4.7828898429870605,51.87714767456055,400.0,0.9807852804032304,-0.1950903220161282,0.725831850131341,0.10589122177716695,1.0,0.016551601719875797,0.0,0.1972292854096206
1180,295.0,raw_sindy_mpc,0,20.82469367980957,842.6498413085938,87.28980255126953,5.060037136077881,62.16767120361328,400.0,0.9659258262890683,-0.25881904510252063,0.6097128132254744,0.14756341377104246,1.0,0.03239768268501058,0.0,0.10668234422548474
1181,295.25,raw_sindy_mpc,0,21.002304077148438,834.5031127929688,87.80406951904297,5.269661903381348,79.79470825195312,400.0,0.9469301294951057,-0.3214394653031616,0.5351627252446565,0.2070473473313402,1.0,0.05416064482238138,0.0,0.01798738643532527
1182,295.5,raw_sindy_mpc,0,20.998777389526367,827.2548217773438,88.23851776123047,5.469805717468262,98.55818939208984,400.0,0.9238795325112868,-0.3826834323650895,0.4947313012191081,0.2658312094476103,1.0,0.09643084817199388,0.0,0.0
1183,295.75,raw_sindy_mpc,0,20.756502151489258,820.065673828125,88.5627212524414,5.669949531555176,117.32167053222656,400.0,0.8968727415326884,-0.44228869021900113,0.48637293776617313,0.31958820991945724,1.0,0.14562653024794675,0.0,0.0
1184,296.0,raw_sindy_mpc,0,20.497913360595703,818.9651489257812,88.55950927734375,5.871392250061035,136.11793518066406,400.0,0.8660254037844387,-0.4999999999999998,0.4567963933237739,0.354241269592399,1.0,0.1892474889763873,0.0,0.0
1185,296.25,raw_sindy_mpc,0,20.33112335205078,821.9548950195312,88.37007904052734,6.0276780128479,153.6664276123047,400.0,0.8314696123025451,-0.5555702330196023,0.3918146319658763,0.3770202752415443,1.0,0.22626862894135405,0.0,0.0
1186,296.5,raw_sindy_mpc,0,20.230405807495117,826.2467651367188,88.32817077636719,6.177785873413086,171.04002380371094,400.0,0.7933533402912352,-0.6087614290087207,0.3219702905861591,0.39921917705408383,1.0,0.2646641838883663,0.0,0.0
1187,296.75,raw_sindy_mpc,0,20.159645080566406,831.8939819335938,88.4223403930664,6.3278937339782715,188.41360473632812,400.0,0.7518398074789774,-0.6593458151000688,0.2661959057438895,0.4180925584138074,1.0,0.3024407586857138,0.0,0.0
1188,297.0,raw_sindy_mpc,0,20.12786865234375,837.8941650390625,88.5588607788086,6.479381561279297,206.58575439453125,400.0,0.7071067811865476,-0.7071067811865475,0.2329066197476445,0.431818013526684,1.0,0.33512429278706063,0.0,0.0
1189,297.25,raw_sindy_mpc,0,19.937070846557617,846.412841796875,89.0979995727539,6.585406303405762,204.181640625,400.0,0.659345815100069,-0.7518398074789773,0.3025011777311712,0.42496953537419424,1.0,0.355483736599914,0.0,0.0
1190,297.5,raw_sindy_mpc,0,19.75917625427246,851.0123291015625,89.40544128417969,6.685478210449219,199.31703186035156,400.0,0.6087614290087209,-0.793353340291235,0.3685945346813433,0.4178804489311355,1.0,0.36484528288693574,0.0,0.0
1191,297.75,raw_sindy_mpc,0,19.6538028717041,853.2639770507812,89.50174713134766,6.785550117492676,194.4524383544922,400.0,0.5555702330196025,-0.831469612302545,0.3912524192381459,0.41604294336623865,1.0,0.37119976859144493,0.0,0.0
1192,298.0,raw_sindy_mpc,0,19.59552574157715,855.5787963867188,89.55530548095703,6.88628625869751,189.36181640625,400.0,0.49999999999999994,-0.8660254037844387,0.3681375057026154,0.42100869411522673,1.0,0.38292398764684044,0.0,0.0
1193,298.25,raw_sindy_mpc,0,19.837453842163086,854.2106323242188,89.08335876464844,6.964270114898682,216.85836791992188,400.0,0.4422886902190017,-0.8968727415326881,0.19893586430449606,0.4476035189939032,1.0,0.4000000098846448,0.0,0.0
1194,298.5,raw_sindy_mpc,0,20.135944366455078,856.1387329101562,88.9309310913086,7.0393242835998535,249.52072143554688,400.0,0.3826834323650899,-0.9238795325112867,0.061176558151131294,0.46423201637833056,0.9680317081492903,0.40000000991117457,0.0,0.0
1195,298.75,raw_sindy_mpc,0,19.00385284423828,768.1854858398438,87.77373504638672,7.114377975463867,282.1830749511719,400.0,0.32143946530316175,-0.9469301294951056,0.0690467273756256,0.64232440268024,0.9299234724214994,0.4000000099345901,0.0,0.0
1196,299.0,raw_sindy_mpc,0,17.089773178100586,678.492919921875,83.96106719970703,7.192954063415527,316.3780822753906,400.0,0.258819045102521,-0.9659258262890682,0.0,0.7980669373214901,0.9268088750257636,0.400000009858297,0.0,0.0
1197,299.25,raw_sindy_mpc,0,16.43473243713379,687.8914184570312,82.37010955810547,7.157009124755859,317.6531677246094,400.0,0.19509032201612816,-0.9807852804032304,0.0,0.7578116743066909,0.9505255516053425,0.39655657709402276,0.0,3.939906604668178e-09
1198,299.5,raw_sindy_mpc,0,16.982311248779297,735.48828125,83.91683959960938,7.106973171234131,315.5683288574219,400.0,0.130526192220052,-0.9914448613738104,0.0,0.6676708924511539,0.9545464553074807,0.40000000988009615,0.0,0.0
1199,299.75,raw_sindy_mpc,0,17.065221786499023,738.25390625,84.92483520507812,7.056937217712402,313.4834899902344,400.0,0.06540312923014312,-0.9978589232386035,0.04554949161870582,0.6602425575875677,0.9517199616162038,0.4000000099231616,0.0,0.0
1200,300.0,raw_sindy_mpc,0,16.808353424072266,728.5663452148438,84.94818115234375,7.007691383361816,311.4716491699219,400.0000305175781,1.2246467991473532e-16,-1.0,0.10520878856474387,0.6704374318249899,0.9654220790478952,0.4000000099072998,0.0,0.0
1201,300.25,raw_sindy_mpc,0,17.211763381958008,768.8788452148438,86.51376342773438,6.913731098175049,299.12933349609375,400.0,-0.06540312923014287,-0.9978589232386035,0.2442702744430004,0.5877293270467827,0.9847821055177417,0.4000000099083242,0.0,0.0
1202,300.5,raw_sindy_mpc,0,18.0910587310791,823.008544921875,88.49754333496094,6.813659191131592,285.2304382324219,400.0,-0.13052619222005177,-0.9914448613738104,0.36914540003666746,0.48351023014888267,1.0,0.4000000098786905,0.0,0.0
1203,300.75,raw_sindy_mpc,0,18.80948257446289,851.8116455078125,89.8104476928711,6.713587284088135,271.3315734863281,400.0,-0.19509032201612792,-0.9807852804032305,0.44220186606500567,0.432275178458646,1.0,0.40000000891537213,0.0,0.0
1204,301.0,raw_sindy_mpc,0,19.098899841308594,851.794921875,90.30120849609375,6.613515377044678,257.6611328125,400.0,-0.2588190451025208,-0.9659258262890683,0.5116469536591538,0.41727412561839083,1.0,0.3752032721088417,0.0,0.0
1205,301.25,raw_sindy_mpc,0,19.11580467224121,849.2581787109375,90.24433898925781,6.513443470001221,230.9110107421875,400.0,-0.32143946530316153,-0.9469301294951057,0.6084621945824623,0.3823448788681329,1.0,0.3264027832560921,0.0,0.0
1206,301.5,raw_sindy_mpc,0,19.061311721801758,840.53662109375,89.8180923461914,6.413371562957764,202.41831970214844,400.0,-0.38268343236508967,-0.9238795325112868,0.6993959585491769,0.3488286905050622,1.0,0.2662634309807289,0.0,0.0025139056515979695
1207,301.75,raw_sindy_mpc,0,19.027118682861328,829.689697265625,89.21055603027344,6.313299655914307,173.92562866210938,400.0,-0.44228869021900147,-0.8968727415326883,0.7706726736174,0.32044740756736184,1.0,0.2109909786228339,0.0,0.03407877864256879
1208,302.0,raw_sindy_mpc,0,18.9951171875,820.8712768554688,88.59504699707031,6.212540626525879,144.72247314453125,400.0,-0.4999999999999997,-0.8660254037844388,0.8180031226250963,0.29275736441465394,1.0,0.1621092879933918,0.0,0.07047530153465313
1209,302.25,raw_sindy_mpc,0,19.179136276245117,812.0588989257812,87.8738021850586,6.134867191314697,133.8265838623047,400.0,-0.555570233019602,-0.8314696123025455,0.7778740697636015,0.2809299624652713,1.0,0.12058470803130504,0.0,0.08127674945791216
1210,302.5,raw_sindy_mpc,0,19.456504821777344,808.7373046875,87.52578735351562,6.059813022613525,124.79231262207031,400.0,-0.6087614290087207,-0.7933533402912352,0.7285252188317839,0.2679446873426845,1.0,0.08667334217724884,0.0,0.07683767741870626
1211,302.75,raw_sindy_mpc,0,19.74823570251465,810.0202026367188,87.56594848632812,5.984759330749512,115.75804901123047,400.0,-0.6593458151000688,-0.7518398074789774,0.7086752393108449,0.24997253227862376,1.0,0.0598155780181401,0.0,0.07148676423283704
1212,303.0,raw_sindy_mpc,0,20.0403995513916,814.7467651367188,87.85189819335938,5.910613536834717,106.87681579589844,400.0,-0.7071067811865471,-0.7071067811865479,0.7254867859672213,0.2257876644465508,1.0,0.03923356233848016,0.0,0.08106330319366208
1213,303.25,raw_sindy_mpc,0,20.236968994140625,823.456787109375,88.09111785888672,5.791085720062256,89.21839141845703,400.0,-0.7518398074789773,-0.6593458151000691,0.7818884216563221,0.18620303261963803,1.0,0.02341758426393987,0.0,0.1404467127766269
1214,303.5,raw_sindy_mpc,0,20.37472152709961,832.97314453125,88.1631851196289,5.6659955978393555,70.45491027832031,400.0,-0.7933533402912349,-0.6087614290087209,0.8455530988695995,0.14151532697577632,1.0,0.012600845364912214,0.0,0.23137462004151818
1215,303.75,raw_sindy_mpc,0,20.47510528564453,842.4172973632812,88.0135726928711,5.540905952453613,51.691429138183594,400.0,-0.8314696123025452,-0.5555702330196022,0.8949263665372994,0.0961677167668802,1.0,0.006887492858976202,0.0,0.3463666797843867
1216,304.0,raw_sindy_mpc,0,20.504377365112305,848.3496704101562,87.60688781738281,5.409728050231934,32.50838088989258,400.0,-0.8660254037844385,-0.5000000000000004,0.9177912258714104,0.0573173063622771,1.0,0.002472220399579178,0.0,0.4669745455486818
1217,304.25,raw_sindy_mpc,0,20.624067306518555,852.5131225585938,87.15251922607422,5.400000095367432,24.484783172607422,400.0,-0.8968727415326883,-0.44228869021900136,0.8891236155266166,0.03165454987435233,1.0,0.0005703291785420296,0.0,0.5462306850779336
1218,304.5,raw_sindy_mpc,0,20.73617935180664,855.173583984375,86.80941009521484,5.400000095367432,17.53534698486328,400.0,-0.9238795325112868,-0.3826834323650895,0.8553096448929569,0.012721390911422185,1.0,1.78471155406314e-08,0.0,0.6095460227368606
1219,304.75,raw_sindy_mpc,0,20.814695358276367,854.2275390625,86.11601257324219,5.400000095367432,10.585909843444824,400.0,-0.9469301294951056,-0.3214394653031618,0.7945397495839949,2.196281518625647e-08,1.0,0.0,0.0,0.6891541221322828
1220,305.0,raw_sindy_mpc,0,20.90207862854004,849.70166015625,84.02303314208984,5.400000095367432,3.358469009399414,400.0,-0.9659258262890683,-0.25881904510252063,0.6353857410285653,0.0,1.0,0.0,0.0,0.7939610953258868
1221,305.25,raw_sindy_mpc,0,20.772863388061523,844.8754272460938,83.05611419677734,5.312293529510498,2.168703556060791,400.0,-0.9807852804032303,-0.19509032201612866,0.5511268090800315,0.0,1.0,0.0006884594284772618,0.0,0.8436194706572493
1222,305.5,raw_sindy_mpc,0,20.472124099731445,837.8131713867188,82.8653564453125,5.212221622467041,1.4737598896026611,400.0,-0.9914448613738104,-0.13052619222005163,0.539338632983388,0.0,1.0,0.0015198886326725487,0.0,0.8995661572440118
1223,305.75,raw_sindy_mpc,0,20.119197845458984,828.1669921875,82.74774169921875,5.112149715423584,0.7788162231445312,400.0,-0.9978589232386035,-0.06540312923014273,0.5621288771234502,0.0,1.0,0.0014009308291651544,0.0,0.9543382746470183
1224,306.0,raw_sindy_mpc,0,19.79163932800293,818.6015014648438,82.63292694091797,5.007166385650635,0.04976793751120567,400.0,-1.0,-1.8369701987210297e-16,0.6067770902293563,0.0,1.0,0.000449053656936931,0.0,0.9862647739392741
1225,306.25,raw_sindy_mpc,0,19.56844711303711,811.9664306640625,82.58048248291016,5.065995693206787,0.0,400.0,-0.9978589232386036,0.06540312923014237,0.6381909949031126,0.0,1.0,0.0012808055432933976,0.0,0.9975000130640923
1226,306.5,raw_sindy_mpc,0,19.417268753051758,804.4390869140625,82.46886444091797,5.141049385070801,0.0,400.0,-0.9914448613738105,0.13052619222005127,0.6486573230546362,0.0,1.0,0.0,0.0,1.0
1227,306.75,raw_sindy_mpc,0,19.354969024658203,799.7271728515625,82.3277587890625,5.216103553771973,0.0,400.0,-0.9807852804032304,0.1950903220161283,0.6347259305228592,0.0,1.0,0.0,0.0,1.0
1228,307.0,raw_sindy_mpc,0,19.305274963378906,796.0830688476562,82.32598114013672,5.294850826263428,0.0,400.0,-0.9659258262890684,0.2588190451025203,0.6264223263165396,0.0,1.0,0.003136480131242849,0.0,1.0
1229,307.25,raw_sindy_mpc,0,19.18421173095703,785.515625,82.4239273071289,5.255858898162842,0.0,400.0,-0.9469301294951057,0.3214394653031615,0.6459521243766335,0.0,1.0,0.0009020927626450134,0.0,1.0
1230,307.5,raw_sindy_mpc,0,19.136810302734375,778.1793212890625,82.37506103515625,5.205822944641113,0.0,400.0,-0.923879532511287,0.38268343236508917,0.6370360274738733,0.0,1.0,0.0,0.0,1.0
1231,307.75,raw_sindy_mpc,0,19.098663330078125,774.3959350585938,82.39059448242188,5.155786991119385,0.0,400.0,-0.8968727415326884,0.442288690219001,0.6279716050941254,0.0,1.0,0.0,0.0,1.0
1232,308.0,raw_sindy_mpc,0,19.043516159057617,771.3195190429688,82.46839141845703,5.104928970336914,0.0,400.0,-0.8660254037844386,0.5000000000000001,0.6295558797027464,0.0,1.0,0.0,0.0,1.0
1233,308.25,raw_sindy_mpc,0,18.985126495361328,768.529541015625,82.53399658203125,5.077857494354248,0.0,400.0,-0.8314696123025455,0.5555702330196018,0.6342470312971775,0.0,1.0,0.0,0.0,1.0
1234,308.5,raw_sindy_mpc,0,18.931461334228516,766.1172485351562,82.5623550415039,5.052839756011963,0.0,400.0,-0.7933533402912357,0.6087614290087199,0.6356974639687637,0.0,1.0,0.0,0.0,1.0
1235,308.75,raw_sindy_mpc,0,18.88245964050293,764.07861328125,82.567626953125,5.0278215408325195,0.0,400.0,-0.7518398074789772,0.6593458151000691,0.6344193886848045,0.0,1.0,0.0,0.0,1.0
1236,309.0,raw_sindy_mpc,0,18.833988189697266,762.394775390625,82.56961822509766,5.0015692710876465,0.0,400.0,-0.7071067811865477,0.7071067811865474,0.6333908730893217,0.0,1.0,0.0,0.0,1.0
1237,309.25,raw_sindy_mpc,0,18.806665420532227,761.1138916015625,82.56220245361328,5.0,0.0,400.0,-0.6593458151000687,0.7518398074789775,0.6298613531395737,0.0,1.0,0.00027732077285157593,0.0,1.0
1238,309.5,raw_sindy_mpc,0,18.78540802001953,759.6906127929688,82.59288024902344,5.0,0.0,400.0,-0.608761429008721,0.7933533402912349,0.6280204382299824,0.0,1.0,0.0023427248453246918,0.0,1.0
1239,309.75,raw_sindy_mpc,0,18.743453979492188,754.9788818359375,82.65020751953125,5.0,0.0,400.0,-0.555570233019603,0.8314696123025447,0.6378602440242608,0.0,1.0,0.0028780225374054583,0.0,1.0
1240,310.0,raw_sindy_mpc,0,18.723360061645508,749.0632934570312,82.64610290527344,5.0,0.0,400.0,-0.5000000000000004,0.8660254037844384,0.6454708092797472,0.0,1.0,0.000462339906700485,0.0,1.0
1241,310.25,raw_sindy_mpc,0,18.7495059967041,746.9630737304688,82.62030792236328,4.933141708374023,0.0,400.0,-0.4422886902190014,0.8968727415326883,0.6368111507984876,0.0,1.0,0.0,0.0,1.0
1242,310.5,raw_sindy_mpc,0,18.766590118408203,746.8345947265625,82.67913055419922,4.858087539672852,0.0,400.0,-0.38268343236508956,0.9238795325112868,0.6365786427405742,0.0,1.0,0.0,0.0,1.0
1243,310.75,raw_sindy_mpc,0,18.7730712890625,746.9638671875,82.75927734375,4.783033847808838,0.0,400.0,-0.32143946530316186,0.9469301294951056,0.6429761281155484,0.0,1.0,0.0,0.0,1.0
1244,311.0,raw_sindy_mpc,0,18.780838012695312,747.0908813476562,82.80751037597656,4.704281330108643,0.0,400.0,-0.25881904510252157,0.9659258262890681,0.6479054320492126,0.0,1.0,0.0,0.0,1.0
1245,311.25,raw_sindy_mpc,0,18.807621002197266,747.2568969726562,82.81742858886719,4.8117899894714355,0.0,400.0,-0.19509032201612872,0.9807852804032303,0.6558160064888436,0.0,1.0,0.0,0.0,1.0
1246,311.5,raw_sindy_mpc,0,18.849748611450195,747.447998046875,82.81758880615234,4.936880111694336,0.0,400.0,-0.13052619222005168,0.9914448613738104,0.6614653703128691,0.0,1.0,0.0007509379377874844,0.0,1.0
1247,311.75,raw_sindy_mpc,0,18.892620086669922,746.4263305664062,82.81767272949219,5.061969757080078,0.0,400.0,-0.0654031292301428,0.9978589232386035,0.6559080205222325,0.010758414411945156,1.0,0.007753483991854771,0.0,1.0
1248,312.0,raw_sindy_mpc,0,18.84762191772461,739.4096069335938,82.83596801757812,5.187743186950684,0.0,400.0,0.0,1.0,0.6579736408108752,0.041487921277381726,1.0,0.019524000181627827,0.0,1.0
1249,312.25,raw_sindy_mpc,0,18.72612953186035,731.3661499023438,82.70816802978516,5.289719581604004,0.0,400.0,0.06540312923014306,0.9978589232386035,0.6603349834228618,0.06803556469428783,1.0,0.02808190869844872,0.0,0.9966475170243223
1250,312.5,raw_sindy_mpc,0,18.62197494506836,727.3164672851562,82.41510009765625,5.389791488647461,0.0,400.0,0.13052619222005157,0.9914448613738104,0.6443761294500214,0.08120517151946322,1.0,0.028973396016786238,0.0,0.9763722340105795
1251,312.75,raw_sindy_mpc,0,18.594484329223633,728.5032348632812,82.1398696899414,5.489863395690918,0.0,400.0,0.19509032201612825,0.9807852804032304,0.6144308287199606,0.0819443683283542,1.0,0.02487003974746181,0.0,0.9401827386078605
1252,313.0,raw_sindy_mpc,0,18.628374099731445,733.3076171875,82.08573150634766,5.591569900512695,0.0,400.0,0.25881904510252074,0.9659258262890683,0.5914920499550078,0.07581974207611343,1.0,0.017892379970352052,0.0,0.8839415284714676
1253,313.25,raw_sindy_mpc,0,18.63041114807129,738.6616821289062,82.29344177246094,5.645003795623779,0.0,400.0,0.3214394653031616,0.9469301294951057,0.598889401808174,0.06812325932205492,1.0,0.009110180787548902,0.0,0.8153932011905565
1254,313.5,raw_sindy_mpc,0,18.666555404663086,747.5696411132812,82.49823760986328,5.695039749145508,0.0,400.0,0.3826834323650898,0.9238795325112867,0.6082434222157753,0.05391949250783131,1.0,2.0993641387471004e-08,0.0,0.7507374349599989
1255,313.75,raw_sindy_mpc,0,18.765913009643555,763.5971069335938,82.69646453857422,5.745075702667236,0.0,400.0,0.44228869021900125,0.8968727415326884,0.6081362268038605,0.030313990810248766,1.0,0.0,0.0,0.7125014147894819
1256,314.0,raw_sindy_mpc,0,18.78248405456543,772.6458129882812,82.9461898803711,5.797552585601807,0.0,400.0,0.49999999999999994,0.8660254037844387,0.625477236234406,0.01711589787342102,1.0,0.0,0.0,0.6700795035769398
1257,314.25,raw_sindy_mpc,0,18.799463272094727,776.15234375,82.99778747558594,5.777426242828369,0.0,400.0,0.5555702330196022,0.8314696123025452,0.6333011891304261,0.01522225599966441,1.0,0.0,0.0,0.651356065307605
1258,314.5,raw_sindy_mpc,0,18.818012237548828,778.8848266601562,82.96963500976562,5.752408504486084,0.0,400.0,0.6087614290087207,0.7933533402912352,0.632756252259559,0.015635065885188912,1.0,0.0,0.0,0.6363454298313933
1259,314.75,raw_sindy_mpc,0,18.834280014038086,781.7100219726562,82.9219970703125,5.727390289306641,0.0,400.0,0.6593458151000688,0.7518398074789774,0.6293473018511315,0.016259739396399565,1.0,0.0,0.0,0.6208762516415864
1260,315.0,raw_sindy_mpc,0,18.84477424621582,784.6842041015625,82.8814468383789,5.7023725509643555,0.0,400.0,0.7071067811865476,0.7071067811865476,0.6270898608897025,0.01681258738414846,1.0,0.0,0.0,0.604279639241484
1261,315.25,raw_sindy_mpc,0,18.84961700439453,787.7726440429688,82.84854888916016,5.677354335784912,0.0,400.0,0.7518398074789774,0.6593458151000688,0.6269446054766169,0.01725345656617108,1.0,0.0,0.0,0.5871993655656285
1262,315.5,raw_sindy_mpc,0,18.85106086730957,790.93310546875,82.81489562988281,5.652336597442627,0.0,400.0,0.7933533402912352,0.6087614290087207,0.6281151641434715,0.017623110168735197,1.0,0.0,0.0,0.5704162512920168
1263,315.75,raw_sindy_mpc,0,18.851295471191406,794.1415405273438,82.77497100830078,5.627318382263184,0.0,400.0,0.8314696123025451,0.5555702330196024,0.6297606375044791,0.017963395318990393,1.0,0.0,0.0,0.5543746329916857
1264,316.0,raw_sindy_mpc,0,18.851619720458984,797.3925170898438,82.72747039794922,5.602702617645264,0.0,400.0,0.8660254037844386,0.5000000000000001,0.6317492235142684,0.01823526215311546,1.0,0.0,0.0,0.5394369204120266
1265,316.25,raw_sindy_mpc,0,18.848329544067383,800.6421508789062,82.67398834228516,5.554564952850342,0.0,399.9999694824219,0.8968727415326884,0.44228869021900125,0.6352201135907906,0.018298948061551974,1.0,0.0,0.0,0.5288178582695756
1266,316.5,raw_sindy_mpc,0,18.843589782714844,803.8154296875,82.61023712158203,5.504528999328613,0.0,400.0,0.9238795325112867,0.38268343236508984,0.6389059713098253,0.01843745041046118,1.0,0.0,0.0,0.5197931674774375
1267,316.75,raw_sindy_mpc,0,18.839677810668945,806.9520874023438,82.53419494628906,5.454493045806885,0.0,400.0,0.9469301294951056,0.3214394653031617,0.6408862624364358,0.018743805166339663,1.0,0.0,0.0,0.5114764515163074
1268,317.0,raw_sindy_mpc,0,18.835792541503906,810.11767578125,82.45360565185547,5.402065277099609,0.0,400.0,0.9659258262890683,0.25881904510252074,0.6387477115254815,0.019547756665456,1.0,0.0,0.0,0.5014494993931449
1269,317.25,raw_sindy_mpc,0,18.671274185180664,813.09716796875,85.35314178466797,5.422789573669434,2.532151222229004,400.0,0.9807852804032304,0.19509032201612833,0.9032829493952579,0.03918197411602122,1.0,0.0027518188413874576,0.0,0.32192237360822845
1270,317.5,raw_sindy_mpc,0,18.81597328186035,818.4746704101562,86.5577392578125,5.447807312011719,5.311925888061523,400.0,0.9914448613738104,0.1305261922200517,1.0,0.04889086700391979,1.0,0.002983147509918623,0.0,0.24290611316339472
1271,317.75,raw_sindy_mpc,0,19.217666625976562,825.8255615234375,86.57157897949219,5.472825527191162,8.091700553894043,400.0,0.9978589232386035,0.06540312923014327,0.996151694085208,0.047740190432383055,1.0,0.0002159485455278743,0.0,0.251808496252188
1272,318.0,raw_sindy_mpc,0,19.72600555419922,838.53662109375,86.40076446533203,5.496996879577637,10.801779747009277,400.0,1.0,6.123233995736766e-17,0.8911851619652262,0.04278245516133656,1.0,0.00031024113886510426,0.0,0.2404053935068328
1273,318.25,raw_sindy_mpc,0,20.22524070739746,849.333984375,86.55226135253906,5.637167453765869,19.366561889648438,400.0,0.9978589232386035,-0.06540312923014314,0.7750325719093415,0.052398944840523126,1.0,0.008815374380516841,0.0,0.18760215105833042
1274,318.5,raw_sindy_mpc,0,20.519752502441406,843.7916259765625,86.93121337890625,5.787275314331055,28.40083122253418,400.0,0.9914448613738104,-0.1305261922200516,0.705435371419581,0.09835072152719368,1.0,0.022949420864669872,0.0,0.12880786363318034
1275,318.75,raw_sindy_mpc,0,20.586835861206055,831.045654296875,87.35774230957031,5.93738317489624,37.43510055541992,400.0,0.9807852804032304,-0.1950903220161282,0.6811681233818493,0.15824257144142684,1.0,0.042708532627432814,0.0,0.08069166158947644
1276,319.0,raw_sindy_mpc,0,20.49554443359375,821.511474609375,87.5998764038086,6.086949825286865,46.261878967285156,400.0,0.9659258262890683,-0.25881904510252063,0.6593890351070503,0.20972744248310432,1.0,0.06853325201866743,0.0,0.05000928201818475
1277,319.25,raw_sindy_mpc,0,20.509422302246094,814.0836791992188,87.56746673583984,6.260531902313232,71.42942810058594,400.0,0.9469301294951057,-0.3214394653031616,0.5640661822447463,0.2662063539388966,1.0,0.10129225710549278,0.0,0.00821121582801061
1278,319.5,raw_sindy_mpc,0,20.552978515625,812.8397216796875,87.6055908203125,6.435657978057861,97.83728790283203,400.0,0.9238795325112868,-0.3826834323650895,0.45072129353431795,0.3177722778946524,1.0,0.1503661040938298,0.0,0.0
1279,319.75,raw_sindy_mpc,0,20.52595329284668,816.0123291015625,87.68099975585938,6.610783576965332,124.24514770507812,400.0,0.8968727415326884,-0.44228869021900113,0.3401826506891796,0.3608931399400318,1.0,0.20632318873886227,0.0,0.0
1280,320.0,raw_sindy_mpc,0,20.464120864868164,822.8683471679688,87.93767547607422,6.789151668548584,150.97894287109375,400.0,0.8660254037844387,-0.4999999999999998,0.249943709279362,0.3954513356591598,1.0,0.26531670130065577,0.0,0.0
1281,320.25,raw_sindy_mpc,0,20.22646713256836,831.69189453125,88.43380737304688,6.869015216827393,166.83641052246094,400.0,0.8314696123025451,-0.5555702330196023,0.2350947381332436,0.4130131682897563,1.0,0.3149464155605315,0.0,0.0
1282,320.5,raw_sindy_mpc,0,20.01637077331543,839.131591796875,88.74227905273438,6.944068908691406,182.1251678466797,400.0,0.7933533402912352,-0.6087614290087207,0.2194606765195784,0.42639272722922006,1.0,0.3556313280946328,0.0,0.0
1283,320.75,raw_sindy_mpc,0,19.878477096557617,845.3731079101562,88.96510314941406,7.019123077392578,197.41392517089844,400.0,0.7518398074789774,-0.6593458151000688,0.18790066341135037,0.4407661918415543,1.0,0.39228782462693534,0.0,0.0
1284,321.0,raw_sindy_mpc,0,19.795621871948242,851.3672485351562,89.1794662475586,7.09221887588501,212.49220275878906,400.0,0.7071067811865476,-0.7071067811865475,0.1807196296139337,0.43911442292807296,0.9865963547232365,0.40000000994565205,0.0,0.0
1285,321.25,raw_sindy_mpc,0,19.590627670288086,824.7103881835938,88.79434967041016,7.353846073150635,240.1709442138672,400.0,0.659345815100069,-0.7518398074789773,0.14068144034407368,0.5079460822963641,0.9328275780112247,0.40000000991632484,0.0,0.0
1286,321.5,raw_sindy_mpc,0,17.197933197021484,673.2927856445312,85.45268249511719,7.629044055938721,268.66363525390625,400.0,0.6087614290087209,-0.793353340291235,0.14359277015701785,0.7941048114802806,0.8857669554749167,0.400000009962586,0.0,0.0
1287,321.75,raw_sindy_mpc,0,15.682771682739258,629.4674682617188,80.74957275390625,7.904241561889648,297.15631103515625,400.0,0.5555702330196025,-0.831469612302545,0.0,0.8556404741369558,0.8599104522621961,0.3886688899376358,0.0,0.031241956759082742
1288,322.0,raw_sindy_mpc,0,15.264559745788574,613.329345703125,78.3619613647461,8.191810607910156,326.929931640625,400.0,0.49999999999999994,-0.8660254037844387,0.0,0.8798194791965072,0.8479446309088479,0.3832900340056229,0.0,0.04620883990619715
1289,322.25,raw_sindy_mpc,0,14.662879943847656,607.67138671875,78.71676635742188,8.037958145141602,314.9173278808594,400.0,0.4422886902190017,-0.8968727415326881,0.0,0.8718134023328464,0.8708875315949429,0.3814840788365478,0.0,0.05012212680570167
1290,322.5,raw_sindy_mpc,0,14.583454132080078,625.49853515625,80.2224349975586,7.862832546234131,301.0184631347656,400.0,0.3826834323650899,-0.9238795325112867,0.0,0.8435609856792883,0.9079162355675608,0.4000000098060402,0.0,0.0
1291,322.75,raw_sindy_mpc,0,14.960092544555664,664.0020751953125,82.55616760253906,7.687706470489502,287.11956787109375,400.0,0.32143946530316175,-0.9469301294951056,0.23154256536067788,0.7619123681012341,0.9443362045702812,0.4000000099680438,0.0,0.0
1292,323.0,raw_sindy_mpc,0,15.836004257202148,723.797119140625,85.47301483154297,7.512580871582031,273.34356689453125,400.0,0.258819045102521,-0.9659258262890682,0.48878794311637935,0.6429895974169351,0.9794773628483322,0.40000000997116864,0.0,0.0
1293,323.25,raw_sindy_mpc,0,17.265464782714844,810.777587890625,87.93193054199219,7.3374552726745605,252.8716278076172,400.0,0.19509032201612816,-0.9807852804032304,0.6039276658232746,0.47875707206252105,1.0,0.4000000098585205,0.0,0.0
1294,323.5,raw_sindy_mpc,0,18.30115509033203,851.7236328125,89.270263671875,7.162329196929932,232.02333068847656,400.0,0.130526192220052,-0.9914448613738104,0.619153116669589,0.40662393354481313,1.0,0.39562826969805054,0.0,0.0
1295,323.75,raw_sindy_mpc,0,18.66567611694336,851.2185668945312,89.61287689208984,6.987203598022461,211.17501831054688,400.0,0.06540312923014312,-0.9978589232386035,0.6572880173339646,0.3908703566503056,1.0,0.3630771706149605,0.0,0.004085711918787816
1296,324.0,raw_sindy_mpc,0,18.79000473022461,846.50048828125,89.41905975341797,6.804483413696289,189.42263793945312,400.0,1.2246467991473532e-16,-1.0,0.6684646027666492,0.38131100043302535,1.0,0.33565029363441085,0.0,0.04147313771933089
1297,324.25,raw_sindy_mpc,0,19.124366760253906,840.9503173828125,88.69697570800781,6.963047981262207,194.0650177001953,400.0,-0.06540312923014287,-0.9978589232386035,0.5169901613789094,0.39444084768828036,1.0,0.3185597511093006,0.0,0.005380903583908188
1298,324.5,raw_sindy_mpc,0,19.501022338867188,839.6275634765625,88.37793731689453,7.138174057006836,199.62457275390625,400.0,-0.13052619222005177,-0.9914448613738104,0.35837814013089975,0.4144799355365908,1.0,0.32616120917871744,0.0,0.0
1299,324.75,raw_sindy_mpc,0,19.718769073486328,843.6986694335938,88.545654296875,7.313299655914307,205.18411254882812,399.9999694824219,-0.19509032201612792,-0.9807852804032305,0.25914169140202425,0.4274392858159824,1.0,0.3486523642478437,0.0,0.0
1300,325.0,raw_sindy_mpc,0,19.804067611694336,849.3378295898438,88.8734130859375,7.4958624839782715,210.60202026367188,400.0,-0.2588190451025208,-0.9659258262890683,0.19626368809637101,0.43495483496085124,1.0,0.3756634455112278,0.0,0.0
1301,325.25,raw_sindy_mpc,0,19.917184829711914,851.1077880859375,89.08720397949219,7.476635456085205,231.87954711914062,400.0,-0.32143946530316153,-0.9469301294951057,0.1164040599086977,0.45217091806537385,1.0,0.4000000007480932,0.0,0.0
1302,325.5,raw_sindy_mpc,0,20.029136657714844,853.8259887695312,89.3661117553711,7.45161771774292,254.11773681640625,400.0,-0.38268343236508967,-0.9238795325112868,0.08433727334092789,0.44944856612970246,1.0,0.4000000098515983,0.0,0.0
1303,325.75,raw_sindy_mpc,0,20.171085357666016,851.2205810546875,89.6257553100586,7.426599502563477,276.3559265136719,400.0,-0.44228869021900147,-0.8968727415326883,0.06465995793132537,0.4600719510622073,0.9947980603524355,0.40000000989539286,0.0,0.0
1304,326.0,raw_sindy_mpc,0,20.24457550048828,842.4969482421875,89.7289047241211,7.402360439300537,299.5169982910156,400.0,-0.4999999999999997,-0.8660254037844388,0.070683354200636,0.479042501196927,0.9916752953215481,0.4000000098888476,0.0,0.0
1305,326.25,raw_sindy_mpc,0,19.701915740966797,840.7666015625,90.49118041992188,7.235945224761963,265.4964599609375,400.0,-0.555570233019602,-0.8314696123025455,0.3042110145408242,0.45772019858351876,1.0,0.3953186121742582,0.0,0.0
1306,326.5,raw_sindy_mpc,0,19.366168975830078,853.4765014648438,90.73870086669922,7.060819625854492,228.6644287109375,400.0,-0.6087614290087207,-0.7933533402912352,0.540967389813086,0.36708407961597866,1.0,0.3362508137983624,0.0,0.0
1307,326.75,raw_sindy_mpc,0,19.0429630279541,838.0774536132812,90.4280014038086,6.885693550109863,191.83241271972656,400.0,-0.6593458151000688,-0.7518398074789774,0.7446593408691733,0.32764536461755017,1.0,0.27370513030372995,0.0,0.05089926261290734
1308,327.0,raw_sindy_mpc,0,18.780363082885742,823.4735717773438,89.73088836669922,6.707733631134033,154.79208374023438,400.0,-0.7071067811865471,-0.7071067811865479,0.8900812798696663,0.29158496889461544,1.0,0.216128528675671,0.0,0.12923793171815443
1309,327.25,raw_sindy_mpc,0,18.72780418395996,810.6857299804688,88.73565673828125,6.629475116729736,126.65747833251953,400.0,-0.7518398074789773,-0.6593458151000691,0.9439100746082,0.26287853220677065,1.0,0.16520355174281254,0.0,0.20086554306532733
1310,327.5,raw_sindy_mpc,0,18.799829483032227,801.2843627929688,87.85542297363281,6.554421424865723,98.85973358154297,400.0,-0.7933533402912349,-0.6087614290087209,0.9652904117941346,0.23542810645707454,1.0,0.1208637886826736,0.0,0.2731732252386813
1311,327.75,raw_sindy_mpc,0,18.922922134399414,795.1256713867188,87.21189880371094,6.479367256164551,71.0619888305664,400.0,-0.8314696123025452,-0.5555702330196022,0.9862206055927732,0.20724708405702272,1.0,0.08328923418622218,0.0,0.34542726353040404
1312,328.0,raw_sindy_mpc,0,19.074270248413086,792.3147583007812,86.72867584228516,6.404313564300537,42.737571716308594,400.0,-0.8660254037844385,-0.5000000000000004,0.9987721520481875,0.17826533234629902,1.0,0.05250003252301773,0.0,0.41748170985022676
1313,328.25,raw_sindy_mpc,0,19.417556762695312,791.6878662109375,86.20087432861328,6.329259395599365,32.496604919433594,400.0,-0.8968727415326883,-0.44228869021900136,0.9398859863639382,0.15933029740634883,1.0,0.029187690589439028,0.0,0.4671856228079703
1314,328.5,raw_sindy_mpc,0,19.800765991210938,799.1970825195312,86.01875305175781,6.254205703735352,22.767393112182617,400.0000305175781,-0.9238795325112868,-0.3826834323650895,0.8846295328768574,0.13064086846429765,1.0,0.013563178543744446,0.0,0.507340053217804
1315,328.75,raw_sindy_mpc,0,20.14691162109375,812.35693359375,85.80838775634766,6.17915153503418,13.038182258605957,400.0,-0.9469301294951056,-0.3214394653031618,0.8306049649234303,0.09013065203686786,1.0,0.004274060685175662,0.0,0.5629908666024399
1316,329.0,raw_sindy_mpc,0,20.51824378967285,827.1416015625,83.64744567871094,6.104506969451904,2.9871530532836914,400.0,-0.9659258262890683,-0.25881904510252063,0.6285290303903419,0.03991856509121044,1.0,0.0,0.0,0.6950387141529151
1317,329.25,raw_sindy_mpc,0,20.592010498046875,834.718505859375,83.12548065185547,6.005391597747803,2.120776414871216,400.0,-0.9807852804032303,-0.19509032201612866,0.5318864613115872,0.012570992067531983,1.0,0.0,0.0,0.7340276671116773
1318,329.5,raw_sindy_mpc,0,20.423446655273438,834.056884765625,83.28125,5.905319690704346,1.425832748413086,400.0,-0.9914448613738104,-0.13052619222005163,0.5197502220098102,0.0,1.0,0.0,0.0,0.7799471582519248
1319,329.75,raw_sindy_mpc,0,20.17562484741211,828.669677734375,83.30953979492188,5.805248260498047,0.7308890223503113,400.0,-0.9978589232386035,-0.06540312923014273,0.558567009199261,0.0,1.0,0.0,0.0,0.8052176725355675
1320,330.0,raw_sindy_mpc,0,19.94615936279297,823.8841552734375,83.02290344238281,5.70517635345459,0.010296722874045372,400.0,-1.0,-1.8369701987210297e-16,0.5785482158002065,0.0,1.0,6.00721651609928e-07,0.0,0.8517569329584559
1321,330.25,raw_sindy_mpc,0,19.733888626098633,819.8652954101562,83.08012390136719,5.605104446411133,0.0,400.0,-0.9978589232386036,0.06540312923014237,0.6199194467557183,0.0,1.0,0.003634001929225713,0.0,0.8870373266088493
1322,330.5,raw_sindy_mpc,0,19.538684844970703,809.1022338867188,83.05567169189453,5.505032539367676,0.0,400.0,-0.9914448613738105,0.13052619222005127,0.6604405698690505,0.0,1.0,0.004360611578653441,0.0,0.9266870383243822
1323,330.75,raw_sindy_mpc,0,19.436426162719727,796.7092895507812,82.85676574707031,5.404960632324219,0.0,400.0,-0.9807852804032304,0.1950903220161283,0.6732041128641848,0.00025921561544289525,1.0,0.0018762499691320502,0.0,0.9701219430210757
1324,331.0,raw_sindy_mpc,0,19.436861038208008,790.1214599609375,82.6499252319336,5.303701877593994,0.0,400.0,-0.9659258262890684,0.2588190451025203,0.6530308212770947,0.0,1.0,0.00020759914966607024,0.0,1.0
1325,331.25,raw_sindy_mpc,0,19.436691284179688,788.0872802734375,82.64209747314453,5.252408504486084,0.0,400.0,-0.9469301294951057,0.3214394653031615,0.6321123155370915,0.0,1.0,0.0003994076007548754,0.0,1.0
1326,331.5,raw_sindy_mpc,0,19.40015411376953,786.634521484375,82.75164031982422,5.2023725509643555,0.0,400.0,-0.923879532511287,0.38268343236508917,0.6251771290853471,0.0,1.0,0.0030891003113846798,0.0,1.0
1327,331.75,raw_sindy_mpc,0,19.307390213012695,780.3488159179688,82.88475036621094,5.152336597442627,0.0,400.0,-0.8968727415326884,0.442288690219001,0.6385123394669235,0.0,1.0,0.0035170445491791245,0.0,1.0
1328,332.0,raw_sindy_mpc,0,19.23234748840332,772.2582397460938,82.88612365722656,5.102870464324951,0.0,400.0,-0.8660254037844386,0.5000000000000001,0.645061401079143,0.0,1.0,0.0,0.0,1.0
1329,332.25,raw_sindy_mpc,0,19.234935760498047,770.3197631835938,82.81185150146484,5.004528999328613,0.0,400.0,-0.8314696123025455,0.5555702330196018,0.6207653849062427,0.0,1.0,0.0,0.0,1.0
1330,332.5,raw_sindy_mpc,0,19.210227966308594,770.5763549804688,82.90313720703125,4.904457092285156,0.0,400.0,-0.7933533402912357,0.6087614290087199,0.6153791225384029,0.0,1.0,0.0,0.0,1.0
1331,332.75,raw_sindy_mpc,0,19.169986724853516,771.1685791015625,83.0362777709961,4.804385185241699,0.0,400.0,-0.7518398074789772,0.6593458151000691,0.6213109634129781,0.0,1.0,0.0,0.0,1.0
1332,333.0,raw_sindy_mpc,0,19.13331413269043,772.0892944335938,83.13032531738281,4.702352046966553,0.0,400.0,-0.7071067811865477,0.7071067811865474,0.6252798951504719,0.0,1.0,0.0,0.0,1.0
1333,333.25,raw_sindy_mpc,0,19.097997665405273,773.070556640625,83.18370056152344,4.676060199737549,0.0,400.0,-0.6593458151000687,0.7518398074789775,0.627544979026706,0.0,1.0,0.0012621076719203923,0.0,1.0
1334,333.5,raw_sindy_mpc,0,19.049734115600586,772.060302734375,83.2079086303711,4.651042461395264,0.0,400.0,-0.608761429008721,0.7933533402912349,0.6309604891664374,0.0,1.0,0.0023362908179490344,0.0,1.0
1335,333.75,raw_sindy_mpc,0,19.000329971313477,768.8612670898438,83.18468475341797,4.62602424621582,0.0,400.0,-0.555570233019603,0.8314696123025447,0.6351555718615992,0.0,1.0,0.0009945945345601987,0.0,1.0
1336,334.0,raw_sindy_mpc,0,18.983430862426758,767.2191772460938,83.12093353271484,4.600228309631348,0.0,400.0,-0.5000000000000004,0.8660254037844384,0.6299261891914901,0.0,1.0,0.0,0.0,1.0
1337,334.25,raw_sindy_mpc,0,19.0083065032959,768.0881958007812,83.09485626220703,4.672034740447998,0.0,400.0000305175781,-0.4422886902190014,0.8968727415326883,0.6190911124465981,0.0,1.0,0.00357328204035204,0.0,1.0
1338,334.5,raw_sindy_mpc,0,18.992887496948242,764.861328125,83.19926452636719,4.747088432312012,0.0,400.0,-0.38268343236508956,0.9238795325112868,0.6305312692074097,0.0,1.0,0.007833235983978257,0.0,1.0
1339,334.75,raw_sindy_mpc,0,18.96514892578125,755.7683715820312,83.25312805175781,4.822142124176025,0.0,399.9999694824219,-0.32143946530316186,0.9469301294951056,0.6527320835418261,0.0,1.0,0.007073253556979066,0.0,1.0
1340,335.0,raw_sindy_mpc,0,19.00784683227539,747.2503051757812,83.17241668701172,4.898301124572754,0.0,400.0,-0.25881904510252157,0.9659258262890681,0.6560418137938636,0.0,1.0,0.002981153289481777,0.0,1.0
1341,335.25,raw_sindy_mpc,0,19.051469802856445,743.0354614257812,83.14256286621094,4.924083232879639,0.0,400.0,-0.19509032201612872,0.9807852804032303,0.6556913761478497,0.0,1.0,0.0011841461284665495,0.0,1.0
1342,335.5,raw_sindy_mpc,0,19.07003402709961,741.7130737304688,83.14021301269531,4.949101448059082,0.0,400.0,-0.13052619222005168,0.9914448613738104,0.6567269968269288,0.0,1.0,0.0028901176319162877,0.0,1.0
1343,335.75,raw_sindy_mpc,0,19.034826278686523,737.9247436523438,83.1285171508789,4.974119186401367,0.0,400.0,-0.0654031292301428,0.9978589232386035,0.6677826173341217,0.0,1.0,0.00453086245815503,0.0,1.0
