block,condition,seed,variant,degree,optimizer,denoise,n_days_train,rollout_horizons,regen_id,config_hash,git_sha,image,nonzero,kappa,rollout_rmse_t_in,diverged_frac,one_step_rmse_t_in,sign_pass,embeddable,secs
ladder,raw/d1/stlsq/none,3,raw,1,stlsq,none,60,"4,20,96",regen-v2,637c6b535a9e,67c0dff,local,21,8.043406208181889,2.6035461272436,0.0,1.8140930413226455,,True,5.9
ladder,raw/d1/stlsq/savgol,3,raw,1,stlsq,savgol,60,"4,20,96",regen-v2,637c6b535a9e,67c0dff,local,3,9.225788523212342,5.410270299485398,0.0,2.9480233758119367,,True,3.8
ladder,raw/d1/stlsq/kalman,3,raw,1,stlsq,kalman,60,"4,20,96",regen-v2,637c6b535a9e,67c0dff,local,3,8.379526261861105,5.573629528206584,0.0,2.950503556249535,,True,4.7
ladder,raw/d1/sr3/none,3,raw,1,sr3,none,60,"4,20,96",regen-v2,637c6b535a9e,dcd5d8f,local,6,8.043406208181889,4.690603335642917,0.0,2.284966698429192,,True,3.9
ladder,raw/d1/sr3/savgol,3,raw,1,sr3,savgol,60,"4,20,96",regen-v2,637c6b535a9e,dcd5d8f,local,3,9.225788523212342,5.005835746009366,0.0,2.9386491428007306,,True,3.8
ladder,raw/d1/sr3/kalman,3,raw,1,sr3,kalman,60,"4,20,96",regen-v2,637c6b535a9e,dcd5d8f,local,3,8.379526261861105,5.771487636829307,0.0,2.952999065726721,,True,4.6
ladder,raw/d1/constrained/none,3,raw,1,constrained,none,60,"4,20,96",regen-v2,637c6b535a9e,dcd5d8f,local,6,8.043406208181889,4.690603335642917,0.0,2.284966698429192,,True,3.9
ladder,raw/d1/constrained/savgol,3,raw,1,constrained,savgol,60,"4,20,96",regen-v2,637c6b535a9e,dcd5d8f,local,3,9.225788523212342,5.005835746009366,0.0,2.9386491428007306,,True,3.8
ladder,raw/d1/constrained/kalman,3,raw,1,constrained,kalman,60,"4,20,96",regen-v2,637c6b535a9e,dcd5d8f,local,3,8.379526261861105,5.771487636829307,0.0,2.952999065726721,,True,4.6
ladder,raw/d1/ensemble/none,3,raw,1,ensemble,none,60,"4,20,96",regen-v2,637c6b535a9e,dcd5d8f,local,22,8.043406208181889,2.6658678805478075,0.0,1.8025921748602132,,True,4.3
ladder,raw/d1/ensemble/savgol,3,raw,1,ensemble,savgol,60,"4,20,96",regen-v2,637c6b535a9e,dcd5d8f,local,3,9.225788523212342,5.424036518379464,0.0,2.9482510494936975,,True,4.1
ladder,raw/d1/ensemble/kalman,3,raw,1,ensemble,kalman,60,"4,20,96",regen-v2,637c6b535a9e,dcd5d8f,local,3,8.379526261861105,5.585253076429947,0.0,2.95066367295059,,True,5.0
ladder,raw/d2/stlsq/none,3,raw,2,stlsq,none,60,"4,20,96",regen-v2,637c6b535a9e,dcd5d8f,local,51,8.043406208181889,8.1365294492424,0.016666666666666666,1.08727485400172,,False,19.6
ladder,raw/d2/stlsq/savgol,3,raw,2,stlsq,savgol,60,"4,20,96",regen-v2,637c6b535a9e,dcd5d8f,local,3,9.225788523212342,5.410270299485398,0.0,2.9480233758119367,,False,20.4
ladder,raw/d2/stlsq/kalman,3,raw,2,stlsq,kalman,60,"4,20,96",regen-v2,637c6b535a9e,dcd5d8f,local,3,8.379526261861105,5.573629528206584,0.0,2.950503556249535,,False,21.3
ladder,raw/d2/sr3/none,3,raw,2,sr3,none,60,"4,20,96",regen-v2,637c6b535a9e,dcd5d8f,local,7,8.043406208181889,5.060199479161629,0.0,2.277804849557177,,False,20.1
ladder,raw/d2/sr3/savgol,3,raw,2,sr3,savgol,60,"4,20,96",regen-v2,637c6b535a9e,dcd5d8f,local,3,9.225788523212342,4.839799300970029,0.0,2.931604175338078,,False,19.9
ladder,raw/d2/sr3/kalman,3,raw,2,sr3,kalman,60,"4,20,96",regen-v2,637c6b535a9e,dcd5d8f,local,3,8.379526261861105,5.2830096339739985,0.0,2.9457123980827817,,False,21.0
ladder,raw/d2/constrained/none,3,raw,2,constrained,none,60,"4,20,96",regen-v2,637c6b535a9e,dcd5d8f,local,7,8.043406208181889,5.060199479161629,0.0,2.277804849557177,,False,19.9
ladder,raw/d2/constrained/savgol,3,raw,2,constrained,savgol,60,"4,20,96",regen-v2,637c6b535a9e,dcd5d8f,local,3,9.225788523212342,4.839799300970029,0.0,2.931604175338078,,False,19.9
ladder,raw/d2/constrained/kalman,3,raw,2,constrained,kalman,60,"4,20,96",regen-v2,637c6b535a9e,dcd5d8f,local,3,8.379526261861105,5.2830096339739985,0.0,2.9457123980827817,,False,21.1
ladder,raw/d2/ensemble/none,3,raw,2,ensemble,none,60,"4,20,96",regen-v2,637c6b535a9e,dcd5d8f,local,51,8.043406208181889,13.422786611806957,0.016666666666666666,1.087512672964678,,False,34.5
ladder,raw/d2/ensemble/savgol,3,raw,2,ensemble,savgol,60,"4,20,96",regen-v2,637c6b535a9e,dcd5d8f,local,3,9.225788523212342,5.415217782282024,0.0,2.9481056474132403,,False,29.0
ladder,raw/d2/ensemble/kalman,3,raw,2,ensemble,kalman,60,"4,20,96",regen-v2,637c6b535a9e,dcd5d8f,local,3,8.379526261861105,5.575816181884742,0.0,2.9505338240710666,,False,27.8
ladder,physics/d1/stlsq/none,3,physics,1,stlsq,none,60,"4,20,96",regen-v2,637c6b535a9e,dcd5d8f,local,35,53.56973737447831,24.903962546478574,0.08333333333333333,1.6549175159078935,,True,3.5
ladder,physics/d1/stlsq/savgol,3,physics,1,stlsq,savgol,60,"4,20,96",regen-v2,637c6b535a9e,dcd5d8f,local,3,44.78358889933732,5.410270299485398,0.0,2.9480233758119367,,True,3.8
ladder,physics/d1/stlsq/kalman,3,physics,1,stlsq,kalman,60,"4,20,96",regen-v2,637c6b535a9e,dcd5d8f,local,3,43.10445424627731,5.573629528206584,0.0,2.950503556249535,,True,4.7
ladder,physics/d1/sr3/none,3,physics,1,sr3,none,60,"4,20,96",regen-v2,637c6b535a9e,dcd5d8f,local,18,53.56973737447831,3465.260819152903,0.21666666666666667,2.3706545667905825,,True,3.3
ladder,physics/d1/sr3/savgol,3,physics,1,sr3,savgol,60,"4,20,96",regen-v2,637c6b535a9e,dcd5d8f,local,3,44.78358889933732,4.980853903189675,0.0,2.937788718810332,,True,3.9
ladder,physics/d1/sr3/kalman,3,physics,1,sr3,kalman,60,"4,20,96",regen-v2,637c6b535a9e,dcd5d8f,local,3,43.10445424627731,6.519149641999073,0.0,2.9596861690634264,,True,4.4
ladder,physics/d1/constrained/none,3,physics,1,constrained,none,60,"4,20,96",regen-v2,637c6b535a9e,dcd5d8f,local,18,53.56973737447831,3465.260819152903,0.21666666666666667,2.3706545667905825,,True,3.3
ladder,physics/d1/constrained/savgol,3,physics,1,constrained,savgol,60,"4,20,96",regen-v2,637c6b535a9e,dcd5d8f,local,3,44.78358889933732,4.980853903189675,0.0,2.937788718810332,,True,3.5
ladder,physics/d1/constrained/kalman,3,physics,1,constrained,kalman,60,"4,20,96",regen-v2,637c6b535a9e,dcd5d8f,local,3,43.10445424627731,6.519149641999073,0.0,2.9596861690634264,,True,4.5
ladder,physics/d1/ensemble/none,3,physics,1,ensemble,none,60,"4,20,96",regen-v2,637c6b535a9e,dcd5d8f,local,34,53.56973737447831,18.738659406762075,0.05,1.6588688041295347,,True,4.8
ladder,physics/d1/ensemble/savgol,3,physics,1,ensemble,savgol,60,"4,20,96",regen-v2,637c6b535a9e,dcd5d8f,local,3,44.78358889933732,5.414082287981709,0.0,2.948086810039261,,True,4.4
ladder,physics/d1/ensemble/kalman,3,physics,1,ensemble,kalman,60,"4,20,96",regen-v2,637c6b535a9e,dcd5d8f,local,3,43.10445424627731,5.591989796756545,0.0,2.950755605913597,,True,4.6
ladder,physics/d2/stlsq/none,3,physics,2,stlsq,none,60,"4,20,96",regen-v2,637c6b535a9e,dcd5d8f,local,251,53.56973737447831,38.15756871017526,0.03333333333333333,0.9765076957033219,,False,33.5
ladder,physics/d2/stlsq/savgol,3,physics,2,stlsq,savgol,60,"4,20,96",regen-v2,637c6b535a9e,dcd5d8f,local,7,44.78358889933732,5.410270299485398,0.0,2.9480233758119367,,False,32.8
ladder,physics/d2/stlsq/kalman,3,physics,2,stlsq,kalman,60,"4,20,96",regen-v2,637c6b535a9e,dcd5d8f,local,3,43.10445424627731,5.573629528206584,0.0,2.950503556249535,,False,33.0
ladder,physics/d2/sr3/none,3,physics,2,sr3,none,60,"4,20,96",regen-v2,637c6b535a9e,dcd5d8f,local,122,53.56973737447831,2535.208681611597,0.5666666666666667,4.2515285872123805,,False,12.2
ladder,physics/d2/sr3/savgol,3,physics,2,sr3,savgol,60,"4,20,96",regen-v2,637c6b535a9e,dcd5d8f,local,3,44.78358889933732,5.162751871564685,0.0,2.943085714177767,,False,30.5
ladder,physics/d2/sr3/kalman,3,physics,2,sr3,kalman,60,"4,20,96",regen-v2,637c6b535a9e,dcd5d8f,local,3,43.10445424627731,6.189036769579904,0.0,2.95711924144835,,False,28.8
ladder,physics/d2/constrained/none,3,physics,2,constrained,none,60,"4,20,96",regen-v2,637c6b535a9e,dcd5d8f,local,122,53.56973737447831,2535.208681611597,0.5666666666666667,4.2515285872123805,,False,11.2
ladder,physics/d2/constrained/savgol,3,physics,2,constrained,savgol,60,"4,20,96",regen-v2,637c6b535a9e,dcd5d8f,local,3,44.78358889933732,5.162751871564685,0.0,2.943085714177767,,False,27.0
ladder,physics/d2/constrained/kalman,3,physics,2,constrained,kalman,60,"4,20,96",regen-v2,637c6b535a9e,dcd5d8f,local,3,43.10445424627731,6.189036769579904,0.0,2.95711924144835,,False,30.8
ladder,physics/d2/ensemble/none,3,physics,2,ensemble,none,60,"4,20,96",regen-v2,637c6b535a9e,dcd5d8f,local,255,53.56973737447831,4429.192307575985,0.7,8.01817586073196,,False,131.6
ladder,physics/d2/ensemble/savgol,3,physics,2,ensemble,savgol,60,"4,20,96",regen-v2,637c6b535a9e,dcd5d8f,local,11,44.78358889933732,5.390031964254113,0.0,2.947681456586899,,False,105.0
ladder,physics/d2/ensemble/kalman,3,physics,2,ensemble,kalman,60,"4,20,96",regen-v2,637c6b535a9e,dcd5d8f,local,3,43.10445424627731,5.5697787170310695,0.0,2.950450086491473,,False,98.1
ladder,physics_no_cross/d1/stlsq/none,3,physics_no_cross,1,stlsq,none,60,"4,20,96",regen-v2,637c6b535a9e,dcd5d8f,local,31,24.53239553288942,9.42538404746786,0.016666666666666666,1.7230603227376127,,True,3.2
ladder,physics_no_cross/d1/stlsq/savgol,3,physics_no_cross,1,stlsq,savgol,60,"4,20,96",regen-v2,637c6b535a9e,dcd5d8f,local,3,14.113589080320454,5.410270299485398,0.0,2.9480233758119367,,True,3.3
ladder,physics_no_cross/d1/stlsq/kalman,3,physics_no_cross,1,stlsq,kalman,60,"4,20,96",regen-v2,637c6b535a9e,dcd5d8f,local,3,14.121290893501671,5.573629528206584,0.0,2.950503556249535,,True,3.9
ladder,physics_no_cross/d1/sr3/none,3,physics_no_cross,1,sr3,none,60,"4,20,96",regen-v2,637c6b535a9e,dcd5d8f,local,9,24.53239553288942,4.013356454053817,0.0,2.6503956643276747,,True,3.4
ladder,physics_no_cross/d1/sr3/savgol,3,physics_no_cross,1,sr3,savgol,60,"4,20,96",regen-v2,637c6b535a9e,dcd5d8f,local,3,14.113589080320454,5.058012485178608,0.0,2.9402898122780874,,True,3.5
ladder,physics_no_cross/d1/sr3/kalman,3,physics_no_cross,1,sr3,kalman,60,"4,20,96",regen-v2,637c6b535a9e,dcd5d8f,local,3,14.121290893501671,6.181721342031994,0.0,2.957056693477466,,True,4.1
ladder,physics_no_cross/d1/constrained/none,3,physics_no_cross,1,constrained,none,60,"4,20,96",regen-v2,637c6b535a9e,dcd5d8f,local,9,24.53239553288942,4.013356454053817,0.0,2.6503956643276747,,True,3.3
ladder,physics_no_cross/d1/constrained/savgol,3,physics_no_cross,1,constrained,savgol,60,"4,20,96",regen-v2,637c6b535a9e,dcd5d8f,local,3,14.113589080320454,5.058012485178608,0.0,2.9402898122780874,,True,3.5
ladder,physics_no_cross/d1/constrained/kalman,3,physics_no_cross,1,constrained,kalman,60,"4,20,96",regen-v2,637c6b535a9e,dcd5d8f,local,3,14.121290893501671,6.181721342031994,0.0,2.957056693477466,,True,4.3
ladder,physics_no_cross/d1/ensemble/none,3,physics_no_cross,1,ensemble,none,60,"4,20,96",regen-v2,637c6b535a9e,dcd5d8f,local,31,24.53239553288942,8.936002897387706,0.016666666666666666,1.72314734952168,,True,4.1
ladder,physics_no_cross/d1/ensemble/savgol,3,physics_no_cross,1,ensemble,savgol,60,"4,20,96",regen-v2,637c6b535a9e,dcd5d8f,local,3,14.113589080320454,5.402708701807667,0.0,2.9478966471097947,,True,3.9
ladder,physics_no_cross/d1/ensemble/kalman,3,physics_no_cross,1,ensemble,kalman,60,"4,20,96",regen-v2,637c6b535a9e,dcd5d8f,local,3,14.121290893501671,5.533086230275703,0.0,2.949929612837149,,True,4.5
ladder,physics_no_cross/d2/stlsq/none,3,physics_no_cross,2,stlsq,none,60,"4,20,96",regen-v2,637c6b535a9e,dcd5d8f,local,114,24.53239553288942,11.487470362212973,0.016666666666666666,1.037932076004067,,False,20.6
ladder,physics_no_cross/d2/stlsq/savgol,3,physics_no_cross,2,stlsq,savgol,60,"4,20,96",regen-v2,637c6b535a9e,dcd5d8f,local,3,14.113589080320454,5.410270299485398,0.0,2.9480233758119367,,False,20.7
ladder,physics_no_cross/d2/stlsq/kalman,3,physics_no_cross,2,stlsq,kalman,60,"4,20,96",regen-v2,637c6b535a9e,dcd5d8f,local,3,14.121290893501671,5.573629528206584,0.0,2.950503556249535,,False,22.2
ladder,physics_no_cross/d2/sr3/none,3,physics_no_cross,2,sr3,none,60,"4,20,96",regen-v2,637c6b535a9e,dcd5d8f,local,42,24.53239553288942,7.589812766168079,0.0,3.1842389305031706,,False,20.0
ladder,physics_no_cross/d2/sr3/savgol,3,physics_no_cross,2,sr3,savgol,60,"4,20,96",regen-v2,637c6b535a9e,dcd5d8f,local,3,14.113589080320454,4.984944578072857,0.0,2.937933312068259,,False,21.7
ladder,physics_no_cross/d2/sr3/kalman,3,physics_no_cross,2,sr3,kalman,60,"4,20,96",regen-v2,637c6b535a9e,dcd5d8f,local,3,14.121290893501671,5.951989648438234,0.0,2.9549334162040135,,False,21.2
ladder,physics_no_cross/d2/constrained/none,3,physics_no_cross,2,constrained,none,60,"4,20,96",regen-v2,637c6b535a9e,dcd5d8f,local,42,24.53239553288942,7.589812766168079,0.0,3.1842389305031706,,False,22.4
ladder,physics_no_cross/d2/constrained/savgol,3,physics_no_cross,2,constrained,savgol,60,"4,20,96",regen-v2,637c6b535a9e,dcd5d8f,local,3,14.113589080320454,4.984944578072857,0.0,2.937933312068259,,False,19.9
ladder,physics_no_cross/d2/constrained/kalman,3,physics_no_cross,2,constrained,kalman,60,"4,20,96",regen-v2,637c6b535a9e,dcd5d8f,local,3,14.121290893501671,5.951989648438234,0.0,2.9549334162040135,,False,20.8
ladder,physics_no_cross/d2/ensemble/none,3,physics_no_cross,2,ensemble,none,60,"4,20,96",regen-v2,637c6b535a9e,dcd5d8f,local,104,24.53239553288942,2.8414660781843133,0.0,1.6838481237169096,,False,57.7
ladder,physics_no_cross/d2/ensemble/savgol,3,physics_no_cross,2,ensemble,savgol,60,"4,20,96",regen-v2,637c6b535a9e,dcd5d8f,local,3,14.113589080320454,5.419411076068536,0.0,2.948174983181663,,False,47.3
ladder,physics_no_cross/d2/ensemble/kalman,3,physics_no_cross,2,ensemble,kalman,60,"4,20,96",regen-v2,637c6b535a9e,dcd5d8f,local,3,14.121290893501671,5.5867267839486185,0.0,2.950683837823267,,False,48.1
ladder,raw/d1/stlsq/none,4,raw,1,stlsq,none,60,"4,20,96",regen-v2,637c6b535a9e,dcd5d8f,local,19,7.909942070909357,2.549188084002863,0.0,1.897476325493087,,True,3.1
ladder,raw/d1/stlsq/savgol,4,raw,1,stlsq,savgol,60,"4,20,96",regen-v2,637c6b535a9e,dcd5d8f,local,3,8.906991494996788,5.453183202459823,0.0,3.0830587095138906,,True,3.3
ladder,raw/d1/stlsq/kalman,4,raw,1,stlsq,kalman,60,"4,20,96",regen-v2,637c6b535a9e,dcd5d8f,local,3,8.032996259921427,5.674000981932252,0.0,3.0857418988240153,,True,3.9
ladder,raw/d1/sr3/none,4,raw,1,sr3,none,60,"4,20,96",regen-v2,637c6b535a9e,dcd5d8f,local,6,7.909942070909357,4.240669871138201,0.0,2.392568847954839,,True,3.2
ladder,raw/d1/sr3/savgol,4,raw,1,sr3,savgol,60,"4,20,96",regen-v2,637c6b535a9e,dcd5d8f,local,3,8.906991494996788,4.676307947924739,0.0,3.061766108862948,,True,3.1
ladder,raw/d1/sr3/kalman,4,raw,1,sr3,kalman,60,"4,20,96",regen-v2,637c6b535a9e,dcd5d8f,local,3,8.032996259921427,5.399617108774896,0.0,3.08231960920606,,True,4.1
ladder,raw/d1/constrained/none,4,raw,1,constrained,none,60,"4,20,96",regen-v2,637c6b535a9e,dcd5d8f,local,6,7.909942070909357,4.240669871138201,0.0,2.392568847954839,,True,3.3
ladder,raw/d1/constrained/savgol,4,raw,1,constrained,savgol,60,"4,20,96",regen-v2,637c6b535a9e,dcd5d8f,local,3,8.906991494996788,4.676307947924739,0.0,3.061766108862948,,True,3.3
ladder,raw/d1/constrained/kalman,4,raw,1,constrained,kalman,60,"4,20,96",regen-v2,637c6b535a9e,dcd5d8f,local,3,8.032996259921427,5.399617108774896,0.0,3.08231960920606,,True,4.1
ladder,raw/d1/ensemble/none,4,raw,1,ensemble,none,60,"4,20,96",regen-v2,637c6b535a9e,dcd5d8f,local,19,7.909942070909357,2.554342012415378,0.0,1.8975725192411543,,True,3.6
ladder,raw/d1/ensemble/savgol,4,raw,1,ensemble,savgol,60,"4,20,96",regen-v2,637c6b535a9e,dcd5d8f,local,3,8.906991494996788,5.443568490714813,0.0,3.0829289106282656,,True,3.5
ladder,raw/d1/ensemble/kalman,4,raw,1,ensemble,kalman,60,"4,20,96",regen-v2,637c6b535a9e,dcd5d8f,local,3,8.032996259921427,5.661269752513307,0.0,3.085600728483976,,True,4.1
ladder,raw/d2/stlsq/none,4,raw,2,stlsq,none,60,"4,20,96",regen-v2,637c6b535a9e,dcd5d8f,local,50,7.909942070909357,29.423748229442744,0.016666666666666666,1.1125717336032654,,False,16.6
ladder,raw/d2/stlsq/savgol,4,raw,2,stlsq,savgol,60,"4,20,96",regen-v2,637c6b535a9e,dcd5d8f,local,3,8.906991494996788,5.453183202459823,0.0,3.0830587095138906,,False,17.0
ladder,raw/d2/stlsq/kalman,4,raw,2,stlsq,kalman,60,"4,20,96",regen-v2,637c6b535a9e,dcd5d8f,local,3,8.032996259921427,5.674000981932252,0.0,3.0857418988240153,,False,17.8
ladder,raw/d2/sr3/none,4,raw,2,sr3,none,60,"4,20,96",regen-v2,637c6b535a9e,dcd5d8f,local,7,7.909942070909357,4.479669281704907,0.0,2.405442968246779,,False,13.5
ladder,raw/d2/sr3/savgol,4,raw,2,sr3,savgol,60,"4,20,96",regen-v2,637c6b535a9e,dcd5d8f,local,3,8.906991494996788,4.689481601171886,0.0,3.0626859863161227,,False,10.5
ladder,raw/d2/sr3/kalman,4,raw,2,sr3,kalman,60,"4,20,96",regen-v2,637c6b535a9e,dcd5d8f,local,3,8.032996259921427,5.278361807200908,0.0,3.08047641034443,,False,15.9
ladder,raw/d2/constrained/none,4,raw,2,constrained,none,60,"4,20,96",regen-v2,637c6b535a9e,dcd5d8f,local,7,7.909942070909357,4.479669281704907,0.0,2.405442968246779,,False,16.8
ladder,raw/d2/constrained/savgol,4,raw,2,constrained,savgol,60,"4,20,96",regen-v2,637c6b535a9e,dcd5d8f,local,3,8.906991494996788,4.689481601171886,0.0,3.0626859863161227,,False,14.6
ladder,raw/d2/constrained/kalman,4,raw,2,constrained,kalman,60,"4,20,96",regen-v2,637c6b535a9e,dcd5d8f,local,3,8.032996259921427,5.278361807200908,0.0,3.08047641034443,,False,17.2
ladder,raw/d2/ensemble/none,4,raw,2,ensemble,none,60,"4,20,96",regen-v2,637c6b535a9e,dcd5d8f,local,49,7.909942070909357,6.094047920878143,0.016666666666666666,1.1134312178755077,,False,30.9
ladder,raw/d2/ensemble/savgol,4,raw,2,ensemble,savgol,60,"4,20,96",regen-v2,637c6b535a9e,dcd5d8f,local,3,8.906991494996788,5.454290880445993,0.0,3.0830735830487868,,False,30.8
ladder,raw/d2/ensemble/kalman,4,raw,2,ensemble,kalman,60,"4,20,96",regen-v2,637c6b535a9e,dcd5d8f,local,3,8.032996259921427,5.652240053879454,0.0,3.085499718693918,,False,31.5
ladder,physics/d1/stlsq/none,4,physics,1,stlsq,none,60,"4,20,96",regen-v2,637c6b535a9e,dcd5d8f,local,35,53.926128145354504,24.082568415243706,0.08333333333333333,1.680561093787419,,True,4.0
ladder,physics/d1/stlsq/savgol,4,physics,1,stlsq,savgol,60,"4,20,96",regen-v2,637c6b535a9e,dcd5d8f,local,3,42.78634722918804,5.453183202459823,0.0,3.0830587095138906,,True,4.3
ladder,physics/d1/stlsq/kalman,4,physics,1,stlsq,kalman,60,"4,20,96",regen-v2,637c6b535a9e,dcd5d8f,local,3,40.48781758434727,5.674000981932252,0.0,3.0857418988240153,,True,5.0
ladder,physics/d1/sr3/none,4,physics,1,sr3,none,60,"4,20,96",regen-v2,637c6b535a9e,dcd5d8f,local,17,53.926128145354504,2618.1298829944253,0.26666666666666666,2.33928658606896,,True,2.9
ladder,physics/d1/sr3/savgol,4,physics,1,sr3,savgol,60,"4,20,96",regen-v2,637c6b535a9e,dcd5d8f,local,3,42.78634722918804,4.7322060015493035,0.0,3.065263486469696,,True,4.1
ladder,physics/d1/sr3/kalman,4,physics,1,sr3,kalman,60,"4,20,96",regen-v2,637c6b535a9e,dcd5d8f,local,3,40.48781758434727,6.616285731034725,0.0,3.0935441005174305,,True,5.0
ladder,physics/d1/constrained/none,4,physics,1,constrained,none,60,"4,20,96",regen-v2,637c6b535a9e,dcd5d8f,local,17,53.926128145354504,2618.1298829944253,0.26666666666666666,2.33928658606896,,True,2.9
ladder,physics/d1/constrained/savgol,4,physics,1,constrained,savgol,60,"4,20,96",regen-v2,637c6b535a9e,dcd5d8f,local,3,42.78634722918804,4.7322060015493035,0.0,3.065263486469696,,True,3.9
ladder,physics/d1/constrained/kalman,4,physics,1,constrained,kalman,60,"4,20,96",regen-v2,637c6b535a9e,dcd5d8f,local,3,40.48781758434727,6.616285731034725,0.0,3.0935441005174305,,True,4.8
ladder,physics/d1/ensemble/none,4,physics,1,ensemble,none,60,"4,20,96",regen-v2,637c6b535a9e,dcd5d8f,local,36,53.926128145354504,24.0792837219686,0.08333333333333333,1.681401870536424,,True,4.7
ladder,physics/d1/ensemble/savgol,4,physics,1,ensemble,savgol,60,"4,20,96",regen-v2,637c6b535a9e,dcd5d8f,local,3,42.78634722918804,5.497018544485429,0.0,3.083635136883421,,True,4.7
ladder,physics/d1/ensemble/kalman,4,physics,1,ensemble,kalman,60,"4,20,96",regen-v2,637c6b535a9e,dcd5d8f,local,3,40.48781758434727,5.647951180128791,0.0,3.0854514808057076,,True,5.4
ladder,physics/d2/stlsq/none,4,physics,2,stlsq,none,60,"4,20,96",regen-v2,637c6b535a9e,dcd5d8f,local,216,53.926128145354504,24.13437190298797,0.06666666666666667,0.9670214910049938,,False,37.0
ladder,physics/d2/stlsq/savgol,4,physics,2,stlsq,savgol,60,"4,20,96",regen-v2,637c6b535a9e,dcd5d8f,local,20,42.78634722918804,5.453183202459823,0.0,3.0830587095138906,,False,36.1
ladder,physics/d2/stlsq/kalman,4,physics,2,stlsq,kalman,60,"4,20,96",regen-v2,637c6b535a9e,dcd5d8f,local,3,40.48781758434727,5.674000981932252,0.0,3.0857418988240153,,False,36.4
ladder,physics/d2/sr3/none,4,physics,2,sr3,none,60,"4,20,96",regen-v2,637c6b535a9e,dcd5d8f,local,152,53.926128145354504,452.4770458354476,0.35,3.4276456777809363,,False,18.3
ladder,physics/d2/sr3/savgol,4,physics,2,sr3,savgol,60,"4,20,96",regen-v2,637c6b535a9e,dcd5d8f,local,3,42.78634722918804,5.422412447379883,0.0,3.082638809111367,,False,32.6
ladder,physics/d2/sr3/kalman,4,physics,2,sr3,kalman,60,"4,20,96",regen-v2,637c6b535a9e,dcd5d8f,local,3,40.48781758434727,6.4947959580146675,0.0,3.092743085638021,,False,32.5
ladder,physics/d2/constrained/none,4,physics,2,constrained,none,60,"4,20,96",regen-v2,637c6b535a9e,dcd5d8f,local,152,53.926128145354504,452.4770458354476,0.35,3.4276456777809363,,False,18.0
ladder,physics/d2/constrained/savgol,4,physics,2,constrained,savgol,60,"4,20,96",regen-v2,637c6b535a9e,dcd5d8f,local,3,42.78634722918804,5.422412447379883,0.0,3.082638809111367,,False,31.4
ladder,physics/d2/constrained/kalman,4,physics,2,constrained,kalman,60,"4,20,96",regen-v2,637c6b535a9e,dcd5d8f,local,3,40.48781758434727,6.4947959580146675,0.0,3.092743085638021,,False,31.2
ladder,physics/d2/ensemble/none,4,physics,2,ensemble,none,60,"4,20,96",regen-v2,637c6b535a9e,dcd5d8f,local,212,53.926128145354504,114.17790765799404,0.25,6.413454228209514,,False,138.8
ladder,physics/d2/ensemble/savgol,4,physics,2,ensemble,savgol,60,"4,20,96",regen-v2,637c6b535a9e,dcd5d8f,local,10,42.78634722918804,5.35388293474724,0.0,3.081653431606732,,False,100.1
ladder,physics/d2/ensemble/kalman,4,physics,2,ensemble,kalman,60,"4,20,96",regen-v2,637c6b535a9e,dcd5d8f,local,3,40.48781758434727,5.704159794211288,0.0,3.0860706657576347,,False,98.1
ladder,physics_no_cross/d1/stlsq/none,4,physics_no_cross,1,stlsq,none,60,"4,20,96",regen-v2,637c6b535a9e,dcd5d8f,local,28,24.720208861328157,8.61400397085896,0.016666666666666666,1.756494561419455,,True,3.5
ladder,physics_no_cross/d1/stlsq/savgol,4,physics_no_cross,1,stlsq,savgol,60,"4,20,96",regen-v2,637c6b535a9e,dcd5d8f,local,3,14.545493009645403,5.453183202459823,0.0,3.0830587095138906,,True,3.4
ladder,physics_no_cross/d1/stlsq/kalman,4,physics_no_cross,1,stlsq,kalman,60,"4,20,96",regen-v2,637c6b535a9e,dcd5d8f,local,3,14.631071610664822,5.674000981932252,0.0,3.0857418988240153,,True,4.0
ladder,physics_no_cross/d1/sr3/none,4,physics_no_cross,1,sr3,none,60,"4,20,96",regen-v2,637c6b535a9e,dcd5d8f,local,9,24.720208861328157,4.060070210882489,0.0,2.766693243478058,,True,3.4
ladder,physics_no_cross/d1/sr3/savgol,4,physics_no_cross,1,sr3,savgol,60,"4,20,96",regen-v2,637c6b535a9e,dcd5d8f,local,3,14.545493009645403,4.73253249911919,0.0,3.0652812242305196,,True,3.8
ladder,physics_no_cross/d1/sr3/kalman,4,physics_no_cross,1,sr3,kalman,60,"4,20,96",regen-v2,637c6b535a9e,dcd5d8f,local,3,14.631071610664822,6.051177567454577,0.0,3.0893843212672722,,True,4.3
ladder,physics_no_cross/d1/constrained/none,4,physics_no_cross,1,constrained,none,60,"4,20,96",regen-v2,637c6b535a9e,dcd5d8f,local,9,24.720208861328157,4.060070210882489,0.0,2.766693243478058,,True,3.5
ladder,physics_no_cross/d1/constrained/savgol,4,physics_no_cross,1,constrained,savgol,60,"4,20,96",regen-v2,637c6b535a9e,dcd5d8f,local,3,14.545493009645403,4.73253249911919,0.0,3.0652812242305196,,True,3.3
ladder,physics_no_cross/d1/constrained/kalman,4,physics_no_cross,1,constrained,kalman,60,"4,20,96",regen-v2,637c6b535a9e,dcd5d8f,local,3,14.631071610664822,6.051177567454577,0.0,3.0893843212672722,,True,4.3
ladder,physics_no_cross/d1/ensemble/none,4,physics_no_cross,1,ensemble,none,60,"4,20,96",regen-v2,637c6b535a9e,dcd5d8f,local,28,24.720208861328157,11.16022770266203,0.016666666666666666,1.757212040132515,,True,4.0
ladder,physics_no_cross/d1/ensemble/savgol,4,physics_no_cross,1,ensemble,savgol,60,"4,20,96",regen-v2,637c6b535a9e,dcd5d8f,local,3,14.545493009645403,5.401423330823076,0.0,3.0823446563126455,,True,3.8
ladder,physics_no_cross/d1/ensemble/kalman,4,physics_no_cross,1,ensemble,kalman,60,"4,20,96",regen-v2,637c6b535a9e,dcd5d8f,local,3,14.631071610664822,5.6711187982918005,0.0,3.0857100660208947,,True,4.3
ladder,physics_no_cross/d2/stlsq/none,4,physics_no_cross,2,stlsq,none,60,"4,20,96",regen-v2,637c6b535a9e,dcd5d8f,local,95,24.720208861328157,6.1299701660002235,0.05,1.0519214009049016,,False,21.7
ladder,physics_no_cross/d2/stlsq/savgol,4,physics_no_cross,2,stlsq,savgol,60,"4,20,96",regen-v2,637c6b535a9e,dcd5d8f,local,3,14.545493009645403,5.453183202459823,0.0,3.0830587095138906,,False,23.4
ladder,physics_no_cross/d2/stlsq/kalman,4,physics_no_cross,2,stlsq,kalman,60,"4,20,96",regen-v2,637c6b535a9e,dcd5d8f,local,3,14.631071610664822,5.674000981932252,0.0,3.0857418988240153,,False,22.9
ladder,physics_no_cross/d2/sr3/none,4,physics_no_cross,2,sr3,none,60,"4,20,96",regen-v2,637c6b535a9e,dcd5d8f,local,42,24.720208861328157,337.17062197186294,0.03333333333333333,3.1598928305747696,,False,20.8
ladder,physics_no_cross/d2/sr3/savgol,4,physics_no_cross,2,sr3,savgol,60,"4,20,96",regen-v2,637c6b535a9e,dcd5d8f,local,3,14.545493009645403,5.072433534422508,0.0,3.0765925050267144,,False,22.0
ladder,physics_no_cross/d2/sr3/kalman,4,physics_no_cross,2,sr3,kalman,60,"4,20,96",regen-v2,637c6b535a9e,dcd5d8f,local,3,14.631071610664822,6.217137408609416,0.0,3.0907326145991023,,False,22.8
ladder,physics_no_cross/d2/constrained/none,4,physics_no_cross,2,constrained,none,60,"4,20,96",regen-v2,637c6b535a9e,dcd5d8f,local,42,24.720208861328157,337.17062197186294,0.03333333333333333,3.1598928305747696,,False,20.9
ladder,physics_no_cross/d2/constrained/savgol,4,physics_no_cross,2,constrained,savgol,60,"4,20,96",regen-v2,637c6b535a9e,dcd5d8f,local,3,14.545493009645403,5.072433534422508,0.0,3.0765925050267144,,False,21.2
ladder,physics_no_cross/d2/constrained/kalman,4,physics_no_cross,2,constrained,kalman,60,"4,20,96",regen-v2,637c6b535a9e,dcd5d8f,local,3,14.631071610664822,6.217137408609416,0.0,3.0907326145991023,,False,22.5
ladder,physics_no_cross/d2/ensemble/none,4,physics_no_cross,2,ensemble,none,60,"4,20,96",regen-v2,637c6b535a9e,dcd5d8f,local,89,24.720208861328157,374.8084107711832,0.18333333333333332,2.1388000387042245,,False,58.7
ladder,physics_no_cross/d2/ensemble/savgol,4,physics_no_cross,2,ensemble,savgol,60,"4,20,96",regen-v2,637c6b535a9e,dcd5d8f,local,3,14.545493009645403,5.455708160770981,0.0,3.083092589878688,,False,51.4
ladder,physics_no_cross/d2/ensemble/kalman,4,physics_no_cross,2,ensemble,kalman,60,"4,20,96",regen-v2,637c6b535a9e,dcd5d8f,local,3,14.631071610664822,5.6805613212766675,0.0,3.0858140830677323,,False,53.2
ladder,raw/d1/stlsq/none,5,raw,1,stlsq,none,60,"4,20,96",regen-v2,637c6b535a9e,dcd5d8f,local,20,8.38963288814235,2.5373298297082947,0.0,1.8221582675211836,,True,2.1
ladder,raw/d1/stlsq/savgol,5,raw,1,stlsq,savgol,60,"4,20,96",regen-v2,637c6b535a9e,dcd5d8f,local,3,9.660110144000514,5.448592327141387,0.0,2.9416436826066636,,True,2.2
ladder,raw/d1/stlsq/kalman,5,raw,1,stlsq,kalman,60,"4,20,96",regen-v2,637c6b535a9e,dcd5d8f,local,3,8.497031350547434,5.604515047726271,0.0,2.9441028193186747,,True,3.0
ladder,raw/d1/sr3/none,5,raw,1,sr3,none,60,"4,20,96",regen-v2,637c6b535a9e,dcd5d8f,local,6,8.38963288814235,3.540948790852036,0.0,2.2670582132960075,,True,3.1
ladder,raw/d1/sr3/savgol,5,raw,1,sr3,savgol,60,"4,20,96",regen-v2,637c6b535a9e,dcd5d8f,local,3,9.660110144000514,5.004032125913001,0.0,2.929600182299689,,True,3.2
ladder,raw/d1/sr3/kalman,5,raw,1,sr3,kalman,60,"4,20,96",regen-v2,637c6b535a9e,dcd5d8f,local,3,8.497031350547434,5.981518255138465,0.0,2.948613662720174,,True,3.9
ladder,raw/d1/constrained/none,5,raw,1,constrained,none,60,"4,20,96",regen-v2,637c6b535a9e,dcd5d8f,local,6,8.38963288814235,3.540948790852036,0.0,2.2670582132960075,,True,3.2
ladder,raw/d1/constrained/savgol,5,raw,1,constrained,savgol,60,"4,20,96",regen-v2,637c6b535a9e,dcd5d8f,local,3,9.660110144000514,5.004032125913001,0.0,2.929600182299689,,True,3.2
ladder,raw/d1/constrained/kalman,5,raw,1,constrained,kalman,60,"4,20,96",regen-v2,637c6b535a9e,dcd5d8f,local,3,8.497031350547434,5.981518255138465,0.0,2.948613662720174,,True,4.0
ladder,raw/d1/ensemble/none,5,raw,1,ensemble,none,60,"4,20,96",regen-v2,637c6b535a9e,dcd5d8f,local,20,8.38963288814235,2.5376058333084517,0.0,1.8222439426583226,,True,4.0
ladder,raw/d1/ensemble/savgol,5,raw,1,ensemble,savgol,60,"4,20,96",regen-v2,637c6b535a9e,dcd5d8f,local,3,9.660110144000514,5.426514512309633,0.0,2.941253294670716,,True,3.8
ladder,raw/d1/ensemble/kalman,5,raw,1,ensemble,kalman,60,"4,20,96",regen-v2,637c6b535a9e,dcd5d8f,local,3,8.497031350547434,5.601892625454455,0.0,2.944065171378578,,True,4.6
ladder,raw/d2/stlsq/none,5,raw,2,stlsq,none,60,"4,20,96",regen-v2,637c6b535a9e,dcd5d8f,local,47,8.38963288814235,1.8180509612056348,0.0,1.0922490691551114,,False,18.4
ladder,raw/d2/stlsq/savgol,5,raw,2,stlsq,savgol,60,"4,20,96",regen-v2,637c6b535a9e,dcd5d8f,local,3,9.660110144000514,5.448592327141387,0.0,2.9416436826066636,,False,18.0
ladder,raw/d2/stlsq/kalman,5,raw,2,stlsq,kalman,60,"4,20,96",regen-v2,637c6b535a9e,dcd5d8f,local,3,8.497031350547434,5.604515047726271,0.0,2.9441028193186747,,False,19.9
ladder,raw/d2/sr3/none,5,raw,2,sr3,none,60,"4,20,96",regen-v2,637c6b535a9e,dcd5d8f,local,7,8.38963288814235,4.451549784589425,0.0,2.396067914859921,,False,18.2
ladder,raw/d2/sr3/savgol,5,raw,2,sr3,savgol,60,"4,20,96",regen-v2,637c6b535a9e,dcd5d8f,local,3,9.660110144000514,4.952517342968764,0.0,2.9270177600112346,,False,18.1
ladder,raw/d2/sr3/kalman,5,raw,2,sr3,kalman,60,"4,20,96",regen-v2,637c6b535a9e,dcd5d8f,local,3,8.497031350547434,5.3610931204703585,0.0,2.9400199528817876,,False,19.7
ladder,raw/d2/constrained/none,5,raw,2,constrained,none,60,"4,20,96",regen-v2,637c6b535a9e,dcd5d8f,local,7,8.38963288814235,4.451549784589425,0.0,2.396067914859921,,False,18.9
ladder,raw/d2/constrained/savgol,5,raw,2,constrained,savgol,60,"4,20,96",regen-v2,637c6b535a9e,dcd5d8f,local,3,9.660110144000514,4.952517342968764,0.0,2.9270177600112346,,False,18.6
ladder,raw/d2/constrained/kalman,5,raw,2,constrained,kalman,60,"4,20,96",regen-v2,637c6b535a9e,dcd5d8f,local,3,8.497031350547434,5.3610931204703585,0.0,2.9400199528817876,,False,19.7
ladder,raw/d2/ensemble/none,5,raw,2,ensemble,none,60,"4,20,96",regen-v2,637c6b535a9e,dcd5d8f,local,48,8.38963288814235,8.155328842913637,0.016666666666666666,1.1108475961897657,,False,32.5
ladder,raw/d2/ensemble/savgol,5,raw,2,ensemble,savgol,60,"4,20,96",regen-v2,637c6b535a9e,dcd5d8f,local,3,9.660110144000514,5.46946650018405,0.0,2.94200197689466,,False,32.3
ladder,raw/d2/ensemble/kalman,5,raw,2,ensemble,kalman,60,"4,20,96",regen-v2,637c6b535a9e,dcd5d8f,local,3,8.497031350547434,5.588958590797118,0.0,2.9438778401166332,,False,32.7
ladder,physics/d1/stlsq/none,5,physics,1,stlsq,none,60,"4,20,96",regen-v2,637c6b535a9e,dcd5d8f,local,36,58.3320216711772,11.088872244375555,0.016666666666666666,1.66563689855185,,True,5.0
ladder,physics/d1/stlsq/savgol,5,physics,1,stlsq,savgol,60,"4,20,96",regen-v2,637c6b535a9e,dcd5d8f,local,3,46.56010836577736,5.448592327141387,0.0,2.9416436826066636,,True,5.0
ladder,physics/d1/stlsq/kalman,5,physics,1,stlsq,kalman,60,"4,20,96",regen-v2,637c6b535a9e,dcd5d8f,local,3,44.28309090251865,5.604515047726271,0.0,2.9441028193186747,,True,5.9
ladder,physics/d1/sr3/none,5,physics,1,sr3,none,60,"4,20,96",regen-v2,637c6b535a9e,dcd5d8f,local,16,58.3320216711772,2998.324873361945,0.21666666666666667,2.3355080648302415,,True,3.8
ladder,physics/d1/sr3/savgol,5,physics,1,sr3,savgol,60,"4,20,96",regen-v2,637c6b535a9e,dcd5d8f,local,3,46.56010836577736,4.956508554359737,0.0,2.927237467561623,,True,5.0
ladder,physics/d1/sr3/kalman,5,physics,1,sr3,kalman,60,"4,20,96",regen-v2,637c6b535a9e,dcd5d8f,local,3,44.28309090251865,6.371301879456313,0.0,2.9520639148507253,,True,5.9
ladder,physics/d1/constrained/none,5,physics,1,constrained,none,60,"4,20,96",regen-v2,637c6b535a9e,dcd5d8f,local,16,58.3320216711772,2998.324873361945,0.21666666666666667,2.3355080648302415,,True,3.9
ladder,physics/d1/constrained/savgol,5,physics,1,constrained,savgol,60,"4,20,96",regen-v2,637c6b535a9e,dcd5d8f,local,3,46.56010836577736,4.956508554359737,0.0,2.927237467561623,,True,5.0
ladder,physics/d1/constrained/kalman,5,physics,1,constrained,kalman,60,"4,20,96",regen-v2,637c6b535a9e,dcd5d8f,local,3,44.28309090251865,6.371301879456313,0.0,2.9520639148507253,,True,5.9
ladder,physics/d1/ensemble/none,5,physics,1,ensemble,none,60,"4,20,96",regen-v2,637c6b535a9e,dcd5d8f,local,37,58.3320216711772,10.720694094516327,0.016666666666666666,1.6669983957485697,,True,6.0
ladder,physics/d1/ensemble/savgol,5,physics,1,ensemble,savgol,60,"4,20,96",regen-v2,637c6b535a9e,dcd5d8f,local,3,46.56010836577736,5.451978099543968,0.0,2.9417024945085295,,True,5.8
ladder,physics/d1/ensemble/kalman,5,physics,1,ensemble,kalman,60,"4,20,96",regen-v2,637c6b535a9e,dcd5d8f,local,3,44.28309090251865,5.600492484255605,0.0,2.9440450249964494,,True,6.5
ladder,physics/d2/stlsq/none,5,physics,2,stlsq,none,60,"4,20,96",regen-v2,637c6b535a9e,dcd5d8f,local,238,58.3320216711772,4.562656709715239,0.016666666666666666,0.9647680863109073,,False,44.9
ladder,physics/d2/stlsq/savgol,5,physics,2,stlsq,savgol,60,"4,20,96",regen-v2,637c6b535a9e,dcd5d8f,local,7,46.56010836577736,5.448592327141387,0.0,2.9416436826066636,,False,44.1
ladder,physics/d2/stlsq/kalman,5,physics,2,stlsq,kalman,60,"4,20,96",regen-v2,637c6b535a9e,dcd5d8f,local,3,44.28309090251865,5.604515047726271,0.0,2.9441028193186747,,False,45.2
ladder,physics/d2/sr3/none,5,physics,2,sr3,none,60,"4,20,96",regen-v2,637c6b535a9e,dcd5d8f,local,142,58.3320216711772,357.6862744044969,0.55,6.997576380597993,,False,13.5
ladder,physics/d2/sr3/savgol,5,physics,2,sr3,savgol,60,"4,20,96",regen-v2,637c6b535a9e,dcd5d8f,local,3,46.56010836577736,4.885103080350711,0.0,2.9226056449132325,,False,42.9
ladder,physics/d2/sr3/kalman,5,physics,2,sr3,kalman,60,"4,20,96",regen-v2,637c6b535a9e,dcd5d8f,local,3,44.28309090251865,5.740551483237479,0.0,2.9459175835382885,,False,26.8
ladder,physics/d2/constrained/none,5,physics,2,constrained,none,60,"4,20,96",regen-v2,637c6b535a9e,dcd5d8f,local,142,58.3320216711772,357.6862744044969,0.55,6.997576380597993,,False,7.4
ladder,physics/d2/constrained/savgol,5,physics,2,constrained,savgol,60,"4,20,96",regen-v2,637c6b535a9e,dcd5d8f,local,3,46.56010836577736,4.885103080350711,0.0,2.9226056449132325,,False,22.0
ladder,physics/d2/constrained/kalman,5,physics,2,constrained,kalman,60,"4,20,96",regen-v2,637c6b535a9e,dcd5d8f,local,3,44.28309090251865,5.740551483237479,0.0,2.9459175835382885,,False,21.9
ladder,physics/d2/ensemble/none,5,physics,2,ensemble,none,60,"4,20,96",regen-v2,637c6b535a9e,dcd5d8f,local,233,58.3320216711772,4796.857394420336,0.5,9.293549410483354,,False,114.0
ladder,physics/d2/ensemble/savgol,5,physics,2,ensemble,savgol,60,"4,20,96",regen-v2,637c6b535a9e,dcd5d8f,local,5,46.56010836577736,5.359531581617516,0.0,2.9399887405663745,,False,86.4
ladder,physics/d2/ensemble/kalman,5,physics,2,ensemble,kalman,60,"4,20,96",regen-v2,637c6b535a9e,dcd5d8f,local,3,44.28309090251865,5.621761004201187,0.0,2.944347669143579,,False,84.5
ladder,physics_no_cross/d1/stlsq/none,5,physics_no_cross,1,stlsq,none,60,"4,20,96",regen-v2,637c6b535a9e,dcd5d8f,local,27,24.74851461801375,9.151073320269031,0.016666666666666666,1.7338719497201371,,True,2.4
ladder,physics_no_cross/d1/stlsq/savgol,5,physics_no_cross,1,stlsq,savgol,60,"4,20,96",regen-v2,637c6b535a9e,dcd5d8f,local,3,14.679050402142316,5.448592327141387,0.0,2.9416436826066636,,True,2.4
ladder,physics_no_cross/d1/stlsq/kalman,5,physics_no_cross,1,stlsq,kalman,60,"4,20,96",regen-v2,637c6b535a9e,dcd5d8f,local,3,14.108742786226268,5.604515047726271,0.0,2.9441028193186747,,True,2.9
ladder,physics_no_cross/d1/sr3/none,5,physics_no_cross,1,sr3,none,60,"4,20,96",regen-v2,637c6b535a9e,dcd5d8f,local,10,24.74851461801375,5.336324320095254,0.0,2.2425288861007067,,True,2.4
ladder,physics_no_cross/d1/sr3/savgol,5,physics_no_cross,1,sr3,savgol,60,"4,20,96",regen-v2,637c6b535a9e,dcd5d8f,local,3,14.679050402142316,4.968613015434414,0.0,2.9278817751498822,,True,2.4
ladder,physics_no_cross/d1/sr3/kalman,5,physics_no_cross,1,sr3,kalman,60,"4,20,96",regen-v2,637c6b535a9e,dcd5d8f,local,3,14.108742786226268,6.190942597219664,0.0,2.9505771100325386,,True,2.9
ladder,physics_no_cross/d1/constrained/none,5,physics_no_cross,1,constrained,none,60,"4,20,96",regen-v2,637c6b535a9e,dcd5d8f,local,10,24.74851461801375,5.336324320095254,0.0,2.2425288861007067,,True,2.4
ladder,physics_no_cross/d1/constrained/savgol,5,physics_no_cross,1,constrained,savgol,60,"4,20,96",regen-v2,637c6b535a9e,dcd5d8f,local,3,14.679050402142316,4.968613015434414,0.0,2.9278817751498822,,True,2.4
ladder,physics_no_cross/d1/constrained/kalman,5,physics_no_cross,1,constrained,kalman,60,"4,20,96",regen-v2,637c6b535a9e,dcd5d8f,local,3,14.108742786226268,6.190942597219664,0.0,2.9505771100325386,,True,3.0
ladder,physics_no_cross/d1/ensemble/none,5,physics_no_cross,1,ensemble,none,60,"4,20,96",regen-v2,637c6b535a9e,dcd5d8f,local,28,24.74851461801375,8.395198403532483,0.016666666666666666,1.7252575964664028,,True,2.8
ladder,physics_no_cross/d1/ensemble/savgol,5,physics_no_cross,1,ensemble,savgol,60,"4,20,96",regen-v2,637c6b535a9e,dcd5d8f,local,3,14.679050402142316,5.458806737294262,0.0,2.9418202809873852,,True,2.8
ladder,physics_no_cross/d1/ensemble/kalman,5,physics_no_cross,1,ensemble,kalman,60,"4,20,96",regen-v2,637c6b535a9e,dcd5d8f,local,3,14.108742786226268,5.602520366446349,0.0,2.9440741934827885,,True,3.3
ladder,physics_no_cross/d2/stlsq/none,5,physics_no_cross,2,stlsq,none,60,"4,20,96",regen-v2,637c6b535a9e,dcd5d8f,local,110,24.74851461801375,2.0160045932263233,0.016666666666666666,1.0433239887402728,,False,15.1
ladder,physics_no_cross/d2/stlsq/savgol,5,physics_no_cross,2,stlsq,savgol,60,"4,20,96",regen-v2,637c6b535a9e,dcd5d8f,local,3,14.679050402142316,5.448592327141387,0.0,2.9416436826066636,,False,22.5
ladder,physics_no_cross/d2/stlsq/kalman,5,physics_no_cross,2,stlsq,kalman,60,"4,20,96",regen-v2,637c6b535a9e,dcd5d8f,local,3,14.108742786226268,5.604515047726271,0.0,2.9441028193186747,,False,26.9
ladder,physics_no_cross/d2/sr3/none,5,physics_no_cross,2,sr3,none,60,"4,20,96",regen-v2,637c6b535a9e,dcd5d8f,local,47,24.74851461801375,580.6025441281809,0.3,5.043259077508127,,False,17.0
ladder,physics_no_cross/d2/sr3/savgol,5,physics_no_cross,2,sr3,savgol,60,"4,20,96",regen-v2,637c6b535a9e,dcd5d8f,local,3,14.679050402142316,4.86398338253969,0.0,2.920853000041474,,False,25.7
ladder,physics_no_cross/d2/sr3/kalman,5,physics_no_cross,2,sr3,kalman,60,"4,20,96",regen-v2,637c6b535a9e,dcd5d8f,local,3,14.108742786226268,5.65800347456073,0.0,2.94484738668928,,False,26.1
ladder,physics_no_cross/d2/constrained/none,5,physics_no_cross,2,constrained,none,60,"4,20,96",regen-v2,637c6b535a9e,dcd5d8f,local,47,24.74851461801375,580.6025441281809,0.3,5.043259077508127,,False,16.2
ladder,physics_no_cross/d2/constrained/savgol,5,physics_no_cross,2,constrained,savgol,60,"4,20,96",regen-v2,637c6b535a9e,dcd5d8f,local,3,14.679050402142316,4.86398338253969,0.0,2.920853000041474,,False,22.2
ladder,physics_no_cross/d2/constrained/kalman,5,physics_no_cross,2,constrained,kalman,60,"4,20,96",regen-v2,637c6b535a9e,dcd5d8f,local,3,14.108742786226268,5.65800347456073,0.0,2.94484738668928,,False,22.8
ladder,physics_no_cross/d2/ensemble/none,5,physics_no_cross,2,ensemble,none,60,"4,20,96",regen-v2,637c6b535a9e,dcd5d8f,local,119,24.74851461801375,125.07567258328375,0.43333333333333335,1.4293738851784044,,False,54.3
ladder,physics_no_cross/d2/ensemble/savgol,5,physics_no_cross,2,ensemble,savgol,60,"4,20,96",regen-v2,637c6b535a9e,dcd5d8f,local,3,14.679050402142316,5.441583647053765,0.0,2.9415210596711088,,False,47.5
ladder,physics_no_cross/d2/ensemble/kalman,5,physics_no_cross,2,ensemble,kalman,60,"4,20,96",regen-v2,637c6b535a9e,dcd5d8f,local,3,14.108742786226268,5.597143841377504,0.0,2.9439967121487256,,False,46.6
ladder,raw/d1/stlsq/none,6,raw,1,stlsq,none,60,"4,20,96",regen-v2,637c6b535a9e,dcd5d8f,local,21,7.877668096449165,2.6706370391528966,0.0,1.8023277392084494,,True,2.5
ladder,raw/d1/stlsq/savgol,6,raw,1,stlsq,savgol,60,"4,20,96",regen-v2,637c6b535a9e,dcd5d8f,local,3,8.850822346345725,6.0843951528001,0.0,3.0863941791801857,,True,2.4
ladder,raw/d1/stlsq/kalman,6,raw,1,stlsq,kalman,60,"4,20,96",regen-v2,637c6b535a9e,dcd5d8f,local,3,8.249005528220813,6.317457458807552,0.0,3.0893128926279045,,True,3.8
ladder,raw/d1/sr3/none,6,raw,1,sr3,none,60,"4,20,96",regen-v2,637c6b535a9e,dcd5d8f,local,6,7.877668096449165,4.337518500812357,0.0,2.3749389311459046,,True,3.0
ladder,raw/d1/sr3/savgol,6,raw,1,sr3,savgol,60,"4,20,96",regen-v2,637c6b535a9e,dcd5d8f,local,3,8.850822346345725,5.414624178791425,0.0,3.071986322103401,,True,3.0
ladder,raw/d1/sr3/kalman,6,raw,1,sr3,kalman,60,"4,20,96",regen-v2,637c6b535a9e,dcd5d8f,local,3,8.249005528220813,6.402008970763741,0.0,3.0902451201418666,,True,3.5
ladder,raw/d1/constrained/none,6,raw,1,constrained,none,60,"4,20,96",regen-v2,637c6b535a9e,dcd5d8f,local,6,7.877668096449165,4.337518500812357,0.0,2.3749389311459046,,True,2.5
ladder,raw/d1/constrained/savgol,6,raw,1,constrained,savgol,60,"4,20,96",regen-v2,637c6b535a9e,dcd5d8f,local,3,8.850822346345725,5.414624178791425,0.0,3.071986322103401,,True,2.7
ladder,raw/d1/constrained/kalman,6,raw,1,constrained,kalman,60,"4,20,96",regen-v2,637c6b535a9e,dcd5d8f,local,3,8.249005528220813,6.402008970763741,0.0,3.0902451201418666,,True,3.4
ladder,raw/d1/ensemble/none,6,raw,1,ensemble,none,60,"4,20,96",regen-v2,637c6b535a9e,dcd5d8f,local,21,7.877668096449165,2.664558190911579,0.0,1.8024593893448324,,True,3.3
ladder,raw/d1/ensemble/savgol,6,raw,1,ensemble,savgol,60,"4,20,96",regen-v2,637c6b535a9e,dcd5d8f,local,3,8.850822346345725,6.0572890175828205,0.0,3.0860144821991993,,True,3.0
ladder,raw/d1/ensemble/kalman,6,raw,1,ensemble,kalman,60,"4,20,96",regen-v2,637c6b535a9e,dcd5d8f,local,3,8.249005528220813,6.303083807240534,0.0,3.089148486308615,,True,3.7
ladder,raw/d2/stlsq/none,6,raw,2,stlsq,none,60,"4,20,96",regen-v2,637c6b535a9e,dcd5d8f,local,43,7.877668096449165,7.630043884198944,0.016666666666666666,1.1642196384079309,,False,14.5
ladder,raw/d2/stlsq/savgol,6,raw,2,stlsq,savgol,60,"4,20,96",regen-v2,637c6b535a9e,dcd5d8f,local,3,8.850822346345725,6.0843951528001,0.0,3.0863941791801857,,False,14.3
ladder,raw/d2/stlsq/kalman,6,raw,2,stlsq,kalman,60,"4,20,96",regen-v2,637c6b535a9e,dcd5d8f,local,3,8.249005528220813,6.317457458807552,0.0,3.0893128926279045,,False,15.2
ladder,raw/d2/sr3/none,6,raw,2,sr3,none,60,"4,20,96",regen-v2,637c6b535a9e,dcd5d8f,local,7,7.877668096449165,4.529363264988598,0.0,2.3528308864682543,,False,14.8
ladder,raw/d2/sr3/savgol,6,raw,2,sr3,savgol,60,"4,20,96",regen-v2,637c6b535a9e,dcd5d8f,local,3,8.850822346345725,5.254277654073404,0.0,3.064893565586085,,False,14.8
ladder,raw/d2/sr3/kalman,6,raw,2,sr3,kalman,60,"4,20,96",regen-v2,637c6b535a9e,dcd5d8f,local,3,8.249005528220813,5.972449776659474,0.0,3.0847598983735356,,False,15.2
ladder,raw/d2/constrained/none,6,raw,2,constrained,none,60,"4,20,96",regen-v2,637c6b535a9e,dcd5d8f,local,7,7.877668096449165,4.529363264988598,0.0,2.3528308864682543,,False,15.6
ladder,raw/d2/constrained/savgol,6,raw,2,constrained,savgol,60,"4,20,96",regen-v2,637c6b535a9e,dcd5d8f,local,3,8.850822346345725,5.254277654073404,0.0,3.064893565586085,,False,14.8
ladder,raw/d2/constrained/kalman,6,raw,2,constrained,kalman,60,"4,20,96",regen-v2,637c6b535a9e,dcd5d8f,local,3,8.249005528220813,5.972449776659474,0.0,3.0847598983735356,,False,15.0
ladder,raw/d2/ensemble/none,6,raw,2,ensemble,none,60,"4,20,96",regen-v2,637c6b535a9e,dcd5d8f,local,44,7.877668096449165,5.018745111541824,0.016666666666666666,1.1399931839083408,,False,27.2
ladder,raw/d2/ensemble/savgol,6,raw,2,ensemble,savgol,60,"4,20,96",regen-v2,637c6b535a9e,dcd5d8f,local,3,8.850822346345725,6.049376840222575,0.0,3.08590180174376,,False,26.9
ladder,raw/d2/ensemble/kalman,6,raw,2,ensemble,kalman,60,"4,20,96",regen-v2,637c6b535a9e,dcd5d8f,local,3,8.249005528220813,6.3180454106564765,0.0,3.08931957937861,,False,27.0
ladder,physics/d1/stlsq/none,6,physics,1,stlsq,none,60,"4,20,96",regen-v2,637c6b535a9e,dcd5d8f,local,35,50.31608157487508,17.614541162822,0.05,1.6435170223261177,,True,3.9
ladder,physics/d1/stlsq/savgol,6,physics,1,stlsq,savgol,60,"4,20,96",regen-v2,637c6b535a9e,dcd5d8f,local,3,41.87850138082119,6.0843951528001,0.0,3.0863941791801857,,True,4.1
ladder,physics/d1/stlsq/kalman,6,physics,1,stlsq,kalman,60,"4,20,96",regen-v2,637c6b535a9e,dcd5d8f,local,3,40.17169526130843,6.317457458807552,0.0,3.0893128926279045,,True,4.5
ladder,physics/d1/sr3/none,6,physics,1,sr3,none,60,"4,20,96",regen-v2,637c6b535a9e,dcd5d8f,local,17,50.31608157487508,3544.598778010971,0.18333333333333332,2.2078420200637034,,True,2.9
ladder,physics/d1/sr3/savgol,6,physics,1,sr3,savgol,60,"4,20,96",regen-v2,637c6b535a9e,dcd5d8f,local,3,41.87850138082119,5.725462669813596,0.0,3.0803581364723094,,True,3.5
ladder,physics/d1/sr3/kalman,6,physics,1,sr3,kalman,60,"4,20,96",regen-v2,637c6b535a9e,dcd5d8f,local,3,40.17169526130843,7.720073336970527,0.0,3.1002316333536304,,True,4.4
ladder,physics/d1/constrained/none,6,physics,1,constrained,none,60,"4,20,96",regen-v2,637c6b535a9e,dcd5d8f,local,17,50.31608157487508,3544.598778010971,0.18333333333333332,2.2078420200637034,,True,3.3
ladder,physics/d1/constrained/savgol,6,physics,1,constrained,savgol,60,"4,20,96",regen-v2,637c6b535a9e,dcd5d8f,local,3,41.87850138082119,5.725462669813596,0.0,3.0803581364723094,,True,3.6
ladder,physics/d1/constrained/kalman,6,physics,1,constrained,kalman,60,"4,20,96",regen-v2,637c6b535a9e,dcd5d8f,local,3,40.17169526130843,7.720073336970527,0.0,3.1002316333536304,,True,4.4
ladder,physics/d1/ensemble/none,6,physics,1,ensemble,none,60,"4,20,96",regen-v2,637c6b535a9e,dcd5d8f,local,35,50.31608157487508,18.587076288343095,0.05,1.6447765988593661,,True,4.0
ladder,physics/d1/ensemble/savgol,6,physics,1,ensemble,savgol,60,"4,20,96",regen-v2,637c6b535a9e,dcd5d8f,local,3,41.87850138082119,6.0752565412829505,0.0,3.086267245035403,,True,4.6
ladder,physics/d1/ensemble/kalman,6,physics,1,ensemble,kalman,60,"4,20,96",regen-v2,637c6b535a9e,dcd5d8f,local,3,40.17169526130843,6.333194238609904,0.0,3.0894908453965457,,True,5.2
ladder,physics/d2/stlsq/none,6,physics,2,stlsq,none,60,"4,20,96",regen-v2,637c6b535a9e,dcd5d8f,local,239,50.31608157487508,150.96557316075666,0.03333333333333333,1.0173130865328281,,False,32.2
ladder,physics/d2/stlsq/savgol,6,physics,2,stlsq,savgol,60,"4,20,96",regen-v2,637c6b535a9e,dcd5d8f,local,13,41.87850138082119,6.0843951528001,0.0,3.0863941791801857,,False,32.3
ladder,physics/d2/stlsq/kalman,6,physics,2,stlsq,kalman,60,"4,20,96",regen-v2,637c6b535a9e,dcd5d8f,local,3,40.17169526130843,6.317457458807552,0.0,3.0893128926279045,,False,33.4
ladder,physics/d2/sr3/none,6,physics,2,sr3,none,60,"4,20,96",regen-v2,637c6b535a9e,dcd5d8f,local,113,50.31608157487508,245.43596658762706,0.11666666666666667,5.255165408079047,,False,25.3
ladder,physics/d2/sr3/savgol,6,physics,2,sr3,savgol,60,"4,20,96",regen-v2,637c6b535a9e,dcd5d8f,local,3,41.87850138082119,5.578091521922484,0.0,3.0769477078509184,,False,29.7
ladder,physics/d2/sr3/kalman,6,physics,2,sr3,kalman,60,"4,20,96",regen-v2,637c6b535a9e,dcd5d8f,local,3,40.17169526130843,6.787837614931428,0.0,3.093891629834873,,False,31.4
ladder,physics/d2/constrained/none,6,physics,2,constrained,none,60,"4,20,96",regen-v2,637c6b535a9e,dcd5d8f,local,113,50.31608157487508,245.43596658762706,0.11666666666666667,5.255165408079047,,False,25.9
ladder,physics/d2/constrained/savgol,6,physics,2,constrained,savgol,60,"4,20,96",regen-v2,637c6b535a9e,dcd5d8f,local,3,41.87850138082119,5.578091521922484,0.0,3.0769477078509184,,False,29.7
ladder,physics/d2/constrained/kalman,6,physics,2,constrained,kalman,60,"4,20,96",regen-v2,637c6b535a9e,dcd5d8f,local,3,40.17169526130843,6.787837614931428,0.0,3.093891629834873,,False,30.7
ladder,physics/d2/ensemble/none,6,physics,2,ensemble,none,60,"4,20,96",regen-v2,637c6b535a9e,dcd5d8f,local,242,50.31608157487508,607.714590425145,0.75,32.92344992823309,,False,124.1
ladder,physics/d2/ensemble/savgol,6,physics,2,ensemble,savgol,60,"4,20,96",regen-v2,637c6b535a9e,dcd5d8f,local,11,41.87850138082119,9.564025323743657,0.0,3.125160526111573,,False,101.6
ladder,physics/d2/ensemble/kalman,6,physics,2,ensemble,kalman,60,"4,20,96",regen-v2,637c6b535a9e,dcd5d8f,local,3,40.17169526130843,6.309654457915713,0.0,3.089223865618302,,False,103.6
ladder,physics_no_cross/d1/stlsq/none,6,physics_no_cross,1,stlsq,none,60,"4,20,96",regen-v2,637c6b535a9e,dcd5d8f,local,30,23.605064242209558,2.9896463510957076,0.0,1.6818276478668346,,True,3.5
ladder,physics_no_cross/d1/stlsq/savgol,6,physics_no_cross,1,stlsq,savgol,60,"4,20,96",regen-v2,637c6b535a9e,dcd5d8f,local,3,13.5346888726739,6.0843951528001,0.0,3.0863941791801857,,True,3.3
ladder,physics_no_cross/d1/stlsq/kalman,6,physics_no_cross,1,stlsq,kalman,60,"4,20,96",regen-v2,637c6b535a9e,dcd5d8f,local,3,13.74131565096893,6.317457458807552,0.0,3.0893128926279045,,True,4.0
ladder,physics_no_cross/d1/sr3/none,6,physics_no_cross,1,sr3,none,60,"4,20,96",regen-v2,637c6b535a9e,dcd5d8f,local,8,23.605064242209558,4.0073690849158945,0.0,2.702988043748241,,True,3.1
ladder,physics_no_cross/d1/sr3/savgol,6,physics_no_cross,1,sr3,savgol,60,"4,20,96",regen-v2,637c6b535a9e,dcd5d8f,local,3,13.5346888726739,5.515355160975965,0.0,3.0752265803651526,,True,3.5
ladder,physics_no_cross/d1/sr3/kalman,6,physics_no_cross,1,sr3,kalman,60,"4,20,96",regen-v2,637c6b535a9e,dcd5d8f,local,3,13.74131565096893,6.9908781804838815,0.0,3.0955091200693015,,True,4.0
ladder,physics_no_cross/d1/constrained/none,6,physics_no_cross,1,constrained,none,60,"4,20,96",regen-v2,637c6b535a9e,dcd5d8f,local,8,23.605064242209558,4.0073690849158945,0.0,2.702988043748241,,True,3.4
ladder,physics_no_cross/d1/constrained/savgol,6,physics_no_cross,1,constrained,savgol,60,"4,20,96",regen-v2,637c6b535a9e,dcd5d8f,local,3,13.5346888726739,5.515355160975965,0.0,3.0752265803651526,,True,3.4
ladder,physics_no_cross/d1/constrained/kalman,6,physics_no_cross,1,constrained,kalman,60,"4,20,96",regen-v2,637c6b535a9e,dcd5d8f,local,3,13.74131565096893,6.9908781804838815,0.0,3.0955091200693015,,True,3.9
ladder,physics_no_cross/d1/ensemble/none,6,physics_no_cross,1,ensemble,none,60,"4,20,96",regen-v2,637c6b535a9e,dcd5d8f,local,30,23.605064242209558,3.2592742591042425,0.0,1.6842123257222126,,True,3.8
ladder,physics_no_cross/d1/ensemble/savgol,6,physics_no_cross,1,ensemble,savgol,60,"4,20,96",regen-v2,637c6b535a9e,dcd5d8f,local,3,13.5346888726739,6.111768752238643,0.0,3.0867680542011784,,True,3.7
ladder,physics_no_cross/d1/ensemble/kalman,6,physics_no_cross,1,ensemble,kalman,60,"4,20,96",regen-v2,637c6b535a9e,dcd5d8f,local,3,13.74131565096893,6.304343684846311,0.0,3.089162969208593,,True,4.5
ladder,physics_no_cross/d2/stlsq/none,6,physics_no_cross,2,stlsq,none,60,"4,20,96",regen-v2,637c6b535a9e,dcd5d8f,local,123,23.605064242209558,58.572914279128035,0.06666666666666667,1.0382538056072292,,False,20.2
ladder,physics_no_cross/d2/stlsq/savgol,6,physics_no_cross,2,stlsq,savgol,60,"4,20,96",regen-v2,637c6b535a9e,dcd5d8f,local,3,13.5346888726739,6.0843951528001,0.0,3.0863941791801857,,False,21.0
ladder,physics_no_cross/d2/stlsq/kalman,6,physics_no_cross,2,stlsq,kalman,60,"4,20,96",regen-v2,637c6b535a9e,dcd5d8f,local,3,13.74131565096893,6.317457458807552,0.0,3.0893128926279045,,False,21.7
ladder,physics_no_cross/d2/sr3/none,6,physics_no_cross,2,sr3,none,60,"4,20,96",regen-v2,637c6b535a9e,dcd5d8f,local,43,23.605064242209558,274.6101348300789,0.23333333333333334,5.372560598630045,,False,14.8
ladder,physics_no_cross/d2/sr3/savgol,6,physics_no_cross,2,sr3,savgol,60,"4,20,96",regen-v2,637c6b535a9e,dcd5d8f,local,3,13.5346888726739,5.463572183735853,0.0,3.073645092247506,,False,19.7
ladder,physics_no_cross/d2/sr3/kalman,6,physics_no_cross,2,sr3,kalman,60,"4,20,96",regen-v2,637c6b535a9e,dcd5d8f,local,3,13.74131565096893,6.498202684716673,0.0,3.091239817165774,,False,20.9
ladder,physics_no_cross/d2/constrained/none,6,physics_no_cross,2,constrained,none,60,"4,20,96",regen-v2,637c6b535a9e,dcd5d8f,local,43,23.605064242209558,274.6101348300789,0.23333333333333334,5.372560598630045,,False,14.9
ladder,physics_no_cross/d2/constrained/savgol,6,physics_no_cross,2,constrained,savgol,60,"4,20,96",regen-v2,637c6b535a9e,dcd5d8f,local,3,13.5346888726739,5.463572183735853,0.0,3.073645092247506,,False,20.8
ladder,physics_no_cross/d2/constrained/kalman,6,physics_no_cross,2,constrained,kalman,60,"4,20,96",regen-v2,637c6b535a9e,dcd5d8f,local,3,13.74131565096893,6.498202684716673,0.0,3.091239817165774,,False,22.3
ladder,physics_no_cross/d2/ensemble/none,6,physics_no_cross,2,ensemble,none,60,"4,20,96",regen-v2,637c6b535a9e,dcd5d8f,local,116,23.605064242209558,837.7539365334059,0.38333333333333336,4.767399765287633,,False,47.2
ladder,physics_no_cross/d2/ensemble/savgol,6,physics_no_cross,2,ensemble,savgol,60,"4,20,96",regen-v2,637c6b535a9e,dcd5d8f,local,3,13.5346888726739,6.11175761641561,0.0,3.08676790399559,,False,45.8
ladder,physics_no_cross/d2/ensemble/kalman,6,physics_no_cross,2,ensemble,kalman,60,"4,20,96",regen-v2,637c6b535a9e,dcd5d8f,local,3,13.74131565096893,6.313395360065478,0.0,3.089266612834472,,False,45.9
ladder,raw/d1/stlsq/none,7,raw,1,stlsq,none,60,"4,20,96",regen-v2,637c6b535a9e,dcd5d8f,local,24,7.990219383055353,2.80991713139615,0.0,1.8439685893939914,,True,2.7
ladder,raw/d1/stlsq/savgol,7,raw,1,stlsq,savgol,60,"4,20,96",regen-v2,637c6b535a9e,dcd5d8f,local,3,9.188417830995917,6.019386470459137,0.0,3.175483260007941,,True,2.9
ladder,raw/d1/stlsq/kalman,7,raw,1,stlsq,kalman,60,"4,20,96",regen-v2,637c6b535a9e,dcd5d8f,local,3,8.115825681182903,6.219675731433161,0.0,3.178334467604866,,True,3.7
ladder,raw/d1/sr3/none,7,raw,1,sr3,none,60,"4,20,96",regen-v2,637c6b535a9e,dcd5d8f,local,6,7.990219383055353,4.678360102638072,0.0,2.444605527980862,,True,2.9
ladder,raw/d1/sr3/savgol,7,raw,1,sr3,savgol,60,"4,20,96",regen-v2,637c6b535a9e,dcd5d8f,local,3,9.188417830995917,5.525627074279539,0.0,3.164619581068763,,True,2.7
ladder,raw/d1/sr3/kalman,7,raw,1,sr3,kalman,60,"4,20,96",regen-v2,637c6b535a9e,dcd5d8f,local,3,8.115825681182903,7.1245555353508285,0.0,3.187029787498648,,True,3.3
ladder,raw/d1/constrained/none,7,raw,1,constrained,none,60,"4,20,96",regen-v2,637c6b535a9e,dcd5d8f,local,6,7.990219383055353,4.678360102638072,0.0,2.444605527980862,,True,2.8
ladder,raw/d1/constrained/savgol,7,raw,1,constrained,savgol,60,"4,20,96",regen-v2,637c6b535a9e,dcd5d8f,local,3,9.188417830995917,5.525627074279539,0.0,3.164619581068763,,True,2.9
ladder,raw/d1/constrained/kalman,7,raw,1,constrained,kalman,60,"4,20,96",regen-v2,637c6b535a9e,dcd5d8f,local,3,8.115825681182903,7.1245555353508285,0.0,3.187029787498648,,True,3.6
ladder,raw/d1/ensemble/none,7,raw,1,ensemble,none,60,"4,20,96",regen-v2,637c6b535a9e,dcd5d8f,local,23,7.990219383055353,2.8115121366884717,0.0,1.8440353071813345,,True,3.3
ladder,raw/d1/ensemble/savgol,7,raw,1,ensemble,savgol,60,"4,20,96",regen-v2,637c6b535a9e,dcd5d8f,local,3,9.188417830995917,6.011956789074356,0.0,3.1753663366079867,,True,3.2
ladder,raw/d1/ensemble/kalman,7,raw,1,ensemble,kalman,60,"4,20,96",regen-v2,637c6b535a9e,dcd5d8f,local,3,8.115825681182903,6.227153689320597,0.0,3.1784310921975063,,True,3.8
ladder,raw/d2/stlsq/none,7,raw,2,stlsq,none,60,"4,20,96",regen-v2,637c6b535a9e,dcd5d8f,local,44,7.990219383055353,2.1359483640838905,0.016666666666666666,1.2705768756077185,,False,14.3
ladder,raw/d2/stlsq/savgol,7,raw,2,stlsq,savgol,60,"4,20,96",regen-v2,637c6b535a9e,dcd5d8f,local,3,9.188417830995917,6.019386470459137,0.0,3.175483260007941,,False,14.7
ladder,raw/d2/stlsq/kalman,7,raw,2,stlsq,kalman,60,"4,20,96",regen-v2,637c6b535a9e,dcd5d8f,local,3,8.115825681182903,6.219675731433161,0.0,3.178334467604866,,False,15.4
ladder,raw/d2/sr3/none,7,raw,2,sr3,none,60,"4,20,96",regen-v2,637c6b535a9e,dcd5d8f,local,7,7.990219383055353,5.127608671382063,0.0,2.4253487740955064,,False,15.2
ladder,raw/d2/sr3/savgol,7,raw,2,sr3,savgol,60,"4,20,96",regen-v2,637c6b535a9e,dcd5d8f,local,3,9.188417830995917,5.410170604575925,0.0,3.1603892869981816,,False,14.2
ladder,raw/d2/sr3/kalman,7,raw,2,sr3,kalman,60,"4,20,96",regen-v2,637c6b535a9e,dcd5d8f,local,3,8.115825681182903,7.144891875195392,0.0,3.1871785035330418,,False,14.8
ladder,raw/d2/constrained/none,7,raw,2,constrained,none,60,"4,20,96",regen-v2,637c6b535a9e,dcd5d8f,local,7,7.990219383055353,5.127608671382063,0.0,2.4253487740955064,,False,15.1
ladder,raw/d2/constrained/savgol,7,raw,2,constrained,savgol,60,"4,20,96",regen-v2,637c6b535a9e,dcd5d8f,local,3,9.188417830995917,5.410170604575925,0.0,3.1603892869981816,,False,14.3
ladder,raw/d2/constrained/kalman,7,raw,2,constrained,kalman,60,"4,20,96",regen-v2,637c6b535a9e,dcd5d8f,local,3,8.115825681182903,7.144891875195392,0.0,3.1871785035330418,,False,15.7
ladder,raw/d2/ensemble/none,7,raw,2,ensemble,none,60,"4,20,96",regen-v2,637c6b535a9e,dcd5d8f,local,47,7.990219383055353,2.0257543271211365,0.016666666666666666,1.2202764994248458,,False,28.1
ladder,raw/d2/ensemble/savgol,7,raw,2,ensemble,savgol,60,"4,20,96",regen-v2,637c6b535a9e,dcd5d8f,local,3,9.188417830995917,6.032164225510789,0.0,3.175682239520428,,False,27.4
ladder,raw/d2/ensemble/kalman,7,raw,2,ensemble,kalman,60,"4,20,96",regen-v2,637c6b535a9e,dcd5d8f,local,3,8.115825681182903,6.213753506807661,0.0,3.1782575022786945,,False,26.5
ladder,physics/d1/stlsq/none,7,physics,1,stlsq,none,60,"4,20,96",regen-v2,637c6b535a9e,dcd5d8f,local,37,52.40560364833808,14.626351389975563,0.03333333333333333,1.701117404949609,,True,3.5
ladder,physics/d1/stlsq/savgol,7,physics,1,stlsq,savgol,60,"4,20,96",regen-v2,637c6b535a9e,dcd5d8f,local,3,41.904537062565474,6.019386470459137,0.0,3.175483260007941,,True,3.9
ladder,physics/d1/stlsq/kalman,7,physics,1,stlsq,kalman,60,"4,20,96",regen-v2,637c6b535a9e,dcd5d8f,local,3,39.875375199221445,6.219675731433161,0.0,3.178334467604866,,True,4.8
ladder,physics/d1/sr3/none,7,physics,1,sr3,none,60,"4,20,96",regen-v2,637c6b535a9e,dcd5d8f,local,13,52.40560364833808,3273.517178209572,0.15,2.237536029530649,,True,3.5
ladder,physics/d1/sr3/savgol,7,physics,1,sr3,savgol,60,"4,20,96",regen-v2,637c6b535a9e,dcd5d8f,local,3,41.904537062565474,5.656086856083693,0.0,3.1683236738411464,,True,3.5
ladder,physics/d1/sr3/kalman,7,physics,1,sr3,kalman,60,"4,20,96",regen-v2,637c6b535a9e,dcd5d8f,local,3,39.875375199221445,7.972431477962173,0.0,3.192289324505626,,True,4.1
ladder,physics/d1/constrained/none,7,physics,1,constrained,none,60,"4,20,96",regen-v2,637c6b535a9e,dcd5d8f,local,13,52.40560364833808,3273.517178209572,0.15,2.237536029530649,,True,3.6
ladder,physics/d1/constrained/savgol,7,physics,1,constrained,savgol,60,"4,20,96",regen-v2,637c6b535a9e,dcd5d8f,local,3,41.904537062565474,5.656086856083693,0.0,3.1683236738411464,,True,3.8
ladder,physics/d1/constrained/kalman,7,physics,1,constrained,kalman,60,"4,20,96",regen-v2,637c6b535a9e,dcd5d8f,local,3,39.875375199221445,7.972431477962173,0.0,3.192289324505626,,True,4.4
ladder,physics/d1/ensemble/none,7,physics,1,ensemble,none,60,"4,20,96",regen-v2,637c6b535a9e,dcd5d8f,local,40,52.40560364833808,17.768937517737875,0.05,1.6956517780788556,,True,4.4
ladder,physics/d1/ensemble/savgol,7,physics,1,ensemble,savgol,60,"4,20,96",regen-v2,637c6b535a9e,dcd5d8f,local,3,41.904537062565474,6.036236756717595,0.0,3.1757451073971374,,True,4.2
ladder,physics/d1/ensemble/kalman,7,physics,1,ensemble,kalman,60,"4,20,96",regen-v2,637c6b535a9e,dcd5d8f,local,3,39.875375199221445,6.238495568056971,0.0,3.1785764695958267,,True,5.0
ladder,physics/d2/stlsq/none,7,physics,2,stlsq,none,60,"4,20,96",regen-v2,637c6b535a9e,dcd5d8f,local,252,52.40560364833808,732.6826225928079,0.03333333333333333,0.9686232607165477,,False,32.7
ladder,physics/d2/stlsq/savgol,7,physics,2,stlsq,savgol,60,"4,20,96",regen-v2,637c6b535a9e,dcd5d8f,local,5,41.904537062565474,6.019386470459137,0.0,3.175483260007941,,False,31.5
ladder,physics/d2/stlsq/kalman,7,physics,2,stlsq,kalman,60,"4,20,96",regen-v2,637c6b535a9e,dcd5d8f,local,3,39.875375199221445,6.219675731433161,0.0,3.178334467604866,,False,29.9
ladder,physics/d2/sr3/none,7,physics,2,sr3,none,60,"4,20,96",regen-v2,637c6b535a9e,dcd5d8f,local,138,52.40560364833808,5463.82119458536,0.5333333333333333,9.480129175737382,,False,10.8
ladder,physics/d2/sr3/savgol,7,physics,2,sr3,savgol,60,"4,20,96",regen-v2,637c6b535a9e,dcd5d8f,local,3,41.904537062565474,5.733953586099837,0.0,3.170170134060357,,False,30.1
ladder,physics/d2/sr3/kalman,7,physics,2,sr3,kalman,60,"4,20,96",regen-v2,637c6b535a9e,dcd5d8f,local,3,39.875375199221445,8.388980090422697,0.0,3.1943611961727494,,False,30.5
ladder,physics/d2/constrained/none,7,physics,2,constrained,none,60,"4,20,96",regen-v2,637c6b535a9e,dcd5d8f,local,138,52.40560364833808,5463.82119458536,0.5333333333333333,9.480129175737382,,False,11.1
ladder,physics/d2/constrained/savgol,7,physics,2,constrained,savgol,60,"4,20,96",regen-v2,637c6b535a9e,dcd5d8f,local,3,41.904537062565474,5.733953586099837,0.0,3.170170134060357,,False,32.1
ladder,physics/d2/constrained/kalman,7,physics,2,constrained,kalman,60,"4,20,96",regen-v2,637c6b535a9e,dcd5d8f,local,3,39.875375199221445,8.388980090422697,0.0,3.1943611961727494,,False,30.5
ladder,physics/d2/ensemble/none,7,physics,2,ensemble,none,60,"4,20,96",regen-v2,637c6b535a9e,dcd5d8f,local,249,52.40560364833808,19982.423752534276,0.8,14.131547780001464,,False,144.5
ladder,physics/d2/ensemble/savgol,7,physics,2,ensemble,savgol,60,"4,20,96",regen-v2,637c6b535a9e,dcd5d8f,local,3,41.904537062565474,5.994707579884588,0.0,3.1750913114525714,,False,115.0
ladder,physics/d2/ensemble/kalman,7,physics,2,ensemble,kalman,60,"4,20,96",regen-v2,637c6b535a9e,dcd5d8f,local,3,39.875375199221445,6.196624897391103,0.0,3.1780326559268164,,False,96.8
ladder,physics_no_cross/d1/stlsq/none,7,physics_no_cross,1,stlsq,none,60,"4,20,96",regen-v2,637c6b535a9e,dcd5d8f,local,28,23.458958220833033,16.251567285061927,0.016666666666666666,1.7267230815420036,,True,3.2
ladder,physics_no_cross/d1/stlsq/savgol,7,physics_no_cross,1,stlsq,savgol,60,"4,20,96",regen-v2,637c6b535a9e,dcd5d8f,local,3,13.972747766791445,6.019386470459137,0.0,3.175483260007941,,True,3.2
ladder,physics_no_cross/d1/stlsq/kalman,7,physics_no_cross,1,stlsq,kalman,60,"4,20,96",regen-v2,637c6b535a9e,dcd5d8f,local,3,13.892205478107888,6.219675731433161,0.0,3.178334467604866,,True,4.1
ladder,physics_no_cross/d1/sr3/none,7,physics_no_cross,1,sr3,none,60,"4,20,96",regen-v2,637c6b535a9e,dcd5d8f,local,8,23.458958220833033,4.551941425516318,0.0,2.8168050109542797,,True,3.3
ladder,physics_no_cross/d1/sr3/savgol,7,physics_no_cross,1,sr3,savgol,60,"4,20,96",regen-v2,637c6b535a9e,dcd5d8f,local,3,13.972747766791445,5.824834531920553,0.0,3.1720736406387124,,True,3.5
ladder,physics_no_cross/d1/sr3/kalman,7,physics_no_cross,1,sr3,kalman,60,"4,20,96",regen-v2,637c6b535a9e,dcd5d8f,local,3,13.892205478107888,7.898330676684068,0.0,3.1918920099997434,,True,3.9
ladder,physics_no_cross/d1/constrained/none,7,physics_no_cross,1,constrained,none,60,"4,20,96",regen-v2,637c6b535a9e,dcd5d8f,local,8,23.458958220833033,4.551941425516318,0.0,2.8168050109542797,,True,3.4
ladder,physics_no_cross/d1/constrained/savgol,7,physics_no_cross,1,constrained,savgol,60,"4,20,96",regen-v2,637c6b535a9e,dcd5d8f,local,3,13.972747766791445,5.824834531920553,0.0,3.1720736406387124,,True,3.1
ladder,physics_no_cross/d1/constrained/kalman,7,physics_no_cross,1,constrained,kalman,60,"4,20,96",regen-v2,637c6b535a9e,dcd5d8f,local,3,13.892205478107888,7.898330676684068,0.0,3.1918920099997434,,True,4.1
ladder,physics_no_cross/d1/ensemble/none,7,physics_no_cross,1,ensemble,none,60,"4,20,96",regen-v2,637c6b535a9e,dcd5d8f,local,28,23.458958220833033,17.08091202172555,0.03333333333333333,1.7280154089907893,,True,3.6
ladder,physics_no_cross/d1/ensemble/savgol,7,physics_no_cross,1,ensemble,savgol,60,"4,20,96",regen-v2,637c6b535a9e,dcd5d8f,local,3,13.972747766791445,6.019689273658044,0.0,3.175488006039087,,True,3.6
ladder,physics_no_cross/d1/ensemble/kalman,7,physics_no_cross,1,ensemble,kalman,60,"4,20,96",regen-v2,637c6b535a9e,dcd5d8f,local,3,13.892205478107888,6.219498473025452,0.0,3.178332169658677,,True,4.5
ladder,physics_no_cross/d2/stlsq/none,7,physics_no_cross,2,stlsq,none,60,"4,20,96",regen-v2,637c6b535a9e,dcd5d8f,local,130,23.458958220833033,65.22501299761173,0.016666666666666666,1.0367325443301836,,False,22.0
ladder,physics_no_cross/d2/stlsq/savgol,7,physics_no_cross,2,stlsq,savgol,60,"4,20,96",regen-v2,637c6b535a9e,dcd5d8f,local,3,13.972747766791445,6.019386470459137,0.0,3.175483260007941,,False,21.8
ladder,physics_no_cross/d2/stlsq/kalman,7,physics_no_cross,2,stlsq,kalman,60,"4,20,96",regen-v2,637c6b535a9e,dcd5d8f,local,3,13.892205478107888,6.219675731433161,0.0,3.178334467604866,,False,22.6
ladder,physics_no_cross/d2/sr3/none,7,physics_no_cross,2,sr3,none,60,"4,20,96",regen-v2,637c6b535a9e,dcd5d8f,local,53,23.458958220833033,178.53723956225102,0.36666666666666664,8.353702196460649,,False,11.3
ladder,physics_no_cross/d2/sr3/savgol,7,physics_no_cross,2,sr3,savgol,60,"4,20,96",regen-v2,637c6b535a9e,dcd5d8f,local,3,13.972747766791445,5.732519147458812,0.0,3.170138077443739,,False,20.4
ladder,physics_no_cross/d2/sr3/kalman,7,physics_no_cross,2,sr3,kalman,60,"4,20,96",regen-v2,637c6b535a9e,dcd5d8f,local,3,13.892205478107888,8.155848036030974,0.0,3.1932335178435793,,False,22.0
ladder,physics_no_cross/d2/constrained/none,7,physics_no_cross,2,constrained,none,60,"4,20,96",regen-v2,637c6b535a9e,dcd5d8f,local,53,23.458958220833033,178.53723956225102,0.36666666666666664,8.353702196460649,,False,12.1
ladder,physics_no_cross/d2/constrained/savgol,7,physics_no_cross,2,constrained,savgol,60,"4,20,96",regen-v2,637c6b535a9e,dcd5d8f,local,3,13.972747766791445,5.732519147458812,0.0,3.170138077443739,,False,20.9
ladder,physics_no_cross/d2/constrained/kalman,7,physics_no_cross,2,constrained,kalman,60,"4,20,96",regen-v2,637c6b535a9e,dcd5d8f,local,3,13.892205478107888,8.155848036030974,0.0,3.1932335178435793,,False,22.0
ladder,physics_no_cross/d2/ensemble/none,7,physics_no_cross,2,ensemble,none,60,"4,20,96",regen-v2,637c6b535a9e,dcd5d8f,local,131,23.458958220833033,2148.779915735044,0.26666666666666666,1.8205815699787764,,False,59.5
ladder,physics_no_cross/d2/ensemble/savgol,7,physics_no_cross,2,ensemble,savgol,60,"4,20,96",regen-v2,637c6b535a9e,dcd5d8f,local,3,13.972747766791445,6.0067884135931635,0.0,3.175284458976802,,False,52.6
ladder,physics_no_cross/d2/ensemble/kalman,7,physics_no_cross,2,ensemble,kalman,60,"4,20,96",regen-v2,637c6b535a9e,dcd5d8f,local,3,13.892205478107888,6.203096714117526,0.0,3.1781180067127863,,False,53.5
ladder,raw/d1/stlsq/none,8,raw,1,stlsq,none,60,"4,20,96",regen-v2,637c6b535a9e,dcd5d8f,local,21,8.130196023668125,2.4962185264110786,0.0,1.8156871397829,,True,3.1
ladder,raw/d1/stlsq/savgol,8,raw,1,stlsq,savgol,60,"4,20,96",regen-v2,637c6b535a9e,dcd5d8f,local,3,9.283366388554587,5.58411265262662,0.0,2.988653035468998,,True,3.2
ladder,raw/d1/stlsq/kalman,8,raw,1,stlsq,kalman,60,"4,20,96",regen-v2,637c6b535a9e,dcd5d8f,local,3,8.113243359748171,5.783743262065728,0.0,2.9913230777174373,,True,3.6
ladder,raw/d1/sr3/none,8,raw,1,sr3,none,60,"4,20,96",regen-v2,637c6b535a9e,dcd5d8f,local,6,8.130196023668125,4.160384882177564,0.0,2.3486762914788355,,True,2.7
ladder,raw/d1/sr3/savgol,8,raw,1,sr3,savgol,60,"4,20,96",regen-v2,637c6b535a9e,dcd5d8f,local,3,9.283366388554587,5.2228541152193415,0.0,2.9819179194813774,,True,3.1
ladder,raw/d1/sr3/kalman,8,raw,1,sr3,kalman,60,"4,20,96",regen-v2,637c6b535a9e,dcd5d8f,local,3,8.113243359748171,6.07795473473976,0.0,2.9945072155732197,,True,3.7
ladder,raw/d1/constrained/none,8,raw,1,constrained,none,60,"4,20,96",regen-v2,637c6b535a9e,dcd5d8f,local,6,8.130196023668125,4.160384882177564,0.0,2.3486762914788355,,True,3.0
ladder,raw/d1/constrained/savgol,8,raw,1,constrained,savgol,60,"4,20,96",regen-v2,637c6b535a9e,dcd5d8f,local,3,9.283366388554587,5.2228541152193415,0.0,2.9819179194813774,,True,3.2
ladder,raw/d1/constrained/kalman,8,raw,1,constrained,kalman,60,"4,20,96",regen-v2,637c6b535a9e,dcd5d8f,local,3,8.113243359748171,6.07795473473976,0.0,2.9945072155732197,,True,3.5
ladder,raw/d1/ensemble/none,8,raw,1,ensemble,none,60,"4,20,96",regen-v2,637c6b535a9e,dcd5d8f,local,21,8.130196023668125,2.49473084620326,0.0,1.8170530459216963,,True,3.2
ladder,raw/d1/ensemble/savgol,8,raw,1,ensemble,savgol,60,"4,20,96",regen-v2,637c6b535a9e,dcd5d8f,local,3,9.283366388554587,5.593439048382888,0.0,2.9887899475169846,,True,3.3
ladder,raw/d1/ensemble/kalman,8,raw,1,ensemble,kalman,60,"4,20,96",regen-v2,637c6b535a9e,dcd5d8f,local,3,8.113243359748171,5.794944073640509,0.0,2.991458613706457,,True,4.1
ladder,raw/d2/stlsq/none,8,raw,2,stlsq,none,60,"4,20,96",regen-v2,637c6b535a9e,dcd5d8f,local,49,8.130196023668125,2.8352590261432553,0.016666666666666666,1.115231041032464,,False,15.9
ladder,raw/d2/stlsq/savgol,8,raw,2,stlsq,savgol,60,"4,20,96",regen-v2,637c6b535a9e,dcd5d8f,local,3,9.283366388554587,5.58411265262662,0.0,2.988653035468998,,False,15.8
ladder,raw/d2/stlsq/kalman,8,raw,2,stlsq,kalman,60,"4,20,96",regen-v2,637c6b535a9e,dcd5d8f,local,3,8.113243359748171,5.783743262065728,0.0,2.9913230777174373,,False,16.1
ladder,raw/d2/sr3/none,8,raw,2,sr3,none,60,"4,20,96",regen-v2,637c6b535a9e,dcd5d8f,local,6,8.130196023668125,4.708417765206285,0.0,2.330347015690186,,False,14.6
ladder,raw/d2/sr3/savgol,8,raw,2,sr3,savgol,60,"4,20,96",regen-v2,637c6b535a9e,dcd5d8f,local,3,9.283366388554587,4.989106174995012,0.0,2.9747743988848216,,False,15.7
ladder,raw/d2/sr3/kalman,8,raw,2,sr3,kalman,60,"4,20,96",regen-v2,637c6b535a9e,dcd5d8f,local,3,8.113243359748171,5.740217723544444,0.0,2.9907834412851657,,False,16.8
ladder,raw/d2/constrained/none,8,raw,2,constrained,none,60,"4,20,96",regen-v2,637c6b535a9e,dcd5d8f,local,6,8.130196023668125,4.708417765206285,0.0,2.330347015690186,,False,16.2
ladder,raw/d2/constrained/savgol,8,raw,2,constrained,savgol,60,"4,20,96",regen-v2,637c6b535a9e,dcd5d8f,local,3,9.283366388554587,4.989106174995012,0.0,2.9747743988848216,,False,16.4
ladder,raw/d2/constrained/kalman,8,raw,2,constrained,kalman,60,"4,20,96",regen-v2,637c6b535a9e,dcd5d8f,local,3,8.113243359748171,5.740217723544444,0.0,2.9907834412851657,,False,16.8
ladder,raw/d2/ensemble/none,8,raw,2,ensemble,none,60,"4,20,96",regen-v2,637c6b535a9e,dcd5d8f,local,49,8.130196023668125,7.718876027697478,0.016666666666666666,1.116610946359803,,False,29.7
ladder,raw/d2/ensemble/savgol,8,raw,2,ensemble,savgol,60,"4,20,96",regen-v2,637c6b535a9e,dcd5d8f,local,3,9.283366388554587,5.562694406920929,0.0,2.9883333714820917,,False,28.9
ladder,raw/d2/ensemble/kalman,8,raw,2,ensemble,kalman,60,"4,20,96",regen-v2,637c6b535a9e,dcd5d8f,local,3,8.113243359748171,5.791757647810881,0.0,2.991420190806886,,False,30.0
ladder,physics/d1/stlsq/none,8,physics,1,stlsq,none,60,"4,20,96",regen-v2,637c6b535a9e,dcd5d8f,local,38,54.88054683509845,21.565265402519657,0.06666666666666667,1.6639786791766307,,True,3.8
ladder,physics/d1/stlsq/savgol,8,physics,1,stlsq,savgol,60,"4,20,96",regen-v2,637c6b535a9e,dcd5d8f,local,3,43.35605959778504,5.58411265262662,0.0,2.988653035468998,,True,4.0
ladder,physics/d1/stlsq/kalman,8,physics,1,stlsq,kalman,60,"4,20,96",regen-v2,637c6b535a9e,dcd5d8f,local,3,41.57398210759731,5.783743262065728,0.0,2.9913230777174373,,True,4.7
ladder,physics/d1/sr3/none,8,physics,1,sr3,none,60,"4,20,96",regen-v2,637c6b535a9e,dcd5d8f,local,18,54.88054683509845,7925.576893983557,0.21666666666666667,2.391590229445222,,True,2.9
ladder,physics/d1/sr3/savgol,8,physics,1,sr3,savgol,60,"4,20,96",regen-v2,637c6b535a9e,dcd5d8f,local,3,43.35605959778504,4.999075804525351,0.0,2.975163553484658,,True,3.8
ladder,physics/d1/sr3/kalman,8,physics,1,sr3,kalman,60,"4,20,96",regen-v2,637c6b535a9e,dcd5d8f,local,3,41.57398210759731,6.17754588099328,0.0,2.9954396989874286,,True,4.5
ladder,physics/d1/constrained/none,8,physics,1,constrained,none,60,"4,20,96",regen-v2,637c6b535a9e,dcd5d8f,local,18,54.88054683509845,7925.576893983557,0.21666666666666667,2.391590229445222,,True,2.8
ladder,physics/d1/constrained/savgol,8,physics,1,constrained,savgol,60,"4,20,96",regen-v2,637c6b535a9e,dcd5d8f,local,3,43.35605959778504,4.999075804525351,0.0,2.975163553484658,,True,4.0
ladder,physics/d1/constrained/kalman,8,physics,1,constrained,kalman,60,"4,20,96",regen-v2,637c6b535a9e,dcd5d8f,local,3,41.57398210759731,6.17754588099328,0.0,2.9954396989874286,,True,4.8
ladder,physics/d1/ensemble/none,8,physics,1,ensemble,none,60,"4,20,96",regen-v2,637c6b535a9e,dcd5d8f,local,38,54.88054683509845,20.7839634969843,0.06666666666666667,1.6645437032633132,,True,4.5
ladder,physics/d1/ensemble/savgol,8,physics,1,ensemble,savgol,60,"4,20,96",regen-v2,637c6b535a9e,dcd5d8f,local,3,43.35605959778504,5.570243285733656,0.0,2.988446884960812,,True,4.2
ladder,physics/d1/ensemble/kalman,8,physics,1,ensemble,kalman,60,"4,20,96",regen-v2,637c6b535a9e,dcd5d8f,local,3,41.57398210759731,5.785327723904145,0.0,2.9913423311999034,,True,5.5
ladder,physics/d2/stlsq/none,8,physics,2,stlsq,none,60,"4,20,96",regen-v2,637c6b535a9e,dcd5d8f,local,262,54.88054683509845,99.28771080540973,0.05,0.946142802196519,,False,30.8
ladder,physics/d2/stlsq/savgol,8,physics,2,stlsq,savgol,60,"4,20,96",regen-v2,637c6b535a9e,dcd5d8f,local,5,43.35605959778504,5.58411265262662,0.0,2.988653035468998,,False,31.7
ladder,physics/d2/stlsq/kalman,8,physics,2,stlsq,kalman,60,"4,20,96",regen-v2,637c6b535a9e,dcd5d8f,local,3,41.57398210759731,5.783743262065728,0.0,2.9913230777174373,,False,31.5
ladder,physics/d2/sr3/none,8,physics,2,sr3,none,60,"4,20,96",regen-v2,637c6b535a9e,dcd5d8f,local,140,54.88054683509845,484.91531341043753,0.3333333333333333,3.450006901701484,,False,20.7
ladder,physics/d2/sr3/savgol,8,physics,2,sr3,savgol,60,"4,20,96",regen-v2,637c6b535a9e,dcd5d8f,local,8,43.35605959778504,11.351615788780522,0.0,3.077826687978126,,False,31.3
ladder,physics/d2/sr3/kalman,8,physics,2,sr3,kalman,60,"4,20,96",regen-v2,637c6b535a9e,dcd5d8f,local,3,41.57398210759731,6.343707263028522,0.0,2.9968706791723805,,False,32.2
ladder,physics/d2/constrained/none,8,physics,2,constrained,none,60,"4,20,96",regen-v2,637c6b535a9e,dcd5d8f,local,140,54.88054683509845,484.91531341043753,0.3333333333333333,3.450006901701484,,False,21.9
ladder,physics/d2/constrained/savgol,8,physics,2,constrained,savgol,60,"4,20,96",regen-v2,637c6b535a9e,dcd5d8f,local,8,43.35605959778504,11.351615788780522,0.0,3.077826687978126,,False,31.7
ladder,physics/d2/constrained/kalman,8,physics,2,constrained,kalman,60,"4,20,96",regen-v2,637c6b535a9e,dcd5d8f,local,3,41.57398210759731,6.343707263028522,0.0,2.9968706791723805,,False,31.9
ladder,physics/d2/ensemble/none,8,physics,2,ensemble,none,60,"4,20,96",regen-v2,637c6b535a9e,dcd5d8f,local,246,54.88054683509845,1752.212632325909,0.9833333333333333,27.674343717562305,,False,124.6
ladder,physics/d2/ensemble/savgol,8,physics,2,ensemble,savgol,60,"4,20,96",regen-v2,637c6b535a9e,dcd5d8f,local,5,43.35605959778504,5.509701146933441,0.0,2.9875090527575145,,False,106.7
ladder,physics/d2/ensemble/kalman,8,physics,2,ensemble,kalman,60,"4,20,96",regen-v2,637c6b535a9e,dcd5d8f,local,3,41.57398210759731,5.787080743182935,0.0,2.99136360179436,,False,100.9
ladder,physics_no_cross/d1/stlsq/none,8,physics_no_cross,1,stlsq,none,60,"4,20,96",regen-v2,637c6b535a9e,dcd5d8f,local,28,25.252650972588167,14.420252811015311,0.03333333333333333,1.7170628590507424,,True,3.1
ladder,physics_no_cross/d1/stlsq/savgol,8,physics_no_cross,1,stlsq,savgol,60,"4,20,96",regen-v2,637c6b535a9e,dcd5d8f,local,3,14.618847428616023,5.58411265262662,0.0,2.988653035468998,,True,3.5
ladder,physics_no_cross/d1/stlsq/kalman,8,physics_no_cross,1,stlsq,kalman,60,"4,20,96",regen-v2,637c6b535a9e,dcd5d8f,local,3,14.654284406029872,5.783743262065728,0.0,2.9913230777174373,,True,3.5
ladder,physics_no_cross/d1/sr3/none,8,physics_no_cross,1,sr3,none,60,"4,20,96",regen-v2,637c6b535a9e,dcd5d8f,local,10,25.252650972588167,5.748764875280223,0.0,2.1703658194370887,,True,2.6
ladder,physics_no_cross/d1/sr3/savgol,8,physics_no_cross,1,sr3,savgol,60,"4,20,96",regen-v2,637c6b535a9e,dcd5d8f,local,3,14.618847428616023,5.2147548858763875,0.0,2.981722148424283,,True,3.0
ladder,physics_no_cross/d1/sr3/kalman,8,physics_no_cross,1,sr3,kalman,60,"4,20,96",regen-v2,637c6b535a9e,dcd5d8f,local,3,14.654284406029872,6.333602283412345,0.0,2.996787640805039,,True,4.2
ladder,physics_no_cross/d1/constrained/none,8,physics_no_cross,1,constrained,none,60,"4,20,96",regen-v2,637c6b535a9e,dcd5d8f,local,10,25.252650972588167,5.748764875280223,0.0,2.1703658194370887,,True,3.6
ladder,physics_no_cross/d1/constrained/savgol,8,physics_no_cross,1,constrained,savgol,60,"4,20,96",regen-v2,637c6b535a9e,dcd5d8f,local,3,14.618847428616023,5.2147548858763875,0.0,2.981722148424283,,True,3.3
ladder,physics_no_cross/d1/constrained/kalman,8,physics_no_cross,1,constrained,kalman,60,"4,20,96",regen-v2,637c6b535a9e,dcd5d8f,local,3,14.654284406029872,6.333602283412345,0.0,2.996787640805039,,True,4.0
ladder,physics_no_cross/d1/ensemble/none,8,physics_no_cross,1,ensemble,none,60,"4,20,96",regen-v2,637c6b535a9e,dcd5d8f,local,28,25.252650972588167,12.557510418635399,0.03333333333333333,1.7171861969551299,,True,3.7
ladder,physics_no_cross/d1/ensemble/savgol,8,physics_no_cross,1,ensemble,savgol,60,"4,20,96",regen-v2,637c6b535a9e,dcd5d8f,local,3,14.618847428616023,5.569262223176117,0.0,2.9884321853247995,,True,3.3
ladder,physics_no_cross/d1/ensemble/kalman,8,physics_no_cross,1,ensemble,kalman,60,"4,20,96",regen-v2,637c6b535a9e,dcd5d8f,local,3,14.654284406029872,5.777644781953475,0.0,2.9912487219520902,,True,4.4
ladder,physics_no_cross/d2/stlsq/none,8,physics_no_cross,2,stlsq,none,60,"4,20,96",regen-v2,637c6b535a9e,dcd5d8f,local,109,25.252650972588167,9.780470497537456,0.016666666666666666,1.0211785185156117,,False,22.3
ladder,physics_no_cross/d2/stlsq/savgol,8,physics_no_cross,2,stlsq,savgol,60,"4,20,96",regen-v2,637c6b535a9e,dcd5d8f,local,3,14.618847428616023,5.58411265262662,0.0,2.988653035468998,,False,21.0
ladder,physics_no_cross/d2/stlsq/kalman,8,physics_no_cross,2,stlsq,kalman,60,"4,20,96",regen-v2,637c6b535a9e,dcd5d8f,local,3,14.654284406029872,5.783743262065728,0.0,2.9913230777174373,,False,23.6
ladder,physics_no_cross/d2/sr3/none,8,physics_no_cross,2,sr3,none,60,"4,20,96",regen-v2,637c6b535a9e,dcd5d8f,local,47,25.252650972588167,6578.845012924786,0.31666666666666665,5.122638609787785,,False,15.3
ladder,physics_no_cross/d2/sr3/savgol,8,physics_no_cross,2,sr3,savgol,60,"4,20,96",regen-v2,637c6b535a9e,dcd5d8f,local,3,14.618847428616023,5.308251686173462,0.0,2.9838302919426845,,False,20.5
ladder,physics_no_cross/d2/sr3/kalman,8,physics_no_cross,2,sr3,kalman,60,"4,20,96",regen-v2,637c6b535a9e,dcd5d8f,local,3,14.654284406029872,6.148600808931949,0.0,2.9951749725188073,,False,20.5
ladder,physics_no_cross/d2/constrained/none,8,physics_no_cross,2,constrained,none,60,"4,20,96",regen-v2,637c6b535a9e,dcd5d8f,local,47,25.252650972588167,6578.845012924786,0.31666666666666665,5.122638609787785,,False,13.7
ladder,physics_no_cross/d2/constrained/savgol,8,physics_no_cross,2,constrained,savgol,60,"4,20,96",regen-v2,637c6b535a9e,dcd5d8f,local,3,14.618847428616023,5.308251686173462,0.0,2.9838302919426845,,False,19.9
ladder,physics_no_cross/d2/constrained/kalman,8,physics_no_cross,2,constrained,kalman,60,"4,20,96",regen-v2,637c6b535a9e,dcd5d8f,local,3,14.654284406029872,6.148600808931949,0.0,2.9951749725188073,,False,19.1
ladder,physics_no_cross/d2/ensemble/none,8,physics_no_cross,2,ensemble,none,60,"4,20,96",regen-v2,637c6b535a9e,dcd5d8f,local,108,25.252650972588167,1067.8975549244399,0.4166666666666667,3.8428063065070908,,False,54.7
ladder,physics_no_cross/d2/ensemble/savgol,8,physics_no_cross,2,ensemble,savgol,60,"4,20,96",regen-v2,637c6b535a9e,dcd5d8f,local,3,14.618847428616023,5.591687541844623,0.0,2.9887643387428646,,False,53.2
ladder,physics_no_cross/d2/ensemble/kalman,8,physics_no_cross,2,ensemble,kalman,60,"4,20,96",regen-v2,637c6b535a9e,dcd5d8f,local,3,14.654284406029872,5.770973126426965,0.0,2.9911669183157588,,False,50.2
ladder,raw/d1/stlsq/none,9,raw,1,stlsq,none,60,"4,20,96",regen-v2,637c6b535a9e,dcd5d8f,local,18,8.000820070203847,2.7443586436640346,0.0,1.8803846343264106,,True,2.6
ladder,raw/d1/stlsq/savgol,9,raw,1,stlsq,savgol,60,"4,20,96",regen-v2,637c6b535a9e,dcd5d8f,local,3,9.204486878144236,5.698410407150589,0.0,3.0741286350540564,,True,2.7
ladder,raw/d1/stlsq/kalman,9,raw,1,stlsq,kalman,60,"4,20,96",regen-v2,637c6b535a9e,dcd5d8f,local,3,8.328351636300056,5.880731709887695,0.0,3.0767982432740397,,True,3.5
ladder,raw/d1/sr3/none,9,raw,1,sr3,none,60,"4,20,96",regen-v2,637c6b535a9e,dcd5d8f,local,6,8.000820070203847,4.132482054021639,0.0,2.4676740572803597,,True,2.8
ladder,raw/d1/sr3/savgol,9,raw,1,sr3,savgol,60,"4,20,96",regen-v2,637c6b535a9e,dcd5d8f,local,3,9.204486878144236,5.056419312414522,0.0,3.0542234986376444,,True,2.5
ladder,raw/d1/sr3/kalman,9,raw,1,sr3,kalman,60,"4,20,96",regen-v2,637c6b535a9e,dcd5d8f,local,3,8.328351636300056,5.575946000674222,0.0,3.071986186061148,,True,3.5
ladder,raw/d1/constrained/none,9,raw,1,constrained,none,60,"4,20,96",regen-v2,637c6b535a9e,dcd5d8f,local,6,8.000820070203847,4.132482054021639,0.0,2.4676740572803597,,True,2.9
ladder,raw/d1/constrained/savgol,9,raw,1,constrained,savgol,60,"4,20,96",regen-v2,637c6b535a9e,dcd5d8f,local,3,9.204486878144236,5.056419312414522,0.0,3.0542234986376444,,True,2.6
ladder,raw/d1/constrained/kalman,9,raw,1,constrained,kalman,60,"4,20,96",regen-v2,637c6b535a9e,dcd5d8f,local,3,8.328351636300056,5.575946000674222,0.0,3.071986186061148,,True,3.4
ladder,raw/d1/ensemble/none,9,raw,1,ensemble,none,60,"4,20,96",regen-v2,637c6b535a9e,dcd5d8f,local,20,8.000820070203847,2.749309498550529,0.0,1.880425373232949,,True,3.0
ladder,raw/d1/ensemble/savgol,9,raw,1,ensemble,savgol,60,"4,20,96",regen-v2,637c6b535a9e,dcd5d8f,local,3,9.204486878144236,5.700808977290083,0.0,3.0741673909171245,,True,3.0
ladder,raw/d1/ensemble/kalman,9,raw,1,ensemble,kalman,60,"4,20,96",regen-v2,637c6b535a9e,dcd5d8f,local,3,8.328351636300056,5.908011664034472,0.0,3.0771561795250615,,True,4.0
ladder,raw/d2/stlsq/none,9,raw,2,stlsq,none,60,"4,20,96",regen-v2,637c6b535a9e,dcd5d8f,local,52,8.000820070203847,2.0558410349969893,0.0,1.0785068660176462,,False,14.4
ladder,raw/d2/stlsq/savgol,9,raw,2,stlsq,savgol,60,"4,20,96",regen-v2,637c6b535a9e,dcd5d8f,local,3,9.204486878144236,5.698410407150589,0.0,3.0741286350540564,,False,14.0
ladder,raw/d2/stlsq/kalman,9,raw,2,stlsq,kalman,60,"4,20,96",regen-v2,637c6b535a9e,dcd5d8f,local,3,8.328351636300056,5.880731709887695,0.0,3.0767982432740397,,False,14.9
ladder,raw/d2/sr3/none,9,raw,2,sr3,none,60,"4,20,96",regen-v2,637c6b535a9e,dcd5d8f,local,6,8.000820070203847,4.544784681876263,0.0,2.4067462279202205,,False,14.7
ladder,raw/d2/sr3/savgol,9,raw,2,sr3,savgol,60,"4,20,96",regen-v2,637c6b535a9e,dcd5d8f,local,3,9.204486878144236,5.157962821074463,0.0,3.0599897046748166,,False,15.7
ladder,raw/d2/sr3/kalman,9,raw,2,sr3,kalman,60,"4,20,96",regen-v2,637c6b535a9e,dcd5d8f,local,3,8.328351636300056,5.819209488296601,0.0,3.0759548423158667,,False,15.3
ladder,raw/d2/constrained/none,9,raw,2,constrained,none,60,"4,20,96",regen-v2,637c6b535a9e,dcd5d8f,local,6,8.000820070203847,4.544784681876263,0.0,2.4067462279202205,,False,15.8
ladder,raw/d2/constrained/savgol,9,raw,2,constrained,savgol,60,"4,20,96",regen-v2,637c6b535a9e,dcd5d8f,local,3,9.204486878144236,5.157962821074463,0.0,3.0599897046748166,,False,15.2
ladder,raw/d2/constrained/kalman,9,raw,2,constrained,kalman,60,"4,20,96",regen-v2,637c6b535a9e,dcd5d8f,local,3,8.328351636300056,5.819209488296601,0.0,3.0759548423158667,,False,15.1
ladder,raw/d2/ensemble/none,9,raw,2,ensemble,none,60,"4,20,96",regen-v2,637c6b535a9e,dcd5d8f,local,48,8.000820070203847,2.3790188550173683,0.0,1.0786198662579658,,False,27.8
ladder,raw/d2/ensemble/savgol,9,raw,2,ensemble,savgol,60,"4,20,96",regen-v2,637c6b535a9e,dcd5d8f,local,3,9.204486878144236,5.698695932392429,0.0,3.07413325437314,,False,27.6
ladder,raw/d2/ensemble/kalman,9,raw,2,ensemble,kalman,60,"4,20,96",regen-v2,637c6b535a9e,dcd5d8f,local,3,8.328351636300056,5.862047645456088,0.0,3.0765475718833724,,False,28.3
ladder,physics/d1/stlsq/none,9,physics,1,stlsq,none,60,"4,20,96",regen-v2,637c6b535a9e,dcd5d8f,local,38,55.17398770055587,26.573411820845354,0.1,1.6735319321851971,,True,3.7
ladder,physics/d1/stlsq/savgol,9,physics,1,stlsq,savgol,60,"4,20,96",regen-v2,637c6b535a9e,dcd5d8f,local,3,43.60844657172821,5.698410407150589,0.0,3.0741286350540564,,True,3.5
ladder,physics/d1/stlsq/kalman,9,physics,1,stlsq,kalman,60,"4,20,96",regen-v2,637c6b535a9e,dcd5d8f,local,3,41.77111731358936,5.880731709887695,0.0,3.0767982432740397,,True,4.7
ladder,physics/d1/sr3/none,9,physics,1,sr3,none,60,"4,20,96",regen-v2,637c6b535a9e,dcd5d8f,local,17,55.17398770055587,2274.13773036232,0.21666666666666667,2.4138980902784257,,True,2.9
ladder,physics/d1/sr3/savgol,9,physics,1,sr3,savgol,60,"4,20,96",regen-v2,637c6b535a9e,dcd5d8f,local,3,43.60844657172821,5.134375820653491,0.0,3.05885098280127,,True,3.7
ladder,physics/d1/sr3/kalman,9,physics,1,sr3,kalman,60,"4,20,96",regen-v2,637c6b535a9e,dcd5d8f,local,3,41.77111731358936,6.202243327119657,0.0,3.0805207258338365,,True,4.9
ladder,physics/d1/constrained/none,9,physics,1,constrained,none,60,"4,20,96",regen-v2,637c6b535a9e,dcd5d8f,local,17,55.17398770055587,2274.13773036232,0.21666666666666667,2.4138980902784257,,True,2.8
ladder,physics/d1/constrained/savgol,9,physics,1,constrained,savgol,60,"4,20,96",regen-v2,637c6b535a9e,dcd5d8f,local,3,43.60844657172821,5.134375820653491,0.0,3.05885098280127,,True,3.7
ladder,physics/d1/constrained/kalman,9,physics,1,constrained,kalman,60,"4,20,96",regen-v2,637c6b535a9e,dcd5d8f,local,3,41.77111731358936,6.202243327119657,0.0,3.0805207258338365,,True,4.7
ladder,physics/d1/ensemble/none,9,physics,1,ensemble,none,60,"4,20,96",regen-v2,637c6b535a9e,dcd5d8f,local,35,55.17398770055587,26.099753248188538,0.11666666666666667,1.6746930680986356,,True,4.4
ladder,physics/d1/ensemble/savgol,9,physics,1,ensemble,savgol,60,"4,20,96",regen-v2,637c6b535a9e,dcd5d8f,local,3,43.60844657172821,5.692334411164288,0.0,3.0740299595401614,,True,4.6
ladder,physics/d1/ensemble/kalman,9,physics,1,ensemble,kalman,60,"4,20,96",regen-v2,637c6b535a9e,dcd5d8f,local,3,41.77111731358936,5.8674245695238,0.0,3.076620183011159,,True,4.6
ladder,physics/d2/stlsq/none,9,physics,2,stlsq,none,60,"4,20,96",regen-v2,637c6b535a9e,dcd5d8f,local,261,55.17398770055587,12.251531751712566,0.016666666666666666,0.9207481169269902,,False,34.2
ladder,physics/d2/stlsq/savgol,9,physics,2,stlsq,savgol,60,"4,20,96",regen-v2,637c6b535a9e,dcd5d8f,local,19,43.60844657172821,8.49586325905038,0.016666666666666666,3.0642942931369066,,False,31.1
ladder,physics/d2/stlsq/kalman,9,physics,2,stlsq,kalman,60,"4,20,96",regen-v2,637c6b535a9e,dcd5d8f,local,3,41.77111731358936,5.880731709887695,0.0,3.0767982432740397,,False,32.0
ladder,physics/d2/sr3/none,9,physics,2,sr3,none,60,"4,20,96",regen-v2,637c6b535a9e,dcd5d8f,local,141,55.17398770055587,594.1801766869992,0.43333333333333335,3.616265137621141,,False,13.1
ladder,physics/d2/sr3/savgol,9,physics,2,sr3,savgol,60,"4,20,96",regen-v2,637c6b535a9e,dcd5d8f,local,3,43.60844657172821,5.542977794687496,0.0,3.0713450005316334,,False,30.6
ladder,physics/d2/sr3/kalman,9,physics,2,sr3,kalman,60,"4,20,96",regen-v2,637c6b535a9e,dcd5d8f,local,3,41.77111731358936,6.437136263870604,0.0,3.082724376575542,,False,31.7
ladder,physics/d2/constrained/none,9,physics,2,constrained,none,60,"4,20,96",regen-v2,637c6b535a9e,dcd5d8f,local,141,55.17398770055587,594.1801766869992,0.43333333333333335,3.616265137621141,,False,13.0
ladder,physics/d2/constrained/savgol,9,physics,2,constrained,savgol,60,"4,20,96",regen-v2,637c6b535a9e,dcd5d8f,local,3,43.60844657172821,5.542977794687496,0.0,3.0713450005316334,,False,31.0
ladder,physics/d2/constrained/kalman,9,physics,2,constrained,kalman,60,"4,20,96",regen-v2,637c6b535a9e,dcd5d8f,local,3,41.77111731358936,6.437136263870604,0.0,3.082724376575542,,False,32.1
ladder,physics/d2/ensemble/none,9,physics,2,ensemble,none,60,"4,20,96",regen-v2,637c6b535a9e,dcd5d8f,local,258,55.17398770055587,36054.31062705553,0.95,13.221175560940717,,False,138.4
ladder,physics/d2/ensemble/savgol,9,physics,2,ensemble,savgol,60,"4,20,96",regen-v2,637c6b535a9e,dcd5d8f,local,10,43.60844657172821,5.608075427794531,0.0,3.0725815407915897,,False,104.1
ladder,physics/d2/ensemble/kalman,9,physics,2,ensemble,kalman,60,"4,20,96",regen-v2,637c6b535a9e,dcd5d8f,local,3,41.77111731358936,5.839878385396034,0.0,3.07624404564882,,False,90.6
ladder,physics_no_cross/d1/stlsq/none,9,physics_no_cross,1,stlsq,none,60,"4,20,96",regen-v2,637c6b535a9e,dcd5d8f,local,29,25.29338605479192,14.77937559612654,0.05,1.710843789968355,,True,2.3
ladder,physics_no_cross/d1/stlsq/savgol,9,physics_no_cross,1,stlsq,savgol,60,"4,20,96",regen-v2,637c6b535a9e,dcd5d8f,local,3,14.011220008205859,5.698410407150589,0.0,3.0741286350540564,,True,2.4
ladder,physics_no_cross/d1/stlsq/kalman,9,physics_no_cross,1,stlsq,kalman,60,"4,20,96",regen-v2,637c6b535a9e,dcd5d8f,local,3,13.953090703598587,5.880731709887695,0.0,3.0767982432740397,,True,2.9
ladder,physics_no_cross/d1/sr3/none,9,physics_no_cross,1,sr3,none,60,"4,20,96",regen-v2,637c6b535a9e,dcd5d8f,local,9,25.29338605479192,4.416188383416322,0.0,2.899889670270959,,True,2.4
ladder,physics_no_cross/d1/sr3/savgol,9,physics_no_cross,1,sr3,savgol,60,"4,20,96",regen-v2,637c6b535a9e,dcd5d8f,local,3,14.011220008205859,5.13305045111518,0.0,3.058784077676284,,True,2.4
ladder,physics_no_cross/d1/sr3/kalman,9,physics_no_cross,1,sr3,kalman,60,"4,20,96",regen-v2,637c6b535a9e,dcd5d8f,local,3,13.953090703598587,5.865630876378263,0.0,3.076596003484342,,True,2.9
ladder,physics_no_cross/d1/constrained/none,9,physics_no_cross,1,constrained,none,60,"4,20,96",regen-v2,637c6b535a9e,dcd5d8f,local,9,25.29338605479192,4.416188383416322,0.0,2.899889670270959,,True,2.4
ladder,physics_no_cross/d1/constrained/savgol,9,physics_no_cross,1,constrained,savgol,60,"4,20,96",regen-v2,637c6b535a9e,dcd5d8f,local,3,14.011220008205859,5.13305045111518,0.0,3.058784077676284,,True,2.4
ladder,physics_no_cross/d1/constrained/kalman,9,physics_no_cross,1,constrained,kalman,60,"4,20,96",regen-v2,637c6b535a9e,dcd5d8f,local,3,13.953090703598587,5.865630876378263,0.0,3.076596003484342,,True,2.8
ladder,physics_no_cross/d1/ensemble/none,9,physics_no_cross,1,ensemble,none,60,"4,20,96",regen-v2,637c6b535a9e,dcd5d8f,local,29,25.29338605479192,12.710034424464432,0.05,1.7110033277444663,,True,2.7
ladder,physics_no_cross/d1/ensemble/savgol,9,physics_no_cross,1,ensemble,savgol,60,"4,20,96",regen-v2,637c6b535a9e,dcd5d8f,local,3,14.011220008205859,5.707794425527454,0.0,3.0742796323440253,,True,2.7
ladder,physics_no_cross/d1/ensemble/kalman,9,physics_no_cross,1,ensemble,kalman,60,"4,20,96",regen-v2,637c6b535a9e,dcd5d8f,local,3,13.953090703598587,5.897092071085824,0.0,3.077014026895581,,True,3.2
ladder,physics_no_cross/d2/stlsq/none,9,physics_no_cross,2,stlsq,none,60,"4,20,96",regen-v2,637c6b535a9e,dcd5d8f,local,123,25.29338605479192,2657.340740449729,0.03333333333333333,0.9755879858222011,,False,14.7
ladder,physics_no_cross/d2/stlsq/savgol,9,physics_no_cross,2,stlsq,savgol,60,"4,20,96",regen-v2,637c6b535a9e,dcd5d8f,local,3,14.011220008205859,5.698410407150589,0.0,3.0741286350540564,,False,15.0
ladder,physics_no_cross/d2/stlsq/kalman,9,physics_no_cross,2,stlsq,kalman,60,"4,20,96",regen-v2,637c6b535a9e,dcd5d8f,local,3,13.953090703598587,5.880731709887695,0.0,3.0767982432740397,,False,15.5
ladder,physics_no_cross/d2/sr3/none,9,physics_no_cross,2,sr3,none,60,"4,20,96",regen-v2,637c6b535a9e,dcd5d8f,local,37,25.29338605479192,362.90861439916506,0.5,5.451348936018379,,False,6.2
ladder,physics_no_cross/d2/sr3/savgol,9,physics_no_cross,2,sr3,savgol,60,"4,20,96",regen-v2,637c6b535a9e,dcd5d8f,local,3,14.011220008205859,5.359243954621342,0.0,3.0670764278039755,,False,14.2
ladder,physics_no_cross/d2/sr3/kalman,9,physics_no_cross,2,sr3,kalman,60,"4,20,96",regen-v2,637c6b535a9e,dcd5d8f,local,3,13.953090703598587,6.325097963776912,0.0,3.0817160218530537,,False,14.7
ladder,physics_no_cross/d2/constrained/none,9,physics_no_cross,2,constrained,none,60,"4,20,96",regen-v2,637c6b535a9e,dcd5d8f,local,37,25.29338605479192,362.90861439916506,0.5,5.451348936018379,,False,6.1
ladder,physics_no_cross/d2/constrained/savgol,9,physics_no_cross,2,constrained,savgol,60,"4,20,96",regen-v2,637c6b535a9e,dcd5d8f,local,3,14.011220008205859,5.359243954621342,0.0,3.0670764278039755,,False,14.4
ladder,physics_no_cross/d2/constrained/kalman,9,physics_no_cross,2,constrained,kalman,60,"4,20,96",regen-v2,637c6b535a9e,dcd5d8f,local,3,13.953090703598587,6.325097963776912,0.0,3.0817160218530537,,False,14.7
ladder,physics_no_cross/d2/ensemble/none,9,physics_no_cross,2,ensemble,none,60,"4,20,96",regen-v2,637c6b535a9e,dcd5d8f,local,124,25.29338605479192,845.4656892772192,0.6166666666666667,12.279410454359605,,False,36.7
ladder,physics_no_cross/d2/ensemble/savgol,9,physics_no_cross,2,ensemble,savgol,60,"4,20,96",regen-v2,637c6b535a9e,dcd5d8f,local,3,14.011220008205859,5.6955434945187315,0.0,3.074082165511919,,False,37.1
ladder,physics_no_cross/d2/ensemble/kalman,9,physics_no_cross,2,ensemble,kalman,60,"4,20,96",regen-v2,637c6b535a9e,dcd5d8f,local,3,13.953090703598587,5.911070049398249,0.0,3.077195730865563,,False,37.5
ladder,raw/d1/stlsq/none,10,raw,1,stlsq,none,60,"4,20,96",regen-v2,637c6b535a9e,dcd5d8f,local,18,8.48480768572974,2.6442418086003485,0.0,1.8893839160569046,,True,2.1
ladder,raw/d1/stlsq/savgol,10,raw,1,stlsq,savgol,60,"4,20,96",regen-v2,637c6b535a9e,dcd5d8f,local,3,9.556908352532197,6.162434698012857,0.0,3.0841904489173246,,True,2.1
ladder,raw/d1/stlsq/kalman,10,raw,1,stlsq,kalman,60,"4,20,96",regen-v2,637c6b535a9e,dcd5d8f,local,3,8.317992419356248,6.404686568559444,0.0,3.0867473085227126,,True,2.6
ladder,raw/d1/sr3/none,10,raw,1,sr3,none,60,"4,20,96",regen-v2,637c6b535a9e,dcd5d8f,local,6,8.48480768572974,4.341537591503602,0.0,2.421786281824271,,True,2.1
ladder,raw/d1/sr3/savgol,10,raw,1,sr3,savgol,60,"4,20,96",regen-v2,637c6b535a9e,dcd5d8f,local,3,9.556908352532197,5.200256649055241,0.0,3.0642556122487186,,True,2.1
ladder,raw/d1/sr3/kalman,10,raw,1,sr3,kalman,60,"4,20,96",regen-v2,637c6b535a9e,dcd5d8f,local,3,8.317992419356248,6.751685616045043,0.0,3.089797696456163,,True,2.6
ladder,raw/d1/constrained/none,10,raw,1,constrained,none,60,"4,20,96",regen-v2,637c6b535a9e,dcd5d8f,local,6,8.48480768572974,4.341537591503602,0.0,2.421786281824271,,True,2.1
ladder,raw/d1/constrained/savgol,10,raw,1,constrained,savgol,60,"4,20,96",regen-v2,637c6b535a9e,dcd5d8f,local,3,9.556908352532197,5.200256649055241,0.0,3.0642556122487186,,True,2.1
ladder,raw/d1/constrained/kalman,10,raw,1,constrained,kalman,60,"4,20,96",regen-v2,637c6b535a9e,dcd5d8f,local,3,8.317992419356248,6.751685616045043,0.0,3.089797696456163,,True,2.6
ladder,raw/d1/ensemble/none,10,raw,1,ensemble,none,60,"4,20,96",regen-v2,637c6b535a9e,dcd5d8f,local,19,8.48480768572974,2.6469740508163837,0.0,1.889509752496179,,True,2.4
ladder,raw/d1/ensemble/savgol,10,raw,1,ensemble,savgol,60,"4,20,96",regen-v2,637c6b535a9e,dcd5d8f,local,3,9.556908352532197,6.151523738221599,0.0,3.084064526682945,,True,2.3
ladder,raw/d1/ensemble/kalman,10,raw,1,ensemble,kalman,60,"4,20,96",regen-v2,637c6b535a9e,dcd5d8f,local,3,8.317992419356248,6.3782078621044995,0.0,3.086487748580455,,True,2.8
ladder,raw/d2/stlsq/none,10,raw,2,stlsq,none,60,"4,20,96",regen-v2,637c6b535a9e,dcd5d8f,local,50,8.48480768572974,2.088890833830252,0.0,1.1613464296240357,,False,10.5
ladder,raw/d2/stlsq/savgol,10,raw,2,stlsq,savgol,60,"4,20,96",regen-v2,637c6b535a9e,dcd5d8f,local,3,9.556908352532197,6.162434698012857,0.0,3.0841904489173246,,False,10.5
ladder,raw/d2/stlsq/kalman,10,raw,2,stlsq,kalman,60,"4,20,96",regen-v2,637c6b535a9e,dcd5d8f,local,3,8.317992419356248,6.404686568559444,0.0,3.0867473085227126,,False,11.0
ladder,raw/d2/sr3/none,10,raw,2,sr3,none,60,"4,20,96",regen-v2,637c6b535a9e,dcd5d8f,local,7,8.48480768572974,4.7949714157914025,0.0,2.406624662140785,,False,10.2
ladder,raw/d2/sr3/savgol,10,raw,2,sr3,savgol,60,"4,20,96",regen-v2,637c6b535a9e,dcd5d8f,local,3,9.556908352532197,5.1529664889569995,0.0,3.062079442444769,,False,10.3
ladder,raw/d2/sr3/kalman,10,raw,2,sr3,kalman,60,"4,20,96",regen-v2,637c6b535a9e,dcd5d8f,local,3,8.317992419356248,6.204525024264822,0.0,3.0846663510012884,,False,10.6
ladder,raw/d2/constrained/none,10,raw,2,constrained,none,60,"4,20,96",regen-v2,637c6b535a9e,dcd5d8f,local,7,8.48480768572974,4.7949714157914025,0.0,2.406624662140785,,False,10.2
ladder,raw/d2/constrained/savgol,10,raw,2,constrained,savgol,60,"4,20,96",regen-v2,637c6b535a9e,dcd5d8f,local,3,9.556908352532197,5.1529664889569995,0.0,3.062079442444769,,False,10.4
ladder,raw/d2/constrained/kalman,10,raw,2,constrained,kalman,60,"4,20,96",regen-v2,637c6b535a9e,dcd5d8f,local,3,8.317992419356248,6.204525024264822,0.0,3.0846663510012884,,False,10.6
ladder,raw/d2/ensemble/none,10,raw,2,ensemble,none,60,"4,20,96",regen-v2,637c6b535a9e,dcd5d8f,local,50,8.48480768572974,2.1325779354072716,0.0,1.1718461914391702,,False,21.7
ladder,raw/d2/ensemble/savgol,10,raw,2,ensemble,savgol,60,"4,20,96",regen-v2,637c6b535a9e,dcd5d8f,local,3,9.556908352532197,6.128926118473503,0.0,3.083800357551445,,False,20.8
ladder,raw/d2/ensemble/kalman,10,raw,2,ensemble,kalman,60,"4,20,96",regen-v2,637c6b535a9e,dcd5d8f,local,3,8.317992419356248,6.4292539643447055,0.0,3.086984267467258,,False,21.3
ladder,physics/d1/stlsq/none,10,physics,1,stlsq,none,60,"4,20,96",regen-v2,637c6b535a9e,dcd5d8f,local,38,50.00329534344823,27.951388360229934,0.1,1.703337185154944,,True,2.4
ladder,physics/d1/stlsq/savgol,10,physics,1,stlsq,savgol,60,"4,20,96",regen-v2,637c6b535a9e,dcd5d8f,local,3,42.65896641761276,6.162434698012857,0.0,3.0841904489173246,,True,2.7
ladder,physics/d1/stlsq/kalman,10,physics,1,stlsq,kalman,60,"4,20,96",regen-v2,637c6b535a9e,dcd5d8f,local,3,40.894293185754556,6.404686568559444,0.0,3.0867473085227126,,True,3.2
ladder,physics/d1/sr3/none,10,physics,1,sr3,none,60,"4,20,96",regen-v2,637c6b535a9e,dcd5d8f,local,17,50.00329534344823,2173.585709151866,0.2,2.2799599655096396,,True,2.1
ladder,physics/d1/sr3/savgol,10,physics,1,sr3,savgol,60,"4,20,96",regen-v2,637c6b535a9e,dcd5d8f,local,3,42.65896641761276,5.202644454419594,0.0,3.064357759442681,,True,2.7
ladder,physics/d1/sr3/kalman,10,physics,1,sr3,kalman,60,"4,20,96",regen-v2,637c6b535a9e,dcd5d8f,local,3,40.894293185754556,7.403781950183205,0.0,3.0942955932046647,,True,3.2
ladder,physics/d1/constrained/none,10,physics,1,constrained,none,60,"4,20,96",regen-v2,637c6b535a9e,dcd5d8f,local,17,50.00329534344823,2173.585709151866,0.2,2.2799599655096396,,True,2.1
ladder,physics/d1/constrained/savgol,10,physics,1,constrained,savgol,60,"4,20,96",regen-v2,637c6b535a9e,dcd5d8f,local,3,42.65896641761276,5.202644454419594,0.0,3.064357759442681,,True,2.7
ladder,physics/d1/constrained/kalman,10,physics,1,constrained,kalman,60,"4,20,96",regen-v2,637c6b535a9e,dcd5d8f,local,3,40.894293185754556,7.403781950183205,0.0,3.0942955932046647,,True,3.2
ladder,physics/d1/ensemble/none,10,physics,1,ensemble,none,60,"4,20,96",regen-v2,637c6b535a9e,dcd5d8f,local,39,50.00329534344823,27.4746969797822,0.08333333333333333,1.6956974307154036,,True,3.2
ladder,physics/d1/ensemble/savgol,10,physics,1,ensemble,savgol,60,"4,20,96",regen-v2,637c6b535a9e,dcd5d8f,local,3,42.65896641761276,6.229745667144391,0.0,3.0849450104798044,,True,3.1
ladder,physics/d1/ensemble/kalman,10,physics,1,ensemble,kalman,60,"4,20,96",regen-v2,637c6b535a9e,dcd5d8f,local,3,40.894293185754556,6.413466862131257,0.0,3.086832417400947,,True,3.6
ladder,physics/d2/stlsq/none,10,physics,2,stlsq,none,60,"4,20,96",regen-v2,637c6b535a9e,dcd5d8f,local,250,50.00329534344823,1.893399633598972,0.0,0.9281838303379264,,False,25.3
ladder,physics/d2/stlsq/savgol,10,physics,2,stlsq,savgol,60,"4,20,96",regen-v2,637c6b535a9e,dcd5d8f,local,7,42.65896641761276,6.162434698012857,0.0,3.0841904489173246,,False,36.2
ladder,physics/d2/stlsq/kalman,10,physics,2,stlsq,kalman,60,"4,20,96",regen-v2,637c6b535a9e,dcd5d8f,local,3,40.894293185754556,6.404686568559444,0.0,3.0867473085227126,,False,33.7
ladder,physics/d2/sr3/none,10,physics,2,sr3,none,60,"4,20,96",regen-v2,637c6b535a9e,dcd5d8f,local,134,50.00329534344823,426.5530152735685,0.45,2.0504034596327405,,False,16.4
ladder,physics/d2/sr3/savgol,10,physics,2,sr3,savgol,60,"4,20,96",regen-v2,637c6b535a9e,dcd5d8f,local,3,42.65896641761276,5.480714656202293,0.0,3.073132974333381,,False,30.2
ladder,physics/d2/sr3/kalman,10,physics,2,sr3,kalman,60,"4,20,96",regen-v2,637c6b535a9e,dcd5d8f,local,3,40.894293185754556,7.154669857516011,0.0,3.0927237751030194,,False,32.5
ladder,physics/d2/constrained/none,10,physics,2,constrained,none,60,"4,20,96",regen-v2,637c6b535a9e,dcd5d8f,local,134,50.00329534344823,426.5530152735685,0.45,2.0504034596327405,,False,15.8
ladder,physics/d2/constrained/savgol,10,physics,2,constrained,savgol,60,"4,20,96",regen-v2,637c6b535a9e,dcd5d8f,local,3,42.65896641761276,5.480714656202293,0.0,3.073132974333381,,False,31.5
ladder,physics/d2/constrained/kalman,10,physics,2,constrained,kalman,60,"4,20,96",regen-v2,637c6b535a9e,dcd5d8f,local,3,40.894293185754556,7.154669857516011,0.0,3.0927237751030194,,False,32.1
ladder,physics/d2/ensemble/none,10,physics,2,ensemble,none,60,"4,20,96",regen-v2,637c6b535a9e,dcd5d8f,local,220,50.00329534344823,2074.3852199352905,0.5666666666666667,4.7026486291644725,,False,127.4
ladder,physics/d2/ensemble/savgol,10,physics,2,ensemble,savgol,60,"4,20,96",regen-v2,637c6b535a9e,dcd5d8f,local,4,42.65896641761276,6.1326788982721325,0.0,3.083844547958145,,False,116.0
ladder,physics/d2/ensemble/kalman,10,physics,2,ensemble,kalman,60,"4,20,96",regen-v2,637c6b535a9e,dcd5d8f,local,3,40.894293185754556,6.394629631361033,0.0,3.0866492412609525,,False,115.3
ladder,physics_no_cross/d1/stlsq/none,10,physics_no_cross,1,stlsq,none,60,"4,20,96",regen-v2,637c6b535a9e,dcd5d8f,local,26,23.132320997286403,10.510642669717937,0.03333333333333333,1.7427942287578695,,True,3.6
ladder,physics_no_cross/d1/stlsq/savgol,10,physics_no_cross,1,stlsq,savgol,60,"4,20,96",regen-v2,637c6b535a9e,dcd5d8f,local,3,14.325850728195798,6.162434698012857,0.0,3.0841904489173246,,True,3.7
ladder,physics_no_cross/d1/stlsq/kalman,10,physics_no_cross,1,stlsq,kalman,60,"4,20,96",regen-v2,637c6b535a9e,dcd5d8f,local,3,14.329785236000474,6.404686568559444,0.0,3.0867473085227126,,True,4.5
ladder,physics_no_cross/d1/sr3/none,10,physics_no_cross,1,sr3,none,60,"4,20,96",regen-v2,637c6b535a9e,dcd5d8f,local,10,23.132320997286403,5.621526561972208,0.0,2.2172792364651985,,True,3.6
ladder,physics_no_cross/d1/sr3/savgol,10,physics_no_cross,1,sr3,savgol,60,"4,20,96",regen-v2,637c6b535a9e,dcd5d8f,local,3,14.325850728195798,5.259154404400235,0.0,3.06659602638755,,True,3.7
ladder,physics_no_cross/d1/sr3/kalman,10,physics_no_cross,1,sr3,kalman,60,"4,20,96",regen-v2,637c6b535a9e,dcd5d8f,local,3,14.329785236000474,7.1927040458193625,0.0,3.092973955729539,,True,4.5
ladder,physics_no_cross/d1/constrained/none,10,physics_no_cross,1,constrained,none,60,"4,20,96",regen-v2,637c6b535a9e,dcd5d8f,local,10,23.132320997286403,5.621526561972208,0.0,2.2172792364651985,,True,3.7
ladder,physics_no_cross/d1/constrained/savgol,10,physics_no_cross,1,constrained,savgol,60,"4,20,96",regen-v2,637c6b535a9e,dcd5d8f,local,3,14.325850728195798,5.259154404400235,0.0,3.06659602638755,,True,3.7
ladder,physics_no_cross/d1/constrained/kalman,10,physics_no_cross,1,constrained,kalman,60,"4,20,96",regen-v2,637c6b535a9e,dcd5d8f,local,3,14.329785236000474,7.1927040458193625,0.0,3.092973955729539,,True,4.5
ladder,physics_no_cross/d1/ensemble/none,10,physics_no_cross,1,ensemble,none,60,"4,20,96",regen-v2,637c6b535a9e,dcd5d8f,local,26,23.132320997286403,9.710710974511368,0.03333333333333333,1.7435417594324878,,True,4.2
ladder,physics_no_cross/d1/ensemble/savgol,10,physics_no_cross,1,ensemble,savgol,60,"4,20,96",regen-v2,637c6b535a9e,dcd5d8f,local,3,14.325850728195798,6.2143314419707085,0.0,3.0847754922524078,,True,4.1
ladder,physics_no_cross/d1/ensemble/kalman,10,physics_no_cross,1,ensemble,kalman,60,"4,20,96",regen-v2,637c6b535a9e,dcd5d8f,local,3,14.329785236000474,6.390214367494486,0.0,3.0866059882298096,,True,4.9
ladder,physics_no_cross/d2/stlsq/none,10,physics_no_cross,2,stlsq,none,60,"4,20,96",regen-v2,637c6b535a9e,dcd5d8f,local,108,23.132320997286403,2.810552581731956,0.016666666666666666,1.0279303431429878,,False,25.3
ladder,physics_no_cross/d2/stlsq/savgol,10,physics_no_cross,2,stlsq,savgol,60,"4,20,96",regen-v2,637c6b535a9e,dcd5d8f,local,5,14.325850728195798,6.123548461461843,0.016666666666666666,3.0841904489173246,,False,25.1
ladder,physics_no_cross/d2/stlsq/kalman,10,physics_no_cross,2,stlsq,kalman,60,"4,20,96",regen-v2,637c6b535a9e,dcd5d8f,local,3,14.329785236000474,6.404686568559444,0.0,3.0867473085227126,,False,26.2
ladder,physics_no_cross/d2/sr3/none,10,physics_no_cross,2,sr3,none,60,"4,20,96",regen-v2,637c6b535a9e,dcd5d8f,local,43,23.132320997286403,417.20585552248025,0.2833333333333333,2.6501424659127424,,False,18.4
ladder,physics_no_cross/d2/sr3/savgol,10,physics_no_cross,2,sr3,savgol,60,"4,20,96",regen-v2,637c6b535a9e,dcd5d8f,local,3,14.325850728195798,5.491141710188287,0.0,3.073380757053085,,False,24.6
ladder,physics_no_cross/d2/sr3/kalman,10,physics_no_cross,2,sr3,kalman,60,"4,20,96",regen-v2,637c6b535a9e,dcd5d8f,local,3,14.329785236000474,7.045728500844625,0.0,3.0919846415382515,,False,25.3
ladder,physics_no_cross/d2/constrained/none,10,physics_no_cross,2,constrained,none,60,"4,20,96",regen-v2,637c6b535a9e,dcd5d8f,local,43,23.132320997286403,417.20585552248025,0.2833333333333333,2.6501424659127424,,False,18.7
ladder,physics_no_cross/d2/constrained/savgol,10,physics_no_cross,2,constrained,savgol,60,"4,20,96",regen-v2,637c6b535a9e,dcd5d8f,local,3,14.325850728195798,5.491141710188287,0.0,3.073380757053085,,False,24.7
ladder,physics_no_cross/d2/constrained/kalman,10,physics_no_cross,2,constrained,kalman,60,"4,20,96",regen-v2,637c6b535a9e,dcd5d8f,local,3,14.329785236000474,7.045728500844625,0.0,3.0919846415382515,,False,25.5
ladder,physics_no_cross/d2/ensemble/none,10,physics_no_cross,2,ensemble,none,60,"4,20,96",regen-v2,637c6b535a9e,dcd5d8f,local,102,23.132320997286403,162.57783111163255,0.3333333333333333,2.9748253521755363,,False,52.5
ladder,physics_no_cross/d2/ensemble/savgol,10,physics_no_cross,2,ensemble,savgol,60,"4,20,96",regen-v2,637c6b535a9e,dcd5d8f,local,5,14.325850728195798,6.0905675704040245,0.016666666666666666,3.0835128516653048,,False,52.6
ladder,physics_no_cross/d2/ensemble/kalman,10,physics_no_cross,2,ensemble,kalman,60,"4,20,96",regen-v2,637c6b535a9e,dcd5d8f,local,3,14.329785236000474,6.398609864426955,0.0,3.0866881283350986,,False,53.8
ladder,raw/d1/stlsq/none,11,raw,1,stlsq,none,60,"4,20,96",regen-v2,637c6b535a9e,dcd5d8f,local,20,8.311360093761516,2.802077223658013,0.0,1.8658110214530845,,True,3.2
ladder,raw/d1/stlsq/savgol,11,raw,1,stlsq,savgol,60,"4,20,96",regen-v2,637c6b535a9e,dcd5d8f,local,3,9.352698628628431,5.808685425026589,0.0,3.088357383554804,,True,3.2
ladder,raw/d1/stlsq/kalman,11,raw,1,stlsq,kalman,60,"4,20,96",regen-v2,637c6b535a9e,dcd5d8f,local,3,8.257370394583884,5.982033914084239,0.0,3.090915604462757,,True,4.0
ladder,raw/d1/sr3/none,11,raw,1,sr3,none,60,"4,20,96",regen-v2,637c6b535a9e,dcd5d8f,local,6,8.311360093761516,4.41529435072858,0.0,2.405352625077339,,True,3.2
ladder,raw/d1/sr3/savgol,11,raw,1,sr3,savgol,60,"4,20,96",regen-v2,637c6b535a9e,dcd5d8f,local,3,9.352698628628431,5.218983044147281,0.0,3.071463131712998,,True,3.2
ladder,raw/d1/sr3/kalman,11,raw,1,sr3,kalman,60,"4,20,96",regen-v2,637c6b535a9e,dcd5d8f,local,3,8.257370394583884,5.951676254400213,0.0,3.0905012634842417,,True,4.0
ladder,raw/d1/constrained/none,11,raw,1,constrained,none,60,"4,20,96",regen-v2,637c6b535a9e,dcd5d8f,local,6,8.311360093761516,4.41529435072858,0.0,2.405352625077339,,True,3.2
ladder,raw/d1/constrained/savgol,11,raw,1,constrained,savgol,60,"4,20,96",regen-v2,637c6b535a9e,dcd5d8f,local,3,9.352698628628431,5.218983044147281,0.0,3.071463131712998,,True,3.1
ladder,raw/d1/constrained/kalman,11,raw,1,constrained,kalman,60,"4,20,96",regen-v2,637c6b535a9e,dcd5d8f,local,3,8.257370394583884,5.951676254400213,0.0,3.0905012634842417,,True,4.0
ladder,raw/d1/ensemble/none,11,raw,1,ensemble,none,60,"4,20,96",regen-v2,637c6b535a9e,dcd5d8f,local,21,8.311360093761516,2.8686447123628818,0.0,1.854160264544409,,True,3.6
ladder,raw/d1/ensemble/savgol,11,raw,1,ensemble,savgol,60,"4,20,96",regen-v2,637c6b535a9e,dcd5d8f,local,3,9.352698628628431,5.819524923051268,0.0,3.0885323581434916,,True,3.5
ladder,raw/d1/ensemble/kalman,11,raw,1,ensemble,kalman,60,"4,20,96",regen-v2,637c6b535a9e,dcd5d8f,local,3,8.257370394583884,5.98498423193926,0.0,3.0909552066410915,,True,4.4
ladder,raw/d2/stlsq/none,11,raw,2,stlsq,none,60,"4,20,96",regen-v2,637c6b535a9e,dcd5d8f,local,46,8.311360093761516,2.150629041902897,0.0,1.1148033498493837,,False,17.8
ladder,raw/d2/stlsq/savgol,11,raw,2,stlsq,savgol,60,"4,20,96",regen-v2,637c6b535a9e,dcd5d8f,local,3,9.352698628628431,5.808685425026589,0.0,3.088357383554804,,False,15.3
ladder,raw/d2/stlsq/kalman,11,raw,2,stlsq,kalman,60,"4,20,96",regen-v2,637c6b535a9e,dcd5d8f,local,3,8.257370394583884,5.982033914084239,0.0,3.090915604462757,,False,15.6
ladder,raw/d2/sr3/none,11,raw,2,sr3,none,60,"4,20,96",regen-v2,637c6b535a9e,dcd5d8f,local,7,8.311360093761516,4.647134003244249,0.0,2.3722445216742307,,False,13.8
ladder,raw/d2/sr3/savgol,11,raw,2,sr3,savgol,60,"4,20,96",regen-v2,637c6b535a9e,dcd5d8f,local,3,9.352698628628431,5.164352048915129,0.0,3.067900919838544,,False,14.5
ladder,raw/d2/sr3/kalman,11,raw,2,sr3,kalman,60,"4,20,96",regen-v2,637c6b535a9e,dcd5d8f,local,3,8.257370394583884,5.701259977298399,0.0,3.0864887261611442,,False,15.6
ladder,raw/d2/constrained/none,11,raw,2,constrained,none,60,"4,20,96",regen-v2,637c6b535a9e,dcd5d8f,local,7,8.311360093761516,4.647134003244249,0.0,2.3722445216742307,,False,15.1
ladder,raw/d2/constrained/savgol,11,raw,2,constrained,savgol,60,"4,20,96",regen-v2,637c6b535a9e,dcd5d8f,local,3,9.352698628628431,5.164352048915129,0.0,3.067900919838544,,False,14.8
ladder,raw/d2/constrained/kalman,11,raw,2,constrained,kalman,60,"4,20,96",regen-v2,637c6b535a9e,dcd5d8f,local,3,8.257370394583884,5.701259977298399,0.0,3.0864887261611442,,False,15.1
ladder,raw/d2/ensemble/none,11,raw,2,ensemble,none,60,"4,20,96",regen-v2,637c6b535a9e,dcd5d8f,local,53,8.311360093761516,7.215360179117502,0.03333333333333333,1.1152097001227685,,False,27.9
ladder,raw/d2/ensemble/savgol,11,raw,2,ensemble,savgol,60,"4,20,96",regen-v2,637c6b535a9e,dcd5d8f,local,3,9.352698628628431,5.791884443652893,0.0,3.0880815905486654,,False,27.4
ladder,raw/d2/ensemble/kalman,11,raw,2,ensemble,kalman,60,"4,20,96",regen-v2,637c6b535a9e,dcd5d8f,local,3,8.257370394583884,5.992888719844076,0.0,3.09106074382022,,False,28.1
ladder,physics/d1/stlsq/none,11,physics,1,stlsq,none,60,"4,20,96",regen-v2,637c6b535a9e,dcd5d8f,local,33,53.94728837120861,31.33123460567381,0.13333333333333333,1.6968622233511148,,True,3.1
ladder,physics/d1/stlsq/savgol,11,physics,1,stlsq,savgol,60,"4,20,96",regen-v2,637c6b535a9e,dcd5d8f,local,3,43.68509312479763,5.808685425026589,0.0,3.088357383554804,,True,3.7
ladder,physics/d1/stlsq/kalman,11,physics,1,stlsq,kalman,60,"4,20,96",regen-v2,637c6b535a9e,dcd5d8f,local,3,41.99434870757896,5.982033914084239,0.0,3.090915604462757,,True,4.3
ladder,physics/d1/sr3/none,11,physics,1,sr3,none,60,"4,20,96",regen-v2,637c6b535a9e,dcd5d8f,local,18,53.94728837120861,1857.1557626248425,0.16666666666666666,2.348241550388499,,True,3.2
ladder,physics/d1/sr3/savgol,11,physics,1,sr3,savgol,60,"4,20,96",regen-v2,637c6b535a9e,dcd5d8f,local,3,43.68509312479763,5.349213374292181,0.0,3.077416053922987,,True,3.7
ladder,physics/d1/sr3/kalman,11,physics,1,sr3,kalman,60,"4,20,96",regen-v2,637c6b535a9e,dcd5d8f,local,3,41.99434870757896,6.704655902978508,0.0,3.0982738896823485,,True,4.3
ladder,physics/d1/constrained/none,11,physics,1,constrained,none,60,"4,20,96",regen-v2,637c6b535a9e,dcd5d8f,local,18,53.94728837120861,1857.1557626248425,0.16666666666666666,2.348241550388499,,True,3.5
ladder,physics/d1/constrained/savgol,11,physics,1,constrained,savgol,60,"4,20,96",regen-v2,637c6b535a9e,dcd5d8f,local,3,43.68509312479763,5.349213374292181,0.0,3.077416053922987,,True,3.7
ladder,physics/d1/constrained/kalman,11,physics,1,constrained,kalman,60,"4,20,96",regen-v2,637c6b535a9e,dcd5d8f,local,3,41.99434870757896,6.704655902978508,0.0,3.0982738896823485,,True,4.7
ladder,physics/d1/ensemble/none,11,physics,1,ensemble,none,60,"4,20,96",regen-v2,637c6b535a9e,dcd5d8f,local,34,53.94728837120861,29.54654915190578,0.11666666666666667,1.6812833574335349,,True,4.1
ladder,physics/d1/ensemble/savgol,11,physics,1,ensemble,savgol,60,"4,20,96",regen-v2,637c6b535a9e,dcd5d8f,local,3,43.68509312479763,5.788468687160183,0.0,3.0880248200657068,,True,4.2
ladder,physics/d1/ensemble/kalman,11,physics,1,ensemble,kalman,60,"4,20,96",regen-v2,637c6b535a9e,dcd5d8f,local,3,41.99434870757896,5.975849481611848,0.0,3.0908322143870874,,True,4.9
ladder,physics/d2/stlsq/none,11,physics,2,stlsq,none,60,"4,20,96",regen-v2,637c6b535a9e,dcd5d8f,local,260,53.94728837120861,46.66513192196658,0.06666666666666667,0.9491432867026657,,False,34.3
ladder,physics/d2/stlsq/savgol,11,physics,2,stlsq,savgol,60,"4,20,96",regen-v2,637c6b535a9e,dcd5d8f,local,5,43.68509312479763,5.808685425026589,0.0,3.088357383554804,,False,32.6
ladder,physics/d2/stlsq/kalman,11,physics,2,stlsq,kalman,60,"4,20,96",regen-v2,637c6b535a9e,dcd5d8f,local,3,41.99434870757896,5.982033914084239,0.0,3.090915604462757,,False,33.7
ladder,physics/d2/sr3/none,11,physics,2,sr3,none,60,"4,20,96",regen-v2,637c6b535a9e,dcd5d8f,local,142,53.94728837120861,463.97710666496647,0.38333333333333336,3.827221057432218,,False,17.9
ladder,physics/d2/sr3/savgol,11,physics,2,sr3,savgol,60,"4,20,96",regen-v2,637c6b535a9e,dcd5d8f,local,3,43.68509312479763,5.385918126957176,0.0,3.078707148341209,,False,30.1
ladder,physics/d2/sr3/kalman,11,physics,2,sr3,kalman,60,"4,20,96",regen-v2,637c6b535a9e,dcd5d8f,local,3,41.99434870757896,6.542549311482824,0.0,3.096926279562788,,False,32.0
ladder,physics/d2/constrained/none,11,physics,2,constrained,none,60,"4,20,96",regen-v2,637c6b535a9e,dcd5d8f,local,142,53.94728837120861,463.97710666496647,0.38333333333333336,3.827221057432218,,False,18.1
ladder,physics/d2/constrained/savgol,11,physics,2,constrained,savgol,60,"4,20,96",regen-v2,637c6b535a9e,dcd5d8f,local,3,43.68509312479763,5.385918126957176,0.0,3.078707148341209,,False,30.5
ladder,physics/d2/constrained/kalman,11,physics,2,constrained,kalman,60,"4,20,96",regen-v2,637c6b535a9e,dcd5d8f,local,3,41.99434870757896,6.542549311482824,0.0,3.096926279562788,,False,32.2
ladder,physics/d2/ensemble/none,11,physics,2,ensemble,none,60,"4,20,96",regen-v2,637c6b535a9e,dcd5d8f,local,238,53.94728837120861,728.8242552059605,0.65,8.719197021759303,,False,127.1
ladder,physics/d2/ensemble/savgol,11,physics,2,ensemble,savgol,60,"4,20,96",regen-v2,637c6b535a9e,dcd5d8f,local,5,43.68509312479763,5.798029907472114,0.0,3.0881831284521444,,False,100.0
ladder,physics/d2/ensemble/kalman,11,physics,2,ensemble,kalman,60,"4,20,96",regen-v2,637c6b535a9e,dcd5d8f,local,3,41.99434870757896,5.974206642115392,0.0,3.0908099762642727,,False,95.3
ladder,physics_no_cross/d1/stlsq/none,11,physics_no_cross,1,stlsq,none,60,"4,20,96",regen-v2,637c6b535a9e,dcd5d8f,local,27,23.750831803001898,11.407892988999446,0.016666666666666666,1.7560576628018003,,True,3.6
ladder,physics_no_cross/d1/stlsq/savgol,11,physics_no_cross,1,stlsq,savgol,60,"4,20,96",regen-v2,637c6b535a9e,dcd5d8f,local,3,14.007713758551217,5.808685425026589,0.0,3.088357383554804,,True,3.6
ladder,physics_no_cross/d1/stlsq/kalman,11,physics_no_cross,1,stlsq,kalman,60,"4,20,96",regen-v2,637c6b535a9e,dcd5d8f,local,3,13.725310263477727,5.982033914084239,0.0,3.090915604462757,,True,4.4
ladder,physics_no_cross/d1/sr3/none,11,physics_no_cross,1,sr3,none,60,"4,20,96",regen-v2,637c6b535a9e,dcd5d8f,local,9,23.750831803001898,4.269517742751147,0.0,2.78451996635182,,True,3.6
ladder,physics_no_cross/d1/sr3/savgol,11,physics_no_cross,1,sr3,savgol,60,"4,20,96",regen-v2,637c6b535a9e,dcd5d8f,local,3,14.007713758551217,5.243882322815597,0.0,3.0728225735533807,,True,3.7
ladder,physics_no_cross/d1/sr3/kalman,11,physics_no_cross,1,sr3,kalman,60,"4,20,96",regen-v2,637c6b535a9e,dcd5d8f,local,3,13.725310263477727,6.106782008247645,0.0,3.092497174374848,,True,4.5
ladder,physics_no_cross/d1/constrained/none,11,physics_no_cross,1,constrained,none,60,"4,20,96",regen-v2,637c6b535a9e,dcd5d8f,local,9,23.750831803001898,4.269517742751147,0.0,2.78451996635182,,True,3.6
ladder,physics_no_cross/d1/constrained/savgol,11,physics_no_cross,1,constrained,savgol,60,"4,20,96",regen-v2,637c6b535a9e,dcd5d8f,local,3,14.007713758551217,5.243882322815597,0.0,3.0728225735533807,,True,3.7
ladder,physics_no_cross/d1/constrained/kalman,11,physics_no_cross,1,constrained,kalman,60,"4,20,96",regen-v2,637c6b535a9e,dcd5d8f,local,3,13.725310263477727,6.106782008247645,0.0,3.092497174374848,,True,4.4
ladder,physics_no_cross/d1/ensemble/none,11,physics_no_cross,1,ensemble,none,60,"4,20,96",regen-v2,637c6b535a9e,dcd5d8f,local,27,23.750831803001898,10.534184486069194,0.016666666666666666,1.7563611540423323,,True,4.2
ladder,physics_no_cross/d1/ensemble/savgol,11,physics_no_cross,1,ensemble,savgol,60,"4,20,96",regen-v2,637c6b535a9e,dcd5d8f,local,3,14.007713758551217,5.8342091195080545,0.0,3.0887658202363926,,True,4.0
ladder,physics_no_cross/d1/ensemble/kalman,11,physics_no_cross,1,ensemble,kalman,60,"4,20,96",regen-v2,637c6b535a9e,dcd5d8f,local,3,13.725310263477727,6.01412836443932,0.0,3.0913403376517965,,True,4.9
ladder,physics_no_cross/d2/stlsq/none,11,physics_no_cross,2,stlsq,none,60,"4,20,96",regen-v2,637c6b535a9e,dcd5d8f,local,120,23.750831803001898,8.38322996328086,0.03333333333333333,1.0373767665073539,,False,24.3
ladder,physics_no_cross/d2/stlsq/savgol,11,physics_no_cross,2,stlsq,savgol,60,"4,20,96",regen-v2,637c6b535a9e,dcd5d8f,local,3,14.007713758551217,5.808685425026589,0.0,3.088357383554804,,False,25.0
ladder,physics_no_cross/d2/stlsq/kalman,11,physics_no_cross,2,stlsq,kalman,60,"4,20,96",regen-v2,637c6b535a9e,dcd5d8f,local,3,13.725310263477727,5.982033914084239,0.0,3.090915604462757,,False,25.9
ladder,physics_no_cross/d2/sr3/none,11,physics_no_cross,2,sr3,none,60,"4,20,96",regen-v2,637c6b535a9e,dcd5d8f,local,42,23.750831803001898,188.7618152970021,0.18333333333333332,5.654792340422387,,False,19.1
ladder,physics_no_cross/d2/sr3/savgol,11,physics_no_cross,2,sr3,savgol,60,"4,20,96",regen-v2,637c6b535a9e,dcd5d8f,local,3,14.007713758551217,5.326780985802928,0.0,3.0765608285903676,,False,24.5
ladder,physics_no_cross/d2/sr3/kalman,11,physics_no_cross,2,sr3,kalman,60,"4,20,96",regen-v2,637c6b535a9e,dcd5d8f,local,3,13.725310263477727,6.304443145323904,0.0,3.0946813336386123,,False,25.1
ladder,physics_no_cross/d2/constrained/none,11,physics_no_cross,2,constrained,none,60,"4,20,96",regen-v2,637c6b535a9e,dcd5d8f,local,42,23.750831803001898,188.7618152970021,0.18333333333333332,5.654792340422387,,False,18.9
ladder,physics_no_cross/d2/constrained/savgol,11,physics_no_cross,2,constrained,savgol,60,"4,20,96",regen-v2,637c6b535a9e,dcd5d8f,local,3,14.007713758551217,5.326780985802928,0.0,3.0765608285903676,,False,24.4
ladder,physics_no_cross/d2/constrained/kalman,11,physics_no_cross,2,constrained,kalman,60,"4,20,96",regen-v2,637c6b535a9e,dcd5d8f,local,3,13.725310263477727,6.304443145323904,0.0,3.0946813336386123,,False,25.3
ladder,physics_no_cross/d2/ensemble/none,11,physics_no_cross,2,ensemble,none,60,"4,20,96",regen-v2,637c6b535a9e,dcd5d8f,local,111,23.750831803001898,2251.451890270284,0.06666666666666667,1.2602895205003848,,False,56.4
ladder,physics_no_cross/d2/ensemble/savgol,11,physics_no_cross,2,ensemble,savgol,60,"4,20,96",regen-v2,637c6b535a9e,dcd5d8f,local,3,14.007713758551217,5.825081068653841,0.0,3.0886211718680405,,False,50.0
ladder,physics_no_cross/d2/ensemble/kalman,11,physics_no_cross,2,ensemble,kalman,60,"4,20,96",regen-v2,637c6b535a9e,dcd5d8f,local,3,13.725310263477727,5.926117039476331,0.0,3.0901423253309073,,False,50.8
ladder,raw/d1/stlsq/none,12,raw,1,stlsq,none,60,"4,20,96",regen-v2,637c6b535a9e,dcd5d8f,local,18,7.969709492656647,3.067621866769594,0.0,1.86534556201774,,True,3.2
ladder,raw/d1/stlsq/savgol,12,raw,1,stlsq,savgol,60,"4,20,96",regen-v2,637c6b535a9e,dcd5d8f,local,3,9.152045051166485,5.60077344014637,0.0,3.090691089822791,,True,3.2
ladder,raw/d1/stlsq/kalman,12,raw,1,stlsq,kalman,60,"4,20,96",regen-v2,637c6b535a9e,dcd5d8f,local,3,8.367156500335753,5.800059817318183,0.0,3.0933987075816254,,True,4.0
ladder,raw/d1/sr3/none,12,raw,1,sr3,none,60,"4,20,96",regen-v2,637c6b535a9e,dcd5d8f,local,6,7.969709492656647,4.678762347329338,0.0,2.3909500616336716,,True,3.2
ladder,raw/d1/sr3/savgol,12,raw,1,sr3,savgol,60,"4,20,96",regen-v2,637c6b535a9e,dcd5d8f,local,3,9.152045051166485,5.016972230903491,0.0,3.076662621506237,,True,3.2
ladder,raw/d1/sr3/kalman,12,raw,1,sr3,kalman,60,"4,20,96",regen-v2,637c6b535a9e,dcd5d8f,local,3,8.367156500335753,5.85558824588817,0.0,3.0940679265440916,,True,3.9
ladder,raw/d1/constrained/none,12,raw,1,constrained,none,60,"4,20,96",regen-v2,637c6b535a9e,dcd5d8f,local,6,7.969709492656647,4.678762347329338,0.0,2.3909500616336716,,True,3.1
ladder,raw/d1/constrained/savgol,12,raw,1,constrained,savgol,60,"4,20,96",regen-v2,637c6b535a9e,dcd5d8f,local,3,9.152045051166485,5.016972230903491,0.0,3.076662621506237,,True,3.2
ladder,raw/d1/constrained/kalman,12,raw,1,constrained,kalman,60,"4,20,96",regen-v2,637c6b535a9e,dcd5d8f,local,3,8.367156500335753,5.85558824588817,0.0,3.0940679265440916,,True,4.0
ladder,raw/d1/ensemble/none,12,raw,1,ensemble,none,60,"4,20,96",regen-v2,637c6b535a9e,dcd5d8f,local,18,7.969709492656647,3.0836584347807183,0.0,1.8655365006775577,,True,3.6
ladder,raw/d1/ensemble/savgol,12,raw,1,ensemble,savgol,60,"4,20,96",regen-v2,637c6b535a9e,dcd5d8f,local,3,9.152045051166485,5.61915977667071,0.0,3.09096426885111,,True,3.5
ladder,raw/d1/ensemble/kalman,12,raw,1,ensemble,kalman,60,"4,20,96",regen-v2,637c6b535a9e,dcd5d8f,local,3,8.367156500335753,5.787838446332254,0.0,3.093247020589112,,True,4.3
ladder,raw/d2/stlsq/none,12,raw,2,stlsq,none,60,"4,20,96",regen-v2,637c6b535a9e,dcd5d8f,local,44,7.969709492656647,24.667027843028713,0.016666666666666666,1.131852854259145,,False,17.2
ladder,raw/d2/stlsq/savgol,12,raw,2,stlsq,savgol,60,"4,20,96",regen-v2,637c6b535a9e,dcd5d8f,local,3,9.152045051166485,5.60077344014637,0.0,3.090691089822791,,False,17.7
ladder,raw/d2/stlsq/kalman,12,raw,2,stlsq,kalman,60,"4,20,96",regen-v2,637c6b535a9e,dcd5d8f,local,3,8.367156500335753,5.800059817318183,0.0,3.0933987075816254,,False,18.5
ladder,raw/d2/sr3/none,12,raw,2,sr3,none,60,"4,20,96",regen-v2,637c6b535a9e,dcd5d8f,local,7,7.969709492656647,5.0314062823295,0.0,2.4176737077429404,,False,17.2
ladder,raw/d2/sr3/savgol,12,raw,2,sr3,savgol,60,"4,20,96",regen-v2,637c6b535a9e,dcd5d8f,local,3,9.152045051166485,5.0691166512275645,0.0,3.0786967257753686,,False,17.4
ladder,raw/d2/sr3/kalman,12,raw,2,sr3,kalman,60,"4,20,96",regen-v2,637c6b535a9e,dcd5d8f,local,3,8.367156500335753,5.833860979126841,0.0,3.0938098659331446,,False,18.1
ladder,raw/d2/constrained/none,12,raw,2,constrained,none,60,"4,20,96",regen-v2,637c6b535a9e,dcd5d8f,local,7,7.969709492656647,5.0314062823295,0.0,2.4176737077429404,,False,17.3
ladder,raw/d2/constrained/savgol,12,raw,2,constrained,savgol,60,"4,20,96",regen-v2,637c6b535a9e,dcd5d8f,local,3,9.152045051166485,5.0691166512275645,0.0,3.0786967257753686,,False,17.2
ladder,raw/d2/constrained/kalman,12,raw,2,constrained,kalman,60,"4,20,96",regen-v2,637c6b535a9e,dcd5d8f,local,3,8.367156500335753,5.833860979126841,0.0,3.0938098659331446,,False,18.0
ladder,raw/d2/ensemble/none,12,raw,2,ensemble,none,60,"4,20,96",regen-v2,637c6b535a9e,dcd5d8f,local,48,7.969709492656647,5.1229249204337695,0.016666666666666666,1.1056193423718688,,False,30.2
ladder,raw/d2/ensemble/savgol,12,raw,2,ensemble,savgol,60,"4,20,96",regen-v2,637c6b535a9e,dcd5d8f,local,3,9.152045051166485,5.5815003027305625,0.0,3.0903987977914964,,False,29.5
ladder,raw/d2/ensemble/kalman,12,raw,2,ensemble,kalman,60,"4,20,96",regen-v2,637c6b535a9e,dcd5d8f,local,3,8.367156500335753,5.809536321761456,0.0,3.0935152037522857,,False,30.3
ladder,physics/d1/stlsq/none,12,physics,1,stlsq,none,60,"4,20,96",regen-v2,637c6b535a9e,dcd5d8f,local,33,55.43533013653674,31.40219228026171,0.08333333333333333,1.6966034775592824,,True,3.8
ladder,physics/d1/stlsq/savgol,12,physics,1,stlsq,savgol,60,"4,20,96",regen-v2,637c6b535a9e,dcd5d8f,local,3,42.21792695439509,5.60077344014637,0.0,3.090691089822791,,True,4.2
ladder,physics/d1/stlsq/kalman,12,physics,1,stlsq,kalman,60,"4,20,96",regen-v2,637c6b535a9e,dcd5d8f,local,3,40.36956490142671,5.800059817318183,0.0,3.0933987075816254,,True,5.0
ladder,physics/d1/sr3/none,12,physics,1,sr3,none,60,"4,20,96",regen-v2,637c6b535a9e,dcd5d8f,local,17,55.43533013653674,93.55700731743833,0.06666666666666667,2.2054296751500138,,True,3.9
ladder,physics/d1/sr3/savgol,12,physics,1,sr3,savgol,60,"4,20,96",regen-v2,637c6b535a9e,dcd5d8f,local,3,42.21792695439509,4.986320719511261,0.0,3.0753084357478273,,True,4.2
ladder,physics/d1/sr3/kalman,12,physics,1,sr3,kalman,60,"4,20,96",regen-v2,637c6b535a9e,dcd5d8f,local,3,40.36956490142671,6.25903459255669,0.0,3.098163595413827,,True,5.0
ladder,physics/d1/constrained/none,12,physics,1,constrained,none,60,"4,20,96",regen-v2,637c6b535a9e,dcd5d8f,local,17,55.43533013653674,93.55700731743833,0.06666666666666667,2.2054296751500138,,True,3.9
ladder,physics/d1/constrained/savgol,12,physics,1,constrained,savgol,60,"4,20,96",regen-v2,637c6b535a9e,dcd5d8f,local,3,42.21792695439509,4.986320719511261,0.0,3.0753084357478273,,True,4.2
ladder,physics/d1/constrained/kalman,12,physics,1,constrained,kalman,60,"4,20,96",regen-v2,637c6b535a9e,dcd5d8f,local,3,40.36956490142671,6.25903459255669,0.0,3.098163595413827,,True,5.0
ladder,physics/d1/ensemble/none,12,physics,1,ensemble,none,60,"4,20,96",regen-v2,637c6b535a9e,dcd5d8f,local,33,55.43533013653674,30.35577353048839,0.08333333333333333,1.7006312212807653,,True,4.5
ladder,physics/d1/ensemble/savgol,12,physics,1,ensemble,savgol,60,"4,20,96",regen-v2,637c6b535a9e,dcd5d8f,local,3,42.21792695439509,5.573204371583737,0.0,3.090271046818137,,True,4.7
ladder,physics/d1/ensemble/kalman,12,physics,1,ensemble,kalman,60,"4,20,96",regen-v2,637c6b535a9e,dcd5d8f,local,3,40.36956490142671,5.774580718860632,0.0,3.0930805861964905,,True,5.5
ladder,physics/d2/stlsq/none,12,physics,2,stlsq,none,60,"4,20,96",regen-v2,637c6b535a9e,dcd5d8f,local,269,55.43533013653674,359.542055509163,0.016666666666666666,0.9544777450072833,,False,37.9
ladder,physics/d2/stlsq/savgol,12,physics,2,stlsq,savgol,60,"4,20,96",regen-v2,637c6b535a9e,dcd5d8f,local,8,42.21792695439509,5.60077344014637,0.0,3.090691089822791,,False,37.6
ladder,physics/d2/stlsq/kalman,12,physics,2,stlsq,kalman,60,"4,20,96",regen-v2,637c6b535a9e,dcd5d8f,local,3,40.36956490142671,5.800059817318183,0.0,3.0933987075816254,,False,38.2
ladder,physics/d2/sr3/none,12,physics,2,sr3,none,60,"4,20,96",regen-v2,637c6b535a9e,dcd5d8f,local,161,55.43533013653674,1559.5238738338228,0.36666666666666664,2.4228289523786057,,False,19.2
ladder,physics/d2/sr3/savgol,12,physics,2,sr3,savgol,60,"4,20,96",regen-v2,637c6b535a9e,dcd5d8f,local,3,42.21792695439509,5.481297507976895,0.0,3.0887699772634756,,False,35.8
ladder,physics/d2/sr3/kalman,12,physics,2,sr3,kalman,60,"4,20,96",regen-v2,637c6b535a9e,dcd5d8f,local,3,40.36956490142671,6.473990536325802,0.0,3.09994823311549,,False,36.8
ladder,physics/d2/constrained/none,12,physics,2,constrained,none,60,"4,20,96",regen-v2,637c6b535a9e,dcd5d8f,local,161,55.43533013653674,1559.5238738338228,0.36666666666666664,2.4228289523786057,,False,19.3
ladder,physics/d2/constrained/savgol,12,physics,2,constrained,savgol,60,"4,20,96",regen-v2,637c6b535a9e,dcd5d8f,local,3,42.21792695439509,5.481297507976895,0.0,3.0887699772634756,,False,36.0
ladder,physics/d2/constrained/kalman,12,physics,2,constrained,kalman,60,"4,20,96",regen-v2,637c6b535a9e,dcd5d8f,local,3,40.36956490142671,6.473990536325802,0.0,3.09994823311549,,False,36.6
ladder,physics/d2/ensemble/none,12,physics,2,ensemble,none,60,"4,20,96",regen-v2,637c6b535a9e,dcd5d8f,local,255,55.43533013653674,590.8266053652175,0.6333333333333333,4.0800954107066545,,False,115.3
ladder,physics/d2/ensemble/savgol,12,physics,2,ensemble,savgol,60,"4,20,96",regen-v2,637c6b535a9e,dcd5d8f,local,8,42.21792695439509,5.583512545732756,0.0,3.090429606825148,,False,96.6
ladder,physics/d2/ensemble/kalman,12,physics,2,ensemble,kalman,60,"4,20,96",regen-v2,637c6b535a9e,dcd5d8f,local,3,40.36956490142671,5.779183872693269,0.0,3.0931385982645363,,False,94.9
ladder,physics_no_cross/d1/stlsq/none,12,physics_no_cross,1,stlsq,none,60,"4,20,96",regen-v2,637c6b535a9e,dcd5d8f,local,27,24.630044138148275,14.986013863704647,0.03333333333333333,1.7482449571792689,,True,3.5
ladder,physics_no_cross/d1/stlsq/savgol,12,physics_no_cross,1,stlsq,savgol,60,"4,20,96",regen-v2,637c6b535a9e,dcd5d8f,local,3,13.360521485628082,5.60077344014637,0.0,3.090691089822791,,True,3.6
ladder,physics_no_cross/d1/stlsq/kalman,12,physics_no_cross,1,stlsq,kalman,60,"4,20,96",regen-v2,637c6b535a9e,dcd5d8f,local,3,13.223577643497748,5.800059817318183,0.0,3.0933987075816254,,True,4.4
ladder,physics_no_cross/d1/sr3/none,12,physics_no_cross,1,sr3,none,60,"4,20,96",regen-v2,637c6b535a9e,dcd5d8f,local,9,24.630044138148275,4.364541769152225,0.0,2.9053744889811934,,True,3.6
ladder,physics_no_cross/d1/sr3/savgol,12,physics_no_cross,1,sr3,savgol,60,"4,20,96",regen-v2,637c6b535a9e,dcd5d8f,local,3,13.360521485628082,5.196098549601866,0.0,3.0826596235689636,,True,3.6
ladder,physics_no_cross/d1/sr3/kalman,12,physics_no_cross,1,sr3,kalman,60,"4,20,96",regen-v2,637c6b535a9e,dcd5d8f,local,3,13.223577643497748,6.285588733107203,0.0,3.0983962266583824,,True,4.5
ladder,physics_no_cross/d1/constrained/none,12,physics_no_cross,1,constrained,none,60,"4,20,96",regen-v2,637c6b535a9e,dcd5d8f,local,9,24.630044138148275,4.364541769152225,0.0,2.9053744889811934,,True,3.7
ladder,physics_no_cross/d1/constrained/savgol,12,physics_no_cross,1,constrained,savgol,60,"4,20,96",regen-v2,637c6b535a9e,dcd5d8f,local,3,13.360521485628082,5.196098549601866,0.0,3.0826596235689636,,True,3.6
ladder,physics_no_cross/d1/constrained/kalman,12,physics_no_cross,1,constrained,kalman,60,"4,20,96",regen-v2,637c6b535a9e,dcd5d8f,local,3,13.223577643497748,6.285588733107203,0.0,3.0983962266583824,,True,4.4
ladder,physics_no_cross/d1/ensemble/none,12,physics_no_cross,1,ensemble,none,60,"4,20,96",regen-v2,637c6b535a9e,dcd5d8f,local,27,24.630044138148275,14.202411621437994,0.03333333333333333,1.7527092447943426,,True,4.1
ladder,physics_no_cross/d1/ensemble/savgol,12,physics_no_cross,1,ensemble,savgol,60,"4,20,96",regen-v2,637c6b535a9e,dcd5d8f,local,3,13.360521485628082,5.60363091114475,0.0,3.09073390229573,,True,4.0
ladder,physics_no_cross/d1/ensemble/kalman,12,physics_no_cross,1,ensemble,kalman,60,"4,20,96",regen-v2,637c6b535a9e,dcd5d8f,local,3,13.223577643497748,5.808287865502248,0.0,3.0934999116626316,,True,4.8
ladder,physics_no_cross/d2/stlsq/none,12,physics_no_cross,2,stlsq,none,60,"4,20,96",regen-v2,637c6b535a9e,dcd5d8f,local,100,24.630044138148275,4.899943765693218,0.03333333333333333,1.0556697951624925,,False,23.9
ladder,physics_no_cross/d2/stlsq/savgol,12,physics_no_cross,2,stlsq,savgol,60,"4,20,96",regen-v2,637c6b535a9e,dcd5d8f,local,3,13.360521485628082,5.60077344014637,0.0,3.090691089822791,,False,25.1
ladder,physics_no_cross/d2/stlsq/kalman,12,physics_no_cross,2,stlsq,kalman,60,"4,20,96",regen-v2,637c6b535a9e,dcd5d8f,local,3,13.223577643497748,5.800059817318183,0.0,3.0933987075816254,,False,25.8
ladder,physics_no_cross/d2/sr3/none,12,physics_no_cross,2,sr3,none,60,"4,20,96",regen-v2,637c6b535a9e,dcd5d8f,local,43,24.630044138148275,2830.828266195191,0.08333333333333333,2.6737845158292424,,False,22.9
ladder,physics_no_cross/d2/sr3/savgol,12,physics_no_cross,2,sr3,savgol,60,"4,20,96",regen-v2,637c6b535a9e,dcd5d8f,local,3,13.360521485628082,5.573489545035403,0.0,3.0902754580217255,,False,24.4
ladder,physics_no_cross/d2/sr3/kalman,12,physics_no_cross,2,sr3,kalman,60,"4,20,96",regen-v2,637c6b535a9e,dcd5d8f,local,3,13.223577643497748,6.517359322337507,0.0,3.1002834463417734,,False,23.9
ladder,physics_no_cross/d2/constrained/none,12,physics_no_cross,2,constrained,none,60,"4,20,96",regen-v2,637c6b535a9e,dcd5d8f,local,43,24.630044138148275,2830.828266195191,0.08333333333333333,2.6737845158292424,,False,20.2
ladder,physics_no_cross/d2/constrained/savgol,12,physics_no_cross,2,constrained,savgol,60,"4,20,96",regen-v2,637c6b535a9e,dcd5d8f,local,3,13.360521485628082,5.573489545035403,0.0,3.0902754580217255,,False,18.6
ladder,physics_no_cross/d2/constrained/kalman,12,physics_no_cross,2,constrained,kalman,60,"4,20,96",regen-v2,637c6b535a9e,dcd5d8f,local,3,13.223577643497748,6.517359322337507,0.0,3.1002834463417734,,False,23.0
ladder,physics_no_cross/d2/ensemble/none,12,physics_no_cross,2,ensemble,none,60,"4,20,96",regen-v2,637c6b535a9e,dcd5d8f,local,98,24.630044138148275,652.2150344363334,0.25,2.2493554703504093,,False,52.5
ladder,physics_no_cross/d2/ensemble/savgol,12,physics_no_cross,2,ensemble,savgol,60,"4,20,96",regen-v2,637c6b535a9e,dcd5d8f,local,3,13.360521485628082,5.617157532019157,0.0,3.090934781336157,,False,46.2
ladder,physics_no_cross/d2/ensemble/kalman,12,physics_no_cross,2,ensemble,kalman,60,"4,20,96",regen-v2,637c6b535a9e,0d8dba2,local,3,13.223577643497748,5.816438652247421,0.0,3.093599448717131,,False,55.0
ladder,raw/d1/stlsq/none,13,raw,1,stlsq,none,60,"4,20,96",regen-v2,637c6b535a9e,0d8dba2,local,19,8.263270327127849,2.580177301457881,0.0,1.8787924846732744,,True,2.8
ladder,raw/d1/stlsq/savgol,13,raw,1,stlsq,savgol,60,"4,20,96",regen-v2,637c6b535a9e,0d8dba2,local,3,9.545986012701691,5.562149903462664,0.0,3.177533891708462,,True,3.0
ladder,raw/d1/stlsq/kalman,13,raw,1,stlsq,kalman,60,"4,20,96",regen-v2,637c6b535a9e,0d8dba2,local,3,8.2657549386382,5.772333092238016,0.0,3.1805153230409715,,True,3.9
ladder,raw/d1/sr3/none,13,raw,1,sr3,none,60,"4,20,96",regen-v2,637c6b535a9e,0d8dba2,local,6,8.263270327127849,4.118876703292206,0.0,2.511942536835294,,True,3.2
ladder,raw/d1/sr3/savgol,13,raw,1,sr3,savgol,60,"4,20,96",regen-v2,637c6b535a9e,0d8dba2,local,3,9.545986012701691,4.750728997332164,0.0,3.153527149710574,,True,3.2
ladder,raw/d1/sr3/kalman,13,raw,1,sr3,kalman,60,"4,20,96",regen-v2,637c6b535a9e,0d8dba2,local,3,8.2657549386382,5.695764146974667,0.0,3.179492553995633,,True,3.9
ladder,raw/d1/constrained/none,13,raw,1,constrained,none,60,"4,20,96",regen-v2,637c6b535a9e,0d8dba2,local,6,8.263270327127849,4.118876703292206,0.0,2.511942536835294,,True,3.2
ladder,raw/d1/constrained/savgol,13,raw,1,constrained,savgol,60,"4,20,96",regen-v2,637c6b535a9e,0d8dba2,local,3,9.545986012701691,4.750728997332164,0.0,3.153527149710574,,True,3.1
ladder,raw/d1/constrained/kalman,13,raw,1,constrained,kalman,60,"4,20,96",regen-v2,637c6b535a9e,0d8dba2,local,3,8.2657549386382,5.695764146974667,0.0,3.179492553995633,,True,3.9
ladder,raw/d1/ensemble/none,13,raw,1,ensemble,none,60,"4,20,96",regen-v2,637c6b535a9e,0d8dba2,local,19,8.263270327127849,2.585226257968445,0.0,1.8788643769597138,,True,3.6
ladder,raw/d1/ensemble/savgol,13,raw,1,ensemble,savgol,60,"4,20,96",regen-v2,637c6b535a9e,0d8dba2,local,3,9.545986012701691,5.5629612467379,0.0,3.1775465424793468,,True,3.5
ladder,raw/d1/ensemble/kalman,13,raw,1,ensemble,kalman,60,"4,20,96",regen-v2,637c6b535a9e,0d8dba2,local,3,8.2657549386382,5.747224508202178,0.0,3.180187120855153,,True,4.3
ladder,raw/d2/stlsq/none,13,raw,2,stlsq,none,60,"4,20,96",regen-v2,637c6b535a9e,0d8dba2,local,50,8.263270327127849,2.569579090500774,0.016666666666666666,1.0862469032514563,,False,17.4
ladder,raw/d2/stlsq/savgol,13,raw,2,stlsq,savgol,60,"4,20,96",regen-v2,637c6b535a9e,0d8dba2,local,3,9.545986012701691,5.562149903462664,0.0,3.177533891708462,,False,17.5
ladder,raw/d2/stlsq/kalman,13,raw,2,stlsq,kalman,60,"4,20,96",regen-v2,637c6b535a9e,0d8dba2,local,3,8.2657549386382,5.772333092238016,0.0,3.1805153230409715,,False,17.0
ladder,raw/d2/sr3/none,13,raw,2,sr3,none,60,"4,20,96",regen-v2,637c6b535a9e,0d8dba2,local,7,8.263270327127849,4.585485364491173,0.0,2.4611760305418438,,False,15.5
ladder,raw/d2/sr3/savgol,13,raw,2,sr3,savgol,60,"4,20,96",regen-v2,637c6b535a9e,0d8dba2,local,3,9.545986012701691,4.787239854518919,0.0,3.155709167504438,,False,15.1
ladder,raw/d2/sr3/kalman,13,raw,2,sr3,kalman,60,"4,20,96",regen-v2,637c6b535a9e,0d8dba2,local,3,8.2657549386382,5.701128252085746,0.0,3.1795663847225373,,False,16.3
ladder,raw/d2/constrained/none,13,raw,2,constrained,none,60,"4,20,96",regen-v2,637c6b535a9e,0d8dba2,local,7,8.263270327127849,4.585485364491173,0.0,2.4611760305418438,,False,15.7
ladder,raw/d2/constrained/savgol,13,raw,2,constrained,savgol,60,"4,20,96",regen-v2,637c6b535a9e,0d8dba2,local,3,9.545986012701691,4.787239854518919,0.0,3.155709167504438,,False,17.0
ladder,raw/d2/constrained/kalman,13,raw,2,constrained,kalman,60,"4,20,96",regen-v2,637c6b535a9e,0d8dba2,local,3,8.2657549386382,5.701128252085746,0.0,3.1795663847225373,,False,16.0
ladder,raw/d2/ensemble/none,13,raw,2,ensemble,none,60,"4,20,96",regen-v2,637c6b535a9e,0d8dba2,local,52,8.263270327127849,2.0325042521123846,0.0,1.0874051860009595,,False,28.4
ladder,raw/d2/ensemble/savgol,13,raw,2,ensemble,savgol,60,"4,20,96",regen-v2,637c6b535a9e,0d8dba2,local,3,9.545986012701691,5.573892566053203,0.0,3.1777160175631054,,False,28.6
ladder,raw/d2/ensemble/kalman,13,raw,2,ensemble,kalman,60,"4,20,96",regen-v2,637c6b535a9e,0d8dba2,local,3,8.2657549386382,5.8092211993129865,0.0,3.180985549855822,,False,28.7
ladder,physics/d1/stlsq/none,13,physics,1,stlsq,none,60,"4,20,96",regen-v2,637c6b535a9e,0d8dba2,local,41,57.6507941482927,25.056946981969862,0.08333333333333333,1.6939713966476804,,True,3.8
ladder,physics/d1/stlsq/savgol,13,physics,1,stlsq,savgol,60,"4,20,96",regen-v2,637c6b535a9e,0d8dba2,local,3,46.82438523325729,5.562149903462664,0.0,3.177533891708462,,True,4.2
ladder,physics/d1/stlsq/kalman,13,physics,1,stlsq,kalman,60,"4,20,96",regen-v2,637c6b535a9e,0d8dba2,local,3,45.022561716970785,5.772333092238016,0.0,3.1805153230409715,,True,5.0
ladder,physics/d1/sr3/none,13,physics,1,sr3,none,60,"4,20,96",regen-v2,637c6b535a9e,0d8dba2,local,17,57.6507941482927,3221.278896504215,0.23333333333333334,2.356592569576561,,True,3.2
ladder,physics/d1/sr3/savgol,13,physics,1,sr3,savgol,60,"4,20,96",regen-v2,637c6b535a9e,0d8dba2,local,3,46.82438523325729,4.908166609006759,0.0,3.16150512862963,,True,4.2
ladder,physics/d1/sr3/kalman,13,physics,1,sr3,kalman,60,"4,20,96",regen-v2,637c6b535a9e,0d8dba2,local,3,45.022561716970785,6.466389575988964,0.0,3.187639731878717,,True,5.0
ladder,physics/d1/constrained/none,13,physics,1,constrained,none,60,"4,20,96",regen-v2,637c6b535a9e,0d8dba2,local,17,57.6507941482927,3221.278896504215,0.23333333333333334,2.356592569576561,,True,2.8
ladder,physics/d1/constrained/savgol,13,physics,1,constrained,savgol,60,"4,20,96",regen-v2,637c6b535a9e,0d8dba2,local,3,46.82438523325729,4.908166609006759,0.0,3.16150512862963,,True,4.0
ladder,physics/d1/constrained/kalman,13,physics,1,constrained,kalman,60,"4,20,96",regen-v2,637c6b535a9e,0d8dba2,local,3,45.022561716970785,6.466389575988964,0.0,3.187639731878717,,True,5.0
ladder,physics/d1/ensemble/none,13,physics,1,ensemble,none,60,"4,20,96",regen-v2,637c6b535a9e,0d8dba2,local,41,57.6507941482927,24.06661348171275,0.08333333333333333,1.6972364487368967,,True,4.7
ladder,physics/d1/ensemble/savgol,13,physics,1,ensemble,savgol,60,"4,20,96",regen-v2,637c6b535a9e,0d8dba2,local,3,46.82438523325729,5.572308944040748,0.0,3.177691576841142,,True,4.8
ladder,physics/d1/ensemble/kalman,13,physics,1,ensemble,kalman,60,"4,20,96",regen-v2,637c6b535a9e,0d8dba2,local,3,45.022561716970785,5.775346040802754,0.0,3.18055425542887,,True,5.6
ladder,physics/d2/stlsq/none,13,physics,2,stlsq,none,60,"4,20,96",regen-v2,637c6b535a9e,0d8dba2,local,312,57.6507941482927,7.116637503777691,0.03333333333333333,0.9124777672696205,,False,37.5
ladder,physics/d2/stlsq/savgol,13,physics,2,stlsq,savgol,60,"4,20,96",regen-v2,637c6b535a9e,0d8dba2,local,5,46.82438523325729,5.562149903462664,0.0,3.177533891708462,,False,37.0
ladder,physics/d2/stlsq/kalman,13,physics,2,stlsq,kalman,60,"4,20,96",regen-v2,637c6b535a9e,0d8dba2,local,3,45.022561716970785,5.772333092238016,0.0,3.1805153230409715,,False,38.0
ladder,physics/d2/sr3/none,13,physics,2,sr3,none,60,"4,20,96",regen-v2,637c6b535a9e,0d8dba2,local,161,57.6507941482927,540.8006259355197,0.4666666666666667,5.296530826750732,,False,16.5
ladder,physics/d2/sr3/savgol,13,physics,2,sr3,savgol,60,"4,20,96",regen-v2,637c6b535a9e,0d8dba2,local,3,46.82438523325729,4.729803227710986,0.0,3.1521529335846417,,False,35.9
ladder,physics/d2/sr3/kalman,13,physics,2,sr3,kalman,60,"4,20,96",regen-v2,637c6b535a9e,0d8dba2,local,3,45.022561716970785,6.059881259703662,0.0,3.183858723387999,,False,37.3
ladder,physics/d2/constrained/none,13,physics,2,constrained,none,60,"4,20,96",regen-v2,637c6b535a9e,0d8dba2,local,161,57.6507941482927,540.8006259355197,0.4666666666666667,5.296530826750732,,False,17.4
ladder,physics/d2/constrained/savgol,13,physics,2,constrained,savgol,60,"4,20,96",regen-v2,637c6b535a9e,0d8dba2,local,3,46.82438523325729,4.729803227710986,0.0,3.1521529335846417,,False,34.3
ladder,physics/d2/constrained/kalman,13,physics,2,constrained,kalman,60,"4,20,96",regen-v2,637c6b535a9e,0d8dba2,local,3,45.022561716970785,6.059881259703662,0.0,3.183858723387999,,False,32.7
ladder,physics/d2/ensemble/none,13,physics,2,ensemble,none,60,"4,20,96",regen-v2,637c6b535a9e,0d8dba2,local,282,57.6507941482927,18660.996160939085,0.9666666666666667,56.409855003080594,,False,119.0
ladder,physics/d2/ensemble/savgol,13,physics,2,ensemble,savgol,60,"4,20,96",regen-v2,637c6b535a9e,0d8dba2,local,7,46.82438523325729,14.72677428234663,0.0,3.2265325906675817,,False,82.4
ladder,physics/d2/ensemble/kalman,13,physics,2,ensemble,kalman,60,"4,20,96",regen-v2,637c6b535a9e,0d8dba2,local,3,45.022561716970785,5.80401349543458,0.0,3.180920001279815,,False,105.3
ladder,physics_no_cross/d1/stlsq/none,13,physics_no_cross,1,stlsq,none,60,"4,20,96",regen-v2,637c6b535a9e,0d8dba2,local,29,27.045989686843882,2.9048525858775087,0.0,1.7523909898623407,,True,3.6
ladder,physics_no_cross/d1/stlsq/savgol,13,physics_no_cross,1,stlsq,savgol,60,"4,20,96",regen-v2,637c6b535a9e,0d8dba2,local,3,14.336535948472669,5.562149903462664,0.0,3.177533891708462,,True,3.5
ladder,physics_no_cross/d1/stlsq/kalman,13,physics_no_cross,1,stlsq,kalman,60,"4,20,96",regen-v2,637c6b535a9e,0d8dba2,local,3,14.469144744460836,5.772333092238016,0.0,3.1805153230409715,,True,4.5
ladder,physics_no_cross/d1/sr3/none,13,physics_no_cross,1,sr3,none,60,"4,20,96",regen-v2,637c6b535a9e,0d8dba2,local,9,27.045989686843882,3.9798661593423215,0.0,2.9023454363311867,,True,3.6
ladder,physics_no_cross/d1/sr3/savgol,13,physics_no_cross,1,sr3,savgol,60,"4,20,96",regen-v2,637c6b535a9e,0d8dba2,local,3,14.336535948472669,4.906836901464913,0.0,3.161450589111261,,True,3.7
ladder,physics_no_cross/d1/sr3/kalman,13,physics_no_cross,1,sr3,kalman,60,"4,20,96",regen-v2,637c6b535a9e,0d8dba2,local,3,14.469144744460836,6.271773620640233,0.0,3.1859399669369215,,True,4.3
ladder,physics_no_cross/d1/constrained/none,13,physics_no_cross,1,constrained,none,60,"4,20,96",regen-v2,637c6b535a9e,0d8dba2,local,9,27.045989686843882,3.9798661593423215,0.0,2.9023454363311867,,True,3.5
ladder,physics_no_cross/d1/constrained/savgol,13,physics_no_cross,1,constrained,savgol,60,"4,20,96",regen-v2,637c6b535a9e,0d8dba2,local,3,14.336535948472669,4.906836901464913,0.0,3.161450589111261,,True,3.4
ladder,physics_no_cross/d1/constrained/kalman,13,physics_no_cross,1,constrained,kalman,60,"4,20,96",regen-v2,637c6b535a9e,0d8dba2,local,3,14.469144744460836,6.271773620640233,0.0,3.1859399669369215,,True,4.1
ladder,physics_no_cross/d1/ensemble/none,13,physics_no_cross,1,ensemble,none,60,"4,20,96",regen-v2,637c6b535a9e,0d8dba2,local,29,27.045989686843882,2.961755038664798,0.0,1.7551146775314426,,True,3.9
ladder,physics_no_cross/d1/ensemble/savgol,13,physics_no_cross,1,ensemble,savgol,60,"4,20,96",regen-v2,637c6b535a9e,0d8dba2,local,3,14.336535948472669,5.550220682966912,0.0,3.1773467205163115,,True,3.8
ladder,physics_no_cross/d1/ensemble/kalman,13,physics_no_cross,1,ensemble,kalman,60,"4,20,96",regen-v2,637c6b535a9e,0d8dba2,local,3,14.469144744460836,5.739577914189107,0.0,3.1800858108372747,,True,4.5
ladder,physics_no_cross/d2/stlsq/none,13,physics_no_cross,2,stlsq,none,60,"4,20,96",regen-v2,637c6b535a9e,0d8dba2,local,115,27.045989686843882,73.97417985147156,0.03333333333333333,1.0135304984723645,,False,22.4
ladder,physics_no_cross/d2/stlsq/savgol,13,physics_no_cross,2,stlsq,savgol,60,"4,20,96",regen-v2,637c6b535a9e,0d8dba2,local,3,14.336535948472669,5.562149903462664,0.0,3.177533891708462,,False,22.5
ladder,physics_no_cross/d2/stlsq/kalman,13,physics_no_cross,2,stlsq,kalman,60,"4,20,96",regen-v2,637c6b535a9e,0d8dba2,local,3,14.469144744460836,5.772333092238016,0.0,3.1805153230409715,,False,23.8
ladder,physics_no_cross/d2/sr3/none,13,physics_no_cross,2,sr3,none,60,"4,20,96",regen-v2,637c6b535a9e,0d8dba2,local,55,27.045989686843882,852.0264961773746,0.38333333333333336,6.147336653508897,,False,13.0
ladder,physics_no_cross/d2/sr3/savgol,13,physics_no_cross,2,sr3,savgol,60,"4,20,96",regen-v2,637c6b535a9e,a68c4b3,local,3,14.336535948472669,4.891304518651554,0.0,3.1608007128296705,,False,23.6
ladder,physics_no_cross/d2/sr3/kalman,13,physics_no_cross,2,sr3,kalman,60,"4,20,96",regen-v2,637c6b535a9e,a68c4b3,local,3,14.469144744460836,6.063224456554948,0.0,3.183893753126075,,False,22.3
ladder,physics_no_cross/d2/constrained/none,13,physics_no_cross,2,constrained,none,60,"4,20,96",regen-v2,637c6b535a9e,a68c4b3,local,55,27.045989686843882,852.0264961773746,0.38333333333333336,6.147336653508897,,False,15.1
ladder,physics_no_cross/d2/constrained/savgol,13,physics_no_cross,2,constrained,savgol,60,"4,20,96",regen-v2,637c6b535a9e,a68c4b3,local,3,14.336535948472669,4.891304518651554,0.0,3.1608007128296705,,False,26.0
ladder,physics_no_cross/d2/constrained/kalman,13,physics_no_cross,2,constrained,kalman,60,"4,20,96",regen-v2,637c6b535a9e,a68c4b3,local,3,14.469144744460836,6.063224456554948,0.0,3.183893753126075,,False,24.2
ladder,physics_no_cross/d2/ensemble/none,13,physics_no_cross,2,ensemble,none,60,"4,20,96",regen-v2,637c6b535a9e,a68c4b3,local,109,27.045989686843882,42774.611935217705,0.48333333333333334,3.322549403404082,,False,38.9
ladder,physics_no_cross/d2/ensemble/savgol,13,physics_no_cross,2,ensemble,savgol,60,"4,20,96",regen-v2,637c6b535a9e,a68c4b3,local,3,14.336535948472669,5.554305381923638,0.0,3.177411057288242,,False,38.0
ladder,physics_no_cross/d2/ensemble/kalman,13,physics_no_cross,2,ensemble,kalman,60,"4,20,96",regen-v2,637c6b535a9e,a68c4b3,local,3,14.469144744460836,5.837472733468594,0.0,3.181336519770182,,False,38.4
ladder,raw/d1/stlsq/none,14,raw,1,stlsq,none,60,"4,20,96",regen-v2,637c6b535a9e,a68c4b3,local,20,8.032783286323648,2.7022993373793662,0.0,1.9054324616514449,,True,2.1
ladder,raw/d1/stlsq/savgol,14,raw,1,stlsq,savgol,60,"4,20,96",regen-v2,637c6b535a9e,a68c4b3,local,3,9.093993867722537,6.1155337234174905,0.0,3.2618346681059434,,True,2.1
ladder,raw/d1/stlsq/kalman,14,raw,1,stlsq,kalman,60,"4,20,96",regen-v2,637c6b535a9e,a68c4b3,local,3,8.617641897009483,6.290121843388338,0.0,3.2645506882797783,,True,3.8
ladder,raw/d1/sr3/none,14,raw,1,sr3,none,60,"4,20,96",regen-v2,637c6b535a9e,a68c4b3,local,6,8.032783286323648,4.068005795231523,0.0,2.4871425069794495,,True,3.1
ladder,raw/d1/sr3/savgol,14,raw,1,sr3,savgol,60,"4,20,96",regen-v2,637c6b535a9e,a68c4b3,local,3,9.093993867722537,5.567622635405749,0.0,3.2458164814781467,,True,3.2
ladder,raw/d1/sr3/kalman,14,raw,1,sr3,kalman,60,"4,20,96",regen-v2,637c6b535a9e,a68c4b3,local,3,8.617641897009483,6.261681303235216,0.0,3.2641430396683107,,True,4.0
ladder,raw/d1/constrained/none,14,raw,1,constrained,none,60,"4,20,96",regen-v2,637c6b535a9e,a68c4b3,local,6,8.032783286323648,4.068005795231523,0.0,2.4871425069794495,,True,2.7
ladder,raw/d1/constrained/savgol,14,raw,1,constrained,savgol,60,"4,20,96",regen-v2,637c6b535a9e,a68c4b3,local,3,9.093993867722537,5.567622635405749,0.0,3.2458164814781467,,True,2.3
ladder,raw/d1/constrained/kalman,14,raw,1,constrained,kalman,60,"4,20,96",regen-v2,637c6b535a9e,a68c4b3,local,3,8.617641897009483,6.261681303235216,0.0,3.2641430396683107,,True,2.6
ladder,raw/d1/ensemble/none,14,raw,1,ensemble,none,60,"4,20,96",regen-v2,637c6b535a9e,a68c4b3,local,21,8.032783286323648,2.606683530824162,0.0,1.8967906262068153,,True,2.4
ladder,raw/d1/ensemble/savgol,14,raw,1,ensemble,savgol,60,"4,20,96",regen-v2,637c6b535a9e,a68c4b3,local,3,9.093993867722537,6.08356810709626,0.0,3.26127359519417,,True,2.3
ladder,raw/d1/ensemble/kalman,14,raw,1,ensemble,kalman,60,"4,20,96",regen-v2,637c6b535a9e,a68c4b3,local,3,8.617641897009483,6.314753545705834,0.0,3.264894323176683,,True,2.8
ladder,raw/d2/stlsq/none,14,raw,2,stlsq,none,60,"4,20,96",regen-v2,637c6b535a9e,a68c4b3,local,51,8.032783286323648,2.0678753300076895,0.0,1.1598213236823813,,False,10.7
ladder,raw/d2/stlsq/savgol,14,raw,2,stlsq,savgol,60,"4,20,96",regen-v2,637c6b535a9e,a68c4b3,local,3,9.093993867722537,6.1155337234174905,0.0,3.2618346681059434,,False,10.5
ladder,raw/d2/stlsq/kalman,14,raw,2,stlsq,kalman,60,"4,20,96",regen-v2,637c6b535a9e,a68c4b3,local,3,8.617641897009483,6.290121843388338,0.0,3.2645506882797783,,False,11.0
ladder,raw/d2/sr3/none,14,raw,2,sr3,none,60,"4,20,96",regen-v2,637c6b535a9e,a68c4b3,local,6,8.032783286323648,4.559411222486381,0.0,2.4352357801155375,,False,10.5
ladder,raw/d2/sr3/savgol,14,raw,2,sr3,savgol,60,"4,20,96",regen-v2,637c6b535a9e,a68c4b3,local,3,9.093993867722537,5.633882759222809,0.0,3.249076986749166,,False,10.4
ladder,raw/d2/sr3/kalman,14,raw,2,sr3,kalman,60,"4,20,96",regen-v2,637c6b535a9e,a68c4b3,local,3,8.617641897009483,6.374346054735091,0.0,3.265692216435065,,False,10.9
ladder,raw/d2/constrained/none,14,raw,2,constrained,none,60,"4,20,96",regen-v2,637c6b535a9e,a68c4b3,local,6,8.032783286323648,4.559411222486381,0.0,2.4352357801155375,,False,10.2
ladder,raw/d2/constrained/savgol,14,raw,2,constrained,savgol,60,"4,20,96",regen-v2,637c6b535a9e,a68c4b3,local,3,9.093993867722537,5.633882759222809,0.0,3.249076986749166,,False,10.6
ladder,raw/d2/constrained/kalman,14,raw,2,constrained,kalman,60,"4,20,96",regen-v2,637c6b535a9e,a68c4b3,local,3,8.617641897009483,6.374346054735091,0.0,3.265692216435065,,False,11.0
ladder,raw/d2/ensemble/none,14,raw,2,ensemble,none,60,"4,20,96",regen-v2,637c6b535a9e,a68c4b3,local,49,8.032783286323648,2.096192514967116,0.0,1.1642029117228956,,False,22.3
ladder,raw/d2/ensemble/savgol,14,raw,2,ensemble,savgol,60,"4,20,96",regen-v2,637c6b535a9e,a68c4b3,local,3,9.093993867722537,6.1607628521222635,0.0,3.2625912813312397,,False,21.4
ladder,raw/d2/ensemble/kalman,14,raw,2,ensemble,kalman,60,"4,20,96",regen-v2,637c6b535a9e,a68c4b3,local,3,8.617641897009483,6.317656486379938,0.0,3.2649342680915683,,False,22.2
ladder,physics/d1/stlsq/none,14,physics,1,stlsq,none,60,"4,20,96",regen-v2,637c6b535a9e,a68c4b3,local,36,50.934780325139954,21.70288163838524,0.05,1.7261612187643538,,True,2.6
ladder,physics/d1/stlsq/savgol,14,physics,1,stlsq,savgol,60,"4,20,96",regen-v2,637c6b535a9e,a68c4b3,local,3,41.562711804073274,6.1155337234174905,0.0,3.2618346681059434,,True,2.7
ladder,physics/d1/stlsq/kalman,14,physics,1,stlsq,kalman,60,"4,20,96",regen-v2,637c6b535a9e,a68c4b3,local,3,39.49210600360319,6.290121843388338,0.0,3.2645506882797783,,True,3.3
ladder,physics/d1/sr3/none,14,physics,1,sr3,none,60,"4,20,96",regen-v2,637c6b535a9e,a68c4b3,local,17,50.934780325139954,229.83904212611978,0.1,2.3096491612153702,,True,2.5
ladder,physics/d1/sr3/savgol,14,physics,1,sr3,savgol,60,"4,20,96",regen-v2,637c6b535a9e,a68c4b3,local,3,41.562711804073274,5.4775533249785,0.0,3.239654809967273,,True,2.7
ladder,physics/d1/sr3/kalman,14,physics,1,sr3,kalman,60,"4,20,96",regen-v2,637c6b535a9e,a68c4b3,local,3,39.49210600360319,6.487208927017828,0.0,3.2670890202940255,,True,3.2
ladder,physics/d1/constrained/none,14,physics,1,constrained,none,60,"4,20,96",regen-v2,637c6b535a9e,a68c4b3,local,17,50.934780325139954,229.83904212611978,0.1,2.3096491612153702,,True,2.5
ladder,physics/d1/constrained/savgol,14,physics,1,constrained,savgol,60,"4,20,96",regen-v2,637c6b535a9e,a68c4b3,local,3,41.562711804073274,5.4775533249785,0.0,3.239654809967273,,True,2.7
ladder,physics/d1/constrained/kalman,14,physics,1,constrained,kalman,60,"4,20,96",regen-v2,637c6b535a9e,a68c4b3,local,3,39.49210600360319,6.487208927017828,0.0,3.2670890202940255,,True,3.2
ladder,physics/d1/ensemble/none,14,physics,1,ensemble,none,60,"4,20,96",regen-v2,637c6b535a9e,a68c4b3,local,36,50.934780325139954,24.453011858913644,0.06666666666666667,1.7289339794927825,,True,3.3
ladder,physics/d1/ensemble/savgol,14,physics,1,ensemble,savgol,60,"4,20,96",regen-v2,637c6b535a9e,a68c4b3,local,3,41.562711804073274,6.087681944688892,0.0,3.261347104384639,,True,3.3
ladder,physics/d1/ensemble/kalman,14,physics,1,ensemble,kalman,60,"4,20,96",regen-v2,637c6b535a9e,a68c4b3,local,3,39.49210600360319,6.311859202102025,0.0,3.264854382050332,,True,3.7
ladder,physics/d2/stlsq/none,14,physics,2,stlsq,none,60,"4,20,96",regen-v2,637c6b535a9e,a68c4b3,local,264,50.934780325139954,2.0082541180067897,0.0,0.9740380389390058,,False,29.5
ladder,physics/d2/stlsq/savgol,14,physics,2,stlsq,savgol,60,"4,20,96",regen-v2,637c6b535a9e,a68c4b3,local,13,41.562711804073274,4.943884312144078,0.0,3.2370014014102977,,False,36.8
ladder,physics/d2/stlsq/kalman,14,physics,2,stlsq,kalman,60,"4,20,96",regen-v2,637c6b535a9e,a68c4b3,local,3,39.49210600360319,6.290121843388338,0.0,3.2645506882797783,,False,38.2
ladder,physics/d2/sr3/none,14,physics,2,sr3,none,60,"4,20,96",regen-v2,637c6b535a9e,a68c4b3,local,140,50.934780325139954,1563.5204289576543,0.3333333333333333,4.426062481105027,,False,18.9
ladder,physics/d2/sr3/savgol,14,physics,2,sr3,savgol,60,"4,20,96",regen-v2,637c6b535a9e,a68c4b3,local,3,41.562711804073274,5.8930468287305136,0.0,3.2573450640085326,,False,25.5
ladder,physics/d2/sr3/kalman,14,physics,2,sr3,kalman,60,"4,20,96",regen-v2,637c6b535a9e,a68c4b3,local,3,39.49210600360319,6.922003204736896,0.0,3.2714661881714022,,False,35.3
ladder,physics/d2/constrained/none,14,physics,2,constrained,none,60,"4,20,96",regen-v2,637c6b535a9e,546e783,local,140,50.934780325139954,1563.5204289576543,0.3333333333333333,4.426062481105027,,False,18.4
ladder,physics/d2/constrained/savgol,14,physics,2,constrained,savgol,60,"4,20,96",regen-v2,637c6b535a9e,546e783,local,3,41.562711804073274,5.8930468287305136,0.0,3.2573450640085326,,False,21.9
ladder,physics/d2/constrained/kalman,14,physics,2,constrained,kalman,60,"4,20,96",regen-v2,637c6b535a9e,546e783,local,3,39.49210600360319,6.922003204736896,0.0,3.2714661881714022,,False,23.0
ladder,physics/d2/ensemble/none,14,physics,2,ensemble,none,60,"4,20,96",regen-v2,637c6b535a9e,546e783,local,248,50.934780325139954,770.8244330050252,0.5833333333333334,17.711037777511347,,False,141.1
ladder,physics/d2/ensemble/savgol,14,physics,2,ensemble,savgol,60,"4,20,96",regen-v2,637c6b535a9e,546e783,local,12,41.562711804073274,6.035299192373713,0.0,3.2603802167801472,,False,109.8
